Job is using 1 GPU(s) with ID(s) 0 and 8 CPU core(s)
torch cuda is available: True
/net/scratch/q12628ct/semantic-decoding/decoding/utils_ridge/interpdata.py:159: RuntimeWarning: invalid value encountered in divide
  val = window * np.sin(np.pi*t) * np.sin(np.pi*t/window) / (np.pi**2 * t**2)
/net/scratch/q12628ct/semantic-decoding/decoding/utils_ridge/interpdata.py:159: RuntimeWarning: invalid value encountered in divide
  val = window * np.sin(np.pi*t) * np.sin(np.pi*t/window) / (np.pi**2 * t**2)
/net/scratch/q12628ct/semantic-decoding/decoding/utils_ridge/interpdata.py:159: RuntimeWarning: invalid value encountered in divide
  val = window * np.sin(np.pi*t) * np.sin(np.pi*t/window) / (np.pi**2 * t**2)
[nltk_data] Downloading package wordnet to /mnt/iusers01/fse-
[nltk_data]     ugpgt01/compsci01/q12628ct/nltk_data...
[nltk_data]   Package wordnet is already up-to-date!
[nltk_data] Downloading package punkt_tab to /mnt/iusers01/fse-
[nltk_data]     ugpgt01/compsci01/q12628ct/nltk_data...
[nltk_data]   Package punkt_tab is already up-to-date!
[nltk_data] Downloading package omw-1.4 to /mnt/iusers01/fse-
[nltk_data]     ugpgt01/compsci01/q12628ct/nltk_data...
[nltk_data]   Package omw-1.4 is already up-to-date!
/mnt/iusers01/fse-ugpgt01/compsci01/q12628ct/.conda/envs/semantic-decoding/lib/python3.10/site-packages/huggingface_hub/file_download.py:945: FutureWarning: `resume_download` is deprecated and will be removed in version 1.0.0. Downloads always resume when possible. If you want to force a new download, use `force_download=True`.
  warnings.warn(
Some weights of the model checkpoint at roberta-large were not used when initializing RobertaModel: ['lm_head.dense.weight', 'lm_head.dense.bias', 'lm_head.layer_norm.bias', 'lm_head.bias', 'lm_head.layer_norm.weight']
- This IS expected if you are initializing RobertaModel from the checkpoint of a model trained on another task or with another architecture (e.g. initializing a BertForSequenceClassification model from a BertForPreTraining model).
- This IS NOT expected if you are initializing RobertaModel from the checkpoint of a model that you expect to be exactly identical (initializing a BertForSequenceClassification model from a BertForSequenceClassification model).
Some weights of RobertaModel were not initialized from the model checkpoint at roberta-large and are newly initialized: ['roberta.pooler.dense.weight', 'roberta.pooler.dense.bias']
You should probably TRAIN this model on a down-stream task to be able to use it for predictions and inference.
wheretheressmoke
WER
[0.03792729 0.03575095 0.03855945 0.04067612 0.03707742 0.03403798
 0.03566701 0.03674581 0.03518787 0.03448472 0.02805015 0.03974993
 0.02912216 0.02931177 0.0430978  0.03276831 0.03484854 0.03181
 0.04119863 0.03482477 0.03286776 0.03940239 0.03575705 0.03624201
 0.03823994 0.03406435 0.03737574 0.03280841 0.03836935 0.03565915
 0.04402785 0.04050987 0.03904087 0.03765469 0.03303999 0.03694264
 0.03660596 0.03980853 0.03779868 0.03722559 0.03373283 0.03522171
 0.03561987 0.03524696 0.03798956 0.03895823 0.03568776 0.03731775
 0.0416922  0.03976682 0.03843928 0.0378588  0.03565442 0.03408905
 0.0390958  0.03086728 0.03008733 0.04010815 0.03151779 0.03642956
 0.03608372 0.03462756 0.03500354 0.03726856 0.03894329 0.03842371
 0.03626744 0.03577305 0.03075746 0.03877356 0.03936662 0.03900345
 0.03555807 0.03923657 0.02979489 0.03875743 0.03728454 0.03478934
 0.0355732  0.03858006 0.03488741 0.03935896 0.03304633 0.03804745
 0.03353068 0.03287405 0.03659022 0.03934773 0.03235203 0.03515482
 0.03466116 0.0374906  0.03858897 0.03521393 0.03166898 0.03316441
 0.04181808 0.03578668 0.03785803 0.03561632 0.03180458 0.03383387
 0.04000237 0.03775896 0.0368438  0.03660427 0.03748894 0.04338232
 0.03673383 0.03709526 0.0381195  0.03626235 0.03467352 0.03832839
 0.03610188 0.03562931 0.03719105 0.04066485 0.03590167 0.03688534
 0.0345578  0.04837677 0.03820536 0.03494957 0.03326476 0.03894558
 0.03955377 0.03001819 0.03370789 0.03836871 0.03737828 0.03872798
 0.03932018 0.03545904 0.04446764 0.03629461 0.04140664 0.03583765
 0.03746868 0.03347331 0.03670472 0.03178511 0.03547506 0.03855051
 0.03718374 0.03886211 0.03504791 0.03446863 0.03813182 0.0351576
 0.03574756 0.03950672 0.04110373 0.04090633 0.0404025  0.0406423
 0.03332421 0.038505   0.03380983 0.03664285 0.03685478 0.04011949
 0.03175346 0.03543933 0.03540673 0.03534265 0.03778394 0.03589708
 0.02943676 0.03563625 0.03429627 0.04240761 0.03163835 0.03949391
 0.03783729 0.03809797 0.03309181 0.02807119 0.04420663 0.03725228
 0.03480514 0.03700413 0.02916048 0.03867514 0.03440176 0.0357392
 0.03363396 0.03625071 0.03999859 0.03103801 0.04015354 0.0322534
 0.03977714 0.03909801 0.03226569 0.03365778 0.03598313 0.03927127
 0.0425661  0.03533161]
wheretheressmoke
BLEU
[0.19265381 0.19306139 0.19094635 0.1944963  0.18635729 0.18748733
 0.20057781 0.18880352 0.19249988 0.17962213 0.17546    0.19341377
 0.17625733 0.17461279 0.19749611 0.18002004 0.18284059 0.18844672
 0.19215916 0.19036479 0.18649845 0.2000171  0.18137834 0.18454805
 0.17714974 0.19181905 0.18062099 0.18093338 0.19192897 0.18406185
 0.19955544 0.19286107 0.19753309 0.18112332 0.18637601 0.19168969
 0.19766496 0.19646712 0.2017138  0.19883144 0.18459954 0.19341553
 0.17886706 0.1749729  0.193881   0.18486993 0.17890386 0.19629586
 0.19954278 0.19617369 0.19757622 0.1903366  0.18278223 0.18644341
 0.19781572 0.18094081 0.18093849 0.19305364 0.18285402 0.18235455
 0.18724977 0.19012722 0.18667177 0.18418414 0.18511349 0.19358389
 0.18803526 0.18914175 0.18734034 0.19113347 0.19747377 0.19460009
 0.18193383 0.19634124 0.17874683 0.19422085 0.19025984 0.18462109
 0.18276428 0.18767928 0.18167332 0.19913295 0.19334201 0.18453829
 0.19071137 0.18957957 0.18868685 0.20117188 0.18845381 0.18823197
 0.18401865 0.18632009 0.19141475 0.19745514 0.18795823 0.18775939
 0.19608555 0.18327566 0.1875604  0.17986782 0.18183142 0.18260181
 0.19288918 0.18595719 0.18528529 0.18493881 0.18339214 0.20043574
 0.18786986 0.19509139 0.1886291  0.19214283 0.18878787 0.18536428
 0.1930796  0.18275894 0.18916464 0.19005471 0.18939182 0.18664671
 0.18869918 0.20294744 0.19429839 0.18410503 0.18489527 0.18579265
 0.18695096 0.17808742 0.17896439 0.19973519 0.18766598 0.19022044
 0.18929775 0.18126654 0.19084403 0.18090096 0.19200508 0.19158805
 0.19424838 0.18069868 0.19525718 0.18141659 0.18204078 0.19210811
 0.20160483 0.19108641 0.19189545 0.18264604 0.19461694 0.18954118
 0.18864393 0.20192308 0.1868093  0.20046462 0.19300009 0.20023849
 0.18187986 0.17693522 0.18102949 0.18916257 0.19103229 0.19486147
 0.18504445 0.18677156 0.18110008 0.19113572 0.18692628 0.18384927
 0.18337214 0.18880373 0.18993107 0.18991842 0.1775219  0.20364517
 0.18756604 0.18583767 0.18872901 0.18310012 0.19429681 0.18939414
 0.19817329 0.18713795 0.18278798 0.19308646 0.19567748 0.18252838
 0.18276171 0.18236285 0.19233601 0.18189062 0.18776818 0.19163276
 0.19497162 0.19021572 0.1781362  0.18932735 0.1787365  0.18881117
 0.1959107  0.17309693]
wheretheressmoke
METEOR
[0.13819194 0.14046034 0.13580497 0.14714552 0.13385212 0.13751533
 0.14016322 0.13733046 0.14337732 0.12897648 0.13193278 0.1425778
 0.13104839 0.13396341 0.14109775 0.13145524 0.13572666 0.13663536
 0.13625589 0.13291949 0.13482389 0.14221511 0.13826074 0.13784984
 0.12606261 0.13827187 0.13345095 0.1314521  0.13920775 0.13037062
 0.14806974 0.13891661 0.14075276 0.13540293 0.13355561 0.14032127
 0.14247978 0.14401192 0.14229274 0.13986156 0.13759197 0.13864155
 0.13012437 0.13107601 0.14175611 0.13734893 0.12728264 0.14044798
 0.14333633 0.14157006 0.14351894 0.13519522 0.13426    0.13629144
 0.14140209 0.1325     0.13291746 0.13907412 0.13375057 0.12965249
 0.13584013 0.1380002  0.13447839 0.13478354 0.13409059 0.14018363
 0.13627266 0.13874341 0.13399028 0.13644522 0.13936474 0.13901861
 0.13548214 0.14635147 0.12980661 0.14427541 0.13699209 0.1357369
 0.13484899 0.13880889 0.13076862 0.13977058 0.13887127 0.14094897
 0.13660296 0.14053005 0.14071041 0.14440879 0.13063957 0.13482098
 0.13451274 0.13545337 0.14051428 0.14358792 0.1360593  0.1327494
 0.13895126 0.13526779 0.13160867 0.13181625 0.13226036 0.13718134
 0.14173717 0.14023158 0.13406413 0.13370155 0.13102688 0.14331023
 0.13269051 0.1463349  0.14262608 0.14034705 0.1372345  0.1372398
 0.14022242 0.13247554 0.13879094 0.13518185 0.1399785  0.13388893
 0.13284208 0.14580927 0.14388824 0.13920555 0.13358461 0.13510088
 0.13620068 0.13049642 0.13439811 0.14153698 0.13741847 0.14061436
 0.13992809 0.13409297 0.14044599 0.13522149 0.14128729 0.13906161
 0.14110682 0.13786566 0.14216548 0.13344881 0.13122987 0.13763525
 0.14232314 0.14013202 0.13876686 0.13036493 0.13976663 0.13145767
 0.13207523 0.1417138  0.13731678 0.15028908 0.14105659 0.14598498
 0.13502016 0.12916512 0.1317655  0.13992559 0.14236239 0.13871048
 0.13687557 0.1332237  0.13234787 0.14185109 0.1376133  0.1336919
 0.13695075 0.13814684 0.14157256 0.14097593 0.13125959 0.14578229
 0.13908921 0.1342984  0.13517369 0.13910852 0.14320995 0.13317818
 0.13931317 0.1303438  0.13173372 0.13796832 0.13990232 0.13367517
 0.1379256  0.13566267 0.14113617 0.13841215 0.13921245 0.13895066
 0.14335546 0.13511547 0.12909438 0.13810803 0.12972521 0.13973182
 0.13862567 0.12425271]
wheretheressmoke
BERT
[0.790644   0.790826   0.78824717 0.7918202  0.79024017 0.7899176
 0.78884405 0.7895302  0.7898692  0.7884639  0.7878606  0.7899817
 0.78865033 0.7875569  0.79153955 0.7894193  0.7896694  0.78881454
 0.78889686 0.78986824 0.79103327 0.789961   0.78885543 0.79037887
 0.7898045  0.78965086 0.7898217  0.78982526 0.78900385 0.78863615
 0.7915143  0.7918369  0.79057634 0.7896938  0.7894653  0.78936833
 0.7888366  0.7920973  0.78968394 0.78980976 0.78877974 0.79060495
 0.78912467 0.7894337  0.78815305 0.7878732  0.79039586 0.7909413
 0.79066837 0.788943   0.7902122  0.78978634 0.79081106 0.7896089
 0.7887343  0.7888198  0.788998   0.7901902  0.78898144 0.7903494
 0.7900637  0.7902327  0.7896801  0.791094   0.7896899  0.78963435
 0.7901419  0.78880066 0.78912383 0.7905962  0.78931314 0.79179174
 0.78890586 0.79006404 0.7883356  0.7906864  0.7884061  0.78894216
 0.7892171  0.78958696 0.78739554 0.7905925  0.7888032  0.79037046
 0.78834397 0.78970593 0.7911098  0.79079187 0.78778046 0.79039085
 0.79205304 0.78873533 0.79090506 0.7915281  0.78803813 0.7903296
 0.79102564 0.78996515 0.79025817 0.78860146 0.79054374 0.79110277
 0.791362   0.7906168  0.7894302  0.7912442  0.789679   0.79104525
 0.78953576 0.7913427  0.7910866  0.7909205  0.79173994 0.7909788
 0.788909   0.7882305  0.7907752  0.7905263  0.79042256 0.7910249
 0.78930515 0.7907863  0.7897262  0.7909873  0.7894599  0.7902556
 0.79063797 0.79045624 0.7895083  0.7912174  0.7885133  0.7901794
 0.79054534 0.78912747 0.79059607 0.7887698  0.7898197  0.7910126
 0.7897662  0.78918046 0.7885016  0.7895118  0.7898789  0.78955823
 0.7914196  0.7877864  0.79004514 0.7882775  0.789131   0.7894732
 0.7893054  0.7918598  0.7905825  0.7925305  0.7887952  0.78996277
 0.78866935 0.7916273  0.7895505  0.79022574 0.7917145  0.7881682
 0.7919616  0.7894048  0.7886558  0.78877795 0.7896604  0.78956866
 0.7875361  0.7882637  0.7890497  0.79184616 0.78857476 0.79247135
 0.7896668  0.78823966 0.7902919  0.7906558  0.79064554 0.7906703
 0.7905634  0.7881248  0.78821427 0.7904545  0.7901174  0.7901845
 0.7881128  0.7917112  0.7901915  0.79060566 0.7894629  0.78988916
 0.7904229  0.79025984 0.7904666  0.79002327 0.7878034  0.7889803
 0.7895423  0.7901461 ]
[nltk_data] Downloading package wordnet to /mnt/iusers01/fse-
[nltk_data]     ugpgt01/compsci01/q12628ct/nltk_data...
[nltk_data]   Package wordnet is already up-to-date!
[nltk_data] Downloading package punkt_tab to /mnt/iusers01/fse-
[nltk_data]     ugpgt01/compsci01/q12628ct/nltk_data...
[nltk_data]   Package punkt_tab is already up-to-date!
[nltk_data] Downloading package omw-1.4 to /mnt/iusers01/fse-
[nltk_data]     ugpgt01/compsci01/q12628ct/nltk_data...
[nltk_data]   Package omw-1.4 is already up-to-date!
/mnt/iusers01/fse-ugpgt01/compsci01/q12628ct/.conda/envs/semantic-decoding/lib/python3.10/site-packages/huggingface_hub/file_download.py:945: FutureWarning: `resume_download` is deprecated and will be removed in version 1.0.0. Downloads always resume when possible. If you want to force a new download, use `force_download=True`.
  warnings.warn(
Some weights of the model checkpoint at roberta-large were not used when initializing RobertaModel: ['lm_head.dense.weight', 'lm_head.layer_norm.bias', 'lm_head.layer_norm.weight', 'lm_head.dense.bias', 'lm_head.bias']
- This IS expected if you are initializing RobertaModel from the checkpoint of a model trained on another task or with another architecture (e.g. initializing a BertForSequenceClassification model from a BertForPreTraining model).
- This IS NOT expected if you are initializing RobertaModel from the checkpoint of a model that you expect to be exactly identical (initializing a BertForSequenceClassification model from a BertForSequenceClassification model).
Some weights of RobertaModel were not initialized from the model checkpoint at roberta-large and are newly initialized: ['roberta.pooler.dense.bias', 'roberta.pooler.dense.weight']
You should probably TRAIN this model on a down-stream task to be able to use it for predictions and inference.
attend-M
WER
[0.0602611  0.047102   0.05590833 0.05255247 0.04928052 0.04446669
 0.04995835 0.04478145 0.04822642 0.05326058 0.04856654 0.04884788
 0.04821358 0.05577648 0.05271913 0.04962449 0.05436848 0.04680675
 0.0472039  0.04998651 0.05191871 0.04757745 0.04982853 0.04081976
 0.05309015 0.05267386 0.05119756 0.04339458 0.0458341  0.0522115
 0.04357214 0.05702532 0.04882614 0.06320944 0.04705742 0.05327476
 0.04759788 0.04816654 0.04760165 0.05162719 0.04649866 0.04723181
 0.04807105 0.06285181 0.05526747 0.0474165  0.0554251  0.05220501
 0.04752513 0.05698562 0.04424729 0.04654079 0.04938468 0.04840749
 0.05150538 0.05933816 0.0469277  0.04938156 0.05363032 0.0490994
 0.05564841 0.05100715 0.05181412 0.05995099 0.05181485 0.05435777
 0.05344    0.05277528 0.0567054  0.04351694 0.05956445 0.05766195
 0.05201485 0.057893   0.04901744 0.05299644 0.04944959 0.04742603
 0.05113576 0.05353236 0.05181875 0.06059987 0.04768461 0.04123841
 0.05595674 0.04794614 0.05026822 0.05246976 0.04686656 0.05322722
 0.05345846 0.05758223 0.05017932 0.05634951 0.04928885 0.05561942
 0.05375886 0.04598317 0.05415339 0.05906089 0.05345466 0.04889258
 0.05051255 0.05247477 0.05088895 0.05302909 0.05543521 0.04797467
 0.04828383 0.0510066  0.05746965 0.05897935 0.04956821 0.04320839
 0.05361629 0.05269814 0.05450561 0.05781319 0.05147665 0.04884613
 0.0496001  0.05175313 0.05135727 0.05776604 0.05299313 0.06214877
 0.05237956 0.04803251 0.04994161 0.05124884 0.05408877 0.03955566
 0.04940763 0.05559479 0.05734297 0.05133508 0.05006345 0.05067369
 0.05098533 0.05598633 0.05114034 0.04665466 0.05395661 0.05477428
 0.05313714 0.04979763 0.04955883 0.04923441 0.05008624 0.04937975
 0.05175403 0.05040668 0.05396858 0.04667757 0.04748013 0.04747118
 0.04854677 0.05285814 0.05374588 0.0525244  0.05050041 0.05096333
 0.05053315 0.05350987 0.04562411 0.05491463 0.0547124  0.05381723
 0.05338404 0.04887031 0.05977936 0.04845222 0.05654594 0.05245484
 0.04913155 0.05266854 0.05332889 0.05832726 0.05217959 0.0597709
 0.05069922 0.05166587 0.05757819 0.06002671 0.05659085 0.05593397
 0.0504261  0.05822212 0.06038783 0.04679178 0.05263353 0.04845973
 0.05256223 0.0531096  0.05376851 0.05040508 0.06290891 0.04736069
 0.05818068 0.05005819]
attend-M
BLEU
[0.18945334 0.17605252 0.20132198 0.19109832 0.18929268 0.18326147
 0.18564208 0.16979024 0.18148537 0.20760093 0.16940038 0.19204188
 0.18872534 0.18838105 0.18685886 0.16596709 0.20019024 0.18150644
 0.18199593 0.18011607 0.1913463  0.17073776 0.17943062 0.16536282
 0.19212019 0.18552321 0.18220658 0.17862384 0.17507565 0.18403984
 0.17440657 0.20243061 0.18989264 0.19714425 0.20800162 0.18445389
 0.18843224 0.17826623 0.18120349 0.19660185 0.19266863 0.181497
 0.18639641 0.19628997 0.19120098 0.18417341 0.18830508 0.19063819
 0.1925482  0.19396724 0.17058856 0.18810574 0.1814017  0.18016727
 0.19849389 0.19868522 0.18635094 0.18668482 0.19490654 0.18746325
 0.18771983 0.20612301 0.19029652 0.18803493 0.18106733 0.19218543
 0.17913277 0.1927876  0.19639092 0.18267258 0.1993171  0.19769691
 0.20138907 0.2063443  0.19320285 0.19264426 0.18759609 0.18455904
 0.17679696 0.19921132 0.20286436 0.19821769 0.18537536 0.17777912
 0.19245325 0.19540396 0.19101487 0.18684922 0.17922748 0.17548876
 0.17987301 0.20151508 0.19320872 0.19535786 0.19411283 0.18976391
 0.18930027 0.18411864 0.18643745 0.19242189 0.18783456 0.17496212
 0.17590443 0.19676937 0.18951357 0.18922885 0.19235053 0.1725758
 0.17595753 0.19052462 0.19348367 0.19591765 0.18687142 0.19188162
 0.18552244 0.19696563 0.18626725 0.19207483 0.20554985 0.17901436
 0.19333284 0.19319675 0.18970558 0.21290791 0.1746322  0.1974711
 0.19478501 0.19639785 0.18311616 0.18635329 0.20414807 0.18430302
 0.18877429 0.17636033 0.19990811 0.19044109 0.18863703 0.19009036
 0.19206403 0.18656388 0.19180579 0.19674564 0.20087963 0.1887505
 0.19635088 0.18691211 0.18637279 0.18561512 0.19998887 0.18541508
 0.18244319 0.18367799 0.18068651 0.1806711  0.18069432 0.18557256
 0.18236009 0.1919175  0.2023635  0.1861532  0.18670729 0.19975259
 0.18211613 0.19506114 0.18031925 0.19782505 0.18916628 0.18946899
 0.18368929 0.18477291 0.19619978 0.18896708 0.19447732 0.1913238
 0.19519933 0.18323956 0.2035311  0.19130039 0.20010072 0.20479863
 0.18502627 0.18870951 0.19593417 0.1825448  0.19674417 0.1840521
 0.19600248 0.18746448 0.20152897 0.17984606 0.18412623 0.17773197
 0.1796952  0.19869144 0.20195911 0.17933119 0.20240319 0.18214209
 0.19732818 0.18661404]
attend-M
METEOR
[0.14048087 0.12890344 0.146845   0.13739693 0.13093049 0.12676274
 0.13299217 0.12187468 0.13084028 0.14728096 0.12070236 0.13464293
 0.13565605 0.13448081 0.13041332 0.11896405 0.13798418 0.13079736
 0.12710758 0.13514249 0.13396011 0.12675903 0.1308844  0.11519463
 0.14229572 0.13341031 0.12986687 0.13374004 0.12741078 0.12925219
 0.12692332 0.13926193 0.13627544 0.13779534 0.14093043 0.13475559
 0.1368142  0.13068861 0.13040289 0.13830544 0.14213388 0.13291843
 0.12906069 0.13784505 0.1369373  0.13284477 0.13545188 0.13849257
 0.13527125 0.13991123 0.12061168 0.13724592 0.12834604 0.12849021
 0.14411301 0.1435492  0.12840681 0.12929567 0.13548022 0.13670555
 0.13185512 0.1418009  0.12867886 0.13082318 0.12984323 0.13771471
 0.12790196 0.14005286 0.13841717 0.12774117 0.1448181  0.13785822
 0.14152271 0.1425717  0.14176213 0.13956131 0.12566132 0.13512078
 0.12970537 0.14008376 0.14453906 0.13705472 0.12955265 0.13114571
 0.13688579 0.13636366 0.13491365 0.13188047 0.13212554 0.13071729
 0.12573088 0.14585143 0.14046472 0.1379763  0.13878071 0.13423199
 0.13460501 0.12227581 0.13521602 0.13679616 0.13845374 0.12842208
 0.12699633 0.13535509 0.13689355 0.13588803 0.13748444 0.12457576
 0.12414382 0.13628975 0.13496484 0.13961459 0.13835621 0.13567951
 0.13149759 0.13481709 0.12848145 0.13109553 0.14109951 0.12375513
 0.13339926 0.13796883 0.13573532 0.15126565 0.124317   0.14083319
 0.13711474 0.13946387 0.13569262 0.12939646 0.15379927 0.13079215
 0.13563964 0.13200798 0.13918004 0.13291849 0.13361125 0.12995249
 0.1349119  0.1298176  0.13561076 0.13577565 0.13894018 0.1333109
 0.14046169 0.13310812 0.13059643 0.13481153 0.14096542 0.12883729
 0.12980632 0.13010544 0.1327146  0.13463067 0.13072233 0.13744127
 0.1230747  0.13469084 0.14727588 0.13550459 0.13328643 0.14326505
 0.12608593 0.13521885 0.1248262  0.13968225 0.13735117 0.13388893
 0.12884787 0.13857145 0.14854715 0.13893025 0.13697017 0.1325508
 0.13383943 0.132052   0.14210688 0.13475171 0.13628868 0.14292844
 0.1342244  0.13198946 0.14105854 0.13114874 0.14084881 0.1362246
 0.13842582 0.1385573  0.13631841 0.13530915 0.12865218 0.12895355
 0.1295785  0.14385542 0.14928269 0.12898879 0.14257412 0.13141798
 0.13789566 0.13776664]
attend-M
BERT
[0.7901041  0.7866851  0.78995097 0.79095423 0.78545976 0.7903619
 0.7862528  0.7865384  0.78754133 0.79185885 0.788931   0.78808373
 0.7901349  0.78990275 0.7869227  0.78692585 0.7885617  0.78712374
 0.7871197  0.78928584 0.7874858  0.7855581  0.78806657 0.7869969
 0.7888174  0.7878268  0.788148   0.78757966 0.7883776  0.7871303
 0.78692776 0.7899061  0.78896874 0.7901825  0.7900587  0.7875026
 0.7888992  0.7901853  0.78831005 0.78765714 0.78929704 0.7885042
 0.7898503  0.79050577 0.78729    0.78908485 0.7873363  0.79109395
 0.7895566  0.7886308  0.78553253 0.79062474 0.7895616  0.7854217
 0.79034424 0.7916865  0.78946435 0.7898703  0.7878038  0.7887753
 0.7864197  0.7894332  0.7877093  0.789811   0.7862472  0.787905
 0.787905   0.7886719  0.79042643 0.7878623  0.7890627  0.7895246
 0.790554   0.78917414 0.7870925  0.78716034 0.7879296  0.7901046
 0.7882658  0.7914435  0.7896556  0.79128915 0.78866255 0.78716946
 0.7860713  0.7888751  0.7894487  0.7881186  0.7862731  0.78660744
 0.78888726 0.78914523 0.786625   0.78767174 0.7885604  0.7898204
 0.7882849  0.78876287 0.7876525  0.7874956  0.7879427  0.7873399
 0.7896278  0.7895584  0.788035   0.7879834  0.78765815 0.7871182
 0.7877033  0.7888273  0.7912898  0.78997743 0.7887013  0.78838384
 0.7879899  0.7876494  0.7892716  0.78828055 0.78982806 0.7857905
 0.79000986 0.78813136 0.7880533  0.7921175  0.7864469  0.78921187
 0.78868425 0.78922963 0.79001033 0.79141027 0.79076123 0.7878975
 0.7856764  0.78992206 0.7892907  0.7874433  0.7871599  0.78898543
 0.78901523 0.7918574  0.78668195 0.7897079  0.7893339  0.78829193
 0.7897731  0.78829426 0.7876839  0.78665465 0.7879041  0.7888495
 0.7894172  0.7871643  0.7894428  0.787325   0.7864583  0.7876145
 0.7858355  0.79066676 0.79116243 0.79087245 0.7892385  0.79074216
 0.7881099  0.78897417 0.7884559  0.7903356  0.7904734  0.7890004
 0.78507596 0.7915039  0.7913208  0.78780836 0.7905689  0.7877326
 0.78832746 0.78835285 0.78841937 0.78959125 0.78916895 0.79029244
 0.78817254 0.7879968  0.78888583 0.78906083 0.7903687  0.79196334
 0.7894151  0.7881706  0.7907373  0.7892035  0.7870791  0.78646123
 0.7876304  0.79109293 0.789052   0.7884528  0.78990847 0.7891974
 0.7906255  0.78782284]
[nltk_data] Downloading package wordnet to /mnt/iusers01/fse-
[nltk_data]     ugpgt01/compsci01/q12628ct/nltk_data...
[nltk_data]   Package wordnet is already up-to-date!
[nltk_data] Downloading package punkt_tab to /mnt/iusers01/fse-
[nltk_data]     ugpgt01/compsci01/q12628ct/nltk_data...
[nltk_data]   Package punkt_tab is already up-to-date!
[nltk_data] Downloading package omw-1.4 to /mnt/iusers01/fse-
[nltk_data]     ugpgt01/compsci01/q12628ct/nltk_data...
[nltk_data]   Package omw-1.4 is already up-to-date!
/mnt/iusers01/fse-ugpgt01/compsci01/q12628ct/.conda/envs/semantic-decoding/lib/python3.10/site-packages/huggingface_hub/file_download.py:945: FutureWarning: `resume_download` is deprecated and will be removed in version 1.0.0. Downloads always resume when possible. If you want to force a new download, use `force_download=True`.
  warnings.warn(
Some weights of the model checkpoint at roberta-large were not used when initializing RobertaModel: ['lm_head.layer_norm.bias', 'lm_head.bias', 'lm_head.layer_norm.weight', 'lm_head.dense.bias', 'lm_head.dense.weight']
- This IS expected if you are initializing RobertaModel from the checkpoint of a model trained on another task or with another architecture (e.g. initializing a BertForSequenceClassification model from a BertForPreTraining model).
- This IS NOT expected if you are initializing RobertaModel from the checkpoint of a model that you expect to be exactly identical (initializing a BertForSequenceClassification model from a BertForSequenceClassification model).
Some weights of RobertaModel were not initialized from the model checkpoint at roberta-large and are newly initialized: ['roberta.pooler.dense.bias', 'roberta.pooler.dense.weight']
You should probably TRAIN this model on a down-stream task to be able to use it for predictions and inference.
attend-F
WER
[-0.19719423 -0.1897142  -0.1949802  -0.18774607 -0.18581804 -0.18909872
 -0.20426413 -0.186086   -0.19066851 -0.1999724  -0.17643897 -0.19134889
 -0.18840602 -0.19008958 -0.18536801 -0.19015917 -0.17574881 -0.18462388
 -0.19370799 -0.17928787 -0.19445206 -0.19079395 -0.19350677 -0.19764449
 -0.19481861 -0.20520596 -0.2003208  -0.19803772 -0.18610571 -0.19377761
 -0.1879835  -0.192934   -0.19266329 -0.18877308 -0.18407911 -0.20497075
 -0.19183563 -0.19602761 -0.20166015 -0.1920827  -0.19859131 -0.1928676
 -0.18735245 -0.19382889 -0.18127464 -0.19045822 -0.19274264 -0.18622754
 -0.20191279 -0.20436031 -0.19613505 -0.18890835 -0.19846773 -0.196572
 -0.1917233  -0.18949747 -0.18306816 -0.20696678 -0.19327268 -0.18482706
 -0.18863705 -0.18788619 -0.18963794 -0.18047761 -0.18646727 -0.19146442
 -0.19922629 -0.18953399 -0.20105287 -0.1839213  -0.18317485 -0.18485515
 -0.18437581 -0.18952454 -0.18553017 -0.18168349 -0.19833016 -0.19071678
 -0.193826   -0.18879879 -0.18696542 -0.18768366 -0.18879366 -0.20369304
 -0.18921498 -0.18811346 -0.19850311 -0.19911681 -0.19269458 -0.19121223
 -0.20032705 -0.18691059 -0.18596777 -0.19419645 -0.19866676 -0.18955389
 -0.1807132  -0.18887653 -0.19334612 -0.1925297  -0.17725722 -0.19507008
 -0.19811301 -0.20038858 -0.18944007 -0.18105739 -0.19519633 -0.1861353
 -0.19015305 -0.19671821 -0.19325983 -0.20409471 -0.1902417  -0.19318644
 -0.19249061 -0.19441249 -0.18846703 -0.18249142 -0.18910819 -0.20193006
 -0.18034314 -0.19684052 -0.1922446  -0.19597386 -0.18357298 -0.1919841
 -0.19438396 -0.18844343 -0.201063   -0.18981902 -0.19634377 -0.18596607
 -0.19371432 -0.18908851 -0.19239478 -0.19679052 -0.19475431 -0.19317934
 -0.19428539 -0.18531528 -0.18587755 -0.19376438 -0.19584235 -0.19445491
 -0.19283651 -0.19729424 -0.18925422 -0.1977293  -0.1875787  -0.19436834
 -0.18558922 -0.1965833  -0.19174881 -0.1872843  -0.19125606 -0.1923785
 -0.19970713 -0.19227359 -0.18442094 -0.19269765 -0.17556209 -0.19398927
 -0.201259   -0.1953963  -0.19071402 -0.18964116 -0.19129115 -0.18675798
 -0.18917775 -0.18025174 -0.19728075 -0.18966046 -0.19377104 -0.19115972
 -0.18618628 -0.19121164 -0.19738565 -0.19835878 -0.18520977 -0.19514607
 -0.1867292  -0.1898266  -0.19123126 -0.19327685 -0.18909248 -0.1913442
 -0.19093399 -0.20516135 -0.18664683 -0.19417279 -0.1961921  -0.18501249
 -0.19041414 -0.19031974 -0.19109983 -0.18665399 -0.19069538 -0.18599061
 -0.18952532 -0.20256136]
attend-F
BLEU
[0.17906923 0.19745531 0.16392497 0.18364186 0.19478118 0.19854382
 0.18636983 0.19663906 0.18576295 0.17812204 0.20753052 0.19009882
 0.18723953 0.18267834 0.20374296 0.18642915 0.19614294 0.19562825
 0.18146824 0.18925197 0.17968304 0.18270091 0.18983851 0.17015618
 0.18383135 0.17806535 0.17965051 0.18344241 0.18780318 0.18576471
 0.20395666 0.19135919 0.18032195 0.19044307 0.18657312 0.16604344
 0.19309753 0.18457704 0.17941994 0.1970138  0.18107746 0.19406642
 0.19322965 0.17483642 0.19930835 0.18669869 0.17212445 0.19297677
 0.16019949 0.15388689 0.18666587 0.19595727 0.1720595  0.18823896
 0.19443998 0.18932156 0.18763367 0.15238916 0.16594552 0.18899465
 0.18963234 0.19103593 0.17880825 0.20637105 0.19891765 0.18838999
 0.18139175 0.19979382 0.1825812  0.1897114  0.17281768 0.19508384
 0.18212434 0.18337663 0.19735297 0.18695423 0.1628663  0.18319072
 0.17950976 0.19999939 0.18971212 0.18332823 0.19274376 0.15343118
 0.19833971 0.19470616 0.17673307 0.18244765 0.17714321 0.19935588
 0.18648553 0.19599716 0.19651843 0.19850202 0.15044318 0.18847344
 0.21062801 0.17586644 0.18380756 0.17120836 0.19988112 0.17419872
 0.18354798 0.18559571 0.18853421 0.19114592 0.17892639 0.19780349
 0.17273927 0.16986738 0.17755262 0.17563802 0.19471541 0.18986891
 0.17309651 0.18254468 0.19012053 0.19999103 0.21040589 0.17957439
 0.21710403 0.16579148 0.1735018  0.16838538 0.1992119  0.17933526
 0.17619316 0.17895182 0.17945848 0.19318783 0.17327784 0.1888098
 0.18621407 0.17723696 0.17789278 0.17577    0.19750632 0.18040672
 0.18399837 0.20150752 0.19661141 0.19999126 0.18579378 0.1855915
 0.17812425 0.19163215 0.17643695 0.16371357 0.20317083 0.19762182
 0.18369019 0.18422338 0.18743284 0.19109285 0.18487107 0.17854825
 0.16839985 0.18292133 0.19214303 0.18453586 0.19839008 0.19819355
 0.16249798 0.1936666  0.18126314 0.19264931 0.17240754 0.18461009
 0.1829829  0.19772386 0.16059184 0.17701715 0.20398248 0.19588004
 0.19085996 0.19228444 0.18555552 0.18001901 0.18987045 0.1835491
 0.19798405 0.17888044 0.18615103 0.18559285 0.17004507 0.17538361
 0.19381167 0.17795779 0.20536169 0.18210408 0.18866558 0.18751764
 0.18711688 0.18097335 0.19594052 0.194516   0.17522651 0.18788598
 0.20562273 0.16188164]
attend-F
METEOR
[0.13644623 0.14565289 0.12149843 0.13785722 0.14233413 0.15126608
 0.13303694 0.14630655 0.13660273 0.12919562 0.15826064 0.14250673
 0.13860807 0.13185585 0.14689702 0.13624632 0.14576515 0.14714307
 0.13265839 0.15013177 0.13673665 0.13787651 0.13716863 0.13456417
 0.13596963 0.1334284  0.12993303 0.13185058 0.13623729 0.13331415
 0.14654038 0.14091502 0.13593594 0.14170797 0.14145378 0.12639134
 0.14576855 0.14066736 0.13144012 0.14178745 0.13363736 0.14454117
 0.15089985 0.1313234  0.14290024 0.14247499 0.13250087 0.14521052
 0.12594571 0.12004585 0.13757681 0.14330371 0.12553099 0.13747635
 0.13923353 0.14215976 0.14468114 0.12020727 0.13090943 0.13994703
 0.14215535 0.1425674  0.14101194 0.14984082 0.14608733 0.13442748
 0.13762717 0.15128811 0.13570121 0.13774888 0.13046095 0.14473672
 0.13751219 0.13855534 0.14743411 0.13935687 0.11996658 0.13138582
 0.13568291 0.14298522 0.14405076 0.14030264 0.14245117 0.11464317
 0.15324365 0.14415926 0.1256765  0.13544774 0.13056473 0.14449897
 0.14072193 0.14618815 0.15051605 0.14279887 0.1125606  0.13931242
 0.14835682 0.13457498 0.13190047 0.13101689 0.14859172 0.12885741
 0.13067359 0.13951523 0.14011368 0.14379815 0.13197906 0.14779817
 0.13006872 0.1312604  0.13091402 0.13130219 0.14823679 0.1381806
 0.13213077 0.13355564 0.14351333 0.15374687 0.15385399 0.13137436
 0.16194133 0.12083754 0.13168054 0.12568347 0.14932911 0.13665266
 0.13005922 0.1335741  0.14008092 0.14589603 0.13126326 0.14249684
 0.13658714 0.13296583 0.13213105 0.12712883 0.14798165 0.13125542
 0.13106278 0.15054898 0.14962175 0.1519265  0.14126042 0.13767915
 0.13266686 0.14393922 0.12922016 0.12456771 0.14693007 0.14882263
 0.13481443 0.13880496 0.14719123 0.1425478  0.13817029 0.14034679
 0.13571134 0.13257874 0.14322661 0.13828604 0.1455357  0.14970028
 0.12292996 0.14539693 0.13772319 0.14518587 0.1292406  0.137167
 0.13553943 0.14416005 0.12215911 0.13976719 0.15097312 0.14418205
 0.14417447 0.14640605 0.13794428 0.13035649 0.14252132 0.14061811
 0.14044008 0.13438183 0.14015452 0.1404509  0.13172157 0.13043117
 0.14605713 0.13365065 0.14792212 0.13868952 0.14067687 0.1387353
 0.13537849 0.13766547 0.14647381 0.14749966 0.13048003 0.14119186
 0.14676104 0.12340173]
attend-F
BERT
[0.788291   0.7862183  0.7851357  0.78796214 0.7896901  0.78953224
 0.789772   0.7888791  0.79012275 0.79091567 0.7910078  0.78655744
 0.78880745 0.7886391  0.78938943 0.7885608  0.78921884 0.7892603
 0.78633    0.7904934  0.78755873 0.78935945 0.7900779  0.7884402
 0.7882363  0.7881034  0.78799427 0.7895706  0.7873147  0.78924817
 0.789203   0.789662   0.78768945 0.7885174  0.7899003  0.7896451
 0.79014593 0.7902258  0.7887583  0.78949684 0.79087937 0.7898259
 0.78983676 0.7888143  0.7890934  0.79170126 0.7856518  0.7891837
 0.7855616  0.7870158  0.7889561  0.79151505 0.78737444 0.78891116
 0.78842044 0.78836614 0.7872947  0.7870287  0.78806615 0.7868631
 0.78734535 0.7884416  0.78691834 0.7890489  0.78905135 0.78779393
 0.7891806  0.7893714  0.78818566 0.78847235 0.7867568  0.78919584
 0.7875067  0.7888438  0.78898954 0.78940755 0.78908104 0.79094094
 0.78956336 0.79100615 0.7902386  0.7904655  0.7912035  0.787527
 0.7915446  0.7899911  0.78732854 0.78973544 0.7892093  0.78838897
 0.78831136 0.78880244 0.78831476 0.78738624 0.7843497  0.78912944
 0.7889809  0.7885992  0.78683627 0.7874134  0.79033226 0.78799707
 0.78893393 0.7886305  0.788124   0.78900176 0.787946   0.78946406
 0.7886626  0.7883208  0.7878308  0.7898808  0.78907686 0.7883149
 0.7892668  0.7889213  0.78782976 0.7905329  0.7886907  0.7875248
 0.7903663  0.786069   0.790194   0.78700453 0.7896596  0.78730375
 0.788844   0.78721595 0.78779966 0.78886586 0.78941816 0.78845626
 0.78914875 0.78800225 0.78740466 0.78615594 0.7902264  0.7911681
 0.78805524 0.78977025 0.79123837 0.79022044 0.7883826  0.7898524
 0.7889708  0.7901587  0.78823256 0.78613794 0.7920062  0.78973144
 0.7887238  0.7900816  0.78864807 0.7887285  0.78691804 0.7859851
 0.7869988  0.78886545 0.78993404 0.78970945 0.7893647  0.7914632
 0.7858114  0.79108894 0.7889558  0.7885984  0.78779715 0.7874071
 0.78686816 0.7884039  0.7865162  0.7867694  0.7896154  0.7915542
 0.7885779  0.7882396  0.78969365 0.78862095 0.7873495  0.78839386
 0.78971815 0.7880437  0.7881893  0.78835183 0.7867741  0.78750104
 0.78733987 0.7871061  0.79189754 0.7884411  0.7873229  0.7883263
 0.78990465 0.7898473  0.7905834  0.78979164 0.7908586  0.7890313
 0.7877426  0.7873688 ]
/net/scratch/q12628ct/semantic-decoding/decoding/utils_ridge/interpdata.py:159: RuntimeWarning: invalid value encountered in divide
  val = window * np.sin(np.pi*t) * np.sin(np.pi*t/window) / (np.pi**2 * t**2)
/net/scratch/q12628ct/semantic-decoding/decoding/utils_ridge/interpdata.py:159: RuntimeWarning: invalid value encountered in divide
  val = window * np.sin(np.pi*t) * np.sin(np.pi*t/window) / (np.pi**2 * t**2)
/net/scratch/q12628ct/semantic-decoding/decoding/utils_ridge/interpdata.py:159: RuntimeWarning: invalid value encountered in divide
  val = window * np.sin(np.pi*t) * np.sin(np.pi*t/window) / (np.pi**2 * t**2)
/net/scratch/q12628ct/semantic-decoding/decoding/utils_ridge/interpdata.py:159: RuntimeWarning: invalid value encountered in divide
  val = window * np.sin(np.pi*t) * np.sin(np.pi*t/window) / (np.pi**2 * t**2)
/net/scratch/q12628ct/semantic-decoding/decoding/utils_ridge/interpdata.py:159: RuntimeWarning: invalid value encountered in divide
  val = window * np.sin(np.pi*t) * np.sin(np.pi*t/window) / (np.pi**2 * t**2)
/net/scratch/q12628ct/semantic-decoding/decoding/utils_ridge/interpdata.py:159: RuntimeWarning: invalid value encountered in divide
  val = window * np.sin(np.pi*t) * np.sin(np.pi*t/window) / (np.pi**2 * t**2)
/net/scratch/q12628ct/semantic-decoding/decoding/utils_ridge/interpdata.py:159: RuntimeWarning: invalid value encountered in divide
  val = window * np.sin(np.pi*t) * np.sin(np.pi*t/window) / (np.pi**2 * t**2)
/net/scratch/q12628ct/semantic-decoding/decoding/utils_ridge/interpdata.py:159: RuntimeWarning: invalid value encountered in divide
  val = window * np.sin(np.pi*t) * np.sin(np.pi*t/window) / (np.pi**2 * t**2)
/net/scratch/q12628ct/semantic-decoding/decoding/utils_ridge/interpdata.py:159: RuntimeWarning: invalid value encountered in divide
  val = window * np.sin(np.pi*t) * np.sin(np.pi*t/window) / (np.pi**2 * t**2)
/net/scratch/q12628ct/semantic-decoding/decoding/utils_ridge/interpdata.py:159: RuntimeWarning: invalid value encountered in divide
  val = window * np.sin(np.pi*t) * np.sin(np.pi*t/window) / (np.pi**2 * t**2)
/net/scratch/q12628ct/semantic-decoding/decoding/utils_ridge/interpdata.py:159: RuntimeWarning: invalid value encountered in divide
  val = window * np.sin(np.pi*t) * np.sin(np.pi*t/window) / (np.pi**2 * t**2)
/net/scratch/q12628ct/semantic-decoding/decoding/utils_ridge/interpdata.py:159: RuntimeWarning: invalid value encountered in divide
  val = window * np.sin(np.pi*t) * np.sin(np.pi*t/window) / (np.pi**2 * t**2)
/net/scratch/q12628ct/semantic-decoding/decoding/utils_ridge/interpdata.py:159: RuntimeWarning: invalid value encountered in divide
  val = window * np.sin(np.pi*t) * np.sin(np.pi*t/window) / (np.pi**2 * t**2)
/net/scratch/q12628ct/semantic-decoding/decoding/utils_ridge/interpdata.py:159: RuntimeWarning: invalid value encountered in divide
  val = window * np.sin(np.pi*t) * np.sin(np.pi*t/window) / (np.pi**2 * t**2)
/net/scratch/q12628ct/semantic-decoding/decoding/utils_ridge/interpdata.py:159: RuntimeWarning: invalid value encountered in divide
  val = window * np.sin(np.pi*t) * np.sin(np.pi*t/window) / (np.pi**2 * t**2)
/net/scratch/q12628ct/semantic-decoding/decoding/utils_ridge/interpdata.py:159: RuntimeWarning: invalid value encountered in divide
  val = window * np.sin(np.pi*t) * np.sin(np.pi*t/window) / (np.pi**2 * t**2)
[nltk_data] Downloading package wordnet to /mnt/iusers01/fse-
[nltk_data]     ugpgt01/compsci01/q12628ct/nltk_data...
[nltk_data]   Package wordnet is already up-to-date!
[nltk_data] Downloading package punkt_tab to /mnt/iusers01/fse-
[nltk_data]     ugpgt01/compsci01/q12628ct/nltk_data...
[nltk_data]   Package punkt_tab is already up-to-date!
[nltk_data] Downloading package omw-1.4 to /mnt/iusers01/fse-
[nltk_data]     ugpgt01/compsci01/q12628ct/nltk_data...
[nltk_data]   Package omw-1.4 is already up-to-date!
/mnt/iusers01/fse-ugpgt01/compsci01/q12628ct/.conda/envs/semantic-decoding/lib/python3.10/site-packages/huggingface_hub/file_download.py:945: FutureWarning: `resume_download` is deprecated and will be removed in version 1.0.0. Downloads always resume when possible. If you want to force a new download, use `force_download=True`.
  warnings.warn(
Some weights of the model checkpoint at roberta-large were not used when initializing RobertaModel: ['lm_head.layer_norm.weight', 'lm_head.dense.weight', 'lm_head.dense.bias', 'lm_head.bias', 'lm_head.layer_norm.bias']
- This IS expected if you are initializing RobertaModel from the checkpoint of a model trained on another task or with another architecture (e.g. initializing a BertForSequenceClassification model from a BertForPreTraining model).
- This IS NOT expected if you are initializing RobertaModel from the checkpoint of a model that you expect to be exactly identical (initializing a BertForSequenceClassification model from a BertForSequenceClassification model).
Some weights of RobertaModel were not initialized from the model checkpoint at roberta-large and are newly initialized: ['roberta.pooler.dense.bias', 'roberta.pooler.dense.weight']
You should probably TRAIN this model on a down-stream task to be able to use it for predictions and inference.
wheretheressmoke
WER
[0.03593959 0.03518909 0.03932888 0.03890612 0.0400186  0.04122168
 0.04274775 0.03678336 0.03431636 0.03624297 0.03797642 0.03984485
 0.03908988 0.03550572 0.04095851 0.03673565 0.03330949 0.03674014
 0.04134801 0.04007328 0.04130698 0.0359504  0.03472234 0.03676588
 0.0385816  0.04182617 0.03922932 0.04045926 0.03959717 0.03285678
 0.03648244 0.03505491 0.04049505 0.04167342 0.04128917 0.04081728
 0.03790425 0.0386324  0.04139084 0.04267103 0.03305132 0.03913143
 0.03578536 0.03919026 0.03747672 0.04054341 0.04215758 0.03930607
 0.03425058 0.04188833 0.03922622 0.03335854 0.03762434 0.04005558
 0.03916045 0.03318074 0.03513566 0.03687496 0.0361388  0.03582418
 0.0367657  0.04037602 0.03563967 0.04367091 0.03812514 0.04024853
 0.04061526 0.04565951 0.03496833 0.0432947  0.03879361 0.03512844
 0.04019608 0.03404039 0.0401038  0.03945969 0.04133553 0.03840565
 0.03578484 0.03676897 0.03493951 0.03936507 0.03789322 0.03728824
 0.03764336 0.03757086 0.04105729 0.0362346  0.03794488 0.04640746
 0.0340716  0.04438077 0.03680968 0.03808593 0.04167234 0.04386867
 0.03274143 0.03906632 0.0400758  0.04021383 0.03333688 0.04109357
 0.03698202 0.03766286 0.03674276 0.03991892 0.0409147  0.03937756
 0.03916159 0.0402092  0.03903907 0.03784064 0.04324014 0.03431864
 0.03984617 0.04198867 0.03601571 0.03883343 0.04443148 0.03923716
 0.03872987 0.03494932 0.03699093 0.03998229 0.03516386 0.0388258
 0.03146333 0.03417224 0.03991919 0.04071602 0.03606422 0.03916026
 0.03464751 0.04281686 0.04402919 0.03532862 0.04165858 0.03983306
 0.03615103 0.03905514 0.03728094 0.03802978 0.038807   0.03695117
 0.03562088 0.03514095 0.03488821 0.03880673 0.04052432 0.0404197
 0.03547799 0.04123948 0.0321765  0.03783534 0.03762467 0.03517048
 0.03995894 0.04229508 0.03804689 0.03478536 0.0374951  0.03788607
 0.03603748 0.03979274 0.04088568 0.03644315 0.03916139 0.03412643
 0.03742648 0.0431152  0.03925185 0.03933513 0.04016923 0.03343288
 0.03497206 0.04049878 0.03978319 0.03444178 0.03445733 0.03951453
 0.04049396 0.03502099 0.03536237 0.03816443 0.03509608 0.03767721
 0.03974559 0.03877456 0.04012484 0.03922823 0.03755605 0.03913264
 0.03974222 0.03654394 0.04318898 0.03480042 0.03951118 0.04292412
 0.03492576 0.04026173]
wheretheressmoke
BLEU
[0.18932214 0.18138339 0.18991555 0.19690496 0.19859366 0.19983476
 0.20123558 0.17888209 0.18698682 0.19714349 0.19118624 0.19134047
 0.18930546 0.19078271 0.19467195 0.19356525 0.17913847 0.17718336
 0.19946296 0.18671466 0.19530433 0.18616253 0.18927954 0.18301565
 0.18809015 0.19127858 0.18887462 0.19966996 0.20933037 0.19079064
 0.19118063 0.19249531 0.19785029 0.19667556 0.18770402 0.19219732
 0.19003723 0.19359006 0.18888328 0.18773775 0.1922501  0.19389916
 0.18098594 0.18758696 0.19481186 0.19588477 0.19369117 0.20011044
 0.18378821 0.1971703  0.19149634 0.18326894 0.18906622 0.18909694
 0.17960223 0.18987433 0.18623153 0.18529002 0.19378066 0.18390587
 0.1884695  0.19277896 0.18615482 0.19334276 0.19722255 0.18980593
 0.20378465 0.19990629 0.18170245 0.19674328 0.18606645 0.18284654
 0.20240379 0.18606485 0.18143386 0.20294247 0.19875586 0.19734827
 0.19659557 0.1863884  0.18333919 0.18851481 0.19221    0.19581819
 0.18619977 0.19680506 0.19559541 0.18194161 0.19025475 0.19838348
 0.19324765 0.20329241 0.20212837 0.18924596 0.19892801 0.20381813
 0.18740791 0.19761905 0.2039889  0.20035746 0.17974925 0.19377658
 0.18277452 0.19581375 0.18500358 0.19250154 0.19059444 0.19947232
 0.1910497  0.19704561 0.19166122 0.17563692 0.20805077 0.18375243
 0.19460223 0.20054527 0.2046236  0.19618706 0.19809585 0.1902332
 0.19607385 0.18644754 0.19737945 0.18634714 0.18783095 0.1838627
 0.19044503 0.18503965 0.20504809 0.19987799 0.19730413 0.1914704
 0.18790672 0.19833867 0.19256649 0.19390357 0.19548011 0.20192558
 0.19105879 0.18788508 0.1998225  0.18977024 0.19464013 0.19323567
 0.1960684  0.18221009 0.18606883 0.18551809 0.18915481 0.18539919
 0.1905781  0.19258462 0.18322103 0.19443986 0.1867357  0.19412638
 0.19253289 0.20233512 0.18855202 0.19291571 0.19357096 0.19651752
 0.18342041 0.19082949 0.2034841  0.18623751 0.19118151 0.18416203
 0.19327263 0.19729345 0.19652223 0.19843622 0.19511057 0.18650099
 0.18038912 0.19305188 0.19691586 0.19119388 0.18016521 0.19552944
 0.18589786 0.19926848 0.18228405 0.19637405 0.19199299 0.19480635
 0.1901948  0.20150326 0.2071484  0.19705207 0.18945555 0.2043979
 0.18729535 0.18808866 0.18634657 0.18902851 0.19323192 0.19249113
 0.18526912 0.19106336]
wheretheressmoke
METEOR
[0.13606615 0.13288223 0.14096956 0.14282147 0.14396024 0.13998137
 0.13981404 0.13614271 0.13795117 0.14015219 0.14007893 0.13586587
 0.13576998 0.14243915 0.14077327 0.13783765 0.13070008 0.13043236
 0.14230801 0.13381853 0.14110788 0.13281188 0.13534911 0.13006119
 0.13806021 0.13416774 0.13860755 0.14452762 0.14803364 0.14081639
 0.13832799 0.13909476 0.14160852 0.14103261 0.14056115 0.13663901
 0.14235536 0.13993384 0.13406455 0.13701877 0.13577873 0.13886232
 0.13259083 0.13586031 0.13803591 0.13960813 0.13549314 0.15006939
 0.13273166 0.14107382 0.14072886 0.13219323 0.13578758 0.13389829
 0.12830407 0.13468213 0.13746792 0.13503152 0.13863154 0.13727774
 0.13958053 0.13873314 0.13736451 0.14144934 0.13872773 0.14033767
 0.14375891 0.14401754 0.1348055  0.1429145  0.13625026 0.13188246
 0.14229204 0.13968712 0.12919685 0.14870438 0.14026263 0.14038322
 0.14431484 0.13206468 0.13644662 0.14891052 0.13492821 0.14091906
 0.1406258  0.14125047 0.14352628 0.13653972 0.13757402 0.1418192
 0.14167009 0.14472171 0.14521323 0.13456912 0.14170521 0.14016582
 0.13455599 0.14147695 0.14263972 0.14286573 0.13595393 0.14329378
 0.13098371 0.14270905 0.13945676 0.14067056 0.13616511 0.14407889
 0.13863328 0.13686184 0.13917194 0.12618873 0.14531161 0.13185549
 0.14487735 0.14767048 0.14727041 0.14037558 0.14484406 0.13472347
 0.1403894  0.13722539 0.14106919 0.13962299 0.13488127 0.13232973
 0.13985638 0.13285618 0.14450697 0.14146646 0.1396792  0.13617583
 0.13184988 0.1407488  0.14048945 0.14355962 0.13638351 0.1424635
 0.1393852  0.13633284 0.13731093 0.14111432 0.13961536 0.13808163
 0.14210548 0.13154376 0.13685042 0.13616203 0.13333226 0.13869814
 0.1350235  0.14066295 0.1301427  0.14060386 0.13427071 0.14085189
 0.13880593 0.14382626 0.1345638  0.1421801  0.14308229 0.13727453
 0.1329429  0.13745098 0.14082759 0.13672636 0.14003003 0.13808801
 0.13918617 0.14014013 0.14350376 0.14266631 0.13784423 0.13211814
 0.1323933  0.14247038 0.14627436 0.13740739 0.12971556 0.14219817
 0.13438445 0.1416716  0.12993083 0.14087423 0.14149067 0.13999489
 0.13764199 0.13723502 0.15094672 0.14266389 0.13608241 0.14201792
 0.13833172 0.14178564 0.13489759 0.13784559 0.13541383 0.14293161
 0.13258439 0.13657686]
wheretheressmoke
BERT
[0.7880394  0.78858465 0.79222465 0.79058915 0.791056   0.78841686
 0.79092216 0.78736126 0.7884153  0.79097193 0.7893407  0.7886925
 0.79111195 0.79086125 0.7909105  0.78930426 0.78895867 0.78922373
 0.7913993  0.7899991  0.7893943  0.78852266 0.7878979  0.7899852
 0.78974795 0.7905395  0.7887042  0.7913432  0.7919433  0.7898148
 0.7880538  0.7890959  0.7904687  0.7897144  0.79200965 0.7889114
 0.78917074 0.7908377  0.79159117 0.7904283  0.7911324  0.78981775
 0.7879991  0.7884657  0.7901277  0.79036266 0.79189485 0.7908302
 0.78873914 0.7892902  0.79108423 0.78886765 0.7901663  0.78920746
 0.79091614 0.7889903  0.78806204 0.7896946  0.7894329  0.7893128
 0.7893992  0.7895146  0.7905983  0.7908313  0.7887195  0.7905338
 0.79023325 0.78970224 0.7893734  0.7922676  0.78906137 0.7895048
 0.7911266  0.78935724 0.789181   0.7929244  0.7896272  0.79030436
 0.78960466 0.7894209  0.79041845 0.79023    0.7881527  0.7896824
 0.7885488  0.7898596  0.79146844 0.7905206  0.79007995 0.7919835
 0.7911631  0.7896094  0.78866494 0.79017633 0.78926855 0.79058033
 0.7891046  0.78936785 0.78888726 0.79023147 0.789875   0.7913155
 0.78893775 0.7883434  0.79084116 0.7873087  0.7898154  0.7899466
 0.7893111  0.790396   0.7889546  0.78870904 0.78964174 0.79052293
 0.7891283  0.7916739  0.7913969  0.7893402  0.7894915  0.7893269
 0.7908232  0.7899096  0.7891786  0.78878933 0.7890074  0.78883106
 0.79005414 0.7879079  0.7904694  0.7878268  0.79212344 0.79067075
 0.7910589  0.7878024  0.7923759  0.7914482  0.79045653 0.7907435
 0.7894607  0.78930336 0.7905819  0.791456   0.7896248  0.78954333
 0.7895079  0.78969526 0.79251486 0.7907383  0.78913635 0.78971344
 0.78882444 0.7905542  0.7874596  0.79114217 0.7900125  0.7922605
 0.7906832  0.7931282  0.78941226 0.7912706  0.7903324  0.7898379
 0.78937846 0.7899893  0.78991246 0.7885418  0.7908219  0.78985983
 0.78992736 0.79131776 0.7910823  0.79019076 0.7909738  0.7895159
 0.79119027 0.7913664  0.7906918  0.7883849  0.7863757  0.7913348
 0.79147094 0.79101473 0.7894472  0.7908373  0.7892982  0.79041636
 0.7884729  0.790219   0.7920475  0.7909982  0.7904284  0.7912929
 0.78930634 0.7892411  0.7894613  0.78953654 0.7901118  0.78995585
 0.7879544  0.7902639 ]
[nltk_data] Downloading package wordnet to /mnt/iusers01/fse-
[nltk_data]     ugpgt01/compsci01/q12628ct/nltk_data...
[nltk_data]   Package wordnet is already up-to-date!
[nltk_data] Downloading package punkt_tab to /mnt/iusers01/fse-
[nltk_data]     ugpgt01/compsci01/q12628ct/nltk_data...
[nltk_data]   Package punkt_tab is already up-to-date!
[nltk_data] Downloading package omw-1.4 to /mnt/iusers01/fse-
[nltk_data]     ugpgt01/compsci01/q12628ct/nltk_data...
[nltk_data]   Package omw-1.4 is already up-to-date!
/mnt/iusers01/fse-ugpgt01/compsci01/q12628ct/.conda/envs/semantic-decoding/lib/python3.10/site-packages/huggingface_hub/file_download.py:945: FutureWarning: `resume_download` is deprecated and will be removed in version 1.0.0. Downloads always resume when possible. If you want to force a new download, use `force_download=True`.
  warnings.warn(
Some weights of the model checkpoint at roberta-large were not used when initializing RobertaModel: ['lm_head.dense.weight', 'lm_head.layer_norm.weight', 'lm_head.layer_norm.bias', 'lm_head.dense.bias', 'lm_head.bias']
- This IS expected if you are initializing RobertaModel from the checkpoint of a model trained on another task or with another architecture (e.g. initializing a BertForSequenceClassification model from a BertForPreTraining model).
- This IS NOT expected if you are initializing RobertaModel from the checkpoint of a model that you expect to be exactly identical (initializing a BertForSequenceClassification model from a BertForSequenceClassification model).
Some weights of RobertaModel were not initialized from the model checkpoint at roberta-large and are newly initialized: ['roberta.pooler.dense.bias', 'roberta.pooler.dense.weight']
You should probably TRAIN this model on a down-stream task to be able to use it for predictions and inference.
presto
WER
[0.02922272 0.02646706 0.02981486 0.03110617 0.02990033 0.03158017
 0.03536255 0.03369872 0.0264163  0.02806545 0.042173   0.03015691
 0.02855294 0.03935786 0.02972048 0.02998792 0.02955761 0.04019483
 0.02900904 0.0410606  0.03075555 0.02629447 0.03003137 0.03677775
 0.02595309 0.0361516  0.02374501 0.02955425 0.03151076 0.03231604
 0.03122982 0.02792292 0.0333065  0.03180803 0.03045553 0.02622515
 0.02205676 0.02784611 0.02931514 0.02767629 0.02001559 0.03258296
 0.04150893 0.03061828 0.02640579 0.02795086 0.02884958 0.03514302
 0.03307809 0.03291744 0.03894202 0.0315097  0.0228748  0.0323834
 0.03436858 0.03030291 0.03399581 0.03416625 0.03197338 0.03070827
 0.02936155 0.02544573 0.032054   0.03068921 0.02816182 0.03163992
 0.03163979 0.03423796 0.03289061 0.02996747 0.01647914 0.03948162
 0.02996358 0.0285399  0.02969401 0.03141691 0.03991692 0.02701073
 0.03512953 0.02125948 0.02923377 0.02993007 0.02317196 0.02814352
 0.045099   0.02519582 0.02967616 0.03647194 0.02710813 0.02494752
 0.04369917 0.0444316  0.03454044 0.03276591 0.03332079 0.03633199
 0.03475354 0.028659   0.02646485 0.03941623 0.03100313 0.0197866
 0.03539356 0.03486661 0.03180768 0.03466834 0.0416598  0.02868872
 0.04047344 0.02492499 0.03060163 0.02992418 0.03165289 0.02407817
 0.03244565 0.03687439 0.03540523 0.02636922 0.03269406 0.02687257
 0.02882383 0.02319562 0.03671768 0.02628484 0.03818196 0.03198552
 0.03806387 0.02840571 0.03195169 0.02768744 0.03159096 0.02757378
 0.03595073 0.0299557  0.03309254 0.02953215 0.02605909 0.02463429
 0.03369907 0.02831896 0.02774451 0.02374212 0.02725429 0.03384057
 0.0273991  0.03259057 0.03188629 0.03155423 0.02716937 0.03155151
 0.02690731 0.02854886 0.03486798 0.03786309 0.03540506 0.03201863
 0.02117415 0.03294013 0.0277761  0.03342766 0.02701733 0.0326247
 0.0234318  0.03726262 0.0277313  0.03145243 0.03938736 0.03115968
 0.03912232 0.03786376 0.03037256 0.02713844 0.03290837 0.02404897
 0.04021733 0.03035142 0.03012345 0.03325971 0.02612075 0.02298012
 0.01993805 0.02216325 0.0385314  0.02495205 0.03963658 0.03651992
 0.0304713  0.03471386 0.03378952 0.02063995 0.02743624 0.03574704
 0.02895453 0.02565029 0.02491161 0.02870363 0.03785804 0.02891489
 0.03277452 0.03406633]
presto
BLEU
[0.12106074 0.10801487 0.10972963 0.13077667 0.11171836 0.11455837
 0.12641669 0.11754681 0.10620287 0.11638409 0.15266632 0.11411258
 0.12445918 0.13621217 0.11150259 0.11458319 0.12646911 0.13861003
 0.10772603 0.12459034 0.12328413 0.10248514 0.11185274 0.12430607
 0.11222524 0.12985371 0.11094505 0.11033737 0.11713884 0.12419607
 0.11374112 0.11542685 0.11844656 0.118039   0.11111098 0.10705596
 0.11106011 0.10576665 0.12149799 0.11410633 0.10218257 0.11395708
 0.13083873 0.12322499 0.11632803 0.10622679 0.12081522 0.11878651
 0.11763881 0.11061698 0.12579211 0.11565563 0.10789985 0.1151933
 0.11345989 0.11667918 0.12326509 0.10877473 0.10984035 0.11793003
 0.11840105 0.11848685 0.11323841 0.12164472 0.11290596 0.11588399
 0.11642717 0.12326101 0.12398693 0.10949124 0.07978247 0.14816878
 0.10738867 0.11113524 0.12958405 0.11611576 0.12356242 0.12206691
 0.12720195 0.11123623 0.11947418 0.12292915 0.08414661 0.11383429
 0.13617126 0.10827928 0.10178575 0.11897722 0.10305251 0.10963541
 0.12732081 0.12946825 0.12934465 0.1117014  0.11980851 0.13426513
 0.12214425 0.10972878 0.11659719 0.12314029 0.11758928 0.09687151
 0.13585161 0.1237362  0.11515178 0.11924718 0.1250889  0.10857175
 0.13721583 0.11836927 0.11642144 0.10759361 0.11326847 0.11283137
 0.12940976 0.12579442 0.11567082 0.1133026  0.114278   0.11886834
 0.10915483 0.10922286 0.12291646 0.10717258 0.12669968 0.12946316
 0.12993122 0.11630226 0.12146879 0.10297007 0.1130203  0.1183476
 0.12835    0.1093649  0.12086256 0.11533456 0.10971599 0.10728953
 0.10750193 0.09980589 0.10680621 0.10913675 0.10429693 0.12698153
 0.10305581 0.119951   0.12034514 0.11167016 0.10067073 0.12941833
 0.10831655 0.12372106 0.12011637 0.13001322 0.12730633 0.12201671
 0.10842226 0.11547094 0.12494606 0.11232888 0.11267919 0.11531715
 0.10804248 0.12680978 0.10404223 0.1199613  0.13376956 0.11051777
 0.11675847 0.1317245  0.12047591 0.09977967 0.10706259 0.09973322
 0.12220851 0.11766399 0.12236671 0.12085864 0.11109064 0.10162669
 0.09983903 0.09400408 0.13076347 0.09385112 0.12794908 0.14470136
 0.1202805  0.12623617 0.11967058 0.10068641 0.10439613 0.11716192
 0.11930728 0.09780056 0.1239063  0.10646841 0.1345993  0.12096153
 0.11629374 0.11811695]
presto
METEOR
[0.08154001 0.07793616 0.07872648 0.08916132 0.07972105 0.07856442
 0.08724348 0.08085224 0.07923456 0.07913235 0.09869815 0.07998852
 0.08195863 0.09191837 0.0788354  0.07745566 0.08687868 0.09523359
 0.07896659 0.08975134 0.08605607 0.07273541 0.07947498 0.08769555
 0.08170343 0.08897845 0.07667191 0.07960774 0.0806889  0.08523701
 0.07420741 0.07826575 0.08454581 0.0771712  0.07622976 0.07726682
 0.07787002 0.07279783 0.08361248 0.08206562 0.07465495 0.08102769
 0.093296   0.08593318 0.079856   0.08511147 0.08321638 0.07666166
 0.07733742 0.07736345 0.08082705 0.08297745 0.07498261 0.08041854
 0.07505494 0.08251158 0.08533069 0.08086872 0.07396744 0.08315031
 0.08052062 0.0835898  0.07863393 0.08147296 0.07310257 0.08364908
 0.08118758 0.08070754 0.085682   0.07170933 0.05954849 0.09873169
 0.0794302  0.07938021 0.08860058 0.08788647 0.08595022 0.08170955
 0.08668826 0.07691071 0.08704106 0.08328225 0.06594941 0.07567858
 0.08894531 0.08062263 0.07429967 0.08445556 0.07311948 0.0739542
 0.0851806  0.08967203 0.09031998 0.08089832 0.08431653 0.09441737
 0.08830483 0.08022248 0.08197473 0.08560042 0.08770159 0.06904855
 0.09221084 0.08916419 0.08057987 0.08442631 0.08487041 0.07559048
 0.0913983  0.07871013 0.08441046 0.076288   0.0796034  0.07907508
 0.08187232 0.08972447 0.08008645 0.07922605 0.08006239 0.08959777
 0.07655485 0.07799383 0.09052738 0.07445819 0.09058499 0.09064509
 0.08656794 0.08250188 0.08529951 0.07437968 0.07696595 0.08271863
 0.08698835 0.07961864 0.08560843 0.08331807 0.07547021 0.07624244
 0.07728445 0.07249797 0.07603981 0.07637253 0.07594956 0.08386993
 0.07706586 0.08405525 0.08682826 0.07718754 0.07009203 0.0907347
 0.0747345  0.0880024  0.08269309 0.0907281  0.08861148 0.08255922
 0.07363856 0.0824628  0.08620274 0.07809699 0.07850223 0.07996158
 0.07320942 0.08575943 0.07569388 0.08389946 0.09036685 0.07635274
 0.08333942 0.08888023 0.08525885 0.06716483 0.07937851 0.07070968
 0.086622   0.07949575 0.08649971 0.08336238 0.07663642 0.07140146
 0.07123685 0.06878507 0.08327485 0.06767643 0.0808559  0.09606994
 0.08353674 0.08554485 0.08078012 0.07236065 0.07604503 0.0838492
 0.08370459 0.07144776 0.08323939 0.07683831 0.08984061 0.08694113
 0.0797657  0.08329029]
presto
BERT
[0.7720954  0.77045304 0.7717965  0.769818   0.7709152  0.77480084
 0.7731101  0.77438396 0.7687464  0.77007306 0.77677363 0.773489
 0.7710266  0.77327913 0.77314574 0.77135164 0.77414787 0.7753224
 0.76930094 0.77164674 0.7715091  0.7712626  0.7715084  0.77322376
 0.7712205  0.7745511  0.7704892  0.7714167  0.7741005  0.7732489
 0.77127224 0.77040017 0.7733684  0.7694098  0.77281874 0.7689977
 0.7740568  0.7722577  0.7699684  0.77209765 0.7682972  0.76952446
 0.7737529  0.7727209  0.77407694 0.7704312  0.7754988  0.773098
 0.7698052  0.7706313  0.77190316 0.77156526 0.76961195 0.7695466
 0.77099335 0.7691702  0.77332294 0.7708309  0.7695517  0.7749516
 0.7717837  0.7702264  0.77309144 0.77199304 0.77075756 0.7743411
 0.76986355 0.77429396 0.77112764 0.7692967  0.770226   0.7787157
 0.76936793 0.7742532  0.76972425 0.76918393 0.7727198  0.7708717
 0.77006435 0.7716505  0.76919264 0.7732819  0.76754993 0.76994133
 0.77224576 0.77054846 0.7734528  0.7702632  0.77082574 0.77165866
 0.77376354 0.7721517  0.77245665 0.77102584 0.7748113  0.77490175
 0.7705001  0.771291   0.7714471  0.77234006 0.7706798  0.77128243
 0.7741962  0.7713795  0.77096844 0.77078885 0.77218354 0.7720918
 0.7736845  0.77052516 0.77108663 0.7714762  0.77161956 0.77409047
 0.7750394  0.77389103 0.7683725  0.7705689  0.7718395  0.7781152
 0.7726007  0.77015597 0.7734792  0.7712091  0.77160656 0.773223
 0.7720228  0.7669054  0.7726508  0.7691267  0.77329636 0.7695719
 0.77502626 0.77229    0.77345866 0.76871413 0.7711014  0.7705704
 0.7702771  0.7679303  0.77452534 0.77291465 0.7684231  0.77207845
 0.77221364 0.77499187 0.7720076  0.771224   0.7722526  0.77528
 0.7711922  0.7708246  0.7708704  0.774057   0.7731438  0.7715105
 0.77134424 0.7709429  0.77143854 0.77097595 0.7688308  0.7736281
 0.7706392  0.77450186 0.76997894 0.7685891  0.77372384 0.7736593
 0.7705008  0.7708661  0.7727713  0.7714036  0.7703756  0.7693297
 0.76962656 0.7753665  0.7714296  0.7705886  0.77145845 0.77116466
 0.7700485  0.7685773  0.77367073 0.76891446 0.7718587  0.7758661
 0.7718002  0.77306813 0.77282435 0.7686317  0.7752062  0.76886505
 0.77697897 0.76781213 0.77224535 0.7728272  0.7714539  0.7741893
 0.77415454 0.7710363 ]
[nltk_data] Downloading package wordnet to /mnt/iusers01/fse-
[nltk_data]     ugpgt01/compsci01/q12628ct/nltk_data...
[nltk_data]   Package wordnet is already up-to-date!
[nltk_data] Downloading package punkt_tab to /mnt/iusers01/fse-
[nltk_data]     ugpgt01/compsci01/q12628ct/nltk_data...
[nltk_data]   Package punkt_tab is already up-to-date!
[nltk_data] Downloading package omw-1.4 to /mnt/iusers01/fse-
[nltk_data]     ugpgt01/compsci01/q12628ct/nltk_data...
[nltk_data]   Package omw-1.4 is already up-to-date!
/mnt/iusers01/fse-ugpgt01/compsci01/q12628ct/.conda/envs/semantic-decoding/lib/python3.10/site-packages/huggingface_hub/file_download.py:945: FutureWarning: `resume_download` is deprecated and will be removed in version 1.0.0. Downloads always resume when possible. If you want to force a new download, use `force_download=True`.
  warnings.warn(
Some weights of the model checkpoint at roberta-large were not used when initializing RobertaModel: ['lm_head.bias', 'lm_head.dense.bias', 'lm_head.layer_norm.weight', 'lm_head.layer_norm.bias', 'lm_head.dense.weight']
- This IS expected if you are initializing RobertaModel from the checkpoint of a model trained on another task or with another architecture (e.g. initializing a BertForSequenceClassification model from a BertForPreTraining model).
- This IS NOT expected if you are initializing RobertaModel from the checkpoint of a model that you expect to be exactly identical (initializing a BertForSequenceClassification model from a BertForSequenceClassification model).
Some weights of RobertaModel were not initialized from the model checkpoint at roberta-large and are newly initialized: ['roberta.pooler.dense.weight', 'roberta.pooler.dense.bias']
You should probably TRAIN this model on a down-stream task to be able to use it for predictions and inference.
partlycloudy
WER
[-0.13522251 -0.13204334 -0.15381624 -0.13917226 -0.14506131 -0.13830171
 -0.13293057 -0.15190857 -0.1486991  -0.15003131 -0.14202642 -0.14767385
 -0.13942785 -0.13128648 -0.14489062 -0.13848067 -0.14053499 -0.137914
 -0.14189541 -0.14103331 -0.14579142 -0.14230443 -0.13080247 -0.14005825
 -0.13576561 -0.14331822 -0.13348423 -0.13741385 -0.14767549 -0.1439171
 -0.13254522 -0.13762896 -0.13479668 -0.14666924 -0.14226006 -0.13758297
 -0.14451557 -0.15054047 -0.13396791 -0.1382471  -0.14848835 -0.13462906
 -0.14149477 -0.13753959 -0.14040299 -0.14739024 -0.14075439 -0.14543091
 -0.15060715 -0.14695833 -0.14680771 -0.13191981 -0.13944523 -0.14054636
 -0.14446878 -0.14673355 -0.14157334 -0.14402859 -0.14688053 -0.14270442
 -0.14425752 -0.14188184 -0.14223006 -0.13972398 -0.14219273 -0.14653042
 -0.14425997 -0.13986101 -0.14067519 -0.1459031  -0.14459511 -0.13571721
 -0.13473218 -0.13829074 -0.13573756 -0.14691454 -0.13587307 -0.14462794
 -0.13868162 -0.14243726 -0.14045652 -0.13703729 -0.15101819 -0.14649108
 -0.12829867 -0.1501001  -0.13906504 -0.14435504 -0.13871866 -0.13568153
 -0.13897177 -0.13423386 -0.13979482 -0.13916692 -0.14266182 -0.13151792
 -0.13772923 -0.14592713 -0.14041249 -0.14202597 -0.14583839 -0.14626396
 -0.14395947 -0.14073368 -0.14212948 -0.13273586 -0.14198362 -0.15267178
 -0.1503193  -0.13970049 -0.12399372 -0.13848412 -0.14596179 -0.14169995
 -0.1526523  -0.13628099 -0.13926126 -0.14093962 -0.12698397 -0.1392947
 -0.13126169 -0.14036365 -0.12608808 -0.14326878 -0.13323513 -0.14252234
 -0.13726328 -0.13519949 -0.13586724 -0.1367566  -0.14467155 -0.13028603
 -0.13844702 -0.14494431 -0.13613382 -0.13861783 -0.14423216 -0.13359212
 -0.14695244 -0.13688961 -0.13823953 -0.14686167 -0.1405845  -0.14218396
 -0.1451323  -0.14799393 -0.14358495 -0.13999143 -0.13959429 -0.14306492
 -0.13812026 -0.13945124 -0.13974127 -0.13307822 -0.1422844  -0.14074635
 -0.14257534 -0.14309929 -0.14272213 -0.15230111 -0.14641129 -0.13655534
 -0.14879475 -0.13866289 -0.13447264 -0.13365893 -0.14663602 -0.14482554
 -0.14600111 -0.14538531 -0.13462884 -0.1407456  -0.14330448 -0.13651003
 -0.13497581 -0.13590283 -0.14209814 -0.14570239 -0.14946084 -0.13811726
 -0.13950601 -0.13417498 -0.14299305 -0.13995556 -0.14316333 -0.1455046
 -0.14189284 -0.15039391 -0.14492934 -0.14187448 -0.14234368 -0.13089408
 -0.14374048 -0.14603496 -0.13915934 -0.14758293 -0.13703815 -0.14691768
 -0.14353986 -0.14230465]
partlycloudy
BLEU
[0.13071715 0.14104503 0.11443568 0.12348887 0.11142008 0.12964625
 0.13230964 0.10595491 0.12258921 0.11013221 0.12271648 0.11429935
 0.12381803 0.13666071 0.12144528 0.13826457 0.13013063 0.1282664
 0.12065847 0.1377649  0.10821437 0.12564637 0.13462793 0.13493717
 0.1312991  0.11537142 0.12220135 0.14738582 0.11265848 0.12723765
 0.13828969 0.13991167 0.14352179 0.13006533 0.1240432  0.14080135
 0.12154971 0.11546524 0.12687269 0.13290511 0.11017772 0.12599635
 0.13308049 0.14249225 0.1333469  0.09637143 0.13443972 0.1035591
 0.11003665 0.11692691 0.11725232 0.13883072 0.12089184 0.12753822
 0.12046946 0.11941274 0.13153459 0.1186299  0.11184461 0.11816005
 0.12570202 0.12304818 0.12221973 0.12107234 0.1289333  0.11749985
 0.11755843 0.12845778 0.12204475 0.11984838 0.12803928 0.13141453
 0.14526637 0.13462119 0.13227725 0.12304115 0.12940948 0.11385389
 0.12755034 0.12622623 0.12058607 0.13166759 0.12001558 0.11444859
 0.13143002 0.10308    0.127731   0.12039566 0.13171441 0.14612741
 0.14064587 0.13333964 0.12110718 0.12689395 0.11311134 0.13925205
 0.12841938 0.11465179 0.12045577 0.12149147 0.13081045 0.12053446
 0.12607483 0.12318801 0.12255879 0.1300937  0.12782965 0.12289896
 0.10997904 0.12958819 0.13539383 0.13695117 0.11532118 0.12185555
 0.10922193 0.12806225 0.12524717 0.1207952  0.14441313 0.12887617
 0.13888413 0.12294368 0.16236374 0.12215845 0.13442069 0.11889307
 0.11569079 0.1292813  0.12756488 0.11786498 0.12472264 0.13423073
 0.12530816 0.12808429 0.12386177 0.12539362 0.12145373 0.12962267
 0.10744908 0.1189934  0.13633394 0.12904031 0.12357606 0.12159836
 0.11600676 0.11249534 0.1177458  0.12164434 0.11366116 0.12179996
 0.13271536 0.12916708 0.12836267 0.13030175 0.11972108 0.12654205
 0.12857658 0.12111313 0.11748714 0.11490369 0.10987952 0.13294617
 0.103358   0.12639493 0.1329348  0.12545974 0.11347111 0.12528732
 0.12255506 0.12585073 0.1274819  0.1261802  0.12143792 0.1315647
 0.13663113 0.13799159 0.1421014  0.12211778 0.10512995 0.13882166
 0.13207065 0.13324893 0.13511734 0.11198155 0.12014384 0.11743308
 0.12369347 0.10920048 0.12281786 0.11620859 0.1217925  0.13835984
 0.11405642 0.11553762 0.12870565 0.10955364 0.13307421 0.11647897
 0.13183438 0.11349021]
partlycloudy
METEOR
[0.10376046 0.11312478 0.09538682 0.10418134 0.0941862  0.10985903
 0.11630171 0.08974412 0.0970819  0.08745842 0.10766379 0.09735578
 0.10151965 0.10892681 0.10421853 0.11201574 0.1033142  0.10324732
 0.09864697 0.10903971 0.09642381 0.10665844 0.11006854 0.10474793
 0.10869286 0.10300957 0.09804766 0.11822882 0.09597264 0.10206718
 0.10997911 0.11256753 0.11072183 0.10632229 0.10331384 0.10673773
 0.10184279 0.09521452 0.10332035 0.10478614 0.09072322 0.1007468
 0.10701715 0.11002979 0.10860877 0.09071583 0.10993252 0.08976035
 0.09248967 0.0911114  0.0956471  0.11184316 0.099498   0.09841819
 0.09696598 0.0979993  0.10230205 0.10083457 0.09333199 0.10450575
 0.1028568  0.09631845 0.09956028 0.09991572 0.10736727 0.10116478
 0.09597756 0.10742383 0.09629912 0.10238888 0.10747446 0.11165074
 0.1169835  0.11599978 0.10808047 0.10115816 0.10526411 0.09947504
 0.11085372 0.10032232 0.10354737 0.10536907 0.09712398 0.09305188
 0.1016928  0.08644427 0.10599021 0.107074   0.11484942 0.10935611
 0.11260767 0.1050461  0.102285   0.10236221 0.0929904  0.1160536
 0.10542543 0.09932014 0.09671956 0.10790764 0.10240135 0.09344819
 0.09906441 0.1016803  0.10173584 0.10468314 0.10454224 0.10085623
 0.08700646 0.10309151 0.10844015 0.11429412 0.09351668 0.10059967
 0.09265568 0.09895861 0.10608395 0.10428171 0.12189667 0.10252472
 0.10671615 0.10226465 0.12398621 0.09899337 0.10739914 0.09745343
 0.10285014 0.10298689 0.10398516 0.0995403  0.09873939 0.10590537
 0.10314294 0.10834212 0.10171477 0.10465234 0.10040731 0.10262331
 0.09423232 0.10345743 0.10433881 0.10470896 0.10176904 0.10391897
 0.09315787 0.09666468 0.09582698 0.10170957 0.09273396 0.09817606
 0.10445554 0.10830135 0.10204866 0.11151888 0.0967562  0.10055293
 0.10330706 0.10169075 0.10226487 0.10102262 0.09522642 0.10839278
 0.09156449 0.10060408 0.11227534 0.10205431 0.096317   0.10116152
 0.10089746 0.10958945 0.10108202 0.10650212 0.09928391 0.10412041
 0.10851525 0.10546196 0.11624455 0.10352872 0.09168852 0.11269293
 0.11439523 0.10914311 0.10698597 0.09255143 0.09865831 0.10231043
 0.108411   0.09071199 0.10015192 0.10096783 0.09830808 0.1100146
 0.09695909 0.0939136  0.11081894 0.09345479 0.1100602  0.10074475
 0.10814434 0.10128437]
partlycloudy
BERT
[0.7822992  0.78085417 0.7794222  0.77629024 0.7811162  0.78081554
 0.7784453  0.7776167  0.7774282  0.78136486 0.77762586 0.78155977
 0.7798152  0.781064   0.7790698  0.78037703 0.7764911  0.7783779
 0.778916   0.78009135 0.77996933 0.77832466 0.7798629  0.78145623
 0.7786981  0.7819522  0.77877194 0.78153974 0.77858186 0.779513
 0.7807057  0.7796654  0.7817862  0.777499   0.7799556  0.7832309
 0.77669144 0.78077745 0.7811567  0.78164953 0.77737784 0.7772795
 0.77852106 0.7803502  0.7811821  0.7779166  0.77915424 0.77938133
 0.77942836 0.78195846 0.78026634 0.78040355 0.78141385 0.7781257
 0.7760387  0.77786165 0.7825336  0.7803991  0.778883   0.7788911
 0.78089565 0.7811002  0.779098   0.781181   0.7815769  0.78023213
 0.7801596  0.7832434  0.7789425  0.7770098  0.78296846 0.7810219
 0.7785928  0.78238225 0.77939236 0.77922004 0.7794231  0.7797299
 0.7807398  0.7795018  0.7833601  0.77952886 0.77919227 0.7797295
 0.7803316  0.7792962  0.77880526 0.7778157  0.7782919  0.78364795
 0.78102434 0.7792927  0.7807096  0.7782419  0.77964824 0.78157836
 0.77977467 0.7822078  0.7773263  0.77695346 0.7774348  0.7817372
 0.7795032  0.77834266 0.77855647 0.7803671  0.77918446 0.77848554
 0.7786184  0.77925855 0.78021646 0.7772318  0.776228   0.781012
 0.77822214 0.7838161  0.77985436 0.7796078  0.7811044  0.78135663
 0.77848417 0.7792073  0.7824185  0.78032637 0.78172946 0.78140783
 0.7765507  0.77937436 0.78054506 0.77913034 0.7781199  0.7823628
 0.7820107  0.78042996 0.77934974 0.7800124  0.779986   0.78105843
 0.7797201  0.7825263  0.7816369  0.77954775 0.7808238  0.7778965
 0.7798027  0.77955085 0.7782226  0.77935046 0.781285   0.7787528
 0.78127426 0.78119504 0.7768759  0.78217006 0.7806111  0.77833325
 0.7802624  0.7783979  0.77953136 0.7798352  0.77880806 0.7847574
 0.77815586 0.78154826 0.77995807 0.7791527  0.7797646  0.7801472
 0.77941704 0.7776206  0.7801873  0.7798289  0.77998406 0.7817099
 0.7789034  0.78052175 0.77948797 0.78047603 0.7775811  0.78217715
 0.7824832  0.7821463  0.7802053  0.78187555 0.77873826 0.77711946
 0.78070414 0.7784197  0.78226626 0.7763014  0.77845144 0.7802649
 0.77833784 0.7778848  0.7817803  0.7774128  0.7799575  0.77829105
 0.7794605  0.7804036 ]
[nltk_data] Downloading package wordnet to /mnt/iusers01/fse-
[nltk_data]     ugpgt01/compsci01/q12628ct/nltk_data...
[nltk_data]   Package wordnet is already up-to-date!
[nltk_data] Downloading package punkt_tab to /mnt/iusers01/fse-
[nltk_data]     ugpgt01/compsci01/q12628ct/nltk_data...
[nltk_data]   Package punkt_tab is already up-to-date!
[nltk_data] Downloading package omw-1.4 to /mnt/iusers01/fse-
[nltk_data]     ugpgt01/compsci01/q12628ct/nltk_data...
[nltk_data]   Package omw-1.4 is already up-to-date!
/mnt/iusers01/fse-ugpgt01/compsci01/q12628ct/.conda/envs/semantic-decoding/lib/python3.10/site-packages/huggingface_hub/file_download.py:945: FutureWarning: `resume_download` is deprecated and will be removed in version 1.0.0. Downloads always resume when possible. If you want to force a new download, use `force_download=True`.
  warnings.warn(
Some weights of the model checkpoint at roberta-large were not used when initializing RobertaModel: ['lm_head.dense.weight', 'lm_head.layer_norm.weight', 'lm_head.layer_norm.bias', 'lm_head.bias', 'lm_head.dense.bias']
- This IS expected if you are initializing RobertaModel from the checkpoint of a model trained on another task or with another architecture (e.g. initializing a BertForSequenceClassification model from a BertForPreTraining model).
- This IS NOT expected if you are initializing RobertaModel from the checkpoint of a model that you expect to be exactly identical (initializing a BertForSequenceClassification model from a BertForSequenceClassification model).
Some weights of RobertaModel were not initialized from the model checkpoint at roberta-large and are newly initialized: ['roberta.pooler.dense.bias', 'roberta.pooler.dense.weight']
You should probably TRAIN this model on a down-stream task to be able to use it for predictions and inference.
laluna
WER
[-0.06043949 -0.06079889 -0.06020509 -0.06513377 -0.05436586 -0.06262202
 -0.05795244 -0.05396931 -0.05359387 -0.06150131 -0.05814083 -0.05233191
 -0.05426226 -0.05896471 -0.06282306 -0.05760772 -0.04953901 -0.05976656
 -0.05928625 -0.06136082 -0.05838756 -0.06176271 -0.062921   -0.06642203
 -0.06078035 -0.05521703 -0.06031683 -0.06293402 -0.05892457 -0.05639431
 -0.05579944 -0.05692922 -0.05870589 -0.06690316 -0.05980578 -0.05928918
 -0.05520193 -0.06260075 -0.05010258 -0.05307631 -0.06018286 -0.05925624
 -0.06203854 -0.05079956 -0.06741954 -0.05813969 -0.05500236 -0.06190666
 -0.05402978 -0.05581732 -0.05543518 -0.06332566 -0.06216825 -0.0534228
 -0.06508133 -0.06067691 -0.06865809 -0.0494002  -0.06157738 -0.04683755
 -0.05709644 -0.05687498 -0.05093054 -0.0615723  -0.06063411 -0.06169581
 -0.0537815  -0.05507202 -0.05564331 -0.05362123 -0.06937282 -0.05893983
 -0.05734419 -0.06350324 -0.06298075 -0.0594483  -0.05985246 -0.05570111
 -0.0577273  -0.05644099 -0.05090508 -0.06094852 -0.0548003  -0.04757052
 -0.06466233 -0.0626005  -0.06799062 -0.04415836 -0.05272864 -0.06221836
 -0.05994425 -0.05870667 -0.05831    -0.05351147 -0.06313534 -0.05412261
 -0.0574848  -0.05315789 -0.05223446 -0.06053918 -0.06409973 -0.05163567
 -0.05409324 -0.0630073  -0.06343974 -0.0530588  -0.0619774  -0.05070432
 -0.06198929 -0.05660204 -0.05876876 -0.05637472 -0.06223678 -0.05733538
 -0.06541852 -0.06350339 -0.05448098 -0.06065391 -0.06802501 -0.06119593
 -0.06062399 -0.06256363 -0.06098306 -0.0572205  -0.05594044 -0.05613187
 -0.06037177 -0.05853937 -0.05309769 -0.0546721  -0.05250888 -0.05825549
 -0.05423796 -0.05734911 -0.06797209 -0.06718019 -0.05776213 -0.05482083
 -0.06373363 -0.05673921 -0.06597728 -0.05409919 -0.06357497 -0.0590683
 -0.05547984 -0.05734652 -0.05943705 -0.06830591 -0.06430723 -0.05890057
 -0.05935378 -0.06493543 -0.06387168 -0.05397747 -0.05608928 -0.06093549
 -0.06114767 -0.05970296 -0.06518998 -0.05903507 -0.06777335 -0.05805134
 -0.06170834 -0.06419423 -0.05956971 -0.06051691 -0.05728574 -0.06019284
 -0.05279717 -0.05779865 -0.05816588 -0.05687698 -0.04932818 -0.07358662
 -0.05083568 -0.05577848 -0.05489906 -0.05384298 -0.06144082 -0.05990634
 -0.05869212 -0.04873331 -0.06573894 -0.0561539  -0.05900179 -0.05853987
 -0.05627749 -0.05427996 -0.05255916 -0.05641897 -0.06038407 -0.06041947
 -0.05985778 -0.0637598  -0.05877621 -0.05525406 -0.05857356 -0.05480599
 -0.04799846 -0.05664176]
laluna
BLEU
[0.12685444 0.1271406  0.12829883 0.12339873 0.12285647 0.12702587
 0.11517112 0.13122198 0.12977278 0.12418093 0.1191075  0.13778194
 0.13027962 0.13396612 0.13069003 0.12341215 0.13563228 0.13332939
 0.11793503 0.12596584 0.12905167 0.12307949 0.12633894 0.11360906
 0.11835837 0.13055574 0.11375849 0.11047486 0.11345736 0.12927623
 0.13576897 0.1231616  0.11670717 0.11469337 0.12966516 0.12906907
 0.13196934 0.1263781  0.14556856 0.13786929 0.12327322 0.11364796
 0.11876068 0.14133032 0.10719745 0.13071454 0.13070356 0.11577518
 0.12494775 0.13523537 0.12309215 0.10836977 0.1175249  0.13038297
 0.11504856 0.11546898 0.09696119 0.14078106 0.11631365 0.1342642
 0.1359003  0.11674583 0.13542571 0.13244201 0.12436176 0.13168124
 0.13560641 0.11791887 0.13617613 0.13295052 0.11201934 0.1313317
 0.11943489 0.11955426 0.11371248 0.12267861 0.13908657 0.12670757
 0.13117517 0.13464066 0.15021098 0.11793491 0.12163031 0.13918113
 0.11664758 0.12210824 0.11054912 0.15186572 0.12936372 0.11505598
 0.12183343 0.11349166 0.12353886 0.12573717 0.13003312 0.13509805
 0.11976512 0.14177494 0.12788319 0.11755338 0.12169553 0.13612911
 0.13078633 0.12144393 0.12168891 0.135619   0.11963723 0.13474231
 0.1207255  0.12604282 0.1249147  0.12277236 0.12730197 0.13250494
 0.11999212 0.11995413 0.12287849 0.11216228 0.10700151 0.11452078
 0.11646181 0.11727022 0.1108321  0.12027373 0.12770956 0.12339248
 0.13011448 0.11390934 0.13686668 0.12870075 0.13064642 0.12521853
 0.12975998 0.13342152 0.11430496 0.1092128  0.11376528 0.13744151
 0.11336717 0.13109414 0.1177787  0.12721239 0.12271084 0.13207606
 0.12046087 0.11958575 0.12077539 0.1128382  0.11831089 0.1171273
 0.12600513 0.12712063 0.11831142 0.12220005 0.13062258 0.11803987
 0.11547597 0.11476597 0.11424225 0.10935183 0.11015163 0.129433
 0.10740279 0.10095913 0.12643569 0.1108948  0.12448483 0.12054168
 0.13595936 0.14282686 0.14060416 0.12921684 0.14279519 0.10535899
 0.14867891 0.12926024 0.13575341 0.12945193 0.14285366 0.13161566
 0.11720457 0.14158664 0.13087735 0.13126272 0.12444464 0.13335286
 0.13413266 0.12651472 0.12802303 0.1304539  0.12370003 0.12191403
 0.1259022  0.10616294 0.11765665 0.14138637 0.11627239 0.13097551
 0.15556382 0.12919941]
laluna
METEOR
[0.0926915  0.09507583 0.09709054 0.0902106  0.09244548 0.09739505
 0.08494501 0.09775909 0.0980739  0.08937223 0.08618458 0.09845411
 0.10041963 0.09618276 0.09523033 0.09083652 0.10162617 0.09725403
 0.08725171 0.09506088 0.09555966 0.0956918  0.09849897 0.08592436
 0.08933382 0.09528856 0.08740587 0.0862815  0.09018056 0.09425963
 0.09669644 0.09351518 0.08729464 0.08543743 0.09681381 0.09306403
 0.09507778 0.0938279  0.10256128 0.1048544  0.09392201 0.08496009
 0.09368603 0.10163493 0.08221954 0.09730678 0.09679049 0.08905684
 0.08869902 0.09970127 0.09289132 0.08235628 0.0928531  0.09837139
 0.09047399 0.08513146 0.07922049 0.10563143 0.09050415 0.0989323
 0.10432923 0.09052785 0.10316341 0.09441157 0.08995036 0.09582772
 0.10069984 0.09396415 0.09521063 0.09481843 0.08583687 0.09757016
 0.09245482 0.08892488 0.09094548 0.09262088 0.09993531 0.09170131
 0.09655817 0.09852653 0.10821806 0.09012922 0.09164265 0.10012529
 0.08641155 0.09575012 0.08224656 0.10809322 0.09973908 0.0863717
 0.09037805 0.08741968 0.09360523 0.0895853  0.09743332 0.09398866
 0.09306061 0.09991736 0.09672833 0.08945515 0.09186454 0.10233283
 0.09343944 0.09197669 0.09138607 0.09743828 0.08685092 0.09649243
 0.08623456 0.09751146 0.09591654 0.09116909 0.09448852 0.10046691
 0.09060717 0.08615864 0.09941773 0.08890085 0.08394395 0.08294427
 0.08778729 0.08839383 0.08453823 0.08873267 0.09073335 0.09525814
 0.09556582 0.09049742 0.10131549 0.09592063 0.09672929 0.08724099
 0.09915135 0.10248788 0.08600554 0.08269525 0.08731505 0.0993643
 0.08552003 0.09687249 0.08948233 0.09488469 0.09403491 0.10181436
 0.08557245 0.08806253 0.09361744 0.08760499 0.09090607 0.08900988
 0.09726635 0.09505489 0.09043423 0.09015198 0.09260955 0.09261755
 0.08190575 0.08666456 0.0883315  0.08128396 0.08634273 0.09578529
 0.08068277 0.07530093 0.09511189 0.08601972 0.09449208 0.08879662
 0.10224514 0.11508189 0.10947631 0.09655525 0.10588902 0.07745451
 0.10402911 0.09400099 0.10346269 0.09787715 0.10215281 0.10268817
 0.08748745 0.10046708 0.09874305 0.09564496 0.09392915 0.09874468
 0.09601413 0.09502072 0.09697417 0.09918872 0.09306696 0.09165458
 0.09410984 0.08206104 0.0880071  0.10314883 0.09081516 0.09353954
 0.107094   0.09139974]
laluna
BERT
[0.7843984  0.7825184  0.78301686 0.78595084 0.7836855  0.786348
 0.783089   0.7848384  0.78483087 0.78124744 0.780848   0.7851949
 0.7888944  0.78515995 0.7846134  0.7840443  0.78601295 0.7830956
 0.78385633 0.78418577 0.78428555 0.78137445 0.7842522  0.7812261
 0.7826956  0.7850323  0.7869352  0.7832315  0.7820263  0.7847678
 0.78457874 0.7877511  0.7841404  0.7820688  0.78686893 0.7834848
 0.7821257  0.7843832  0.7850172  0.7850483  0.7826054  0.78211695
 0.7817774  0.78596264 0.78112996 0.786525   0.78684616 0.78691363
 0.78237915 0.78450346 0.7855353  0.7836968  0.7819696  0.7870797
 0.7818629  0.7853659  0.7833497  0.7876926  0.7884874  0.7856943
 0.78479964 0.7814389  0.7879701  0.78504616 0.7861106  0.7817418
 0.7827432  0.7827858  0.7858543  0.7818504  0.78637254 0.7865245
 0.77915055 0.78320163 0.783051   0.78574777 0.7846223  0.78608394
 0.7834077  0.7828952  0.78835046 0.7832861  0.7840974  0.7827001
 0.7843982  0.7838024  0.78405946 0.78583974 0.78451234 0.782755
 0.7835594  0.78541386 0.78280956 0.7812456  0.78609693 0.7840626
 0.782627   0.7836634  0.78663695 0.7842092  0.7830537  0.7901604
 0.7860092  0.78189033 0.7821834  0.7847502  0.7830448  0.7844181
 0.7816454  0.7820303  0.7821976  0.7833796  0.7864061  0.78605205
 0.78336316 0.7841495  0.7868238  0.7816162  0.7834845  0.7830429
 0.7844129  0.7856375  0.7810134  0.78384167 0.783805   0.7838227
 0.7851625  0.78074384 0.78472495 0.7838143  0.7840579  0.7851876
 0.7846993  0.7844232  0.7831102  0.7830191  0.7810031  0.78753495
 0.7836582  0.785972   0.7825832  0.78323686 0.78577304 0.7853648
 0.7852665  0.78232944 0.7845139  0.7810989  0.78312284 0.78455615
 0.7822117  0.7837133  0.7814322  0.78506213 0.7834778  0.7825595
 0.78378487 0.784313   0.7828976  0.783451   0.78126943 0.7842207
 0.7784034  0.7845671  0.7858511  0.7822895  0.78681886 0.784148
 0.7835686  0.78697026 0.78579426 0.7855196  0.78517365 0.78243417
 0.78783625 0.7827245  0.7859893  0.7831515  0.78762275 0.78426665
 0.7844264  0.78443474 0.78603137 0.78271985 0.78636885 0.78607434
 0.78698695 0.78571177 0.78527886 0.78337556 0.78359324 0.78592926
 0.78314096 0.78173536 0.7822936  0.7864562  0.7829114  0.7843301
 0.7885078  0.7823019 ]
[nltk_data] Downloading package wordnet to /mnt/iusers01/fse-
[nltk_data]     ugpgt01/compsci01/q12628ct/nltk_data...
[nltk_data]   Package wordnet is already up-to-date!
[nltk_data] Downloading package punkt_tab to /mnt/iusers01/fse-
[nltk_data]     ugpgt01/compsci01/q12628ct/nltk_data...
[nltk_data]   Package punkt_tab is already up-to-date!
[nltk_data] Downloading package omw-1.4 to /mnt/iusers01/fse-
[nltk_data]     ugpgt01/compsci01/q12628ct/nltk_data...
[nltk_data]   Package omw-1.4 is already up-to-date!
/mnt/iusers01/fse-ugpgt01/compsci01/q12628ct/.conda/envs/semantic-decoding/lib/python3.10/site-packages/huggingface_hub/file_download.py:945: FutureWarning: `resume_download` is deprecated and will be removed in version 1.0.0. Downloads always resume when possible. If you want to force a new download, use `force_download=True`.
  warnings.warn(
Some weights of the model checkpoint at roberta-large were not used when initializing RobertaModel: ['lm_head.layer_norm.bias', 'lm_head.layer_norm.weight', 'lm_head.bias', 'lm_head.dense.weight', 'lm_head.dense.bias']
- This IS expected if you are initializing RobertaModel from the checkpoint of a model trained on another task or with another architecture (e.g. initializing a BertForSequenceClassification model from a BertForPreTraining model).
- This IS NOT expected if you are initializing RobertaModel from the checkpoint of a model that you expect to be exactly identical (initializing a BertForSequenceClassification model from a BertForSequenceClassification model).
Some weights of RobertaModel were not initialized from the model checkpoint at roberta-large and are newly initialized: ['roberta.pooler.dense.bias', 'roberta.pooler.dense.weight']
You should probably TRAIN this model on a down-stream task to be able to use it for predictions and inference.
attend-M
WER
[0.05595885 0.05210583 0.0550707  0.04628344 0.0581127  0.0593147
 0.04678781 0.04330431 0.0531792  0.04966621 0.05493994 0.05041513
 0.04814472 0.0495233  0.05076792 0.05204855 0.05157439 0.05572616
 0.05013801 0.04154576 0.04199057 0.04704914 0.04659855 0.04578581
 0.06030584 0.06034863 0.05133457 0.06297482 0.05078355 0.04529183
 0.05399102 0.04846114 0.04711223 0.05856535 0.04876454 0.04714153
 0.05692198 0.04831365 0.04995466 0.04754537 0.05385531 0.05104823
 0.05192363 0.04461966 0.06094566 0.05670631 0.05244652 0.04939381
 0.05005258 0.05055771 0.04299495 0.04633855 0.0478429  0.05083225
 0.04908883 0.04600192 0.05055466 0.05055167 0.05523742 0.04993798
 0.06059639 0.04728697 0.04446493 0.0482449  0.05364285 0.046449
 0.0473954  0.05858203 0.04865418 0.05130222 0.04938899 0.0512316
 0.05316707 0.05636685 0.04262037 0.04807734 0.04537009 0.04825973
 0.04791042 0.05453594 0.04529978 0.05135947 0.04350579 0.04663043
 0.05882875 0.04456074 0.05282919 0.05656511 0.05414882 0.05793264
 0.05074694 0.04387027 0.04814667 0.0502188  0.05246422 0.05074286
 0.04813084 0.04653509 0.05351763 0.04885187 0.04917795 0.04907942
 0.04330087 0.05469791 0.04687995 0.0481168  0.0426977  0.04919679
 0.04743901 0.05006049 0.04640165 0.05322429 0.05456514 0.04427097
 0.04810533 0.05199636 0.0512988  0.05164591 0.05077206 0.04845831
 0.05037649 0.0561881  0.05065679 0.05737113 0.05029364 0.06214611
 0.04870698 0.04728917 0.05029533 0.04972228 0.05111797 0.05634593
 0.04783066 0.05418628 0.05194498 0.05034844 0.04688141 0.05713586
 0.05349176 0.04698407 0.05177642 0.04441111 0.05244251 0.05864541
 0.04967986 0.05361601 0.05330717 0.05306945 0.05604891 0.05170953
 0.05201814 0.04833388 0.04593826 0.05551308 0.04481541 0.04800579
 0.04663103 0.05139817 0.04672288 0.04860161 0.05448026 0.05015993
 0.05522379 0.06027653 0.0481098  0.04089834 0.04059337 0.05096528
 0.05239021 0.04605957 0.05760503 0.05125159 0.05009135 0.05074009
 0.05321272 0.05024974 0.05276138 0.04948263 0.04581346 0.05420251
 0.04472779 0.05455186 0.04740407 0.0544108  0.05557382 0.05072083
 0.05251401 0.05192808 0.04941193 0.0446852  0.05324299 0.05363351
 0.04945653 0.04507377 0.05691406 0.04159719 0.04749578 0.05069662
 0.05273791 0.05061439]
attend-M
BLEU
[0.19990621 0.19202377 0.2035786  0.1776756  0.19935525 0.20685638
 0.18803173 0.19074004 0.18761066 0.18096292 0.20772038 0.19389837
 0.19348637 0.19349777 0.18977831 0.19132621 0.1889677  0.1972385
 0.20002436 0.18555924 0.19500621 0.19247927 0.18853948 0.19797616
 0.20280937 0.20213561 0.18974386 0.20796455 0.19200068 0.18772802
 0.2054685  0.19447551 0.19914667 0.19165566 0.20087717 0.21424373
 0.20798025 0.19741131 0.186715   0.19346399 0.18719191 0.19305885
 0.20416334 0.17788857 0.20238306 0.20666714 0.20514763 0.19102379
 0.19332694 0.1818123  0.17585185 0.18242514 0.20165228 0.19331628
 0.18729678 0.19720321 0.18949566 0.19236341 0.19875146 0.20222854
 0.18442697 0.2040984  0.1922199  0.18824009 0.19061314 0.18933834
 0.19566636 0.20081317 0.18856271 0.19171132 0.18931417 0.20068889
 0.18395257 0.21721243 0.19074514 0.18519325 0.17450995 0.17993181
 0.19086947 0.21148237 0.17613965 0.20201785 0.18313901 0.18587841
 0.1943955  0.18948572 0.20110476 0.19915984 0.18107792 0.21314828
 0.17820027 0.1907532  0.18610709 0.19912832 0.19885837 0.19782195
 0.19628217 0.18633992 0.20210463 0.19342297 0.18880693 0.19531777
 0.18056658 0.20053887 0.19892797 0.18056132 0.17854667 0.18347184
 0.20460113 0.20359141 0.18528601 0.20679778 0.19552695 0.18309782
 0.18161443 0.19486764 0.19920271 0.19130629 0.18814174 0.19180453
 0.19156571 0.20686035 0.19089805 0.20576796 0.19530403 0.21551561
 0.19606468 0.19122098 0.2017176  0.18534664 0.19322486 0.20359503
 0.19353807 0.18930874 0.19503131 0.18668959 0.18200164 0.20120926
 0.20154964 0.18597826 0.18196085 0.17932918 0.20746289 0.20116479
 0.19607037 0.19157781 0.19904208 0.20724432 0.21122007 0.20125531
 0.20379556 0.18628317 0.18824066 0.1908224  0.16606187 0.19683824
 0.18592028 0.19900675 0.17728296 0.20629675 0.19597031 0.19991394
 0.2062874  0.20455975 0.1854132  0.19382305 0.18492078 0.19752664
 0.19231759 0.20067186 0.20644515 0.19971335 0.1913682  0.20038487
 0.19647328 0.20428386 0.18900409 0.18175707 0.18066262 0.20303112
 0.1829152  0.19968204 0.19904068 0.1992059  0.2055897  0.18918137
 0.19000823 0.19872764 0.1846947  0.18503143 0.19657215 0.18545513
 0.19377609 0.19134858 0.19964739 0.18005367 0.19360166 0.1921169
 0.2110587  0.1879304 ]
attend-M
METEOR
[0.13711369 0.13866418 0.13494546 0.13242322 0.1414649  0.14188934
 0.13437519 0.13830292 0.12803547 0.12651196 0.14545575 0.13842698
 0.14489569 0.13682398 0.13497458 0.13106725 0.14174624 0.13752191
 0.13394604 0.12958767 0.13840145 0.13345723 0.13738284 0.13972645
 0.14804102 0.14246968 0.14081884 0.14875049 0.14090177 0.13509527
 0.14815428 0.13746802 0.1418271  0.14299    0.13902435 0.14322877
 0.14634745 0.13548056 0.13796043 0.13718058 0.13154017 0.13515034
 0.14268995 0.12672108 0.1439942  0.14104812 0.14158514 0.13582263
 0.13348406 0.13006829 0.13032813 0.12882348 0.14098546 0.13813136
 0.13234656 0.13582255 0.13410188 0.13371838 0.14517624 0.14302423
 0.1333031  0.14558177 0.1321172  0.13303448 0.13954079 0.13189108
 0.13747611 0.13796454 0.13976155 0.1402004  0.13773903 0.13851801
 0.1299281  0.14610432 0.14048613 0.13989857 0.12919525 0.13425628
 0.13248549 0.14600151 0.13379725 0.14322948 0.12819907 0.13602482
 0.1430344  0.13157945 0.14257714 0.13735466 0.12775777 0.14557397
 0.1253193  0.13427842 0.13337228 0.14067492 0.1370033  0.13100974
 0.14585072 0.12948296 0.13812291 0.136983   0.13093289 0.13463418
 0.13382305 0.14055814 0.13961657 0.12791362 0.12607947 0.12952212
 0.13820569 0.1423086  0.13427974 0.15100232 0.13446488 0.13314794
 0.1329499  0.13624172 0.14152745 0.13110858 0.13759473 0.14084723
 0.14336822 0.14852377 0.13688845 0.14609169 0.13898565 0.14938146
 0.13743135 0.13298466 0.14416891 0.13889363 0.13370191 0.13946256
 0.13541952 0.14435952 0.1290478  0.1299761  0.13138782 0.14419805
 0.14016767 0.13279077 0.13088739 0.12659834 0.1457317  0.14687346
 0.14095746 0.1319429  0.14831123 0.14620907 0.14618554 0.141647
 0.14449498 0.13256182 0.12966119 0.13356419 0.11892801 0.1437913
 0.13267109 0.13025179 0.13545309 0.14946218 0.13662969 0.14274612
 0.14074203 0.14540771 0.13074972 0.13064833 0.13111176 0.13343908
 0.13320156 0.13834054 0.14376538 0.13647262 0.1355475  0.13506078
 0.13913711 0.14573503 0.1402239  0.12431834 0.12223207 0.14744946
 0.13320887 0.14868689 0.14392105 0.145445   0.14586862 0.13356227
 0.1333132  0.14198078 0.13024707 0.13759682 0.14347033 0.13277385
 0.13638753 0.12928961 0.14156434 0.12901941 0.13783093 0.1373667
 0.14219074 0.12661363]
attend-M
BERT
[0.78774387 0.7900642  0.7883791  0.78699285 0.7918111  0.79321164
 0.78760636 0.7882653  0.7879441  0.7877881  0.79160625 0.7868855
 0.78819627 0.7872629  0.78893954 0.78752226 0.78947353 0.7896143
 0.7890844  0.78663903 0.78876466 0.7878248  0.78808916 0.7878555
 0.79032815 0.78897417 0.78857297 0.7894277  0.78978884 0.78800493
 0.78978187 0.7891603  0.79113626 0.79043823 0.78664136 0.7923975
 0.7915291  0.7880381  0.79071057 0.79062635 0.78901273 0.78924125
 0.7885367  0.7860864  0.79100114 0.7871923  0.79112834 0.7890977
 0.78924835 0.7882994  0.7878237  0.7859224  0.78927606 0.7894308
 0.7873234  0.78706336 0.7892451  0.7880037  0.7906259  0.7907805
 0.78575635 0.7907291  0.7890568  0.7899123  0.7880356  0.78836477
 0.788032   0.78721726 0.78556216 0.7908756  0.7881785  0.7895053
 0.7884821  0.78990364 0.78848803 0.7879411  0.7877358  0.78668207
 0.7862335  0.788762   0.78630865 0.7905988  0.78690636 0.79199576
 0.7888806  0.7881592  0.78890944 0.79156363 0.7881189  0.79110396
 0.7863496  0.7886416  0.78804564 0.7895359  0.7881804  0.7915345
 0.78898025 0.78686124 0.79080504 0.7916411  0.7901091  0.79000056
 0.7885383  0.7918359  0.7867278  0.78715837 0.7860461  0.78835875
 0.7887373  0.79011214 0.78738207 0.7887507  0.78643227 0.7900488
 0.7875864  0.7910911  0.7897539  0.78764266 0.7874105  0.7865674
 0.78841347 0.7914988  0.79056513 0.7903777  0.78748053 0.7889482
 0.79079217 0.7891308  0.790501   0.7897672  0.7907695  0.7883187
 0.7886682  0.7906491  0.7894338  0.78642124 0.7874783  0.7882641
 0.78900254 0.7898421  0.7871344  0.7892432  0.7903324  0.788631
 0.7882     0.78684956 0.79052263 0.78861374 0.78942263 0.7876333
 0.78929305 0.7874649  0.78789926 0.7882851  0.78533083 0.7900896
 0.7873075  0.78872263 0.78860474 0.78864497 0.78814405 0.7869192
 0.7895488  0.78692716 0.7881094  0.78957546 0.7864213  0.790243
 0.7886915  0.7888415  0.7915413  0.78912795 0.7890819  0.7886627
 0.78874075 0.78763354 0.7885002  0.7875129  0.7880111  0.78920215
 0.7895766  0.78992254 0.7910749  0.7903265  0.7916548  0.7875997
 0.7905999  0.78888327 0.79052997 0.7885813  0.78861463 0.78645223
 0.78838897 0.78949296 0.7890037  0.78777516 0.78821945 0.79147017
 0.7885995  0.7886421 ]
[nltk_data] Downloading package wordnet to /mnt/iusers01/fse-
[nltk_data]     ugpgt01/compsci01/q12628ct/nltk_data...
[nltk_data]   Package wordnet is already up-to-date!
[nltk_data] Downloading package punkt_tab to /mnt/iusers01/fse-
[nltk_data]     ugpgt01/compsci01/q12628ct/nltk_data...
[nltk_data]   Package punkt_tab is already up-to-date!
[nltk_data] Downloading package omw-1.4 to /mnt/iusers01/fse-
[nltk_data]     ugpgt01/compsci01/q12628ct/nltk_data...
[nltk_data]   Package omw-1.4 is already up-to-date!
/mnt/iusers01/fse-ugpgt01/compsci01/q12628ct/.conda/envs/semantic-decoding/lib/python3.10/site-packages/huggingface_hub/file_download.py:945: FutureWarning: `resume_download` is deprecated and will be removed in version 1.0.0. Downloads always resume when possible. If you want to force a new download, use `force_download=True`.
  warnings.warn(
Some weights of the model checkpoint at roberta-large were not used when initializing RobertaModel: ['lm_head.dense.weight', 'lm_head.layer_norm.weight', 'lm_head.bias', 'lm_head.layer_norm.bias', 'lm_head.dense.bias']
- This IS expected if you are initializing RobertaModel from the checkpoint of a model trained on another task or with another architecture (e.g. initializing a BertForSequenceClassification model from a BertForPreTraining model).
- This IS NOT expected if you are initializing RobertaModel from the checkpoint of a model that you expect to be exactly identical (initializing a BertForSequenceClassification model from a BertForSequenceClassification model).
Some weights of RobertaModel were not initialized from the model checkpoint at roberta-large and are newly initialized: ['roberta.pooler.dense.bias', 'roberta.pooler.dense.weight']
You should probably TRAIN this model on a down-stream task to be able to use it for predictions and inference.
attend-F
WER
[-0.18431683 -0.18871071 -0.18916672 -0.19598809 -0.19014696 -0.18865446
 -0.1924711  -0.18362625 -0.18340954 -0.1935995  -0.18954957 -0.1894536
 -0.18583606 -0.18842372 -0.18764667 -0.19403568 -0.20057783 -0.20090192
 -0.19048567 -0.18484229 -0.18439582 -0.1921306  -0.17800254 -0.1843202
 -0.19453414 -0.18696501 -0.18409656 -0.18610482 -0.18464757 -0.19398725
 -0.19287611 -0.18558529 -0.18469552 -0.19001284 -0.18582553 -0.189327
 -0.18471475 -0.18337363 -0.18790763 -0.19053503 -0.19321169 -0.18563314
 -0.18856504 -0.184436   -0.18424267 -0.19098864 -0.17694794 -0.18233169
 -0.20040109 -0.19462804 -0.19144602 -0.17609303 -0.19050307 -0.20112218
 -0.19382392 -0.1822368  -0.20100436 -0.18217355 -0.19374703 -0.17916578
 -0.18845858 -0.1856906  -0.1861807  -0.19258185 -0.18477062 -0.1925518
 -0.18777439 -0.19058346 -0.19101369 -0.19258349 -0.19521114 -0.18031531
 -0.1917952  -0.1828677  -0.19685742 -0.18134113 -0.18340156 -0.18535979
 -0.18949263 -0.18266023 -0.18060632 -0.18279054 -0.19523364 -0.19326685
 -0.19210233 -0.18593638 -0.18143161 -0.1896507  -0.18430146 -0.19014304
 -0.18899328 -0.19099672 -0.18043961 -0.18478167 -0.19368623 -0.19401093
 -0.18793112 -0.18467278 -0.19237038 -0.17825886 -0.18070546 -0.18937003
 -0.19028563 -0.19861151 -0.19413787 -0.19155811 -0.20387883 -0.19516641
 -0.1692898  -0.18932697 -0.18605375 -0.20175882 -0.18007925 -0.18945516
 -0.1892188  -0.18596347 -0.19302437 -0.19458815 -0.19459905 -0.19027731
 -0.18278289 -0.18300921 -0.19827771 -0.20054609 -0.19085102 -0.19049008
 -0.18295879 -0.19286067 -0.19332988 -0.19061766 -0.19339348 -0.19246454
 -0.18570891 -0.19282247 -0.17578559 -0.18007488 -0.1813518  -0.18379772
 -0.20471116 -0.18886952 -0.18525191 -0.1911604  -0.19342352 -0.19349138
 -0.18025502 -0.17669408 -0.19030222 -0.19693716 -0.18484339 -0.19418531
 -0.18936576 -0.18994752 -0.20008185 -0.1919574  -0.19173538 -0.18215484
 -0.1874539  -0.18857858 -0.20374996 -0.19302139 -0.19464754 -0.18659331
 -0.18011352 -0.18834892 -0.19437316 -0.19211397 -0.19187736 -0.18384615
 -0.18738081 -0.19926746 -0.1852556  -0.19384208 -0.17964275 -0.18941469
 -0.19370529 -0.19424234 -0.20186042 -0.18747231 -0.1774075  -0.18640813
 -0.18441004 -0.19382492 -0.1965033  -0.18315176 -0.18863314 -0.1823519
 -0.19763632 -0.18699853 -0.18917172 -0.19169537 -0.19124792 -0.19251106
 -0.1919535  -0.18551483 -0.18324379 -0.18685174 -0.18965192 -0.18092608
 -0.18967059 -0.19214704]
attend-F
BLEU
[0.17851965 0.18022375 0.18971271 0.18452733 0.18381968 0.18855768
 0.18569592 0.18654916 0.19519571 0.18837994 0.17260436 0.19641868
 0.19577766 0.19880748 0.17775153 0.16591214 0.16801886 0.16387667
 0.16481318 0.17650978 0.19757209 0.18336871 0.18408022 0.19124164
 0.17415909 0.17785899 0.19186615 0.20215068 0.18737059 0.17360536
 0.17197958 0.20140854 0.18747133 0.16678498 0.19759805 0.17184114
 0.17515242 0.18545183 0.18314084 0.17959422 0.18005708 0.19004728
 0.17168172 0.19464653 0.18890087 0.19479582 0.19186987 0.18494197
 0.16765028 0.17258839 0.17783113 0.18874203 0.18252052 0.16440771
 0.17296115 0.19810999 0.17468278 0.19332483 0.17525114 0.18940192
 0.18546561 0.19644945 0.17353706 0.17046127 0.19944059 0.17252593
 0.19547458 0.18027512 0.16293403 0.18068186 0.17759492 0.19423375
 0.18124405 0.19530528 0.18566737 0.17963602 0.19105866 0.17994778
 0.17942466 0.19069466 0.19287663 0.19648699 0.17488831 0.17851142
 0.1786414  0.19469172 0.18782514 0.18198939 0.20853764 0.17251824
 0.18151381 0.1870257  0.21357599 0.17265154 0.17558421 0.17787564
 0.19140989 0.17812184 0.18990121 0.18803175 0.1934592  0.19130417
 0.18506954 0.17188915 0.18018362 0.17424026 0.14255298 0.1654091
 0.21296021 0.18995171 0.18880056 0.17225635 0.18838309 0.17389234
 0.18794812 0.1674278  0.16687197 0.16311086 0.17309651 0.17825458
 0.18599764 0.19174265 0.17702362 0.15236283 0.17532353 0.19129787
 0.20010698 0.17085161 0.17951373 0.17468116 0.19957816 0.17447419
 0.19911849 0.18286477 0.20011382 0.19680156 0.20972315 0.19537588
 0.16466644 0.18364971 0.17793591 0.17127575 0.18145377 0.17374096
 0.19248652 0.19780038 0.18281835 0.17864537 0.183299   0.18245574
 0.17307204 0.19136406 0.17366804 0.17180046 0.17983246 0.19947264
 0.18851855 0.18002579 0.16713196 0.18388221 0.17307343 0.19089392
 0.18597271 0.17117828 0.17587317 0.17839917 0.19364477 0.17792791
 0.16769175 0.17245331 0.18635022 0.1982185  0.19906673 0.1726438
 0.17686191 0.1585337  0.16276586 0.18133986 0.19671602 0.19534616
 0.18786776 0.17366159 0.17804473 0.1894238  0.18816655 0.17882238
 0.18474491 0.18729202 0.17414467 0.16428103 0.18922554 0.19165876
 0.1810538  0.20166629 0.19833176 0.18875518 0.18088252 0.20400538
 0.181428   0.16160667]
attend-F
METEOR
[0.1357141  0.13486965 0.14143936 0.1418902  0.13705192 0.14024399
 0.13685282 0.14237173 0.1422966  0.13887292 0.12812333 0.14302754
 0.14656774 0.13810259 0.13797937 0.12528079 0.12433984 0.12012291
 0.12581412 0.13541664 0.14607976 0.1292956  0.13991041 0.13424941
 0.12913449 0.13547088 0.1391136  0.14934271 0.14291554 0.12798815
 0.12735302 0.14721371 0.14155526 0.12753499 0.14714529 0.12812319
 0.13132554 0.13829204 0.14369318 0.13455349 0.13720343 0.15069052
 0.12303018 0.1511691  0.14507029 0.14028241 0.14319136 0.13622803
 0.12187078 0.12767286 0.13173423 0.14160484 0.12577782 0.12407343
 0.13439679 0.14033731 0.12420144 0.13953057 0.12819203 0.14320826
 0.13865812 0.14465673 0.12472189 0.12823135 0.14868797 0.12259027
 0.14305961 0.1390562  0.12503947 0.13406822 0.13189718 0.1413203
 0.13486648 0.14665309 0.13858421 0.13543802 0.14355343 0.13667311
 0.13515024 0.13723044 0.14339866 0.14475531 0.12721717 0.13786605
 0.12947977 0.14957214 0.14071485 0.1435014  0.15261553 0.12461884
 0.1424087  0.13983855 0.152785   0.13652801 0.12848611 0.13451005
 0.14733591 0.1358156  0.13696747 0.14023913 0.14552113 0.14398976
 0.13819814 0.12826497 0.13910929 0.13120011 0.10677927 0.12509212
 0.15866922 0.14582551 0.14367578 0.13051822 0.14293619 0.12598842
 0.13656937 0.12645234 0.12511128 0.12223169 0.1359925  0.13435004
 0.1439271  0.14243748 0.12747938 0.11542122 0.12534913 0.15059622
 0.13949582 0.12561948 0.1261406  0.13078749 0.14214649 0.13111671
 0.14947747 0.12796514 0.14528598 0.15400602 0.1587378  0.14049178
 0.12261898 0.13405812 0.13234691 0.12892137 0.13480863 0.12787827
 0.14343967 0.14616053 0.13873668 0.1340776  0.14049682 0.1305754
 0.13407691 0.14305781 0.13040312 0.12839333 0.13807304 0.15251508
 0.14620982 0.13562964 0.13207487 0.13630799 0.13112799 0.15032604
 0.13612419 0.13246571 0.12987617 0.12766624 0.14298726 0.13348719
 0.12784277 0.12875338 0.13886227 0.14482118 0.14630089 0.12972312
 0.12872229 0.12471643 0.11854417 0.13501945 0.14971437 0.14883429
 0.13605071 0.13654235 0.13033352 0.13658303 0.13715403 0.13527851
 0.1336682  0.14679002 0.12512324 0.12155969 0.13298516 0.14411192
 0.13404932 0.14592832 0.14571804 0.1402032  0.13731248 0.15083736
 0.13821823 0.12681658]
attend-F
BERT
[0.78771675 0.7864784  0.7888679  0.7883023  0.7913275  0.78781086
 0.78698564 0.7889523  0.78684336 0.78823847 0.7870048  0.7901181
 0.79069966 0.787372   0.78684044 0.7869972  0.78852046 0.7869261
 0.78702456 0.78802    0.7895399  0.78824747 0.7886263  0.7888772
 0.7894744  0.78913194 0.79008305 0.79157317 0.7889941  0.7877957
 0.7874905  0.78907645 0.7890243  0.78664654 0.7895807  0.786206
 0.785799   0.7890487  0.78917867 0.7892853  0.78715867 0.79062945
 0.78553826 0.78780806 0.7879158  0.78924805 0.7896766  0.7886212
 0.78818226 0.7872999  0.78661335 0.788978   0.7877489  0.7855023
 0.78729963 0.7911543  0.78814113 0.78857476 0.7893883  0.7895661
 0.7895406  0.7889812  0.78872347 0.7882404  0.79185706 0.7864905
 0.7913372  0.78982794 0.7883778  0.7876024  0.78643423 0.7891184
 0.78858894 0.79028904 0.7890662  0.78742033 0.787733   0.78930753
 0.788496   0.7911616  0.7909787  0.79031205 0.7863643  0.7891792
 0.78797156 0.7886397  0.78769535 0.78891623 0.79145867 0.7866711
 0.79227746 0.7881791  0.79047394 0.7896905  0.79017335 0.78856945
 0.79062414 0.78640735 0.7913043  0.78919786 0.78679395 0.7910241
 0.78843755 0.7896016  0.7874443  0.78958994 0.7865568  0.78673846
 0.7919406  0.78925514 0.7899619  0.7869998  0.7882285  0.7867885
 0.7884478  0.7876888  0.7872572  0.7862443  0.7878166  0.7914982
 0.7890578  0.78888726 0.7894591  0.7863243  0.7894666  0.78865457
 0.78938824 0.7860346  0.7884943  0.7902646  0.7905668  0.790173
 0.788415   0.78853863 0.7905566  0.79066455 0.79216886 0.7899443
 0.78888166 0.7911784  0.78746307 0.7868668  0.7891145  0.78857976
 0.7875006  0.7903805  0.7879274  0.7904825  0.78882456 0.78801554
 0.7906914  0.790248   0.7895848  0.7868152  0.7879884  0.7901243
 0.7888463  0.7876956  0.7868031  0.78670865 0.78815037 0.790232
 0.788672   0.7883245  0.7889662  0.7883799  0.79061395 0.78795445
 0.7893404  0.7890176  0.7903317  0.7905676  0.78926563 0.7883447
 0.7892943  0.7856012  0.787365   0.7894523  0.7888824  0.7881462
 0.78883404 0.7888337  0.7875402  0.7886304  0.79022044 0.787456
 0.789758   0.79000944 0.7878135  0.7864952  0.7887605  0.789349
 0.78904694 0.7887686  0.79051876 0.78812873 0.7895198  0.7898628
 0.78956056 0.7865289 ]
[nltk_data] Downloading package wordnet to /mnt/iusers01/fse-
[nltk_data]     ugpgt01/compsci01/q12628ct/nltk_data...
[nltk_data]   Package wordnet is already up-to-date!
[nltk_data] Downloading package punkt_tab to /mnt/iusers01/fse-
[nltk_data]     ugpgt01/compsci01/q12628ct/nltk_data...
[nltk_data]   Package punkt_tab is already up-to-date!
[nltk_data] Downloading package omw-1.4 to /mnt/iusers01/fse-
[nltk_data]     ugpgt01/compsci01/q12628ct/nltk_data...
[nltk_data]   Package omw-1.4 is already up-to-date!
/mnt/iusers01/fse-ugpgt01/compsci01/q12628ct/.conda/envs/semantic-decoding/lib/python3.10/site-packages/huggingface_hub/file_download.py:945: FutureWarning: `resume_download` is deprecated and will be removed in version 1.0.0. Downloads always resume when possible. If you want to force a new download, use `force_download=True`.
  warnings.warn(
Some weights of the model checkpoint at roberta-large were not used when initializing RobertaModel: ['lm_head.layer_norm.weight', 'lm_head.layer_norm.bias', 'lm_head.dense.bias', 'lm_head.dense.weight', 'lm_head.bias']
- This IS expected if you are initializing RobertaModel from the checkpoint of a model trained on another task or with another architecture (e.g. initializing a BertForSequenceClassification model from a BertForPreTraining model).
- This IS NOT expected if you are initializing RobertaModel from the checkpoint of a model that you expect to be exactly identical (initializing a BertForSequenceClassification model from a BertForSequenceClassification model).
Some weights of RobertaModel were not initialized from the model checkpoint at roberta-large and are newly initialized: ['roberta.pooler.dense.weight', 'roberta.pooler.dense.bias']
You should probably TRAIN this model on a down-stream task to be able to use it for predictions and inference.
alpha_repeat-1
WER
[-0.22038624 -0.24790698 -0.25615762 -0.24572375 -0.24124599 -0.23217092
 -0.24808817 -0.24399009 -0.18670462 -0.22780312 -0.21760564 -0.23026035
 -0.21694004 -0.23859527 -0.2354545  -0.24787706 -0.21923107 -0.27612031
 -0.22242357 -0.24254185 -0.22221157 -0.19838531 -0.23404837 -0.247452
 -0.21917106 -0.21789299 -0.2142121  -0.22534266 -0.20988669 -0.23561229
 -0.2401479  -0.23556406 -0.27384147 -0.24279512 -0.23224937 -0.25751678
 -0.23569573 -0.22156858 -0.20836941 -0.25197858 -0.24245079 -0.25533993
 -0.22423727 -0.20303499 -0.23886939 -0.2341366  -0.22823662 -0.24429661
 -0.24167447 -0.21527203 -0.23159676 -0.24596868 -0.23355237 -0.24241927
 -0.22329086 -0.23128875 -0.23654658 -0.23043868 -0.20518928 -0.23365112
 -0.25250077 -0.22029327 -0.22669032 -0.23568657 -0.22201463 -0.22614178
 -0.19431902 -0.23145036 -0.22519205 -0.2134009  -0.21377074 -0.23896457
 -0.26842654 -0.22375612 -0.22737359 -0.22501632 -0.24082842 -0.22944918
 -0.21557313 -0.21630967 -0.2456019  -0.23631356 -0.21042234 -0.20822213
 -0.22870911 -0.22562576 -0.24618323 -0.25865336 -0.22976205 -0.26515492
 -0.24169352 -0.21678288 -0.23522755 -0.2424971  -0.22363667 -0.2387737
 -0.21035665 -0.24025836 -0.23148379 -0.21682253 -0.25112697 -0.25667632
 -0.23227879 -0.23485996 -0.25545409 -0.2175288  -0.24510989 -0.20732282
 -0.20931806 -0.21738419 -0.21400097 -0.23377618 -0.22857333 -0.2407626
 -0.24600577 -0.248082   -0.20136353 -0.20538273 -0.22759466 -0.25799741
 -0.24101224 -0.24708992 -0.25675665 -0.23779259 -0.21535735 -0.23649982
 -0.24218467 -0.24478503 -0.21201778 -0.2269667  -0.26174925 -0.25726152
 -0.23568032 -0.24202826 -0.23164412 -0.22064858 -0.25495904 -0.21786654
 -0.22755973 -0.23360796 -0.24112433 -0.20637929 -0.21847085 -0.25953175
 -0.21836767 -0.26072432 -0.21985053 -0.23759865 -0.24179783 -0.20229958
 -0.2351192  -0.22876776 -0.25248249 -0.21516436 -0.25865054 -0.2362804
 -0.26552464 -0.23274986 -0.2224642  -0.2151419  -0.23447664 -0.25191789
 -0.25449206 -0.23224549 -0.22393391 -0.20514294 -0.26189698 -0.2025407
 -0.26085027 -0.26898895 -0.23961864 -0.24578914 -0.2373411  -0.22479504
 -0.21541432 -0.25769905 -0.22576731 -0.23735161 -0.24923986 -0.26248446
 -0.24594219 -0.2337317  -0.1973955  -0.18306863 -0.23076998 -0.22990168
 -0.25586785 -0.22996609 -0.23489575 -0.24028265 -0.25236761 -0.23386571
 -0.19426987 -0.2260261  -0.24670968 -0.23721793 -0.22747078 -0.24893261
 -0.24061983 -0.2452589 ]
alpha_repeat-1
BLEU
[0.21179964 0.20616075 0.13752379 0.15540872 0.16737416 0.16355759
 0.18564779 0.15309661 0.25871299 0.19498702 0.19457704 0.18803717
 0.14424748 0.132913   0.16985075 0.16549343 0.21135446 0.1165028
 0.16552416 0.17138253 0.17959522 0.20705887 0.21907806 0.210801
 0.22751804 0.2007799  0.24085764 0.20304543 0.18345085 0.18405741
 0.21653147 0.24104931 0.15597    0.18651017 0.16332865 0.14584618
 0.16989552 0.20272309 0.19972576 0.16048665 0.14068504 0.13501465
 0.21685406 0.20845964 0.18966315 0.19724946 0.20220828 0.17001768
 0.19505436 0.22700462 0.16354793 0.16464786 0.20342088 0.14476039
 0.20532683 0.17491333 0.22494153 0.14823551 0.20536981 0.18688418
 0.16868643 0.20629516 0.20384007 0.17178565 0.16804026 0.19215735
 0.23233761 0.19663352 0.21064941 0.19146624 0.21530518 0.16986064
 0.10913483 0.18550948 0.23691591 0.15629563 0.19682474 0.15647595
 0.21873466 0.19474734 0.16909086 0.17273129 0.18631573 0.19424017
 0.2321897  0.20220318 0.17818422 0.12643638 0.21586456 0.18282551
 0.19049689 0.19068885 0.19467228 0.20420536 0.21129165 0.16377382
 0.19364664 0.14625343 0.13793668 0.20136027 0.16855063 0.17373051
 0.18256072 0.18899334 0.14306796 0.1865547  0.16756298 0.19233706
 0.20523825 0.1933817  0.18016073 0.19880546 0.17081074 0.17380221
 0.12407145 0.19207756 0.18326017 0.20698094 0.19538684 0.13244258
 0.13062728 0.19756045 0.17259296 0.13665496 0.20498383 0.16978353
 0.16919949 0.14039244 0.21606009 0.16201726 0.14077584 0.13762747
 0.15286601 0.1607648  0.18262749 0.18553198 0.14842075 0.19176928
 0.16095228 0.19408594 0.18515761 0.19825531 0.21226594 0.15865223
 0.1644901  0.13773589 0.21168262 0.1578347  0.18367172 0.2272852
 0.19836964 0.17398481 0.12012579 0.22637684 0.1159783  0.21663139
 0.10245135 0.16669665 0.19021199 0.19413013 0.19296778 0.16910032
 0.11971858 0.18157871 0.18139389 0.19135691 0.12804386 0.19800869
 0.13635241 0.11642877 0.16322403 0.17127077 0.20899181 0.22024395
 0.20073456 0.14898654 0.17351797 0.21350196 0.17134153 0.1241592
 0.18416984 0.17286122 0.17922851 0.20802811 0.18493617 0.20561136
 0.12960632 0.17855688 0.19174083 0.18316711 0.15434831 0.22148409
 0.24191652 0.18074979 0.1712676  0.15271369 0.11906354 0.16839278
 0.15189781 0.16356302]
alpha_repeat-1
METEOR
[0.15703888 0.15418675 0.11732669 0.15579108 0.13376747 0.14405117
 0.15000841 0.1232639  0.19579295 0.14687992 0.14786634 0.14304133
 0.11630068 0.12437168 0.1280684  0.12812    0.14719267 0.10139762
 0.14012124 0.13579011 0.1384733  0.16698388 0.20551841 0.14606186
 0.17918057 0.13993897 0.18905521 0.16478296 0.15012776 0.13271352
 0.14693031 0.15978382 0.14484024 0.13607    0.12850416 0.1262006
 0.13830053 0.15584263 0.14930806 0.12878244 0.1332789  0.11343091
 0.15355335 0.16943176 0.13956589 0.17592183 0.17290121 0.12935881
 0.15167474 0.18072532 0.12970775 0.14693565 0.15419673 0.10698296
 0.14068738 0.13829091 0.16218344 0.10900377 0.14580987 0.14596602
 0.13712218 0.15414819 0.15687125 0.1353724  0.15578227 0.16941659
 0.17851926 0.15707084 0.16362754 0.14357003 0.15593454 0.1376373
 0.09776156 0.15547942 0.18530681 0.1183166  0.15222533 0.13679491
 0.17831896 0.15039818 0.12307975 0.14144556 0.15757368 0.16933378
 0.18961969 0.1471422  0.14856641 0.10509509 0.18542686 0.14795404
 0.14441558 0.14340746 0.15425091 0.15680652 0.17680313 0.14281911
 0.14312133 0.13093966 0.1260011  0.14054154 0.13561272 0.12173962
 0.14594366 0.15235771 0.11647456 0.13367269 0.15212977 0.1483952
 0.15963996 0.15251199 0.1797293  0.13906012 0.13467369 0.14435091
 0.09043492 0.14221356 0.14565218 0.158431   0.1618103  0.11936451
 0.10277983 0.1660962  0.12901961 0.10184798 0.15771515 0.13281706
 0.13751905 0.11772599 0.17292016 0.11498153 0.10539871 0.10621574
 0.13189447 0.1418031  0.15362908 0.15742866 0.1284909  0.15591837
 0.12992122 0.1447063  0.17440155 0.15439696 0.15833435 0.11852033
 0.12533094 0.11266271 0.16219727 0.12262203 0.14626628 0.18717943
 0.14873177 0.13885941 0.10301487 0.1696991  0.10864609 0.17529287
 0.08701477 0.12835295 0.1454247  0.14632114 0.15702845 0.1190709
 0.09498393 0.15676165 0.14440727 0.15258664 0.10675067 0.13860797
 0.14012897 0.09547803 0.12989132 0.14868039 0.14740892 0.15069233
 0.1619135  0.13345914 0.13551289 0.1747364  0.14927585 0.09486581
 0.14576059 0.14996025 0.15394463 0.1658439  0.14120975 0.16139649
 0.10742183 0.15141417 0.14168372 0.13278702 0.12740711 0.1577955
 0.1792591  0.12936928 0.13817694 0.12683598 0.10197086 0.12061129
 0.1198946  0.13455391]
alpha_repeat-1
BERT
[0.7950101  0.7921189  0.79112315 0.79568535 0.7955648  0.790541
 0.79385376 0.7910951  0.7941281  0.7999387  0.79284424 0.7997476
 0.79552424 0.7933371  0.7921909  0.79165596 0.79400474 0.7907441
 0.7915079  0.7962001  0.7969521  0.7967149  0.80285215 0.79440624
 0.7964163  0.7976612  0.7980688  0.7970069  0.7966756  0.7920197
 0.7991356  0.7957157  0.7929105  0.79533166 0.7951624  0.79014957
 0.7902577  0.79796505 0.79656124 0.7954332  0.78691614 0.7910956
 0.80189645 0.7941896  0.791446   0.7926605  0.79329926 0.79369366
 0.78965807 0.79396075 0.79431844 0.7920347  0.7928609  0.78955877
 0.7980846  0.79709876 0.7964804  0.79341424 0.7890307  0.79284686
 0.7961177  0.7953405  0.7936534  0.8002132  0.79636735 0.7960404
 0.79759    0.7931603  0.79762334 0.79158854 0.79294723 0.78928363
 0.79007673 0.7982402  0.7976427  0.79099554 0.7920771  0.7913785
 0.79687697 0.7983257  0.7968685  0.79508376 0.7922595  0.7988036
 0.7983565  0.7951065  0.7924788  0.7890436  0.7955098  0.790473
 0.79538506 0.7985279  0.7950071  0.79861206 0.7981302  0.79388875
 0.7931525  0.79191345 0.79402786 0.80113566 0.7920355  0.79417056
 0.79246557 0.7922723  0.79226315 0.7959086  0.7951353  0.79278183
 0.79600525 0.7928417  0.7999604  0.79500633 0.7877483  0.79982775
 0.7895413  0.79409474 0.79171455 0.7882871  0.7999853  0.795545
 0.79049903 0.7950979  0.79464054 0.7944671  0.7942366  0.79442114
 0.7963151  0.79318106 0.79443026 0.7901029  0.7894437  0.7926873
 0.7918608  0.79220086 0.8008503  0.79884404 0.79152334 0.7987922
 0.79572964 0.79254264 0.7955057  0.7905747  0.79864997 0.7921754
 0.79042834 0.792293   0.7970283  0.7876227  0.8004519  0.7937383
 0.79814625 0.78893894 0.7935282  0.7978375  0.79336697 0.7964318
 0.79020524 0.79550487 0.79315066 0.79930514 0.7961051  0.79295254
 0.78923565 0.79724985 0.7928679  0.79278237 0.78507847 0.7950828
 0.79002696 0.7895315  0.79057723 0.79487216 0.7997267  0.7983893
 0.8011758  0.79153824 0.7909753  0.7944396  0.7905043  0.7900434
 0.7960392  0.79615486 0.7940486  0.79864186 0.7950799  0.7975277
 0.7920368  0.7973487  0.79493845 0.7874439  0.7885218  0.7957921
 0.79788274 0.797756   0.79593587 0.79253423 0.79264265 0.7941606
 0.7930839  0.7903532 ]
[nltk_data] Downloading package wordnet to /mnt/iusers01/fse-
[nltk_data]     ugpgt01/compsci01/q12628ct/nltk_data...
[nltk_data]   Package wordnet is already up-to-date!
[nltk_data] Downloading package punkt_tab to /mnt/iusers01/fse-
[nltk_data]     ugpgt01/compsci01/q12628ct/nltk_data...
[nltk_data]   Package punkt_tab is already up-to-date!
[nltk_data] Downloading package omw-1.4 to /mnt/iusers01/fse-
[nltk_data]     ugpgt01/compsci01/q12628ct/nltk_data...
[nltk_data]   Package omw-1.4 is already up-to-date!
/mnt/iusers01/fse-ugpgt01/compsci01/q12628ct/.conda/envs/semantic-decoding/lib/python3.10/site-packages/huggingface_hub/file_download.py:945: FutureWarning: `resume_download` is deprecated and will be removed in version 1.0.0. Downloads always resume when possible. If you want to force a new download, use `force_download=True`.
  warnings.warn(
Some weights of the model checkpoint at roberta-large were not used when initializing RobertaModel: ['lm_head.layer_norm.bias', 'lm_head.layer_norm.weight', 'lm_head.dense.bias', 'lm_head.dense.weight', 'lm_head.bias']
- This IS expected if you are initializing RobertaModel from the checkpoint of a model trained on another task or with another architecture (e.g. initializing a BertForSequenceClassification model from a BertForPreTraining model).
- This IS NOT expected if you are initializing RobertaModel from the checkpoint of a model that you expect to be exactly identical (initializing a BertForSequenceClassification model from a BertForSequenceClassification model).
Some weights of RobertaModel were not initialized from the model checkpoint at roberta-large and are newly initialized: ['roberta.pooler.dense.weight', 'roberta.pooler.dense.bias']
You should probably TRAIN this model on a down-stream task to be able to use it for predictions and inference.
alpha_repeat-2
WER
[-0.19200894 -0.20363068 -0.18219033 -0.19217162 -0.20716843 -0.18145389
 -0.15228125 -0.21035992 -0.20728171 -0.20413185 -0.20747687 -0.22199074
 -0.2173659  -0.17704977 -0.19437096 -0.19236268 -0.20282846 -0.2163962
 -0.22182494 -0.20874009 -0.19239144 -0.17443329 -0.19559456 -0.22170115
 -0.17178569 -0.19875635 -0.20219687 -0.19524947 -0.19150677 -0.19541447
 -0.18630012 -0.20128339 -0.20354598 -0.21198389 -0.2244752  -0.20084658
 -0.23533029 -0.18760544 -0.21078236 -0.16903255 -0.19808859 -0.20149546
 -0.19555759 -0.20214496 -0.18258205 -0.20349878 -0.19155437 -0.18045079
 -0.18244755 -0.21259015 -0.20741506 -0.16004044 -0.18265332 -0.20008563
 -0.20986744 -0.1736994  -0.21286519 -0.17938515 -0.1845075  -0.17208175
 -0.19101946 -0.17850528 -0.18318865 -0.20984659 -0.17841622 -0.19452625
 -0.20279464 -0.21051636 -0.1935704  -0.1903992  -0.19027134 -0.17418869
 -0.20834667 -0.18759069 -0.19195192 -0.19648009 -0.1806109  -0.20885406
 -0.1836448  -0.22776243 -0.19663749 -0.19431226 -0.22747182 -0.176546
 -0.18923712 -0.17507139 -0.20213188 -0.19414188 -0.15038065 -0.20938843
 -0.1923871  -0.20211717 -0.18436186 -0.21450446 -0.21073499 -0.21373557
 -0.20271453 -0.20246914 -0.17374516 -0.18467797 -0.2237983  -0.22808386
 -0.2113547  -0.22257838 -0.19634732 -0.17218524 -0.18619143 -0.18255165
 -0.1996044  -0.19876324 -0.2121985  -0.20933445 -0.19944189 -0.19763578
 -0.1970138  -0.22128689 -0.21416203 -0.20311183 -0.19013639 -0.20898433
 -0.1797148  -0.19572464 -0.17208182 -0.20746476 -0.21376332 -0.19726547
 -0.19781006 -0.2047494  -0.18619647 -0.17739151 -0.22873869 -0.21359232
 -0.16361421 -0.18112781 -0.21740663 -0.18123343 -0.21265754 -0.22028258
 -0.21117297 -0.2084407  -0.18103595 -0.19361385 -0.21458211 -0.1879258
 -0.2289647  -0.20503652 -0.18539593 -0.20326009 -0.20918895 -0.20893783
 -0.20826332 -0.2122554  -0.17844887 -0.23404179 -0.18753474 -0.23701081
 -0.17002639 -0.20576061 -0.19161351 -0.19704095 -0.19027893 -0.18153718
 -0.18906036 -0.19416868 -0.19502961 -0.19885177 -0.19813178 -0.18331325
 -0.20631493 -0.19593958 -0.21783253 -0.21977226 -0.21239405 -0.18005702
 -0.15978169 -0.2270266  -0.18266912 -0.18055473 -0.22817681 -0.21321022
 -0.19717408 -0.19347083 -0.19300893 -0.23198048 -0.19387103 -0.20665075
 -0.20317305 -0.15742912 -0.20850315 -0.18573463 -0.18471482 -0.20813182
 -0.23125747 -0.20806031 -0.19695811 -0.20782777 -0.18198292 -0.17205701
 -0.22237924 -0.21026899]
alpha_repeat-2
BLEU
[0.17103198 0.20763386 0.20671365 0.16379329 0.15874657 0.18859101
 0.22537674 0.12807769 0.14197742 0.16618656 0.15086421 0.18012265
 0.12898351 0.18912792 0.11807917 0.19279358 0.18147312 0.14918892
 0.16502    0.17573322 0.19048906 0.22548402 0.16980467 0.15658547
 0.23937095 0.16709936 0.16505685 0.19354102 0.17438308 0.1806714
 0.16867349 0.17599827 0.15417413 0.15132332 0.17270019 0.14281285
 0.10501399 0.19812852 0.16080859 0.23525638 0.21713327 0.14703683
 0.18706575 0.16007963 0.19995862 0.20380725 0.21773758 0.1995563
 0.23407022 0.11426724 0.12943389 0.24199456 0.19000123 0.15057655
 0.15786467 0.20299374 0.17373622 0.20493449 0.17263838 0.2039762
 0.23312588 0.19953404 0.23426056 0.20700126 0.22858266 0.14964292
 0.14567952 0.16377595 0.19344398 0.18748193 0.19154245 0.16741795
 0.15994621 0.16151357 0.20441581 0.16075763 0.23742031 0.1753107
 0.16959102 0.12101455 0.1924502  0.1863918  0.13528    0.17545007
 0.21951317 0.21518006 0.13968077 0.1939136  0.22600705 0.18630902
 0.19411267 0.1730402  0.16350172 0.15782175 0.14519198 0.19067726
 0.1998705  0.20389597 0.22693575 0.22152916 0.13870534 0.10942176
 0.18353013 0.15967846 0.20145041 0.22113072 0.20782863 0.19354183
 0.20833885 0.19541659 0.1741209  0.15995421 0.20439115 0.13001719
 0.18447317 0.15166401 0.15589376 0.18851539 0.22167557 0.17934155
 0.21525781 0.19040578 0.20719923 0.14055685 0.13449759 0.18190798
 0.18180021 0.15824562 0.22522217 0.2033523  0.12123953 0.14125525
 0.23033899 0.18014674 0.11942564 0.20912379 0.184726   0.16093091
 0.15841616 0.15961882 0.15727404 0.16900084 0.16790659 0.16299769
 0.14267653 0.19969003 0.16917874 0.19154466 0.15378273 0.20633407
 0.1991133  0.12355014 0.22378492 0.13067275 0.24000542 0.13036916
 0.22522573 0.18032021 0.19904136 0.2059674  0.2175715  0.22735937
 0.21173694 0.20364336 0.16254981 0.17385773 0.18243915 0.23365329
 0.20065947 0.21663675 0.20142625 0.20237056 0.15029333 0.19869028
 0.21189863 0.14537495 0.21225034 0.23336713 0.11428969 0.16860237
 0.17174155 0.18195342 0.21709926 0.16735359 0.18575831 0.15529992
 0.1822217  0.25461317 0.15237287 0.18529421 0.19825232 0.11371548
 0.14046231 0.19974147 0.22358544 0.1823057  0.21797319 0.18580059
 0.15292506 0.15978873]
alpha_repeat-2
METEOR
[0.11926664 0.18624313 0.15055252 0.12066623 0.1258023  0.14577705
 0.1667896  0.10327743 0.13251293 0.1176329  0.12145639 0.13098772
 0.1269605  0.15320382 0.09219322 0.13991907 0.1496515  0.11622808
 0.12026356 0.1371913  0.12450017 0.1623336  0.12186849 0.13288324
 0.17151453 0.13246251 0.13781054 0.1500609  0.13253533 0.15749515
 0.13038028 0.13334245 0.11253355 0.1133041  0.13672893 0.11397858
 0.07990421 0.16438132 0.1153656  0.16996384 0.15945739 0.10487985
 0.16748726 0.14358076 0.15537935 0.13688664 0.15701477 0.1644364
 0.18421528 0.10132732 0.10277693 0.20741628 0.15102048 0.12182368
 0.12908973 0.14704228 0.14452825 0.1453936  0.12104359 0.16212107
 0.18143349 0.14313296 0.18717859 0.15172965 0.18518499 0.11962019
 0.11919313 0.13933875 0.15509844 0.15107612 0.1466837  0.13280091
 0.13145044 0.12276516 0.17091721 0.11996178 0.15778894 0.13513687
 0.1254456  0.10251846 0.14936542 0.13460511 0.10996923 0.14040472
 0.15803445 0.16298158 0.10451119 0.14594706 0.16226355 0.14646482
 0.13727438 0.12454774 0.11266663 0.13147889 0.10570078 0.15289078
 0.14630459 0.14460594 0.17020851 0.1719996  0.10646184 0.09055799
 0.14190029 0.13010468 0.15788174 0.16722806 0.16172867 0.14475396
 0.16389293 0.16014164 0.13739341 0.14609962 0.15527201 0.11469058
 0.13980154 0.11789971 0.12009876 0.13938554 0.17929553 0.12821353
 0.1487595  0.14740486 0.19239705 0.12568345 0.11651682 0.14906374
 0.13019183 0.13740286 0.16323956 0.15992543 0.0987887  0.1063932
 0.17828612 0.14994404 0.10946522 0.17028836 0.13718307 0.12197968
 0.12544513 0.13296518 0.11779823 0.13554469 0.13093472 0.11986571
 0.10971647 0.17182406 0.13840711 0.13453786 0.12558909 0.14241951
 0.15371663 0.13618495 0.17278086 0.10827899 0.17002735 0.1010374
 0.16552617 0.13719765 0.15634366 0.16311253 0.16204661 0.17653452
 0.15982158 0.16034001 0.11557816 0.13389968 0.13410058 0.18986793
 0.14708403 0.15344865 0.16145372 0.1585521  0.11499498 0.15458885
 0.165343   0.11735007 0.1546826  0.15815217 0.08710561 0.13593999
 0.13946394 0.13173515 0.15386499 0.12746984 0.1386694  0.12092932
 0.13727234 0.18799699 0.11334458 0.13721627 0.15646653 0.11989173
 0.11126152 0.14890438 0.17748869 0.14270931 0.16547956 0.14771433
 0.11506192 0.12040155]
alpha_repeat-2
BERT
[0.796498   0.79571605 0.7969758  0.79527354 0.7926223  0.7919544
 0.7954004  0.7896508  0.7909002  0.79124683 0.79772    0.7936494
 0.79915357 0.8004301  0.79269344 0.7954327  0.79366136 0.7916341
 0.7918094  0.78937846 0.78978616 0.7945564  0.78838384 0.79155934
 0.795555   0.7917792  0.7935741  0.7977671  0.79154706 0.7962425
 0.795541   0.7895488  0.78798896 0.790028   0.79312813 0.79635054
 0.79092884 0.78958035 0.79211855 0.7940045  0.7926138  0.79842395
 0.79398626 0.7973644  0.79696685 0.79493517 0.7975434  0.796669
 0.80045867 0.7889096  0.7910035  0.7950644  0.79920715 0.7929053
 0.7955563  0.79261166 0.7926037  0.79116786 0.7946236  0.7963899
 0.79673004 0.7958792  0.7993416  0.79703224 0.79332936 0.7918679
 0.78823555 0.7964633  0.7949637  0.7942063  0.7954433  0.79980946
 0.79591334 0.7890932  0.79634607 0.7906177  0.7973215  0.79531914
 0.7967874  0.7922498  0.79288554 0.79474956 0.7881636  0.79731303
 0.79751873 0.7933698  0.7878348  0.79598385 0.7991179  0.79498047
 0.7976036  0.7890438  0.7924833  0.7983482  0.7934855  0.7902698
 0.7942722  0.79680836 0.79809964 0.796396   0.7928837  0.7910186
 0.794273   0.7904081  0.7959698  0.7975439  0.79655063 0.7936609
 0.7907491  0.7913969  0.7969032  0.79114866 0.79024523 0.7863147
 0.7942024  0.79249007 0.7956387  0.79493284 0.7946488  0.7930064
 0.79962075 0.7938169  0.795585   0.7877107  0.7893141  0.79073286
 0.79407066 0.795371   0.7992008  0.79533315 0.793366   0.7910106
 0.7985115  0.797187   0.7890685  0.79751533 0.79683906 0.7908647
 0.7943504  0.7897012  0.7937128  0.78692746 0.78659225 0.79460275
 0.78902936 0.79821295 0.7946285  0.7960447  0.79587674 0.7949031
 0.7971862  0.7921202  0.79528975 0.7914415  0.7994367  0.7896828
 0.79786795 0.79407257 0.79501855 0.7928394  0.79535824 0.7938131
 0.7996335  0.7930392  0.7924613  0.7913852  0.7926942  0.798304
 0.796336   0.7976731  0.798843   0.79675543 0.7897372  0.80206996
 0.79632    0.7919255  0.7938065  0.7947612  0.7886343  0.79319054
 0.79123616 0.7934919  0.7927999  0.798863   0.7968461  0.79312515
 0.79370797 0.8001244  0.7894957  0.79351735 0.7930629  0.793698
 0.7907966  0.79546386 0.79843426 0.7987772  0.7924815  0.7991228
 0.792174   0.79573375]
[nltk_data] Downloading package wordnet to /mnt/iusers01/fse-
[nltk_data]     ugpgt01/compsci01/q12628ct/nltk_data...
[nltk_data]   Package wordnet is already up-to-date!
[nltk_data] Downloading package punkt_tab to /mnt/iusers01/fse-
[nltk_data]     ugpgt01/compsci01/q12628ct/nltk_data...
[nltk_data]   Package punkt_tab is already up-to-date!
[nltk_data] Downloading package omw-1.4 to /mnt/iusers01/fse-
[nltk_data]     ugpgt01/compsci01/q12628ct/nltk_data...
[nltk_data]   Package omw-1.4 is already up-to-date!
/mnt/iusers01/fse-ugpgt01/compsci01/q12628ct/.conda/envs/semantic-decoding/lib/python3.10/site-packages/huggingface_hub/file_download.py:945: FutureWarning: `resume_download` is deprecated and will be removed in version 1.0.0. Downloads always resume when possible. If you want to force a new download, use `force_download=True`.
  warnings.warn(
Some weights of the model checkpoint at roberta-large were not used when initializing RobertaModel: ['lm_head.layer_norm.bias', 'lm_head.dense.weight', 'lm_head.dense.bias', 'lm_head.layer_norm.weight', 'lm_head.bias']
- This IS expected if you are initializing RobertaModel from the checkpoint of a model trained on another task or with another architecture (e.g. initializing a BertForSequenceClassification model from a BertForPreTraining model).
- This IS NOT expected if you are initializing RobertaModel from the checkpoint of a model that you expect to be exactly identical (initializing a BertForSequenceClassification model from a BertForSequenceClassification model).
Some weights of RobertaModel were not initialized from the model checkpoint at roberta-large and are newly initialized: ['roberta.pooler.dense.bias', 'roberta.pooler.dense.weight']
You should probably TRAIN this model on a down-stream task to be able to use it for predictions and inference.
bravo_repeat-1
WER
[-0.02582075 -0.02106277 -0.02513243 -0.00023793 -0.00496974 -0.02201284
 -0.03168783 -0.01639938 -0.03391621 -0.01251912 -0.02193816 -0.00765978
 -0.00941222 -0.02277627  0.00086566 -0.02598617 -0.02756061 -0.03746066
 -0.02391052 -0.0289638  -0.02928981 -0.02344448 -0.02581713 -0.02433251
 -0.01234893 -0.01003028 -0.01588448  0.00468555 -0.01644639 -0.01193204
 -0.02964883 -0.01919273 -0.01852433 -0.02373515 -0.0098162  -0.02313377
 -0.00756954 -0.00844454 -0.01329429 -0.0031776  -0.01470517 -0.01011107
 -0.01908269 -0.02265779 -0.03016229  0.00422667 -0.0251609  -0.0145496
 -0.03345913 -0.03066593 -0.02398015 -0.01590264 -0.02535328 -0.01178019
 -0.01565034 -0.02425573 -0.00317327 -0.02732352 -0.00321556 -0.01015201
 -0.01942136 -0.00270203 -0.01374942 -0.00784888 -0.02819541 -0.00328095
 -0.00445353 -0.03110728 -0.02151291 -0.01953754 -0.02832836 -0.03297975
 -0.02119963 -0.01203219 -0.0246328  -0.01306396 -0.01805333 -0.04310658
 -0.01291982 -0.00041366 -0.02718414 -0.04006879 -0.02300892  0.00261958
  0.00215504 -0.02876516 -0.02388596 -0.01234154 -0.0331675  -0.03904469
 -0.01766767 -0.03014961 -0.03188469 -0.02120958 -0.01465779 -0.00908814
 -0.01965657 -0.0229189  -0.01667417 -0.01856178 -0.02495947 -0.02047646
 -0.01234482 -0.02589222 -0.0150384  -0.02367838 -0.02437917 -0.02133407
 -0.00822588  0.00147923  0.00517564 -0.01666572 -0.01830065 -0.02358899
 -0.01268021 -0.02134833 -0.01678457  0.00194871 -0.0256891  -0.00740988
 -0.03152186 -0.0143812  -0.013329   -0.01871282  0.01650778 -0.02894291
 -0.0204199  -0.01905364 -0.00615053 -0.01598594 -0.01595579 -0.00462871
 -0.00924659 -0.00476823 -0.01492866 -0.01795841 -0.02520913 -0.02665983
 -0.02178296 -0.01825008  0.00106137 -0.02293287 -0.01187382 -0.02453809
 -0.03155488 -0.01308151 -0.01125025 -0.01131835 -0.01073719 -0.01602677
 -0.0228342  -0.0143061  -0.03302823 -0.03055505 -0.02197374 -0.00832503
 -0.02879963 -0.01704227 -0.01153444 -0.01480557 -0.02581334 -0.01109399
 -0.02326989 -0.0117394  -0.01020359 -0.0274838  -0.00493798 -0.02009928
 -0.02271293  0.01173996 -0.02622918 -0.01642759 -0.01613231  0.00011976
 -0.01542677 -0.02607572 -0.02447219 -0.00083295 -0.02138059  0.00180408
 -0.00761718 -0.00320905  0.00348936 -0.02458366 -0.02782401 -0.01312617
 -0.00570047 -0.02195809 -0.01260179 -0.0174649  -0.00935388 -0.02050935
 -0.01129346 -0.03083385 -0.0321735  -0.01364906 -0.02119438 -0.02697166
 -0.03046703 -0.00697153]
bravo_repeat-1
BLEU
[0.18850558 0.2045992  0.2295094  0.25934263 0.2488754  0.17832981
 0.17808404 0.2300872  0.22433031 0.23843834 0.20263795 0.22210811
 0.2375141  0.16250199 0.21893022 0.21629766 0.20733451 0.21632481
 0.25265759 0.19610721 0.2515961  0.27085246 0.20795929 0.18874494
 0.25891045 0.21639862 0.2424038  0.24939359 0.2465218  0.23988287
 0.17166685 0.20721038 0.2375184  0.20290855 0.27250465 0.24722399
 0.250681   0.26430646 0.21976529 0.23199545 0.25692056 0.1927611
 0.19798333 0.22947595 0.19695865 0.22553414 0.22749266 0.22585815
 0.17617927 0.14625076 0.16425398 0.17836456 0.21568114 0.23623697
 0.26797647 0.23286611 0.23562246 0.22804973 0.26084168 0.24098634
 0.2088052  0.19011679 0.24948028 0.23129406 0.2138841  0.22347882
 0.2531125  0.14679869 0.17730899 0.16687498 0.24188706 0.20753666
 0.23490332 0.25456761 0.21304494 0.23878864 0.19881506 0.13904662
 0.25018806 0.20456288 0.20730092 0.13484508 0.18616614 0.27731796
 0.26522122 0.13790299 0.23246221 0.20852164 0.18963668 0.15944063
 0.21318741 0.19640647 0.21974264 0.2172131  0.20911484 0.17722132
 0.21327182 0.20266467 0.2300061  0.19546261 0.18587762 0.17371995
 0.23614959 0.19263095 0.21222998 0.13917341 0.20976739 0.20451724
 0.22491357 0.20568048 0.24511935 0.19347037 0.19092286 0.25879878
 0.2558203  0.18559954 0.21485668 0.2275997  0.21702816 0.26361076
 0.18632897 0.22918818 0.23497911 0.19389605 0.2257304  0.20087841
 0.15702801 0.22453493 0.22100979 0.26473677 0.21024656 0.27388953
 0.21613348 0.20031955 0.24794784 0.19898204 0.20036983 0.1974583
 0.21094397 0.19209661 0.22760427 0.1441831  0.22141633 0.17621994
 0.16546634 0.24571897 0.21739972 0.2164018  0.25077702 0.22010558
 0.19450776 0.24390856 0.16161615 0.12907332 0.24041547 0.21470923
 0.2239901  0.21585731 0.19835154 0.17137937 0.15486185 0.26954392
 0.21182774 0.22119108 0.23918215 0.19971683 0.24511018 0.17591535
 0.19830906 0.24306361 0.20975472 0.17501705 0.23235831 0.2555786
 0.23386637 0.21403181 0.2113407  0.20607424 0.23655398 0.25176335
 0.19629325 0.18312875 0.19938256 0.22185566 0.1503501  0.18919321
 0.26367069 0.19312983 0.18039717 0.21828252 0.23680735 0.20248973
 0.23854905 0.19494436 0.20901532 0.19428479 0.21500486 0.21491952
 0.16035964 0.23235367]
bravo_repeat-1
METEOR
[0.13728342 0.13147183 0.15174276 0.17267091 0.16830828 0.11727269
 0.11574148 0.16250656 0.13949563 0.18152801 0.13332134 0.15702985
 0.16666297 0.14788744 0.13987236 0.15043086 0.13695523 0.1309243
 0.16393756 0.12280603 0.161367   0.16470339 0.13949914 0.13275092
 0.17653101 0.14515684 0.15483002 0.17158598 0.17706415 0.15378925
 0.12475461 0.1653073  0.18531214 0.13829329 0.16914522 0.1586738
 0.1685397  0.17862155 0.13747532 0.14060696 0.18015718 0.13764857
 0.12980366 0.14723631 0.13109504 0.14756439 0.15658588 0.15157871
 0.12079802 0.11420975 0.10554543 0.12491135 0.12999555 0.14643438
 0.16454511 0.14988465 0.17453589 0.17001195 0.17994611 0.1486715
 0.13232948 0.13818635 0.15474751 0.14994379 0.14946527 0.17531557
 0.15958701 0.12263748 0.1239311  0.12082747 0.17138227 0.13908214
 0.15014807 0.16145084 0.1561769  0.1704987  0.14044853 0.11214743
 0.16359257 0.12607886 0.13651448 0.09030967 0.12742707 0.1881742
 0.17824793 0.08901563 0.14264894 0.15676409 0.13677198 0.13106966
 0.14206591 0.1198109  0.14195396 0.13056954 0.17283856 0.12259808
 0.14999745 0.13410182 0.14857834 0.13305633 0.12845132 0.1095433
 0.14905852 0.14055452 0.13758941 0.09682146 0.13352723 0.13957668
 0.15180729 0.13833629 0.15254875 0.12239199 0.14262186 0.16451665
 0.14707635 0.12028587 0.13693557 0.15674519 0.13554178 0.17979791
 0.14164682 0.13728413 0.15533016 0.12169484 0.13746365 0.13892969
 0.11999588 0.14051447 0.15257315 0.15945052 0.14199302 0.18105071
 0.15269311 0.13033715 0.1562751  0.13921949 0.15212098 0.13088163
 0.15240159 0.1215706  0.1645916  0.10476779 0.14465889 0.12398871
 0.10277128 0.15255221 0.14403531 0.16096809 0.15531377 0.16465271
 0.14537788 0.15815408 0.13013809 0.11380618 0.14620752 0.16442814
 0.15292893 0.1436062  0.12994262 0.12148652 0.1138376  0.17277061
 0.15038541 0.143308   0.15973316 0.15718054 0.17369    0.12537598
 0.12717264 0.1515742  0.14674063 0.11652651 0.18603491 0.15704645
 0.16311045 0.14293085 0.13467522 0.13247647 0.1688524  0.16773056
 0.13085924 0.12063399 0.12169792 0.15656255 0.11066742 0.12299529
 0.17773989 0.13238479 0.1368962  0.14827999 0.1734259  0.12873783
 0.17546432 0.13056516 0.13884241 0.12897553 0.14491824 0.13717203
 0.12338221 0.15081811]
bravo_repeat-1
BERT
[0.8027724  0.807489   0.80675304 0.8092109  0.8094117  0.80099785
 0.79967    0.8043573  0.806041   0.80986375 0.8002414  0.8002885
 0.80917984 0.8044775  0.80276144 0.8043334  0.8017859  0.80707216
 0.8070372  0.8027929  0.80851096 0.8050444  0.8043078  0.80583024
 0.8085326  0.80695564 0.80712044 0.80658656 0.8070105  0.8025548
 0.8048182  0.8055819  0.8085141  0.8029215  0.8045734  0.8029841
 0.8132898  0.8108638  0.80394584 0.8044441  0.8123975  0.80487007
 0.8013883  0.80251026 0.8086438  0.8066089  0.80554014 0.80550784
 0.8072598  0.7998536  0.79966456 0.80324835 0.8075447  0.80440325
 0.81180423 0.81132877 0.80772287 0.8037761  0.80914426 0.8075488
 0.80241644 0.8031273  0.8024703  0.8072417  0.8092724  0.8078132
 0.8070115  0.8000161  0.8023997  0.80470693 0.80513364 0.80232435
 0.81255424 0.8035202  0.80196816 0.8136252  0.80768734 0.8021527
 0.80294335 0.8053721  0.80376184 0.7985413  0.8040834  0.80863667
 0.80432624 0.7998236  0.80589837 0.8037381  0.8033092  0.8027928
 0.80325085 0.7995995  0.80491585 0.80287457 0.8033099  0.8035713
 0.80849487 0.8030216  0.80390435 0.8004277  0.80357826 0.80740124
 0.8063388  0.8017278  0.8026755  0.8014354  0.80320174 0.8069282
 0.80530196 0.80178183 0.7999009  0.80558556 0.80610776 0.8072339
 0.8040664  0.8043631  0.8034988  0.80877143 0.8044265  0.80754703
 0.80747914 0.805669   0.80108356 0.8048292  0.80151254 0.80413556
 0.8012757  0.8039131  0.8119167  0.8082967  0.80801123 0.80599827
 0.8048116  0.8064832  0.8036524  0.80299777 0.8083567  0.8038889
 0.8066609  0.8006134  0.81240195 0.80017686 0.80691075 0.8019824
 0.8026889  0.8020885  0.8041949  0.80820346 0.8062387  0.8078867
 0.80056494 0.80148137 0.8032732  0.8003117  0.8070544  0.8047852
 0.8096548  0.8063255  0.8072602  0.8002135  0.8041604  0.8110164
 0.80413127 0.8047917  0.8055566  0.8060906  0.808429   0.79992455
 0.80282664 0.80586094 0.81018764 0.8051395  0.8058615  0.8066051
 0.8063791  0.8045006  0.80618536 0.8080506  0.8051619  0.80874866
 0.8033743  0.8023292  0.80361676 0.8063474  0.80038816 0.80099434
 0.8092467  0.8035093  0.8039818  0.7981859  0.8071623  0.80436885
 0.80818063 0.8014303  0.804836   0.80032104 0.8031215  0.8045052
 0.80396104 0.80648685]
[nltk_data] Downloading package wordnet to /mnt/iusers01/fse-
[nltk_data]     ugpgt01/compsci01/q12628ct/nltk_data...
[nltk_data]   Package wordnet is already up-to-date!
[nltk_data] Downloading package punkt_tab to /mnt/iusers01/fse-
[nltk_data]     ugpgt01/compsci01/q12628ct/nltk_data...
[nltk_data]   Package punkt_tab is already up-to-date!
[nltk_data] Downloading package omw-1.4 to /mnt/iusers01/fse-
[nltk_data]     ugpgt01/compsci01/q12628ct/nltk_data...
[nltk_data]   Package omw-1.4 is already up-to-date!
/mnt/iusers01/fse-ugpgt01/compsci01/q12628ct/.conda/envs/semantic-decoding/lib/python3.10/site-packages/huggingface_hub/file_download.py:945: FutureWarning: `resume_download` is deprecated and will be removed in version 1.0.0. Downloads always resume when possible. If you want to force a new download, use `force_download=True`.
  warnings.warn(
Some weights of the model checkpoint at roberta-large were not used when initializing RobertaModel: ['lm_head.dense.weight', 'lm_head.layer_norm.bias', 'lm_head.layer_norm.weight', 'lm_head.bias', 'lm_head.dense.bias']
- This IS expected if you are initializing RobertaModel from the checkpoint of a model trained on another task or with another architecture (e.g. initializing a BertForSequenceClassification model from a BertForPreTraining model).
- This IS NOT expected if you are initializing RobertaModel from the checkpoint of a model that you expect to be exactly identical (initializing a BertForSequenceClassification model from a BertForSequenceClassification model).
Some weights of RobertaModel were not initialized from the model checkpoint at roberta-large and are newly initialized: ['roberta.pooler.dense.bias', 'roberta.pooler.dense.weight']
You should probably TRAIN this model on a down-stream task to be able to use it for predictions and inference.
bravo_repeat-2
WER
[-0.0495678  -0.04466187 -0.0488593  -0.04347308 -0.05346342 -0.04730862
 -0.03987739 -0.05349126 -0.05334416 -0.05255556 -0.06025192 -0.04577101
 -0.03512315 -0.04515477 -0.03371143 -0.06478481 -0.06815988 -0.04983633
 -0.04723155 -0.04018292 -0.0504245  -0.0524425  -0.06888342 -0.05164335
 -0.06247221 -0.04342439 -0.05601111 -0.05254509 -0.04601156 -0.05330093
 -0.05626831 -0.05129533 -0.05692247 -0.04121574 -0.05773731 -0.07238593
 -0.06275777 -0.05764053 -0.05984599 -0.05632753 -0.05297307 -0.04301661
 -0.06457857 -0.03942473 -0.04602986 -0.06504175 -0.06568567 -0.02355538
 -0.06245253 -0.02674805 -0.04299356 -0.05139736 -0.06697302 -0.01436384
 -0.05292669 -0.0309258  -0.05774651 -0.03822112 -0.06987522 -0.07255076
 -0.04928159 -0.0632407  -0.03901205 -0.05169705 -0.04552116 -0.05555208
 -0.05118667 -0.03024319 -0.07074149 -0.04098565 -0.04589125 -0.03935538
 -0.04107396 -0.0636426  -0.05845361 -0.03588879 -0.04327723 -0.03517348
 -0.06203649 -0.06484794 -0.06152338 -0.03404642 -0.05121734 -0.03357848
 -0.05712732 -0.05481935 -0.05147712 -0.03316294 -0.06600101 -0.06090722
 -0.0423557  -0.0603506  -0.04527988 -0.02287345 -0.04929977 -0.03590153
 -0.06370097 -0.05086459 -0.05400183 -0.04480301 -0.04902689 -0.06657796
 -0.07121706 -0.06178033 -0.05713829 -0.04483318 -0.04282248 -0.05298974
 -0.0720253  -0.05867534 -0.07571333 -0.0603189  -0.04455499 -0.04585702
 -0.04209362 -0.04160887 -0.06210106 -0.0386813  -0.0605985  -0.0326107
 -0.040218   -0.05366801 -0.06859824 -0.05594361 -0.03868068 -0.05782591
 -0.06711162 -0.04466006 -0.04314287 -0.05944042 -0.06295448 -0.06195018
 -0.05957553 -0.05081189 -0.07045044 -0.0568351  -0.04375489 -0.02262854
 -0.06380815 -0.03603734 -0.04439323 -0.03516999 -0.06026806 -0.04115788
 -0.05531149 -0.05351692 -0.05028414 -0.05046414 -0.04363044 -0.04993663
 -0.05764581 -0.06698069 -0.05552536 -0.03913847 -0.04762347 -0.04940085
 -0.06590583 -0.04775922 -0.05510392 -0.05318019 -0.03464118 -0.03954716
 -0.03010355 -0.05454784 -0.03959632 -0.06505588 -0.04747122 -0.0530423
 -0.04306957 -0.02028137 -0.04985544 -0.04479956 -0.05801188 -0.03747536
 -0.05548011 -0.05351809 -0.04108594 -0.04916868 -0.04676511 -0.0597871
 -0.03460636 -0.05366835 -0.05290314 -0.0490534  -0.06794149 -0.06650556
 -0.05756149 -0.05094755 -0.04512058 -0.05460454 -0.04867151 -0.04279603
 -0.04947381 -0.06349365 -0.05187383 -0.05276818 -0.0572468  -0.02327496
 -0.05858996 -0.0509334 ]
bravo_repeat-2
BLEU
[0.20451685 0.24558962 0.19549551 0.23174257 0.21721044 0.17169616
 0.18673019 0.25876048 0.19824657 0.20781315 0.15697541 0.24294903
 0.22144786 0.2858325  0.24499441 0.18087568 0.2431677  0.25215518
 0.19681446 0.18829937 0.20537089 0.21238244 0.14803722 0.20188683
 0.21050317 0.26853155 0.18723918 0.21197578 0.25737985 0.20480306
 0.21026509 0.15518277 0.21425816 0.23379708 0.21267773 0.16059248
 0.21653485 0.21855979 0.19567156 0.20859431 0.18893755 0.23357926
 0.22950868 0.26373018 0.23802461 0.20601613 0.20302701 0.28197543
 0.19113854 0.22748317 0.23230503 0.25807266 0.20416832 0.23829403
 0.20045014 0.19759722 0.20781629 0.2487596  0.1691845  0.20477494
 0.21588271 0.15253771 0.20163375 0.23155779 0.23152221 0.2035101
 0.20565421 0.29327869 0.16753611 0.18907853 0.21186456 0.23782542
 0.24386319 0.23057277 0.22405774 0.22676546 0.22234412 0.23109387
 0.20270183 0.1481202  0.20163881 0.23574162 0.21912702 0.24563332
 0.1789078  0.18971054 0.23008618 0.2411813  0.13725649 0.17870069
 0.22009808 0.23274423 0.18765757 0.24117273 0.19813489 0.22333422
 0.16551299 0.21282284 0.23625802 0.20868099 0.22124106 0.16551286
 0.15066482 0.14835455 0.20247494 0.22743225 0.20949819 0.17168371
 0.18792947 0.19494287 0.16939372 0.17138328 0.22596272 0.22947947
 0.24990467 0.23054305 0.19903063 0.22778726 0.19758568 0.25334427
 0.26282066 0.21830362 0.22385496 0.23292921 0.22082146 0.22002663
 0.14745244 0.23249118 0.20218693 0.20113279 0.1773859  0.24356048
 0.20011132 0.23832052 0.21025093 0.20636141 0.23406292 0.23566316
 0.15760963 0.2297682  0.23225373 0.25101407 0.19671908 0.20626086
 0.15918109 0.19395363 0.19855663 0.16309065 0.22406925 0.20132065
 0.21594482 0.13471011 0.22399432 0.23807941 0.16981895 0.18467618
 0.14012627 0.17045393 0.23216054 0.24567251 0.2411014  0.20129944
 0.26829949 0.23599504 0.23217522 0.17386873 0.22031325 0.24432065
 0.20819729 0.25433366 0.19521228 0.24106968 0.24589211 0.20235224
 0.18353778 0.19585246 0.15925201 0.23457432 0.19255882 0.2508717
 0.27594589 0.2489697  0.21728681 0.23941523 0.18575506 0.17066218
 0.21726155 0.20791181 0.24249283 0.18436529 0.22032457 0.18243149
 0.23580751 0.20997621 0.17511986 0.1888311  0.19213822 0.20378703
 0.22429716 0.21269648]
bravo_repeat-2
METEOR
[0.14580134 0.15679017 0.13873331 0.14894144 0.16440787 0.12876863
 0.1266178  0.17781093 0.13762707 0.15031347 0.11315585 0.17981408
 0.14836055 0.18834059 0.16508272 0.13680407 0.16663521 0.1567183
 0.14360555 0.11605251 0.14401311 0.1291626  0.12179197 0.12615831
 0.15140706 0.16643279 0.11830004 0.15325278 0.17921302 0.14250571
 0.16053174 0.10483597 0.15981756 0.16037396 0.15719701 0.10797925
 0.1414773  0.1479928  0.13077482 0.1363585  0.11925314 0.18297262
 0.16306796 0.1688779  0.1584635  0.15535736 0.1479909  0.18992507
 0.13922478 0.15836225 0.16358603 0.18994699 0.1248266  0.16494995
 0.13073576 0.1498358  0.15990675 0.15261129 0.12482244 0.14128436
 0.12834742 0.11609463 0.13376921 0.16018577 0.1623472  0.14495465
 0.15638319 0.21243869 0.114982   0.12765795 0.14375124 0.15809278
 0.1623022  0.16119436 0.16379483 0.182224   0.15347648 0.1606552
 0.15260491 0.09832665 0.12872102 0.15935984 0.16086485 0.16639933
 0.1169428  0.13707294 0.14996429 0.16736855 0.10729217 0.11365245
 0.14814908 0.15545339 0.14007652 0.16426497 0.12736923 0.15513202
 0.12177297 0.1553722  0.17272404 0.15727124 0.15086303 0.13510609
 0.10576513 0.10808741 0.12400809 0.14148297 0.14267912 0.10866217
 0.12321605 0.15662933 0.12807858 0.1068066  0.17252102 0.15271408
 0.15830391 0.16172514 0.13903403 0.14866496 0.13810164 0.1679887
 0.17487027 0.15316627 0.14385247 0.15139564 0.16108181 0.16996147
 0.10898846 0.18157635 0.12676003 0.14733301 0.12513099 0.15685985
 0.15214929 0.16361879 0.14624473 0.14826717 0.14146185 0.15267576
 0.12491912 0.16308184 0.15454665 0.20130804 0.13729215 0.13887795
 0.12287069 0.1300464  0.13588468 0.11170955 0.17150866 0.13485894
 0.16333156 0.09794998 0.16985622 0.15737593 0.14318659 0.14179485
 0.10286068 0.14038607 0.15320925 0.17160736 0.16428778 0.14901156
 0.18766418 0.1587194  0.14241724 0.1218167  0.14323117 0.16124241
 0.14582618 0.185934   0.12359632 0.15756165 0.15377136 0.15427557
 0.12740729 0.12932997 0.11461548 0.15528253 0.1365378  0.17532678
 0.18269341 0.17315144 0.16745663 0.15507191 0.11547174 0.12787233
 0.13778107 0.15119851 0.16098256 0.13600301 0.14942867 0.13540475
 0.17029682 0.1531258  0.14535474 0.14031123 0.12284689 0.17025631
 0.14824263 0.1366563 ]
bravo_repeat-2
BERT
[0.805338   0.8090729  0.8054189  0.8067247  0.8047073  0.80166024
 0.80515885 0.81377393 0.80234444 0.80243534 0.8026488  0.80931306
 0.8095693  0.80816615 0.80621755 0.8045387  0.80953926 0.80392027
 0.8081196  0.8060806  0.8030936  0.7995423  0.80297506 0.8045523
 0.7983591  0.80306023 0.80230415 0.80444235 0.8086492  0.80440044
 0.80239606 0.80196977 0.80234194 0.8088979  0.8119671  0.8009428
 0.8027646  0.805141   0.8084991  0.80252004 0.8028748  0.8066781
 0.8053033  0.8070754  0.8069131  0.80850655 0.8044537  0.8108265
 0.802978   0.80586046 0.80723435 0.8098758  0.8044037  0.8013863
 0.80487245 0.8067721  0.8075018  0.80902714 0.80546623 0.80373037
 0.8030762  0.7989039  0.8019126  0.80204755 0.8073324  0.80252826
 0.80561864 0.8148971  0.79928225 0.79885465 0.8087503  0.80771905
 0.8122852  0.8080028  0.81068534 0.8146193  0.80394816 0.80919796
 0.8121663  0.8001817  0.8025252  0.8075371  0.80426127 0.8084125
 0.80482084 0.8033212  0.80975735 0.8082737  0.8026307  0.80056584
 0.8055974  0.8095466  0.8077773  0.8120936  0.80162364 0.807513
 0.8073992  0.8086972  0.80620694 0.80814177 0.8073562  0.8002789
 0.8060253  0.8005384  0.80769414 0.80436295 0.80475634 0.80022883
 0.8008177  0.8064418  0.79978573 0.7986332  0.8068695  0.8115482
 0.81090516 0.8084062  0.8037343  0.8052225  0.80626667 0.8085493
 0.8073454  0.80954856 0.8098665  0.80734324 0.8081517  0.8051018
 0.80127686 0.80676335 0.8039277  0.80627173 0.80373985 0.8066341
 0.8085636  0.8021386  0.81009394 0.80732656 0.8024517  0.81434196
 0.80529505 0.8101162  0.8040818  0.80754185 0.8113662  0.8038222
 0.8038355  0.801575   0.80698776 0.80187327 0.8064428  0.8025544
 0.8098824  0.7997413  0.80756044 0.8106935  0.8007982  0.8042944
 0.7984858  0.8013301  0.8048099  0.8017849  0.8063438  0.8061867
 0.809698   0.8063589  0.8003755  0.7977491  0.80995244 0.80055386
 0.8080997  0.809532   0.80239177 0.8061673  0.806568   0.7983999
 0.8011979  0.80332005 0.79913723 0.80633616 0.7989811  0.8095292
 0.8078443  0.81157863 0.80833465 0.81031764 0.8056273  0.802548
 0.80725384 0.8031681  0.8021526  0.8011649  0.80345464 0.8037965
 0.80458504 0.8083471  0.8025916  0.8064665  0.8001749  0.80440474
 0.8052068  0.80772364]
[nltk_data] Downloading package wordnet to /mnt/iusers01/fse-
[nltk_data]     ugpgt01/compsci01/q12628ct/nltk_data...
[nltk_data]   Package wordnet is already up-to-date!
[nltk_data] Downloading package punkt_tab to /mnt/iusers01/fse-
[nltk_data]     ugpgt01/compsci01/q12628ct/nltk_data...
[nltk_data]   Package punkt_tab is already up-to-date!
[nltk_data] Downloading package omw-1.4 to /mnt/iusers01/fse-
[nltk_data]     ugpgt01/compsci01/q12628ct/nltk_data...
[nltk_data]   Package omw-1.4 is already up-to-date!
/mnt/iusers01/fse-ugpgt01/compsci01/q12628ct/.conda/envs/semantic-decoding/lib/python3.10/site-packages/huggingface_hub/file_download.py:945: FutureWarning: `resume_download` is deprecated and will be removed in version 1.0.0. Downloads always resume when possible. If you want to force a new download, use `force_download=True`.
  warnings.warn(
Some weights of the model checkpoint at roberta-large were not used when initializing RobertaModel: ['lm_head.dense.bias', 'lm_head.bias', 'lm_head.layer_norm.bias', 'lm_head.layer_norm.weight', 'lm_head.dense.weight']
- This IS expected if you are initializing RobertaModel from the checkpoint of a model trained on another task or with another architecture (e.g. initializing a BertForSequenceClassification model from a BertForPreTraining model).
- This IS NOT expected if you are initializing RobertaModel from the checkpoint of a model that you expect to be exactly identical (initializing a BertForSequenceClassification model from a BertForSequenceClassification model).
Some weights of RobertaModel were not initialized from the model checkpoint at roberta-large and are newly initialized: ['roberta.pooler.dense.weight', 'roberta.pooler.dense.bias']
You should probably TRAIN this model on a down-stream task to be able to use it for predictions and inference.
charlie_repeat-1
WER
[-0.11905793 -0.14534293 -0.11978084 -0.12746256 -0.14475134 -0.12269082
 -0.1276952  -0.11472234 -0.12019139 -0.1294653  -0.14092457 -0.13193231
 -0.11496117 -0.12494752 -0.14943924 -0.12437868 -0.12955155 -0.1160344
 -0.14493562 -0.13541638 -0.14640306 -0.14451649 -0.12123471 -0.1253349
 -0.13731608 -0.11772497 -0.14309729 -0.1402344  -0.10886658 -0.13558264
 -0.14111364 -0.11301374 -0.11385466 -0.11492719 -0.1543839  -0.13389401
 -0.12212127 -0.1249039  -0.13069011 -0.1200788  -0.12432256 -0.12324907
 -0.12952042 -0.11083264 -0.13006311 -0.14537678 -0.13164181 -0.13730426
 -0.14669611 -0.15273631 -0.14527622 -0.13325471 -0.14390271 -0.14179175
 -0.12476581 -0.13448794 -0.11911585 -0.13364232 -0.13242644 -0.11524
 -0.14473218 -0.13002634 -0.10261894 -0.12383176 -0.13108722 -0.12166497
 -0.1220199  -0.12066979 -0.14334294 -0.12059123 -0.12646038 -0.12628135
 -0.14646578 -0.12398286 -0.15222952 -0.10130954 -0.12057601 -0.12002145
 -0.13938476 -0.13560484 -0.13552685 -0.14324957 -0.12538756 -0.14652385
 -0.13530186 -0.12442074 -0.14440794 -0.13703152 -0.1425305  -0.13740576
 -0.13580545 -0.15697317 -0.14536952 -0.12105538 -0.13108212 -0.12634406
 -0.14273139 -0.13920452 -0.13185468 -0.13342075 -0.11421443 -0.11517307
 -0.13426247 -0.10635743 -0.13480169 -0.11459554 -0.10564075 -0.14031494
 -0.14797388 -0.12627579 -0.13597387 -0.1141173  -0.11765369 -0.13293134
 -0.1347921  -0.13000394 -0.14084658 -0.12211091 -0.12709096 -0.14593237
 -0.16108871 -0.12563736 -0.13192061 -0.11907905 -0.10870143 -0.11944174
 -0.13169209 -0.12803074 -0.13110079 -0.12713399 -0.1256152  -0.12678745
 -0.1243603  -0.12752561 -0.11852912 -0.09565845 -0.12993088 -0.11671306
 -0.14387665 -0.1310051  -0.11907668 -0.13774402 -0.12213173 -0.12040097
 -0.13026517 -0.11552159 -0.1160895  -0.14727498 -0.13401871 -0.11766182
 -0.13542269 -0.12522168 -0.11530558 -0.11784049 -0.12145644 -0.14087903
 -0.14681437 -0.1174893  -0.12767639 -0.13790119 -0.14591049 -0.11260072
 -0.13030023 -0.13629599 -0.12957438 -0.13903942 -0.13698381 -0.13719519
 -0.14972927 -0.15024778 -0.11197237 -0.11971434 -0.12497027 -0.13479146
 -0.14503736 -0.13217638 -0.14345688 -0.13416722 -0.11687165 -0.12378858
 -0.13032057 -0.11666526 -0.13125576 -0.1388021  -0.14226087 -0.13947594
 -0.13040051 -0.09737279 -0.13057526 -0.11931202 -0.12639287 -0.12672736
 -0.1410125  -0.13775934 -0.11720366 -0.12098511 -0.14440121 -0.13320017
 -0.13016869 -0.13195069]
charlie_repeat-1
BLEU
[0.21717146 0.18470934 0.18778103 0.20674311 0.14431912 0.19034358
 0.20250184 0.19512811 0.21401638 0.19475361 0.18307451 0.18702165
 0.19090284 0.19662097 0.16186224 0.22687151 0.20555269 0.18738815
 0.18400116 0.17701161 0.15122675 0.17399842 0.19653475 0.23232776
 0.16111885 0.20202318 0.17816832 0.19395827 0.19488857 0.16099251
 0.1662451  0.23639806 0.19730692 0.19268768 0.13453603 0.15938241
 0.17048335 0.19321795 0.20925052 0.19899662 0.18565649 0.19954559
 0.16529347 0.2014456  0.17059028 0.13323608 0.2083272  0.18364105
 0.182024   0.14241545 0.15064127 0.16554793 0.18670976 0.19029866
 0.18647964 0.18486496 0.20177214 0.21517581 0.18496295 0.18336616
 0.16629205 0.15753596 0.20262669 0.19517921 0.17920717 0.17672472
 0.21820803 0.17693743 0.15971376 0.18103656 0.21215232 0.18568443
 0.15316965 0.19923026 0.13094033 0.1943598  0.19585325 0.18064465
 0.21855889 0.19119459 0.19581294 0.18032189 0.15994194 0.17234158
 0.17164867 0.19015448 0.16864544 0.15240121 0.21414799 0.16553624
 0.18401178 0.13786727 0.14168493 0.17750593 0.17053722 0.20631856
 0.18760169 0.16423266 0.18101053 0.15230216 0.21804855 0.17083782
 0.18715845 0.18822121 0.19221313 0.17731009 0.19217561 0.15605721
 0.1599004  0.20825564 0.19001441 0.22749855 0.19195323 0.15867927
 0.17394399 0.21754324 0.18185048 0.16921436 0.16754626 0.16567492
 0.14302745 0.20880458 0.19561252 0.20926021 0.19682483 0.1944516
 0.17810815 0.18907638 0.20185651 0.1959671  0.22808167 0.19472042
 0.2092433  0.18474302 0.17784928 0.19779996 0.18772147 0.20987826
 0.18535335 0.16336605 0.19314002 0.18160482 0.23770601 0.17476354
 0.18188588 0.20142215 0.17866978 0.15606773 0.19102053 0.18962994
 0.18151168 0.17180511 0.20436553 0.20027411 0.2219622  0.13940058
 0.18767678 0.18990462 0.20832356 0.15782495 0.17014265 0.22264067
 0.19142017 0.19098479 0.21138228 0.18399217 0.20342437 0.16989183
 0.16378993 0.14786496 0.21087577 0.22177921 0.17201298 0.19773878
 0.18927042 0.19249086 0.16641359 0.19851361 0.2353125  0.21718864
 0.18379102 0.21817487 0.19190857 0.18299747 0.17069608 0.18249826
 0.17949745 0.19978437 0.17129219 0.17567437 0.21068513 0.15876041
 0.17445409 0.16921254 0.21394421 0.19551288 0.17376433 0.18561892
 0.17866725 0.1817176 ]
charlie_repeat-1
METEOR
[0.19926058 0.14246514 0.13498121 0.16033884 0.11201048 0.16021622
 0.18146193 0.14810571 0.15327507 0.17632207 0.14295161 0.13381643
 0.15839151 0.1499569  0.12249692 0.17810523 0.15767065 0.15027864
 0.14549984 0.12987668 0.11363794 0.14183831 0.15193429 0.1810271
 0.13276235 0.17499802 0.16248774 0.15609959 0.14457112 0.14247472
 0.12012743 0.15600854 0.16026742 0.16132041 0.11003188 0.13955842
 0.15420016 0.16930206 0.16465379 0.12135034 0.16399367 0.15344199
 0.14179859 0.15004942 0.12514158 0.10123427 0.15328396 0.14181628
 0.14310118 0.106245   0.12052922 0.13555679 0.15700905 0.13428074
 0.15597298 0.13818453 0.18392268 0.16730209 0.16100049 0.15033519
 0.13145701 0.12973777 0.16310805 0.15454639 0.13401908 0.14436916
 0.18509236 0.16321176 0.11106252 0.15847749 0.17860154 0.16154162
 0.14822994 0.15698496 0.10197088 0.15413271 0.14535249 0.15677867
 0.19372175 0.16920638 0.13366736 0.13298501 0.13211998 0.13856248
 0.15479626 0.1543249  0.1462297  0.12330976 0.16644639 0.13129221
 0.15099765 0.11952681 0.10940506 0.14354067 0.13940115 0.16744956
 0.14339153 0.14824852 0.15439772 0.14291341 0.16314517 0.14256847
 0.15689454 0.15378415 0.15611688 0.14982204 0.1703422  0.12442019
 0.13032074 0.17645877 0.17429665 0.19052067 0.15302871 0.14085001
 0.1343019  0.17049953 0.13922002 0.1630923  0.16043968 0.13191583
 0.10706005 0.17325133 0.14970798 0.16139624 0.14885684 0.14457106
 0.14969281 0.17281125 0.17880715 0.16793893 0.17929862 0.14508844
 0.16684773 0.15574989 0.15245338 0.1870758  0.13752956 0.16178264
 0.12657519 0.14043086 0.14333589 0.13513937 0.18415844 0.13518148
 0.13674551 0.14650871 0.13694633 0.13394468 0.15220233 0.14984054
 0.13624943 0.14510033 0.16861061 0.14797074 0.17629624 0.12461732
 0.17194144 0.15983828 0.15244813 0.12420491 0.13491693 0.17389395
 0.15395048 0.1471221  0.17014919 0.15066758 0.15167087 0.14031001
 0.13503127 0.11683159 0.15375147 0.184386   0.13183063 0.14312957
 0.14201569 0.15374331 0.13864013 0.15449498 0.17610649 0.16484081
 0.1608872  0.17198255 0.14913705 0.15359018 0.13436632 0.14204226
 0.1362202  0.16013627 0.13593631 0.14794597 0.17915545 0.13934753
 0.1151612  0.14813872 0.18360462 0.15260025 0.14626188 0.16144527
 0.16435062 0.14255296]
charlie_repeat-1
BERT
[0.78889334 0.78601825 0.7902833  0.7819161  0.78213716 0.77865547
 0.78952456 0.7838907  0.78616834 0.7852105  0.783171   0.785197
 0.79201245 0.78502655 0.78272164 0.79113144 0.79110086 0.7857479
 0.7853831  0.7844182  0.78234214 0.7845308  0.79308033 0.78587985
 0.78145134 0.7856371  0.7856546  0.78295416 0.7854339  0.7834323
 0.78677803 0.7837496  0.7901775  0.78541464 0.779397   0.77883774
 0.7835927  0.78358364 0.7939268  0.78382754 0.7832992  0.78241813
 0.7853668  0.79314953 0.78021    0.7831147  0.7880184  0.7825304
 0.7858724  0.78092074 0.7848681  0.77820146 0.7837178  0.790868
 0.78994614 0.7818692  0.7802873  0.78737545 0.78765005 0.79195225
 0.78484166 0.79154277 0.781344   0.7879873  0.7847141  0.7853254
 0.7830492  0.7839627  0.7855722  0.79766333 0.7829106  0.7844983
 0.78243256 0.7841929  0.78256273 0.780783   0.7825577  0.7821886
 0.78292835 0.7879498  0.78321826 0.79182315 0.78345704 0.7881226
 0.78904957 0.7838306  0.7794668  0.78149015 0.788795   0.78532046
 0.78049946 0.7797988  0.78317446 0.78540474 0.78056765 0.7887265
 0.780673   0.785618   0.7818102  0.7828455  0.78581274 0.78941613
 0.78448415 0.7899012  0.7849723  0.78895736 0.7886587  0.7810203
 0.78307706 0.7811322  0.78706145 0.7836996  0.78432745 0.7808398
 0.77853316 0.7893634  0.78141737 0.78952336 0.78605455 0.78588384
 0.78109986 0.7867024  0.7935524  0.7824465  0.7834554  0.78576225
 0.78303075 0.78413856 0.7876146  0.791941   0.7860549  0.7861333
 0.77965236 0.7816948  0.7841783  0.79108745 0.7848272  0.78362393
 0.78420407 0.7805779  0.7805733  0.7855842  0.78601557 0.781175
 0.78396624 0.7866873  0.7852689  0.788416   0.784908   0.78754294
 0.7838543  0.78027177 0.7935277  0.7870188  0.7855783  0.7812313
 0.7815669  0.78125346 0.78590614 0.78022105 0.7810216  0.7830004
 0.78865534 0.78707236 0.7845252  0.7908874  0.78696024 0.7875086
 0.78212607 0.78348404 0.78620344 0.79354906 0.7870072  0.7868453
 0.78522277 0.7821962  0.7849836  0.78431255 0.7873471  0.7874928
 0.7843822  0.7843067  0.7876484  0.7834401  0.7812502  0.7836078
 0.78744924 0.79123574 0.7805063  0.78619987 0.78533036 0.78358805
 0.78250754 0.77938783 0.7869071  0.7860169  0.78508663 0.78041023
 0.78288    0.783523  ]
[nltk_data] Downloading package wordnet to /mnt/iusers01/fse-
[nltk_data]     ugpgt01/compsci01/q12628ct/nltk_data...
[nltk_data]   Package wordnet is already up-to-date!
[nltk_data] Downloading package punkt_tab to /mnt/iusers01/fse-
[nltk_data]     ugpgt01/compsci01/q12628ct/nltk_data...
[nltk_data]   Package punkt_tab is already up-to-date!
[nltk_data] Downloading package omw-1.4 to /mnt/iusers01/fse-
[nltk_data]     ugpgt01/compsci01/q12628ct/nltk_data...
[nltk_data]   Package omw-1.4 is already up-to-date!
/mnt/iusers01/fse-ugpgt01/compsci01/q12628ct/.conda/envs/semantic-decoding/lib/python3.10/site-packages/huggingface_hub/file_download.py:945: FutureWarning: `resume_download` is deprecated and will be removed in version 1.0.0. Downloads always resume when possible. If you want to force a new download, use `force_download=True`.
  warnings.warn(
Some weights of the model checkpoint at roberta-large were not used when initializing RobertaModel: ['lm_head.dense.bias', 'lm_head.layer_norm.bias', 'lm_head.bias', 'lm_head.layer_norm.weight', 'lm_head.dense.weight']
- This IS expected if you are initializing RobertaModel from the checkpoint of a model trained on another task or with another architecture (e.g. initializing a BertForSequenceClassification model from a BertForPreTraining model).
- This IS NOT expected if you are initializing RobertaModel from the checkpoint of a model that you expect to be exactly identical (initializing a BertForSequenceClassification model from a BertForSequenceClassification model).
Some weights of RobertaModel were not initialized from the model checkpoint at roberta-large and are newly initialized: ['roberta.pooler.dense.weight', 'roberta.pooler.dense.bias']
You should probably TRAIN this model on a down-stream task to be able to use it for predictions and inference.
charlie_repeat-2
WER
[-0.13869206 -0.10871531 -0.13199589 -0.10062926 -0.12718633 -0.11842035
 -0.1220527  -0.11826944 -0.09890255 -0.1336894  -0.11558497 -0.11376517
 -0.11304609 -0.12592571 -0.1334145  -0.10566221 -0.13587285 -0.11422887
 -0.11350361 -0.12622116 -0.0934248  -0.09801678 -0.12769426 -0.12094667
 -0.11530722 -0.12566919 -0.11228239 -0.13887768 -0.11321605 -0.12756475
 -0.12100205 -0.09269694 -0.12505791 -0.11264837 -0.12468901 -0.13106984
 -0.13172353 -0.11158305 -0.14497366 -0.11795892 -0.13613634 -0.12682957
 -0.11165271 -0.12468057 -0.12441083 -0.12265292 -0.11665232 -0.11664711
 -0.11569927 -0.10936201 -0.12994487 -0.12240481 -0.10772767 -0.11507111
 -0.13463288 -0.14025466 -0.12111261 -0.1104601  -0.09226736 -0.12295368
 -0.11159491 -0.11962372 -0.11191605 -0.12134839 -0.12840566 -0.10737606
 -0.10346214 -0.11715431 -0.09944252 -0.13772884 -0.12656459 -0.10946022
 -0.11634776 -0.12719821 -0.12238231 -0.13351179 -0.10532225 -0.12558021
 -0.12171439 -0.11576199 -0.10945973 -0.12449639 -0.12729203 -0.11479427
 -0.13509521 -0.12204417 -0.11947668 -0.13851268 -0.11639965 -0.12649048
 -0.10917625 -0.11318314 -0.11319198 -0.09917706 -0.13488615 -0.11959589
 -0.12992722 -0.11513401 -0.11667512 -0.12995603 -0.11563758 -0.12130307
 -0.11616908 -0.10806206 -0.11736877 -0.11569894 -0.13428016 -0.12654345
 -0.12409565 -0.13393929 -0.12683098 -0.11343382 -0.12367853 -0.13114907
 -0.11172341 -0.12835173 -0.12873218 -0.12418842 -0.11075073 -0.1378615
 -0.13094304 -0.11630748 -0.121876   -0.12551441 -0.12625893 -0.117572
 -0.12032063 -0.12272854 -0.12805456 -0.13272691 -0.11838033 -0.10808327
 -0.11737732 -0.11752317 -0.12420083 -0.12457555 -0.1112587  -0.12930525
 -0.12548616 -0.10832175 -0.12435464 -0.13614491 -0.12850385 -0.10584824
 -0.11383513 -0.12369731 -0.13799408 -0.10174995 -0.12806628 -0.12530056
 -0.1293517  -0.10924729 -0.12931854 -0.10678819 -0.11332967 -0.11771517
 -0.11837456 -0.12373121 -0.12123921 -0.12423648 -0.12241628 -0.11045754
 -0.12122528 -0.12368027 -0.12130328 -0.11699821 -0.12371474 -0.1334398
 -0.10719243 -0.1186552  -0.11664949 -0.12168928 -0.126111   -0.13360453
 -0.10917603 -0.13541524 -0.10969637 -0.11770694 -0.10430661 -0.12221665
 -0.11757934 -0.09937441 -0.11565909 -0.11363298 -0.13497723 -0.11791994
 -0.11320868 -0.11361497 -0.08435455 -0.11894728 -0.11894919 -0.12606841
 -0.09578355 -0.14884936 -0.13821601 -0.1254412  -0.09935944 -0.11194705
 -0.12862761 -0.11112498]
charlie_repeat-2
BLEU
[0.13107311 0.1796198  0.16932381 0.1805346  0.17079697 0.18083214
 0.16457191 0.15694814 0.21126752 0.15381972 0.19386867 0.19264005
 0.20547715 0.17530511 0.16747169 0.18942004 0.17752326 0.17805989
 0.1731293  0.21174736 0.19368035 0.1733587  0.16527973 0.17571284
 0.18630599 0.20598577 0.18045276 0.13267293 0.18979538 0.18285562
 0.20011238 0.20398158 0.15145631 0.19275469 0.18045622 0.15644597
 0.16927911 0.19525829 0.15357884 0.18926471 0.14415881 0.20618334
 0.18401621 0.15727307 0.18380851 0.19490334 0.19066288 0.17758327
 0.19011254 0.19151507 0.14711699 0.15536072 0.18508925 0.16387134
 0.13659512 0.15036176 0.18290243 0.19093136 0.20637539 0.17256878
 0.1659514  0.1766888  0.17638281 0.15724603 0.17750089 0.17840514
 0.16626687 0.19897646 0.15652714 0.13956243 0.12376216 0.18817963
 0.17281347 0.17222608 0.19260875 0.13884263 0.199083   0.20145057
 0.18753746 0.18555893 0.19490849 0.16570679 0.14609712 0.19675304
 0.17508503 0.19304953 0.18495646 0.15646863 0.18057473 0.14163859
 0.21741267 0.17397453 0.19912865 0.1801612  0.14992852 0.15981795
 0.16239695 0.18913979 0.15398978 0.18433779 0.1988086  0.19863781
 0.17247458 0.18392401 0.19639724 0.19358972 0.18391862 0.16456689
 0.18173891 0.16900167 0.16028369 0.18907523 0.19123492 0.15401778
 0.20905966 0.16091988 0.18140517 0.17378069 0.1604873  0.16160246
 0.17768975 0.19341381 0.17921022 0.19001827 0.14758479 0.20207863
 0.17161228 0.19899707 0.17016291 0.16900706 0.18503214 0.19037681
 0.17863536 0.19951553 0.16519699 0.1722867  0.20531491 0.14803989
 0.1741479  0.18803735 0.15807563 0.15100002 0.13644171 0.1746664
 0.19052854 0.152261   0.13488273 0.19025764 0.17844376 0.18453388
 0.1555219  0.18892781 0.16040755 0.193074   0.15136492 0.17735053
 0.16835536 0.17201727 0.14535823 0.15204222 0.20262585 0.18326068
 0.181919   0.20507377 0.17238153 0.21767732 0.21962161 0.14944385
 0.18259441 0.18205285 0.17875182 0.16108722 0.21870408 0.15324871
 0.17541262 0.12919226 0.18571318 0.16831655 0.19719475 0.16470134
 0.1678425  0.20559291 0.16921707 0.19437107 0.18385315 0.19611367
 0.15477091 0.20196488 0.22868221 0.17138602 0.19918852 0.17022225
 0.19222533 0.16342981 0.1473382  0.21197801 0.20552906 0.19375938
 0.15480751 0.21596095]
charlie_repeat-2
METEOR
[0.13014249 0.14222874 0.13040687 0.14143789 0.14786977 0.15892148
 0.12882898 0.14507717 0.15379881 0.12276466 0.15020593 0.14269649
 0.14476368 0.13492302 0.13066982 0.15414277 0.13885775 0.13482262
 0.14850005 0.15465242 0.1360747  0.14198133 0.13031243 0.14562049
 0.14065622 0.14592495 0.12626386 0.11062215 0.130146   0.15596419
 0.14692391 0.16460589 0.13406623 0.1653425  0.15418188 0.10992356
 0.13099466 0.16363083 0.11605693 0.16355291 0.12542995 0.16917294
 0.15370496 0.13370475 0.15263585 0.14521342 0.17044508 0.16137009
 0.14790952 0.15944161 0.11168396 0.1515481  0.13429572 0.12695766
 0.12374141 0.12724007 0.14279457 0.16238334 0.17477163 0.13650825
 0.16671427 0.16325017 0.14933631 0.14411174 0.14389049 0.16002423
 0.14442798 0.14880348 0.13338936 0.12375775 0.09482188 0.14641533
 0.13454662 0.14271168 0.16118976 0.11165195 0.14753938 0.17559971
 0.15349565 0.13176905 0.15097502 0.11975999 0.11310644 0.15693861
 0.15124901 0.16767316 0.1400039  0.12115586 0.15319623 0.12934716
 0.16581085 0.17373304 0.14601632 0.15124973 0.11442904 0.12739479
 0.13710655 0.1406078  0.12673353 0.16754626 0.14970425 0.16632823
 0.13715165 0.17081561 0.16229807 0.15484472 0.16022458 0.14892596
 0.14195763 0.13363971 0.14632892 0.17006022 0.16062575 0.11733816
 0.14692366 0.13384989 0.15875359 0.1475439  0.14237693 0.12605443
 0.15293576 0.16072208 0.14865238 0.14042157 0.12059003 0.14905857
 0.15675681 0.14181855 0.13981533 0.1327967  0.13167613 0.15014554
 0.13229069 0.17386879 0.15024619 0.13988407 0.13092749 0.13089994
 0.14330466 0.13855942 0.13199786 0.13673882 0.13277766 0.14487249
 0.1561783  0.13353593 0.12571048 0.15282616 0.14963184 0.15759191
 0.11643761 0.15713542 0.13771694 0.13589194 0.1307617  0.14781724
 0.1465631  0.15067596 0.12822944 0.13243232 0.15364223 0.14391658
 0.14398879 0.16832958 0.16020864 0.19159496 0.16224313 0.12797271
 0.16642268 0.14925361 0.14942588 0.13216811 0.15193825 0.11392224
 0.1463837  0.11772665 0.16365026 0.13356138 0.1418959  0.13448751
 0.1393643  0.17189196 0.14718503 0.15904356 0.1462622  0.16018957
 0.11866007 0.16367945 0.18610837 0.14570949 0.14395024 0.14468621
 0.18138551 0.11316048 0.11649111 0.17293105 0.15662869 0.18025335
 0.11370759 0.17773123]
charlie_repeat-2
BERT
[0.7834414  0.7851558  0.7846812  0.7875452  0.79658544 0.78621364
 0.7854376  0.7838827  0.7905024  0.77982366 0.79108065 0.7852573
 0.78914225 0.7857711  0.7852397  0.7809865  0.7893196  0.782143
 0.7806509  0.78379524 0.7853947  0.7787222  0.7823341  0.78237253
 0.78644544 0.7871512  0.78790385 0.7808204  0.7819522  0.7847779
 0.78564584 0.78642327 0.7817179  0.7849597  0.7795087  0.77956563
 0.7800673  0.7863293  0.7799901  0.78130984 0.7831124  0.783976
 0.77932715 0.78769255 0.78392845 0.7831872  0.7831132  0.7906169
 0.78019667 0.7858016  0.779745   0.7878032  0.7798692  0.7784853
 0.7830829  0.78641564 0.78370565 0.78683805 0.7864434  0.7783696
 0.7899994  0.7865345  0.78792804 0.7803107  0.78732663 0.7803689
 0.78570324 0.7841445  0.7854828  0.7852926  0.7825346  0.78652644
 0.78010803 0.784795   0.7853077  0.7809706  0.787046   0.787155
 0.78251696 0.7777572  0.7868287  0.7827036  0.7887601  0.7863244
 0.7882764  0.788497   0.7840948  0.78626794 0.78128976 0.7824045
 0.7849695  0.7888122  0.7852827  0.7872052  0.7859805  0.7840745
 0.77970195 0.7848766  0.7811772  0.7889369  0.7889867  0.7887631
 0.78828764 0.79002625 0.7914588  0.78532875 0.7848199  0.7891214
 0.7840132  0.78345406 0.7855092  0.78328174 0.7862967  0.7810762
 0.7812724  0.7839135  0.78545046 0.7793651  0.785544   0.7855785
 0.7848791  0.78168005 0.7822315  0.788759   0.78627414 0.7884368
 0.7836675  0.78311837 0.78068    0.7897135  0.7824687  0.78597504
 0.7806148  0.788271   0.7838672  0.7803885  0.78927815 0.7876142
 0.7872965  0.7819793  0.7797152  0.78309447 0.78267807 0.7824651
 0.78513664 0.77904695 0.787307   0.7904948  0.7813268  0.7840442
 0.7835158  0.7855967  0.78395927 0.78593975 0.7844039  0.7904744
 0.7815021  0.78355205 0.7823576  0.78445137 0.78315157 0.7866551
 0.7817274  0.78442645 0.78231514 0.7867259  0.7888492  0.78251696
 0.78180397 0.7863507  0.7791326  0.7830318  0.7888591  0.77754575
 0.7785756  0.7844912  0.7834741  0.7816021  0.7841452  0.7897667
 0.78585273 0.7862673  0.7920613  0.7815376  0.7870749  0.79218924
 0.781456   0.7859449  0.7931071  0.78710043 0.78989655 0.78240186
 0.78317523 0.7854369  0.7837009  0.7917459  0.78503025 0.7891494
 0.7852017  0.7849001 ]
[nltk_data] Downloading package wordnet to /mnt/iusers01/fse-
[nltk_data]     ugpgt01/compsci01/q12628ct/nltk_data...
[nltk_data]   Package wordnet is already up-to-date!
[nltk_data] Downloading package punkt_tab to /mnt/iusers01/fse-
[nltk_data]     ugpgt01/compsci01/q12628ct/nltk_data...
[nltk_data]   Package punkt_tab is already up-to-date!
[nltk_data] Downloading package omw-1.4 to /mnt/iusers01/fse-
[nltk_data]     ugpgt01/compsci01/q12628ct/nltk_data...
[nltk_data]   Package omw-1.4 is already up-to-date!
/mnt/iusers01/fse-ugpgt01/compsci01/q12628ct/.conda/envs/semantic-decoding/lib/python3.10/site-packages/huggingface_hub/file_download.py:945: FutureWarning: `resume_download` is deprecated and will be removed in version 1.0.0. Downloads always resume when possible. If you want to force a new download, use `force_download=True`.
  warnings.warn(
Some weights of the model checkpoint at roberta-large were not used when initializing RobertaModel: ['lm_head.layer_norm.weight', 'lm_head.dense.bias', 'lm_head.dense.weight', 'lm_head.bias', 'lm_head.layer_norm.bias']
- This IS expected if you are initializing RobertaModel from the checkpoint of a model trained on another task or with another architecture (e.g. initializing a BertForSequenceClassification model from a BertForPreTraining model).
- This IS NOT expected if you are initializing RobertaModel from the checkpoint of a model that you expect to be exactly identical (initializing a BertForSequenceClassification model from a BertForSequenceClassification model).
Some weights of RobertaModel were not initialized from the model checkpoint at roberta-large and are newly initialized: ['roberta.pooler.dense.bias', 'roberta.pooler.dense.weight']
You should probably TRAIN this model on a down-stream task to be able to use it for predictions and inference.
delta_repeat-1
WER
[-0.2080621  -0.23034606 -0.2135512  -0.17889758 -0.21127256 -0.17815896
 -0.21246672 -0.17833383 -0.20997855 -0.21051076 -0.22800467 -0.21123894
 -0.2290912  -0.21585603 -0.21497517 -0.22116021 -0.1912112  -0.19842799
 -0.20797979 -0.20859038 -0.21045667 -0.20343732 -0.21437566 -0.18038364
 -0.23052483 -0.23613697 -0.19432386 -0.19875005 -0.23390095 -0.204082
 -0.19884747 -0.21302751 -0.22599718 -0.21539443 -0.19910716 -0.20361713
 -0.20350873 -0.2065574  -0.19278897 -0.19003762 -0.2169268  -0.19460252
 -0.21591906 -0.22050265 -0.22085468 -0.19518049 -0.2032402  -0.22343594
 -0.23262242 -0.21168672 -0.19710756 -0.22138876 -0.23206137 -0.2223774
 -0.22032313 -0.22682381 -0.2041239  -0.21380172 -0.21107305 -0.22557927
 -0.19790696 -0.22218194 -0.19179332 -0.20137578 -0.18353228 -0.20598591
 -0.21188096 -0.21426292 -0.23947082 -0.2353187  -0.19079243 -0.20562239
 -0.20268804 -0.19348601 -0.22308803 -0.21805384 -0.23052184 -0.24667498
 -0.21203622 -0.21509127 -0.22154318 -0.21579521 -0.19585608 -0.23516126
 -0.20633611 -0.21610367 -0.18709226 -0.21028187 -0.22504609 -0.19603157
 -0.18985225 -0.19532213 -0.21269022 -0.23242931 -0.17002172 -0.21069682
 -0.22633326 -0.21258342 -0.2133545  -0.21653013 -0.20997673 -0.22001218
 -0.20419384 -0.21598814 -0.19609814 -0.20174623 -0.1806184  -0.20320942
 -0.23921404 -0.20259755 -0.19288366 -0.18063622 -0.21271422 -0.22345203
 -0.20818986 -0.23090877 -0.23157854 -0.21516091 -0.22482227 -0.21623598
 -0.22627912 -0.22155723 -0.20495525 -0.20615069 -0.21455541 -0.2037632
 -0.2108818  -0.21526043 -0.23829289 -0.23110352 -0.19602839 -0.19181879
 -0.20738266 -0.21361014 -0.21549207 -0.20249885 -0.23088371 -0.19578216
 -0.22267837 -0.21743458 -0.19498675 -0.20422348 -0.19978311 -0.21413711
 -0.22697073 -0.22620564 -0.21399704 -0.21654998 -0.18916773 -0.20029964
 -0.20999733 -0.22671133 -0.21206941 -0.22103956 -0.21768693 -0.20774823
 -0.18137352 -0.20442834 -0.21501375 -0.22691405 -0.21556942 -0.20583292
 -0.19547447 -0.20384783 -0.22348797 -0.20870757 -0.20955022 -0.21376863
 -0.20955843 -0.19960208 -0.22507963 -0.2132101  -0.21911979 -0.20846651
 -0.18352552 -0.20898151 -0.22809247 -0.18145626 -0.21672454 -0.22513119
 -0.21697311 -0.20637179 -0.22384869 -0.2003811  -0.20020291 -0.23595014
 -0.22453137 -0.19996107 -0.19425856 -0.21403555 -0.19977611 -0.17937893
 -0.21463289 -0.20269875 -0.18790425 -0.22300687 -0.20988599 -0.20614682
 -0.19549195 -0.19862006]
delta_repeat-1
BLEU
[0.18397135 0.13836588 0.16042559 0.20002054 0.18745385 0.19969446
 0.22860925 0.19202909 0.1747525  0.17497325 0.16637688 0.19860402
 0.20655628 0.175065   0.19059789 0.19220905 0.20686124 0.13141619
 0.18056539 0.19322478 0.17027207 0.21704746 0.19215262 0.1759678
 0.19066697 0.15452569 0.22679462 0.19568948 0.14230359 0.16405768
 0.20484677 0.17666432 0.16370496 0.18418912 0.20473549 0.2058507
 0.2042469  0.19423449 0.18043138 0.13676114 0.1614304  0.19805492
 0.18004459 0.19711601 0.16881307 0.19062115 0.21514528 0.17456263
 0.14552806 0.20168549 0.1839918  0.15667123 0.15817515 0.1355014
 0.14586727 0.15625842 0.17514692 0.2185204  0.14334777 0.18427258
 0.198337   0.18419341 0.2081471  0.17091247 0.17017313 0.21177156
 0.20326204 0.15622795 0.13524272 0.15949998 0.1976095  0.18066628
 0.18023867 0.19890399 0.17634284 0.18571486 0.15380718 0.15562319
 0.17223579 0.16054863 0.18030049 0.14143191 0.19846613 0.14568782
 0.17157616 0.17868635 0.20035524 0.2111969  0.179828   0.19790601
 0.21354925 0.22476484 0.16170862 0.18567882 0.19660258 0.17720565
 0.14565932 0.18854089 0.17088957 0.16719814 0.18231754 0.16874084
 0.17642391 0.13879878 0.20554098 0.23315814 0.2097118  0.18901889
 0.13782527 0.18629649 0.19117783 0.18551959 0.1596384  0.17439415
 0.17609319 0.13496737 0.13998678 0.15322943 0.15775221 0.179325
 0.14891215 0.17377088 0.19389283 0.19148519 0.21509504 0.1664899
 0.1779247  0.18461452 0.15021412 0.16082811 0.18536908 0.18736504
 0.18615393 0.19015699 0.20273766 0.16421584 0.1488949  0.1951513
 0.1486634  0.15870059 0.25276021 0.20420358 0.18577425 0.199878
 0.14057579 0.16540752 0.18126373 0.20904414 0.17326449 0.13657136
 0.18092773 0.18516986 0.18235873 0.12681698 0.17368564 0.17809836
 0.23204355 0.19995037 0.17672299 0.19043715 0.16559819 0.2096481
 0.17685913 0.19535044 0.174606   0.19572886 0.21084393 0.18878063
 0.23343866 0.2169625  0.16400191 0.16407038 0.16653342 0.21409372
 0.17637891 0.19494773 0.16053564 0.20246578 0.18571172 0.17311313
 0.16798737 0.15328843 0.16696711 0.1798519  0.18957289 0.15324088
 0.15722937 0.20248914 0.20449587 0.14781484 0.16864215 0.20483295
 0.16995249 0.17109468 0.22873167 0.17175131 0.17185556 0.20341334
 0.18982387 0.19954543]
delta_repeat-1
METEOR
[0.15179068 0.11503918 0.15293925 0.1679764  0.14873907 0.16431709
 0.17360559 0.1628133  0.14117111 0.16169421 0.15378578 0.15400284
 0.1623259  0.15554196 0.1711652  0.16500735 0.17307347 0.10985094
 0.17335811 0.16417734 0.13855196 0.1700736  0.16162209 0.15177855
 0.16111388 0.13542987 0.16886305 0.15917599 0.11484438 0.15928734
 0.17099147 0.13855329 0.15121567 0.15302724 0.15735511 0.16712809
 0.17141699 0.16667664 0.15404927 0.12164977 0.15278764 0.17835601
 0.14964236 0.16804154 0.1420436  0.163127   0.17835377 0.15520643
 0.12908104 0.16808118 0.1349793  0.14808504 0.1484906  0.13650597
 0.14478856 0.13324768 0.14281621 0.1808881  0.14118015 0.15161658
 0.15973628 0.1673295  0.1780276  0.13084704 0.14287404 0.18333822
 0.16600629 0.13542771 0.11399635 0.13349079 0.1550377  0.16089318
 0.15598236 0.15916267 0.16089012 0.16777726 0.12042749 0.11781393
 0.15065471 0.14022268 0.14190398 0.13527231 0.16210054 0.12008814
 0.15179249 0.14049878 0.17210934 0.1704538  0.15640451 0.18012015
 0.18051283 0.19305508 0.14357245 0.14931547 0.17599785 0.14891192
 0.13411154 0.15049386 0.14705383 0.15242428 0.15914266 0.16843619
 0.13290933 0.13795935 0.17651286 0.17594566 0.16287254 0.16964754
 0.10386575 0.17929158 0.16357961 0.17388307 0.13766851 0.14437567
 0.15108588 0.12353493 0.12890172 0.15009839 0.12208502 0.15498194
 0.1390047  0.14741003 0.17722773 0.17701418 0.16598975 0.1483442
 0.15064073 0.18787613 0.13517049 0.16278344 0.15128535 0.17275283
 0.14819952 0.14618799 0.16795333 0.13604646 0.11964999 0.16066031
 0.12147036 0.13402819 0.20851595 0.18063624 0.17353662 0.16846624
 0.10735941 0.12945884 0.1579834  0.19206403 0.15951168 0.11116723
 0.14403439 0.14338961 0.15820278 0.11994683 0.16128195 0.1406396
 0.21013841 0.16803839 0.14975413 0.16287274 0.16161694 0.18708554
 0.14073446 0.18681168 0.15265091 0.17891236 0.1757282  0.16538725
 0.19984832 0.17839299 0.13101979 0.14531531 0.14512498 0.19010877
 0.14886174 0.16382464 0.15063378 0.18404591 0.15748627 0.15695127
 0.15286653 0.12827256 0.13234131 0.15433442 0.19824155 0.13899574
 0.14248997 0.19395625 0.16335933 0.12019627 0.17356978 0.2123404
 0.11846327 0.1434402  0.19533984 0.16225468 0.15179261 0.17059094
 0.16501586 0.15027933]
delta_repeat-1
BERT
[0.8073307  0.79298586 0.7946157  0.8033357  0.801699   0.8093522
 0.80305463 0.80311006 0.8053937  0.7998675  0.7988769  0.80394
 0.8043074  0.80182976 0.8063696  0.7988653  0.81122345 0.7952956
 0.80573684 0.7960314  0.79305667 0.805949   0.80574745 0.79862064
 0.8032059  0.7920308  0.7975351  0.8102744  0.79386914 0.805207
 0.8011672  0.79379153 0.7998178  0.79582083 0.80120736 0.8049585
 0.8051768  0.80459034 0.7956548  0.79888284 0.8027072  0.80384165
 0.8073774  0.80221826 0.7977374  0.8034601  0.8077812  0.79678977
 0.79836255 0.8071904  0.7991446  0.7934423  0.797977   0.79547155
 0.7932839  0.79333246 0.7975114  0.8136817  0.7979108  0.8019306
 0.7970092  0.80108744 0.807854   0.80951476 0.8000972  0.8126899
 0.8055037  0.7957432  0.79505736 0.7964776  0.7987941  0.79925305
 0.7967722  0.8031805  0.8033187  0.80845314 0.7974503  0.7922468
 0.7960115  0.8014732  0.80141205 0.79700655 0.8038585  0.79406196
 0.7950646  0.80298996 0.7994329  0.8014063  0.80013025 0.79835796
 0.8079195  0.8092844  0.79878837 0.80645406 0.8053834  0.8034398
 0.7937757  0.8015144  0.7989238  0.79757124 0.80363667 0.8050245
 0.80327356 0.79731655 0.8024893  0.80537766 0.7962642  0.8040748
 0.7953645  0.80579823 0.80519813 0.8039304  0.7981312  0.8049618
 0.79902256 0.790771   0.7936219  0.79652435 0.7956347  0.8030925
 0.79865444 0.7981679  0.80346    0.81374943 0.80491734 0.7979144
 0.7980488  0.8021482  0.7955444  0.79749566 0.7977859  0.80139047
 0.8029284  0.800452   0.79970485 0.7972119  0.79628223 0.80014056
 0.797419   0.8010237  0.8093536  0.8060437  0.80411047 0.80627227
 0.79402447 0.79237735 0.7980955  0.7997108  0.7986077  0.7997314
 0.7980597  0.7972951  0.79816073 0.7931043  0.8045394  0.7952731
 0.81519246 0.7997362  0.80777407 0.80501306 0.7943094  0.8040266
 0.8041281  0.80112636 0.8004313  0.80772835 0.8033938  0.8026186
 0.8124851  0.8034811  0.7968637  0.7973926  0.8026549  0.8083913
 0.80957013 0.79950005 0.8019174  0.8039037  0.79724616 0.805835
 0.7910159  0.79444027 0.80694216 0.798544   0.8052776  0.8051818
 0.7938188  0.7964216  0.80633384 0.8018005  0.7973606  0.8024403
 0.798403   0.7959988  0.8088966  0.8049447  0.79860616 0.7977427
 0.8031867  0.8093781 ]
[nltk_data] Downloading package wordnet to /mnt/iusers01/fse-
[nltk_data]     ugpgt01/compsci01/q12628ct/nltk_data...
[nltk_data]   Package wordnet is already up-to-date!
[nltk_data] Downloading package punkt_tab to /mnt/iusers01/fse-
[nltk_data]     ugpgt01/compsci01/q12628ct/nltk_data...
[nltk_data]   Package punkt_tab is already up-to-date!
[nltk_data] Downloading package omw-1.4 to /mnt/iusers01/fse-
[nltk_data]     ugpgt01/compsci01/q12628ct/nltk_data...
[nltk_data]   Package omw-1.4 is already up-to-date!
/mnt/iusers01/fse-ugpgt01/compsci01/q12628ct/.conda/envs/semantic-decoding/lib/python3.10/site-packages/huggingface_hub/file_download.py:945: FutureWarning: `resume_download` is deprecated and will be removed in version 1.0.0. Downloads always resume when possible. If you want to force a new download, use `force_download=True`.
  warnings.warn(
Some weights of the model checkpoint at roberta-large were not used when initializing RobertaModel: ['lm_head.dense.bias', 'lm_head.dense.weight', 'lm_head.layer_norm.weight', 'lm_head.layer_norm.bias', 'lm_head.bias']
- This IS expected if you are initializing RobertaModel from the checkpoint of a model trained on another task or with another architecture (e.g. initializing a BertForSequenceClassification model from a BertForPreTraining model).
- This IS NOT expected if you are initializing RobertaModel from the checkpoint of a model that you expect to be exactly identical (initializing a BertForSequenceClassification model from a BertForSequenceClassification model).
Some weights of RobertaModel were not initialized from the model checkpoint at roberta-large and are newly initialized: ['roberta.pooler.dense.weight', 'roberta.pooler.dense.bias']
You should probably TRAIN this model on a down-stream task to be able to use it for predictions and inference.
delta_repeat-2
WER
[-0.28663594 -0.32228783 -0.25412604 -0.31729267 -0.27967201 -0.3114868
 -0.28868863 -0.30256075 -0.31419407 -0.29968597 -0.3172525  -0.28163112
 -0.27548277 -0.32079438 -0.28538258 -0.31237255 -0.28128731 -0.30688161
 -0.30850508 -0.3195406  -0.29945932 -0.33570462 -0.31267663 -0.31261451
 -0.31313006 -0.30975782 -0.30948096 -0.28347351 -0.29103373 -0.30384117
 -0.32702291 -0.28876232 -0.2954115  -0.28665343 -0.29185027 -0.30190846
 -0.3050931  -0.30580267 -0.30536027 -0.30212404 -0.30276981 -0.29833799
 -0.29691226 -0.30686768 -0.30207975 -0.31363742 -0.30371462 -0.3288545
 -0.32994097 -0.31981027 -0.32497734 -0.30405831 -0.31627442 -0.31861906
 -0.30163192 -0.29235324 -0.29362794 -0.33677757 -0.2994405  -0.32345007
 -0.31810487 -0.30105222 -0.32343524 -0.29726505 -0.31270878 -0.2996543
 -0.32217724 -0.32956579 -0.28999658 -0.31061092 -0.31731398 -0.31276882
 -0.29947207 -0.32157594 -0.29667858 -0.30594347 -0.34720874 -0.30659089
 -0.30504281 -0.30177461 -0.28543001 -0.31302369 -0.29368057 -0.29520754
 -0.30248757 -0.3237744  -0.33040538 -0.31269413 -0.30401766 -0.33688365
 -0.30898682 -0.30436735 -0.31938613 -0.299866   -0.31048604 -0.28508746
 -0.30157731 -0.31432207 -0.30599291 -0.30370702 -0.3147162  -0.30998822
 -0.29433928 -0.31329061 -0.31059723 -0.34074086 -0.29372392 -0.32052635
 -0.26163309 -0.34001996 -0.29709234 -0.31814009 -0.27604517 -0.32343049
 -0.29788117 -0.30021832 -0.28407601 -0.32147834 -0.29733115 -0.30999603
 -0.29870186 -0.29372835 -0.32623634 -0.29774951 -0.29772124 -0.31137986
 -0.32893584 -0.31579654 -0.3076606  -0.29267029 -0.30901559 -0.33041393
 -0.33227621 -0.29008889 -0.30488455 -0.31274925 -0.30629376 -0.31843758
 -0.29324976 -0.25386177 -0.26442534 -0.31142298 -0.31017696 -0.28591855
 -0.33643906 -0.31293356 -0.28545283 -0.30991169 -0.32659146 -0.31686041
 -0.31991337 -0.28986628 -0.31253764 -0.29619484 -0.30947457 -0.33225519
 -0.31081238 -0.3046828  -0.30643299 -0.2900094  -0.30287418 -0.32371673
 -0.29948347 -0.31221105 -0.31685327 -0.33530778 -0.31305334 -0.30680431
 -0.29542623 -0.31767131 -0.3232458  -0.29796443 -0.26129208 -0.28771896
 -0.32812556 -0.33075285 -0.30639999 -0.30599584 -0.31349445 -0.30427846
 -0.3208705  -0.28942769 -0.32129686 -0.30151068 -0.28941215 -0.30893283
 -0.31377569 -0.30612572 -0.33511096 -0.29150984 -0.29800495 -0.28152167
 -0.29455607 -0.29484947 -0.31810051 -0.2707436  -0.31482327 -0.29606033
 -0.32429069 -0.29141161]
delta_repeat-2
BLEU
[0.20531394 0.17429701 0.19444815 0.17584763 0.19515946 0.15225561
 0.16182166 0.19209402 0.17666183 0.18356186 0.1668548  0.19863746
 0.20144482 0.18752009 0.19057445 0.17350856 0.21987948 0.17665217
 0.15614125 0.17384081 0.17301295 0.13134854 0.17223337 0.13353002
 0.20160031 0.16597311 0.21186632 0.20468483 0.15204094 0.18268615
 0.14862901 0.17845422 0.17791754 0.15128288 0.19123676 0.16429995
 0.17257411 0.17183438 0.1399958  0.19428246 0.18784811 0.17683816
 0.14458169 0.15159812 0.18675708 0.18402395 0.17607475 0.18545134
 0.15224091 0.15972934 0.16343293 0.20016955 0.17193075 0.14541633
 0.18648419 0.18670611 0.16487467 0.13339738 0.18331519 0.18906044
 0.15803098 0.19242024 0.16937407 0.19797005 0.14354394 0.15518611
 0.14317881 0.13418086 0.20178922 0.1726035  0.19194148 0.13924315
 0.15814114 0.20265153 0.1940214  0.20878923 0.13908338 0.21195378
 0.1530635  0.17146305 0.20132372 0.14451244 0.22916436 0.18815986
 0.14606179 0.14717441 0.14433323 0.18151928 0.22891477 0.19703269
 0.18749266 0.16526626 0.17205305 0.18261283 0.17317306 0.19774788
 0.17903074 0.17614623 0.14758525 0.20652053 0.14453315 0.21584542
 0.18648099 0.12624571 0.16130265 0.1550155  0.2216332  0.15979622
 0.23154351 0.12312882 0.17116274 0.16973093 0.20762446 0.15732794
 0.17705897 0.16222305 0.18193817 0.18911353 0.17148882 0.18203416
 0.16863376 0.20801927 0.14491732 0.20786487 0.19388823 0.17363304
 0.15975735 0.16757647 0.19140252 0.16701768 0.16362684 0.15854198
 0.14551087 0.17682437 0.16975909 0.17338088 0.16063112 0.16689993
 0.17105357 0.23001257 0.20235617 0.18507938 0.18160331 0.17848158
 0.13095853 0.16910143 0.17662341 0.17259874 0.13927195 0.18577901
 0.16387829 0.21029642 0.20250905 0.21043856 0.15671746 0.13312447
 0.16003098 0.16173971 0.18740974 0.19555252 0.17547912 0.14586209
 0.16734389 0.18256108 0.18869574 0.14393454 0.14087615 0.19638862
 0.21003013 0.16869677 0.17269749 0.19445747 0.22175261 0.17373552
 0.17223053 0.10616745 0.16322342 0.19031838 0.18145501 0.18875367
 0.13522733 0.18367556 0.14751678 0.17375773 0.17114409 0.17514301
 0.17270443 0.17220475 0.13934038 0.21763774 0.19787976 0.19555162
 0.16436937 0.16801166 0.15766077 0.25031934 0.19184626 0.16390013
 0.15062103 0.18549624]
delta_repeat-2
METEOR
[0.19180104 0.15689427 0.1765174  0.16621423 0.18137408 0.14890601
 0.15788518 0.18854954 0.16195666 0.17541989 0.14944704 0.18038999
 0.18194677 0.18189637 0.1889126  0.16142135 0.19615386 0.16451996
 0.16539965 0.14753065 0.14910001 0.12815601 0.1553958  0.12879079
 0.18116582 0.15226503 0.17152836 0.17828285 0.15131787 0.15545775
 0.14853325 0.17900086 0.18234329 0.16509592 0.1909459  0.14615717
 0.18113955 0.17758388 0.13029599 0.18925236 0.17273757 0.16269764
 0.14063846 0.13680458 0.1689804  0.17217089 0.16004783 0.15073516
 0.14055556 0.13956355 0.14143388 0.19528166 0.1687212  0.14316143
 0.16906235 0.17039229 0.15696456 0.12613288 0.18237697 0.15535334
 0.13960163 0.17163446 0.16053394 0.17862151 0.14502302 0.14843711
 0.14619218 0.13669589 0.17961591 0.16647825 0.17149095 0.13781639
 0.15591    0.18645763 0.18714085 0.17180251 0.11767297 0.20038385
 0.15057124 0.14589775 0.19635262 0.13611047 0.20491891 0.16491341
 0.15481893 0.12170695 0.12354119 0.16869604 0.1790233  0.16691437
 0.16291931 0.15672823 0.15605637 0.17600364 0.1729378  0.1757522
 0.14760949 0.15782278 0.16280611 0.21217012 0.16271311 0.15628187
 0.17495785 0.11330336 0.15999754 0.13367863 0.20918851 0.16258082
 0.20857632 0.10742271 0.15168201 0.14138702 0.17488001 0.1421746
 0.16290847 0.15971566 0.15731921 0.1609602  0.15111377 0.15916256
 0.1549264  0.1968226  0.13880821 0.17347354 0.17690257 0.15333897
 0.1568509  0.16052534 0.18754757 0.16665286 0.15418831 0.14800453
 0.13380616 0.17350428 0.15312941 0.14090854 0.16005329 0.14481236
 0.1761608  0.20415904 0.1706067  0.17137953 0.15436552 0.17683115
 0.13059143 0.16428713 0.18425772 0.15114093 0.12720931 0.18315721
 0.16182212 0.18908467 0.1608982  0.19538314 0.13492653 0.11921652
 0.14742541 0.1450122  0.177238   0.16957851 0.14924416 0.13941916
 0.1709464  0.1871361  0.17532169 0.14818686 0.13485271 0.16413432
 0.20040578 0.15234402 0.15037046 0.20474891 0.18082585 0.1739196
 0.15442309 0.11913486 0.15847597 0.16464123 0.17084278 0.14998415
 0.13583262 0.17202634 0.14130405 0.16784013 0.17142418 0.16110245
 0.16342539 0.16508526 0.14487833 0.17670798 0.17090921 0.18208013
 0.15298813 0.17434929 0.1296099  0.21509525 0.16711484 0.14859846
 0.13954849 0.17625576]
delta_repeat-2
BERT
[0.80870956 0.805308   0.80554825 0.8090192  0.801413   0.79831195
 0.79945153 0.80499446 0.80167353 0.80834895 0.7991169  0.8027563
 0.8058229  0.8023259  0.79996455 0.8017447  0.80702555 0.8024334
 0.7964464  0.79333746 0.80873406 0.78996456 0.79862964 0.794005
 0.8039802  0.7996612  0.81333363 0.80481124 0.7975958  0.80012876
 0.79487807 0.7958024  0.8008702  0.8005577  0.8073772  0.7998055
 0.794682   0.80562043 0.79339266 0.8047781  0.8046651  0.7977529
 0.7926558  0.79828656 0.8017369  0.79827446 0.7944267  0.799544
 0.79861635 0.7979393  0.7954685  0.796121   0.7963708  0.7936286
 0.79793584 0.8117644  0.80729705 0.7942837  0.80372506 0.7939261
 0.7971211  0.79990333 0.80317277 0.8018069  0.7964364  0.7935252
 0.79699105 0.7995236  0.80813503 0.8030844  0.80122125 0.79514194
 0.80127186 0.8089745  0.8014786  0.80323887 0.7963585  0.8027511
 0.7947671  0.79689324 0.8058349  0.7968352  0.8095914  0.8064897
 0.8007445  0.7952193  0.7936781  0.7963957  0.80876994 0.79882616
 0.80393314 0.7954629  0.79785156 0.80576575 0.7978517  0.802879
 0.8023314  0.8043664  0.7977499  0.8091248  0.80253273 0.8078713
 0.8041398  0.79508793 0.8042014  0.79511297 0.80820084 0.8037078
 0.80952436 0.79088116 0.7985115  0.80395305 0.8017079  0.7986621
 0.807544   0.81071925 0.7940221  0.80534995 0.79982597 0.80172825
 0.8045819  0.81361675 0.7956521  0.8057964  0.8029992  0.7947371
 0.8026123  0.79416686 0.79986095 0.799846   0.7944502  0.79618555
 0.7960299  0.79877204 0.7914475  0.80371845 0.7975479  0.80182135
 0.8055713  0.8000213  0.8063307  0.7963869  0.80662334 0.80420846
 0.7977038  0.80164206 0.7991585  0.8010121  0.79902965 0.8041916
 0.8007552  0.8079123  0.8074359  0.8131425  0.7943275  0.79063135
 0.8055205  0.7981027  0.79800415 0.8084345  0.8006146  0.7989086
 0.7950877  0.7987707  0.8041581  0.79622847 0.8014697  0.8116989
 0.80140406 0.8018666  0.7938558  0.8072496  0.8154639  0.8006948
 0.79606956 0.79211646 0.8002541  0.8043737  0.80075145 0.79395896
 0.79122406 0.80433655 0.7932426  0.79745835 0.8005023  0.80396724
 0.80339295 0.80466855 0.79681844 0.8091758  0.80519086 0.8019308
 0.79775035 0.79633933 0.79338306 0.8136604  0.80387187 0.7943187
 0.79310155 0.7991468 ]
[nltk_data] Downloading package wordnet to /mnt/iusers01/fse-
[nltk_data]     ugpgt01/compsci01/q12628ct/nltk_data...
[nltk_data]   Package wordnet is already up-to-date!
[nltk_data] Downloading package punkt_tab to /mnt/iusers01/fse-
[nltk_data]     ugpgt01/compsci01/q12628ct/nltk_data...
[nltk_data]   Package punkt_tab is already up-to-date!
[nltk_data] Downloading package omw-1.4 to /mnt/iusers01/fse-
[nltk_data]     ugpgt01/compsci01/q12628ct/nltk_data...
[nltk_data]   Package omw-1.4 is already up-to-date!
/mnt/iusers01/fse-ugpgt01/compsci01/q12628ct/.conda/envs/semantic-decoding/lib/python3.10/site-packages/huggingface_hub/file_download.py:945: FutureWarning: `resume_download` is deprecated and will be removed in version 1.0.0. Downloads always resume when possible. If you want to force a new download, use `force_download=True`.
  warnings.warn(
Some weights of the model checkpoint at roberta-large were not used when initializing RobertaModel: ['lm_head.layer_norm.weight', 'lm_head.layer_norm.bias', 'lm_head.dense.weight', 'lm_head.dense.bias', 'lm_head.bias']
- This IS expected if you are initializing RobertaModel from the checkpoint of a model trained on another task or with another architecture (e.g. initializing a BertForSequenceClassification model from a BertForPreTraining model).
- This IS NOT expected if you are initializing RobertaModel from the checkpoint of a model that you expect to be exactly identical (initializing a BertForSequenceClassification model from a BertForSequenceClassification model).
Some weights of RobertaModel were not initialized from the model checkpoint at roberta-large and are newly initialized: ['roberta.pooler.dense.bias', 'roberta.pooler.dense.weight']
You should probably TRAIN this model on a down-stream task to be able to use it for predictions and inference.
echo_repeat-1
WER
[-0.07529883 -0.0604866  -0.06953261 -0.07584158 -0.07339132 -0.0748256
 -0.07786511 -0.07657694 -0.07135648 -0.05247772 -0.07527725 -0.08788686
 -0.08179012 -0.07604644 -0.0728455  -0.07783756 -0.08584444 -0.0894429
 -0.07512741 -0.06422047 -0.07799322 -0.08835585 -0.07792488 -0.0770301
 -0.0681389  -0.0817511  -0.08331278 -0.05945056 -0.07551115 -0.08246962
 -0.06290766 -0.06492055 -0.07125982 -0.08365068 -0.07415948 -0.08211346
 -0.08029748 -0.06158131 -0.07552342 -0.08259923 -0.0761564  -0.07138905
 -0.04368798 -0.08004521 -0.0768118  -0.08156918 -0.06800442 -0.07521778
 -0.09445345 -0.08271641 -0.09018706 -0.07534534 -0.08035342 -0.07961705
 -0.06339881 -0.08296142 -0.07679715 -0.08881877 -0.09183429 -0.0713711
 -0.09387885 -0.07022249 -0.06611362 -0.0680223  -0.07085552 -0.0762263
 -0.07961047 -0.06343714 -0.08418939 -0.05943309 -0.07896438 -0.09567913
 -0.06608825 -0.09039694 -0.05336607 -0.07622989 -0.0799103  -0.05554137
 -0.06011442 -0.08291803 -0.07489595 -0.07717726 -0.07944754 -0.07890884
 -0.07300595 -0.07126159 -0.05675071 -0.06741158 -0.06059515 -0.07539739
 -0.08724912 -0.07358599 -0.07242709 -0.07434978 -0.07727588 -0.09476857
 -0.07326041 -0.04980062 -0.09749988 -0.0904574  -0.07633055 -0.09505761
 -0.07337418 -0.08795357 -0.06344505 -0.07718303 -0.08075792 -0.07644766
 -0.0493308  -0.07450483 -0.07098216 -0.07883509 -0.08049635 -0.06758212
 -0.07977188 -0.06774209 -0.06242703 -0.08986213 -0.06409857 -0.06610187
 -0.06378205 -0.08139277 -0.07732242 -0.05957314 -0.08057528 -0.0699339
 -0.05821477 -0.07420081 -0.07893545 -0.07928278 -0.02391562 -0.06572702
 -0.07155099 -0.07417358 -0.07836749 -0.0816433  -0.07845626 -0.05661513
 -0.08255217 -0.07314787 -0.06716969 -0.08123163 -0.06005274 -0.06047114
 -0.07272683 -0.0830547  -0.07274477 -0.0597913  -0.07563215 -0.08107702
 -0.08415919 -0.07002996 -0.07344583 -0.07752725 -0.06806725 -0.06996218
 -0.08610995 -0.07968493 -0.06552506 -0.07962162 -0.06776313 -0.06655424
 -0.08688156 -0.07201935 -0.07284638 -0.08830154 -0.06759786 -0.06882826
 -0.08398569 -0.07998605 -0.06095599 -0.08320417 -0.08306464 -0.07286047
 -0.06777114 -0.07501708 -0.08625887 -0.07965588 -0.06138649 -0.08142992
 -0.07795825 -0.07835582 -0.06522202 -0.07507052 -0.06669863 -0.09078401
 -0.06704911 -0.06532545 -0.07263988 -0.08273346 -0.08649345 -0.08209318
 -0.0726962  -0.07758452 -0.07989124 -0.08065551 -0.07002449 -0.06733476
 -0.07117757 -0.0727664 ]
echo_repeat-1
BLEU
[0.1651281  0.16353905 0.15385985 0.16462423 0.14165201 0.17146141
 0.15694089 0.15453187 0.17205512 0.1642589  0.17693071 0.16181181
 0.13950219 0.13404048 0.15275306 0.16523774 0.14619032 0.14869926
 0.14540556 0.18234657 0.13819541 0.14685841 0.12114354 0.17609241
 0.16663774 0.16042581 0.13047064 0.17440635 0.18032112 0.16358378
 0.16754047 0.16169026 0.18633755 0.14460597 0.16539104 0.13990327
 0.15577696 0.17424147 0.16814513 0.17110885 0.14523577 0.13168504
 0.17415752 0.15795175 0.12883967 0.17181447 0.13898085 0.15418493
 0.15216597 0.14327737 0.13483698 0.20431255 0.19270317 0.16725138
 0.16525107 0.15800552 0.13839233 0.13085388 0.1471633  0.20486618
 0.12349943 0.17145945 0.16004879 0.17278495 0.16530997 0.15828826
 0.11907469 0.16506109 0.12517697 0.19742748 0.16509024 0.166081
 0.2001825  0.10130758 0.18022708 0.13879308 0.17803046 0.17830243
 0.15560417 0.15958584 0.16099615 0.15489185 0.13918204 0.16958327
 0.14285731 0.18062805 0.17208533 0.17423561 0.17330301 0.14909155
 0.13189545 0.16203355 0.15304733 0.14917869 0.13206483 0.14147078
 0.14721851 0.15305922 0.11947778 0.10885847 0.17298373 0.13308899
 0.15990355 0.14687161 0.19762961 0.16030327 0.13277593 0.18500419
 0.17737835 0.1515278  0.17119018 0.12527533 0.12740016 0.12246489
 0.16660654 0.17876676 0.17495574 0.16591426 0.18053037 0.15541474
 0.1673031  0.13888763 0.13968065 0.1932781  0.16630155 0.17964575
 0.16020313 0.17085885 0.19763213 0.11700542 0.17453702 0.19108213
 0.15990656 0.16651891 0.11717084 0.15363164 0.154292   0.17961378
 0.15174417 0.16101946 0.18467772 0.15827725 0.18061405 0.17866523
 0.15808911 0.16725236 0.17076741 0.15894345 0.14366126 0.15920576
 0.14668856 0.1826843  0.17345803 0.16224979 0.1775717  0.15844153
 0.12364647 0.160886   0.19182657 0.15363079 0.16683885 0.19842943
 0.12651049 0.16594028 0.14863292 0.17278757 0.16161669 0.16495623
 0.16406462 0.1500994  0.19069485 0.17923786 0.17423794 0.19178608
 0.16624806 0.15351169 0.13039907 0.16809412 0.15850802 0.16526103
 0.19294247 0.15276311 0.17867437 0.15187295 0.1460704  0.13025053
 0.19955012 0.15925973 0.18342417 0.15980827 0.14188163 0.16563698
 0.1727052  0.1487113  0.1503396  0.14377101 0.16400939 0.15748648
 0.16696958 0.13259062]
echo_repeat-1
METEOR
[0.11802922 0.10928464 0.11269793 0.10759366 0.10346614 0.11621711
 0.09280137 0.10495962 0.11799939 0.11408483 0.11647444 0.10810709
 0.09358887 0.08414242 0.12146172 0.11368662 0.09655576 0.10030092
 0.09540617 0.12009696 0.10129446 0.10157567 0.08335952 0.12270881
 0.11357234 0.1065891  0.09749172 0.10575106 0.11933219 0.11109329
 0.11868433 0.1048477  0.11863631 0.1119884  0.09771935 0.10208869
 0.11837624 0.12433208 0.10959536 0.10611854 0.09237657 0.08052734
 0.09999586 0.10025503 0.09499476 0.10918177 0.09186811 0.11080551
 0.10515381 0.0961758  0.0846311  0.1228592  0.11355359 0.11039905
 0.10984133 0.10366298 0.08834862 0.1007919  0.11847343 0.12762848
 0.08871998 0.11379756 0.09916465 0.12995215 0.10821861 0.10666133
 0.08172781 0.10781023 0.10022275 0.14567336 0.10122296 0.10293583
 0.11831705 0.08454364 0.11293524 0.09608559 0.11062008 0.11725928
 0.12176042 0.12613409 0.11165675 0.11018655 0.09502467 0.11507118
 0.10807309 0.12647371 0.11750699 0.11444871 0.13267066 0.10098974
 0.08816991 0.10448125 0.1106649  0.10883185 0.08208097 0.1065396
 0.0951234  0.11491333 0.09166987 0.08677667 0.12088728 0.09341088
 0.09675712 0.10845451 0.12886144 0.09592759 0.09061303 0.1136565
 0.12902435 0.09324698 0.11552692 0.08502776 0.08603928 0.08072193
 0.11152402 0.11708234 0.11269373 0.09632469 0.12149554 0.11578412
 0.11300516 0.10609581 0.07853369 0.1381463  0.11410569 0.10830788
 0.11509196 0.10930403 0.1173504  0.08317436 0.12506672 0.12950128
 0.10311887 0.11710083 0.0903477  0.10349155 0.11421267 0.10728568
 0.10006332 0.12135222 0.12203268 0.10241106 0.12053659 0.1350724
 0.11486964 0.10788506 0.11091656 0.11223514 0.09977931 0.10192911
 0.09599128 0.11915792 0.11444182 0.1022863  0.12403811 0.10569176
 0.08477119 0.10334673 0.11631357 0.12715688 0.11736199 0.13146001
 0.09219758 0.12783708 0.09871634 0.11841555 0.12458694 0.1220704
 0.10846424 0.09569834 0.12409411 0.11179166 0.11855682 0.13170488
 0.11828648 0.10862345 0.08760299 0.13098879 0.10548637 0.10838102
 0.12532836 0.10176842 0.11401624 0.10406457 0.11386376 0.08580893
 0.13527805 0.10988814 0.11485201 0.11198407 0.11156116 0.1079902
 0.10600081 0.10659391 0.09538727 0.09546384 0.10960959 0.11302275
 0.10342486 0.08802599]
echo_repeat-1
BERT
[0.7806688  0.78201115 0.7794368  0.7861745  0.77997196 0.786252
 0.7835726  0.77907777 0.7810387  0.78892386 0.7753659  0.78184927
 0.7793177  0.78163046 0.7782901  0.7840611  0.77731586 0.77693045
 0.7765525  0.7899892  0.7787589  0.78250635 0.7783599  0.7818248
 0.78324443 0.7819547  0.7810556  0.7791899  0.7806579  0.77983564
 0.77780896 0.77928764 0.7826724  0.78181356 0.7826618  0.7814631
 0.781312   0.78111863 0.78179663 0.7815555  0.7833239  0.77739894
 0.7859739  0.77808934 0.77999425 0.7784762  0.7818159  0.78280145
 0.7801307  0.7774371  0.77744704 0.7809127  0.78265464 0.7821372
 0.7825588  0.7837635  0.7827086  0.7777513  0.7819654  0.78145415
 0.78100485 0.7794376  0.7812393  0.78065526 0.7823103  0.78001875
 0.7826308  0.779264   0.77947885 0.78495985 0.7832882  0.7795944
 0.785353   0.77994657 0.7856221  0.7827102  0.7823905  0.7824268
 0.7808319  0.7770071  0.7848436  0.78204495 0.7796689  0.7836201
 0.7822204  0.7793991  0.7809422  0.77914804 0.78362644 0.7797253
 0.7768615  0.7808543  0.78265995 0.7807821  0.7794484  0.7801434
 0.782911   0.7799194  0.7771527  0.7772422  0.7814275  0.7781774
 0.7817848  0.7791817  0.78110915 0.7812865  0.7815069  0.7869287
 0.7852591  0.77989775 0.7830286  0.7805428  0.78151757 0.77596533
 0.78344595 0.7793837  0.7812522  0.778763   0.7817207  0.7815415
 0.7806889  0.77852976 0.7804389  0.7856542  0.7824759  0.7807184
 0.78749365 0.78220165 0.78201133 0.77924335 0.7842022  0.78136
 0.78322    0.78277427 0.78100556 0.78002065 0.78137654 0.7834575
 0.7837758  0.7831861  0.7808005  0.78281635 0.7829912  0.78546953
 0.7764169  0.78134185 0.78341174 0.787366   0.78430337 0.7836312
 0.7814074  0.782659   0.7817725  0.78127724 0.7817497  0.78105646
 0.7779376  0.7863557  0.7818962  0.7809138  0.78171295 0.78174555
 0.7791526  0.7862775  0.7807521  0.78180546 0.7816068  0.78384185
 0.7821859  0.781803   0.78557074 0.78117055 0.78003645 0.7907018
 0.78459185 0.78032297 0.77789325 0.78093225 0.7804096  0.78118503
 0.78112495 0.7814966  0.7798766  0.7796436  0.7852395  0.7802788
 0.7841828  0.7817354  0.7850989  0.7774577  0.78053135 0.78281224
 0.7790064  0.7770726  0.77658325 0.77876663 0.776861   0.78179914
 0.78076917 0.77997875]
[nltk_data] Downloading package wordnet to /mnt/iusers01/fse-
[nltk_data]     ugpgt01/compsci01/q12628ct/nltk_data...
[nltk_data]   Package wordnet is already up-to-date!
[nltk_data] Downloading package punkt_tab to /mnt/iusers01/fse-
[nltk_data]     ugpgt01/compsci01/q12628ct/nltk_data...
[nltk_data]   Package punkt_tab is already up-to-date!
[nltk_data] Downloading package omw-1.4 to /mnt/iusers01/fse-
[nltk_data]     ugpgt01/compsci01/q12628ct/nltk_data...
[nltk_data]   Package omw-1.4 is already up-to-date!
/mnt/iusers01/fse-ugpgt01/compsci01/q12628ct/.conda/envs/semantic-decoding/lib/python3.10/site-packages/huggingface_hub/file_download.py:945: FutureWarning: `resume_download` is deprecated and will be removed in version 1.0.0. Downloads always resume when possible. If you want to force a new download, use `force_download=True`.
  warnings.warn(
Some weights of the model checkpoint at roberta-large were not used when initializing RobertaModel: ['lm_head.dense.bias', 'lm_head.dense.weight', 'lm_head.layer_norm.bias', 'lm_head.layer_norm.weight', 'lm_head.bias']
- This IS expected if you are initializing RobertaModel from the checkpoint of a model trained on another task or with another architecture (e.g. initializing a BertForSequenceClassification model from a BertForPreTraining model).
- This IS NOT expected if you are initializing RobertaModel from the checkpoint of a model that you expect to be exactly identical (initializing a BertForSequenceClassification model from a BertForSequenceClassification model).
Some weights of RobertaModel were not initialized from the model checkpoint at roberta-large and are newly initialized: ['roberta.pooler.dense.bias', 'roberta.pooler.dense.weight']
You should probably TRAIN this model on a down-stream task to be able to use it for predictions and inference.
echo_repeat-2
WER
[-0.0739759  -0.07221133 -0.07522772 -0.06351829 -0.06689619 -0.08056859
 -0.07226663 -0.06953204 -0.04620684 -0.06354421 -0.05533384 -0.04874996
 -0.07859216 -0.07716486 -0.02914566 -0.0734804  -0.07885979 -0.06121611
 -0.06679958 -0.07409726 -0.05802623 -0.07368037 -0.05315341 -0.06180458
 -0.07122137 -0.05962875 -0.06902775 -0.0513713  -0.08224446 -0.07509234
 -0.0805676  -0.05825628 -0.0661664  -0.07357198 -0.06994946 -0.08019118
 -0.06348649 -0.06087186 -0.06744543 -0.05954634 -0.04624934 -0.07699712
 -0.06779529 -0.04992597 -0.0751907  -0.06501158 -0.06778677 -0.07461757
 -0.05948454 -0.07675053 -0.06397713 -0.06411815 -0.07585143 -0.06773304
 -0.0577924  -0.06778567 -0.06366263 -0.07204482 -0.04948619 -0.05336203
 -0.08688152 -0.05450728 -0.06803732 -0.06799068 -0.04161488 -0.04829462
 -0.07428024 -0.06212763 -0.0552484  -0.06523381 -0.05564543 -0.05166927
 -0.07546792 -0.07649401 -0.07502249 -0.03893382 -0.07313878 -0.06580804
 -0.07145184 -0.07628107 -0.08368594 -0.05058486 -0.06027808 -0.05311356
 -0.04828046 -0.05517765 -0.05932698 -0.05578685 -0.07091753 -0.0666242
 -0.0649507  -0.0740545  -0.06700004 -0.05527687 -0.03456794 -0.07152405
 -0.06760426 -0.06531073 -0.06288365 -0.0677485  -0.08095533 -0.07417029
 -0.06382933 -0.08027817 -0.07825048 -0.07198735 -0.04982526 -0.07013068
 -0.06537901 -0.07040275 -0.04113307 -0.06710036 -0.0543388  -0.07097836
 -0.05964261 -0.06351074 -0.08162685 -0.07031953 -0.06805159 -0.07130511
 -0.06946349 -0.06707679 -0.07328515 -0.07049766 -0.06799202 -0.07592317
 -0.05869949 -0.07446768 -0.0625946  -0.0672016  -0.05065799 -0.07225542
 -0.04749247 -0.0664523  -0.06926018 -0.08177795 -0.07884863 -0.07515023
 -0.07833066 -0.05299356 -0.05454031 -0.05969867 -0.07465207 -0.08285517
 -0.06702841 -0.07073676 -0.07535946 -0.0684988  -0.07134668 -0.05656451
 -0.07658295 -0.0698026  -0.07782791 -0.06280501 -0.07070938 -0.07080648
 -0.06026957 -0.0587925  -0.06056142 -0.05300589 -0.06915618 -0.06568124
 -0.07888386 -0.07505376 -0.06597977 -0.05971567 -0.05549203 -0.04831467
 -0.03976717 -0.07599839 -0.05557367 -0.06732477 -0.07411675 -0.07787823
 -0.05708092 -0.07983023 -0.06578308 -0.07578807 -0.05586792 -0.07816172
 -0.08108299 -0.07087011 -0.06211725 -0.07221433 -0.06020876 -0.07723636
 -0.07540919 -0.07149777 -0.06494401 -0.07533515 -0.07291722 -0.07324713
 -0.06685631 -0.05992854 -0.06119447 -0.0543767  -0.06223647 -0.06565487
 -0.06227274 -0.06823768]
echo_repeat-2
BLEU
[0.13007769 0.20079086 0.15861702 0.15222041 0.16038755 0.14204312
 0.12674911 0.13651353 0.16772029 0.17739139 0.1981399  0.14549671
 0.15776265 0.18610258 0.18599494 0.14809786 0.15340992 0.13525245
 0.15667191 0.1631293  0.14746261 0.1519158  0.16590868 0.14617504
 0.19929975 0.15887738 0.1446694  0.16260277 0.1261502  0.16837233
 0.15860647 0.14054833 0.1495247  0.15199697 0.14134471 0.14482567
 0.16492946 0.18223125 0.16416539 0.19427557 0.18124633 0.13794544
 0.1755289  0.20363855 0.16409603 0.13429914 0.17391512 0.18604269
 0.17855594 0.19002626 0.15601491 0.15890781 0.17086736 0.17556714
 0.17848495 0.18388627 0.16029413 0.13361956 0.20324595 0.18096321
 0.11567935 0.17584899 0.14953471 0.1373725  0.19953325 0.17798465
 0.14712237 0.16132305 0.15922006 0.16689278 0.14167919 0.18250454
 0.16011325 0.15927565 0.14403388 0.17567976 0.12210764 0.18406858
 0.1561545  0.14759801 0.16649019 0.17105265 0.17387954 0.16347232
 0.18573756 0.17056645 0.16943362 0.14184616 0.1549527  0.15938601
 0.18710238 0.14846177 0.17084236 0.1727235  0.17514926 0.15540045
 0.15076193 0.16579054 0.17074686 0.14892057 0.15967343 0.1239023
 0.14384958 0.12704039 0.14588109 0.15617014 0.1945034  0.17282497
 0.14552611 0.14131616 0.18588238 0.17587825 0.17354356 0.18161667
 0.18693899 0.14959651 0.13332114 0.16280976 0.16158065 0.15900158
 0.14832612 0.1353462  0.15550559 0.17495548 0.17637807 0.14956993
 0.18337429 0.14525272 0.18526641 0.13328162 0.17311446 0.15463098
 0.20573757 0.14382558 0.16222417 0.13392806 0.16713135 0.1365317
 0.13265497 0.15666967 0.15131282 0.15888846 0.15244527 0.16310409
 0.14340329 0.16036505 0.14336679 0.13287704 0.17620624 0.19122768
 0.162307   0.128226   0.13930448 0.16189911 0.12867869 0.15479385
 0.17660814 0.18103136 0.16512145 0.17752775 0.14313592 0.18815564
 0.14870269 0.15715818 0.18783197 0.16551516 0.1856937  0.1751293
 0.19329109 0.13714542 0.16542471 0.18695129 0.14810078 0.14768765
 0.15819376 0.14512285 0.13312135 0.12799504 0.19713852 0.1022569
 0.16060058 0.1548353  0.14422163 0.13428763 0.19206616 0.16398002
 0.16669608 0.2094525  0.15371809 0.15890136 0.16395681 0.14059176
 0.17992443 0.16556008 0.15129082 0.15020945 0.17975463 0.15562208
 0.14867263 0.17973147]
echo_repeat-2
METEOR
[0.09945065 0.13764788 0.11080384 0.10623521 0.1027164  0.10310594
 0.08902783 0.1070727  0.11564013 0.11925792 0.14355538 0.08369839
 0.09921912 0.12230494 0.12239528 0.10543215 0.10649391 0.09344111
 0.11225916 0.11333007 0.09908117 0.10512984 0.10350739 0.10030961
 0.13928723 0.10893557 0.10227756 0.12604555 0.09363301 0.12392606
 0.11214063 0.09425597 0.10025019 0.11856393 0.11469274 0.09543711
 0.1145907  0.11864649 0.12757799 0.11526613 0.1255602  0.0979767
 0.10851466 0.13170189 0.10452083 0.10473901 0.1195848  0.11705058
 0.12447179 0.11548754 0.11285942 0.1058004  0.10603496 0.1232226
 0.11140775 0.12830018 0.09908361 0.09712034 0.11571819 0.11921138
 0.08775786 0.11101535 0.09877984 0.08571101 0.12770421 0.12127524
 0.11787646 0.10687978 0.10301388 0.09823326 0.08879238 0.11316301
 0.10665425 0.12671367 0.09703033 0.11316241 0.07942232 0.11978864
 0.11538762 0.10698857 0.12550217 0.10293092 0.11029957 0.11169529
 0.12164169 0.11369905 0.10597392 0.09269116 0.10999955 0.11225647
 0.12872471 0.11332203 0.11929015 0.10985015 0.12940602 0.11095437
 0.10103602 0.11208533 0.11853941 0.09558877 0.10503512 0.10326515
 0.09676561 0.0970137  0.10411317 0.1248404  0.13151214 0.10184814
 0.1175586  0.10191051 0.11707839 0.12487224 0.11211539 0.11923154
 0.13445436 0.10998765 0.08512613 0.11167915 0.10569362 0.12655698
 0.09509936 0.09153672 0.09585733 0.11139411 0.12511007 0.10224095
 0.11715636 0.09779727 0.11319765 0.09792657 0.11609606 0.09781584
 0.14995836 0.09127811 0.12757362 0.09695941 0.10052819 0.09475339
 0.09237413 0.09114897 0.10690439 0.09230869 0.12516738 0.10355127
 0.09057049 0.11187306 0.10435982 0.09868879 0.12116077 0.12906807
 0.09956547 0.08101987 0.10807823 0.11239023 0.08322911 0.09613576
 0.11605142 0.1281886  0.11076622 0.11522912 0.10853911 0.12682732
 0.10486409 0.09844483 0.11553797 0.11348891 0.13046985 0.11006262
 0.14882888 0.0900872  0.10682921 0.12314165 0.10257762 0.10653827
 0.09776796 0.10707503 0.10715743 0.10616689 0.13197607 0.06814076
 0.10154715 0.1015369  0.09943929 0.10311245 0.11817012 0.10660156
 0.10919926 0.13247607 0.1151183  0.09778925 0.1093598  0.09315459
 0.11622627 0.10952085 0.10253998 0.09307493 0.12236326 0.10073658
 0.10013253 0.11150533]
echo_repeat-2
BERT
[0.7820909  0.7830484  0.7816782  0.78218645 0.78155994 0.7842238
 0.7782317  0.7803781  0.78368175 0.7848242  0.7828996  0.781877
 0.7816337  0.7843034  0.7842983  0.7766523  0.77913374 0.78089154
 0.78190815 0.7789687  0.78169066 0.7811923  0.78452533 0.78251183
 0.7801593  0.7809744  0.78201073 0.7843094  0.77611065 0.78234994
 0.7884477  0.7786479  0.77798915 0.7816059  0.7760233  0.7775111
 0.78092223 0.78535956 0.7797715  0.7840511  0.7829877  0.78302747
 0.782791   0.78102225 0.7774579  0.78243244 0.7833428  0.78055096
 0.78237486 0.78004086 0.7824062  0.78035575 0.78909564 0.78058606
 0.7839098  0.78434867 0.78231394 0.7787199  0.78603876 0.7803736
 0.77942747 0.77722603 0.7812996  0.7805244  0.7854525  0.78238595
 0.7772393  0.7829574  0.7811935  0.7828633  0.78313    0.78277576
 0.78026766 0.7839885  0.77772444 0.778681   0.77797157 0.7811196
 0.7810097  0.77908057 0.7834499  0.779188   0.7825735  0.78072673
 0.7876217  0.7765372  0.78103805 0.78104055 0.78073597 0.7814625
 0.77885824 0.7785709  0.78379387 0.78225595 0.7812346  0.78202605
 0.7776353  0.7811804  0.7764077  0.7847652  0.7817477  0.7798426
 0.78343    0.78506815 0.7833117  0.7817325  0.78126305 0.78360564
 0.7800684  0.78313243 0.7846061  0.7780258  0.78378165 0.781973
 0.7813904  0.78294724 0.7795432  0.7831968  0.77897656 0.7779538
 0.7796697  0.78140837 0.7818323  0.77926517 0.7847023  0.7776168
 0.78449136 0.7806924  0.7796728  0.7810797  0.7840871  0.7844084
 0.78308356 0.7791948  0.7828696  0.77953583 0.77734196 0.7787088
 0.7834785  0.77715826 0.7848781  0.7812393  0.78527284 0.7844615
 0.7840752  0.7827837  0.778498   0.7817915  0.7871006  0.7806527
 0.7819093  0.78018886 0.7808674  0.78288704 0.78170574 0.78391945
 0.78346795 0.78420967 0.7790533  0.78293854 0.7792508  0.78135544
 0.7777545  0.78174603 0.78240514 0.78171885 0.78032607 0.78044045
 0.78456527 0.77898216 0.78204507 0.7809695  0.77971643 0.77709097
 0.77968866 0.78271747 0.77890426 0.77864975 0.781445   0.7794712
 0.78378516 0.7789119  0.7798685  0.77748054 0.7832583  0.7809959
 0.78309333 0.78167415 0.78242195 0.7772032  0.7806031  0.783265
 0.78136516 0.7777315  0.77794963 0.78041196 0.78002524 0.7838712
 0.7780313  0.78066516]
