Job is using 1 GPU(s) with ID(s) 0 and 12 CPU core(s)
torch cuda is available: True
/net/scratch/q12628ct/semantic-decoding/decoding/utils_ridge/interpdata.py:159: RuntimeWarning: invalid value encountered in divide
  val = window * np.sin(np.pi*t) * np.sin(np.pi*t/window) / (np.pi**2 * t**2)
/net/scratch/q12628ct/semantic-decoding/decoding/utils_ridge/interpdata.py:159: RuntimeWarning: invalid value encountered in divide
  val = window * np.sin(np.pi*t) * np.sin(np.pi*t/window) / (np.pi**2 * t**2)
/net/scratch/q12628ct/semantic-decoding/decoding/utils_ridge/interpdata.py:159: RuntimeWarning: invalid value encountered in divide
  val = window * np.sin(np.pi*t) * np.sin(np.pi*t/window) / (np.pi**2 * t**2)
/net/scratch/q12628ct/semantic-decoding/decoding/utils_ridge/interpdata.py:159: RuntimeWarning: invalid value encountered in divide
  val = window * np.sin(np.pi*t) * np.sin(np.pi*t/window) / (np.pi**2 * t**2)
/net/scratch/q12628ct/semantic-decoding/decoding/utils_ridge/interpdata.py:159: RuntimeWarning: invalid value encountered in divide
  val = window * np.sin(np.pi*t) * np.sin(np.pi*t/window) / (np.pi**2 * t**2)
/net/scratch/q12628ct/semantic-decoding/decoding/utils_ridge/interpdata.py:159: RuntimeWarning: invalid value encountered in divide
  val = window * np.sin(np.pi*t) * np.sin(np.pi*t/window) / (np.pi**2 * t**2)
/net/scratch/q12628ct/semantic-decoding/decoding/utils_ridge/interpdata.py:159: RuntimeWarning: invalid value encountered in divide
  val = window * np.sin(np.pi*t) * np.sin(np.pi*t/window) / (np.pi**2 * t**2)
/net/scratch/q12628ct/semantic-decoding/decoding/utils_ridge/interpdata.py:159: RuntimeWarning: invalid value encountered in divide
  val = window * np.sin(np.pi*t) * np.sin(np.pi*t/window) / (np.pi**2 * t**2)
/net/scratch/q12628ct/semantic-decoding/decoding/utils_ridge/interpdata.py:159: RuntimeWarning: invalid value encountered in divide
  val = window * np.sin(np.pi*t) * np.sin(np.pi*t/window) / (np.pi**2 * t**2)
/net/scratch/q12628ct/semantic-decoding/decoding/utils_ridge/interpdata.py:159: RuntimeWarning: invalid value encountered in divide
  val = window * np.sin(np.pi*t) * np.sin(np.pi*t/window) / (np.pi**2 * t**2)
/net/scratch/q12628ct/semantic-decoding/decoding/utils_ridge/interpdata.py:159: RuntimeWarning: invalid value encountered in divide
  val = window * np.sin(np.pi*t) * np.sin(np.pi*t/window) / (np.pi**2 * t**2)
/net/scratch/q12628ct/semantic-decoding/decoding/utils_ridge/interpdata.py:159: RuntimeWarning: invalid value encountered in divide
  val = window * np.sin(np.pi*t) * np.sin(np.pi*t/window) / (np.pi**2 * t**2)
/net/scratch/q12628ct/semantic-decoding/decoding/utils_ridge/interpdata.py:159: RuntimeWarning: invalid value encountered in divide
  val = window * np.sin(np.pi*t) * np.sin(np.pi*t/window) / (np.pi**2 * t**2)
/net/scratch/q12628ct/semantic-decoding/decoding/utils_ridge/interpdata.py:159: RuntimeWarning: invalid value encountered in divide
  val = window * np.sin(np.pi*t) * np.sin(np.pi*t/window) / (np.pi**2 * t**2)
/net/scratch/q12628ct/semantic-decoding/decoding/utils_ridge/interpdata.py:159: RuntimeWarning: invalid value encountered in divide
  val = window * np.sin(np.pi*t) * np.sin(np.pi*t/window) / (np.pi**2 * t**2)
/net/scratch/q12628ct/semantic-decoding/decoding/utils_ridge/interpdata.py:159: RuntimeWarning: invalid value encountered in divide
  val = window * np.sin(np.pi*t) * np.sin(np.pi*t/window) / (np.pi**2 * t**2)
[nltk_data] Downloading package wordnet to /mnt/iusers01/fse-
[nltk_data]     ugpgt01/compsci01/q12628ct/nltk_data...
[nltk_data]   Package wordnet is already up-to-date!
[nltk_data] Downloading package punkt_tab to /mnt/iusers01/fse-
[nltk_data]     ugpgt01/compsci01/q12628ct/nltk_data...
[nltk_data]   Package punkt_tab is already up-to-date!
[nltk_data] Downloading package omw-1.4 to /mnt/iusers01/fse-
[nltk_data]     ugpgt01/compsci01/q12628ct/nltk_data...
[nltk_data]   Package omw-1.4 is already up-to-date!
/mnt/iusers01/fse-ugpgt01/compsci01/q12628ct/.conda/envs/semantic-decoding/lib/python3.10/site-packages/huggingface_hub/file_download.py:945: FutureWarning: `resume_download` is deprecated and will be removed in version 1.0.0. Downloads always resume when possible. If you want to force a new download, use `force_download=True`.
  warnings.warn(
Some weights of the model checkpoint at roberta-large were not used when initializing RobertaModel: ['lm_head.layer_norm.bias', 'lm_head.layer_norm.weight', 'lm_head.dense.bias', 'lm_head.dense.weight', 'lm_head.bias']
- This IS expected if you are initializing RobertaModel from the checkpoint of a model trained on another task or with another architecture (e.g. initializing a BertForSequenceClassification model from a BertForPreTraining model).
- This IS NOT expected if you are initializing RobertaModel from the checkpoint of a model that you expect to be exactly identical (initializing a BertForSequenceClassification model from a BertForSequenceClassification model).
Some weights of RobertaModel were not initialized from the model checkpoint at roberta-large and are newly initialized: ['roberta.pooler.dense.weight', 'roberta.pooler.dense.bias']
You should probably TRAIN this model on a down-stream task to be able to use it for predictions and inference.
wheretheressmoke
WER
[0.04051645 0.03541861 0.03373223 0.03482906 0.03728376 0.03712767
 0.03700808 0.03541341 0.03750552 0.03486819 0.03799923 0.03102181
 0.03512564 0.03315884 0.03387793 0.03550771 0.04088873 0.04010193
 0.04047823 0.03436971 0.03882546 0.04012693 0.03621687 0.03493518
 0.03529585 0.03787933 0.03959063 0.03570797 0.03605309 0.03311857
 0.03519513 0.0446663  0.03452442 0.04181258 0.03204588 0.036216
 0.03872977 0.03906124 0.03517318 0.03355923 0.03437385 0.04127129
 0.04053111 0.03937053 0.03868328 0.03637648 0.03432836 0.03510672
 0.03615605 0.03658335 0.03379045 0.03851805 0.03467139 0.03554678
 0.03852153 0.04472704 0.03459302 0.03574704 0.03958559 0.03304465
 0.03805427 0.0350014  0.03524669 0.03366136 0.03709256 0.03206977
 0.03847335 0.03746715 0.03166012 0.03483603 0.03584439 0.03322935
 0.03549207 0.03582481 0.03938644 0.04147672 0.03615381 0.04289648
 0.03680866 0.03455033 0.03478663 0.03942163 0.03851763 0.03890014
 0.04169444 0.03102915 0.03285352 0.03672517 0.03857064 0.03493506
 0.02986837 0.03641041 0.04116963 0.03626366 0.03792642 0.03989012
 0.03941864 0.03426761 0.03901047 0.03522996 0.039409   0.04265227
 0.03478124 0.04191407 0.0363845  0.03620256 0.03942612 0.04000689
 0.03924612 0.03574716 0.03860707 0.0417617  0.04056437 0.03878547
 0.03388564 0.04103446 0.03889903 0.03626908 0.03857133 0.0319657
 0.04405478 0.03765381 0.03672009 0.03541744 0.03370344 0.02962692
 0.03435946 0.03575078 0.04176093 0.03731949 0.03754034 0.03924795
 0.0379676  0.03802079 0.03266964 0.03903765 0.03704786 0.0385868
 0.034829   0.03756398 0.036317   0.03863293 0.04119615 0.03590399
 0.04012274 0.0306961  0.03028913 0.03659781 0.03828587 0.03281315
 0.04319311 0.03727117 0.03978232 0.03996454 0.04007849 0.03927846
 0.03423924 0.03578775 0.03643899 0.03482759 0.031211   0.04114162
 0.03507737 0.0357335  0.03427442 0.03755567 0.03485469 0.03700839
 0.03961702 0.03503763 0.03285129 0.0338898  0.03663657 0.03386719
 0.03279904 0.03775921 0.03733226 0.04696073 0.04335223 0.03362336
 0.04310554 0.03779403 0.03860763 0.03046886 0.03716545 0.03651847
 0.03704157 0.04225298 0.02967416 0.04060893 0.04277251 0.03032038
 0.03503435 0.03637034 0.03210989 0.03682774 0.03549025 0.0395685
 0.03402977 0.03710159]
wheretheressmoke
BLEU
[0.19536122 0.17925076 0.18549906 0.18810981 0.19338726 0.18154229
 0.17717081 0.18778261 0.18254028 0.18704041 0.18923989 0.18309542
 0.19035575 0.18685759 0.19269118 0.17916048 0.19885548 0.19946063
 0.19646224 0.1838286  0.20003094 0.19508912 0.18788053 0.18597629
 0.18991583 0.18241221 0.19890983 0.19355595 0.18985578 0.18357182
 0.18668205 0.19764283 0.19146559 0.19666141 0.1823331  0.19174427
 0.20168548 0.18419969 0.18985436 0.18264394 0.18985519 0.19539778
 0.19121935 0.1873857  0.18205358 0.17741218 0.19621706 0.19325822
 0.19091066 0.18848564 0.185691   0.19503778 0.182291   0.19067042
 0.18775457 0.20058011 0.18443483 0.19273742 0.19361747 0.17193606
 0.19107041 0.18236053 0.19646174 0.19209204 0.20005076 0.1864795
 0.19273    0.18799532 0.18153255 0.18650489 0.19152213 0.17819073
 0.18860193 0.18304186 0.18590646 0.19237523 0.18418256 0.19374161
 0.18444815 0.18580445 0.1902108  0.186582   0.19700284 0.1910342
 0.19557627 0.17952776 0.17132522 0.19370115 0.19329386 0.17938713
 0.18051279 0.19059958 0.19271547 0.19112462 0.19791394 0.19196164
 0.19431441 0.1794182  0.18583544 0.18655715 0.19516249 0.19496927
 0.18451267 0.19766805 0.19913073 0.18867858 0.18911587 0.19055485
 0.18887472 0.19657853 0.19203126 0.20001497 0.19373824 0.18433753
 0.18256474 0.1834902  0.19197316 0.19085203 0.18295029 0.17308467
 0.21448292 0.19418632 0.1968184  0.18741908 0.18977258 0.1806061
 0.18348034 0.18580821 0.20223153 0.18487806 0.18795936 0.19752544
 0.1875853  0.19485994 0.1850143  0.19082211 0.19302319 0.19528177
 0.19748923 0.18978518 0.18597044 0.18726239 0.19241905 0.19121921
 0.19474196 0.17662105 0.18260005 0.1896506  0.20055112 0.18489151
 0.2011189  0.19395298 0.18559808 0.18726889 0.19689726 0.18756911
 0.18525068 0.19977228 0.19549635 0.17772616 0.18484919 0.20570037
 0.17861815 0.18554088 0.18428605 0.19024342 0.18002809 0.19825976
 0.19579932 0.19099686 0.19405891 0.18281559 0.19436736 0.19302913
 0.18793988 0.17960717 0.18916502 0.19957467 0.19735537 0.18362465
 0.19813161 0.18261169 0.18898505 0.19354798 0.18942906 0.19284921
 0.19386671 0.19296861 0.18102911 0.19108396 0.19436844 0.18379474
 0.17765794 0.19327974 0.18153054 0.18948809 0.19266068 0.19321603
 0.19831483 0.18761476]
wheretheressmoke
METEOR
[0.14037835 0.13237749 0.13738725 0.13303971 0.13885978 0.13587888
 0.13274329 0.13904299 0.13910321 0.13413386 0.13772777 0.13586402
 0.13770164 0.14061274 0.13594728 0.13432386 0.14408915 0.14119392
 0.14313787 0.13838663 0.14317108 0.13901305 0.13530061 0.13314668
 0.14017367 0.13561632 0.13944287 0.13820282 0.13736334 0.1356404
 0.13854226 0.1425591  0.13678376 0.13646892 0.13325132 0.13481727
 0.14534176 0.13225727 0.13694019 0.13172373 0.13844744 0.13733228
 0.14282871 0.13864014 0.13486598 0.1347638  0.14630886 0.13742571
 0.13867068 0.13487554 0.13393209 0.13999422 0.13481401 0.14003005
 0.13924683 0.14574381 0.13320883 0.13904282 0.13893653 0.12894815
 0.14313562 0.13426011 0.13955601 0.13984771 0.14115815 0.13334863
 0.13764773 0.14507265 0.13267976 0.13207769 0.13912972 0.12808448
 0.13648957 0.13106188 0.13959353 0.13972577 0.13541585 0.14104323
 0.13448952 0.13834261 0.13774846 0.14064242 0.14007736 0.13778916
 0.14365354 0.13428518 0.12773894 0.13626146 0.14514387 0.13207132
 0.13160439 0.13913409 0.139726   0.13723334 0.14288135 0.14363439
 0.13993218 0.12979312 0.13976876 0.13856005 0.14450306 0.14067961
 0.13886391 0.1409377  0.14212989 0.13454556 0.13803679 0.13584808
 0.14241261 0.14134071 0.13762143 0.13832841 0.14509489 0.13558199
 0.13502294 0.14222351 0.14241979 0.13867491 0.13795279 0.12996103
 0.15105532 0.13956329 0.14395002 0.13284966 0.14011575 0.13404865
 0.13536062 0.13728229 0.14428036 0.13861086 0.14227359 0.13838686
 0.13230556 0.14510436 0.13367257 0.14077493 0.13989615 0.14199478
 0.14181909 0.13508758 0.13346432 0.14253814 0.14152515 0.13568239
 0.14013124 0.13214119 0.13509683 0.13927405 0.14359062 0.13697371
 0.14862182 0.13565392 0.1468962  0.13416584 0.13851459 0.13573192
 0.13757244 0.14114472 0.13819729 0.13214717 0.13161508 0.14543336
 0.13155379 0.13606188 0.13480319 0.13564512 0.13317476 0.14098568
 0.14214915 0.13498614 0.14268709 0.13497856 0.13796117 0.13893342
 0.12918134 0.13388866 0.13531742 0.14571759 0.13991108 0.13308825
 0.14074574 0.13147369 0.13493079 0.13706478 0.13974813 0.14088679
 0.13870086 0.14321911 0.12742275 0.13732684 0.13543697 0.13471099
 0.12871164 0.14256817 0.13129318 0.13906599 0.13996662 0.14206836
 0.14286479 0.13873857]
wheretheressmoke
BERT
[0.79080695 0.7885855  0.7894128  0.7906515  0.78981066 0.7905815
 0.7890464  0.79042816 0.78881454 0.79113907 0.7882115  0.78902024
 0.7891111  0.7893013  0.7912802  0.78838605 0.79009265 0.79240113
 0.7906334  0.79166913 0.7897287  0.7890019  0.7880238  0.7904092
 0.79141515 0.79013693 0.7888378  0.78861403 0.788737   0.78892326
 0.7900286  0.7915005  0.7893821  0.7906808  0.7892973  0.78996336
 0.7913952  0.78999764 0.78923565 0.7872373  0.78840405 0.7913646
 0.7892537  0.7898236  0.7889922  0.78920764 0.79031396 0.79008454
 0.79046446 0.79165083 0.79108363 0.78907484 0.78603786 0.79037607
 0.78946155 0.79054743 0.7897858  0.7904271  0.7889558  0.78802633
 0.79086965 0.78869164 0.7906584  0.79040396 0.7915616  0.79067975
 0.7880067  0.7896223  0.78913164 0.7897333  0.78836364 0.7887576
 0.7890444  0.7883666  0.78885245 0.79093885 0.7903565  0.7917201
 0.7898081  0.78901124 0.7901735  0.79015756 0.790741   0.78882086
 0.79237545 0.79015607 0.7896959  0.791101   0.7912406  0.7881413
 0.7899924  0.7898745  0.7898747  0.789949   0.7913588  0.7909081
 0.7915347  0.78802854 0.78846604 0.78887016 0.79168963 0.79132766
 0.79073125 0.78908145 0.7906144  0.7893195  0.7899538  0.7894196
 0.79006636 0.79188555 0.7917992  0.78855276 0.7922396  0.78798044
 0.79025066 0.7915666  0.7910256  0.7895736  0.79105586 0.78974545
 0.790872   0.7898974  0.7897819  0.78914136 0.78777045 0.78866965
 0.79056543 0.7879187  0.79165137 0.789506   0.79221153 0.79046935
 0.79034436 0.7899808  0.7874691  0.7907234  0.79091597 0.7900215
 0.78889084 0.7898079  0.7883326  0.7910213  0.79027367 0.789201
 0.79017913 0.7899122  0.7912204  0.78951216 0.7912303  0.7892467
 0.7906047  0.78959835 0.790175   0.7906313  0.789683   0.78941166
 0.7897977  0.79201394 0.78909004 0.7880506  0.7883133  0.7914281
 0.78812635 0.79165155 0.79078716 0.7876449  0.7886981  0.79069144
 0.7897099  0.78963226 0.79163086 0.7907279  0.7898942  0.7906297
 0.7890456  0.789454   0.7883139  0.79030174 0.7890469  0.78977
 0.78897303 0.7896589  0.790042   0.790052   0.7907123  0.7901532
 0.7902857  0.78986436 0.78966385 0.79057616 0.7911172  0.79055804
 0.7907798  0.78922975 0.78951347 0.78909385 0.78969073 0.79141504
 0.7900906  0.79018855]
[nltk_data] Downloading package wordnet to /mnt/iusers01/fse-
[nltk_data]     ugpgt01/compsci01/q12628ct/nltk_data...
[nltk_data]   Package wordnet is already up-to-date!
[nltk_data] Downloading package punkt_tab to /mnt/iusers01/fse-
[nltk_data]     ugpgt01/compsci01/q12628ct/nltk_data...
[nltk_data]   Package punkt_tab is already up-to-date!
[nltk_data] Downloading package omw-1.4 to /mnt/iusers01/fse-
[nltk_data]     ugpgt01/compsci01/q12628ct/nltk_data...
[nltk_data]   Package omw-1.4 is already up-to-date!
/mnt/iusers01/fse-ugpgt01/compsci01/q12628ct/.conda/envs/semantic-decoding/lib/python3.10/site-packages/huggingface_hub/file_download.py:945: FutureWarning: `resume_download` is deprecated and will be removed in version 1.0.0. Downloads always resume when possible. If you want to force a new download, use `force_download=True`.
  warnings.warn(
Some weights of the model checkpoint at roberta-large were not used when initializing RobertaModel: ['lm_head.bias', 'lm_head.layer_norm.bias', 'lm_head.dense.bias', 'lm_head.layer_norm.weight', 'lm_head.dense.weight']
- This IS expected if you are initializing RobertaModel from the checkpoint of a model trained on another task or with another architecture (e.g. initializing a BertForSequenceClassification model from a BertForPreTraining model).
- This IS NOT expected if you are initializing RobertaModel from the checkpoint of a model that you expect to be exactly identical (initializing a BertForSequenceClassification model from a BertForSequenceClassification model).
Some weights of RobertaModel were not initialized from the model checkpoint at roberta-large and are newly initialized: ['roberta.pooler.dense.weight', 'roberta.pooler.dense.bias']
You should probably TRAIN this model on a down-stream task to be able to use it for predictions and inference.
presto
WER
[0.03095311 0.03537714 0.03914963 0.04266119 0.03244001 0.03763235
 0.02362633 0.03370844 0.03242557 0.04073509 0.03762049 0.03482104
 0.02619126 0.02717107 0.03227053 0.03003561 0.03732154 0.02579894
 0.0368746  0.02590456 0.03539971 0.03542157 0.03300763 0.02579115
 0.03380449 0.02213537 0.02506186 0.03424336 0.02719605 0.03873429
 0.02765611 0.02293934 0.02852939 0.0350676  0.03687861 0.03145337
 0.03270518 0.02729142 0.02453308 0.04397595 0.02979571 0.02964325
 0.03680561 0.0352754  0.03351437 0.0329247  0.02931767 0.04258774
 0.03150581 0.029657   0.02360797 0.03932788 0.02857226 0.02970496
 0.02943807 0.0388113  0.03827885 0.02606839 0.03800863 0.03462777
 0.03441113 0.03187148 0.03781203 0.02845685 0.03325502 0.03793121
 0.03719362 0.03675928 0.03276002 0.03051906 0.03088567 0.0312841
 0.03136443 0.04198156 0.03048915 0.03479693 0.03655369 0.03522801
 0.03537445 0.03209092 0.03790306 0.03974103 0.03743388 0.03563427
 0.03276123 0.04049961 0.04177131 0.03174503 0.02810451 0.02480499
 0.03578808 0.0332357  0.03392154 0.02618335 0.02745389 0.03198791
 0.03367183 0.0272506  0.03030795 0.02472666 0.03221244 0.03209752
 0.0284054  0.0283142  0.02995563 0.02942039 0.03477993 0.04239738
 0.03983978 0.03982883 0.03111831 0.03442105 0.0312074  0.0317368
 0.0310988  0.04010933 0.03449214 0.04000719 0.02461617 0.04669769
 0.03363781 0.03455166 0.04099517 0.02746387 0.03237054 0.03098515
 0.03567737 0.03468006 0.03424279 0.02782732 0.03564252 0.03423464
 0.04233165 0.02454633 0.02936605 0.03702782 0.02999335 0.04320281
 0.03955193 0.02878315 0.03302711 0.03690982 0.03731612 0.0386317
 0.0312666  0.02894739 0.03257369 0.04146016 0.03463411 0.04259873
 0.03182547 0.03467971 0.02696286 0.03339719 0.02358917 0.03654728
 0.03042017 0.03696302 0.02867072 0.04155042 0.02430217 0.03026137
 0.03611579 0.03307196 0.02751961 0.02210373 0.03868155 0.03042179
 0.03371934 0.02890736 0.03356555 0.02772089 0.04630504 0.03928223
 0.03260668 0.02959939 0.03446633 0.04631638 0.03831868 0.03508918
 0.0270521  0.02509275 0.02705082 0.03169046 0.03453528 0.03539434
 0.04011626 0.02364132 0.03333574 0.03989945 0.02589239 0.0300566
 0.03785862 0.03139576 0.03136274 0.03406201 0.02884067 0.02637492
 0.02708769 0.04263435]
presto
BLEU
[0.12114285 0.12009532 0.12640582 0.14535924 0.11977852 0.12072208
 0.09575131 0.11890151 0.10558383 0.13221191 0.11990623 0.1237664
 0.10054345 0.11512294 0.1108694  0.11948125 0.11900137 0.10553264
 0.10997682 0.10533837 0.12694215 0.12344023 0.12269401 0.10511769
 0.13302285 0.0959344  0.08884527 0.11556913 0.10546678 0.14140163
 0.10624329 0.09657445 0.10660889 0.11747413 0.13074167 0.12482905
 0.10445251 0.10560286 0.10775139 0.13262726 0.113031   0.11301896
 0.14061582 0.13567223 0.11351564 0.12069424 0.1116229  0.13134701
 0.12058184 0.11568285 0.09720904 0.12772163 0.11204627 0.11008566
 0.10751485 0.1285611  0.13334578 0.09010904 0.11987735 0.10983811
 0.11452488 0.11405157 0.12535722 0.10803604 0.10894776 0.12870816
 0.12632684 0.13908542 0.11149521 0.11875858 0.10865506 0.1159886
 0.12638789 0.12822752 0.11150073 0.11251685 0.12768995 0.12544293
 0.1198985  0.11290761 0.12387339 0.12892565 0.11636543 0.12975906
 0.12166398 0.12333892 0.14186171 0.10672875 0.11039407 0.11405743
 0.12990572 0.12257254 0.11135431 0.11207995 0.09891112 0.12797651
 0.11322955 0.1003354  0.10582497 0.09719683 0.10810374 0.11034171
 0.10488007 0.1022084  0.10855702 0.11173961 0.12619633 0.14274389
 0.12173545 0.12430546 0.11812518 0.10563126 0.11171634 0.10824305
 0.12809767 0.12515296 0.1214698  0.13269328 0.09823763 0.14075384
 0.11712897 0.10778461 0.12667138 0.10304089 0.10391273 0.12269225
 0.13202084 0.12421926 0.13396036 0.09780248 0.13331544 0.12067357
 0.13114144 0.10164107 0.11327384 0.12992154 0.11858037 0.12923186
 0.13088473 0.10407281 0.11898976 0.12009496 0.11302139 0.12062318
 0.11737914 0.10962238 0.11020168 0.13626131 0.12152386 0.13353301
 0.12209381 0.12478903 0.11002873 0.11339291 0.10051166 0.11583079
 0.10778105 0.11948643 0.11159793 0.14028856 0.10754617 0.11518526
 0.1162612  0.10899537 0.10920253 0.10566833 0.12254934 0.10695218
 0.11217255 0.10100804 0.12640459 0.11173489 0.13640036 0.12552138
 0.12341873 0.11084115 0.12277364 0.12754733 0.12464416 0.12324528
 0.11463812 0.10198957 0.10951129 0.11738984 0.12428937 0.12343988
 0.13467716 0.09786127 0.11417655 0.12334964 0.11269288 0.11574559
 0.12853185 0.11110677 0.10661969 0.12613947 0.10430797 0.11073871
 0.11902491 0.12737083]
presto
METEOR
[0.08809738 0.08079014 0.08865437 0.09337696 0.08316013 0.08343102
 0.06514102 0.08073694 0.07573661 0.09281977 0.07936333 0.08436944
 0.07125552 0.07816303 0.08199218 0.080157   0.07946074 0.07785455
 0.07974309 0.07771594 0.08443834 0.08576189 0.08522667 0.07655677
 0.09094578 0.06909067 0.06605741 0.08071304 0.07092611 0.08980197
 0.07647015 0.06886256 0.07489571 0.08149139 0.08607797 0.0821175
 0.07535389 0.07979988 0.07084723 0.09043382 0.07448258 0.07543141
 0.09442404 0.08882826 0.07904551 0.08408037 0.07314497 0.09038354
 0.08295187 0.07915981 0.07329759 0.0848514  0.07827478 0.08284999
 0.0846299  0.09434003 0.09396245 0.07111347 0.08583716 0.0731368
 0.07955258 0.08108928 0.08465711 0.07436204 0.07385297 0.08691549
 0.08516369 0.09292612 0.07558085 0.08016216 0.07798111 0.07637255
 0.08412461 0.08825538 0.07819622 0.07756485 0.09492351 0.08338931
 0.08176923 0.08077164 0.09098853 0.09150648 0.08476734 0.0970212
 0.080532   0.08388566 0.09480662 0.07407545 0.07977079 0.08043973
 0.086223   0.08440052 0.07693687 0.07991808 0.06947076 0.0856137
 0.07994014 0.07200114 0.07485887 0.07178759 0.07769242 0.07837972
 0.07119326 0.07209961 0.08020417 0.07534498 0.08283939 0.09489679
 0.08450827 0.08062631 0.08380432 0.0730961  0.08008187 0.07436323
 0.08514748 0.08342737 0.08261987 0.08829949 0.07552566 0.09137901
 0.07999932 0.07263366 0.08519235 0.07552817 0.07512475 0.08379774
 0.09038645 0.08552303 0.09050824 0.06816719 0.08932192 0.08371548
 0.08819683 0.06920751 0.08375127 0.08468588 0.08396035 0.08923937
 0.09118021 0.077344   0.08274532 0.08166778 0.07996845 0.08213319
 0.0809344  0.08105441 0.07440062 0.08968027 0.08405941 0.08770667
 0.08290412 0.08280213 0.07582485 0.08021652 0.07606989 0.07861333
 0.07366606 0.07824483 0.07808026 0.09108588 0.07710775 0.08232701
 0.08120681 0.07781962 0.07282039 0.07219909 0.08164432 0.07802492
 0.08155013 0.07481514 0.08505187 0.07194104 0.09197571 0.07987201
 0.08344207 0.07843384 0.08610253 0.08732836 0.08826486 0.08495287
 0.0802673  0.06815723 0.07616467 0.08077516 0.08777351 0.08171767
 0.08748889 0.0785956  0.07984524 0.0797464  0.07896243 0.07895005
 0.08572281 0.07841481 0.07330948 0.08833069 0.07316162 0.07226911
 0.07614714 0.08373381]
presto
BERT
[0.7718181  0.7702088  0.7722073  0.77406746 0.77551246 0.7726078
 0.7700005  0.7719813  0.7716819  0.7727391  0.77327245 0.7738177
 0.7698432  0.77296984 0.7732124  0.77018785 0.7705928  0.77124184
 0.7724572  0.77006537 0.7743107  0.76745284 0.7719738  0.76904386
 0.7708131  0.76927847 0.76765513 0.77085465 0.7712909  0.7749965
 0.77013016 0.76944923 0.7710083  0.76992095 0.773025   0.7703617
 0.77125853 0.7685992  0.7715645  0.7739068  0.76797616 0.76827234
 0.7744275  0.7719318  0.7755797  0.77440023 0.77022195 0.77055544
 0.77078116 0.7694641  0.7694629  0.7744016  0.76958203 0.76878965
 0.77284235 0.7738729  0.7726318  0.769098   0.76929814 0.7701029
 0.76952535 0.7709948  0.7717617  0.76895255 0.77214503 0.77404016
 0.77668875 0.7724204  0.7732105  0.7702767  0.77094203 0.77160215
 0.7719936  0.77069527 0.77130395 0.7712022  0.7725799  0.77340376
 0.77487445 0.7701128  0.77306867 0.77201676 0.77424616 0.7721995
 0.7736085  0.7724456  0.7733874  0.76819664 0.7690192  0.7725134
 0.77203786 0.7690461  0.7693389  0.7711369  0.7677405  0.772848
 0.7688194  0.7702679  0.76856923 0.7680359  0.7682928  0.7722254
 0.7708295  0.7715769  0.77167916 0.7691585  0.7758293  0.77429825
 0.7743467  0.7730562  0.7707011  0.7704459  0.7709669  0.76969343
 0.7723175  0.77270305 0.7716382  0.7710613  0.7690332  0.77519417
 0.7710904  0.7701343  0.77347153 0.77095187 0.77357167 0.77346104
 0.7736385  0.7702238  0.7730144  0.7681931  0.7694625  0.7732935
 0.7716111  0.7705192  0.7691778  0.7763468  0.7724758  0.7711289
 0.7718645  0.7685917  0.77290714 0.7721367  0.7713959  0.77121115
 0.77116305 0.77015966 0.7697432  0.7734669  0.7717182  0.7708188
 0.7709038  0.7732296  0.76939726 0.7738188  0.77129024 0.77041495
 0.7684813  0.7696567  0.7698668  0.7737776  0.77192086 0.77109575
 0.77097505 0.77251697 0.768606   0.7727235  0.77479315 0.76830685
 0.7710537  0.76812595 0.7703     0.7700117  0.77044433 0.7726327
 0.77322066 0.7739853  0.77119297 0.77024186 0.77206445 0.7756176
 0.77241963 0.77192813 0.7685464  0.77397215 0.77075845 0.7713731
 0.7707208  0.7714794  0.77337205 0.7709062  0.7750087  0.7732227
 0.77224344 0.77365565 0.7683932  0.7719245  0.7695664  0.7695549
 0.76965106 0.7725656 ]
[nltk_data] Downloading package wordnet to /mnt/iusers01/fse-
[nltk_data]     ugpgt01/compsci01/q12628ct/nltk_data...
[nltk_data]   Package wordnet is already up-to-date!
[nltk_data] Downloading package punkt_tab to /mnt/iusers01/fse-
[nltk_data]     ugpgt01/compsci01/q12628ct/nltk_data...
[nltk_data]   Package punkt_tab is already up-to-date!
[nltk_data] Downloading package omw-1.4 to /mnt/iusers01/fse-
[nltk_data]     ugpgt01/compsci01/q12628ct/nltk_data...
[nltk_data]   Package omw-1.4 is already up-to-date!
/mnt/iusers01/fse-ugpgt01/compsci01/q12628ct/.conda/envs/semantic-decoding/lib/python3.10/site-packages/huggingface_hub/file_download.py:945: FutureWarning: `resume_download` is deprecated and will be removed in version 1.0.0. Downloads always resume when possible. If you want to force a new download, use `force_download=True`.
  warnings.warn(
Some weights of the model checkpoint at roberta-large were not used when initializing RobertaModel: ['lm_head.layer_norm.weight', 'lm_head.dense.bias', 'lm_head.dense.weight', 'lm_head.bias', 'lm_head.layer_norm.bias']
- This IS expected if you are initializing RobertaModel from the checkpoint of a model trained on another task or with another architecture (e.g. initializing a BertForSequenceClassification model from a BertForPreTraining model).
- This IS NOT expected if you are initializing RobertaModel from the checkpoint of a model that you expect to be exactly identical (initializing a BertForSequenceClassification model from a BertForSequenceClassification model).
Some weights of RobertaModel were not initialized from the model checkpoint at roberta-large and are newly initialized: ['roberta.pooler.dense.weight', 'roberta.pooler.dense.bias']
You should probably TRAIN this model on a down-stream task to be able to use it for predictions and inference.
partlycloudy
WER
[-0.15361439 -0.1610523  -0.16296323 -0.16186083 -0.15110739 -0.15690331
 -0.16832243 -0.14787855 -0.16838125 -0.16121659 -0.17107692 -0.15297884
 -0.16251253 -0.16279595 -0.16428095 -0.15588372 -0.1587648  -0.15887675
 -0.16674215 -0.16024699 -0.15418715 -0.16027621 -0.14812434 -0.15400844
 -0.15457637 -0.16947072 -0.16049812 -0.15274419 -0.15900184 -0.15914479
 -0.15975669 -0.15924971 -0.15732329 -0.15324344 -0.14604734 -0.15897497
 -0.15345431 -0.16094318 -0.16254451 -0.15085314 -0.16012723 -0.14666632
 -0.16337365 -0.16468469 -0.16079774 -0.15653308 -0.16292333 -0.15643979
 -0.1599247  -0.15758043 -0.15637142 -0.15084022 -0.15439717 -0.1631601
 -0.16400472 -0.16880666 -0.15390251 -0.16434225 -0.1515773  -0.15385178
 -0.16297235 -0.15604863 -0.14540777 -0.15119304 -0.16431878 -0.16116383
 -0.15755226 -0.16221101 -0.1761937  -0.16790556 -0.15987256 -0.16011865
 -0.16247721 -0.16173463 -0.16539623 -0.16717383 -0.15585487 -0.15613402
 -0.16022952 -0.15689396 -0.15792805 -0.16541854 -0.15611484 -0.16140681
 -0.1588457  -0.17009929 -0.16040322 -0.15101945 -0.15758268 -0.15492509
 -0.15781059 -0.16560911 -0.16422983 -0.15726229 -0.15919014 -0.15930217
 -0.16523347 -0.16086445 -0.15283128 -0.16285841 -0.1566778  -0.14913945
 -0.15861314 -0.14823386 -0.15024677 -0.15836106 -0.1685139  -0.15839089
 -0.15345233 -0.16570929 -0.15095329 -0.16197973 -0.16399441 -0.16164357
 -0.15878836 -0.17446406 -0.1626969  -0.15221488 -0.1596977  -0.16146441
 -0.160281   -0.15599907 -0.16373841 -0.15138114 -0.15617699 -0.16070174
 -0.16012589 -0.16393354 -0.17054607 -0.1601691  -0.15743749 -0.15942977
 -0.16156365 -0.16043801 -0.15163892 -0.15691462 -0.17032658 -0.16468858
 -0.14255239 -0.16381884 -0.16140143 -0.16318921 -0.16394471 -0.16208322
 -0.15803604 -0.1558372  -0.1627658  -0.17215144 -0.15181966 -0.16038005
 -0.15728536 -0.15592329 -0.16556361 -0.1580164  -0.15230068 -0.16722442
 -0.15610261 -0.15089732 -0.16330228 -0.16135992 -0.15935784 -0.16733342
 -0.1671743  -0.16041568 -0.15282454 -0.15605307 -0.14999313 -0.15309496
 -0.15505922 -0.15900415 -0.15369166 -0.17015123 -0.15734184 -0.16086799
 -0.15801908 -0.1551003  -0.15976067 -0.15846165 -0.16368943 -0.15344904
 -0.15698968 -0.16500201 -0.1606198  -0.15683192 -0.14423238 -0.16723409
 -0.15904544 -0.15877775 -0.15183835 -0.15613341 -0.16714155 -0.16150906
 -0.1637196  -0.15400138 -0.16534809 -0.15438771 -0.15959575 -0.15591076
 -0.14987013 -0.15756939]
partlycloudy
BLEU
[0.13352869 0.12532332 0.12010899 0.12030393 0.13141394 0.11735298
 0.11639682 0.13858302 0.1127373  0.11746622 0.11377335 0.13601475
 0.12416509 0.11626575 0.11154655 0.12167894 0.1217504  0.12579447
 0.10568749 0.11689539 0.13981206 0.12010879 0.14135654 0.11924662
 0.12670164 0.1019211  0.12199464 0.12728689 0.12459121 0.12394193
 0.12047993 0.12558013 0.12446369 0.12689955 0.1363559  0.11690682
 0.13240157 0.1231633  0.11497235 0.13531441 0.11720733 0.13746764
 0.11865184 0.11289175 0.13963166 0.12919122 0.11159751 0.13311717
 0.11281042 0.13270384 0.13564571 0.13304488 0.12919216 0.11167557
 0.11007925 0.11884796 0.11874224 0.12332843 0.14712871 0.12900187
 0.11409868 0.12014629 0.15488064 0.13686859 0.12274898 0.12246757
 0.12551823 0.12307004 0.09391062 0.11794866 0.11517923 0.12304391
 0.11805792 0.11184611 0.11351514 0.11311227 0.13560296 0.12477887
 0.13374773 0.12233012 0.11582558 0.11361272 0.13313744 0.13808381
 0.12153999 0.10426883 0.12145414 0.12423317 0.12297832 0.14860343
 0.11524784 0.12534086 0.10204428 0.13161118 0.12547459 0.12677939
 0.11380067 0.12031048 0.13405889 0.10504856 0.13941325 0.13519349
 0.1170298  0.13501474 0.13191751 0.12127578 0.10893908 0.13841017
 0.11122278 0.1205748  0.13559225 0.12115252 0.12755564 0.11948894
 0.1209186  0.09941292 0.12096268 0.13920692 0.12090196 0.11703562
 0.11816908 0.12325211 0.11532213 0.13239461 0.12306557 0.12742098
 0.12502496 0.12026131 0.1085155  0.11567934 0.11907245 0.12796938
 0.11255856 0.13271984 0.13895365 0.11380545 0.11883745 0.11148931
 0.14393283 0.11073809 0.12746995 0.12785642 0.11546229 0.12627831
 0.13007341 0.14206776 0.10423407 0.09246615 0.14010097 0.12819106
 0.12569642 0.13285463 0.1138255  0.1248821  0.13204196 0.10680833
 0.13203726 0.12598556 0.11385558 0.1248497  0.13322361 0.10080133
 0.10512592 0.12447867 0.13532643 0.12307569 0.13587997 0.13191226
 0.12186689 0.12301721 0.12527171 0.12746489 0.11934841 0.12590236
 0.12058823 0.12861862 0.11394494 0.12689192 0.12875518 0.12729528
 0.13586628 0.12378978 0.1206099  0.12377819 0.13700895 0.10948177
 0.12241366 0.12613348 0.14357771 0.11891675 0.11038931 0.13209099
 0.11298099 0.12617663 0.12132971 0.12971436 0.12392727 0.1238854
 0.13356498 0.11273026]
partlycloudy
METEOR
[0.11532689 0.10997878 0.09691581 0.09603606 0.11369396 0.09564862
 0.09847527 0.11484092 0.09397831 0.09686281 0.09706229 0.11579799
 0.10216644 0.09925238 0.09445032 0.10602139 0.10498369 0.1081713
 0.09767137 0.09542343 0.1153083  0.0999819  0.11412521 0.10030056
 0.1035328  0.08895415 0.10465956 0.10604195 0.1021411  0.10012584
 0.10112287 0.10488212 0.10139931 0.10094788 0.11113143 0.10210887
 0.10822121 0.10477425 0.09637139 0.10811729 0.09937709 0.11412909
 0.09967631 0.09787563 0.11463756 0.10498225 0.09457996 0.10706087
 0.09319299 0.10703512 0.10961322 0.11616551 0.10430615 0.1008464
 0.095666   0.0960454  0.09876143 0.10071751 0.11941975 0.10334813
 0.0976657  0.10555701 0.12104495 0.11124452 0.10517537 0.10340297
 0.10011844 0.10082164 0.08461821 0.09917536 0.09673818 0.10813115
 0.09754495 0.09947386 0.09905128 0.09468758 0.11396907 0.10687767
 0.10890595 0.10454955 0.10051652 0.09489477 0.11558396 0.11729917
 0.10439479 0.08910447 0.10286469 0.09964096 0.1143191  0.11759327
 0.09271848 0.10363678 0.08991654 0.11072937 0.10878011 0.10380697
 0.09663395 0.10583134 0.11104792 0.09121531 0.11786754 0.11380858
 0.09537259 0.10806532 0.10973121 0.10192147 0.09704089 0.10754179
 0.09824284 0.10468611 0.11226133 0.10086691 0.10739857 0.10248632
 0.10267627 0.08635763 0.09974427 0.108032   0.09801021 0.09868891
 0.0983177  0.10624954 0.09895923 0.10602763 0.09878572 0.10225333
 0.11065932 0.10123185 0.09394584 0.09802915 0.09903198 0.10878409
 0.09638349 0.10624972 0.11212361 0.09826146 0.10260603 0.10236368
 0.11864378 0.09426513 0.10128373 0.10173124 0.09927751 0.10379205
 0.10108458 0.11272743 0.08916597 0.09029819 0.10727276 0.10383989
 0.09591845 0.1083422  0.09168472 0.10507055 0.10956029 0.08933526
 0.10780703 0.10845104 0.09971962 0.1014678  0.11378304 0.09636856
 0.08970118 0.09964898 0.1166109  0.10552957 0.11324303 0.11104945
 0.1020191  0.10177649 0.10985434 0.10074087 0.10185887 0.10183286
 0.10200954 0.10753661 0.09907276 0.10475697 0.10382703 0.11269885
 0.10921914 0.10436814 0.09975321 0.0993116  0.11209457 0.09605593
 0.10214057 0.10274125 0.11696323 0.10227355 0.09817702 0.10494941
 0.1002411  0.10044286 0.10232624 0.1037295  0.10818171 0.10163445
 0.11147105 0.10257558]
partlycloudy
BERT
[0.7769649  0.7802767  0.779336   0.77704245 0.78206944 0.78088486
 0.77896786 0.7790937  0.77759886 0.7792788  0.77913314 0.779691
 0.7792385  0.7792871  0.7799388  0.7798543  0.7801664  0.77783144
 0.7780121  0.7804923  0.7825352  0.7797398  0.7833346  0.7797347
 0.7783838  0.77825654 0.7759283  0.7799865  0.7775907  0.77874535
 0.7802446  0.7811944  0.7824127  0.7809894  0.7808572  0.77869254
 0.78185123 0.77864593 0.77934945 0.77964455 0.78099203 0.78287065
 0.7750669  0.7794213  0.77777886 0.7795713  0.78242815 0.7821732
 0.77864224 0.7782473  0.77822423 0.7789823  0.77905506 0.77892
 0.7800647  0.7805748  0.7787908  0.77965534 0.7802354  0.7825297
 0.78011423 0.77876484 0.78386277 0.7830568  0.78040826 0.78110886
 0.7797457  0.78190047 0.7783045  0.780987   0.779743   0.78034204
 0.77882785 0.7798764  0.7785276  0.7782091  0.7798178  0.7809931
 0.7819871  0.77962923 0.7820696  0.7771432  0.7803269  0.7828282
 0.7778593  0.7759071  0.7809578  0.7803332  0.78017193 0.7805603
 0.7797773  0.7803273  0.77952546 0.781135   0.7798548  0.7786142
 0.7787247  0.781278   0.7801837  0.77868617 0.7809261  0.7806095
 0.77868265 0.78192747 0.7825913  0.7807587  0.7772354  0.77983886
 0.7788602  0.7768437  0.7805263  0.7796179  0.77688986 0.7807893
 0.7820486  0.77876854 0.7774989  0.7798049  0.7832415  0.78162515
 0.78041786 0.7804183  0.7795321  0.77997136 0.78182876 0.77905077
 0.779658   0.77993107 0.7790518  0.78006464 0.7797012  0.7796646
 0.7770724  0.77842116 0.7793574  0.7801626  0.7762507  0.7794407
 0.7793274  0.7786952  0.7806319  0.77966833 0.7778598  0.7802303
 0.77987194 0.7814766  0.7772497  0.7794197  0.778658   0.77937126
 0.77912843 0.778976   0.7799458  0.7799316  0.78017783 0.7791732
 0.77884096 0.78129196 0.7784655  0.78022224 0.77884996 0.77812713
 0.7786663  0.7789227  0.7805207  0.7798148  0.7786199  0.7845837
 0.7839289  0.7787351  0.7809451  0.7811159  0.77956295 0.7803166
 0.77798486 0.7814549  0.7798255  0.7795641  0.78106797 0.78161144
 0.7800448  0.77960217 0.7791451  0.78364766 0.78184044 0.7777074
 0.78036416 0.7807153  0.7843503  0.77881277 0.78075475 0.7809799
 0.779034   0.7780205  0.77938354 0.7801897  0.7788162  0.77853197
 0.78155494 0.7774781 ]
[nltk_data] Downloading package wordnet to /mnt/iusers01/fse-
[nltk_data]     ugpgt01/compsci01/q12628ct/nltk_data...
[nltk_data]   Package wordnet is already up-to-date!
[nltk_data] Downloading package punkt_tab to /mnt/iusers01/fse-
[nltk_data]     ugpgt01/compsci01/q12628ct/nltk_data...
[nltk_data]   Package punkt_tab is already up-to-date!
[nltk_data] Downloading package omw-1.4 to /mnt/iusers01/fse-
[nltk_data]     ugpgt01/compsci01/q12628ct/nltk_data...
[nltk_data]   Package omw-1.4 is already up-to-date!
/mnt/iusers01/fse-ugpgt01/compsci01/q12628ct/.conda/envs/semantic-decoding/lib/python3.10/site-packages/huggingface_hub/file_download.py:945: FutureWarning: `resume_download` is deprecated and will be removed in version 1.0.0. Downloads always resume when possible. If you want to force a new download, use `force_download=True`.
  warnings.warn(
Some weights of the model checkpoint at roberta-large were not used when initializing RobertaModel: ['lm_head.dense.weight', 'lm_head.bias', 'lm_head.layer_norm.weight', 'lm_head.layer_norm.bias', 'lm_head.dense.bias']
- This IS expected if you are initializing RobertaModel from the checkpoint of a model trained on another task or with another architecture (e.g. initializing a BertForSequenceClassification model from a BertForPreTraining model).
- This IS NOT expected if you are initializing RobertaModel from the checkpoint of a model that you expect to be exactly identical (initializing a BertForSequenceClassification model from a BertForSequenceClassification model).
Some weights of RobertaModel were not initialized from the model checkpoint at roberta-large and are newly initialized: ['roberta.pooler.dense.bias', 'roberta.pooler.dense.weight']
You should probably TRAIN this model on a down-stream task to be able to use it for predictions and inference.
laluna
WER
[-0.04567346 -0.04763696 -0.05160725 -0.04432988 -0.05452655 -0.05073756
 -0.05476651 -0.05405063 -0.0538529  -0.04747511 -0.04606653 -0.04883629
 -0.04936492 -0.04758259 -0.05598888 -0.05470234 -0.04841451 -0.04784027
 -0.05455731 -0.04705932 -0.05314899 -0.04504109 -0.05148629 -0.04796825
 -0.04966494 -0.05198104 -0.0466324  -0.04745219 -0.05186285 -0.04014638
 -0.054408   -0.04903406 -0.05750251 -0.05141571 -0.05174928 -0.05259091
 -0.05249902 -0.04826349 -0.04464494 -0.05603735 -0.05443719 -0.05031448
 -0.0509396  -0.04900601 -0.04669496 -0.05162659 -0.04656594 -0.03972729
 -0.04984041 -0.0569654  -0.04821965 -0.04414469 -0.05067517 -0.05195707
 -0.04454454 -0.0568744  -0.05356297 -0.04678075 -0.05420406 -0.05140583
 -0.0517784  -0.0511555  -0.04890295 -0.04743018 -0.04798035 -0.04942489
 -0.05053602 -0.04827148 -0.0487287  -0.04507977 -0.05410644 -0.04614092
 -0.04472638 -0.05206138 -0.05031082 -0.0485131  -0.04355486 -0.0551918
 -0.05210657 -0.05211879 -0.05218462 -0.05291349 -0.05547515 -0.05724669
 -0.05084925 -0.05014117 -0.05441    -0.05127185 -0.06117443 -0.05151884
 -0.05510995 -0.05635847 -0.04549784 -0.04612295 -0.05649383 -0.05013465
 -0.05818953 -0.05348524 -0.04599646 -0.04080696 -0.04780363 -0.04623303
 -0.05229698 -0.05808046 -0.05657023 -0.05309697 -0.05259155 -0.03648929
 -0.04785809 -0.04693495 -0.06104984 -0.0504106  -0.04904717 -0.04830634
 -0.04619499 -0.05238372 -0.05162156 -0.04004459 -0.05106564 -0.05138227
 -0.05089868 -0.04571948 -0.05349983 -0.04862421 -0.04153771 -0.05385852
 -0.04633947 -0.05070058 -0.04004813 -0.04012979 -0.03836188 -0.04997471
 -0.05442929 -0.04173831 -0.05454482 -0.05214842 -0.04430284 -0.0520816
 -0.05047313 -0.05707662 -0.05476701 -0.05112343 -0.04413563 -0.05037617
 -0.04222828 -0.04525529 -0.04474692 -0.04511522 -0.04859193 -0.0506205
 -0.05289478 -0.04600209 -0.05259245 -0.0475246  -0.04391075 -0.05361523
 -0.04557812 -0.05242161 -0.05040175 -0.0494075  -0.05342555 -0.03891338
 -0.04146109 -0.05225573 -0.05654767 -0.04914284 -0.05458944 -0.05216086
 -0.04951177 -0.05077815 -0.05221308 -0.05116162 -0.0470468  -0.05036945
 -0.06219526 -0.04949067 -0.05467648 -0.05131998 -0.05106539 -0.04701995
 -0.05202418 -0.05309588 -0.04850474 -0.04262151 -0.05022827 -0.04963658
 -0.0502039  -0.04983646 -0.05214403 -0.0526834  -0.05195153 -0.04792378
 -0.04902314 -0.05045448 -0.04265515 -0.04721206 -0.05578928 -0.04661083
 -0.04913109 -0.05137486]
laluna
BLEU
[0.12710075 0.12206883 0.128845   0.12800556 0.11132729 0.11404129
 0.12075527 0.11979358 0.12294717 0.1294801  0.13796349 0.11139632
 0.12782896 0.12407611 0.12520285 0.11987663 0.13726527 0.11924611
 0.11096396 0.12412443 0.12293032 0.13728047 0.14109494 0.12944716
 0.12224289 0.12675544 0.1261132  0.12907718 0.12756596 0.13594142
 0.12617387 0.11811632 0.10685316 0.12803687 0.12726616 0.12354385
 0.12604958 0.13979714 0.13820772 0.11874624 0.12377568 0.12629625
 0.13873365 0.13918292 0.13450871 0.11936388 0.13398436 0.1427519
 0.12128106 0.10587442 0.13346645 0.13557259 0.1199838  0.1251032
 0.13785366 0.11258297 0.125982   0.12798164 0.1206393  0.11828362
 0.12243247 0.12066939 0.13028617 0.12520128 0.13405172 0.12242294
 0.11874579 0.13459566 0.13377287 0.13346901 0.12718974 0.13372429
 0.11990929 0.11811551 0.11789179 0.11482242 0.12892575 0.11796822
 0.12250586 0.1072303  0.11038826 0.11302095 0.11761671 0.12681484
 0.12620316 0.13152877 0.1181538  0.11739296 0.10816278 0.12408549
 0.11791414 0.11943372 0.13662861 0.12732674 0.11077938 0.13106968
 0.11719022 0.12076241 0.13245877 0.13941266 0.11946614 0.12196524
 0.12285016 0.1181618  0.11695644 0.11869569 0.13143721 0.13882431
 0.13629028 0.13902495 0.10447944 0.13061744 0.12724269 0.13348923
 0.14413225 0.1164399  0.12011187 0.16046722 0.11628777 0.12137704
 0.11854215 0.1315598  0.12032887 0.12586223 0.13406208 0.12674704
 0.13559486 0.13392685 0.12581531 0.14741911 0.13471212 0.12731598
 0.12169608 0.15026635 0.12055599 0.12166721 0.13930567 0.12803697
 0.11647578 0.11166538 0.11327866 0.13086784 0.13098183 0.12156511
 0.1275198  0.13868378 0.13270029 0.13990704 0.13611326 0.11813487
 0.12654104 0.12691028 0.10969837 0.13351811 0.13405316 0.11944228
 0.14267515 0.12281047 0.11962073 0.13077054 0.12128783 0.14614368
 0.13562217 0.12148473 0.11295072 0.12900782 0.11575682 0.1277929
 0.12249381 0.12708575 0.12566495 0.12304647 0.13701738 0.11864328
 0.10199264 0.11846023 0.11360599 0.12493178 0.12670675 0.15148007
 0.12624507 0.11804151 0.14041343 0.13748533 0.12297956 0.12589579
 0.1067944  0.12827956 0.10890503 0.11836526 0.11296027 0.13088091
 0.12970894 0.12310394 0.14424772 0.1325784  0.11794545 0.12898309
 0.1355607  0.12341999]
laluna
METEOR
[0.09390927 0.0916853  0.09668516 0.10202184 0.08511507 0.08401353
 0.09062482 0.08869419 0.10023717 0.09139758 0.09803167 0.08434236
 0.09435862 0.0966036  0.09215893 0.08828432 0.09830303 0.08879228
 0.08707885 0.09287905 0.09034846 0.10056171 0.10097    0.09290769
 0.09178296 0.09691316 0.0954394  0.09253975 0.09196025 0.10188907
 0.09095966 0.08609096 0.08273471 0.09276482 0.09313294 0.09329733
 0.09271011 0.10003132 0.09905536 0.09210336 0.08680851 0.09137226
 0.09724626 0.09811603 0.09797779 0.09445579 0.09661479 0.10288491
 0.08578688 0.07822676 0.09817245 0.10418076 0.08542636 0.09508545
 0.09600655 0.08898432 0.09088554 0.09282882 0.08913932 0.09244935
 0.09046173 0.08884621 0.09241501 0.09526983 0.10143772 0.09519872
 0.09403261 0.09821385 0.09643709 0.0970587  0.08856877 0.09793507
 0.0885341  0.08643762 0.09005265 0.08630769 0.09353875 0.08561058
 0.08879951 0.08337456 0.08619068 0.08769646 0.08770216 0.09344224
 0.09133899 0.09700671 0.08660647 0.09023849 0.08417677 0.09421146
 0.08911217 0.08829177 0.09804509 0.09474212 0.085359   0.09687349
 0.09251304 0.08732    0.09489823 0.10130897 0.08863748 0.09591396
 0.0956644  0.08986341 0.08463969 0.09528342 0.09627922 0.10461215
 0.0943519  0.1022611  0.07777517 0.09532566 0.09030639 0.09729143
 0.10226774 0.09303956 0.08797681 0.1130501  0.09131595 0.08779043
 0.09027113 0.09644816 0.08851321 0.09082286 0.10256061 0.09086993
 0.10322525 0.0925312  0.10259811 0.1028755  0.0989874  0.09402847
 0.09029005 0.10265788 0.08646006 0.08814329 0.09897591 0.09737623
 0.08515435 0.08664873 0.08891147 0.09765827 0.09475458 0.09421548
 0.09287798 0.09724051 0.09735902 0.10452095 0.09974976 0.09006402
 0.09304014 0.09707053 0.08272821 0.0984027  0.09592598 0.08761545
 0.10407789 0.0944138  0.08768959 0.09790776 0.09017219 0.10536643
 0.0951387  0.09461725 0.09044851 0.09551265 0.08448457 0.08969872
 0.09623978 0.09003893 0.0963096  0.08918243 0.0962179  0.08441694
 0.08153301 0.08785656 0.08535886 0.09183814 0.0922798  0.11265369
 0.09914276 0.09134624 0.0998773  0.10109829 0.08787049 0.08966722
 0.08483436 0.09688114 0.08184231 0.08403423 0.08570075 0.09706645
 0.09641748 0.08690797 0.10124323 0.09721837 0.09007839 0.0959501
 0.10274118 0.09572634]
laluna
BERT
[0.78525746 0.78510684 0.7847279  0.78512454 0.78280133 0.7826427
 0.78504634 0.7861433  0.7822785  0.78385264 0.78251517 0.7828201
 0.7831662  0.783989   0.7803883  0.7851499  0.7855313  0.7825683
 0.78260696 0.78140885 0.7817968  0.78771514 0.7848684  0.784093
 0.7830091  0.78410757 0.78346646 0.78225976 0.7846819  0.7830163
 0.7813623  0.78426033 0.78033966 0.7847147  0.78119963 0.78412473
 0.7837508  0.7852851  0.7854687  0.7848728  0.7830335  0.7831241
 0.78559124 0.786674   0.78366363 0.7836964  0.7838153  0.7877105
 0.78269494 0.7839086  0.7887155  0.78679174 0.7818261  0.78313583
 0.7850657  0.7806402  0.7884491  0.78526735 0.7821227  0.78391767
 0.78435063 0.7835112  0.78478503 0.78259754 0.7851869  0.7834102
 0.78330564 0.7834867  0.78453004 0.7852455  0.7810165  0.7838203
 0.7834626  0.7848615  0.7848081  0.78338736 0.7828298  0.7838939
 0.7819944  0.7829939  0.7810404  0.7839765  0.78273106 0.78412545
 0.78514445 0.78387785 0.7814212  0.7820087  0.7825894  0.7844392
 0.78233147 0.78248197 0.78753126 0.78550833 0.78487635 0.7828303
 0.78294766 0.7817169  0.78173184 0.78809524 0.7857914  0.7842495
 0.7850172  0.7827344  0.7846862  0.78342396 0.7855218  0.7865813
 0.7834063  0.7836799  0.7825823  0.783262   0.78589976 0.78644544
 0.78391284 0.78510225 0.78172314 0.7862621  0.782829   0.7844943
 0.7829021  0.78443784 0.7818749  0.78463393 0.7839208  0.785596
 0.78836685 0.78425235 0.7868303  0.7879898  0.7850276  0.7807339
 0.78351897 0.7860377  0.782684   0.7816353  0.78558886 0.78480864
 0.7826059  0.78008085 0.7833995  0.7810151  0.78624934 0.78245616
 0.7803626  0.7855784  0.7835437  0.7854454  0.7853377  0.78624326
 0.7836941  0.78573644 0.78085095 0.785683   0.78299826 0.7847187
 0.7860276  0.7829649  0.7849736  0.78364956 0.7829601  0.785059
 0.78364474 0.7848615  0.78259647 0.7848164  0.78224796 0.78370494
 0.7842102  0.7832348  0.7821259  0.78384084 0.78242993 0.7842809
 0.7858383  0.78268516 0.7832256  0.7830512  0.7869445  0.7853082
 0.7849177  0.78454477 0.7847334  0.78444725 0.78397006 0.7819782
 0.78063244 0.7857562  0.78157157 0.78292507 0.7846806  0.78514045
 0.78573006 0.78351945 0.78452283 0.78573304 0.78426415 0.7844191
 0.78278923 0.7844145 ]
[nltk_data] Downloading package wordnet to /mnt/iusers01/fse-
[nltk_data]     ugpgt01/compsci01/q12628ct/nltk_data...
[nltk_data]   Package wordnet is already up-to-date!
[nltk_data] Downloading package punkt_tab to /mnt/iusers01/fse-
[nltk_data]     ugpgt01/compsci01/q12628ct/nltk_data...
[nltk_data]   Package punkt_tab is already up-to-date!
[nltk_data] Downloading package omw-1.4 to /mnt/iusers01/fse-
[nltk_data]     ugpgt01/compsci01/q12628ct/nltk_data...
[nltk_data]   Package omw-1.4 is already up-to-date!
/mnt/iusers01/fse-ugpgt01/compsci01/q12628ct/.conda/envs/semantic-decoding/lib/python3.10/site-packages/huggingface_hub/file_download.py:945: FutureWarning: `resume_download` is deprecated and will be removed in version 1.0.0. Downloads always resume when possible. If you want to force a new download, use `force_download=True`.
  warnings.warn(
Some weights of the model checkpoint at roberta-large were not used when initializing RobertaModel: ['lm_head.layer_norm.weight', 'lm_head.layer_norm.bias', 'lm_head.dense.weight', 'lm_head.bias', 'lm_head.dense.bias']
- This IS expected if you are initializing RobertaModel from the checkpoint of a model trained on another task or with another architecture (e.g. initializing a BertForSequenceClassification model from a BertForPreTraining model).
- This IS NOT expected if you are initializing RobertaModel from the checkpoint of a model that you expect to be exactly identical (initializing a BertForSequenceClassification model from a BertForSequenceClassification model).
Some weights of RobertaModel were not initialized from the model checkpoint at roberta-large and are newly initialized: ['roberta.pooler.dense.weight', 'roberta.pooler.dense.bias']
You should probably TRAIN this model on a down-stream task to be able to use it for predictions and inference.
attend-M
WER
[0.05085982 0.05172836 0.04719937 0.04844125 0.05018895 0.05331677
 0.06050802 0.05573909 0.04830948 0.05496038 0.05197658 0.05400877
 0.05143821 0.05486775 0.04645791 0.05262034 0.0533453  0.052835
 0.04718777 0.05150285 0.05551438 0.05451326 0.04502414 0.05162025
 0.05999486 0.05023925 0.05838979 0.05198614 0.0569661  0.04936257
 0.0501779  0.05380034 0.04891363 0.05084808 0.05080537 0.05131695
 0.04845281 0.05158614 0.05433647 0.05666921 0.05135393 0.04610497
 0.05849447 0.04629094 0.05126753 0.06056439 0.05060307 0.05199955
 0.05149795 0.04671681 0.0490887  0.04867781 0.05042328 0.05637633
 0.05242424 0.05911237 0.05523841 0.05219218 0.05762166 0.0531325
 0.05121536 0.05058525 0.05693197 0.0550091  0.06198473 0.04780139
 0.0512421  0.05611844 0.05203676 0.05147095 0.04860341 0.04498613
 0.0508542  0.05423763 0.04832644 0.05085364 0.05512233 0.05080321
 0.05841982 0.04303314 0.05606504 0.04657991 0.04827271 0.0594535
 0.04546555 0.04870615 0.05658401 0.04630202 0.04698589 0.0537734
 0.05544903 0.05610766 0.0468175  0.04551282 0.0580222  0.05334563
 0.04897162 0.05479948 0.05267372 0.04933047 0.05611456 0.05039178
 0.04927652 0.05381227 0.0477424  0.04504424 0.0451296  0.05633962
 0.05178628 0.05121774 0.05731334 0.0443538  0.04870512 0.05456398
 0.04490584 0.04799371 0.05362434 0.05532938 0.05556076 0.05051195
 0.05351114 0.04968042 0.0458611  0.05290948 0.05193435 0.04957694
 0.05552761 0.04027663 0.05542793 0.05319335 0.05814393 0.04799175
 0.05021222 0.04676543 0.05288864 0.05607464 0.04910044 0.0502814
 0.05559878 0.04804057 0.05765998 0.0532316  0.05363092 0.04902533
 0.04868507 0.05482278 0.05106419 0.06167021 0.04145307 0.05079897
 0.05277793 0.04870338 0.05128505 0.04121684 0.0566339  0.05816289
 0.04307848 0.04331874 0.04916604 0.05370102 0.05211302 0.05452263
 0.05534663 0.05564868 0.04992918 0.0492566  0.05806648 0.05519733
 0.05205059 0.05752791 0.05666114 0.05934366 0.04694208 0.05550302
 0.04700019 0.05292031 0.04466885 0.04536528 0.05373933 0.04958229
 0.05510744 0.04971987 0.05008129 0.05277877 0.04853204 0.05553187
 0.05203874 0.05253073 0.04657806 0.05172541 0.05230537 0.04591565
 0.05295619 0.05019268 0.05231204 0.05285147 0.04904188 0.05004395
 0.0568699  0.05194795]
attend-M
BLEU
[0.18651071 0.18537185 0.1862506  0.1799763  0.18284729 0.19378151
 0.19193633 0.18174213 0.17664327 0.18759736 0.19266323 0.1913862
 0.19441888 0.20060688 0.17923666 0.17893726 0.17622838 0.18171249
 0.18708473 0.18921295 0.18968589 0.18384336 0.17529838 0.18519215
 0.19404473 0.16561931 0.20369812 0.19584346 0.1999966  0.19901686
 0.18373402 0.19012304 0.19629734 0.18600838 0.19658776 0.19314862
 0.19113641 0.18471318 0.1979746  0.20043289 0.1929735  0.16347818
 0.20845391 0.18419391 0.18200501 0.20233414 0.18862169 0.18627558
 0.19242936 0.17875695 0.17523732 0.17847458 0.18723197 0.20645638
 0.18712143 0.2114116  0.19154979 0.20009711 0.20155559 0.1769546
 0.19241057 0.20591337 0.19206954 0.20769896 0.20189588 0.19398003
 0.18899295 0.19610388 0.18230298 0.19270834 0.1794065  0.18159403
 0.18741166 0.19119863 0.18594352 0.18301805 0.1929227  0.17894864
 0.20596463 0.16547336 0.19360006 0.18148239 0.19707921 0.19484945
 0.19267848 0.19505856 0.19175734 0.17762791 0.17187328 0.18968903
 0.18199512 0.20538153 0.18948573 0.17441663 0.18936941 0.19480669
 0.18375389 0.20206457 0.19368214 0.17148689 0.18983999 0.17427433
 0.19197795 0.20605284 0.20151966 0.17025828 0.19176998 0.18782751
 0.18963801 0.18411994 0.18636911 0.18426919 0.18097833 0.19194319
 0.18050919 0.19065165 0.19034767 0.19592063 0.18519581 0.18042907
 0.18360202 0.19741557 0.17960331 0.19577203 0.18816486 0.19393386
 0.18540544 0.18209534 0.18841229 0.18998703 0.18949519 0.17978163
 0.18389693 0.18060861 0.18707941 0.19941907 0.17855201 0.19138697
 0.19920867 0.17701649 0.1840142  0.18358548 0.18644956 0.17506305
 0.1868255  0.19565579 0.19105275 0.19032508 0.15965157 0.18192904
 0.19784121 0.18934205 0.18845918 0.18449749 0.19784331 0.19384668
 0.181289   0.18363498 0.18833633 0.18866582 0.1944525  0.19136638
 0.18861603 0.19997192 0.18931971 0.17920373 0.19626309 0.19483328
 0.20010849 0.18369056 0.20378445 0.19636644 0.18732831 0.19836611
 0.17731921 0.19960827 0.1849364  0.17794273 0.19871261 0.18872234
 0.18919223 0.19366756 0.18061132 0.18693235 0.17002839 0.18471027
 0.18900545 0.20653621 0.17492568 0.1786611  0.19672026 0.18831532
 0.18554143 0.18605384 0.17923956 0.1829662  0.18887499 0.20269077
 0.21168678 0.18843665]
attend-M
METEOR
[0.13861675 0.13319582 0.13173851 0.13136818 0.13431365 0.13778543
 0.12906438 0.13227049 0.13255334 0.13019883 0.13503287 0.1333782
 0.14199035 0.14112302 0.1342235  0.12918717 0.12444214 0.13633805
 0.13188143 0.1303716  0.14070326 0.13254344 0.13354254 0.12833935
 0.1369872  0.12263639 0.14339534 0.14200204 0.14161492 0.1341404
 0.13032802 0.13567177 0.1382802  0.12980325 0.13882637 0.1370269
 0.12944857 0.13463298 0.13590767 0.14040078 0.13514205 0.12031892
 0.14296617 0.13354838 0.1335899  0.13808868 0.13090443 0.12981931
 0.13464084 0.12791647 0.12551104 0.13552112 0.12917015 0.14390253
 0.13879329 0.15112498 0.13604271 0.13922903 0.14222212 0.13182567
 0.13210383 0.14695181 0.13580002 0.1467646  0.14459641 0.12973626
 0.13831851 0.13632175 0.1409188  0.13607861 0.13360843 0.1301274
 0.13118157 0.13527417 0.1318059  0.13312415 0.13819936 0.13050918
 0.14510003 0.1209044  0.13450952 0.12892504 0.13779951 0.13678272
 0.13838203 0.13903058 0.13647709 0.12761625 0.12226969 0.13457096
 0.13161204 0.14707878 0.13482962 0.12682925 0.13834356 0.13961205
 0.12754184 0.14520122 0.14037938 0.12808531 0.13443072 0.13259395
 0.13227354 0.15005081 0.1391149  0.12746089 0.13379531 0.1333147
 0.14131242 0.11923498 0.1315242  0.13283879 0.1340433  0.135821
 0.12873877 0.13492675 0.13801448 0.14227818 0.1348748  0.13274375
 0.1342063  0.14025256 0.13477287 0.13683703 0.1354026  0.13088033
 0.13883536 0.13516818 0.13463437 0.12995279 0.13650858 0.13024624
 0.12890159 0.12774759 0.13463369 0.13947038 0.13288759 0.13749171
 0.14117704 0.13276448 0.13276151 0.13198414 0.13730319 0.1303199
 0.1328568  0.14336404 0.13953008 0.14073563 0.11817349 0.13279305
 0.14220305 0.13659329 0.14009756 0.13099191 0.14052404 0.13174913
 0.12692006 0.12606352 0.12891337 0.12733    0.13179595 0.13815363
 0.13721286 0.13766341 0.13394172 0.13133115 0.13679521 0.13947349
 0.13648025 0.13700382 0.14379877 0.13779144 0.13101397 0.1449441
 0.13317706 0.13694024 0.13490566 0.13507116 0.14082538 0.12664218
 0.13053305 0.13420835 0.12761092 0.13104905 0.12413832 0.13277588
 0.13298464 0.14595874 0.11760812 0.12771012 0.14500158 0.13807295
 0.12574564 0.13255939 0.12684885 0.143035   0.13829918 0.1368872
 0.15067216 0.1324967 ]
attend-M
BERT
[0.7896477  0.78767323 0.7876883  0.7873258  0.78759205 0.79062665
 0.7877676  0.7872885  0.78816867 0.7895438  0.7875029  0.78803486
 0.7895532  0.79053575 0.7914008  0.7878116  0.78734225 0.78635895
 0.78876567 0.7884873  0.7873806  0.78829104 0.7899602  0.7870112
 0.7895192  0.7881025  0.7914143  0.789851   0.7889397  0.7892875
 0.7879056  0.7886304  0.7893439  0.7879542  0.7891818  0.78858
 0.7859046  0.78716636 0.78752095 0.7898442  0.7908502  0.7902612
 0.78916055 0.78822863 0.78815913 0.7895599  0.787785   0.7884683
 0.7882921  0.78827316 0.7873868  0.7867097  0.7882633  0.79043645
 0.7889457  0.7907308  0.7887041  0.78754866 0.7900441  0.78804415
 0.78914505 0.7901904  0.7895972  0.78959304 0.78827834 0.7886657
 0.786693   0.7889596  0.78759867 0.78855085 0.7871408  0.78637743
 0.78575075 0.7870167  0.787065   0.78805315 0.78942496 0.7870095
 0.786772   0.78621924 0.7891008  0.7870443  0.7897944  0.7904587
 0.78984654 0.7885245  0.7900168  0.7871043  0.78553224 0.7901806
 0.78715163 0.78798246 0.7885668  0.7877443  0.79059255 0.7867286
 0.78733736 0.78963566 0.79081285 0.78530365 0.7901045  0.78609514
 0.78876704 0.79181606 0.7873674  0.7892049  0.7896981  0.78860795
 0.7901513  0.7880156  0.78662914 0.7891063  0.7866828  0.7882686
 0.7886651  0.78593796 0.78755784 0.7895913  0.7867322  0.78838634
 0.7901568  0.7869413  0.7883543  0.78745526 0.7906754  0.7884777
 0.7884975  0.788023   0.7897739  0.79075927 0.79045683 0.78616226
 0.78861594 0.78837407 0.78791255 0.7898102  0.7878427  0.7871829
 0.79100513 0.7865972  0.78844386 0.7901513  0.7864534  0.7865661
 0.7889376  0.7896557  0.7890395  0.78751624 0.78616893 0.7906961
 0.7887898  0.78753    0.78789276 0.78809077 0.7886497  0.7896304
 0.7865019  0.7870158  0.7852566  0.78936845 0.78839904 0.7907648
 0.7886282  0.78690916 0.7886684  0.7866269  0.7898045  0.7879376
 0.7886882  0.7871895  0.7894247  0.79000634 0.78779846 0.7874674
 0.7867867  0.789397   0.7880654  0.7879711  0.7900695  0.7867844
 0.78833276 0.7887303  0.78782725 0.79030323 0.78900874 0.79069424
 0.7882883  0.79072315 0.7865683  0.7886686  0.7900586  0.78818434
 0.78885835 0.7897706  0.7879682  0.7901992  0.78827256 0.7903413
 0.790468   0.78649426]
[nltk_data] Downloading package wordnet to /mnt/iusers01/fse-
[nltk_data]     ugpgt01/compsci01/q12628ct/nltk_data...
[nltk_data]   Package wordnet is already up-to-date!
[nltk_data] Downloading package punkt_tab to /mnt/iusers01/fse-
[nltk_data]     ugpgt01/compsci01/q12628ct/nltk_data...
[nltk_data]   Package punkt_tab is already up-to-date!
[nltk_data] Downloading package omw-1.4 to /mnt/iusers01/fse-
[nltk_data]     ugpgt01/compsci01/q12628ct/nltk_data...
[nltk_data]   Package omw-1.4 is already up-to-date!
/mnt/iusers01/fse-ugpgt01/compsci01/q12628ct/.conda/envs/semantic-decoding/lib/python3.10/site-packages/huggingface_hub/file_download.py:945: FutureWarning: `resume_download` is deprecated and will be removed in version 1.0.0. Downloads always resume when possible. If you want to force a new download, use `force_download=True`.
  warnings.warn(
Some weights of the model checkpoint at roberta-large were not used when initializing RobertaModel: ['lm_head.layer_norm.bias', 'lm_head.bias', 'lm_head.dense.bias', 'lm_head.layer_norm.weight', 'lm_head.dense.weight']
- This IS expected if you are initializing RobertaModel from the checkpoint of a model trained on another task or with another architecture (e.g. initializing a BertForSequenceClassification model from a BertForPreTraining model).
- This IS NOT expected if you are initializing RobertaModel from the checkpoint of a model that you expect to be exactly identical (initializing a BertForSequenceClassification model from a BertForSequenceClassification model).
Some weights of RobertaModel were not initialized from the model checkpoint at roberta-large and are newly initialized: ['roberta.pooler.dense.bias', 'roberta.pooler.dense.weight']
You should probably TRAIN this model on a down-stream task to be able to use it for predictions and inference.
attend-F
WER
[-0.2004273  -0.19419559 -0.19046661 -0.19197253 -0.18919638 -0.17886147
 -0.18718623 -0.2063284  -0.19570211 -0.18623259 -0.19261974 -0.18495151
 -0.18665255 -0.19847155 -0.21106227 -0.18936671 -0.1979358  -0.18790705
 -0.19416716 -0.18459578 -0.20013884 -0.1972299  -0.18551567 -0.18643008
 -0.19253204 -0.20114619 -0.19200954 -0.18497929 -0.18495264 -0.18986581
 -0.19456686 -0.20097801 -0.18837033 -0.20126021 -0.18705449 -0.1852315
 -0.19545253 -0.19097185 -0.19926822 -0.19394729 -0.1951396  -0.19142941
 -0.18781092 -0.19023672 -0.18371493 -0.19835618 -0.20239879 -0.18345496
 -0.19780078 -0.19102491 -0.19192948 -0.19021442 -0.19728547 -0.1839827
 -0.19141944 -0.19275813 -0.1835182  -0.19597302 -0.19179442 -0.1963144
 -0.19876732 -0.18416569 -0.19633601 -0.1884681  -0.19160266 -0.19868772
 -0.19062993 -0.19007579 -0.19290734 -0.20236256 -0.1851735  -0.18826654
 -0.18386617 -0.19578442 -0.19386891 -0.18787019 -0.20128168 -0.19128444
 -0.19573423 -0.17828306 -0.19255731 -0.19599775 -0.19136644 -0.20393002
 -0.19590656 -0.19329933 -0.18179719 -0.18701467 -0.1831263  -0.19058639
 -0.18423455 -0.18267139 -0.17541493 -0.19314906 -0.19080862 -0.1794827
 -0.20061126 -0.19874629 -0.18466261 -0.18778569 -0.19106246 -0.19749676
 -0.18916441 -0.19887205 -0.1897135  -0.19403209 -0.19324515 -0.19496607
 -0.19032447 -0.19458368 -0.20243931 -0.18914202 -0.18247347 -0.19405597
 -0.19233003 -0.18678853 -0.19998459 -0.19021723 -0.18997011 -0.19422444
 -0.19467361 -0.1960923  -0.19301605 -0.19184939 -0.2034793  -0.19385374
 -0.20125332 -0.19188233 -0.19447215 -0.19579588 -0.1910362  -0.19089261
 -0.19150612 -0.18835652 -0.18770956 -0.20159559 -0.19690167 -0.18123901
 -0.18058899 -0.18206699 -0.19449707 -0.1869434  -0.17539717 -0.18374269
 -0.19367424 -0.18545765 -0.20311718 -0.18052179 -0.1983403  -0.18396727
 -0.18981301 -0.20032463 -0.19300298 -0.19536197 -0.19510819 -0.19856609
 -0.19288246 -0.18018901 -0.18963723 -0.1910592  -0.19323324 -0.18814587
 -0.20018563 -0.18932413 -0.1928618  -0.18521183 -0.1883899  -0.19110232
 -0.19575989 -0.19355648 -0.20465959 -0.17813437 -0.18647922 -0.17813101
 -0.19328427 -0.19804007 -0.18851179 -0.19837032 -0.19649317 -0.19927731
 -0.1866041  -0.18979914 -0.18337813 -0.20172409 -0.17819006 -0.20027406
 -0.19016538 -0.19310528 -0.18799437 -0.20256622 -0.19660693 -0.19532227
 -0.19848487 -0.18474371 -0.19895393 -0.19191245 -0.18703128 -0.19239495
 -0.19190154 -0.18104975]
attend-F
BLEU
[0.1711198  0.20127681 0.19047055 0.19131179 0.18005958 0.20936983
 0.18569433 0.16686845 0.19567006 0.19862545 0.18686155 0.20475588
 0.18937003 0.18371002 0.15867994 0.18796357 0.17929339 0.17328394
 0.17528284 0.18048467 0.18359359 0.18666343 0.20945365 0.20088691
 0.19826842 0.17824366 0.19019291 0.20542044 0.18883781 0.17467268
 0.17831013 0.16560765 0.19337223 0.17043199 0.1859015  0.18327158
 0.18638914 0.17023015 0.16856762 0.19718485 0.16503047 0.18262443
 0.18790552 0.19518127 0.18884001 0.18969553 0.16935176 0.19123589
 0.19259427 0.18181241 0.19326779 0.18525121 0.17604414 0.17361013
 0.18363162 0.18042374 0.20418258 0.19003187 0.19137294 0.17277943
 0.1803176  0.19080128 0.19019717 0.19726621 0.20284018 0.16652525
 0.17378815 0.17970165 0.18744932 0.14212206 0.19306449 0.19898322
 0.17217169 0.18568115 0.16371909 0.18505675 0.16803042 0.18804612
 0.18304226 0.20420446 0.18218745 0.17447091 0.19457523 0.16938706
 0.17305091 0.19414505 0.20641475 0.18751784 0.19484927 0.17653113
 0.19691799 0.1969597  0.20240763 0.18651682 0.18952053 0.19803998
 0.1838902  0.1635813  0.1931971  0.20489666 0.1747038  0.17689902
 0.18822532 0.17183589 0.19194037 0.17376694 0.17845941 0.197693
 0.19765509 0.18349577 0.18170211 0.20331686 0.20436591 0.17364499
 0.1844011  0.18802778 0.19388761 0.18705606 0.1933301  0.18306324
 0.18168582 0.19406446 0.19251274 0.18435181 0.17363442 0.17381158
 0.17456357 0.18237938 0.16824146 0.19088353 0.19655426 0.1685413
 0.17948655 0.19356858 0.19142971 0.16690091 0.20277839 0.19876698
 0.19477762 0.20609049 0.1727382  0.20262444 0.19461397 0.1970102
 0.18885816 0.17774525 0.16953531 0.19502239 0.192792   0.20138482
 0.18280811 0.17714039 0.1919755  0.17806377 0.17390161 0.16510529
 0.17157643 0.19532508 0.19318221 0.18580734 0.16179355 0.18449263
 0.18286898 0.18955356 0.19499566 0.2037475  0.19341785 0.18908843
 0.18782699 0.18552524 0.16543794 0.19650521 0.20228752 0.20296076
 0.18051762 0.16994518 0.18240977 0.17948415 0.1849836  0.17727478
 0.18798502 0.20898013 0.1907739  0.17805961 0.20233106 0.18782432
 0.1774611  0.17832177 0.18909938 0.15095891 0.19447021 0.18099468
 0.17283407 0.18865826 0.18770402 0.18683686 0.18264371 0.1808995
 0.17107636 0.19502091]
attend-F
METEOR
[0.12660281 0.1512902  0.13882221 0.14422251 0.13279668 0.15709714
 0.13936298 0.12501868 0.14816347 0.14950941 0.14255416 0.15638932
 0.13900049 0.13220538 0.11607835 0.13787452 0.13928668 0.13599488
 0.12953052 0.13418986 0.14493594 0.14634647 0.15323914 0.1465435
 0.15219238 0.12887441 0.14592349 0.14965553 0.14004687 0.13407801
 0.13159985 0.1292795  0.14555143 0.12440535 0.14156246 0.13773285
 0.13908598 0.13100186 0.12795658 0.14400672 0.12132034 0.13936149
 0.13928251 0.14520285 0.14487161 0.1374406  0.1329739  0.14169306
 0.14228415 0.13472298 0.14531832 0.1327363  0.13059039 0.13397415
 0.13433032 0.13465415 0.14926352 0.13995525 0.14162565 0.13191978
 0.1371255  0.14740245 0.14261991 0.14247292 0.14498049 0.1199581
 0.13135844 0.13032396 0.13523986 0.11211501 0.1416353  0.14809588
 0.1262892  0.13007398 0.12423869 0.14437808 0.13356864 0.14325192
 0.13586561 0.15447269 0.13593458 0.12939991 0.15171279 0.12384388
 0.13076854 0.1413285  0.15594891 0.14333484 0.14102416 0.13181413
 0.14456731 0.14155218 0.15043588 0.14191403 0.14141579 0.14326086
 0.13470173 0.1212772  0.14449389 0.14868539 0.13168305 0.13144615
 0.13937281 0.1273075  0.14438783 0.13107657 0.14096031 0.14404431
 0.14137771 0.13215724 0.13144073 0.1540203  0.14943034 0.12387712
 0.1367772  0.13919263 0.14015685 0.14413616 0.13841407 0.13329487
 0.13532474 0.1387254  0.1353892  0.1334344  0.12446676 0.1337594
 0.12517092 0.13378556 0.12712186 0.13872771 0.14594441 0.13057684
 0.13123392 0.14764807 0.13926903 0.12620976 0.14976328 0.14531373
 0.14972438 0.15413584 0.13082659 0.14717262 0.14890375 0.14286686
 0.13681151 0.12917418 0.13995541 0.14415135 0.14118283 0.14803484
 0.13695631 0.13630106 0.14234993 0.13187105 0.12475233 0.12946517
 0.13052889 0.14922681 0.14276393 0.13589572 0.12360571 0.1378996
 0.13091509 0.14383648 0.1400491  0.15214215 0.14915574 0.14769373
 0.1402307  0.13706603 0.12167124 0.147075   0.15116053 0.15302396
 0.13086498 0.12551874 0.13427153 0.13754794 0.13954889 0.13274024
 0.13779395 0.15331772 0.14418179 0.13399165 0.14540943 0.14429314
 0.1354585  0.13120152 0.13619897 0.11403873 0.14054524 0.13217814
 0.13071892 0.14757255 0.13661649 0.13292112 0.13884484 0.13614488
 0.12748976 0.1472544 ]
attend-F
BERT
[0.7866369  0.7907085  0.7890643  0.7897552  0.7864832  0.78892505
 0.78947115 0.789498   0.78938186 0.7905046  0.79139775 0.7919792
 0.7896497  0.78827906 0.7868194  0.7888626  0.7896249  0.78733253
 0.7877393  0.7881807  0.7882157  0.78993374 0.7903776  0.78862995
 0.7869133  0.78862315 0.7887552  0.7913     0.78937477 0.7896619
 0.7897491  0.7872673  0.79040295 0.7864745  0.79052407 0.78928864
 0.7879166  0.7880035  0.78766304 0.78941876 0.78488606 0.7902625
 0.7905374  0.7894     0.7874431  0.7889014  0.78746617 0.78920066
 0.789838   0.78784955 0.789976   0.7888572  0.78773725 0.78930455
 0.7884303  0.79097694 0.7903941  0.7900428  0.7895725  0.7900936
 0.79063004 0.7888679  0.7892489  0.7910281  0.7891265  0.78663623
 0.7874173  0.7864745  0.78927815 0.7847642  0.7911101  0.78912437
 0.7878906  0.78775495 0.78916746 0.7899895  0.787513   0.7895398
 0.78826654 0.78887486 0.7910038  0.7872957  0.7887341  0.7871194
 0.7870457  0.78838253 0.7895923  0.7892465  0.78815085 0.789106
 0.7900625  0.78983593 0.7910048  0.7896605  0.78832334 0.78962606
 0.79035324 0.7879157  0.78959936 0.7892773  0.788559   0.7867509
 0.79057926 0.78719527 0.7900971  0.78746325 0.7880309  0.7892167
 0.7929603  0.78774846 0.7866629  0.79041183 0.7917791  0.7876373
 0.78920656 0.7881135  0.7877646  0.788917   0.79056525 0.78877735
 0.78827137 0.78974766 0.79117817 0.7895331  0.78572816 0.78625304
 0.79058176 0.78849393 0.7862577  0.7908779  0.79175    0.78927875
 0.7889868  0.79021955 0.7891743  0.78672004 0.7909717  0.7906869
 0.7909515  0.7888375  0.7884971  0.7909774  0.79017615 0.79052234
 0.7881374  0.7863093  0.7866106  0.79106957 0.7868307  0.7887006
 0.7909577  0.7885104  0.7906225  0.7898053  0.7889134  0.787385
 0.78848743 0.79003507 0.78828156 0.79056495 0.7872075  0.7877493
 0.7863921  0.78922176 0.7886023  0.79065883 0.7883178  0.7897785
 0.78683573 0.78997284 0.7886778  0.7891716  0.78879696 0.78801274
 0.79000056 0.78747267 0.78811353 0.7880998  0.78909355 0.7887943
 0.78708714 0.791281   0.79003865 0.7873556  0.79103506 0.7886041
 0.78663373 0.78748477 0.78861517 0.7854976  0.78810066 0.788757
 0.7902886  0.7906524  0.7882265  0.7868118  0.79153407 0.78942704
 0.7871948  0.7892988 ]
[nltk_data] Downloading package wordnet to /mnt/iusers01/fse-
[nltk_data]     ugpgt01/compsci01/q12628ct/nltk_data...
[nltk_data]   Package wordnet is already up-to-date!
[nltk_data] Downloading package punkt_tab to /mnt/iusers01/fse-
[nltk_data]     ugpgt01/compsci01/q12628ct/nltk_data...
[nltk_data]   Package punkt_tab is already up-to-date!
[nltk_data] Downloading package omw-1.4 to /mnt/iusers01/fse-
[nltk_data]     ugpgt01/compsci01/q12628ct/nltk_data...
[nltk_data]   Package omw-1.4 is already up-to-date!
/mnt/iusers01/fse-ugpgt01/compsci01/q12628ct/.conda/envs/semantic-decoding/lib/python3.10/site-packages/huggingface_hub/file_download.py:945: FutureWarning: `resume_download` is deprecated and will be removed in version 1.0.0. Downloads always resume when possible. If you want to force a new download, use `force_download=True`.
  warnings.warn(
Some weights of the model checkpoint at roberta-large were not used when initializing RobertaModel: ['lm_head.dense.weight', 'lm_head.layer_norm.weight', 'lm_head.layer_norm.bias', 'lm_head.dense.bias', 'lm_head.bias']
- This IS expected if you are initializing RobertaModel from the checkpoint of a model trained on another task or with another architecture (e.g. initializing a BertForSequenceClassification model from a BertForPreTraining model).
- This IS NOT expected if you are initializing RobertaModel from the checkpoint of a model that you expect to be exactly identical (initializing a BertForSequenceClassification model from a BertForSequenceClassification model).
Some weights of RobertaModel were not initialized from the model checkpoint at roberta-large and are newly initialized: ['roberta.pooler.dense.weight', 'roberta.pooler.dense.bias']
You should probably TRAIN this model on a down-stream task to be able to use it for predictions and inference.
alpha_repeat-1
WER
[-0.19273529 -0.19792473 -0.18950301 -0.1604403  -0.19256914 -0.18048346
 -0.21470369 -0.1886688  -0.17568754 -0.18578679 -0.20019587 -0.19249694
 -0.21831663 -0.15158905 -0.15717971 -0.18406224 -0.1955547  -0.15393926
 -0.16252626 -0.19189113 -0.17171638 -0.1636988  -0.20392585 -0.18800528
 -0.17464604 -0.21463956 -0.18774573 -0.1949859  -0.19334341 -0.18659026
 -0.15592017 -0.18602008 -0.20658917 -0.17661987 -0.18674686 -0.2077212
 -0.19888194 -0.19140802 -0.20154428 -0.19644655 -0.18482437 -0.19255499
 -0.1862824  -0.19332995 -0.21100739 -0.16632266 -0.17859305 -0.16930123
 -0.18613364 -0.19452239 -0.19319298 -0.17786241 -0.17601551 -0.20754091
 -0.17712276 -0.17211759 -0.19536501 -0.1894745  -0.17396203 -0.17143268
 -0.17667486 -0.17970458 -0.19591107 -0.2078242  -0.1803335  -0.17164807
 -0.1961034  -0.19453605 -0.2021641  -0.16923332 -0.20035643 -0.20785031
 -0.18238648 -0.17752073 -0.20753451 -0.18471829 -0.19242476 -0.18531678
 -0.16095747 -0.1743332  -0.1747171  -0.16151104 -0.20637347 -0.21036203
 -0.18429045 -0.18877823 -0.20884516 -0.18769196 -0.19649214 -0.1781466
 -0.17827229 -0.19697581 -0.1455779  -0.17157315 -0.20190034 -0.168622
 -0.18978365 -0.1904078  -0.22698832 -0.2107142  -0.1549217  -0.17277716
 -0.18717407 -0.18061376 -0.18009319 -0.18840944 -0.18626126 -0.17754529
 -0.17720174 -0.1962312  -0.19323573 -0.19628318 -0.15585909 -0.20374196
 -0.20613154 -0.17825699 -0.18998359 -0.2022448  -0.17415737 -0.18424167
 -0.19890475 -0.18380844 -0.19434051 -0.19956514 -0.17082014 -0.17606796
 -0.18223177 -0.17816539 -0.16379743 -0.16634005 -0.20289155 -0.16997987
 -0.18112874 -0.16860046 -0.19738559 -0.1984788  -0.18150355 -0.16281197
 -0.16201788 -0.15866326 -0.17684764 -0.18616559 -0.18333254 -0.18537361
 -0.19845897 -0.17808035 -0.19089776 -0.210144   -0.16609087 -0.16413766
 -0.217468   -0.16879054 -0.14204727 -0.1663104  -0.20353624 -0.17079833
 -0.18986349 -0.18828127 -0.14594198 -0.17310892 -0.19249755 -0.19156828
 -0.19131787 -0.16991471 -0.17904234 -0.21260647 -0.17202686 -0.21333147
 -0.16121778 -0.17378153 -0.19910015 -0.21825512 -0.19584796 -0.18234011
 -0.18205183 -0.17307966 -0.19942581 -0.20527745 -0.19992363 -0.18230109
 -0.18460077 -0.20448826 -0.20721817 -0.16499192 -0.17943446 -0.2123018
 -0.17484725 -0.19442174 -0.19295656 -0.19556867 -0.18589679 -0.15512179
 -0.21159796 -0.19491974 -0.16881177 -0.17679807 -0.13139616 -0.1909927
 -0.19678509 -0.18602756]
alpha_repeat-1
BLEU
[0.15303776 0.19661506 0.1760971  0.20212262 0.17791903 0.17633113
 0.15177126 0.23232125 0.21075527 0.21364099 0.18465229 0.1862627
 0.13023546 0.16495212 0.16880504 0.19824277 0.2007667  0.21570471
 0.22747628 0.19066574 0.2046441  0.20295304 0.14171197 0.20825488
 0.19282018 0.13764656 0.19616405 0.19987713 0.1774536  0.18507516
 0.21179789 0.18048762 0.15546319 0.22957687 0.19070452 0.12134176
 0.16174295 0.15708362 0.17949041 0.17588979 0.20995319 0.20524095
 0.18727793 0.18146786 0.20277586 0.21970557 0.20711529 0.19636624
 0.17261346 0.14397946 0.18828209 0.16338401 0.24172331 0.15312376
 0.19033545 0.21386206 0.19517815 0.16356973 0.24472207 0.20375355
 0.19478877 0.23248838 0.19446644 0.13456647 0.20340305 0.18482097
 0.18592709 0.17580119 0.19910298 0.22396448 0.1792577  0.1718932
 0.19527824 0.2063241  0.13239618 0.17252552 0.17453035 0.19105483
 0.24966545 0.21516368 0.2176777  0.21656671 0.14461436 0.16141932
 0.21151594 0.17447496 0.13359081 0.16676947 0.17802163 0.21665241
 0.19139737 0.16287557 0.21974613 0.23821434 0.15480758 0.22096348
 0.1660087  0.18283787 0.13716003 0.17343482 0.21808098 0.13758428
 0.22865553 0.16046925 0.19294401 0.14793904 0.1874711  0.18647124
 0.16821234 0.1406113  0.16694716 0.1830266  0.18605754 0.16630309
 0.15430954 0.21922098 0.16337155 0.13816659 0.16604958 0.22569415
 0.19954385 0.20406771 0.19183863 0.15335349 0.19523005 0.2033721
 0.22398837 0.18470342 0.2169383  0.21827488 0.14830342 0.22460401
 0.19470873 0.18443054 0.18730493 0.19217365 0.16227385 0.17136998
 0.20138312 0.18796759 0.1399659  0.20137188 0.18148096 0.16135889
 0.18671537 0.17293469 0.15306857 0.13802061 0.15731372 0.20047027
 0.13546598 0.1951446  0.24767102 0.18386391 0.1545866  0.19096366
 0.18499313 0.1548913  0.23817422 0.17399942 0.16001982 0.18007168
 0.21338947 0.18882182 0.21280061 0.16219913 0.19927712 0.13072557
 0.26910433 0.21846744 0.17778256 0.13459307 0.19818943 0.2343965
 0.17825648 0.18890562 0.20043812 0.18331713 0.15684856 0.20215824
 0.19972689 0.16331004 0.13339381 0.19944606 0.18902838 0.14853713
 0.18341533 0.21435928 0.1670123  0.18221169 0.18016504 0.22716632
 0.18577064 0.17975843 0.24738041 0.20213413 0.23264524 0.17472578
 0.18585741 0.15613904]
alpha_repeat-1
METEOR
[0.11345046 0.14405718 0.12557787 0.15107062 0.13675914 0.12394166
 0.10423036 0.16512835 0.14525766 0.15464356 0.12834636 0.14558319
 0.11413309 0.13984141 0.13918997 0.15181458 0.15091411 0.15680802
 0.1791478  0.14000672 0.15682042 0.16248459 0.10214677 0.13901614
 0.13689607 0.12400265 0.14968344 0.15814488 0.13279284 0.15152403
 0.15129177 0.14459638 0.12347586 0.17751536 0.1446228  0.10347209
 0.11725438 0.11724717 0.13018933 0.14052048 0.16274499 0.15139585
 0.12670344 0.12443796 0.14901505 0.14465952 0.14419354 0.14517019
 0.12801422 0.11933294 0.13327564 0.13487659 0.18833238 0.10901071
 0.14483649 0.15402488 0.1543966  0.11337362 0.17043601 0.15215691
 0.15428934 0.15241685 0.13724829 0.11325719 0.1395019  0.14842229
 0.13866034 0.13855116 0.15639454 0.14900472 0.14272536 0.1496795
 0.15063706 0.16198067 0.1058281  0.13136024 0.13751332 0.15170052
 0.18923324 0.16091677 0.16384311 0.17840754 0.11144728 0.12868275
 0.15755452 0.12736356 0.13460988 0.12397802 0.14839782 0.15583748
 0.14135783 0.11794624 0.1454283  0.16791344 0.11735448 0.1632632
 0.11866291 0.13736931 0.11435788 0.12732875 0.15205575 0.12208687
 0.15812522 0.11826674 0.13178768 0.12259524 0.15023728 0.15379021
 0.13237474 0.10490971 0.12771695 0.12989986 0.12712321 0.12571136
 0.11648314 0.16721144 0.10906507 0.10493749 0.13739386 0.16154816
 0.13784262 0.1548321  0.1365408  0.11287884 0.14691848 0.18601039
 0.15811665 0.1468371  0.15722753 0.18344138 0.11198642 0.17038215
 0.15099124 0.14541622 0.13915145 0.13446067 0.11951878 0.14270615
 0.14584618 0.15337548 0.10843926 0.15244034 0.14794721 0.14164978
 0.13689811 0.13871012 0.1329804  0.10620286 0.13891036 0.15636941
 0.09320924 0.15097304 0.19330719 0.11894577 0.12789325 0.14941014
 0.13775708 0.11245224 0.17791484 0.15086485 0.11016817 0.13814009
 0.16933814 0.14018951 0.14424806 0.11781446 0.15275686 0.08946268
 0.18345984 0.15182353 0.13261328 0.10804982 0.14234402 0.1907052
 0.13928548 0.13457247 0.16348844 0.13948029 0.12316039 0.15450789
 0.15394038 0.13062561 0.10459264 0.14090671 0.14522276 0.11988889
 0.13837732 0.14425292 0.12970798 0.13644216 0.14764419 0.1756806
 0.1311071  0.13219778 0.17573351 0.16975174 0.17659505 0.14383733
 0.14522836 0.12341715]
alpha_repeat-1
BERT
[0.7914652  0.7926478  0.7866049  0.79480267 0.79196036 0.7948136
 0.79624015 0.797549   0.79873985 0.79457694 0.79811656 0.79779655
 0.7936323  0.792279   0.79278255 0.79467124 0.7932414  0.7921773
 0.79546005 0.7969408  0.79701096 0.7924189  0.7954043  0.797661
 0.7994424  0.79315996 0.7951543  0.79281867 0.7940032  0.79432344
 0.794122   0.7962227  0.7892083  0.79602844 0.79502755 0.79404247
 0.79126877 0.79136825 0.7952113  0.79663986 0.79524946 0.8001498
 0.7961094  0.7936975  0.7968227  0.7994689  0.79423904 0.7950089
 0.797754   0.7884953  0.7952508  0.7923821  0.79489666 0.7884835
 0.7887388  0.79701436 0.80066615 0.793298   0.7955752  0.7960177
 0.7958678  0.79387116 0.7963389  0.79339284 0.7980901  0.7942521
 0.7940185  0.79783005 0.800853   0.79294133 0.7951312  0.8026254
 0.7966837  0.7966723  0.7905947  0.7934739  0.7933819  0.79804116
 0.79662657 0.7933713  0.7971276  0.7956982  0.78824866 0.7935446
 0.7952023  0.79629236 0.79033595 0.788451   0.79612684 0.7989432
 0.797284   0.79035103 0.79940265 0.8020801  0.7955813  0.7940312
 0.7893537  0.7939644  0.79555583 0.7938465  0.79925805 0.78701466
 0.7935404  0.79043376 0.793017   0.7923544  0.7949255  0.7943108
 0.7958392  0.79186827 0.79384845 0.7925496  0.79515874 0.7914666
 0.79283756 0.7939541  0.7939282  0.7920197  0.7913369  0.79768854
 0.793838   0.7964839  0.79421014 0.7931431  0.7921061  0.8001896
 0.79076254 0.79378724 0.79504246 0.7957414  0.7887271  0.79532737
 0.7960204  0.792671   0.79387665 0.79487854 0.79138    0.79523385
 0.7936536  0.79090947 0.79079956 0.7965742  0.79254496 0.79352933
 0.7936765  0.79240566 0.7910159  0.79026693 0.7945106  0.7942769
 0.78886527 0.79891    0.7928423  0.7961557  0.79089737 0.79146373
 0.7952647  0.7929909  0.79792273 0.79233617 0.79258096 0.7878497
 0.79599667 0.79472053 0.79602945 0.7911094  0.79915166 0.7911259
 0.799017   0.7995773  0.79351926 0.7889928  0.7928644  0.79998434
 0.79772174 0.795474   0.7952249  0.79529107 0.793326   0.79302895
 0.79651845 0.79379326 0.79691285 0.7938208  0.7958979  0.7939715
 0.792915   0.7941142  0.78569573 0.7905264  0.79257214 0.7973886
 0.79712015 0.8001079  0.7958658  0.79906684 0.7991331  0.7896949
 0.7928032  0.796832  ]
[nltk_data] Downloading package wordnet to /mnt/iusers01/fse-
[nltk_data]     ugpgt01/compsci01/q12628ct/nltk_data...
[nltk_data]   Package wordnet is already up-to-date!
[nltk_data] Downloading package punkt_tab to /mnt/iusers01/fse-
[nltk_data]     ugpgt01/compsci01/q12628ct/nltk_data...
[nltk_data]   Package punkt_tab is already up-to-date!
[nltk_data] Downloading package omw-1.4 to /mnt/iusers01/fse-
[nltk_data]     ugpgt01/compsci01/q12628ct/nltk_data...
[nltk_data]   Package omw-1.4 is already up-to-date!
/mnt/iusers01/fse-ugpgt01/compsci01/q12628ct/.conda/envs/semantic-decoding/lib/python3.10/site-packages/huggingface_hub/file_download.py:945: FutureWarning: `resume_download` is deprecated and will be removed in version 1.0.0. Downloads always resume when possible. If you want to force a new download, use `force_download=True`.
  warnings.warn(
Some weights of the model checkpoint at roberta-large were not used when initializing RobertaModel: ['lm_head.dense.bias', 'lm_head.layer_norm.bias', 'lm_head.bias', 'lm_head.dense.weight', 'lm_head.layer_norm.weight']
- This IS expected if you are initializing RobertaModel from the checkpoint of a model trained on another task or with another architecture (e.g. initializing a BertForSequenceClassification model from a BertForPreTraining model).
- This IS NOT expected if you are initializing RobertaModel from the checkpoint of a model that you expect to be exactly identical (initializing a BertForSequenceClassification model from a BertForSequenceClassification model).
Some weights of RobertaModel were not initialized from the model checkpoint at roberta-large and are newly initialized: ['roberta.pooler.dense.weight', 'roberta.pooler.dense.bias']
You should probably TRAIN this model on a down-stream task to be able to use it for predictions and inference.
alpha_repeat-2
WER
[-0.112881   -0.15617163 -0.13001482 -0.13302689 -0.12444023 -0.13749898
 -0.15860872 -0.13790836 -0.1288385  -0.12872055 -0.12786795 -0.11619768
 -0.142245   -0.1547294  -0.163217   -0.13934838 -0.11328672 -0.12374814
 -0.1343113  -0.1449549  -0.13474865 -0.10911403 -0.13666653 -0.11014776
 -0.12807242 -0.0986197  -0.14235284 -0.13528244 -0.11685678 -0.13803109
 -0.13776699 -0.15994003 -0.15116489 -0.12657037 -0.13954534 -0.13722801
 -0.12114696 -0.12845991 -0.1000051  -0.1045299  -0.11208335 -0.1526172
 -0.12765872 -0.1415588  -0.1108511  -0.12374075 -0.07507239 -0.12309638
 -0.14785032 -0.11709834 -0.15743495 -0.13162919 -0.15604541 -0.12066688
 -0.12530132 -0.1122908  -0.13892189 -0.11218468 -0.15359764 -0.12723079
 -0.1431194  -0.13217055 -0.10387137 -0.13077388 -0.11587427 -0.15073512
 -0.1372329  -0.13860107 -0.14393756 -0.11315596 -0.12691736 -0.12496239
 -0.13262987 -0.12547438 -0.148122   -0.1270709  -0.12401416 -0.16097515
 -0.14933232 -0.10863463 -0.11684594 -0.10724764 -0.15749807 -0.1013207
 -0.14479817 -0.13433135 -0.15173505 -0.12288218 -0.15062372 -0.14750914
 -0.10907185 -0.15469708 -0.12803374 -0.1232948  -0.14132916 -0.10550927
 -0.1172135  -0.13527987 -0.11114557 -0.16966116 -0.15595676 -0.12866662
 -0.10998302 -0.10804073 -0.13648132 -0.10732462 -0.11255956 -0.14585499
 -0.12251247 -0.14226114 -0.11538314 -0.12710693 -0.13660047 -0.10837881
 -0.10318728 -0.14609361 -0.11225717 -0.11861388 -0.13921439 -0.14635702
 -0.15128043 -0.11325307 -0.11997359 -0.12902845 -0.12764632 -0.13912105
 -0.15440437 -0.13244728 -0.11753326 -0.14402477 -0.11843972 -0.13399683
 -0.11818854 -0.15841106 -0.16769585 -0.10685061 -0.15872875 -0.13715431
 -0.13974994 -0.13216223 -0.11715746 -0.13985829 -0.13583282 -0.12598381
 -0.14274595 -0.14568521 -0.1336768  -0.1446032  -0.12333622 -0.14856243
 -0.12808578 -0.15471485 -0.11632523 -0.13478685 -0.11712718 -0.13470072
 -0.11994441 -0.09947692 -0.12889231 -0.14449897 -0.14612494 -0.13817831
 -0.13175206 -0.1039878  -0.13271371 -0.12646372 -0.14445892 -0.12109268
 -0.1489038  -0.13310506 -0.15515366 -0.12526252 -0.11684599 -0.15420636
 -0.1623187  -0.11282142 -0.12574854 -0.13644378 -0.1304595  -0.12634224
 -0.1219647  -0.12815517 -0.09917882 -0.16681906 -0.12408613 -0.11983542
 -0.12619028 -0.11790784 -0.12386858 -0.1062365  -0.09657907 -0.12964839
 -0.11697799 -0.13152558 -0.14692482 -0.14291037 -0.14984639 -0.11986078
 -0.14551202 -0.13745502]
alpha_repeat-2
BLEU
[0.23111349 0.14490492 0.18990149 0.17828818 0.18012831 0.20645373
 0.15927868 0.15733    0.17351209 0.21624373 0.18195033 0.20890889
 0.17968841 0.18193377 0.13481992 0.15931611 0.22895227 0.18563182
 0.21031838 0.18451337 0.18224549 0.20243474 0.19314676 0.19285406
 0.20666415 0.21480473 0.16588122 0.2062275  0.16518381 0.18412797
 0.1762621  0.15532881 0.17160162 0.14981307 0.16229809 0.18507279
 0.18854482 0.18554955 0.21890012 0.22627228 0.20280364 0.10904888
 0.18686635 0.19314684 0.23519935 0.1978417  0.24291067 0.19387928
 0.15774529 0.1866788  0.13169923 0.14568239 0.11919951 0.18008879
 0.18600826 0.19557931 0.18655151 0.16852508 0.12589004 0.21721883
 0.18000093 0.22294469 0.21219818 0.21661837 0.18564177 0.13911005
 0.19076484 0.17362786 0.17892721 0.24678863 0.21820113 0.18170576
 0.23573838 0.21844648 0.19853978 0.19386055 0.18685485 0.16835888
 0.16887494 0.21837052 0.18773156 0.20042533 0.09127784 0.25419691
 0.18784094 0.14926259 0.14037011 0.2199213  0.12686492 0.18553528
 0.19734039 0.14619193 0.21709878 0.1897342  0.18334844 0.20115017
 0.1870235  0.14139811 0.20473699 0.14647371 0.11273852 0.17431144
 0.16633793 0.2017636  0.17792745 0.23748868 0.20922617 0.15371172
 0.20653918 0.16935916 0.23155013 0.19419582 0.21175544 0.23315662
 0.23717919 0.14661779 0.22323909 0.18215739 0.13990052 0.14992806
 0.12304398 0.22185928 0.20115199 0.21393438 0.18587895 0.15864176
 0.2160671  0.19433164 0.20399792 0.14889718 0.17018572 0.19203926
 0.20071122 0.10914016 0.11022798 0.21088978 0.14125663 0.1691777
 0.20252802 0.18961519 0.20954032 0.19135798 0.20115386 0.21703551
 0.12169805 0.20088156 0.16656049 0.12507741 0.20223706 0.1721796
 0.20181388 0.14133625 0.188048   0.13084228 0.17653941 0.21867472
 0.19116695 0.22606001 0.20943048 0.14233508 0.1758609  0.16193986
 0.22116687 0.20728861 0.15194795 0.22331608 0.14101918 0.21178842
 0.15968673 0.19928392 0.13541169 0.21265194 0.20743023 0.1807869
 0.1502425  0.21030867 0.16456706 0.22436936 0.16222982 0.18134309
 0.19303098 0.17885362 0.23022438 0.15567295 0.23168748 0.19800098
 0.2423151  0.19373354 0.23259138 0.27377654 0.18771307 0.17480305
 0.23808683 0.17063738 0.1650629  0.12949539 0.11850896 0.2138389
 0.14241606 0.22869784]
alpha_repeat-2
METEOR
[0.16829626 0.12497481 0.12981541 0.12618769 0.11894231 0.15074669
 0.12836339 0.09829665 0.11828355 0.16033764 0.11920083 0.15038573
 0.1371131  0.12959996 0.10300239 0.11639551 0.1384211  0.13406044
 0.15679827 0.14041989 0.12268123 0.14092764 0.14202142 0.14342411
 0.15308977 0.15727696 0.12397136 0.14439067 0.12587897 0.1352086
 0.13219966 0.11074207 0.12831308 0.11832824 0.13118622 0.14630162
 0.15244167 0.12991158 0.15240221 0.16200159 0.13975275 0.08769644
 0.14701966 0.1308911  0.15408815 0.14777808 0.18446064 0.13097834
 0.11823401 0.13928087 0.09534166 0.10316404 0.08884019 0.12766261
 0.14503158 0.15311935 0.1329207  0.15163321 0.10558864 0.15270408
 0.14262381 0.19041407 0.15057865 0.15908037 0.13162598 0.1006758
 0.14838157 0.13436261 0.12329109 0.19423957 0.15576832 0.12942154
 0.14870632 0.13679116 0.14511654 0.15042609 0.14302293 0.11433335
 0.13113309 0.13998781 0.1266204  0.13593729 0.07386785 0.17355315
 0.14454816 0.11757896 0.1028707  0.15309233 0.09402125 0.14139544
 0.14109177 0.10951338 0.14916829 0.13250067 0.14236275 0.15333942
 0.12640991 0.11037069 0.15508564 0.10944265 0.10045943 0.13296567
 0.14776539 0.1445401  0.13042593 0.18150926 0.14265264 0.11059922
 0.1442469  0.12065085 0.15222995 0.13078725 0.13881368 0.15711708
 0.16590625 0.10850913 0.15949999 0.12259969 0.1053781  0.10921846
 0.08176845 0.16006728 0.14348071 0.15499616 0.14685634 0.12319809
 0.15004419 0.13736346 0.15089699 0.09497144 0.12659877 0.14856866
 0.16677146 0.09392833 0.10157537 0.15456532 0.10723459 0.13886768
 0.15514155 0.13325724 0.15298877 0.11737742 0.14717286 0.14312743
 0.10190951 0.14228849 0.12971839 0.08565604 0.1371423  0.12004075
 0.14175057 0.11007329 0.1301871  0.08669007 0.1376954  0.15688484
 0.14271643 0.16080497 0.14466525 0.11343307 0.13245492 0.11810092
 0.17235147 0.13554522 0.11528855 0.15355588 0.1280452  0.15603869
 0.11046805 0.17099773 0.09727483 0.16059224 0.15256562 0.1349902
 0.12376189 0.16359976 0.11272615 0.17080833 0.11573947 0.1315451
 0.13232664 0.12980463 0.16000354 0.11373788 0.16047935 0.15326162
 0.18573978 0.1444129  0.19300836 0.20116784 0.12854253 0.11992718
 0.15861489 0.12582107 0.12871416 0.10251492 0.10544011 0.1354233
 0.11662182 0.15045632]
alpha_repeat-2
BERT
[0.7928186  0.7942249  0.7957487  0.7935255  0.7937829  0.79383737
 0.7895332  0.7914052  0.7936088  0.79647976 0.79339385 0.7934474
 0.7925246  0.79597634 0.79743737 0.79525405 0.79431486 0.7921365
 0.7924554  0.7918587  0.7951617  0.7900946  0.7944925  0.7967879
 0.7922488  0.79153395 0.7901252  0.7887081  0.79450047 0.7889001
 0.7916795  0.7936888  0.7959399  0.7944269  0.79316396 0.79715973
 0.7910964  0.7955256  0.7941206  0.7993688  0.7935027  0.7913847
 0.7953349  0.7959238  0.79647094 0.7960364  0.7992358  0.79138404
 0.7929598  0.79836243 0.7921997  0.7890263  0.78940016 0.7928193
 0.79408246 0.7915892  0.7936472  0.7928316  0.79035664 0.79659784
 0.7955785  0.8004859  0.79732525 0.79839253 0.79738533 0.79417914
 0.79571766 0.79513186 0.7963292  0.7926136  0.7938024  0.7943973
 0.79687935 0.7981544  0.7958795  0.7945777  0.7954936  0.78843737
 0.7932569  0.79606795 0.790674   0.7903577  0.7914188  0.7975479
 0.79610896 0.7915301  0.79363215 0.7982757  0.7947857  0.79278344
 0.7901761  0.79333794 0.7960016  0.7932663  0.7906939  0.7946338
 0.78974354 0.79012614 0.7987447  0.7914036  0.7908239  0.7939538
 0.7899256  0.7959487  0.7952068  0.79703933 0.7945751  0.78977895
 0.7939385  0.7921194  0.79346645 0.8021351  0.7934527  0.79317844
 0.7932628  0.794283   0.79770625 0.7922798  0.79216516 0.79393107
 0.7857205  0.79009366 0.79236233 0.79251844 0.7957001  0.79489994
 0.79657143 0.7899688  0.7920353  0.7872746  0.795037   0.7895048
 0.7961636  0.7922113  0.78833044 0.7954747  0.7870792  0.7914641
 0.79460424 0.7948814  0.79540217 0.7980501  0.79334694 0.79455763
 0.7960406  0.7964965  0.79092926 0.79224294 0.79666483 0.79586047
 0.7982388  0.79188055 0.797558   0.7865992  0.79333806 0.79661644
 0.7932757  0.7976281  0.79518145 0.7906478  0.798655   0.7957384
 0.799736   0.7937825  0.79281837 0.7917092  0.79253274 0.79610145
 0.7897393  0.7933078  0.79443073 0.7976983  0.79489434 0.79245156
 0.7953783  0.79586864 0.78793716 0.7954634  0.79216164 0.7943961
 0.7937372  0.79562974 0.7944286  0.79365635 0.80081356 0.79257184
 0.79906094 0.7901605  0.79615456 0.79889816 0.7959485  0.7979194
 0.7993537  0.7903285  0.79399014 0.78794956 0.7904406  0.7924151
 0.79292846 0.7941629 ]
[nltk_data] Downloading package wordnet to /mnt/iusers01/fse-
[nltk_data]     ugpgt01/compsci01/q12628ct/nltk_data...
[nltk_data]   Package wordnet is already up-to-date!
[nltk_data] Downloading package punkt_tab to /mnt/iusers01/fse-
[nltk_data]     ugpgt01/compsci01/q12628ct/nltk_data...
[nltk_data]   Package punkt_tab is already up-to-date!
[nltk_data] Downloading package omw-1.4 to /mnt/iusers01/fse-
[nltk_data]     ugpgt01/compsci01/q12628ct/nltk_data...
[nltk_data]   Package omw-1.4 is already up-to-date!
/mnt/iusers01/fse-ugpgt01/compsci01/q12628ct/.conda/envs/semantic-decoding/lib/python3.10/site-packages/huggingface_hub/file_download.py:945: FutureWarning: `resume_download` is deprecated and will be removed in version 1.0.0. Downloads always resume when possible. If you want to force a new download, use `force_download=True`.
  warnings.warn(
Some weights of the model checkpoint at roberta-large were not used when initializing RobertaModel: ['lm_head.layer_norm.bias', 'lm_head.bias', 'lm_head.layer_norm.weight', 'lm_head.dense.bias', 'lm_head.dense.weight']
- This IS expected if you are initializing RobertaModel from the checkpoint of a model trained on another task or with another architecture (e.g. initializing a BertForSequenceClassification model from a BertForPreTraining model).
- This IS NOT expected if you are initializing RobertaModel from the checkpoint of a model that you expect to be exactly identical (initializing a BertForSequenceClassification model from a BertForSequenceClassification model).
Some weights of RobertaModel were not initialized from the model checkpoint at roberta-large and are newly initialized: ['roberta.pooler.dense.weight', 'roberta.pooler.dense.bias']
You should probably TRAIN this model on a down-stream task to be able to use it for predictions and inference.
bravo_repeat-1
WER
[-0.08711328 -0.07429045 -0.0803913  -0.09699029 -0.07136022 -0.08598569
 -0.0803171  -0.06611079 -0.08679991 -0.07804317 -0.07374176 -0.07099543
 -0.08549294 -0.08639885 -0.06154519 -0.0746315  -0.08089694 -0.06777334
 -0.08366539 -0.08338665 -0.0476202  -0.06403069 -0.08063529 -0.09994618
 -0.08930162 -0.08560159 -0.06857369 -0.05963262 -0.08466569 -0.06173277
 -0.06953757 -0.07141825 -0.07009472 -0.08990113 -0.08797889 -0.06672217
 -0.0903297  -0.06890113 -0.08782723 -0.08596859 -0.06401439 -0.07582803
 -0.06621135 -0.07440134 -0.08634754 -0.07447295 -0.07880739 -0.05534801
 -0.08791596 -0.07643037 -0.07898324 -0.06847327 -0.0743921  -0.06400609
 -0.08265333 -0.05898587 -0.06751567 -0.09633081 -0.07785984 -0.08511424
 -0.07432939 -0.08817413 -0.07364643 -0.07338254 -0.06581727 -0.09554942
 -0.07296584 -0.0727008  -0.07588761 -0.05071985 -0.09726741 -0.08264377
 -0.09275576 -0.08832618 -0.08015899 -0.05670815 -0.07896297 -0.06939487
 -0.08103884 -0.05756862 -0.06841927 -0.04391144 -0.08825762 -0.06858588
 -0.09299296 -0.06606307 -0.06675723 -0.06342067 -0.05250466 -0.10123281
 -0.0612317  -0.08867848 -0.08531166 -0.07770826 -0.06512147 -0.07630376
 -0.07324927 -0.07122626 -0.06646202 -0.08604522 -0.03571435 -0.06758275
 -0.06066475 -0.06864618 -0.0618242  -0.07651536 -0.04751527 -0.06869138
 -0.0742134  -0.0845697  -0.07648766 -0.07121107 -0.06592941 -0.10678841
 -0.06804331 -0.09620468 -0.0811404  -0.09886773 -0.09100385 -0.07214165
 -0.0864403  -0.06070499 -0.07884146 -0.07141132 -0.09105105 -0.07292254
 -0.08023281 -0.06470632 -0.06217586 -0.09356491 -0.07266099 -0.0813359
 -0.09523968 -0.07575348 -0.03968313 -0.0977021  -0.0600147  -0.05303417
 -0.07472812 -0.09097599 -0.05403863 -0.09287862 -0.08660077 -0.07406679
 -0.07398066 -0.07448112 -0.07618896 -0.08373484 -0.08224754 -0.06759085
 -0.08043302 -0.06179524 -0.08063159 -0.0755264  -0.07630747 -0.08174677
 -0.09185055 -0.06388305 -0.05955636 -0.07753179 -0.07320516 -0.06272223
 -0.06201371 -0.07936348 -0.08738051 -0.05466351 -0.07896488 -0.07018821
 -0.07346792 -0.05417874 -0.06526221 -0.08020719 -0.0722912  -0.091277
 -0.05622325 -0.06560914 -0.05892729 -0.06178548 -0.0880742  -0.08328515
 -0.06874161 -0.09220718 -0.08854258 -0.07316408 -0.07547334 -0.08201403
 -0.05533424 -0.08495115 -0.06741575 -0.09105876 -0.08434208 -0.06681932
 -0.08121171 -0.07491266 -0.06650772 -0.07374735 -0.06749662 -0.08679585
 -0.08371905 -0.07709236]
bravo_repeat-1
BLEU
[0.14903118 0.23050375 0.19756929 0.19773995 0.23188634 0.19481615
 0.19659346 0.2341325  0.24748941 0.16489298 0.24299582 0.23505479
 0.20771363 0.21740359 0.24257811 0.19534431 0.21141803 0.21570265
 0.19445932 0.20255433 0.24676054 0.22344354 0.20198031 0.18471885
 0.20130179 0.23559404 0.24411759 0.22435    0.2093388  0.22763127
 0.22235532 0.23662564 0.20916364 0.21366316 0.2435039  0.25825359
 0.19624801 0.23314637 0.21813793 0.16332821 0.21248379 0.23633906
 0.23584917 0.2234911  0.22516507 0.17766777 0.25298386 0.22154359
 0.2153937  0.22658493 0.23660879 0.21835513 0.24846345 0.2048269
 0.25118924 0.24885655 0.19249701 0.16841888 0.20774427 0.18014235
 0.22624358 0.24064017 0.15123333 0.19997246 0.21145498 0.17587226
 0.19200001 0.22246696 0.17002781 0.22711804 0.23852319 0.20704186
 0.19044807 0.2557401  0.19947141 0.22225583 0.22204583 0.18295315
 0.23323249 0.21450172 0.19296941 0.27618284 0.18439333 0.24299745
 0.16986101 0.22467368 0.21255403 0.21002037 0.21717611 0.20447542
 0.23798891 0.25707772 0.21500657 0.19394045 0.19100932 0.16456418
 0.24183886 0.19625823 0.236334   0.21817587 0.26212452 0.25345182
 0.22739763 0.20197303 0.24111829 0.18303346 0.23498433 0.24574111
 0.22336375 0.25362771 0.22830469 0.24575966 0.22207434 0.16965784
 0.24812354 0.16684106 0.2027678  0.20378206 0.13832342 0.18345717
 0.21309989 0.26642731 0.1981448  0.20116961 0.20856234 0.17994197
 0.22321163 0.17998733 0.22027915 0.21293406 0.26236144 0.16821138
 0.25884056 0.22278999 0.23567363 0.22842278 0.24461734 0.23395356
 0.16977022 0.20380307 0.21648919 0.15950117 0.16430603 0.19261271
 0.22775302 0.23872305 0.2106008  0.17788084 0.18167422 0.20230948
 0.19887317 0.20688266 0.2372638  0.2189257  0.23464658 0.25142667
 0.19907994 0.23638527 0.22203021 0.24215365 0.17739098 0.23067177
 0.25235302 0.19179132 0.18483786 0.2870679  0.17967514 0.1819086
 0.23330682 0.23955277 0.20542114 0.22310915 0.19633272 0.18670839
 0.20987846 0.18526578 0.25566879 0.25205705 0.1581337  0.16981527
 0.22675701 0.19688597 0.15509361 0.22462    0.2082859  0.16652382
 0.20894611 0.25075958 0.18958568 0.19296455 0.21332668 0.21004336
 0.24228548 0.21066189 0.22041064 0.19473881 0.24327863 0.21950724
 0.18789302 0.22551627]
bravo_repeat-1
METEOR
[0.10469073 0.18693602 0.14492559 0.1573205  0.15235299 0.1415701
 0.14608357 0.17935407 0.18110886 0.10109753 0.17820112 0.16197669
 0.14804758 0.16923156 0.15705499 0.1438386  0.15447737 0.13940001
 0.13881902 0.14295749 0.19750477 0.16609689 0.15258933 0.13872992
 0.14475635 0.16470627 0.16232195 0.16010176 0.15014254 0.16526249
 0.15946854 0.15295322 0.13661424 0.15131587 0.19922649 0.19309611
 0.1452179  0.1568419  0.16446392 0.11922686 0.1557937  0.16317057
 0.15851537 0.15174078 0.15479937 0.1283448  0.19185318 0.14715046
 0.15277441 0.15247301 0.14597097 0.15657811 0.17250879 0.1517881
 0.15954382 0.19612235 0.12650492 0.13932533 0.1427908  0.12343135
 0.15168764 0.17699965 0.11644002 0.14378883 0.15491736 0.12307664
 0.14565081 0.15025377 0.12800332 0.16756281 0.16361961 0.16011317
 0.13521553 0.17541506 0.13466659 0.17295696 0.14480432 0.1245535
 0.15527147 0.14882501 0.13391525 0.1733864  0.13333262 0.16799107
 0.11744044 0.1535503  0.15014887 0.14054666 0.14691156 0.14762365
 0.17911996 0.16278227 0.15062958 0.13390457 0.13437753 0.12312465
 0.15685435 0.16115445 0.1662438  0.14588224 0.20023838 0.18237104
 0.16745969 0.15363592 0.17213912 0.13060331 0.16909853 0.16492251
 0.16779504 0.16423476 0.16980257 0.19395366 0.15593077 0.13530876
 0.17505696 0.11699439 0.15365383 0.14066329 0.11289711 0.14216153
 0.13849412 0.16684521 0.1467978  0.14995848 0.13999338 0.15458736
 0.16343692 0.11368353 0.16409727 0.15532089 0.1717703  0.13610909
 0.1842537  0.15590461 0.16828872 0.14456058 0.17968186 0.17559083
 0.13157189 0.15435463 0.17737297 0.12283402 0.1213412  0.14587173
 0.15313164 0.16521629 0.13432162 0.13120635 0.12398916 0.15496919
 0.14427017 0.1410362  0.15841197 0.15116732 0.15716204 0.16758441
 0.14964664 0.16245516 0.15729628 0.16414182 0.13129164 0.1507252
 0.16654435 0.15398069 0.13927754 0.22143735 0.12970426 0.12622323
 0.17073879 0.15950139 0.14333975 0.16312444 0.15071248 0.12717566
 0.16109092 0.1321739  0.19208638 0.16561254 0.1205794  0.1244655
 0.16166599 0.12967286 0.11902437 0.15651471 0.16044155 0.12619988
 0.15301002 0.17977784 0.1324458  0.15808697 0.14419221 0.14117562
 0.16050344 0.14021624 0.15945644 0.12422492 0.15841238 0.15797273
 0.13234462 0.15797249]
bravo_repeat-1
BERT
[0.8036048  0.8100506  0.8003258  0.805327   0.800969   0.8047601
 0.8088223  0.8040055  0.8150971  0.7998103  0.8089064  0.802843
 0.8035752  0.8064504  0.8053496  0.81145465 0.8025403  0.8092847
 0.80273783 0.8066123  0.8037917  0.8068538  0.80233794 0.8027777
 0.80354077 0.80919445 0.80436105 0.8059828  0.804416   0.81249654
 0.80930996 0.80878264 0.805423   0.80257106 0.80477536 0.8085196
 0.80463856 0.80267996 0.80515736 0.80247146 0.80449665 0.8064322
 0.80742866 0.80891025 0.80971175 0.80099076 0.80979455 0.80501103
 0.8054624  0.80856776 0.80727404 0.8059704  0.8053426  0.8023725
 0.80706424 0.81383586 0.8029916  0.8057394  0.8031329  0.8021097
 0.8040709  0.8091184  0.8011743  0.8075052  0.81279427 0.80031466
 0.8032752  0.8045055  0.7984805  0.80584896 0.80698705 0.80397826
 0.8007713  0.80857617 0.80291057 0.8049656  0.8029549  0.80287254
 0.8012168  0.7988414  0.801724   0.805231   0.8038895  0.8037824
 0.8004965  0.80638224 0.81020784 0.8045366  0.8085369  0.8099053
 0.81102026 0.808031   0.8058782  0.8024098  0.81202614 0.80022997
 0.8066076  0.8168859  0.8065274  0.8070364  0.8121932  0.8078301
 0.8080119  0.8051829  0.8091646  0.8093045  0.80962706 0.8057845
 0.8056141  0.8056461  0.8096532  0.8055458  0.80635387 0.80313575
 0.80171746 0.80087245 0.80521876 0.80198765 0.8030066  0.81047887
 0.80261064 0.8042573  0.80426836 0.8022217  0.8063247  0.80931455
 0.8049378  0.80268466 0.8039092  0.8015284  0.80478036 0.7995511
 0.805944   0.8058215  0.8069871  0.8043949  0.8072347  0.819397
 0.8004182  0.8053382  0.8070757  0.802401   0.8005654  0.8058473
 0.80523163 0.8032941  0.8067492  0.79785436 0.8027033  0.80510694
 0.8052581  0.8057972  0.80510235 0.80795705 0.8068488  0.8101722
 0.8077796  0.8096027  0.80339116 0.8100714  0.80185753 0.80810285
 0.80239797 0.80636066 0.8110164  0.8092781  0.8030026  0.8030221
 0.8078802  0.80644774 0.8086783  0.8034241  0.8011202  0.8036195
 0.8099747  0.8001216  0.8125843  0.80501324 0.80004007 0.8050579
 0.8094577  0.8070223  0.8048766  0.810179   0.8082839  0.7989683
 0.81167024 0.80895    0.8061069  0.8077188  0.80608964 0.80672765
 0.8066985  0.79919136 0.80537575 0.80402404 0.80626416 0.8063218
 0.8048544  0.80137104]
[nltk_data] Downloading package wordnet to /mnt/iusers01/fse-
[nltk_data]     ugpgt01/compsci01/q12628ct/nltk_data...
[nltk_data]   Package wordnet is already up-to-date!
[nltk_data] Downloading package punkt_tab to /mnt/iusers01/fse-
[nltk_data]     ugpgt01/compsci01/q12628ct/nltk_data...
[nltk_data]   Package punkt_tab is already up-to-date!
[nltk_data] Downloading package omw-1.4 to /mnt/iusers01/fse-
[nltk_data]     ugpgt01/compsci01/q12628ct/nltk_data...
[nltk_data]   Package omw-1.4 is already up-to-date!
/mnt/iusers01/fse-ugpgt01/compsci01/q12628ct/.conda/envs/semantic-decoding/lib/python3.10/site-packages/huggingface_hub/file_download.py:945: FutureWarning: `resume_download` is deprecated and will be removed in version 1.0.0. Downloads always resume when possible. If you want to force a new download, use `force_download=True`.
  warnings.warn(
Some weights of the model checkpoint at roberta-large were not used when initializing RobertaModel: ['lm_head.layer_norm.weight', 'lm_head.layer_norm.bias', 'lm_head.bias', 'lm_head.dense.weight', 'lm_head.dense.bias']
- This IS expected if you are initializing RobertaModel from the checkpoint of a model trained on another task or with another architecture (e.g. initializing a BertForSequenceClassification model from a BertForPreTraining model).
- This IS NOT expected if you are initializing RobertaModel from the checkpoint of a model that you expect to be exactly identical (initializing a BertForSequenceClassification model from a BertForSequenceClassification model).
Some weights of RobertaModel were not initialized from the model checkpoint at roberta-large and are newly initialized: ['roberta.pooler.dense.bias', 'roberta.pooler.dense.weight']
You should probably TRAIN this model on a down-stream task to be able to use it for predictions and inference.
bravo_repeat-2
WER
[-0.07257412 -0.06787121 -0.06960996 -0.08318751 -0.07117573 -0.0618328
 -0.0631291  -0.08354752 -0.06796322 -0.06650555 -0.05993218 -0.07345363
 -0.09461919 -0.08507559 -0.08980536 -0.07769519 -0.07351565 -0.07447099
 -0.06312275 -0.05469784 -0.05533245 -0.06876232 -0.08791068 -0.0517978
 -0.0818764  -0.08232427 -0.08125919 -0.07874665 -0.07353015 -0.06721456
 -0.07615879 -0.08324554 -0.0781189  -0.09867809 -0.06899113 -0.08097021
 -0.08468347 -0.06191849 -0.08649635 -0.08802227 -0.08732543 -0.07925891
 -0.07011347 -0.0707263  -0.08066691 -0.07681791 -0.08689014 -0.05345516
 -0.08449103 -0.06007702 -0.05817396 -0.07191001 -0.07707117 -0.07255385
 -0.06402195 -0.08309171 -0.08103417 -0.08763138 -0.07131507 -0.08609746
 -0.07449771 -0.07994392 -0.08309887 -0.07331575 -0.09391091 -0.0947192
 -0.09568668 -0.06656365 -0.07809817 -0.09706566 -0.07741344 -0.08372401
 -0.07609288 -0.07790481 -0.08069985 -0.08698227 -0.10358523 -0.0696007
 -0.06873565 -0.06352954 -0.0679633  -0.06895489 -0.07841637 -0.05570878
 -0.08160795 -0.10417227 -0.09197416 -0.07274403 -0.07824297 -0.07867249
 -0.07284915 -0.04669901 -0.0621715  -0.07267472 -0.04714489 -0.09959232
 -0.08625745 -0.06795401 -0.1021934  -0.08677352 -0.06357058 -0.08116142
 -0.07778807 -0.05825203 -0.10557265 -0.05627958 -0.07153323 -0.09094836
 -0.07092673 -0.07501815 -0.06554836 -0.06523662 -0.06304386 -0.08614711
 -0.07435058 -0.08528879 -0.04890393 -0.07365747 -0.07656526 -0.07752833
 -0.06869176 -0.07729303 -0.08871723 -0.06683228 -0.09332098 -0.06582794
 -0.07318006 -0.07811975 -0.09823447 -0.07751696 -0.08098754 -0.07757857
 -0.07033187 -0.07322208 -0.06639204 -0.06137509 -0.08509747 -0.06504367
 -0.05601287 -0.07657915 -0.07699182 -0.08303334 -0.07299145 -0.06961598
 -0.09085691 -0.07231793 -0.07606718 -0.07449511 -0.08264541 -0.09072682
 -0.09764532 -0.08219468 -0.09509207 -0.08106092 -0.07413189 -0.06709426
 -0.06768201 -0.07142455 -0.09480373 -0.07419797 -0.06200608 -0.08308909
 -0.08292941 -0.0831527  -0.07386684 -0.05878445 -0.07757489 -0.09783189
 -0.07249325 -0.07034937 -0.09732558 -0.09941285 -0.0712475  -0.08618033
 -0.08869056 -0.09478324 -0.08470485 -0.07717585 -0.07727068 -0.06963015
 -0.0770693  -0.0785012  -0.08409727 -0.06865304 -0.07847958 -0.08587691
 -0.05773178 -0.05466082 -0.08369433 -0.08656395 -0.07679084 -0.08646623
 -0.07873322 -0.08463481 -0.06727719 -0.09876413 -0.079745   -0.07025633
 -0.07412252 -0.09116775]
bravo_repeat-2
BLEU
[0.21826905 0.2302367  0.23916691 0.21204863 0.22244219 0.23891274
 0.26268628 0.19318009 0.18738301 0.22900758 0.21196627 0.22082561
 0.17321165 0.19061869 0.21098396 0.26447512 0.20684091 0.17128541
 0.26254098 0.26890759 0.21694305 0.2100347  0.20819851 0.26699891
 0.19079173 0.21455332 0.17707227 0.2386645  0.20833196 0.19544328
 0.18662787 0.21920549 0.21466481 0.19683843 0.1931114  0.23265203
 0.15504923 0.24097182 0.24028702 0.1718602  0.19256801 0.18031921
 0.25605068 0.2603714  0.21310971 0.23890634 0.19977009 0.22739696
 0.20091261 0.20608409 0.22982812 0.19304698 0.24932888 0.18884272
 0.24570669 0.22516109 0.21420032 0.15448917 0.22626991 0.17649324
 0.19189975 0.18356052 0.19165245 0.19909049 0.12524102 0.19343803
 0.20179179 0.21586163 0.19661308 0.19094042 0.17583302 0.2346092
 0.22956813 0.25956088 0.23725167 0.13566739 0.17756367 0.22728718
 0.247925   0.26294004 0.24514003 0.25070924 0.21239184 0.22745427
 0.20653038 0.16356158 0.19041525 0.22576368 0.22556258 0.14265656
 0.22240162 0.28468962 0.23609259 0.2081029  0.23931986 0.14897675
 0.23941019 0.21866966 0.16034927 0.19354957 0.219948   0.19369795
 0.28486069 0.26558057 0.15092875 0.24742835 0.23217588 0.1989242
 0.23902524 0.18799453 0.21721742 0.23295568 0.25978739 0.18049972
 0.21396706 0.17008081 0.21578412 0.19585302 0.18015285 0.19888588
 0.24750766 0.20438659 0.20924884 0.24049504 0.16989604 0.20688059
 0.24522557 0.20990604 0.15538383 0.21252917 0.20718751 0.24750607
 0.18156851 0.22016789 0.20659927 0.23677859 0.24858122 0.21068921
 0.23957484 0.21509633 0.21391445 0.19161843 0.22149139 0.19415704
 0.18343023 0.21148166 0.19260058 0.24470878 0.2098459  0.18090027
 0.19323423 0.23630004 0.16590295 0.21330958 0.22507454 0.21718818
 0.24517397 0.25645361 0.18476429 0.21176677 0.24565315 0.19950645
 0.23847229 0.23042307 0.21678695 0.18587008 0.21134239 0.23694535
 0.20763604 0.19456166 0.21860442 0.16836973 0.20149207 0.18015664
 0.20784947 0.23026635 0.20158715 0.20353671 0.2047462  0.24451127
 0.23595654 0.19598841 0.18791025 0.19492731 0.22158944 0.23525516
 0.23456723 0.20801368 0.24148624 0.16076681 0.20841784 0.21797991
 0.20981886 0.19449392 0.25512779 0.14693475 0.22993017 0.19155858
 0.22068795 0.24215538]
bravo_repeat-2
METEOR
[0.1537909  0.15316802 0.16991295 0.17854957 0.16372363 0.16873544
 0.1837596  0.12687221 0.13055223 0.15455438 0.14421131 0.15767016
 0.14756388 0.13832028 0.1605586  0.17350993 0.18110767 0.11722374
 0.17112327 0.17614878 0.13963325 0.13971204 0.14665054 0.18043691
 0.15618676 0.13428263 0.13796968 0.17861528 0.14469218 0.13227169
 0.14181349 0.17953253 0.14628983 0.14412078 0.14991369 0.15845301
 0.1200427  0.17174537 0.15500008 0.13163166 0.14384349 0.13091812
 0.18656234 0.16947679 0.14770681 0.15209599 0.14448977 0.16399704
 0.14769892 0.14963033 0.16700955 0.1321372  0.17215556 0.11839229
 0.16271553 0.14338992 0.14433432 0.11266835 0.1736032  0.13766513
 0.13877806 0.11860723 0.1466956  0.1488537  0.11505815 0.14049626
 0.12912642 0.14515643 0.14962915 0.13886308 0.13225428 0.18492635
 0.14012189 0.17598552 0.16280445 0.10936471 0.1216754  0.15383342
 0.19268894 0.16901774 0.16648525 0.16811349 0.15093148 0.17632138
 0.15345561 0.11698544 0.13615046 0.16007477 0.16272834 0.10187105
 0.16562969 0.20499915 0.17552612 0.13553452 0.16520267 0.12133597
 0.16372166 0.15686124 0.10602429 0.13042932 0.14505581 0.11929599
 0.19109681 0.16059076 0.10775404 0.16751633 0.17156009 0.15095156
 0.14945965 0.1347054  0.13525884 0.16555096 0.17633749 0.13323503
 0.1693996  0.13779057 0.15372274 0.1403176  0.13339427 0.1381168
 0.16334571 0.13983772 0.14434554 0.16769455 0.11900228 0.14366093
 0.16283207 0.14377508 0.11322427 0.13501495 0.12977835 0.16856653
 0.12315241 0.16313107 0.14247939 0.16312098 0.18227856 0.1302574
 0.15482994 0.16645123 0.17348092 0.13699639 0.17459921 0.14623543
 0.12306604 0.15743737 0.14280102 0.18610381 0.14383932 0.13549135
 0.13447084 0.16486044 0.1237795  0.15028627 0.16402123 0.15372351
 0.15858192 0.17598653 0.13686839 0.16719653 0.17186734 0.13896497
 0.17359628 0.16550394 0.15816986 0.13438305 0.14095813 0.15528802
 0.13168913 0.14506266 0.16594672 0.12192557 0.15183978 0.13203136
 0.16472947 0.16421891 0.13757713 0.15782136 0.14143825 0.16446825
 0.16215676 0.12901909 0.13703567 0.1340391  0.19084994 0.15897339
 0.16391963 0.13289147 0.17249547 0.1222637  0.14194542 0.14689539
 0.1432315  0.1538409  0.16221894 0.11725218 0.15230523 0.14977148
 0.14955079 0.18318674]
bravo_repeat-2
BERT
[0.80818063 0.80360794 0.81008774 0.8141839  0.8084425  0.806634
 0.80523944 0.8083724  0.8016351  0.8053438  0.8061139  0.8086478
 0.8041067  0.80115056 0.80739874 0.80804145 0.81053615 0.80085325
 0.8069612  0.80716276 0.8081743  0.8028004  0.80465627 0.81152856
 0.8029543  0.8042682  0.8031712  0.8089032  0.8073276  0.8071244
 0.8056082  0.808433   0.8037536  0.80354226 0.8058157  0.80648804
 0.80376333 0.81098956 0.8059926  0.80327094 0.8029974  0.8061917
 0.803153   0.8080496  0.8063031  0.80729026 0.80960196 0.8113845
 0.80524063 0.80674964 0.8058281  0.8050729  0.8037421  0.80061406
 0.8036527  0.80488485 0.80151016 0.80408514 0.80459976 0.80515957
 0.80393356 0.8031552  0.8022844  0.8018089  0.7999964  0.80433524
 0.80060357 0.80024266 0.8047162  0.8046291  0.80459374 0.8096347
 0.80247486 0.81025183 0.80787545 0.80529773 0.80228645 0.8084813
 0.8078     0.8063174  0.8062754  0.8033187  0.8046603  0.80470926
 0.8066955  0.8009893  0.8020033  0.80548215 0.8071654  0.8011516
 0.8079888  0.8123395  0.8037662  0.8077038  0.80915236 0.8034713
 0.805369   0.8064468  0.8014783  0.8016422  0.80902815 0.802307
 0.81070757 0.8064924  0.80282557 0.8070251  0.80677944 0.8083478
 0.8013455  0.801471   0.80677766 0.8040753  0.8048904  0.80744207
 0.8090525  0.80002224 0.80392104 0.8082042  0.80786085 0.80189925
 0.8058805  0.8013186  0.8037498  0.8032586  0.80159193 0.81107235
 0.80489814 0.8049773  0.80342555 0.806908   0.79966176 0.8074202
 0.79961705 0.80736935 0.80722755 0.8067746  0.80731    0.8024469
 0.8036856  0.800416   0.80667824 0.8046097  0.80770075 0.8033077
 0.8013057  0.80661607 0.805571   0.8137422  0.8059473  0.8054262
 0.80804425 0.8045543  0.80637413 0.80467176 0.8056972  0.8113718
 0.8041944  0.80574715 0.8017716  0.80639786 0.8070493  0.800893
 0.8084783  0.8082279  0.80173975 0.79876924 0.8076097  0.8066647
 0.8102427  0.8083256  0.8067217  0.8012614  0.8045089  0.80551267
 0.8065874  0.80362785 0.80481756 0.80520314 0.80852425 0.8062933
 0.804283   0.80192053 0.81116897 0.80205953 0.81195515 0.80094266
 0.80693275 0.80354214 0.8051131  0.8028047  0.8019676  0.8035911
 0.80124396 0.8052502  0.8044394  0.80045056 0.8051617  0.80342686
 0.80675143 0.81014913]
[nltk_data] Downloading package wordnet to /mnt/iusers01/fse-
[nltk_data]     ugpgt01/compsci01/q12628ct/nltk_data...
[nltk_data]   Package wordnet is already up-to-date!
[nltk_data] Downloading package punkt_tab to /mnt/iusers01/fse-
[nltk_data]     ugpgt01/compsci01/q12628ct/nltk_data...
[nltk_data]   Package punkt_tab is already up-to-date!
[nltk_data] Downloading package omw-1.4 to /mnt/iusers01/fse-
[nltk_data]     ugpgt01/compsci01/q12628ct/nltk_data...
[nltk_data]   Package omw-1.4 is already up-to-date!
/mnt/iusers01/fse-ugpgt01/compsci01/q12628ct/.conda/envs/semantic-decoding/lib/python3.10/site-packages/huggingface_hub/file_download.py:945: FutureWarning: `resume_download` is deprecated and will be removed in version 1.0.0. Downloads always resume when possible. If you want to force a new download, use `force_download=True`.
  warnings.warn(
Some weights of the model checkpoint at roberta-large were not used when initializing RobertaModel: ['lm_head.dense.weight', 'lm_head.bias', 'lm_head.layer_norm.weight', 'lm_head.layer_norm.bias', 'lm_head.dense.bias']
- This IS expected if you are initializing RobertaModel from the checkpoint of a model trained on another task or with another architecture (e.g. initializing a BertForSequenceClassification model from a BertForPreTraining model).
- This IS NOT expected if you are initializing RobertaModel from the checkpoint of a model that you expect to be exactly identical (initializing a BertForSequenceClassification model from a BertForSequenceClassification model).
Some weights of RobertaModel were not initialized from the model checkpoint at roberta-large and are newly initialized: ['roberta.pooler.dense.bias', 'roberta.pooler.dense.weight']
You should probably TRAIN this model on a down-stream task to be able to use it for predictions and inference.
charlie_repeat-1
WER
[-0.15209083 -0.14751379 -0.13039715 -0.14233493 -0.1314205  -0.1508273
 -0.16452721 -0.13347249 -0.13371539 -0.11183402 -0.13252758 -0.16136605
 -0.16478006 -0.13925559 -0.13582397 -0.15623947 -0.14062732 -0.13908087
 -0.13974052 -0.14962273 -0.14675026 -0.14786802 -0.1384306  -0.13542856
 -0.14072027 -0.13488602 -0.14407624 -0.14822331 -0.13367187 -0.1211272
 -0.13929923 -0.13050079 -0.15290092 -0.1273846  -0.14946184 -0.14586507
 -0.14345352 -0.14014233 -0.14530512 -0.1556388  -0.13720376 -0.13463892
 -0.16014232 -0.1568849  -0.15032369 -0.15507875 -0.15467905 -0.14118926
 -0.14179708 -0.14241291 -0.16204604 -0.14125552 -0.14425045 -0.13225454
 -0.12987815 -0.1570677  -0.1491515  -0.15238404 -0.13794961 -0.14047272
 -0.15001017 -0.14466356 -0.14168945 -0.13248413 -0.11650116 -0.14366283
 -0.16216104 -0.12967497 -0.14149436 -0.16314723 -0.14450163 -0.15101698
 -0.13476024 -0.1464714  -0.15035417 -0.14151328 -0.13560434 -0.13855847
 -0.15756536 -0.135656   -0.13744927 -0.15136484 -0.13035501 -0.14142442
 -0.13440608 -0.14380108 -0.14025227 -0.13082107 -0.1371035  -0.15205989
 -0.13450581 -0.11889605 -0.1236611  -0.15358781 -0.12748068 -0.15035555
 -0.13113361 -0.14689248 -0.1592151  -0.12950308 -0.15451306 -0.15208971
 -0.13750629 -0.12802939 -0.13331102 -0.13001527 -0.1404611  -0.14116694
 -0.15097692 -0.14590982 -0.12446792 -0.12698223 -0.13790475 -0.11538197
 -0.15814326 -0.14485042 -0.15280572 -0.14756473 -0.13874645 -0.13653114
 -0.15397162 -0.13359801 -0.13568991 -0.13722497 -0.14911852 -0.14071456
 -0.14583972 -0.1321638  -0.15670776 -0.15086163 -0.13351816 -0.15212791
 -0.15143047 -0.12868287 -0.14359929 -0.13643759 -0.15168227 -0.12017682
 -0.14571161 -0.14732542 -0.14410738 -0.15883056 -0.13052011 -0.13615955
 -0.16405383 -0.13811699 -0.14072301 -0.12600778 -0.13620376 -0.15036462
 -0.13391334 -0.12375491 -0.13740078 -0.15735499 -0.1337532  -0.14024139
 -0.14672704 -0.1366543  -0.14518844 -0.13088739 -0.15482505 -0.13406419
 -0.11953762 -0.13270273 -0.14823394 -0.14530663 -0.13756728 -0.14345929
 -0.14663314 -0.14483545 -0.14908259 -0.14576452 -0.15285912 -0.13789748
 -0.14658591 -0.13689449 -0.13360692 -0.15712816 -0.15671948 -0.13846117
 -0.13010766 -0.14098272 -0.13780715 -0.11919479 -0.14920089 -0.14261888
 -0.1309659  -0.14881527 -0.15545375 -0.14288741 -0.11805578 -0.14086523
 -0.13686037 -0.14456693 -0.11909645 -0.14012998 -0.15405434 -0.14295467
 -0.14435882 -0.12219946]
charlie_repeat-1
BLEU
[0.17500214 0.17263957 0.20883321 0.19745776 0.1811362  0.16949713
 0.13274859 0.1989485  0.19653156 0.2084645  0.21811783 0.11992079
 0.17703988 0.20268957 0.19238562 0.16540512 0.1836492  0.20251693
 0.1763926  0.19471609 0.1643464  0.16685863 0.18277893 0.19892937
 0.18933263 0.17941907 0.14307337 0.17792686 0.16641882 0.172041
 0.18457073 0.20638969 0.19930193 0.19749099 0.16761374 0.1612981
 0.16729907 0.21707565 0.1753346  0.1686992  0.19850773 0.16773418
 0.15604701 0.16600863 0.18169291 0.17747379 0.16582705 0.16709093
 0.19357219 0.1693585  0.18191881 0.19891626 0.17960794 0.17754608
 0.19560253 0.1887078  0.16792002 0.17381767 0.1838641  0.17682157
 0.17899376 0.17104979 0.18904909 0.21558444 0.18371106 0.20415059
 0.14611986 0.18875559 0.17637122 0.14303011 0.19740909 0.14488966
 0.19242579 0.14846352 0.1571764  0.19412521 0.1818295  0.18717222
 0.16544831 0.18021353 0.19093126 0.16122995 0.19177998 0.19007442
 0.18391567 0.16970904 0.2037194  0.17891305 0.211047   0.16408572
 0.21154436 0.20145506 0.20470767 0.13945952 0.19781835 0.17618609
 0.16560545 0.18599669 0.16428211 0.1740625  0.16788843 0.17545297
 0.19322734 0.19244989 0.19699331 0.17534553 0.19200817 0.204446
 0.16153738 0.18116858 0.17644702 0.22146667 0.18053051 0.22196765
 0.15915469 0.16403673 0.19380474 0.18397196 0.16888244 0.19656602
 0.15158854 0.18282745 0.17073565 0.18288834 0.18500993 0.21191385
 0.16528872 0.17105236 0.1844574  0.1926175  0.1782294  0.18668803
 0.15855531 0.21847968 0.18088286 0.1894405  0.17593162 0.18878634
 0.188448   0.14755046 0.17225147 0.15010944 0.21309245 0.18551361
 0.1619498  0.17441567 0.17808505 0.18614927 0.18006721 0.17481047
 0.21980498 0.19725336 0.18372333 0.14430529 0.17539419 0.16549604
 0.17870504 0.17306767 0.15114344 0.17311639 0.14825007 0.18903991
 0.17152328 0.15335624 0.19136159 0.20330409 0.15807973 0.17656211
 0.17853657 0.18412541 0.18066813 0.15193319 0.14967108 0.18063906
 0.17007972 0.16595487 0.19641956 0.18255996 0.17643381 0.19035239
 0.20155681 0.19406945 0.18062986 0.21247774 0.22436863 0.1859996
 0.20657347 0.19159743 0.17335304 0.17845155 0.19796777 0.18058843
 0.20847182 0.19086454 0.20715801 0.17671091 0.16251117 0.1703749
 0.18055228 0.17633174]
charlie_repeat-1
METEOR
[0.14649365 0.13679705 0.16738405 0.17057053 0.16488321 0.13713857
 0.1183967  0.15463409 0.17683313 0.19419441 0.15657852 0.10098304
 0.14465876 0.15215198 0.15599612 0.13654876 0.14895422 0.16726044
 0.13771762 0.14216092 0.14344209 0.15856608 0.13586477 0.14471191
 0.16905752 0.13231194 0.11912179 0.12547902 0.14920013 0.13680774
 0.14724859 0.19252491 0.16463523 0.15917845 0.15890184 0.143839
 0.14317089 0.16102981 0.13597739 0.13701105 0.16903369 0.14707011
 0.13627453 0.13412532 0.16013483 0.15541484 0.12740635 0.1486715
 0.14880945 0.12690692 0.14714828 0.16080249 0.15635462 0.13550729
 0.17186142 0.16285925 0.12523138 0.13797482 0.15075029 0.1278395
 0.13843397 0.14810669 0.15534183 0.15751924 0.14311172 0.15908578
 0.13171703 0.14848023 0.14059256 0.11945899 0.15832628 0.12379736
 0.15762255 0.13675559 0.1126138  0.1562673  0.16095898 0.14648643
 0.12780752 0.15084753 0.13474498 0.14997826 0.15992777 0.15302419
 0.1500263  0.13119124 0.16634135 0.14307425 0.15187408 0.14762618
 0.15715655 0.16349052 0.17898227 0.14176275 0.16658328 0.1648479
 0.14119036 0.15009697 0.13585549 0.15669226 0.12981987 0.1432616
 0.15320802 0.16488975 0.16898555 0.14474951 0.15478961 0.16406425
 0.13103396 0.14210866 0.15385329 0.16912336 0.14974218 0.16911194
 0.13238731 0.12963019 0.17776518 0.14172284 0.16291645 0.14049384
 0.12477292 0.16381823 0.14870618 0.18278868 0.13851438 0.17528077
 0.13849447 0.16718831 0.1562975  0.16710286 0.13841136 0.14077635
 0.12560178 0.17817829 0.1367343  0.15710631 0.13242789 0.16650365
 0.1490605  0.15645552 0.14142981 0.13891947 0.15196866 0.1748527
 0.15196589 0.12663956 0.13697131 0.13927323 0.16132749 0.14040656
 0.19113628 0.15647161 0.14463473 0.13156064 0.1421009  0.16266807
 0.14870003 0.13355705 0.12377735 0.14525409 0.12754796 0.16255157
 0.16197697 0.16660815 0.16059109 0.15991204 0.13637089 0.15572193
 0.14050929 0.14298429 0.14098315 0.11631364 0.14428363 0.15536709
 0.12506196 0.16583289 0.16554687 0.15813229 0.12896582 0.17143973
 0.16198457 0.14133457 0.14405211 0.18817594 0.16967886 0.15030551
 0.1576645  0.14445307 0.14404278 0.17125123 0.15228794 0.15648045
 0.16578117 0.17393195 0.16748917 0.17031345 0.15273645 0.13613599
 0.15483022 0.14356541]
charlie_repeat-1
BERT
[0.78092045 0.78778744 0.7840803  0.78638524 0.78783315 0.7839081
 0.78902817 0.7873417  0.78874636 0.79142725 0.7866609  0.7849207
 0.7832388  0.78790694 0.78775525 0.77899945 0.7844527  0.7855206
 0.78059703 0.7842834  0.7885866  0.7852481  0.77599543 0.7829682
 0.7831246  0.7799926  0.7794913  0.7824277  0.7817793  0.7869105
 0.7798934  0.78475076 0.78710586 0.78399944 0.7810738  0.784421
 0.7835013  0.7846511  0.77986705 0.78655404 0.78408164 0.78679246
 0.78324497 0.78616416 0.7875398  0.7854177  0.7848527  0.7791991
 0.7829493  0.78062403 0.78167874 0.7884516  0.7855167  0.7818194
 0.7886951  0.78991616 0.78806907 0.78140694 0.7900061  0.7875464
 0.78436226 0.7819637  0.78410953 0.7832406  0.78160083 0.78880894
 0.78300613 0.78205734 0.7827007  0.78224415 0.78886193 0.7830494
 0.788856   0.78577286 0.78088945 0.78601974 0.7852025  0.784394
 0.7805982  0.7912284  0.7798461  0.77790445 0.78479815 0.78993505
 0.7874988  0.78845245 0.7821727  0.7856838  0.78649884 0.77872497
 0.7855571  0.78700185 0.785579   0.78357136 0.7833824  0.7827153
 0.78205025 0.78960747 0.7826155  0.7800789  0.7832691  0.78082645
 0.7852634  0.78464705 0.7849951  0.78293926 0.78430605 0.7859633
 0.7813643  0.7817074  0.78509533 0.79082525 0.7808984  0.7857813
 0.7842429  0.782005   0.782281   0.7853483  0.7833605  0.7884619
 0.78359    0.7871911  0.78837466 0.783102   0.7860685  0.7822806
 0.78513896 0.78535646 0.782897   0.79088926 0.78189087 0.7834577
 0.7882039  0.7877618  0.783945   0.78112996 0.78056    0.78170776
 0.7838691  0.78254354 0.78643215 0.78521365 0.7894242  0.78414845
 0.78595287 0.78803915 0.7881219  0.78667504 0.7871009  0.7804046
 0.7928712  0.7945139  0.78313744 0.7836808  0.7848147  0.78461593
 0.78603196 0.7832429  0.7839553  0.7824077  0.7810082  0.79276645
 0.7886132  0.7815021  0.7904219  0.785958   0.7850181  0.78116214
 0.78248    0.78520006 0.78429645 0.78605866 0.7768427  0.7840136
 0.78400904 0.7900932  0.78419244 0.78312504 0.7822501  0.78562874
 0.7847459  0.78331065 0.78040254 0.78996605 0.78433275 0.7852032
 0.78781295 0.7849686  0.7861704  0.7843413  0.78808844 0.7919854
 0.78603673 0.78426147 0.78638923 0.7866506  0.783018   0.7849177
 0.7919133  0.7878874 ]
[nltk_data] Downloading package wordnet to /mnt/iusers01/fse-
[nltk_data]     ugpgt01/compsci01/q12628ct/nltk_data...
[nltk_data]   Package wordnet is already up-to-date!
[nltk_data] Downloading package punkt_tab to /mnt/iusers01/fse-
[nltk_data]     ugpgt01/compsci01/q12628ct/nltk_data...
[nltk_data]   Package punkt_tab is already up-to-date!
[nltk_data] Downloading package omw-1.4 to /mnt/iusers01/fse-
[nltk_data]     ugpgt01/compsci01/q12628ct/nltk_data...
[nltk_data]   Package omw-1.4 is already up-to-date!
/mnt/iusers01/fse-ugpgt01/compsci01/q12628ct/.conda/envs/semantic-decoding/lib/python3.10/site-packages/huggingface_hub/file_download.py:945: FutureWarning: `resume_download` is deprecated and will be removed in version 1.0.0. Downloads always resume when possible. If you want to force a new download, use `force_download=True`.
  warnings.warn(
Some weights of the model checkpoint at roberta-large were not used when initializing RobertaModel: ['lm_head.bias', 'lm_head.dense.weight', 'lm_head.layer_norm.weight', 'lm_head.dense.bias', 'lm_head.layer_norm.bias']
- This IS expected if you are initializing RobertaModel from the checkpoint of a model trained on another task or with another architecture (e.g. initializing a BertForSequenceClassification model from a BertForPreTraining model).
- This IS NOT expected if you are initializing RobertaModel from the checkpoint of a model that you expect to be exactly identical (initializing a BertForSequenceClassification model from a BertForSequenceClassification model).
Some weights of RobertaModel were not initialized from the model checkpoint at roberta-large and are newly initialized: ['roberta.pooler.dense.weight', 'roberta.pooler.dense.bias']
You should probably TRAIN this model on a down-stream task to be able to use it for predictions and inference.
charlie_repeat-2
WER
[-0.17564277 -0.16505196 -0.17668861 -0.16458184 -0.15689204 -0.17471779
 -0.18100627 -0.17243195 -0.16488981 -0.14933855 -0.18000834 -0.15839301
 -0.18884245 -0.18933751 -0.17349046 -0.18446566 -0.1572818  -0.16829002
 -0.17821484 -0.17538759 -0.17382477 -0.16505236 -0.16327587 -0.14786657
 -0.17292692 -0.16725067 -0.16808531 -0.17832097 -0.18531514 -0.18583042
 -0.18152344 -0.18038347 -0.17891166 -0.16318947 -0.15592921 -0.1387745
 -0.16690275 -0.16177155 -0.14220807 -0.1853951  -0.15771596 -0.18220728
 -0.18203719 -0.17125585 -0.15928196 -0.17099953 -0.14493807 -0.17445454
 -0.17287759 -0.18831079 -0.1760709  -0.17321993 -0.16377839 -0.17898244
 -0.17517948 -0.15893313 -0.18316206 -0.17223597 -0.14319512 -0.17448402
 -0.18376297 -0.14315695 -0.13822483 -0.16883292 -0.18373687 -0.16563584
 -0.20160171 -0.15272662 -0.17647431 -0.18282559 -0.17506093 -0.18090346
 -0.17660144 -0.19016222 -0.15381518 -0.15896875 -0.16876939 -0.14923582
 -0.19104941 -0.17415351 -0.18846875 -0.18154569 -0.16809428 -0.18171817
 -0.16554725 -0.16829381 -0.16977404 -0.17902142 -0.18363121 -0.1668767
 -0.18493137 -0.16993623 -0.16539502 -0.17614437 -0.19904126 -0.16585335
 -0.1845898  -0.18901313 -0.18212064 -0.17604324 -0.17898063 -0.17667013
 -0.16367958 -0.19004283 -0.163169   -0.16506514 -0.13640213 -0.17038887
 -0.17358167 -0.16653973 -0.16448869 -0.18084128 -0.16145482 -0.17591284
 -0.17945577 -0.17154805 -0.16664372 -0.1837363  -0.17969541 -0.18261168
 -0.16197118 -0.19620102 -0.17459571 -0.17116849 -0.183658   -0.16845635
 -0.16480775 -0.16374814 -0.16966335 -0.18740713 -0.18482316 -0.13179978
 -0.17395991 -0.16670908 -0.16367859 -0.15312687 -0.15006387 -0.1744063
 -0.15671972 -0.18455964 -0.17215267 -0.17123034 -0.17903408 -0.17110994
 -0.1647881  -0.17688751 -0.1869343  -0.17407056 -0.16862016 -0.17435924
 -0.15726512 -0.17110971 -0.17799665 -0.17370295 -0.18812498 -0.15758194
 -0.1594962  -0.17144935 -0.16580914 -0.17826498 -0.15153521 -0.17540407
 -0.15317923 -0.16885811 -0.17000471 -0.14926826 -0.15468592 -0.1710341
 -0.17253598 -0.16129846 -0.15327868 -0.16718142 -0.1893453  -0.19026236
 -0.17648492 -0.16583249 -0.16393953 -0.18145426 -0.1751083  -0.16527794
 -0.17987773 -0.16536691 -0.19756979 -0.16775956 -0.1491458  -0.17742583
 -0.18059937 -0.15712492 -0.16714998 -0.17325339 -0.17341434 -0.18113133
 -0.16400024 -0.15804888 -0.1909846  -0.18734891 -0.16495785 -0.15670901
 -0.17559111 -0.17178866]
charlie_repeat-2
BLEU
[0.17838776 0.17613756 0.1673466  0.18918369 0.18755231 0.16610851
 0.16856131 0.18071966 0.19942913 0.20909659 0.15389628 0.21439329
 0.15853914 0.17520476 0.19967932 0.19066835 0.20137887 0.21283861
 0.19292777 0.19605671 0.16593221 0.20386572 0.18448471 0.22382279
 0.1612961  0.18135622 0.18359148 0.14210136 0.17971821 0.15088205
 0.15827487 0.18786371 0.17087896 0.18886747 0.20700112 0.2222066
 0.16519544 0.18829655 0.19307451 0.17605767 0.18098451 0.17906958
 0.18520981 0.15249645 0.21539739 0.18494711 0.22350254 0.19599494
 0.17067911 0.16779522 0.1765104  0.18661433 0.20412319 0.19331497
 0.18587165 0.18702732 0.16857356 0.19553881 0.20892043 0.16935907
 0.16802381 0.20384451 0.19892753 0.17435725 0.15715355 0.18649291
 0.14595281 0.17497914 0.16521503 0.17191332 0.20411929 0.17820859
 0.20194815 0.16142239 0.19085231 0.22455394 0.16846049 0.20635113
 0.19366812 0.19804748 0.15812087 0.14415494 0.15101411 0.18441344
 0.16982333 0.19783998 0.18090905 0.1605212  0.16321702 0.18192459
 0.17521109 0.17330565 0.19414598 0.20766132 0.12817936 0.16600528
 0.16323753 0.16998908 0.14888426 0.18897101 0.18174293 0.15746904
 0.20501751 0.19903019 0.15766321 0.18091274 0.22084743 0.18076139
 0.17728997 0.17223232 0.17430291 0.17654864 0.19908451 0.1583289
 0.1601456  0.17797654 0.18386453 0.2105497  0.17248553 0.16074302
 0.19087747 0.1479465  0.19466192 0.18670287 0.17178542 0.18885111
 0.16791885 0.20224774 0.18036319 0.1680922  0.16894412 0.20036866
 0.16473929 0.19930519 0.16099436 0.21667336 0.20016432 0.20813782
 0.17433067 0.17751761 0.17303714 0.1719707  0.17345972 0.19756563
 0.18944886 0.14754158 0.13585514 0.18273783 0.19747166 0.17969668
 0.17390688 0.1655608  0.1795486  0.16733936 0.15841859 0.18205523
 0.20231141 0.19754288 0.20418022 0.16926023 0.22577406 0.19688958
 0.17813162 0.13667071 0.21226198 0.19382315 0.19225018 0.17361809
 0.18183909 0.19347489 0.19842591 0.17336656 0.16182449 0.17475814
 0.18221667 0.17577257 0.1772488  0.18921036 0.16225539 0.16602113
 0.17591871 0.19926257 0.12532981 0.20388607 0.1974572  0.18335835
 0.1740801  0.21345635 0.19878692 0.18307004 0.18394521 0.16900102
 0.19457818 0.20063469 0.15005353 0.14137278 0.17475902 0.15263324
 0.1798579  0.2056702 ]
charlie_repeat-2
METEOR
[0.14481842 0.13915649 0.15014014 0.15570471 0.15363505 0.14931407
 0.12601972 0.13780422 0.17725137 0.17619738 0.11821205 0.17964459
 0.12650832 0.15197991 0.16444367 0.15300481 0.18185864 0.17957722
 0.14399016 0.16069425 0.13601404 0.15332991 0.18390941 0.19509992
 0.14323492 0.15165647 0.15989851 0.15302639 0.15967552 0.14952926
 0.11861096 0.16866729 0.13981394 0.16222267 0.15912394 0.18521669
 0.1477547  0.14807151 0.17310227 0.1349408  0.13971638 0.13265401
 0.15489704 0.1417705  0.14676413 0.16668976 0.1814314  0.15035203
 0.15063659 0.14378579 0.14603832 0.1742919  0.1552132  0.14940864
 0.15693734 0.15337997 0.15165646 0.1356898  0.16746971 0.15360874
 0.16019613 0.1918224  0.16300955 0.13852186 0.13229785 0.15875715
 0.13778823 0.14395516 0.14493314 0.13446054 0.17332925 0.14647203
 0.18272349 0.12704912 0.15556696 0.18090552 0.14828952 0.18076711
 0.15603776 0.1595727  0.14541863 0.13046695 0.13067188 0.14334347
 0.13841169 0.14136939 0.16988104 0.13024759 0.13620464 0.17288901
 0.15611683 0.14067249 0.15906159 0.17143808 0.10560967 0.14195452
 0.13479669 0.15873995 0.11825606 0.14881048 0.13906532 0.13836543
 0.17142827 0.18102428 0.14679695 0.14822643 0.19163083 0.15198216
 0.14819717 0.15634026 0.14222508 0.1470948  0.17878727 0.13602109
 0.14423557 0.15377077 0.15328283 0.17138548 0.13843062 0.14591241
 0.14863576 0.1208483  0.16497349 0.14343746 0.16420079 0.16205875
 0.14236061 0.17380868 0.14214103 0.1496689  0.13707984 0.15479612
 0.13027516 0.15583846 0.14914773 0.16436256 0.18979627 0.17362755
 0.17136361 0.12613491 0.15901059 0.15270845 0.1610234  0.13699876
 0.16271463 0.15280507 0.11783805 0.14247127 0.16439389 0.13419609
 0.15938884 0.14924929 0.16361063 0.13406574 0.13580892 0.15539764
 0.15686314 0.16742231 0.16331461 0.14523864 0.17449341 0.14313458
 0.15331219 0.13109094 0.14437956 0.16047613 0.1490588  0.1562186
 0.14452693 0.15681941 0.17106736 0.17607526 0.14932871 0.13957651
 0.15503566 0.14874007 0.14278218 0.16050269 0.15077931 0.14108669
 0.17198581 0.16691375 0.10964813 0.15471337 0.15740681 0.13489363
 0.13547702 0.17237395 0.16555468 0.16217157 0.14380773 0.12332923
 0.14647238 0.15700772 0.1330728  0.12120307 0.16244476 0.13889393
 0.15586988 0.1781991 ]
charlie_repeat-2
BERT
[0.7883198  0.7830267  0.78471935 0.7861134  0.7849953  0.7841963
 0.78323907 0.7843267  0.78514344 0.7807534  0.7765525  0.7897513
 0.792885   0.7876317  0.7905775  0.7788741  0.7836523  0.79313457
 0.7860208  0.7851269  0.78471684 0.7849603  0.7907124  0.79164135
 0.78571886 0.78881735 0.78610545 0.77933943 0.78516054 0.78258514
 0.7826297  0.7862122  0.78742385 0.7866999  0.7846915  0.78108567
 0.7883179  0.78371316 0.7884336  0.7848122  0.7817308  0.7826714
 0.785204   0.7822286  0.78313446 0.7800765  0.78478205 0.7863202
 0.78483593 0.7852743  0.78249115 0.782965   0.78278106 0.78877527
 0.78368264 0.784731   0.7848882  0.7803343  0.784349   0.78247684
 0.7821082  0.78465605 0.7887844  0.79316497 0.7844252  0.78555715
 0.78293663 0.7819038  0.7848428  0.78822625 0.7926329  0.7816924
 0.7817714  0.780921   0.78772175 0.78930414 0.7822087  0.7835353
 0.78853387 0.78836757 0.7833144  0.780143   0.78460014 0.78760195
 0.78221613 0.7803775  0.7888001  0.7803438  0.7845243  0.78897077
 0.7813485  0.7838573  0.78353786 0.7869802  0.78082323 0.7836625
 0.78024554 0.7843699  0.77943593 0.78144675 0.78215575 0.78830886
 0.78725004 0.78943604 0.7831835  0.7829147  0.7892718  0.78636616
 0.78337044 0.7838252  0.78320664 0.7812857  0.78590107 0.78752124
 0.7853053  0.79000694 0.7863202  0.78712577 0.78347963 0.78025234
 0.7859475  0.7857981  0.79190075 0.78884953 0.7791088  0.7813671
 0.78493667 0.78985566 0.7834604  0.7825327  0.7834857  0.78405565
 0.7796026  0.78622556 0.78510183 0.7820389  0.7840702  0.7853685
 0.7787576  0.7862942  0.7818416  0.7843785  0.7865133  0.7873632
 0.7897079  0.78474146 0.7822447  0.78187907 0.7847484  0.7809899
 0.7859971  0.7847696  0.78506285 0.78677434 0.7821285  0.7836647
 0.78925407 0.78769916 0.7817529  0.78413296 0.78825045 0.78587955
 0.78384584 0.78529793 0.78767574 0.78844386 0.7844573  0.78241813
 0.7825752  0.78456414 0.7829413  0.7828182  0.786882   0.78208613
 0.7829051  0.78047895 0.7908708  0.7871239  0.7807579  0.78056985
 0.7898198  0.78248996 0.78339374 0.7852617  0.7859616  0.7823148
 0.7805531  0.78609383 0.78830284 0.7924867  0.7808131  0.78116214
 0.781461   0.78506404 0.7851886  0.7851663  0.7868448  0.7839511
 0.7910385  0.784934  ]
[nltk_data] Downloading package wordnet to /mnt/iusers01/fse-
[nltk_data]     ugpgt01/compsci01/q12628ct/nltk_data...
[nltk_data]   Package wordnet is already up-to-date!
[nltk_data] Downloading package punkt_tab to /mnt/iusers01/fse-
[nltk_data]     ugpgt01/compsci01/q12628ct/nltk_data...
[nltk_data]   Package punkt_tab is already up-to-date!
[nltk_data] Downloading package omw-1.4 to /mnt/iusers01/fse-
[nltk_data]     ugpgt01/compsci01/q12628ct/nltk_data...
[nltk_data]   Package omw-1.4 is already up-to-date!
/mnt/iusers01/fse-ugpgt01/compsci01/q12628ct/.conda/envs/semantic-decoding/lib/python3.10/site-packages/huggingface_hub/file_download.py:945: FutureWarning: `resume_download` is deprecated and will be removed in version 1.0.0. Downloads always resume when possible. If you want to force a new download, use `force_download=True`.
  warnings.warn(
Some weights of the model checkpoint at roberta-large were not used when initializing RobertaModel: ['lm_head.dense.weight', 'lm_head.bias', 'lm_head.layer_norm.weight', 'lm_head.dense.bias', 'lm_head.layer_norm.bias']
- This IS expected if you are initializing RobertaModel from the checkpoint of a model trained on another task or with another architecture (e.g. initializing a BertForSequenceClassification model from a BertForPreTraining model).
- This IS NOT expected if you are initializing RobertaModel from the checkpoint of a model that you expect to be exactly identical (initializing a BertForSequenceClassification model from a BertForSequenceClassification model).
Some weights of RobertaModel were not initialized from the model checkpoint at roberta-large and are newly initialized: ['roberta.pooler.dense.bias', 'roberta.pooler.dense.weight']
You should probably TRAIN this model on a down-stream task to be able to use it for predictions and inference.
delta_repeat-1
WER
[-0.22657772 -0.21681005 -0.22817493 -0.23879946 -0.22607287 -0.22051159
 -0.25194746 -0.24774227 -0.20888097 -0.21759063 -0.23200495 -0.23086158
 -0.24381134 -0.23410451 -0.21168464 -0.22503115 -0.21253483 -0.19851016
 -0.24961626 -0.21089322 -0.22673671 -0.20612392 -0.22329965 -0.22737481
 -0.2396462  -0.23680138 -0.22925969 -0.25377189 -0.22116048 -0.22794307
 -0.25191406 -0.2503099  -0.23626576 -0.23264688 -0.25213855 -0.19706043
 -0.23495747 -0.22229148 -0.24317814 -0.24191304 -0.23583589 -0.2205495
 -0.23664273 -0.2199757  -0.24037931 -0.22574345 -0.23120248 -0.23091137
 -0.2381178  -0.22944376 -0.20306872 -0.23503965 -0.25443814 -0.21946835
 -0.21519964 -0.23442439 -0.2592989  -0.21930734 -0.18044501 -0.21128629
 -0.23262079 -0.2329087  -0.22008391 -0.2756272  -0.22174588 -0.23419973
 -0.23238038 -0.22199981 -0.22665841 -0.23977836 -0.23460944 -0.22018448
 -0.23624096 -0.23600704 -0.20970436 -0.24710449 -0.24267466 -0.21997268
 -0.2424022  -0.26293235 -0.21941347 -0.22198726 -0.21381421 -0.22952726
 -0.21163475 -0.21102637 -0.23935404 -0.22387857 -0.24029532 -0.23312406
 -0.2290507  -0.20233949 -0.2312381  -0.24396454 -0.25567043 -0.25543802
 -0.21479696 -0.22812808 -0.19987563 -0.23126568 -0.21989118 -0.25563854
 -0.22353038 -0.24585958 -0.21059645 -0.23946887 -0.23793834 -0.226944
 -0.23406517 -0.23472956 -0.25054094 -0.2473757  -0.22859571 -0.25565998
 -0.23260478 -0.23565112 -0.23350693 -0.26559827 -0.22593372 -0.19776058
 -0.22090822 -0.21846298 -0.23876823 -0.25114919 -0.23020792 -0.2301158
 -0.20431219 -0.24932743 -0.23967914 -0.23723249 -0.24536587 -0.23985576
 -0.22217601 -0.21756145 -0.23401046 -0.21155749 -0.23752626 -0.23644188
 -0.21261252 -0.22093674 -0.26158124 -0.23053323 -0.22605376 -0.22476424
 -0.21767979 -0.22882966 -0.231687   -0.22226188 -0.23118687 -0.20177395
 -0.20385816 -0.24308866 -0.20663687 -0.22983424 -0.26532729 -0.20711294
 -0.2270606  -0.24032284 -0.23573671 -0.20460061 -0.21831535 -0.20873044
 -0.25145321 -0.2618969  -0.25707583 -0.21738661 -0.25134707 -0.2457922
 -0.25729639 -0.22184782 -0.2147776  -0.23158174 -0.22095761 -0.25224669
 -0.24160674 -0.25299118 -0.18868114 -0.20033936 -0.25902473 -0.23831561
 -0.2430745  -0.2403849  -0.2236782  -0.21035273 -0.18847814 -0.22890566
 -0.21798071 -0.22115551 -0.22572458 -0.23798326 -0.23042601 -0.25896551
 -0.24565574 -0.23890914 -0.25146352 -0.22038642 -0.22670463 -0.22724251
 -0.21679066 -0.2562943 ]
delta_repeat-1
BLEU
[0.14956869 0.21635774 0.16620653 0.1717324  0.1771595  0.18298492
 0.17457408 0.17294028 0.19307414 0.21988404 0.18406467 0.19136314
 0.18430886 0.1635265  0.18225549 0.18117045 0.20871113 0.21347289
 0.19405389 0.20536573 0.18334223 0.21918095 0.18932408 0.1460404
 0.1500789  0.16180379 0.23792751 0.13809769 0.18655087 0.2090692
 0.15933568 0.14805267 0.18359134 0.22097291 0.18242753 0.2348554
 0.21771242 0.16626226 0.19611691 0.18649189 0.20982936 0.19664849
 0.17737137 0.17186853 0.16928937 0.17438638 0.19822889 0.20352891
 0.15795616 0.22108193 0.1797571  0.15392509 0.16707631 0.20464822
 0.16242577 0.1458996  0.19337049 0.21240824 0.17579017 0.1921466
 0.1796809  0.18509404 0.19213743 0.08707699 0.19633747 0.1790195
 0.17535719 0.1690971  0.21273272 0.16821128 0.15697591 0.19615839
 0.15645558 0.17846701 0.20965519 0.18393317 0.18009138 0.17201666
 0.15300248 0.1483933  0.21079678 0.19299637 0.20080829 0.15793654
 0.17149925 0.23466801 0.17083459 0.22069477 0.16636416 0.22740474
 0.15769821 0.19913595 0.16073602 0.16472378 0.14679716 0.1567691
 0.19927002 0.18669104 0.21887117 0.17134761 0.17950448 0.17538192
 0.19784586 0.17822443 0.22983269 0.1562958  0.17511636 0.189705
 0.18427992 0.20853939 0.18385251 0.17859033 0.19366295 0.15688168
 0.1644367  0.13008336 0.20600262 0.15263743 0.19961104 0.21235172
 0.21647604 0.17588311 0.19780921 0.21239653 0.20140892 0.15573505
 0.17536632 0.19128549 0.16426022 0.17118637 0.19906333 0.17637884
 0.1998808  0.18164095 0.20394373 0.1971437  0.16971682 0.18392215
 0.17916392 0.21233098 0.12656417 0.1965795  0.1856766  0.13616152
 0.20035414 0.20321422 0.19859588 0.21161954 0.20818281 0.19489593
 0.20831371 0.14167547 0.18300813 0.14944945 0.14673755 0.21110223
 0.19881692 0.18329864 0.18795407 0.21419757 0.18244307 0.20503032
 0.16005682 0.11897141 0.14779524 0.20485929 0.15752297 0.16908662
 0.17939257 0.16065068 0.18478472 0.1565377  0.1961743  0.17010231
 0.18688301 0.19447304 0.21459699 0.17342108 0.16195461 0.19191919
 0.18372487 0.18900584 0.19324712 0.20813588 0.18537395 0.18879015
 0.16725912 0.20110709 0.16909341 0.23099796 0.14801687 0.14629152
 0.13976762 0.18991263 0.16301951 0.19211267 0.15351504 0.17310247
 0.20388819 0.1419368 ]
delta_repeat-1
METEOR
[0.14355223 0.15610418 0.15075602 0.13372217 0.14799953 0.15642273
 0.13974114 0.14187401 0.14610965 0.17958184 0.18476538 0.17526026
 0.1613615  0.13586649 0.1650995  0.1472996  0.1764204  0.16993965
 0.15078856 0.15873384 0.14733875 0.17883307 0.16393598 0.1181397
 0.13313468 0.13059703 0.2046691  0.12777678 0.16812962 0.17168844
 0.14862102 0.14794593 0.15548563 0.17966572 0.16103697 0.17595079
 0.18033064 0.15608584 0.16742568 0.15245981 0.17461889 0.16301079
 0.16940883 0.14439786 0.12571456 0.14502839 0.16387379 0.16287037
 0.13913184 0.20368313 0.15675193 0.14088711 0.15617611 0.1868627
 0.13590222 0.13591356 0.15068367 0.18777379 0.1710223  0.15818973
 0.16104523 0.1475565  0.17100472 0.10825768 0.15260924 0.16667455
 0.15640045 0.16435352 0.18652597 0.16268834 0.13173954 0.16328985
 0.15386136 0.156396   0.19375619 0.16613622 0.15745978 0.14870676
 0.13475775 0.12179473 0.18762045 0.16980641 0.18800235 0.15136663
 0.16817391 0.18475929 0.13912305 0.18802927 0.14403976 0.18731723
 0.1371175  0.16233917 0.15812206 0.15167344 0.12244342 0.14088227
 0.17566034 0.16942465 0.19576983 0.14637439 0.14980518 0.14712169
 0.15768711 0.15337206 0.16862624 0.15149501 0.15498253 0.16428449
 0.18098627 0.18604366 0.1725525  0.15931916 0.14974586 0.13932191
 0.15296943 0.12849948 0.17353514 0.12564659 0.16522265 0.16102758
 0.18408324 0.15148551 0.16451091 0.1803488  0.17570088 0.13319149
 0.15305624 0.17535917 0.13369029 0.14226346 0.16649113 0.1366138
 0.17044091 0.1914022  0.18176076 0.18764876 0.1455349  0.16949128
 0.1375563  0.15598648 0.11180898 0.17915205 0.17218942 0.11857802
 0.18313584 0.17109182 0.18549078 0.16554097 0.18309215 0.17850448
 0.18557155 0.13588945 0.15600876 0.13756842 0.12643056 0.17495973
 0.15777823 0.17653898 0.15112343 0.20808402 0.14677219 0.16471269
 0.15241238 0.11140813 0.14831664 0.17956243 0.13845452 0.15648433
 0.15000934 0.14732718 0.1676289  0.1333281  0.17243901 0.13626315
 0.17578024 0.16611062 0.16155158 0.14331548 0.14124901 0.1615769
 0.15720611 0.16256777 0.15233983 0.1803421  0.14353734 0.16367866
 0.1477792  0.15781817 0.14346891 0.19984272 0.13332348 0.1288329
 0.12361422 0.17915473 0.1530892  0.15233983 0.12998857 0.14024069
 0.17391858 0.11679725]
delta_repeat-1
BERT
[0.79867864 0.80864835 0.7947801  0.79459035 0.7995352  0.8023876
 0.79527885 0.79322964 0.79442906 0.80333644 0.8042672  0.80129325
 0.80823135 0.7952675  0.80772114 0.7912639  0.8022781  0.8045089
 0.8008577  0.802809   0.8032651  0.80805606 0.80174804 0.79085857
 0.79250103 0.79747987 0.80378014 0.7984122  0.8014409  0.8066463
 0.7961232  0.79718363 0.801416   0.810859   0.7973164  0.80668247
 0.8054909  0.80427736 0.80183876 0.80418646 0.8144457  0.7974195
 0.80709654 0.80540264 0.7986799  0.8083029  0.80144846 0.80090594
 0.7959848  0.8106958  0.7932363  0.79013807 0.7939442  0.80310917
 0.7978482  0.7948079  0.7984747  0.8097518  0.80229986 0.7963337
 0.79620165 0.7997413  0.8045308  0.7945016  0.7993943  0.7989717
 0.80124384 0.7988182  0.80372715 0.7973585  0.7957767  0.80821276
 0.8065557  0.8054236  0.8168965  0.8011122  0.79682624 0.8024452
 0.79390347 0.7925437  0.8055694  0.8053483  0.810601   0.79284567
 0.7966974  0.8032062  0.79543585 0.8061117  0.8026566  0.81089646
 0.79617935 0.8067916  0.7914186  0.7946247  0.7956092  0.7952327
 0.81001544 0.7929508  0.80396175 0.7947128  0.80389285 0.79452443
 0.7982228  0.8060409  0.81356376 0.80118877 0.7940778  0.7963947
 0.7989367  0.80369896 0.79458255 0.7950555  0.8006548  0.7947568
 0.79809916 0.80063844 0.80895746 0.79714835 0.8012292  0.80305386
 0.8049269  0.80306    0.8040277  0.80463207 0.7978454  0.8024732
 0.8059318  0.8081887  0.79455316 0.8071727  0.79644924 0.79369134
 0.7991307  0.80329525 0.80895585 0.80386233 0.8052751  0.80560434
 0.8045308  0.80406934 0.79482704 0.8013127  0.8078762  0.7904879
 0.80307317 0.8007769  0.7960898  0.8054526  0.81062067 0.8018736
 0.801653   0.7914749  0.7951958  0.7919841  0.80004764 0.80955124
 0.81046647 0.8055029  0.80228376 0.81111145 0.7955075  0.804694
 0.7923322  0.7908523  0.79316425 0.80231607 0.7952776  0.7973354
 0.7966984  0.7982082  0.7981803  0.79547304 0.8015462  0.79787576
 0.803089   0.7997065  0.81111693 0.7936089  0.797696   0.79554796
 0.80164766 0.79426837 0.80445236 0.80817145 0.80232686 0.79405457
 0.80196047 0.80150825 0.79345286 0.805028   0.79590344 0.80037147
 0.796677   0.80897915 0.796843   0.79792285 0.8051836  0.79549885
 0.80040556 0.80087847]
[nltk_data] Downloading package wordnet to /mnt/iusers01/fse-
[nltk_data]     ugpgt01/compsci01/q12628ct/nltk_data...
[nltk_data]   Package wordnet is already up-to-date!
[nltk_data] Downloading package punkt_tab to /mnt/iusers01/fse-
[nltk_data]     ugpgt01/compsci01/q12628ct/nltk_data...
[nltk_data]   Package punkt_tab is already up-to-date!
[nltk_data] Downloading package omw-1.4 to /mnt/iusers01/fse-
[nltk_data]     ugpgt01/compsci01/q12628ct/nltk_data...
[nltk_data]   Package omw-1.4 is already up-to-date!
/mnt/iusers01/fse-ugpgt01/compsci01/q12628ct/.conda/envs/semantic-decoding/lib/python3.10/site-packages/huggingface_hub/file_download.py:945: FutureWarning: `resume_download` is deprecated and will be removed in version 1.0.0. Downloads always resume when possible. If you want to force a new download, use `force_download=True`.
  warnings.warn(
Some weights of the model checkpoint at roberta-large were not used when initializing RobertaModel: ['lm_head.layer_norm.bias', 'lm_head.dense.bias', 'lm_head.layer_norm.weight', 'lm_head.bias', 'lm_head.dense.weight']
- This IS expected if you are initializing RobertaModel from the checkpoint of a model trained on another task or with another architecture (e.g. initializing a BertForSequenceClassification model from a BertForPreTraining model).
- This IS NOT expected if you are initializing RobertaModel from the checkpoint of a model that you expect to be exactly identical (initializing a BertForSequenceClassification model from a BertForSequenceClassification model).
Some weights of RobertaModel were not initialized from the model checkpoint at roberta-large and are newly initialized: ['roberta.pooler.dense.weight', 'roberta.pooler.dense.bias']
You should probably TRAIN this model on a down-stream task to be able to use it for predictions and inference.
delta_repeat-2
WER
[-0.26093554 -0.26722372 -0.25630156 -0.27516987 -0.26782314 -0.25551621
 -0.28092646 -0.26510066 -0.25738492 -0.29512484 -0.2754804  -0.28090249
 -0.27178981 -0.25391964 -0.27547564 -0.27268221 -0.26577828 -0.28306761
 -0.26922536 -0.30291013 -0.25201716 -0.26078348 -0.29588242 -0.27236717
 -0.27206686 -0.27318067 -0.26447225 -0.27395904 -0.2707721  -0.28580939
 -0.25513501 -0.29161742 -0.28276826 -0.26595536 -0.25989765 -0.28048645
 -0.28223399 -0.28102556 -0.25533433 -0.29018537 -0.25929602 -0.29095922
 -0.26365399 -0.2537456  -0.28342836 -0.25255001 -0.250781   -0.26802418
 -0.28356553 -0.26811979 -0.25354767 -0.28780094 -0.26995932 -0.25753099
 -0.26264061 -0.25965296 -0.28543455 -0.26516463 -0.27258621 -0.271582
 -0.26383703 -0.27340479 -0.25423822 -0.2937571  -0.27146198 -0.29384184
 -0.27972845 -0.26800933 -0.29929839 -0.2738021  -0.27953314 -0.27851076
 -0.27186528 -0.26466163 -0.24530794 -0.26930662 -0.26326996 -0.2767369
 -0.27180999 -0.29221899 -0.2737984  -0.28323088 -0.2663948  -0.24286511
 -0.28027769 -0.30661714 -0.27212084 -0.26854474 -0.2953514  -0.25788165
 -0.22690165 -0.27836487 -0.28219776 -0.25558429 -0.25568968 -0.25589039
 -0.26105856 -0.25688085 -0.27405722 -0.2354482  -0.25750057 -0.25377914
 -0.3033756  -0.25763881 -0.25188493 -0.24874021 -0.26938322 -0.26794443
 -0.27909608 -0.2576494  -0.28771614 -0.2933472  -0.26990247 -0.26718321
 -0.26758013 -0.27921968 -0.25954532 -0.24890144 -0.27968593 -0.27962021
 -0.26035395 -0.25319724 -0.255108   -0.2784416  -0.2721015  -0.24716749
 -0.25768074 -0.27704512 -0.28108949 -0.28690433 -0.25761292 -0.27133825
 -0.27788592 -0.25606889 -0.27377092 -0.29636973 -0.27977124 -0.234719
 -0.2689888  -0.29340593 -0.26014133 -0.23311673 -0.27142159 -0.27785467
 -0.28272047 -0.24453374 -0.26458272 -0.2611041  -0.2629435  -0.26423814
 -0.24981012 -0.25368427 -0.29515619 -0.26007783 -0.24073537 -0.28088592
 -0.26503087 -0.25455068 -0.27978069 -0.27280635 -0.29233637 -0.30028979
 -0.25203706 -0.26755836 -0.28764377 -0.29988879 -0.27703732 -0.26030852
 -0.28294104 -0.27849664 -0.25599729 -0.2604005  -0.25868027 -0.27772983
 -0.24938254 -0.28375665 -0.26822255 -0.26493155 -0.28060091 -0.2709776
 -0.28112094 -0.30516725 -0.26031667 -0.26573499 -0.2624108  -0.25727916
 -0.27066512 -0.2938123  -0.24292721 -0.26841143 -0.28836726 -0.27209701
 -0.29699606 -0.27910166 -0.27632606 -0.24789801 -0.27934178 -0.25728431
 -0.27111644 -0.27574198]
delta_repeat-2
BLEU
[0.18642479 0.17707199 0.14776206 0.17884533 0.16813993 0.20981529
 0.1733763  0.1708512  0.21331363 0.1510552  0.19230368 0.1593788
 0.1628834  0.22434594 0.17577428 0.17153842 0.20820186 0.18667021
 0.19259192 0.14457724 0.17810931 0.14349225 0.18779991 0.18786983
 0.20145589 0.17594174 0.2040601  0.18452277 0.1706487  0.16337888
 0.20945534 0.15654124 0.17141754 0.16147756 0.24329864 0.18504614
 0.20662429 0.12852839 0.16614353 0.14634208 0.19297182 0.17730519
 0.15860682 0.18292615 0.16418254 0.19929491 0.14543248 0.21212704
 0.18130917 0.18654721 0.22402999 0.16178763 0.1787631  0.18740698
 0.20359964 0.19505002 0.14055498 0.21205753 0.18989657 0.15357542
 0.186733   0.19357155 0.25251517 0.15813707 0.1995116  0.16806801
 0.17688238 0.14576692 0.16156693 0.19589414 0.13739206 0.18980629
 0.16805007 0.19566818 0.19697018 0.16880882 0.1703119  0.17750794
 0.19010502 0.16780355 0.19999201 0.15333246 0.17153668 0.19292491
 0.15927942 0.17301349 0.15857921 0.17632544 0.16508504 0.20823674
 0.20050593 0.16687063 0.15900265 0.22807517 0.19401104 0.21304547
 0.16192598 0.21549084 0.19906571 0.19082892 0.20841667 0.1687723
 0.13496936 0.21251145 0.17786105 0.20920025 0.16722261 0.20015127
 0.17183811 0.16527584 0.16480986 0.16953076 0.17594698 0.17451803
 0.18663875 0.18365781 0.1874033  0.19737261 0.17978828 0.13985054
 0.21286164 0.19287646 0.20104246 0.1728215  0.17969503 0.18659772
 0.18459484 0.18254815 0.15864078 0.15017089 0.18983811 0.17598424
 0.18727771 0.18977336 0.17930004 0.13158013 0.15401021 0.18997132
 0.1498384  0.1645346  0.21852351 0.22321584 0.20193125 0.17538754
 0.12836815 0.23807578 0.20354309 0.20802636 0.16567678 0.17719943
 0.21995164 0.21632747 0.15097144 0.18532244 0.19996717 0.18616455
 0.16693522 0.14377223 0.17974881 0.18640157 0.19628559 0.15195667
 0.19481532 0.19975669 0.13282881 0.15490034 0.19797112 0.16986659
 0.12729522 0.19798141 0.19807148 0.18486123 0.17268181 0.19957985
 0.20010941 0.16932793 0.21037791 0.19222076 0.15719858 0.18950087
 0.17811996 0.13047424 0.21130034 0.18126306 0.21378969 0.17070847
 0.17692293 0.15046966 0.21914828 0.19204457 0.18211117 0.18486577
 0.1380993  0.19242355 0.17616225 0.18299076 0.17528895 0.16180485
 0.18163579 0.20049097]
delta_repeat-2
METEOR
[0.15441867 0.17039398 0.12679982 0.14490416 0.15242794 0.19336882
 0.16428183 0.15557206 0.18986099 0.12141391 0.1709568  0.16098829
 0.14074647 0.21360682 0.13895772 0.15439825 0.18633892 0.17727771
 0.1764228  0.14072352 0.15810989 0.12666946 0.16678661 0.16892114
 0.19274554 0.16658887 0.17563744 0.17530072 0.12507    0.14489726
 0.19227749 0.15109133 0.15496597 0.15316986 0.2061624  0.18736668
 0.197885   0.1181492  0.16729972 0.14318518 0.17876737 0.16267775
 0.14187613 0.15440058 0.16675515 0.18564375 0.13652794 0.17663478
 0.16472414 0.18850389 0.19110745 0.13871746 0.1604791  0.13471857
 0.18217299 0.17287735 0.14634347 0.18346129 0.16891709 0.1555215
 0.16853438 0.16160788 0.22086137 0.15138453 0.17310028 0.15842868
 0.1606867  0.1356368  0.16645328 0.16767144 0.13999344 0.16345304
 0.1508582  0.20133348 0.18277519 0.17016648 0.15656307 0.14551331
 0.17592731 0.16081846 0.17461048 0.13013771 0.16863896 0.17965585
 0.13554632 0.15267196 0.15645788 0.14565092 0.14474956 0.20116072
 0.18353738 0.13828071 0.14198146 0.18918241 0.16501847 0.18061405
 0.16812673 0.18339586 0.17001063 0.17409482 0.17871322 0.16401015
 0.14380478 0.16918656 0.16675737 0.18442542 0.15325021 0.1605999
 0.16914256 0.15139081 0.1393761  0.15671865 0.15785295 0.15580725
 0.1452633  0.15314891 0.16226892 0.17718054 0.16829078 0.1373189
 0.20230385 0.1703299  0.17436492 0.1367828  0.17867037 0.17061022
 0.15919551 0.15427138 0.13261923 0.14639831 0.17634467 0.16547188
 0.17462669 0.16984242 0.16299355 0.11423847 0.14694094 0.15916491
 0.13662899 0.14708752 0.18235647 0.16347118 0.1929288  0.15701856
 0.11896331 0.19748475 0.18753898 0.20221145 0.1514388  0.16549831
 0.21325168 0.18423636 0.14662659 0.16844254 0.18727616 0.1787236
 0.13386321 0.13189425 0.15739029 0.16700465 0.16854329 0.14532745
 0.16375573 0.1710803  0.12708487 0.14053189 0.18569782 0.15242645
 0.11668671 0.1756169  0.16040406 0.17137369 0.17408359 0.17431086
 0.18429193 0.14759189 0.17138472 0.17555745 0.14502854 0.16676064
 0.1505882  0.13550226 0.18678734 0.16242039 0.18170767 0.1535109
 0.14940916 0.12980766 0.18493268 0.19539927 0.17261132 0.16226597
 0.14706476 0.15212503 0.17379995 0.17607891 0.16610851 0.15368202
 0.17234496 0.19183483]
delta_repeat-2
BERT
[0.79968894 0.81002545 0.79588616 0.80337214 0.79530454 0.7995464
 0.80398214 0.7978617  0.80849355 0.79247963 0.8108439  0.79740727
 0.7951386  0.80773    0.8078054  0.80385923 0.80360377 0.7993741
 0.80136937 0.7972742  0.8051715  0.7935262  0.8045898  0.796765
 0.80449396 0.7987762  0.80517036 0.7944603  0.794079   0.8007058
 0.8017567  0.79818624 0.80175567 0.80191004 0.8072369  0.79912865
 0.8077239  0.79874253 0.80502903 0.7954055  0.8059201  0.80484205
 0.79859126 0.8042715  0.7951625  0.80566204 0.7964001  0.8099455
 0.80165035 0.81178886 0.81306607 0.8013025  0.8044537  0.7959626
 0.8099557  0.81669647 0.8047232  0.80264336 0.8029503  0.7954198
 0.80778354 0.80625373 0.8040698  0.7965464  0.79930824 0.799811
 0.80650413 0.7955395  0.80217624 0.8026272  0.7970334  0.80090064
 0.80175686 0.8101029  0.8041996  0.79624224 0.8093954  0.8027206
 0.808163   0.7974825  0.801968   0.7974419  0.79970986 0.8019346
 0.8027108  0.7985911  0.802298   0.7961235  0.7970407  0.80625796
 0.8081186  0.7965438  0.79271984 0.8058193  0.8026258  0.80768454
 0.798755   0.8020419  0.80674034 0.8016255  0.8115952  0.80155313
 0.7978055  0.8075435  0.80176914 0.80752087 0.8084677  0.80663764
 0.8046399  0.8028996  0.7937159  0.8003918  0.8074545  0.79835975
 0.80357033 0.80129504 0.80132544 0.80618614 0.80468297 0.79787076
 0.80865127 0.79909    0.80437565 0.7972064  0.8046719  0.80027044
 0.80466574 0.7975355  0.7932407  0.7968185  0.803857   0.79742914
 0.8029613  0.80167884 0.801479   0.7935507  0.7928721  0.8014999
 0.79680747 0.79457575 0.80223984 0.8114846  0.8087093  0.8065706
 0.7948617  0.81641906 0.80252904 0.80371046 0.8032492  0.7969472
 0.80891615 0.80894756 0.7927836  0.8076288  0.8069309  0.8070695
 0.80006874 0.79501307 0.8036394  0.8047286  0.8045173  0.79386055
 0.8061845  0.8025209  0.7923008  0.793843   0.8037035  0.8006074
 0.79120106 0.80436164 0.80861765 0.80416095 0.8075931  0.80879676
 0.8050413  0.7980556  0.80954546 0.8064771  0.7958341  0.8019798
 0.79947615 0.7954508  0.80951095 0.8039839  0.8105351  0.79816765
 0.80285877 0.7907542  0.8066639  0.80719066 0.8040086  0.803117
 0.79583424 0.80904835 0.7973321  0.80552775 0.7971147  0.79501015
 0.8078275  0.8087816 ]
[nltk_data] Downloading package wordnet to /mnt/iusers01/fse-
[nltk_data]     ugpgt01/compsci01/q12628ct/nltk_data...
[nltk_data]   Package wordnet is already up-to-date!
[nltk_data] Downloading package punkt_tab to /mnt/iusers01/fse-
[nltk_data]     ugpgt01/compsci01/q12628ct/nltk_data...
[nltk_data]   Package punkt_tab is already up-to-date!
[nltk_data] Downloading package omw-1.4 to /mnt/iusers01/fse-
[nltk_data]     ugpgt01/compsci01/q12628ct/nltk_data...
[nltk_data]   Package omw-1.4 is already up-to-date!
/mnt/iusers01/fse-ugpgt01/compsci01/q12628ct/.conda/envs/semantic-decoding/lib/python3.10/site-packages/huggingface_hub/file_download.py:945: FutureWarning: `resume_download` is deprecated and will be removed in version 1.0.0. Downloads always resume when possible. If you want to force a new download, use `force_download=True`.
  warnings.warn(
Some weights of the model checkpoint at roberta-large were not used when initializing RobertaModel: ['lm_head.layer_norm.weight', 'lm_head.layer_norm.bias', 'lm_head.dense.weight', 'lm_head.dense.bias', 'lm_head.bias']
- This IS expected if you are initializing RobertaModel from the checkpoint of a model trained on another task or with another architecture (e.g. initializing a BertForSequenceClassification model from a BertForPreTraining model).
- This IS NOT expected if you are initializing RobertaModel from the checkpoint of a model that you expect to be exactly identical (initializing a BertForSequenceClassification model from a BertForSequenceClassification model).
Some weights of RobertaModel were not initialized from the model checkpoint at roberta-large and are newly initialized: ['roberta.pooler.dense.bias', 'roberta.pooler.dense.weight']
You should probably TRAIN this model on a down-stream task to be able to use it for predictions and inference.
echo_repeat-1
WER
[-0.05270653 -0.06900307 -0.06838487 -0.0597947  -0.05426057 -0.07663277
 -0.06505883 -0.04904866 -0.06383439 -0.07010297 -0.05476061 -0.06306075
 -0.06367184 -0.06089499 -0.05656857 -0.07187757 -0.07444558 -0.05526939
 -0.06892313 -0.05743488 -0.06684373 -0.04980637 -0.04952557 -0.04422813
 -0.0629168  -0.06300041 -0.08233401 -0.07711509 -0.05658997 -0.06592062
 -0.06207479 -0.03543505 -0.05520886 -0.07131494 -0.07097311 -0.06437968
 -0.0674438  -0.05432305 -0.06476771 -0.04002705 -0.07690064 -0.06658274
 -0.05027057 -0.07115145 -0.05343419 -0.0572596  -0.05808331 -0.07203871
 -0.04398949 -0.05950439 -0.06751299 -0.0603937  -0.06607267 -0.05178079
 -0.05923045 -0.05831841 -0.06634268 -0.0523584  -0.05939782 -0.06759668
 -0.05856955 -0.0434945  -0.05650137 -0.07186018 -0.05795191 -0.05412788
 -0.07586008 -0.07198815 -0.05662881 -0.07178852 -0.0288747  -0.07351546
 -0.05361699 -0.04685266 -0.05556697 -0.08214584 -0.03427362 -0.07616676
 -0.07724564 -0.06118581 -0.07444169 -0.04882957 -0.07139549 -0.06579772
 -0.06581879 -0.03961179 -0.06969309 -0.06526808 -0.06347659 -0.08379088
 -0.06074429 -0.05152589 -0.06677199 -0.05975592 -0.0653732  -0.06703897
 -0.0633343  -0.07671945 -0.06305393 -0.04597615 -0.07343019 -0.07188678
 -0.05666369 -0.05400802 -0.07471792 -0.06911071 -0.06184616 -0.07021028
 -0.06276555 -0.07307932 -0.05388468 -0.04795298 -0.06506932 -0.0775336
 -0.05319396 -0.0745627  -0.06418973 -0.06188561 -0.0752492  -0.04991686
 -0.07345254 -0.06185383 -0.06098369 -0.05087283 -0.05219003 -0.05366318
 -0.07216852 -0.06749101 -0.06910138 -0.03877626 -0.07712092 -0.06161649
 -0.06070823 -0.05391451 -0.05058564 -0.06248165 -0.0676787  -0.07120329
 -0.05388643 -0.0627709  -0.06464286 -0.06747575 -0.06094518 -0.06833158
 -0.05880355 -0.05713701 -0.07608404 -0.06337394 -0.03408834 -0.06741176
 -0.06900087 -0.07235161 -0.05901078 -0.05809347 -0.0623795  -0.05505928
 -0.04960184 -0.07570615 -0.06633355 -0.05966894 -0.05336465 -0.06595248
 -0.06878709 -0.0537757  -0.07188039 -0.07025667 -0.0681784  -0.08106045
 -0.06999029 -0.06486066 -0.06669321 -0.03860468 -0.05077086 -0.06499199
 -0.07058573 -0.06207614 -0.07372468 -0.06217958 -0.05913121 -0.07445711
 -0.05676056 -0.06563492 -0.07546811 -0.0772486  -0.06482948 -0.06814057
 -0.07499711 -0.04837292 -0.04337467 -0.05468324 -0.06686708 -0.07662417
 -0.02487725 -0.06232236 -0.0706899  -0.05780621 -0.05588326 -0.05765317
 -0.07387075 -0.06477254]
echo_repeat-1
BLEU
[0.20130845 0.13061654 0.17823503 0.14417276 0.18575246 0.17402954
 0.17669488 0.17119746 0.17130801 0.17715728 0.17606402 0.19197255
 0.15071929 0.17528149 0.18411375 0.13772409 0.12690058 0.16194243
 0.14291598 0.21697974 0.17305203 0.2052024  0.18308506 0.14728315
 0.17163488 0.17961149 0.15051349 0.1555652  0.15846516 0.12719239
 0.13965352 0.18094923 0.1448859  0.1617313  0.11759046 0.14331587
 0.14009812 0.16008997 0.14682766 0.21343577 0.17783364 0.15175027
 0.17974327 0.1054993  0.21654737 0.19005723 0.1452342  0.16315054
 0.18217825 0.19063262 0.11911146 0.17437564 0.16121505 0.17874256
 0.14012561 0.14455167 0.18215144 0.17629714 0.13888676 0.165523
 0.16861798 0.1489466  0.14512331 0.15704709 0.13787328 0.15814863
 0.18173698 0.13977429 0.16920242 0.1620881  0.20558614 0.15510955
 0.18542184 0.21300779 0.17008833 0.1513722  0.19847888 0.15255167
 0.15321538 0.15981083 0.16050856 0.17469649 0.16720057 0.15227971
 0.15551909 0.18408873 0.18650564 0.14364184 0.15606642 0.17218163
 0.17901525 0.16656703 0.19065985 0.14966391 0.18819882 0.15367224
 0.17389958 0.11593089 0.15515884 0.17293324 0.15917124 0.14745922
 0.16145725 0.15536358 0.15953039 0.1923682  0.1831114  0.15598406
 0.17815579 0.17023995 0.14096117 0.13879484 0.17700203 0.13681298
 0.17664734 0.16713785 0.12131173 0.13381423 0.14527798 0.17153377
 0.12945794 0.20476091 0.15824555 0.1942949  0.1755849  0.15974383
 0.1579136  0.15652463 0.15190315 0.20686741 0.14485763 0.13747189
 0.14517832 0.1617806  0.1729183  0.14544941 0.17742043 0.14683416
 0.13163416 0.13749113 0.17072624 0.16334606 0.18346758 0.17663893
 0.14195788 0.1661935  0.1649959  0.16147963 0.19757141 0.14702412
 0.13365692 0.16870391 0.15201685 0.1487569  0.14394066 0.17597263
 0.18571025 0.15794384 0.14780814 0.1639232  0.15969115 0.14122604
 0.15745909 0.18089248 0.14503371 0.11940327 0.17033777 0.15345346
 0.14817885 0.14188053 0.14248614 0.17923648 0.15408704 0.1662276
 0.1562414  0.17136962 0.17960873 0.14696618 0.16129855 0.14730721
 0.16819703 0.18129639 0.14661291 0.14559912 0.15150569 0.17210607
 0.14220697 0.21908221 0.18570357 0.16233193 0.15777319 0.16094493
 0.16390831 0.16588825 0.17038981 0.17613047 0.19174611 0.19213832
 0.1082943  0.15756668]
echo_repeat-1
METEOR
[0.14973486 0.10763061 0.10407534 0.09128424 0.12447317 0.10384018
 0.12036079 0.12013031 0.11302062 0.11158228 0.13153456 0.1222377
 0.09963643 0.11305662 0.12244855 0.11640348 0.08543334 0.1000418
 0.10152197 0.13279556 0.10387548 0.13500289 0.11299983 0.09764874
 0.10738607 0.11570974 0.09816654 0.10045674 0.09925528 0.08944204
 0.09777266 0.11740616 0.09348373 0.1154683  0.09586541 0.0942828
 0.10010434 0.10773892 0.10295478 0.14396654 0.12480881 0.09500537
 0.14260679 0.06769647 0.12974217 0.12853112 0.10919944 0.11499685
 0.12837093 0.13823307 0.08926151 0.11844656 0.10542469 0.12670942
 0.09924899 0.10941283 0.11757676 0.11269855 0.08904945 0.11912964
 0.11637921 0.09494734 0.10493268 0.11147385 0.1040507  0.1121273
 0.11657334 0.09965364 0.11263666 0.10040892 0.14775606 0.10686752
 0.11414213 0.12035564 0.11155498 0.11739324 0.11775891 0.0916579
 0.13253852 0.09617111 0.11092897 0.11049858 0.10950651 0.09592465
 0.10959188 0.13187845 0.12686504 0.09491348 0.11811603 0.11977192
 0.11186784 0.11544623 0.12674704 0.09624545 0.12375796 0.12399876
 0.11715091 0.08288807 0.09217096 0.1253529  0.09002167 0.09866118
 0.12180722 0.11152145 0.11004057 0.12211045 0.13176818 0.09974689
 0.12498471 0.11554984 0.0941834  0.0972597  0.11566965 0.08588871
 0.11224191 0.12316072 0.08771274 0.08579476 0.10429714 0.13535468
 0.09965967 0.13821409 0.11347367 0.13364042 0.11846803 0.11545967
 0.09739398 0.11061276 0.12080419 0.14008415 0.10732897 0.10000079
 0.10076123 0.09950033 0.10875925 0.10489726 0.13021956 0.09707855
 0.08472943 0.09724821 0.11631447 0.10444128 0.11602052 0.11851799
 0.08898973 0.09931602 0.10522532 0.1007767  0.11234891 0.09935163
 0.09712231 0.11089062 0.11159515 0.10677106 0.08965971 0.10775143
 0.12791885 0.1184845  0.09798632 0.10181755 0.11489894 0.09664977
 0.10249764 0.12726873 0.11011906 0.08024246 0.1165349  0.09536326
 0.10993169 0.09152578 0.11083136 0.11452475 0.09832945 0.09919158
 0.11300643 0.11961004 0.11232356 0.11250621 0.10701354 0.10361188
 0.11613436 0.10709632 0.10139823 0.09705599 0.0988516  0.10819283
 0.08067256 0.13709784 0.11604958 0.10909187 0.11210281 0.1016835
 0.12086503 0.10186327 0.10489439 0.11166936 0.11643609 0.12449362
 0.07407863 0.09333268]
echo_repeat-1
BERT
[0.78381395 0.7796838  0.78854483 0.779989   0.77870554 0.77890617
 0.78126496 0.7869744  0.7820518  0.7852545  0.7809498  0.7815404
 0.7809159  0.781379   0.78262424 0.77799594 0.77756983 0.78043973
 0.7809747  0.7835298  0.7803042  0.78262496 0.78226864 0.780647
 0.78224397 0.7795426  0.7788191  0.77748394 0.78177273 0.78048486
 0.780284   0.7820925  0.77999175 0.7850546  0.7767764  0.7853747
 0.77937466 0.78713506 0.7802214  0.7852755  0.7821146  0.7753589
 0.78007054 0.7795355  0.7909589  0.7835004  0.7830231  0.7814384
 0.7805745  0.7826478  0.7800749  0.7836927  0.7781891  0.7844146
 0.77956396 0.78148896 0.77999294 0.7807673  0.78271085 0.78083915
 0.78484064 0.7842298  0.7870049  0.7812553  0.7798308  0.7767535
 0.78000015 0.7776259  0.7794763  0.7809762  0.7853106  0.7820949
 0.77878267 0.7859447  0.78063303 0.77994066 0.7835282  0.7807659
 0.7801759  0.7855474  0.779251   0.7798898  0.78310066 0.77956945
 0.7792705  0.78764504 0.7837561  0.7840548  0.7784064  0.7806098
 0.7834589  0.7797662  0.7797679  0.7823936  0.78015065 0.7805123
 0.778838   0.7840794  0.784252   0.78189117 0.7803386  0.78400856
 0.7831956  0.7813718  0.78035897 0.78046155 0.7880662  0.78164524
 0.77637386 0.7794735  0.781832   0.7794788  0.7830308  0.7825123
 0.78097945 0.781555   0.77883124 0.77973294 0.782234   0.77938133
 0.78009003 0.78187424 0.781426   0.78354615 0.7828211  0.7820048
 0.7790463  0.77931285 0.77933615 0.7843326  0.7783709  0.7820164
 0.7844674  0.7791937  0.7812364  0.77801466 0.78090465 0.779756
 0.77722156 0.7838556  0.78152627 0.78092265 0.7840233  0.77884173
 0.7785411  0.78385955 0.7809599  0.7840634  0.78168637 0.7768263
 0.777963   0.78041315 0.78081226 0.7799409  0.7813674  0.78110135
 0.77985305 0.78035665 0.7780642  0.7784042  0.7821035  0.78411305
 0.7816026  0.78413904 0.77908874 0.77757025 0.78057003 0.7777972
 0.778018   0.7755285  0.7802568  0.7829388  0.7819054  0.7782091
 0.7780584  0.78096277 0.78309536 0.7834478  0.7827077  0.77852184
 0.78486794 0.78031594 0.7802413  0.78056645 0.7820989  0.7848139
 0.77969986 0.78607994 0.78326726 0.7834113  0.7809349  0.7838747
 0.78279114 0.7805262  0.78361994 0.7840965  0.7815568  0.7856817
 0.7799814  0.780036  ]
[nltk_data] Downloading package wordnet to /mnt/iusers01/fse-
[nltk_data]     ugpgt01/compsci01/q12628ct/nltk_data...
[nltk_data]   Package wordnet is already up-to-date!
[nltk_data] Downloading package punkt_tab to /mnt/iusers01/fse-
[nltk_data]     ugpgt01/compsci01/q12628ct/nltk_data...
[nltk_data]   Package punkt_tab is already up-to-date!
[nltk_data] Downloading package omw-1.4 to /mnt/iusers01/fse-
[nltk_data]     ugpgt01/compsci01/q12628ct/nltk_data...
[nltk_data]   Package omw-1.4 is already up-to-date!
/mnt/iusers01/fse-ugpgt01/compsci01/q12628ct/.conda/envs/semantic-decoding/lib/python3.10/site-packages/huggingface_hub/file_download.py:945: FutureWarning: `resume_download` is deprecated and will be removed in version 1.0.0. Downloads always resume when possible. If you want to force a new download, use `force_download=True`.
  warnings.warn(
Some weights of the model checkpoint at roberta-large were not used when initializing RobertaModel: ['lm_head.layer_norm.weight', 'lm_head.dense.bias', 'lm_head.dense.weight', 'lm_head.bias', 'lm_head.layer_norm.bias']
- This IS expected if you are initializing RobertaModel from the checkpoint of a model trained on another task or with another architecture (e.g. initializing a BertForSequenceClassification model from a BertForPreTraining model).
- This IS NOT expected if you are initializing RobertaModel from the checkpoint of a model that you expect to be exactly identical (initializing a BertForSequenceClassification model from a BertForSequenceClassification model).
Some weights of RobertaModel were not initialized from the model checkpoint at roberta-large and are newly initialized: ['roberta.pooler.dense.bias', 'roberta.pooler.dense.weight']
You should probably TRAIN this model on a down-stream task to be able to use it for predictions and inference.
echo_repeat-2
WER
[-0.09227832 -0.11716469 -0.11139567 -0.12051943 -0.11179424 -0.1199372
 -0.11393059 -0.11603918 -0.12542882 -0.10617153 -0.12653523 -0.09902225
 -0.11867561 -0.09831495 -0.09480323 -0.11247947 -0.12395403 -0.10376393
 -0.11688565 -0.10564043 -0.09255573 -0.0990322  -0.10508795 -0.10102073
 -0.12099415 -0.13088822 -0.10027117 -0.11936821 -0.11550127 -0.1129139
 -0.10167799 -0.11854177 -0.10354393 -0.11104602 -0.10651037 -0.10317237
 -0.1053226  -0.13236828 -0.11994383 -0.12319434 -0.112651   -0.123494
 -0.12482034 -0.11947186 -0.09499453 -0.11599501 -0.11476187 -0.09849153
 -0.10857265 -0.1219236  -0.10775422 -0.09673696 -0.12235064 -0.1258992
 -0.11336632 -0.11520315 -0.11586221 -0.11781934 -0.11110376 -0.10151953
 -0.12463108 -0.0866882  -0.12729193 -0.10370514 -0.11321496 -0.06943961
 -0.12806835 -0.08725714 -0.10209952 -0.10493482 -0.11521488 -0.09655705
 -0.11651906 -0.11512934 -0.11697614 -0.11518062 -0.11202619 -0.09852518
 -0.10269472 -0.10817874 -0.10523867 -0.08282356 -0.0904974  -0.09011035
 -0.11534444 -0.0942961  -0.10156614 -0.11308286 -0.09314091 -0.10992293
 -0.08998587 -0.1112052  -0.12679522 -0.11037655 -0.09847196 -0.1205489
 -0.10160401 -0.11239354 -0.1029875  -0.09868019 -0.12611377 -0.10480715
 -0.1142356  -0.09691486 -0.113681   -0.11117936 -0.11777976 -0.11619155
 -0.11249874 -0.10610576 -0.10417034 -0.12165134 -0.10745648 -0.10155853
 -0.1176046  -0.12770944 -0.10731519 -0.10835386 -0.10983526 -0.12889234
 -0.10221833 -0.11399047 -0.10579467 -0.08871911 -0.11764029 -0.08936492
 -0.11379805 -0.10888448 -0.12041099 -0.12180948 -0.11479571 -0.09425466
 -0.09956243 -0.10775665 -0.12098362 -0.10808496 -0.09971422 -0.09915075
 -0.12352936 -0.10032274 -0.09061358 -0.12121981 -0.12321032 -0.10212887
 -0.10593231 -0.10904352 -0.12044128 -0.13476974 -0.10882281 -0.10987748
 -0.11588893 -0.11128001 -0.11015566 -0.11847263 -0.1070051  -0.09687407
 -0.09411695 -0.12046605 -0.11623373 -0.10083248 -0.11774622 -0.09376934
 -0.11410901 -0.12971948 -0.12702479 -0.09069692 -0.09590085 -0.09572359
 -0.12281509 -0.12916049 -0.10448802 -0.09814372 -0.11534005 -0.10966319
 -0.12823951 -0.10387035 -0.12286744 -0.11094003 -0.12686537 -0.08633868
 -0.10864686 -0.12081332 -0.12147715 -0.13214829 -0.09420945 -0.10723756
 -0.10935748 -0.12065576 -0.11453918 -0.11077114 -0.12108994 -0.11971032
 -0.12054781 -0.10121965 -0.10136795 -0.11739156 -0.09615824 -0.10289243
 -0.10188059 -0.11755723]
echo_repeat-2
BLEU
[0.15863541 0.16315273 0.15406725 0.14131108 0.16653606 0.17174094
 0.1666194  0.16376781 0.16436172 0.14797563 0.17899559 0.16246166
 0.12483799 0.19506306 0.17571705 0.16637801 0.11137259 0.16564352
 0.15141082 0.16176215 0.18001484 0.20664814 0.15774348 0.171841
 0.16227952 0.14756612 0.14010514 0.16713619 0.14412285 0.15596216
 0.14879045 0.17062342 0.18089949 0.14204456 0.15707105 0.14635436
 0.16478233 0.14229256 0.17037478 0.12080333 0.14311976 0.17704679
 0.18807552 0.17138159 0.16147853 0.14489418 0.17192611 0.18390328
 0.16853559 0.14822556 0.17017383 0.14987329 0.11007296 0.15936107
 0.1198281  0.14526054 0.16424606 0.14945097 0.16791336 0.16219418
 0.11531042 0.17864394 0.13168391 0.16175306 0.14210081 0.17453592
 0.16607692 0.16669696 0.16774194 0.19331673 0.14483807 0.15333705
 0.17244006 0.13834616 0.15425707 0.1981277  0.16342042 0.1504876
 0.1602583  0.15544382 0.14646386 0.17364576 0.16788653 0.16406193
 0.15385354 0.1606048  0.14535108 0.15373111 0.14296788 0.15882848
 0.19066898 0.15089439 0.13032808 0.15876619 0.18463251 0.15129883
 0.16713669 0.15899519 0.1606186  0.15657882 0.1254204  0.16683017
 0.17904389 0.17972025 0.15131106 0.13538146 0.1675839  0.1618643
 0.15116199 0.15507324 0.16759507 0.14664407 0.17487457 0.14990013
 0.17655187 0.15069608 0.1373051  0.1527467  0.16508431 0.16185986
 0.17035483 0.16863477 0.15444363 0.16995938 0.14864169 0.1832223
 0.17220899 0.13568173 0.17869949 0.13506728 0.13620853 0.21827798
 0.16949579 0.17812784 0.16910238 0.1703251  0.16409991 0.15715619
 0.13218999 0.17626849 0.15938086 0.1671525  0.13322518 0.17038374
 0.1536052  0.22114314 0.1583706  0.14946361 0.16499144 0.13665394
 0.16546544 0.15134187 0.17023842 0.17816203 0.16899351 0.14356789
 0.17951852 0.14132717 0.16985397 0.15947475 0.18418165 0.17831741
 0.12917255 0.14731253 0.16079957 0.17195339 0.14136751 0.16153028
 0.13476706 0.12982192 0.15226823 0.16430542 0.16145362 0.19731894
 0.13290549 0.16826183 0.15847131 0.1553561  0.14751074 0.18177231
 0.16788174 0.17214391 0.12454926 0.12399686 0.17634189 0.19895203
 0.17714906 0.1641044  0.13201079 0.15696639 0.14314082 0.16555284
 0.11335124 0.16789619 0.15567822 0.15913559 0.19403934 0.15306785
 0.17828943 0.14472523]
echo_repeat-2
METEOR
[0.11406908 0.11080361 0.11379819 0.1199337  0.10452553 0.11530916
 0.11141531 0.12978339 0.12223234 0.10349024 0.11332907 0.11285414
 0.09025364 0.14296473 0.11445252 0.11747272 0.08013438 0.10540269
 0.10788687 0.11021834 0.12216481 0.14740179 0.11156348 0.11890177
 0.10458584 0.09449982 0.09305294 0.12628069 0.09540368 0.11041266
 0.10115759 0.11782924 0.13406469 0.10248303 0.10839649 0.1081569
 0.11722336 0.08610219 0.11123861 0.08782805 0.10157509 0.12935109
 0.13302903 0.12629482 0.11284547 0.11323913 0.11940256 0.13956067
 0.1206514  0.10903567 0.10534638 0.11226481 0.08880249 0.10568833
 0.0870668  0.10144179 0.1065077  0.09841784 0.11347382 0.10419802
 0.0973913  0.12691989 0.09001011 0.12844138 0.09588639 0.11823581
 0.11576834 0.12668532 0.10425419 0.14520893 0.12113439 0.10093432
 0.12828037 0.09671128 0.10541378 0.13386257 0.110997   0.1122084
 0.11959542 0.10522861 0.09938583 0.11628475 0.1257804  0.11218436
 0.10967934 0.11524911 0.10179042 0.11312165 0.09640856 0.11621877
 0.15413737 0.0963653  0.09775701 0.1121838  0.12626738 0.12561732
 0.11143868 0.10499543 0.13116636 0.10921687 0.08744169 0.11547103
 0.13360346 0.12852315 0.09951457 0.10578809 0.12101006 0.11502687
 0.11794138 0.10411215 0.13016624 0.11704705 0.12254539 0.10840343
 0.12790959 0.10322753 0.10435952 0.11656696 0.10837853 0.10808136
 0.12506369 0.1225367  0.11021622 0.14370634 0.10964491 0.12434589
 0.12565279 0.10292542 0.11385624 0.10158416 0.11805249 0.14540802
 0.11372473 0.12046039 0.11085523 0.11358119 0.11939187 0.10464734
 0.0831658  0.12870024 0.10487986 0.131665   0.09104522 0.12177355
 0.10482678 0.14556164 0.10667197 0.10321119 0.09990195 0.08915977
 0.12102192 0.1023738  0.11632963 0.13464097 0.11425044 0.11676369
 0.12749306 0.10872174 0.1152198  0.10211225 0.13138849 0.13943731
 0.09137323 0.11606151 0.10941339 0.12804031 0.10920323 0.11296868
 0.09160621 0.09216924 0.09926901 0.10464112 0.11103043 0.13449396
 0.0935628  0.12028719 0.11271444 0.09811988 0.1100868  0.11615739
 0.11778312 0.11004257 0.08858344 0.10666313 0.12284313 0.14097246
 0.11815128 0.12032663 0.09884232 0.10353995 0.09293224 0.11074066
 0.09117255 0.11349318 0.10661793 0.10870618 0.14683368 0.10823804
 0.12456166 0.11537449]
echo_repeat-2
BERT
[0.78020674 0.78074443 0.7828319  0.77920085 0.7778408  0.7849705
 0.7782846  0.7785492  0.7865244  0.7788827  0.78288054 0.78189033
 0.77955323 0.78711766 0.7848957  0.7863071  0.77874064 0.7812901
 0.7839319  0.7855299  0.78051627 0.78481364 0.78407687 0.78387916
 0.7828885  0.7801151  0.781721   0.7826658  0.7853604  0.78068197
 0.7818751  0.78629357 0.7838579  0.7786623  0.7820762  0.783352
 0.7824266  0.78165287 0.7806297  0.7802647  0.7858557  0.77644783
 0.77963173 0.7833534  0.78002477 0.78033966 0.78458625 0.78056914
 0.7849224  0.781735   0.7824631  0.7795881  0.7744269  0.7818852
 0.77802724 0.7798824  0.78011096 0.77907586 0.7835937  0.7798018
 0.77863973 0.7835715  0.7796443  0.783256   0.77739435 0.78332686
 0.7809     0.78011334 0.7793591  0.7805781  0.7814813  0.78510815
 0.780242   0.78047085 0.7818066  0.7828888  0.77745473 0.7842878
 0.7831728  0.7785712  0.7800734  0.78027767 0.7797609  0.78201556
 0.7797147  0.7783168  0.7830918  0.7801916  0.7837237  0.77796483
 0.78524363 0.7824934  0.7766965  0.7824145  0.78261137 0.78430396
 0.7856464  0.7860452  0.7822926  0.782254   0.77789825 0.78388333
 0.77891755 0.78467363 0.7796441  0.78294224 0.7841565  0.7803408
 0.7812336  0.781859   0.7856482  0.77788967 0.78439844 0.78123623
 0.7790451  0.7779608  0.78150886 0.7781678  0.78257805 0.77976376
 0.78054774 0.78501314 0.784394   0.77915037 0.77947116 0.78510064
 0.78467727 0.7874383  0.7801614  0.7865237  0.77846575 0.7818195
 0.78004146 0.788267   0.78251684 0.7828029  0.78562576 0.7781125
 0.77816796 0.78174144 0.779213   0.7856442  0.7824494  0.78163284
 0.78518015 0.7862317  0.7791779  0.7759141  0.7847096  0.7819839
 0.78109175 0.7821491  0.78098994 0.7810914  0.7801075  0.7810749
 0.7797147  0.78214955 0.7801509  0.7809825  0.7799544  0.77690035
 0.7835299  0.78219485 0.77903825 0.78374434 0.78097963 0.78248245
 0.7819375  0.7832087  0.7796643  0.77909863 0.7773706  0.7808636
 0.7779607  0.7827364  0.7787004  0.78121436 0.7807712  0.7835267
 0.7801549  0.7809742  0.7800944  0.78073454 0.7860927  0.78698796
 0.7829207  0.7807031  0.7831472  0.7755109  0.7772017  0.7802632
 0.77962667 0.7830751  0.78083366 0.78307354 0.7872683  0.7841323
 0.78068423 0.7835858 ]
