Job is using 1 GPU(s) with ID(s) 0 and 8 CPU core(s)
torch cuda is available: True
Traceback (most recent call last):
  File "/net/scratch/q12628ct/semantic-decoding/decoding/run_decoder.py", line 60, in <module>
    word_rate_model = np.load(os.path.join(load_location, "word_rate_model_%s.npz" % word_rate_voxels), allow_pickle = True)
  File "/mnt/iusers01/fse-ugpgt01/compsci01/q12628ct/.conda/envs/semantic-decoding/lib/python3.10/site-packages/numpy/lib/npyio.py", line 427, in load
    fid = stack.enter_context(open(os_fspath(file), "rb"))
FileNotFoundError: [Errno 2] No such file or directory: '/net/scratch/q12628ct/semantic-decoding/models/S2/word_rate_model_auditory.npz'
/net/scratch/q12628ct/semantic-decoding/decoding/utils_ridge/interpdata.py:159: RuntimeWarning: invalid value encountered in divide
  val = window * np.sin(np.pi*t) * np.sin(np.pi*t/window) / (np.pi**2 * t**2)
/net/scratch/q12628ct/semantic-decoding/decoding/utils_ridge/interpdata.py:159: RuntimeWarning: invalid value encountered in divide
  val = window * np.sin(np.pi*t) * np.sin(np.pi*t/window) / (np.pi**2 * t**2)
/net/scratch/q12628ct/semantic-decoding/decoding/utils_ridge/interpdata.py:159: RuntimeWarning: invalid value encountered in divide
  val = window * np.sin(np.pi*t) * np.sin(np.pi*t/window) / (np.pi**2 * t**2)
Traceback (most recent call last):
  File "/net/scratch/q12628ct/semantic-decoding/decoding/run_decoder.py", line 60, in <module>
    word_rate_model = np.load(os.path.join(load_location, "word_rate_model_%s.npz" % word_rate_voxels), allow_pickle = True)
  File "/mnt/iusers01/fse-ugpgt01/compsci01/q12628ct/.conda/envs/semantic-decoding/lib/python3.10/site-packages/numpy/lib/npyio.py", line 427, in load
    fid = stack.enter_context(open(os_fspath(file), "rb"))
FileNotFoundError: [Errno 2] No such file or directory: '/net/scratch/q12628ct/semantic-decoding/models/S2/word_rate_model_auditory.npz'
Traceback (most recent call last):
  File "/net/scratch/q12628ct/semantic-decoding/decoding/run_decoder.py", line 60, in <module>
    word_rate_model = np.load(os.path.join(load_location, "word_rate_model_%s.npz" % word_rate_voxels), allow_pickle = True)
  File "/mnt/iusers01/fse-ugpgt01/compsci01/q12628ct/.conda/envs/semantic-decoding/lib/python3.10/site-packages/numpy/lib/npyio.py", line 427, in load
    fid = stack.enter_context(open(os_fspath(file), "rb"))
FileNotFoundError: [Errno 2] No such file or directory: '/net/scratch/q12628ct/semantic-decoding/models/S2/word_rate_model_auditory.npz'
/net/scratch/q12628ct/semantic-decoding/decoding/utils_ridge/interpdata.py:159: RuntimeWarning: invalid value encountered in divide
  val = window * np.sin(np.pi*t) * np.sin(np.pi*t/window) / (np.pi**2 * t**2)
/net/scratch/q12628ct/semantic-decoding/decoding/utils_ridge/interpdata.py:159: RuntimeWarning: invalid value encountered in divide
  val = window * np.sin(np.pi*t) * np.sin(np.pi*t/window) / (np.pi**2 * t**2)
/net/scratch/q12628ct/semantic-decoding/decoding/utils_ridge/interpdata.py:159: RuntimeWarning: invalid value encountered in divide
  val = window * np.sin(np.pi*t) * np.sin(np.pi*t/window) / (np.pi**2 * t**2)
/net/scratch/q12628ct/semantic-decoding/decoding/utils_ridge/interpdata.py:159: RuntimeWarning: invalid value encountered in divide
  val = window * np.sin(np.pi*t) * np.sin(np.pi*t/window) / (np.pi**2 * t**2)
/net/scratch/q12628ct/semantic-decoding/decoding/utils_ridge/interpdata.py:159: RuntimeWarning: invalid value encountered in divide
  val = window * np.sin(np.pi*t) * np.sin(np.pi*t/window) / (np.pi**2 * t**2)
/net/scratch/q12628ct/semantic-decoding/decoding/utils_ridge/interpdata.py:159: RuntimeWarning: invalid value encountered in divide
  val = window * np.sin(np.pi*t) * np.sin(np.pi*t/window) / (np.pi**2 * t**2)
/net/scratch/q12628ct/semantic-decoding/decoding/utils_ridge/interpdata.py:159: RuntimeWarning: invalid value encountered in divide
  val = window * np.sin(np.pi*t) * np.sin(np.pi*t/window) / (np.pi**2 * t**2)
/net/scratch/q12628ct/semantic-decoding/decoding/utils_ridge/interpdata.py:159: RuntimeWarning: invalid value encountered in divide
  val = window * np.sin(np.pi*t) * np.sin(np.pi*t/window) / (np.pi**2 * t**2)
/net/scratch/q12628ct/semantic-decoding/decoding/utils_ridge/interpdata.py:159: RuntimeWarning: invalid value encountered in divide
  val = window * np.sin(np.pi*t) * np.sin(np.pi*t/window) / (np.pi**2 * t**2)
/net/scratch/q12628ct/semantic-decoding/decoding/utils_ridge/interpdata.py:159: RuntimeWarning: invalid value encountered in divide
  val = window * np.sin(np.pi*t) * np.sin(np.pi*t/window) / (np.pi**2 * t**2)
[nltk_data] Downloading package wordnet to /mnt/iusers01/fse-
[nltk_data]     ugpgt01/compsci01/q12628ct/nltk_data...
[nltk_data]   Package wordnet is already up-to-date!
[nltk_data] Downloading package punkt_tab to /mnt/iusers01/fse-
[nltk_data]     ugpgt01/compsci01/q12628ct/nltk_data...
[nltk_data]   Package punkt_tab is already up-to-date!
[nltk_data] Downloading package omw-1.4 to /mnt/iusers01/fse-
[nltk_data]     ugpgt01/compsci01/q12628ct/nltk_data...
[nltk_data]   Package omw-1.4 is already up-to-date!
/mnt/iusers01/fse-ugpgt01/compsci01/q12628ct/.conda/envs/semantic-decoding/lib/python3.10/site-packages/huggingface_hub/file_download.py:945: FutureWarning: `resume_download` is deprecated and will be removed in version 1.0.0. Downloads always resume when possible. If you want to force a new download, use `force_download=True`.
  warnings.warn(
Some weights of the model checkpoint at roberta-large were not used when initializing RobertaModel: ['lm_head.dense.bias', 'lm_head.layer_norm.bias', 'lm_head.layer_norm.weight', 'lm_head.dense.weight', 'lm_head.bias']
- This IS expected if you are initializing RobertaModel from the checkpoint of a model trained on another task or with another architecture (e.g. initializing a BertForSequenceClassification model from a BertForPreTraining model).
- This IS NOT expected if you are initializing RobertaModel from the checkpoint of a model that you expect to be exactly identical (initializing a BertForSequenceClassification model from a BertForSequenceClassification model).
Some weights of RobertaModel were not initialized from the model checkpoint at roberta-large and are newly initialized: ['roberta.pooler.dense.weight', 'roberta.pooler.dense.bias']
You should probably TRAIN this model on a down-stream task to be able to use it for predictions and inference.
Traceback (most recent call last):
  File "/net/scratch/q12628ct/semantic-decoding/decoding/evaluate_predictions.py", line 38, in <module>
    pred_data = np.load(pred_path)
  File "/mnt/iusers01/fse-ugpgt01/compsci01/q12628ct/.conda/envs/semantic-decoding/lib/python3.10/site-packages/numpy/lib/npyio.py", line 427, in load
    fid = stack.enter_context(open(os_fspath(file), "rb"))
FileNotFoundError: [Errno 2] No such file or directory: '/net/scratch/q12628ct/semantic-decoding/results/S2/perceived_speech/gpt_layer_10/wheretheressmoke.npz'
[nltk_data] Downloading package wordnet to /mnt/iusers01/fse-
[nltk_data]     ugpgt01/compsci01/q12628ct/nltk_data...
[nltk_data]   Package wordnet is already up-to-date!
[nltk_data] Downloading package punkt_tab to /mnt/iusers01/fse-
[nltk_data]     ugpgt01/compsci01/q12628ct/nltk_data...
[nltk_data]   Package punkt_tab is already up-to-date!
[nltk_data] Downloading package omw-1.4 to /mnt/iusers01/fse-
[nltk_data]     ugpgt01/compsci01/q12628ct/nltk_data...
[nltk_data]   Package omw-1.4 is already up-to-date!
/mnt/iusers01/fse-ugpgt01/compsci01/q12628ct/.conda/envs/semantic-decoding/lib/python3.10/site-packages/huggingface_hub/file_download.py:945: FutureWarning: `resume_download` is deprecated and will be removed in version 1.0.0. Downloads always resume when possible. If you want to force a new download, use `force_download=True`.
  warnings.warn(
Some weights of the model checkpoint at roberta-large were not used when initializing RobertaModel: ['lm_head.dense.bias', 'lm_head.dense.weight', 'lm_head.layer_norm.bias', 'lm_head.layer_norm.weight', 'lm_head.bias']
- This IS expected if you are initializing RobertaModel from the checkpoint of a model trained on another task or with another architecture (e.g. initializing a BertForSequenceClassification model from a BertForPreTraining model).
- This IS NOT expected if you are initializing RobertaModel from the checkpoint of a model that you expect to be exactly identical (initializing a BertForSequenceClassification model from a BertForSequenceClassification model).
Some weights of RobertaModel were not initialized from the model checkpoint at roberta-large and are newly initialized: ['roberta.pooler.dense.weight', 'roberta.pooler.dense.bias']
You should probably TRAIN this model on a down-stream task to be able to use it for predictions and inference.
presto
WER
[0.0358161  0.02686922 0.03968552 0.03891186 0.03452433 0.02206326
 0.03326997 0.03155511 0.0371416  0.03449436 0.02874131 0.03679442
 0.0370477  0.02998605 0.0351888  0.02373314 0.02959644 0.04188651
 0.02515567 0.02668681 0.02851794 0.03763707 0.02317753 0.03429987
 0.02167551 0.03647701 0.03460741 0.02718196 0.03270364 0.03259971
 0.03019657 0.02743402 0.030504   0.03553864 0.02962145 0.03419961
 0.03069785 0.03311708 0.02294379 0.04070873 0.03562551 0.0234036
 0.03360139 0.03485754 0.0331287  0.03291477 0.03430954 0.02820471
 0.03313257 0.0291343  0.030158   0.03055289 0.03634844 0.03135217
 0.02571194 0.02652888 0.03580893 0.03119467 0.02626278 0.03329546
 0.02757052 0.0291236  0.03155674 0.04788928 0.03649637 0.03718538
 0.02565906 0.02696236 0.03478612 0.02602047 0.02360463 0.02804186
 0.03378646 0.02435739 0.02773952 0.04140189 0.03477488 0.02733298
 0.02256084 0.03599176 0.03786465 0.0305605  0.03901806 0.03232836
 0.0334095  0.03495926 0.02644544 0.02137674 0.02889722 0.03808576
 0.03033099 0.03151054 0.03229964 0.03487764 0.03110904 0.03276952
 0.03142434 0.02725537 0.03318804 0.03133209 0.04333787 0.0250206
 0.04242769 0.03362735 0.03370101 0.02947734 0.03158792 0.03332315
 0.03351974 0.02847292 0.03509632 0.03123122 0.02879802 0.03045596
 0.03795786 0.02801402 0.03366529 0.03143809 0.03320316 0.03177599
 0.03539021 0.03739581 0.03351059 0.0325004  0.03007561 0.03309436
 0.02984542 0.0349179  0.03389976 0.02855125 0.03491702 0.02879882
 0.0248113  0.04168392 0.03064233 0.04055655 0.03032219 0.03172322
 0.03226372 0.03124718 0.03162545 0.03316961 0.02070458 0.02104416
 0.03211794 0.03449418 0.03282019 0.03364706 0.04114979 0.03440107
 0.03541802 0.038609   0.03263724 0.03029045 0.03291661 0.03329511
 0.02956721 0.03100923 0.03905044 0.02909916 0.02880984 0.03496592
 0.02602038 0.03254772 0.03342216 0.02445764 0.0323157  0.04304445
 0.03392407 0.03499502 0.03819904 0.04128295 0.02906006 0.02332661
 0.02160608 0.03034902 0.02726133 0.02803221 0.03652662 0.03682182
 0.02784446 0.03145731 0.04216997 0.03452249 0.02751658 0.03695476
 0.02722291 0.03847333 0.02706676 0.02917696 0.03624571 0.02471055
 0.02454161 0.03725914 0.03539171 0.02416266 0.0450676  0.03875867
 0.02776914 0.03030426]
presto
BLEU
[0.11175848 0.10675519 0.13300518 0.13038345 0.11515554 0.1037938
 0.11576314 0.10781196 0.12881143 0.12246028 0.11272013 0.12660224
 0.13229686 0.12038493 0.13705125 0.09317205 0.11234988 0.13063407
 0.10538424 0.10851235 0.1012246  0.13652238 0.10926848 0.1173679
 0.09352995 0.12129411 0.12155532 0.11431621 0.12974455 0.11353232
 0.12492792 0.10732314 0.12641928 0.12183895 0.12026093 0.12507995
 0.11540795 0.12962663 0.10667044 0.12862464 0.14496178 0.10250078
 0.12667952 0.12363588 0.13048921 0.12280899 0.11971502 0.10350999
 0.11853163 0.10493045 0.12405162 0.11862161 0.12327502 0.11334092
 0.10791476 0.10692447 0.11904829 0.11365782 0.11428835 0.12224854
 0.11492675 0.11622971 0.12189717 0.13449023 0.14079729 0.12364609
 0.10332488 0.11881212 0.13340543 0.11322835 0.09523037 0.11931521
 0.11984566 0.10464161 0.1113649  0.12637281 0.12619402 0.1197365
 0.09277101 0.11782149 0.12970277 0.12054313 0.12008169 0.11836696
 0.1150784  0.1069368  0.10575808 0.10491637 0.11153516 0.12284514
 0.10048741 0.11384685 0.11399395 0.1203824  0.11068004 0.11761334
 0.12232341 0.09765936 0.11646362 0.11676802 0.1258548  0.11542883
 0.15332417 0.10756693 0.12815872 0.11220767 0.11574909 0.12677971
 0.12828709 0.10725499 0.13576942 0.10979655 0.10394916 0.10573302
 0.14259229 0.11274368 0.14130301 0.10656667 0.12364613 0.11961855
 0.12666235 0.13416782 0.11821079 0.13001403 0.11519681 0.10119072
 0.10264428 0.11130171 0.11494449 0.11540033 0.12724055 0.11834681
 0.1134754  0.13068752 0.11372712 0.12459965 0.11766656 0.11599526
 0.11410744 0.12133137 0.12073219 0.10830559 0.1054928  0.100228
 0.12601943 0.12364248 0.13093759 0.11541855 0.13211578 0.11585311
 0.12044254 0.12513806 0.11844795 0.12545112 0.12377457 0.11973119
 0.11402604 0.10683008 0.11784667 0.11924201 0.11010179 0.12388815
 0.11103334 0.12177283 0.12307476 0.10607376 0.1258431  0.13085869
 0.12791587 0.11342828 0.12548648 0.12432338 0.12574937 0.10668232
 0.09839846 0.11977027 0.10922024 0.10892623 0.12946387 0.1346778
 0.10414347 0.12339743 0.13225151 0.10818592 0.1150316  0.12636836
 0.11629309 0.13788063 0.10328494 0.11607096 0.13663554 0.09740066
 0.1211665  0.1210714  0.11805509 0.10418043 0.13945783 0.12442309
 0.11446035 0.11054847]
presto
METEOR
[0.0793216  0.07734847 0.08607442 0.0886966  0.08219554 0.07573019
 0.07863221 0.07630038 0.08966604 0.08306565 0.07403469 0.08249471
 0.08844417 0.08713648 0.09091537 0.0723148  0.08004347 0.09240918
 0.07372082 0.07626502 0.07260819 0.0941046  0.07365066 0.08441379
 0.06845746 0.08072488 0.08321846 0.08131382 0.09149706 0.08062131
 0.08326342 0.07706389 0.08076695 0.07917547 0.08052892 0.08113668
 0.08387142 0.08587754 0.07640095 0.0871763  0.09435456 0.07841329
 0.08459654 0.08446216 0.08468104 0.08343941 0.08289495 0.07621987
 0.08255298 0.07675474 0.08648589 0.08181477 0.09034253 0.08048951
 0.07253277 0.07562079 0.08143195 0.07903875 0.07928706 0.08387867
 0.07890988 0.07904414 0.08599555 0.09422337 0.0906913  0.08246485
 0.07558498 0.07995991 0.0910008  0.07636523 0.06810048 0.08085665
 0.08051431 0.06907217 0.07537658 0.08606982 0.08083899 0.08095841
 0.06999679 0.08199207 0.08775039 0.0859336  0.07944772 0.08585977
 0.08015315 0.07243292 0.07458934 0.07275086 0.08356433 0.08343888
 0.07331937 0.08320744 0.07999903 0.0877693  0.07573159 0.07920237
 0.08363025 0.07562169 0.08184234 0.08343763 0.08700797 0.07895392
 0.10104854 0.07966265 0.08487383 0.07707896 0.07633197 0.08949743
 0.08296787 0.07872955 0.09055375 0.07639346 0.07243185 0.07196433
 0.09753377 0.07690719 0.09555498 0.07605707 0.08617875 0.08338198
 0.08784854 0.09173868 0.08002283 0.0928485  0.07647571 0.07401987
 0.07527207 0.07869514 0.08477739 0.08061168 0.08816267 0.07854407
 0.07443968 0.08612967 0.07921634 0.0909913  0.08432404 0.07996355
 0.08129902 0.08647427 0.07964794 0.07851618 0.07202511 0.07325187
 0.0899979  0.0821409  0.09207798 0.07809535 0.09061756 0.08096458
 0.08696066 0.08422521 0.08161544 0.08701011 0.08566852 0.0811541
 0.07585536 0.07882794 0.0835668  0.0822538  0.07283218 0.0845175
 0.07645816 0.08112406 0.08702755 0.07189532 0.08026105 0.08867761
 0.08748544 0.08324774 0.08410747 0.08523423 0.08671211 0.07635491
 0.07642969 0.08466027 0.07783258 0.07480033 0.08383636 0.09426287
 0.0733393  0.08114755 0.09262172 0.07677669 0.07892121 0.08726805
 0.08591409 0.09309785 0.0756026  0.08412153 0.09303052 0.07340458
 0.0856446  0.08526906 0.08675306 0.07568093 0.09720002 0.08241453
 0.07624425 0.07341118]
presto
BERT
[0.77064216 0.7712984  0.77501494 0.7692523  0.77363384 0.7675672
 0.77462023 0.7696579  0.77424234 0.7720607  0.76987195 0.77209395
 0.7722712  0.77146214 0.773899   0.7696258  0.77010536 0.7750242
 0.77204233 0.7729243  0.7715506  0.7715967  0.7706283  0.769548
 0.76820624 0.77351546 0.77293247 0.77262014 0.7729404  0.7711035
 0.77330154 0.76639163 0.7717111  0.77178633 0.77120024 0.7709019
 0.77443784 0.77316284 0.77128    0.7733421  0.7730127  0.7710785
 0.774041   0.7724411  0.77187425 0.77112323 0.77048874 0.7701162
 0.7731976  0.7695093  0.77059835 0.77286845 0.7711682  0.77206063
 0.77171093 0.7704761  0.77005047 0.7723266  0.7699604  0.7738688
 0.7691691  0.77269506 0.7720674  0.7732603  0.7755432  0.7745898
 0.771634   0.77347535 0.7734729  0.7701324  0.76862884 0.76935583
 0.7738618  0.7701346  0.77391386 0.7724249  0.77460945 0.7726512
 0.7699402  0.769599   0.772483   0.76781887 0.771433   0.7689113
 0.76782215 0.76817554 0.7713896  0.76721025 0.7695423  0.77244246
 0.7685481  0.773      0.77058315 0.77088153 0.7723035  0.76835
 0.7702337  0.7670948  0.76922923 0.77300197 0.77055734 0.7698999
 0.7732701  0.768811   0.7718824  0.769562   0.77051383 0.7717692
 0.77250165 0.7699162  0.7700846  0.7691692  0.7692382  0.7718423
 0.7746216  0.7690854  0.77430874 0.77115065 0.77189827 0.7718905
 0.7715983  0.7756946  0.77403706 0.7719281  0.76981896 0.7699111
 0.7713558  0.77247745 0.7693483  0.77239805 0.77224267 0.77422947
 0.77167857 0.7728039  0.77363837 0.77121323 0.7706017  0.77137905
 0.7717468  0.770079   0.77101946 0.7698988  0.771117   0.77005005
 0.77037936 0.77300864 0.7717493  0.77171916 0.7740157  0.7674428
 0.7701738  0.7731077  0.7695163  0.77145636 0.7714893  0.7725664
 0.7708121  0.7699929  0.7734027  0.7696698  0.771835   0.7757587
 0.7707222  0.7703195  0.7730421  0.77297634 0.7694827  0.7741974
 0.770563   0.7718325  0.7721491  0.7735079  0.7719612  0.76958036
 0.7695714  0.76851004 0.77206033 0.771044   0.77410245 0.7716311
 0.77108824 0.77281713 0.7724563  0.7669266  0.7709291  0.77370304
 0.77067864 0.77603644 0.7694609  0.76892114 0.7745715  0.7694903
 0.7724943  0.7717722  0.77343035 0.7705541  0.7740932  0.7714501
 0.77166337 0.7714217 ]
[nltk_data] Downloading package wordnet to /mnt/iusers01/fse-
[nltk_data]     ugpgt01/compsci01/q12628ct/nltk_data...
[nltk_data]   Package wordnet is already up-to-date!
[nltk_data] Downloading package punkt_tab to /mnt/iusers01/fse-
[nltk_data]     ugpgt01/compsci01/q12628ct/nltk_data...
[nltk_data]   Package punkt_tab is already up-to-date!
[nltk_data] Downloading package omw-1.4 to /mnt/iusers01/fse-
[nltk_data]     ugpgt01/compsci01/q12628ct/nltk_data...
[nltk_data]   Package omw-1.4 is already up-to-date!
/mnt/iusers01/fse-ugpgt01/compsci01/q12628ct/.conda/envs/semantic-decoding/lib/python3.10/site-packages/huggingface_hub/file_download.py:945: FutureWarning: `resume_download` is deprecated and will be removed in version 1.0.0. Downloads always resume when possible. If you want to force a new download, use `force_download=True`.
  warnings.warn(
Some weights of the model checkpoint at roberta-large were not used when initializing RobertaModel: ['lm_head.bias', 'lm_head.layer_norm.bias', 'lm_head.layer_norm.weight', 'lm_head.dense.weight', 'lm_head.dense.bias']
- This IS expected if you are initializing RobertaModel from the checkpoint of a model trained on another task or with another architecture (e.g. initializing a BertForSequenceClassification model from a BertForPreTraining model).
- This IS NOT expected if you are initializing RobertaModel from the checkpoint of a model that you expect to be exactly identical (initializing a BertForSequenceClassification model from a BertForSequenceClassification model).
Some weights of RobertaModel were not initialized from the model checkpoint at roberta-large and are newly initialized: ['roberta.pooler.dense.weight', 'roberta.pooler.dense.bias']
You should probably TRAIN this model on a down-stream task to be able to use it for predictions and inference.
partlycloudy
WER
[-0.15253356 -0.17132173 -0.14746117 -0.16599628 -0.15753848 -0.1459771
 -0.15358308 -0.16236886 -0.15548015 -0.16484897 -0.16269947 -0.15396389
 -0.15642678 -0.15267626 -0.16038599 -0.16687161 -0.15874253 -0.16483131
 -0.15487681 -0.16284468 -0.16414841 -0.165994   -0.17110064 -0.14549201
 -0.15264779 -0.16520219 -0.159703   -0.16960658 -0.15847689 -0.14466193
 -0.15830204 -0.16929995 -0.15086114 -0.16439891 -0.15597585 -0.1460823
 -0.15649296 -0.16305483 -0.1576805  -0.16566497 -0.16474555 -0.1665713
 -0.15331273 -0.14944984 -0.16426247 -0.16001336 -0.15023002 -0.1604912
 -0.16627607 -0.16063362 -0.15908226 -0.1527895  -0.15720653 -0.15169943
 -0.15716973 -0.16223287 -0.1595327  -0.15365132 -0.16247174 -0.16544371
 -0.16555093 -0.16431893 -0.15595895 -0.15401763 -0.15681209 -0.1583782
 -0.155141   -0.15778065 -0.15584272 -0.15920384 -0.15641312 -0.16279711
 -0.1562404  -0.15665942 -0.1604309  -0.15458559 -0.15334635 -0.16168484
 -0.15991918 -0.16210075 -0.16009484 -0.14925063 -0.16766823 -0.1587136
 -0.14970352 -0.16474866 -0.1632072  -0.160809   -0.16828625 -0.15269324
 -0.15253803 -0.1548232  -0.15197045 -0.16463903 -0.16813917 -0.15797881
 -0.15844404 -0.15215328 -0.16868893 -0.16740605 -0.16191771 -0.15886122
 -0.14861426 -0.15991207 -0.15275838 -0.15260463 -0.15952462 -0.15422477
 -0.16033402 -0.1523271  -0.15506518 -0.16091365 -0.15395765 -0.16606405
 -0.16020874 -0.15546415 -0.15542889 -0.16216893 -0.16927185 -0.15426043
 -0.1604445  -0.16234617 -0.16866762 -0.15302505 -0.15392931 -0.16447515
 -0.15689771 -0.15856619 -0.16469054 -0.15868521 -0.16256242 -0.15380483
 -0.15176315 -0.16089908 -0.15085034 -0.16875773 -0.15556314 -0.16559162
 -0.1672555  -0.16053278 -0.16189344 -0.15793987 -0.1576794  -0.16568795
 -0.16888658 -0.1592054  -0.16285018 -0.17089275 -0.170123   -0.16931026
 -0.15626595 -0.15201611 -0.15472924 -0.15813648 -0.15281581 -0.15954492
 -0.15905    -0.15702937 -0.15221492 -0.15749458 -0.15602727 -0.16959133
 -0.1584015  -0.15763005 -0.16085375 -0.14998971 -0.16011609 -0.15497807
 -0.1627357  -0.15132844 -0.15601856 -0.15549231 -0.16047341 -0.15008068
 -0.15532411 -0.16168213 -0.1622724  -0.15827388 -0.15797221 -0.15632352
 -0.14850839 -0.15823137 -0.15862498 -0.15286568 -0.16243082 -0.16558254
 -0.1588919  -0.16614793 -0.15932375 -0.15172156 -0.15772616 -0.16060645
 -0.161088   -0.15102927 -0.15598971 -0.16282826 -0.1600766  -0.15180903
 -0.14189048 -0.15300217]
partlycloudy
BLEU
[0.12807649 0.12070902 0.13037552 0.10623488 0.12505065 0.13352875
 0.13984372 0.11342812 0.13664781 0.11725635 0.11936544 0.13148659
 0.1326845  0.12862479 0.12314947 0.10203937 0.11919894 0.13328592
 0.12090595 0.1038079  0.10650577 0.11533338 0.11326752 0.14261862
 0.13081471 0.10843916 0.1126928  0.10491637 0.1292003  0.14939697
 0.12160305 0.11052792 0.13379563 0.11816658 0.12830611 0.13519273
 0.12635908 0.12298761 0.11699609 0.11930527 0.12442662 0.10606916
 0.11894014 0.12788123 0.11187627 0.13220077 0.14380021 0.12214887
 0.12203511 0.12539956 0.12273548 0.13721123 0.11051799 0.12626999
 0.1397424  0.11718015 0.12195584 0.12858528 0.12035183 0.11583128
 0.1021415  0.11280455 0.1314069  0.13372735 0.12661973 0.14146523
 0.11834533 0.13011542 0.13768422 0.12328652 0.12311103 0.11793235
 0.11985062 0.14413845 0.12109328 0.13524669 0.13088524 0.13555739
 0.11781375 0.12014885 0.12175227 0.13060926 0.11079936 0.13350876
 0.13244701 0.10147401 0.12667324 0.11493594 0.10547644 0.15098438
 0.11832335 0.12568978 0.13250763 0.11597331 0.11314409 0.12422532
 0.12398237 0.12805993 0.10559395 0.11782852 0.11229501 0.13421378
 0.13426584 0.13334168 0.12662926 0.13280621 0.11990551 0.11615713
 0.12910534 0.12631262 0.1226976  0.12053262 0.13555194 0.11060047
 0.10908328 0.11691524 0.12401197 0.12750439 0.12516413 0.13006083
 0.13238548 0.11322478 0.10712501 0.1282282  0.12790195 0.12462767
 0.12209555 0.13980059 0.11923447 0.11463297 0.11448529 0.12990812
 0.12842612 0.12513231 0.12420586 0.10833019 0.11569094 0.1066263
 0.13091953 0.11448388 0.12817714 0.12958184 0.12442098 0.12304331
 0.11329443 0.11381046 0.12267583 0.11141198 0.10702443 0.10305747
 0.12455546 0.125555   0.1299256  0.12696041 0.13025414 0.12929599
 0.11664077 0.12080484 0.13381056 0.12904123 0.12234022 0.10794857
 0.12279447 0.12341941 0.1144421  0.13395402 0.11748979 0.12836911
 0.11937142 0.12918775 0.11596176 0.1294502  0.10464648 0.12917163
 0.12577953 0.12402141 0.11614412 0.130433   0.11780372 0.12563193
 0.12147288 0.13165352 0.11824884 0.13192471 0.11497488 0.10864662
 0.11776886 0.1162416  0.12247633 0.1342438  0.12631499 0.11816486
 0.12984728 0.13486466 0.12484524 0.11739236 0.11267868 0.13517307
 0.16273906 0.13972663]
partlycloudy
METEOR
[0.10133525 0.10128463 0.11190604 0.09376696 0.10583181 0.11714267
 0.1142271  0.1007691  0.11203184 0.09685508 0.10004139 0.10593605
 0.10720246 0.11276247 0.10460108 0.08756018 0.10360037 0.11179633
 0.10242244 0.08733708 0.09771883 0.10014344 0.09479823 0.11287554
 0.10495019 0.09707703 0.10009523 0.09141043 0.11002275 0.11759921
 0.10523127 0.09378537 0.11564877 0.09915688 0.10306011 0.1098129
 0.0987551  0.10046235 0.09552338 0.10175282 0.1021618  0.08968216
 0.10134717 0.10693332 0.09749786 0.10259254 0.11573548 0.10559632
 0.09990246 0.10501176 0.10919372 0.11040973 0.09494281 0.10852111
 0.11504695 0.09485608 0.09991186 0.10349027 0.10076951 0.10020324
 0.08549804 0.09408713 0.10294338 0.11262319 0.10214619 0.10817755
 0.10134372 0.10567934 0.11266588 0.10261188 0.09902107 0.09987427
 0.10678845 0.11433221 0.10327816 0.11062816 0.10664118 0.11304394
 0.09722017 0.09737736 0.10051626 0.11058865 0.0969919  0.10873686
 0.10835677 0.08976343 0.10315748 0.09944581 0.08965541 0.11724427
 0.10085816 0.10314394 0.10753337 0.09772853 0.09164487 0.10238645
 0.10653409 0.1061669  0.09238529 0.10375439 0.09642804 0.10992259
 0.10551237 0.10663343 0.09936344 0.1109293  0.09850044 0.10171078
 0.1044803  0.10452471 0.104633   0.10104629 0.11071621 0.10072362
 0.09434104 0.10118217 0.10494144 0.10504908 0.10403004 0.1050686
 0.11388249 0.09741349 0.0968748  0.10816977 0.10750221 0.09988543
 0.10265161 0.11036735 0.09996634 0.09828997 0.10182147 0.10551543
 0.1045576  0.11100669 0.10145777 0.09376511 0.09749654 0.09586383
 0.11781588 0.09268166 0.1053196  0.11265266 0.10548342 0.10689709
 0.10061028 0.09673705 0.10036812 0.09116645 0.09842679 0.09372356
 0.10660397 0.10495616 0.10650441 0.10615258 0.1093202  0.10948658
 0.09410048 0.09937073 0.1099356  0.10543094 0.10470381 0.09643946
 0.10683879 0.10237982 0.0950917  0.10385667 0.09898112 0.10585057
 0.10501959 0.11260769 0.0967567  0.10567073 0.0836267  0.11022092
 0.10495904 0.105493   0.09889896 0.10996974 0.09865343 0.1090538
 0.10497864 0.1060518  0.11194483 0.10603542 0.09645658 0.09056668
 0.09735155 0.10059262 0.09637471 0.10351559 0.10892381 0.10246359
 0.10556291 0.10925272 0.0979996  0.09639228 0.09472135 0.1112668
 0.12405626 0.10800327]
partlycloudy
BERT
[0.77942646 0.77828115 0.7793731  0.779164   0.7784324  0.7826662
 0.7786316  0.78101957 0.7832258  0.78121835 0.7788858  0.7798554
 0.779259   0.78090805 0.7780589  0.7784421  0.7802234  0.7802617
 0.78282416 0.77838427 0.7791875  0.77816427 0.77760684 0.78129905
 0.7783282  0.7751639  0.7795202  0.77567744 0.77977556 0.78227645
 0.77797836 0.7780512  0.7825154  0.77888894 0.78091604 0.7808599
 0.7790844  0.78024894 0.78034896 0.7805388  0.78142685 0.7793073
 0.77937096 0.7811047  0.7798382  0.7809667  0.77986264 0.77974004
 0.7794482  0.78176147 0.7782751  0.7827457  0.77648205 0.7814514
 0.7830124  0.77770036 0.7811488  0.7810631  0.77771854 0.78225964
 0.77825665 0.77582914 0.77678317 0.78321034 0.78128994 0.78034085
 0.7784247  0.77945805 0.7820252  0.78041965 0.78079563 0.77778316
 0.78042483 0.7810989  0.7804808  0.7796327  0.7803981  0.78414404
 0.77854854 0.7788747  0.77993304 0.78051984 0.7797398  0.7800525
 0.77791613 0.7821775  0.7790308  0.77903414 0.779303   0.7826657
 0.7808231  0.77955    0.77790517 0.7773519  0.77753335 0.78003335
 0.7765742  0.7814582  0.7799028  0.7760922  0.7791345  0.7802087
 0.7803462  0.7786405  0.78080386 0.7802714  0.7793121  0.77899647
 0.77922124 0.7792236  0.7807226  0.7798913  0.7799373  0.78271234
 0.7795474  0.77894145 0.78147995 0.7815399  0.7776156  0.77859217
 0.77855945 0.7787641  0.7790798  0.77957815 0.7808529  0.7806001
 0.7770961  0.7802797  0.7766133  0.7762923  0.7789811  0.78141546
 0.778784   0.78029746 0.7821762  0.7784349  0.77819616 0.7804548
 0.78242093 0.7773819  0.78123003 0.780162   0.77788645 0.7775011
 0.7791139  0.77784646 0.7804025  0.77925277 0.77863884 0.77800846
 0.7816251  0.7786487  0.779603   0.7792807  0.77733064 0.780404
 0.7814162  0.77775174 0.7822891  0.78161037 0.7804852  0.77774394
 0.7816384  0.7809185  0.77809054 0.77954966 0.77653277 0.7805611
 0.7786218  0.7811858  0.7816069  0.7804693  0.78116626 0.7802079
 0.7811885  0.7809431  0.77957606 0.7805795  0.77954847 0.7793754
 0.7812399  0.7805849  0.7794838  0.7792841  0.7786174  0.77987844
 0.7793064  0.7781573  0.77801037 0.78085047 0.778556   0.77848065
 0.7788521  0.78041935 0.7809344  0.77935976 0.77775455 0.78055686
 0.7849956  0.77930826]
[nltk_data] Downloading package wordnet to /mnt/iusers01/fse-
[nltk_data]     ugpgt01/compsci01/q12628ct/nltk_data...
[nltk_data]   Package wordnet is already up-to-date!
[nltk_data] Downloading package punkt_tab to /mnt/iusers01/fse-
[nltk_data]     ugpgt01/compsci01/q12628ct/nltk_data...
[nltk_data]   Package punkt_tab is already up-to-date!
[nltk_data] Downloading package omw-1.4 to /mnt/iusers01/fse-
[nltk_data]     ugpgt01/compsci01/q12628ct/nltk_data...
[nltk_data]   Package omw-1.4 is already up-to-date!
/mnt/iusers01/fse-ugpgt01/compsci01/q12628ct/.conda/envs/semantic-decoding/lib/python3.10/site-packages/huggingface_hub/file_download.py:945: FutureWarning: `resume_download` is deprecated and will be removed in version 1.0.0. Downloads always resume when possible. If you want to force a new download, use `force_download=True`.
  warnings.warn(
Some weights of the model checkpoint at roberta-large were not used when initializing RobertaModel: ['lm_head.dense.bias', 'lm_head.layer_norm.bias', 'lm_head.layer_norm.weight', 'lm_head.dense.weight', 'lm_head.bias']
- This IS expected if you are initializing RobertaModel from the checkpoint of a model trained on another task or with another architecture (e.g. initializing a BertForSequenceClassification model from a BertForPreTraining model).
- This IS NOT expected if you are initializing RobertaModel from the checkpoint of a model that you expect to be exactly identical (initializing a BertForSequenceClassification model from a BertForSequenceClassification model).
Some weights of RobertaModel were not initialized from the model checkpoint at roberta-large and are newly initialized: ['roberta.pooler.dense.weight', 'roberta.pooler.dense.bias']
You should probably TRAIN this model on a down-stream task to be able to use it for predictions and inference.
laluna
WER
[-0.05915764 -0.05528025 -0.05250057 -0.05212393 -0.04656671 -0.05171836
 -0.05060297 -0.04718946 -0.04247562 -0.05083169 -0.05165143 -0.04914428
 -0.0496581  -0.05522309 -0.05600253 -0.04671591 -0.05877655 -0.04996783
 -0.04625284 -0.04270774 -0.05333003 -0.04334197 -0.05051072 -0.04116146
 -0.05109999 -0.04516839 -0.03987522 -0.04265401 -0.05351375 -0.05526642
 -0.05494703 -0.05106196 -0.05327174 -0.05770941 -0.0489524  -0.04992269
 -0.05358665 -0.05082731 -0.05008563 -0.04543452 -0.04910708 -0.04950253
 -0.05072983 -0.0451546  -0.04842998 -0.05912295 -0.03438652 -0.04572761
 -0.05053143 -0.04195403 -0.05231227 -0.04865658 -0.05453264 -0.05275356
 -0.05093429 -0.04596825 -0.04809398 -0.04803076 -0.05528959 -0.0549285
 -0.05074058 -0.04687906 -0.04869313 -0.04523261 -0.05154523 -0.04766429
 -0.06163851 -0.05177432 -0.03823021 -0.04974703 -0.05215422 -0.05560756
 -0.04786731 -0.04859738 -0.0487583  -0.05302091 -0.05200218 -0.04836112
 -0.05164446 -0.05217726 -0.04173932 -0.04368601 -0.04929373 -0.04844342
 -0.04448625 -0.0432774  -0.04765308 -0.04811496 -0.05816995 -0.04002703
 -0.04537596 -0.05200272 -0.05355549 -0.05130637 -0.04908328 -0.05776471
 -0.05974503 -0.05091321 -0.044976   -0.05046892 -0.04137348 -0.04952184
 -0.05517464 -0.05335548 -0.04377141 -0.05476554 -0.04905855 -0.05191033
 -0.05925148 -0.04616122 -0.04510454 -0.04960885 -0.05270513 -0.05164025
 -0.04431022 -0.03652028 -0.05229744 -0.05124375 -0.05457825 -0.04913055
 -0.05017367 -0.04956187 -0.05146619 -0.05638897 -0.05982419 -0.05430688
 -0.05161532 -0.045365   -0.05717394 -0.0540157  -0.05111986 -0.04529166
 -0.05233166 -0.05287143 -0.04115493 -0.04245834 -0.05047564 -0.04579845
 -0.04554461 -0.04955771 -0.05602926 -0.05755478 -0.04974754 -0.04832432
 -0.06089409 -0.0549033  -0.04926936 -0.04717054 -0.05483644 -0.05475662
 -0.04503974 -0.04981543 -0.05179189 -0.04567069 -0.04704527 -0.05041392
 -0.05122601 -0.05083243 -0.05035162 -0.05262285 -0.0485901  -0.04122061
 -0.05266127 -0.05033285 -0.05389193 -0.05645179 -0.05865891 -0.06087986
 -0.05511902 -0.05842826 -0.05015996 -0.04822105 -0.04849517 -0.04544265
 -0.04511639 -0.04939395 -0.05668985 -0.04678064 -0.05103552 -0.05436295
 -0.05005615 -0.05636204 -0.04595704 -0.04032138 -0.04983508 -0.05109564
 -0.0391642  -0.0552264  -0.04771024 -0.04946861 -0.04852325 -0.04883099
 -0.04649897 -0.052088   -0.05477447 -0.06168036 -0.04740369 -0.05208221
 -0.05053364 -0.05375513]
laluna
BLEU
[0.10572004 0.11683929 0.12292409 0.12360484 0.13584092 0.13326675
 0.12664482 0.1360529  0.14542732 0.12288312 0.11245491 0.13117249
 0.12384287 0.12333217 0.11392907 0.14319092 0.12209672 0.12051339
 0.1205607  0.13705992 0.11174861 0.14032238 0.1268651  0.14173757
 0.12534898 0.12834813 0.1479005  0.13113609 0.12212371 0.11139952
 0.12164534 0.13020726 0.10901833 0.11820935 0.12850731 0.11817539
 0.11072154 0.12843648 0.13309632 0.12950288 0.1218688  0.1181748
 0.12193886 0.14028243 0.12824074 0.10700451 0.14022207 0.13130231
 0.132545   0.14727102 0.11947411 0.12408697 0.11574539 0.1234726
 0.12278137 0.12942122 0.12783388 0.1234879  0.11553347 0.12178925
 0.12394341 0.12915359 0.12659625 0.13194226 0.12396394 0.12567495
 0.12089186 0.12390743 0.13870219 0.12490605 0.11932296 0.11703965
 0.13489118 0.13219209 0.1262489  0.1142709  0.11626379 0.12587057
 0.12132011 0.12577979 0.135442   0.13963294 0.12508496 0.13471951
 0.1261714  0.13816644 0.12819474 0.13181261 0.12046749 0.135821
 0.12946035 0.13957797 0.11906597 0.11969031 0.12203307 0.12646665
 0.09746361 0.12638875 0.14135408 0.13109324 0.14670907 0.13860169
 0.11389349 0.1225917  0.13245817 0.11241301 0.12262488 0.12331433
 0.11512729 0.13563187 0.13357882 0.1310652  0.11529516 0.12032756
 0.13561162 0.14415247 0.12241154 0.10643487 0.11172951 0.12956424
 0.11774333 0.11821749 0.12420758 0.12437764 0.10096828 0.11542492
 0.12289444 0.14481066 0.12216365 0.12223338 0.1233635  0.1445776
 0.11886088 0.11987719 0.13326074 0.12807258 0.11937395 0.13542496
 0.12648915 0.12554936 0.12242835 0.11656571 0.12525282 0.12840814
 0.10621304 0.13340943 0.13151721 0.11780369 0.11997309 0.11285573
 0.13442645 0.12645767 0.12783186 0.12426341 0.12762859 0.11669966
 0.11366609 0.12822612 0.1295903  0.12795751 0.12515851 0.12264551
 0.12190122 0.12351154 0.12386013 0.11553554 0.1103681  0.10942915
 0.11754241 0.11861103 0.11691871 0.13455964 0.1467784  0.12911613
 0.13766768 0.11813963 0.10588746 0.1150335  0.12681064 0.11888816
 0.13503294 0.11183012 0.12648676 0.13512859 0.12330112 0.12217467
 0.13768445 0.10777241 0.13151564 0.12621461 0.12423653 0.11499068
 0.14737612 0.13401342 0.114494   0.09760698 0.13416085 0.12099107
 0.12800853 0.11360039]
laluna
METEOR
[0.08340211 0.08519423 0.09284173 0.09141247 0.09247057 0.10111103
 0.09284431 0.09951797 0.10661186 0.09131992 0.08530528 0.09810867
 0.09461387 0.09108835 0.08558894 0.10251728 0.08819665 0.08897871
 0.08583395 0.10236141 0.08444885 0.10958269 0.09292287 0.10212487
 0.09144389 0.09407151 0.10629242 0.09945999 0.09329767 0.08691551
 0.0988426  0.09642018 0.07986534 0.08628524 0.09423383 0.08881853
 0.08695649 0.09091844 0.09557211 0.09043723 0.09454781 0.08764751
 0.08782157 0.09974965 0.09636132 0.07914927 0.10522113 0.09415384
 0.09880652 0.10407644 0.08919588 0.08913498 0.0857346  0.08873147
 0.08991915 0.09656479 0.09245022 0.09066195 0.09202164 0.08823374
 0.09618787 0.09491376 0.09352931 0.09980358 0.09282803 0.08786898
 0.09371946 0.09401966 0.10115756 0.10094152 0.0882363  0.09179421
 0.09830346 0.09527644 0.09584587 0.08467672 0.09266695 0.09745431
 0.09211693 0.0912847  0.1005963  0.10281631 0.09468247 0.10150838
 0.09020704 0.10183434 0.0954428  0.09302971 0.09492592 0.10156572
 0.09642478 0.10140573 0.08615617 0.09153065 0.08931435 0.09517032
 0.07802883 0.09183138 0.09972637 0.0954786  0.10531999 0.10147946
 0.09078927 0.08918513 0.09966696 0.08246147 0.08725283 0.09332264
 0.09452727 0.09639001 0.10174263 0.09715654 0.08350728 0.09166181
 0.10303646 0.10255358 0.09169402 0.0855927  0.08696827 0.09649542
 0.08830404 0.09264771 0.09368107 0.09133106 0.07972032 0.08768756
 0.08799614 0.10051279 0.08911642 0.09068942 0.08835634 0.10007558
 0.08880206 0.0888658  0.09670164 0.09630553 0.08870186 0.09538447
 0.09198421 0.09119147 0.09478936 0.0878281  0.0892793  0.09669226
 0.07784267 0.09468259 0.09602322 0.0882438  0.08452476 0.08499536
 0.09961664 0.08982848 0.09375423 0.10013949 0.09529761 0.088041
 0.0869611  0.09230897 0.09791062 0.09998684 0.09626253 0.08990008
 0.09041403 0.08962656 0.0906489  0.0858677  0.08440551 0.08373922
 0.08785594 0.08900619 0.08866434 0.0989424  0.10399688 0.09798164
 0.09750209 0.08425388 0.08662946 0.08987839 0.09348141 0.08745257
 0.1056173  0.08263215 0.08945911 0.09853927 0.0885656  0.08796417
 0.09800759 0.07795336 0.09693247 0.09506892 0.09412375 0.0868242
 0.11032944 0.09465287 0.08430309 0.07278191 0.10178153 0.08693282
 0.09191866 0.08388016]
laluna
BERT
[0.7803233  0.78526497 0.78314424 0.78307164 0.7832114  0.78354686
 0.78535897 0.7876411  0.7875982  0.78298527 0.7832534  0.785046
 0.7818573  0.7836036  0.7827644  0.78586596 0.78505105 0.78190666
 0.78165865 0.7866858  0.7815504  0.78606087 0.78473306 0.78686184
 0.781393   0.7853235  0.790009   0.7836327  0.7847143  0.78141695
 0.7841249  0.7838164  0.78270113 0.7827759  0.783293   0.7842146
 0.7820357  0.78467387 0.7870588  0.78377146 0.7843183  0.7823004
 0.7819111  0.78255504 0.786669   0.7797245  0.78866327 0.7849972
 0.7863134  0.78529346 0.78356194 0.7836499  0.7817656  0.7861419
 0.78143746 0.78497535 0.783059   0.784238   0.7838249  0.7862778
 0.78244424 0.78298324 0.78167796 0.78745127 0.78602976 0.7864832
 0.78209454 0.7852992  0.7838286  0.78200567 0.7835461  0.7825015
 0.78410935 0.78596926 0.7861492  0.7803765  0.78359205 0.7827294
 0.78374654 0.78534204 0.78408325 0.78312016 0.78318745 0.78369546
 0.7849789  0.78782463 0.78225356 0.78440464 0.78361505 0.7836638
 0.7839735  0.78776824 0.78333426 0.780912   0.78416586 0.78361356
 0.78214645 0.7856108  0.78593254 0.786759   0.78602946 0.78790516
 0.7828435  0.78325146 0.78774446 0.78299826 0.78305846 0.78539604
 0.78255016 0.78452563 0.78485763 0.7869554  0.7816791  0.785845
 0.7891559  0.7843348  0.78382695 0.7827467  0.78354573 0.7822535
 0.7832518  0.7828738  0.7838207  0.783872   0.7815459  0.78455096
 0.7844152  0.7849867  0.7850261  0.7845988  0.7810857  0.7854097
 0.7832673  0.7820593  0.78474164 0.7834211  0.7830474  0.78644353
 0.78225166 0.7826673  0.78494555 0.78120637 0.7874302  0.7854285
 0.78230983 0.7841576  0.7852087  0.7846156  0.7834547  0.7831082
 0.7836363  0.78347343 0.7843973  0.786116   0.7874985  0.782859
 0.78230935 0.7834631  0.78414947 0.7845029  0.7829086  0.78472257
 0.7833169  0.7848131  0.7835275  0.78271383 0.781671   0.7833186
 0.7845645  0.780946   0.7863535  0.7830136  0.78505224 0.7854874
 0.7854511  0.7830189  0.7803448  0.78111696 0.7818806  0.7843235
 0.783545   0.78155166 0.7817501  0.78427356 0.78331226 0.78412235
 0.7842178  0.782029   0.7838502  0.7836715  0.78529805 0.78214276
 0.78928804 0.78558683 0.7824712  0.78172094 0.7843248  0.7819199
 0.7858396  0.78204215]
[nltk_data] Downloading package wordnet to /mnt/iusers01/fse-
[nltk_data]     ugpgt01/compsci01/q12628ct/nltk_data...
[nltk_data]   Package wordnet is already up-to-date!
[nltk_data] Downloading package punkt_tab to /mnt/iusers01/fse-
[nltk_data]     ugpgt01/compsci01/q12628ct/nltk_data...
[nltk_data]   Package punkt_tab is already up-to-date!
[nltk_data] Downloading package omw-1.4 to /mnt/iusers01/fse-
[nltk_data]     ugpgt01/compsci01/q12628ct/nltk_data...
[nltk_data]   Package omw-1.4 is already up-to-date!
/mnt/iusers01/fse-ugpgt01/compsci01/q12628ct/.conda/envs/semantic-decoding/lib/python3.10/site-packages/huggingface_hub/file_download.py:945: FutureWarning: `resume_download` is deprecated and will be removed in version 1.0.0. Downloads always resume when possible. If you want to force a new download, use `force_download=True`.
  warnings.warn(
Some weights of the model checkpoint at roberta-large were not used when initializing RobertaModel: ['lm_head.bias', 'lm_head.dense.weight', 'lm_head.dense.bias', 'lm_head.layer_norm.weight', 'lm_head.layer_norm.bias']
- This IS expected if you are initializing RobertaModel from the checkpoint of a model trained on another task or with another architecture (e.g. initializing a BertForSequenceClassification model from a BertForPreTraining model).
- This IS NOT expected if you are initializing RobertaModel from the checkpoint of a model that you expect to be exactly identical (initializing a BertForSequenceClassification model from a BertForSequenceClassification model).
Some weights of RobertaModel were not initialized from the model checkpoint at roberta-large and are newly initialized: ['roberta.pooler.dense.bias', 'roberta.pooler.dense.weight']
You should probably TRAIN this model on a down-stream task to be able to use it for predictions and inference.
Traceback (most recent call last):
  File "/net/scratch/q12628ct/semantic-decoding/decoding/evaluate_predictions.py", line 38, in <module>
    pred_data = np.load(pred_path)
  File "/mnt/iusers01/fse-ugpgt01/compsci01/q12628ct/.conda/envs/semantic-decoding/lib/python3.10/site-packages/numpy/lib/npyio.py", line 427, in load
    fid = stack.enter_context(open(os_fspath(file), "rb"))
FileNotFoundError: [Errno 2] No such file or directory: '/net/scratch/q12628ct/semantic-decoding/results/S2/perceived_multispeaker/gpt_layer_10/attend-M.npz'
[nltk_data] Downloading package wordnet to /mnt/iusers01/fse-
[nltk_data]     ugpgt01/compsci01/q12628ct/nltk_data...
[nltk_data]   Package wordnet is already up-to-date!
[nltk_data] Downloading package punkt_tab to /mnt/iusers01/fse-
[nltk_data]     ugpgt01/compsci01/q12628ct/nltk_data...
[nltk_data]   Package punkt_tab is already up-to-date!
[nltk_data] Downloading package omw-1.4 to /mnt/iusers01/fse-
[nltk_data]     ugpgt01/compsci01/q12628ct/nltk_data...
[nltk_data]   Package omw-1.4 is already up-to-date!
/mnt/iusers01/fse-ugpgt01/compsci01/q12628ct/.conda/envs/semantic-decoding/lib/python3.10/site-packages/huggingface_hub/file_download.py:945: FutureWarning: `resume_download` is deprecated and will be removed in version 1.0.0. Downloads always resume when possible. If you want to force a new download, use `force_download=True`.
  warnings.warn(
Some weights of the model checkpoint at roberta-large were not used when initializing RobertaModel: ['lm_head.dense.bias', 'lm_head.layer_norm.bias', 'lm_head.dense.weight', 'lm_head.layer_norm.weight', 'lm_head.bias']
- This IS expected if you are initializing RobertaModel from the checkpoint of a model trained on another task or with another architecture (e.g. initializing a BertForSequenceClassification model from a BertForPreTraining model).
- This IS NOT expected if you are initializing RobertaModel from the checkpoint of a model that you expect to be exactly identical (initializing a BertForSequenceClassification model from a BertForSequenceClassification model).
Some weights of RobertaModel were not initialized from the model checkpoint at roberta-large and are newly initialized: ['roberta.pooler.dense.weight', 'roberta.pooler.dense.bias']
You should probably TRAIN this model on a down-stream task to be able to use it for predictions and inference.
Traceback (most recent call last):
  File "/net/scratch/q12628ct/semantic-decoding/decoding/evaluate_predictions.py", line 38, in <module>
    pred_data = np.load(pred_path)
  File "/mnt/iusers01/fse-ugpgt01/compsci01/q12628ct/.conda/envs/semantic-decoding/lib/python3.10/site-packages/numpy/lib/npyio.py", line 427, in load
    fid = stack.enter_context(open(os_fspath(file), "rb"))
FileNotFoundError: [Errno 2] No such file or directory: '/net/scratch/q12628ct/semantic-decoding/results/S2/perceived_multispeaker/gpt_layer_10/attend-F.npz'
[nltk_data] Downloading package wordnet to /mnt/iusers01/fse-
[nltk_data]     ugpgt01/compsci01/q12628ct/nltk_data...
[nltk_data]   Package wordnet is already up-to-date!
[nltk_data] Downloading package punkt_tab to /mnt/iusers01/fse-
[nltk_data]     ugpgt01/compsci01/q12628ct/nltk_data...
[nltk_data]   Package punkt_tab is already up-to-date!
[nltk_data] Downloading package omw-1.4 to /mnt/iusers01/fse-
[nltk_data]     ugpgt01/compsci01/q12628ct/nltk_data...
[nltk_data]   Package omw-1.4 is already up-to-date!
/mnt/iusers01/fse-ugpgt01/compsci01/q12628ct/.conda/envs/semantic-decoding/lib/python3.10/site-packages/huggingface_hub/file_download.py:945: FutureWarning: `resume_download` is deprecated and will be removed in version 1.0.0. Downloads always resume when possible. If you want to force a new download, use `force_download=True`.
  warnings.warn(
Some weights of the model checkpoint at roberta-large were not used when initializing RobertaModel: ['lm_head.dense.weight', 'lm_head.dense.bias', 'lm_head.bias', 'lm_head.layer_norm.bias', 'lm_head.layer_norm.weight']
- This IS expected if you are initializing RobertaModel from the checkpoint of a model trained on another task or with another architecture (e.g. initializing a BertForSequenceClassification model from a BertForPreTraining model).
- This IS NOT expected if you are initializing RobertaModel from the checkpoint of a model that you expect to be exactly identical (initializing a BertForSequenceClassification model from a BertForSequenceClassification model).
Some weights of RobertaModel were not initialized from the model checkpoint at roberta-large and are newly initialized: ['roberta.pooler.dense.bias', 'roberta.pooler.dense.weight']
You should probably TRAIN this model on a down-stream task to be able to use it for predictions and inference.
alpha_repeat-1
WER
[-0.17477561 -0.17442003 -0.20397769 -0.17683123 -0.18071071 -0.16247398
 -0.17199987 -0.20578046 -0.19589863 -0.19528381 -0.19809059 -0.17380263
 -0.21315237 -0.20553675 -0.14948932 -0.16067362 -0.19354726 -0.17151695
 -0.14516517 -0.17039925 -0.1833397  -0.18615441 -0.15521977 -0.18657659
 -0.20084391 -0.17409192 -0.20031237 -0.20795419 -0.20037436 -0.21264312
 -0.16780325 -0.20184174 -0.16012197 -0.18918244 -0.1725209  -0.22973075
 -0.20440822 -0.19342345 -0.17979097 -0.1874335  -0.19338495 -0.20708884
 -0.14744273 -0.17563797 -0.19050628 -0.19664119 -0.18243278 -0.17132691
 -0.14650475 -0.21667738 -0.19490451 -0.1575805  -0.18417902 -0.18501436
 -0.21172533 -0.20365982 -0.19299365 -0.18307197 -0.18281718 -0.17272134
 -0.1918451  -0.1785254  -0.2152276  -0.18391949 -0.20869101 -0.17714172
 -0.16528104 -0.16630892 -0.19884181 -0.19566464 -0.20988981 -0.17892036
 -0.20893656 -0.17598278 -0.19645388 -0.17851172 -0.1816988  -0.17682244
 -0.17740408 -0.17414797 -0.20693072 -0.19193604 -0.19737796 -0.15427125
 -0.15817855 -0.16783796 -0.17955563 -0.18765547 -0.18585302 -0.19331472
 -0.16880582 -0.2121628  -0.18971169 -0.18836981 -0.19009373 -0.18439819
 -0.16942327 -0.21545441 -0.17825896 -0.20924209 -0.19776492 -0.18725579
 -0.19687208 -0.20450497 -0.16663287 -0.21669272 -0.19713336 -0.18717451
 -0.19551948 -0.16374946 -0.18517658 -0.1752959  -0.1926924  -0.1672804
 -0.19753097 -0.18586638 -0.17483648 -0.19207368 -0.19849728 -0.19482179
 -0.16312221 -0.17475868 -0.20380771 -0.19703102 -0.20611937 -0.20754019
 -0.1849633  -0.17783576 -0.18860219 -0.18295394 -0.19802518 -0.17686691
 -0.19975192 -0.21883881 -0.1767857  -0.16534416 -0.15479239 -0.17200165
 -0.20580436 -0.19534618 -0.20201851 -0.17510139 -0.21074041 -0.17447252
 -0.15876413 -0.17586774 -0.17708655 -0.20331563 -0.18388712 -0.19574143
 -0.200212   -0.16836205 -0.16528373 -0.20941812 -0.18710016 -0.14872117
 -0.18498515 -0.18800547 -0.17872566 -0.20828885 -0.18980342 -0.19524909
 -0.19025647 -0.17236897 -0.17121028 -0.17549756 -0.17043662 -0.18146311
 -0.18338278 -0.22993634 -0.18931614 -0.22660286 -0.14786997 -0.19043094
 -0.18478646 -0.18176758 -0.20259464 -0.19330263 -0.20897492 -0.21555781
 -0.17302361 -0.18744358 -0.15977853 -0.18640707 -0.18972888 -0.18441224
 -0.18072816 -0.1920518  -0.18322581 -0.18944087 -0.20670596 -0.19606938
 -0.1867685  -0.18283181 -0.17398088 -0.19181967 -0.18079102 -0.20730431
 -0.19856678 -0.17326708]
alpha_repeat-1
BLEU
[0.23066517 0.21608152 0.12387707 0.18772022 0.20368994 0.21252058
 0.20689902 0.12761198 0.14413225 0.20134677 0.14460102 0.20171405
 0.15087051 0.1498762  0.18193571 0.22089376 0.17089365 0.18846673
 0.23286568 0.19011102 0.17961407 0.21270356 0.2139375  0.19914988
 0.12780469 0.23703562 0.13275162 0.13316554 0.17309916 0.15471549
 0.208867   0.15519709 0.20900844 0.17493154 0.18891779 0.12418981
 0.13710373 0.17028703 0.2183352  0.21043942 0.19651509 0.16560459
 0.21277046 0.21375739 0.18065877 0.14453568 0.19481076 0.23211315
 0.24869358 0.14468751 0.18949958 0.26111359 0.15522059 0.2407378
 0.13467582 0.18196701 0.16213954 0.17776779 0.20597186 0.19806727
 0.18170814 0.18909472 0.14339774 0.18831454 0.12488652 0.18059988
 0.18118051 0.22722886 0.13428976 0.17485227 0.17747572 0.20413226
 0.12349597 0.19287028 0.16732865 0.17674005 0.20696595 0.20568783
 0.22820608 0.20665726 0.16428502 0.20672258 0.20511248 0.21888882
 0.18658051 0.1835925  0.21639063 0.18827168 0.15178452 0.17797776
 0.23836689 0.13292353 0.1963445  0.13022827 0.13825435 0.15378077
 0.19555147 0.12801447 0.2140249  0.12101318 0.1411511  0.17669972
 0.19580472 0.15003076 0.2236383  0.12624045 0.17558877 0.15074862
 0.16182825 0.19088549 0.17327216 0.17872634 0.18026074 0.1966192
 0.18234233 0.19239851 0.23796036 0.19175912 0.15866672 0.16837437
 0.20731273 0.18403987 0.17677639 0.16622433 0.1343234  0.17955936
 0.20080705 0.22453141 0.2052448  0.23558381 0.19865091 0.18241793
 0.14469691 0.10137801 0.21134839 0.19545653 0.23295526 0.22299708
 0.12845391 0.1385649  0.14595139 0.20788919 0.13753621 0.16212155
 0.18498497 0.20756637 0.21176133 0.16870615 0.21799384 0.1593201
 0.15907253 0.13473201 0.19045071 0.1805238  0.19380389 0.18930504
 0.19915602 0.17448392 0.19466735 0.1625787  0.15818014 0.22788222
 0.22443091 0.20543418 0.2122714  0.18906584 0.14898087 0.19398774
 0.20852618 0.10326531 0.13876658 0.10483953 0.22051667 0.19020955
 0.16521209 0.19624954 0.17223827 0.15092782 0.18999319 0.16936943
 0.1737842  0.19303671 0.20311775 0.21414811 0.17252993 0.15956717
 0.20855852 0.19538828 0.19741941 0.19937617 0.17893863 0.1781725
 0.22200682 0.211856   0.21238931 0.11082556 0.1894393  0.17533597
 0.16387332 0.15653273]
alpha_repeat-1
METEOR
[0.16726297 0.15994888 0.08668038 0.14474927 0.14372166 0.16173839
 0.14371539 0.10091766 0.1143387  0.13978755 0.12454203 0.14964247
 0.12287821 0.11976765 0.13880985 0.18181136 0.14120806 0.14998088
 0.1753876  0.14032279 0.1405278  0.1458874  0.17384933 0.14261673
 0.11318923 0.16710586 0.11510471 0.11090876 0.11691472 0.11323176
 0.16134682 0.11948969 0.14940465 0.1224924  0.13178447 0.12525844
 0.12321939 0.14461912 0.15081796 0.15769385 0.1779127  0.13365575
 0.15900862 0.16513275 0.13701996 0.09920995 0.14537693 0.16762915
 0.18985909 0.10942554 0.13548871 0.19977666 0.11606333 0.16098256
 0.09623293 0.1379162  0.13267693 0.14887876 0.16352688 0.13698208
 0.12754559 0.15090488 0.10056462 0.14095994 0.08363848 0.13367611
 0.13427702 0.17254428 0.10426852 0.14104807 0.1268954  0.162747
 0.10021877 0.1637234  0.12414701 0.142618   0.15526845 0.14952483
 0.17920443 0.15188754 0.1385086  0.14934518 0.15679058 0.16761361
 0.13978837 0.15439391 0.15940133 0.14524173 0.11186314 0.14124974
 0.17710723 0.11250324 0.15281846 0.09480793 0.11210541 0.12223851
 0.16434941 0.10659993 0.15832806 0.10945255 0.12254741 0.13732174
 0.13167127 0.12311473 0.17928507 0.08862135 0.14742084 0.13035727
 0.12133651 0.1410685  0.13724093 0.1305587  0.14188738 0.14700285
 0.14480778 0.14783839 0.17416504 0.14902177 0.12146017 0.13943204
 0.15020595 0.13436861 0.13817897 0.13745441 0.09670227 0.15329384
 0.14338437 0.17455356 0.16668782 0.17863366 0.14025216 0.14163433
 0.11621543 0.08317856 0.15612935 0.1645301  0.20448401 0.1526954
 0.09944957 0.10392667 0.11007733 0.16144548 0.1011325  0.11515287
 0.12287067 0.15493633 0.16427262 0.11711901 0.16143004 0.11451647
 0.11524894 0.12245634 0.1448057  0.12687972 0.13246301 0.14648278
 0.14758043 0.12858916 0.15665112 0.12635677 0.1246262  0.17582967
 0.14570719 0.1498371  0.18250313 0.14725002 0.13551524 0.14150527
 0.15884882 0.08724834 0.11975585 0.08222135 0.16810517 0.14476534
 0.13093542 0.13548156 0.11223827 0.11938404 0.12574861 0.13755713
 0.13225549 0.14160682 0.15123479 0.14577479 0.1294793  0.11945198
 0.16564374 0.13919095 0.15282344 0.15624775 0.12388991 0.13353992
 0.16808233 0.16013687 0.15844075 0.08520769 0.13232847 0.14339919
 0.12005633 0.13305248]
alpha_repeat-1
BERT
[0.79466414 0.80207455 0.78901273 0.7937405  0.7972376  0.79666436
 0.79562414 0.7946125  0.78844166 0.79574287 0.7946376  0.79410565
 0.7891985  0.79781795 0.793214   0.79940146 0.7928329  0.79759204
 0.7981395  0.7978919  0.79929686 0.79163796 0.79852605 0.7955309
 0.7909916  0.79494894 0.7936926  0.79647213 0.79353285 0.7921216
 0.79695415 0.7935176  0.79442745 0.7911042  0.79205406 0.7886626
 0.795331   0.7948492  0.7942574  0.79304206 0.7957006  0.79421985
 0.79546046 0.8016593  0.79181606 0.7891119  0.79585975 0.7929023
 0.79762    0.7931189  0.79731274 0.80033803 0.7967092  0.7996929
 0.7937143  0.79992133 0.7957025  0.7997526  0.79283047 0.79478383
 0.7937151  0.7957122  0.7898673  0.79638755 0.79016876 0.7921441
 0.7931931  0.79008895 0.7919656  0.79364496 0.79490393 0.7914382
 0.78688383 0.78684926 0.79005295 0.79359883 0.79215336 0.7964489
 0.79833317 0.7983876  0.7868136  0.79627275 0.7903197  0.7931018
 0.792337   0.79518694 0.7915401  0.7944477  0.7940901  0.79261994
 0.7944911  0.79369473 0.795475   0.7919533  0.7924141  0.79459614
 0.79282564 0.7918612  0.79749167 0.78793615 0.78900015 0.7947587
 0.795095   0.7957809  0.79634446 0.79256475 0.7957973  0.7943322
 0.79478073 0.7961588  0.79212916 0.79375345 0.79234177 0.7954579
 0.79751384 0.79770875 0.8003636  0.7950625  0.7901125  0.7972344
 0.79699224 0.792137   0.79808795 0.7938874  0.78962076 0.796305
 0.79668045 0.79497445 0.7974412  0.7874608  0.79336494 0.797462
 0.7943631  0.79278916 0.79634875 0.795472   0.79535025 0.7959938
 0.79251015 0.7911024  0.7925057  0.7967469  0.78855294 0.7885505
 0.7934539  0.79596627 0.7974485  0.7933671  0.79789704 0.79332733
 0.7885773  0.7907565  0.79655206 0.7896009  0.79516715 0.79529303
 0.7976812  0.79226166 0.79643345 0.791401   0.78998417 0.7964137
 0.79369056 0.7939505  0.7947318  0.79770565 0.7946552  0.7920298
 0.79372406 0.7935482  0.7923757  0.7892652  0.79653984 0.7977224
 0.79394096 0.7996816  0.7887895  0.79442096 0.7922156  0.79194057
 0.7951585  0.79554766 0.795177   0.79154086 0.78968    0.7939775
 0.79741067 0.79234296 0.7935216  0.79531765 0.7937231  0.7907038
 0.796918   0.7945246  0.79601324 0.79164857 0.7931278  0.7962287
 0.7966785  0.7928132 ]
[nltk_data] Downloading package wordnet to /mnt/iusers01/fse-
[nltk_data]     ugpgt01/compsci01/q12628ct/nltk_data...
[nltk_data]   Package wordnet is already up-to-date!
[nltk_data] Downloading package punkt_tab to /mnt/iusers01/fse-
[nltk_data]     ugpgt01/compsci01/q12628ct/nltk_data...
[nltk_data]   Package punkt_tab is already up-to-date!
[nltk_data] Downloading package omw-1.4 to /mnt/iusers01/fse-
[nltk_data]     ugpgt01/compsci01/q12628ct/nltk_data...
[nltk_data]   Package omw-1.4 is already up-to-date!
/mnt/iusers01/fse-ugpgt01/compsci01/q12628ct/.conda/envs/semantic-decoding/lib/python3.10/site-packages/huggingface_hub/file_download.py:945: FutureWarning: `resume_download` is deprecated and will be removed in version 1.0.0. Downloads always resume when possible. If you want to force a new download, use `force_download=True`.
  warnings.warn(
Some weights of the model checkpoint at roberta-large were not used when initializing RobertaModel: ['lm_head.dense.bias', 'lm_head.layer_norm.weight', 'lm_head.layer_norm.bias', 'lm_head.dense.weight', 'lm_head.bias']
- This IS expected if you are initializing RobertaModel from the checkpoint of a model trained on another task or with another architecture (e.g. initializing a BertForSequenceClassification model from a BertForPreTraining model).
- This IS NOT expected if you are initializing RobertaModel from the checkpoint of a model that you expect to be exactly identical (initializing a BertForSequenceClassification model from a BertForSequenceClassification model).
Some weights of RobertaModel were not initialized from the model checkpoint at roberta-large and are newly initialized: ['roberta.pooler.dense.bias', 'roberta.pooler.dense.weight']
You should probably TRAIN this model on a down-stream task to be able to use it for predictions and inference.
alpha_repeat-2
WER
[-0.1392159  -0.13203036 -0.14918165 -0.12699702 -0.15460456 -0.13147228
 -0.13474405 -0.1218074  -0.11444536 -0.14733469 -0.15952399 -0.11768918
 -0.1329434  -0.11226505 -0.14162476 -0.16874177 -0.11528045 -0.15006535
 -0.12503891 -0.1319036  -0.16378964 -0.15072775 -0.1311782  -0.10487223
 -0.13771649 -0.12763873 -0.11064397 -0.12910012 -0.11988063 -0.14840323
 -0.14015442 -0.1086677  -0.12424419 -0.1268178  -0.12244358 -0.16861471
 -0.12830092 -0.14579473 -0.12790409 -0.14015155 -0.13796286 -0.13978587
 -0.13125725 -0.1667544  -0.15231183 -0.13067168 -0.09097681 -0.13093413
 -0.14574132 -0.14944278 -0.12256136 -0.13138065 -0.13444059 -0.11360571
 -0.1613104  -0.13334917 -0.14024296 -0.09734789 -0.1077186  -0.12157441
 -0.14022051 -0.11884504 -0.1215505  -0.14119685 -0.13697749 -0.13206267
 -0.140929   -0.10762707 -0.14472822 -0.15158076 -0.13063543 -0.14791655
 -0.11720571 -0.12594911 -0.11257491 -0.15138426 -0.15575315 -0.1160304
 -0.128649   -0.1246131  -0.1448859  -0.10590866 -0.12651538 -0.12346186
 -0.13753205 -0.10062027 -0.10894412 -0.14902112 -0.13913977 -0.12960051
 -0.15044828 -0.1374614  -0.11578032 -0.12269292 -0.14512909 -0.12180369
 -0.13250961 -0.13005825 -0.13980233 -0.1524649  -0.12339194 -0.14362991
 -0.12440879 -0.13226097 -0.10360641 -0.10397657 -0.146106   -0.14068737
 -0.11829622 -0.11969154 -0.12961907 -0.12942688 -0.12983648 -0.11856495
 -0.11142891 -0.14052727 -0.10402419 -0.12628155 -0.1269018  -0.15066707
 -0.11349636 -0.14458605 -0.13583862 -0.09566996 -0.12735251 -0.13286524
 -0.11284005 -0.13605372 -0.12496864 -0.15196915 -0.15207742 -0.1333905
 -0.12868955 -0.11681664 -0.11621956 -0.14785302 -0.10945336 -0.11860806
 -0.12494037 -0.10586919 -0.1130973  -0.14099179 -0.13192088 -0.13952532
 -0.12607834 -0.11901707 -0.11042509 -0.16338196 -0.1177487  -0.14495968
 -0.11343803 -0.1037213  -0.13909921 -0.13638334 -0.09335699 -0.13255167
 -0.10505023 -0.11682401 -0.15456173 -0.11188746 -0.14194687 -0.12407477
 -0.12473766 -0.13034425 -0.130692   -0.1260848  -0.11937107 -0.15301267
 -0.15308042 -0.11663003 -0.13616928 -0.15920345 -0.12911193 -0.11234888
 -0.1397699  -0.14372389 -0.07037795 -0.09080392 -0.13691166 -0.15652837
 -0.1291932  -0.12443884 -0.14971657 -0.14014198 -0.14119083 -0.11123635
 -0.1127637  -0.12152    -0.11815013 -0.11271429 -0.12825093 -0.15899061
 -0.11024853 -0.11796994 -0.12156358 -0.13828738 -0.13643104 -0.11250527
 -0.14857963 -0.16248076]
alpha_repeat-2
BLEU
[0.17759563 0.18410349 0.16525996 0.18571467 0.19778539 0.167074
 0.18157015 0.19322011 0.23820202 0.19304674 0.14072337 0.21251767
 0.1594665  0.21192863 0.17174849 0.16231144 0.1737628  0.21138298
 0.21225402 0.20916291 0.14506124 0.12584631 0.18548459 0.23062824
 0.1276719  0.22569315 0.24115292 0.21296726 0.20972824 0.1786055
 0.17251566 0.22139353 0.18807683 0.19265152 0.22022764 0.10720632
 0.13768672 0.16501061 0.24129101 0.20171479 0.18248092 0.19328489
 0.21102551 0.156799   0.16143036 0.15895646 0.22036121 0.19298907
 0.15005206 0.15892703 0.1574488  0.19360062 0.13980474 0.14625057
 0.14222684 0.21438893 0.24391984 0.23718056 0.24158589 0.18664792
 0.16366025 0.21375735 0.19108802 0.20288464 0.17568735 0.20430397
 0.14684327 0.2209507  0.14854854 0.1171093  0.22172011 0.18049749
 0.16661927 0.16999059 0.1839556  0.13648847 0.14175411 0.23814131
 0.17307422 0.22073167 0.16719003 0.20314187 0.25127318 0.21399386
 0.18678691 0.21208266 0.18430348 0.12748683 0.18204935 0.19645216
 0.18315169 0.16940587 0.19868995 0.18780823 0.12342841 0.1864586
 0.17371878 0.20949711 0.16032183 0.19806231 0.19573922 0.2031656
 0.19448461 0.20125813 0.20125409 0.24395627 0.16025646 0.15782931
 0.21909087 0.16152921 0.18980025 0.18347601 0.17405779 0.18387412
 0.22000968 0.11692182 0.23058594 0.20056481 0.17545266 0.15749439
 0.23152223 0.16484046 0.15645076 0.20621084 0.15159201 0.18428099
 0.22807584 0.16380531 0.19435193 0.1371973  0.17894502 0.16361444
 0.16369235 0.21207915 0.21609872 0.15714386 0.25149174 0.22793484
 0.22147551 0.24523979 0.23905032 0.19166023 0.18424296 0.19554577
 0.19258116 0.18015389 0.21733006 0.11869177 0.20075295 0.15024691
 0.22783669 0.22335523 0.19866641 0.19014011 0.20878381 0.16878507
 0.23119017 0.16209316 0.17237353 0.18625417 0.13200531 0.21303883
 0.18229872 0.15834581 0.13705172 0.17726075 0.20469571 0.21821286
 0.11215541 0.21045333 0.12169049 0.1456469  0.18631702 0.23898608
 0.17302326 0.16631427 0.22733328 0.18978091 0.17239775 0.17786412
 0.20693556 0.17365595 0.15336917 0.19468224 0.16367433 0.22972935
 0.19275084 0.15690319 0.1750207  0.17690191 0.14680704 0.18235576
 0.17471122 0.2105516  0.21605665 0.13931187 0.14811704 0.20296686
 0.13463737 0.10628475]
alpha_repeat-2
METEOR
[0.12514075 0.11998884 0.12916306 0.14637793 0.14078298 0.12764465
 0.12757831 0.15236216 0.18116739 0.14061929 0.10764625 0.16441038
 0.11563981 0.15273098 0.13465387 0.11416538 0.14033284 0.16649822
 0.14848957 0.15108137 0.11654445 0.08923458 0.12330544 0.16725542
 0.09386119 0.16449364 0.17718164 0.14728833 0.13939631 0.12538632
 0.12567771 0.15361466 0.14191689 0.14102222 0.16662755 0.08029378
 0.10258449 0.13154638 0.15690196 0.14142438 0.13085089 0.13661606
 0.14853473 0.13066458 0.1509336  0.12398194 0.17274118 0.13997736
 0.11576478 0.11257573 0.10378793 0.13208213 0.11437171 0.13030399
 0.09655138 0.14434592 0.15801847 0.16748333 0.16176545 0.12977327
 0.11803075 0.15163659 0.1437657  0.14640427 0.11338659 0.15154649
 0.09444998 0.15510864 0.11435912 0.08463327 0.14180317 0.14917124
 0.11276448 0.12772356 0.13962383 0.09741888 0.09810843 0.15897473
 0.11960372 0.14420765 0.12044526 0.14893927 0.17547757 0.15712586
 0.13236895 0.14598653 0.13296029 0.10287677 0.13755967 0.14237531
 0.13695778 0.12083891 0.1353181  0.13298951 0.0988742  0.13601067
 0.13331262 0.15354192 0.13508018 0.13040924 0.13875425 0.13908961
 0.14000733 0.14970942 0.13758599 0.15177987 0.12192559 0.10902864
 0.15980864 0.11787929 0.14910018 0.14844428 0.12458111 0.13488806
 0.15103793 0.08394818 0.17321741 0.13725444 0.134827   0.11947819
 0.17439561 0.11913652 0.1240672  0.16376208 0.11062144 0.15190131
 0.16130965 0.13589245 0.13580197 0.09869626 0.12579679 0.12155685
 0.12062795 0.16199696 0.14726298 0.11395546 0.18565246 0.16562335
 0.15979227 0.17465431 0.16279613 0.14101082 0.13972218 0.12782294
 0.14756547 0.12480853 0.16146973 0.08487971 0.15701025 0.12635917
 0.16482448 0.16887808 0.14055875 0.15025929 0.16495158 0.12637882
 0.17055581 0.11725743 0.13230135 0.1390522  0.10558725 0.15472519
 0.13824936 0.11634253 0.1022309  0.11511363 0.14949456 0.18388056
 0.08652434 0.13365136 0.08961489 0.10502044 0.15460452 0.15889998
 0.13447981 0.12194601 0.15293725 0.15466691 0.13242009 0.12342244
 0.14294308 0.1172923  0.12227745 0.15941996 0.11240945 0.16227577
 0.13834917 0.1167692  0.12555604 0.14084152 0.11726118 0.1315896
 0.12797407 0.14107907 0.16258675 0.11346886 0.11848871 0.1370707
 0.1107553  0.08979858]
alpha_repeat-2
BERT
[0.78996056 0.7933866  0.7948393  0.79762447 0.7957823  0.7932008
 0.7921199  0.80105555 0.8005031  0.78417635 0.7903749  0.7972523
 0.794864   0.7940231  0.79350144 0.7909655  0.796673   0.7964945
 0.79444206 0.79822886 0.7930883  0.7920501  0.7933937  0.79740196
 0.7901937  0.79942584 0.7898059  0.79544014 0.79614955 0.79176646
 0.79545444 0.7917819  0.790873   0.79299194 0.7895984  0.79138976
 0.7935066  0.79851776 0.79740804 0.79486537 0.790731   0.7878429
 0.7927878  0.7934167  0.7925576  0.7986731  0.7988713  0.79538876
 0.79362524 0.7972016  0.79134464 0.79070824 0.7892745  0.7881818
 0.7900324  0.7944623  0.796931   0.80656254 0.79584205 0.7929072
 0.79823565 0.79647756 0.79394335 0.7971132  0.79157156 0.7959149
 0.78902006 0.7981879  0.7930747  0.7892851  0.7979393  0.7916996
 0.7924123  0.79390466 0.7923275  0.79127765 0.78980076 0.797087
 0.79327244 0.79763806 0.7931242  0.7944281  0.7999983  0.8004476
 0.7892078  0.79319364 0.79458815 0.790626   0.79032    0.7969951
 0.7931231  0.79246753 0.79145813 0.79163975 0.79142773 0.7971578
 0.7926274  0.79565746 0.7954077  0.79337853 0.7882452  0.79504937
 0.79599833 0.79539675 0.7969461  0.7999171  0.7889305  0.79311854
 0.7941984  0.79099965 0.79649436 0.799119   0.79539627 0.79436016
 0.7929201  0.78966904 0.7970198  0.7969357  0.7943047  0.79187477
 0.79805195 0.7924655  0.7891119  0.8019602  0.7907609  0.7954596
 0.7936196  0.7900457  0.79394543 0.7885027  0.79351944 0.79192966
 0.79014957 0.7952881  0.7925571  0.7940513  0.8012528  0.79184324
 0.798204   0.7979748  0.7990726  0.7939898  0.7953778  0.7954891
 0.79475373 0.7981906  0.79695976 0.78748703 0.7956424  0.7930497
 0.79547566 0.79870206 0.7893217  0.7921444  0.7974734  0.79211926
 0.798138   0.7909143  0.7924395  0.7926657  0.79118615 0.7933603
 0.7917901  0.79445565 0.7911032  0.7910002  0.7956563  0.7948548
 0.7927059  0.79377055 0.7895866  0.7891222  0.7981519  0.7969018
 0.79555094 0.79643863 0.7986384  0.7943785  0.79757786 0.7899858
 0.79425466 0.7928395  0.7928972  0.79380846 0.7946814  0.79723245
 0.7970742  0.7937385  0.79234016 0.78961384 0.7932265  0.79330945
 0.79755    0.7973954  0.79530454 0.7900185  0.78484863 0.79248416
 0.78934366 0.79021055]
[nltk_data] Downloading package wordnet to /mnt/iusers01/fse-
[nltk_data]     ugpgt01/compsci01/q12628ct/nltk_data...
[nltk_data]   Package wordnet is already up-to-date!
[nltk_data] Downloading package punkt_tab to /mnt/iusers01/fse-
[nltk_data]     ugpgt01/compsci01/q12628ct/nltk_data...
[nltk_data]   Package punkt_tab is already up-to-date!
[nltk_data] Downloading package omw-1.4 to /mnt/iusers01/fse-
[nltk_data]     ugpgt01/compsci01/q12628ct/nltk_data...
[nltk_data]   Package omw-1.4 is already up-to-date!
/mnt/iusers01/fse-ugpgt01/compsci01/q12628ct/.conda/envs/semantic-decoding/lib/python3.10/site-packages/huggingface_hub/file_download.py:945: FutureWarning: `resume_download` is deprecated and will be removed in version 1.0.0. Downloads always resume when possible. If you want to force a new download, use `force_download=True`.
  warnings.warn(
Some weights of the model checkpoint at roberta-large were not used when initializing RobertaModel: ['lm_head.layer_norm.weight', 'lm_head.bias', 'lm_head.layer_norm.bias', 'lm_head.dense.weight', 'lm_head.dense.bias']
- This IS expected if you are initializing RobertaModel from the checkpoint of a model trained on another task or with another architecture (e.g. initializing a BertForSequenceClassification model from a BertForPreTraining model).
- This IS NOT expected if you are initializing RobertaModel from the checkpoint of a model that you expect to be exactly identical (initializing a BertForSequenceClassification model from a BertForSequenceClassification model).
Some weights of RobertaModel were not initialized from the model checkpoint at roberta-large and are newly initialized: ['roberta.pooler.dense.bias', 'roberta.pooler.dense.weight']
You should probably TRAIN this model on a down-stream task to be able to use it for predictions and inference.
bravo_repeat-1
WER
[-0.06965907 -0.0794782  -0.07621196 -0.07235732 -0.07600408 -0.076459
 -0.08609406 -0.06014573 -0.0761949  -0.06467052 -0.06185159 -0.05106446
 -0.0805969  -0.08050383 -0.05890418 -0.07206102 -0.06802368 -0.07138103
 -0.06592975 -0.06207489 -0.0809921  -0.08079811 -0.08657621 -0.07644696
 -0.06472552 -0.08972459 -0.08714819 -0.06659407 -0.07837433 -0.07224638
 -0.06960977 -0.07913918 -0.082178   -0.05856307 -0.07201013 -0.04145575
 -0.08305041 -0.08996705 -0.0913424  -0.0624258  -0.07923593 -0.06808399
 -0.05407763 -0.05895191 -0.07135962 -0.08299797 -0.05021723 -0.09188888
 -0.08797249 -0.06641021 -0.0906589  -0.0799302  -0.080722   -0.07099648
 -0.08039394 -0.05816914 -0.07338228 -0.06526196 -0.04986828 -0.08064894
 -0.08744594 -0.0722744  -0.08366378 -0.07889961 -0.04201249 -0.07348032
 -0.07048718 -0.05587242 -0.0437505  -0.07545743 -0.07498691 -0.08275086
 -0.07126287 -0.0594624  -0.07762742 -0.07068099 -0.07936016 -0.07300615
 -0.09059713 -0.07219179 -0.04826917 -0.08260017 -0.06690599 -0.05985332
 -0.0811813  -0.07840174 -0.07121618 -0.05947563 -0.05498088 -0.07546182
 -0.08032196 -0.08651431 -0.08427738 -0.06672346 -0.06559679 -0.08683763
 -0.05829698 -0.09399618 -0.08277039 -0.07152867 -0.08904106 -0.07292141
 -0.07992273 -0.0507682  -0.06793619 -0.07729314 -0.08646811 -0.06260702
 -0.07987611 -0.07703823 -0.08595543 -0.07589568 -0.05884743 -0.07050389
 -0.08637014 -0.07040875 -0.10016906 -0.06987939 -0.07436574 -0.06427718
 -0.07718268 -0.08634927 -0.09769003 -0.0819135  -0.07659688 -0.08326324
 -0.07663488 -0.07197489 -0.08174041 -0.08454503 -0.07061711 -0.07146994
 -0.07370217 -0.07749389 -0.07436707 -0.06765226 -0.0740633  -0.06470971
 -0.07199696 -0.06860546 -0.07028399 -0.08205222 -0.08072669 -0.07450217
 -0.07243832 -0.09232569 -0.07163342 -0.10790913 -0.08277667 -0.08611654
 -0.08810777 -0.09668101 -0.08391211 -0.08444386 -0.06477191 -0.07853274
 -0.09468943 -0.05873329 -0.08306466 -0.069748   -0.08239521 -0.09300461
 -0.08976126 -0.05556679 -0.07235449 -0.0852534  -0.06864503 -0.07693768
 -0.05935701 -0.0890974  -0.05433751 -0.1020262  -0.07700853 -0.09561303
 -0.08720923 -0.07601061 -0.06290733 -0.08907156 -0.07918016 -0.07612216
 -0.07752981 -0.07336651 -0.05342026 -0.07164169 -0.07279111 -0.0869684
 -0.07205289 -0.05474786 -0.10253081 -0.0731273  -0.06133219 -0.08709756
 -0.05894773 -0.09131451 -0.08582785 -0.0851298  -0.06561993 -0.08396999
 -0.06777951 -0.08124877]
bravo_repeat-1
BLEU
[0.22573938 0.23173173 0.18162489 0.23126143 0.19986721 0.2343975
 0.20302742 0.23067054 0.21120623 0.19542879 0.23890682 0.20431113
 0.16586562 0.21742603 0.20867055 0.20654503 0.23623648 0.2511451
 0.22040357 0.19599271 0.17869536 0.21488587 0.16340472 0.21906002
 0.21436431 0.18193256 0.21415369 0.19463624 0.24124532 0.23291396
 0.22516744 0.2064898  0.2012675  0.2480222  0.21754125 0.24194137
 0.21821913 0.18669862 0.20398846 0.22801476 0.22094518 0.23268321
 0.2246746  0.25346212 0.24564328 0.20808187 0.26379051 0.24202502
 0.23792459 0.23948079 0.15479774 0.22116437 0.18828403 0.22782135
 0.18512415 0.22673889 0.23127085 0.23087582 0.2412835  0.20917938
 0.20623507 0.2358335  0.21184646 0.17123631 0.25978412 0.26187112
 0.22255885 0.22217617 0.25743339 0.27012578 0.21547802 0.19506156
 0.19525974 0.24520323 0.27249805 0.16335289 0.23654983 0.2231392
 0.1773895  0.24613505 0.23938728 0.23499447 0.22572183 0.24053663
 0.21328147 0.2573004  0.22036122 0.24523026 0.23357426 0.23421938
 0.18244976 0.17070781 0.19888957 0.25096427 0.21005986 0.19586101
 0.23063607 0.14540356 0.18197129 0.20695932 0.15477035 0.21383039
 0.20234129 0.21919438 0.20309294 0.17514335 0.18609499 0.21379692
 0.1937537  0.19414678 0.20710125 0.22453268 0.21764637 0.21938993
 0.16590982 0.22244576 0.17575561 0.23698693 0.26083379 0.20841617
 0.17609988 0.15803364 0.2085343  0.20767408 0.17706505 0.23004327
 0.15700146 0.20252127 0.20376058 0.22711071 0.18638726 0.25175445
 0.19915434 0.22819661 0.24465733 0.19379708 0.24232708 0.22152327
 0.23694481 0.22423622 0.26386428 0.20793067 0.21259117 0.1961598
 0.22222243 0.16037496 0.20711386 0.18455878 0.22395763 0.20871704
 0.18836281 0.21835598 0.22530158 0.19383536 0.25946109 0.24132794
 0.14326199 0.21767888 0.23276144 0.23145317 0.19956724 0.17562829
 0.19870742 0.19460448 0.25572086 0.17752225 0.22707533 0.24576091
 0.24394345 0.19768763 0.25454999 0.20793881 0.22092938 0.19073393
 0.21212073 0.21834364 0.22804474 0.17793433 0.19604908 0.15808551
 0.22872033 0.22042549 0.24879028 0.22584969 0.20733781 0.19060063
 0.18617867 0.27114478 0.20672802 0.2382324  0.20745765 0.19345426
 0.24095266 0.20936406 0.19264875 0.2057606  0.25486028 0.24347665
 0.16863839 0.21115117]
bravo_repeat-1
METEOR
[0.16954392 0.15869054 0.11674848 0.15108299 0.14415109 0.15741038
 0.13947453 0.16241867 0.14569803 0.14374526 0.15999411 0.13896685
 0.12419912 0.13653363 0.15410286 0.14189537 0.16446439 0.17545373
 0.15659978 0.13047077 0.13063402 0.14765971 0.12041641 0.17229421
 0.14929669 0.1339984  0.14336887 0.15126973 0.16717556 0.17379766
 0.16375964 0.14698983 0.13580578 0.17595686 0.14451536 0.16192132
 0.16252304 0.11294239 0.14883608 0.15171435 0.16062923 0.16359134
 0.15094055 0.16927495 0.16357007 0.15215578 0.16900171 0.16148896
 0.16081946 0.18518477 0.12034959 0.16443463 0.13029165 0.16470039
 0.12722786 0.16262844 0.15234921 0.16497    0.17519231 0.17419581
 0.15352505 0.16787022 0.12854744 0.12833939 0.17993763 0.19289273
 0.14869161 0.17047252 0.18787812 0.17482    0.19032098 0.13441548
 0.13950915 0.16985744 0.19007277 0.11518191 0.15874978 0.18530305
 0.12272266 0.17515053 0.15574706 0.17645427 0.14806607 0.1672673
 0.15835446 0.17692634 0.15031484 0.16794349 0.17071967 0.16871855
 0.12611903 0.12137345 0.15773182 0.15786034 0.1358513  0.14388989
 0.15988754 0.11338361 0.12067146 0.13468321 0.10170651 0.15893315
 0.14302706 0.15232732 0.14902561 0.12375449 0.13416457 0.17127498
 0.12284147 0.13610432 0.14565919 0.17174144 0.16828737 0.17884628
 0.13262074 0.16294465 0.1282989  0.16312314 0.17183577 0.14027812
 0.11817852 0.12742362 0.13556842 0.15674539 0.11286984 0.1542909
 0.11558964 0.16176119 0.14414649 0.14731105 0.11860574 0.18851492
 0.14183055 0.15080852 0.15441388 0.15624188 0.16280857 0.15868112
 0.17695864 0.17921082 0.17328461 0.13367403 0.14986151 0.14415514
 0.16875462 0.11209563 0.1355063  0.13335136 0.15443405 0.13320336
 0.13689084 0.15714695 0.13751792 0.14985263 0.17866547 0.17501445
 0.11762283 0.15915372 0.1654651  0.17272987 0.1413725  0.12718003
 0.13891485 0.14448786 0.18253984 0.117548   0.15374564 0.1718786
 0.15803221 0.13892072 0.16838875 0.15198314 0.15619697 0.14414892
 0.15410041 0.1524139  0.15548242 0.11343117 0.14132097 0.09718378
 0.16119692 0.16398131 0.1740884  0.15691001 0.138042   0.13435662
 0.12986218 0.18049873 0.15894894 0.17607286 0.14288118 0.13208949
 0.17311235 0.13624891 0.13577518 0.13878016 0.17554463 0.17616159
 0.12166665 0.14379086]
bravo_repeat-1
BERT
[0.80454767 0.80494356 0.80090517 0.80477387 0.80241895 0.8061447
 0.808529   0.80232686 0.8046334  0.80573404 0.80135083 0.8060696
 0.8020625  0.80473197 0.80854046 0.8008237  0.8085186  0.805483
 0.80639446 0.8058591  0.8053383  0.8072492  0.80379534 0.80568826
 0.80336046 0.8002618  0.8072289  0.8075824  0.80885327 0.8062811
 0.8084561  0.80485535 0.8179371  0.80592865 0.80160606 0.80667144
 0.80769247 0.80198205 0.8024211  0.8031595  0.8150015  0.8081022
 0.80075383 0.8102296  0.80312717 0.80488837 0.8068063  0.8110056
 0.80865425 0.81056094 0.8010257  0.8090349  0.80146843 0.80708367
 0.803633   0.8137106  0.802987   0.8085186  0.8057822  0.810413
 0.8076298  0.8087548  0.80767244 0.80384    0.80429596 0.80801773
 0.80356634 0.8027012  0.80560505 0.80376863 0.80911803 0.80133635
 0.8052585  0.8065928  0.81064767 0.8024461  0.80279106 0.8041574
 0.8033669  0.8069015  0.8108454  0.810697   0.8044132  0.80385786
 0.8003182  0.8081212  0.8050055  0.80887705 0.8035     0.80417335
 0.80395406 0.80267715 0.8076298  0.80728287 0.80100185 0.8024079
 0.80749416 0.80373186 0.80516845 0.80203176 0.8028476  0.8047596
 0.80346924 0.80724895 0.8059066  0.8012878  0.7977512  0.80583924
 0.8058314  0.80171335 0.807633   0.8059465  0.80975974 0.8056057
 0.80209935 0.8067357  0.8029934  0.8044707  0.80452317 0.80615014
 0.80068475 0.7994272  0.80475456 0.8065295  0.80308414 0.8070561
 0.8021255  0.8033046  0.8046054  0.80309415 0.80405307 0.8071661
 0.803566   0.80138    0.809054   0.80403614 0.8061137  0.8038949
 0.8173218  0.8069309  0.807014   0.806491   0.81055015 0.80562043
 0.8072853  0.8018052  0.80369204 0.802321   0.8050691  0.80345273
 0.8024745  0.8054092  0.8065368  0.80522305 0.8092069  0.80622166
 0.79821676 0.80477244 0.806397   0.80699146 0.80938125 0.8012848
 0.81007487 0.80409825 0.80667317 0.8060827  0.80302477 0.8083017
 0.81142265 0.8029623  0.8103313  0.8028208  0.8037064  0.8040538
 0.80213714 0.80980664 0.80359745 0.80248207 0.80489844 0.80079216
 0.8107568  0.8082479  0.8076722  0.80422026 0.80398345 0.80547976
 0.80257404 0.80729276 0.8043412  0.81045    0.804998   0.80064553
 0.8079807  0.8040272  0.8047707  0.8057238  0.8064199  0.80848646
 0.7988802  0.8049129 ]
[nltk_data] Downloading package wordnet to /mnt/iusers01/fse-
[nltk_data]     ugpgt01/compsci01/q12628ct/nltk_data...
[nltk_data]   Package wordnet is already up-to-date!
[nltk_data] Downloading package punkt_tab to /mnt/iusers01/fse-
[nltk_data]     ugpgt01/compsci01/q12628ct/nltk_data...
[nltk_data]   Package punkt_tab is already up-to-date!
[nltk_data] Downloading package omw-1.4 to /mnt/iusers01/fse-
[nltk_data]     ugpgt01/compsci01/q12628ct/nltk_data...
[nltk_data]   Package omw-1.4 is already up-to-date!
/mnt/iusers01/fse-ugpgt01/compsci01/q12628ct/.conda/envs/semantic-decoding/lib/python3.10/site-packages/huggingface_hub/file_download.py:945: FutureWarning: `resume_download` is deprecated and will be removed in version 1.0.0. Downloads always resume when possible. If you want to force a new download, use `force_download=True`.
  warnings.warn(
Some weights of the model checkpoint at roberta-large were not used when initializing RobertaModel: ['lm_head.layer_norm.weight', 'lm_head.dense.weight', 'lm_head.dense.bias', 'lm_head.layer_norm.bias', 'lm_head.bias']
- This IS expected if you are initializing RobertaModel from the checkpoint of a model trained on another task or with another architecture (e.g. initializing a BertForSequenceClassification model from a BertForPreTraining model).
- This IS NOT expected if you are initializing RobertaModel from the checkpoint of a model that you expect to be exactly identical (initializing a BertForSequenceClassification model from a BertForSequenceClassification model).
Some weights of RobertaModel were not initialized from the model checkpoint at roberta-large and are newly initialized: ['roberta.pooler.dense.bias', 'roberta.pooler.dense.weight']
You should probably TRAIN this model on a down-stream task to be able to use it for predictions and inference.
bravo_repeat-2
WER
[-0.09376377 -0.07465444 -0.08926263 -0.10004093 -0.07386237 -0.08092885
 -0.09817256 -0.07052184 -0.06252989 -0.0863352  -0.08304154 -0.09213806
 -0.08217067 -0.10139387 -0.06495996 -0.07820553 -0.09959266 -0.05461049
 -0.07316056 -0.07609458 -0.10077006 -0.05944557 -0.08702079 -0.0575709
 -0.07251333 -0.09741231 -0.07038204 -0.06899703 -0.07751385 -0.07759898
 -0.07500328 -0.08330175 -0.06759281 -0.07410046 -0.06386076 -0.05819767
 -0.09730104 -0.0849811  -0.07302299 -0.07529473 -0.08915874 -0.07908944
 -0.04735818 -0.081106   -0.08696765 -0.05880177 -0.08673708 -0.0819375
 -0.07455891 -0.06334875 -0.06878486 -0.06291314 -0.07920168 -0.09003727
 -0.0715275  -0.08815236 -0.07525087 -0.06691524 -0.07827413 -0.09777104
 -0.09287134 -0.08542629 -0.08244364 -0.07079503 -0.03989721 -0.07876021
 -0.05707517 -0.09020727 -0.0834894  -0.06551282 -0.09709732 -0.05045139
 -0.07165216 -0.08177954 -0.04926141 -0.06299366 -0.06211963 -0.09268249
 -0.0681233  -0.08132415 -0.08469783 -0.08119732 -0.09611687 -0.07763253
 -0.07698648 -0.09405303 -0.07273634 -0.07398144 -0.08143994 -0.07074734
 -0.08085674 -0.0773994  -0.06475849 -0.08383138 -0.09540805 -0.08395747
 -0.07750165 -0.09479111 -0.07232865 -0.0698427  -0.06558205 -0.06313074
 -0.0893456  -0.07132663 -0.08691383 -0.07166617 -0.08829804 -0.08641545
 -0.05929144 -0.09774566 -0.09795418 -0.06387816 -0.05652671 -0.09251683
 -0.06276664 -0.09127558 -0.06103799 -0.08666908 -0.05951154 -0.07107043
 -0.08077898 -0.06370578 -0.07301122 -0.07963118 -0.06425172 -0.07655152
 -0.07803281 -0.05969033 -0.06191123 -0.07538595 -0.0832963  -0.07954335
 -0.08245062 -0.07899725 -0.06677797 -0.06733353 -0.08254784 -0.08686619
 -0.04968613 -0.07468149 -0.07434326 -0.06575646 -0.09389266 -0.09027894
 -0.06968184 -0.07728094 -0.08560739 -0.08410243 -0.07847216 -0.07454157
 -0.06527482 -0.07005758 -0.06119942 -0.07570345 -0.07568548 -0.08529355
 -0.08659106 -0.08072469 -0.07777129 -0.08532543 -0.05538601 -0.07509118
 -0.05993716 -0.07947602 -0.09103615 -0.08138358 -0.07167444 -0.06366824
 -0.06457936 -0.08473773 -0.07707289 -0.07385204 -0.08724338 -0.08404154
 -0.07535255 -0.07064187 -0.10294959 -0.07132965 -0.07261148 -0.07912528
 -0.09749521 -0.10051895 -0.08578085 -0.06461057 -0.07753441 -0.0672467
 -0.08792811 -0.11201822 -0.07949193 -0.0760228  -0.05089093 -0.07545986
 -0.06656019 -0.06996007 -0.09164664 -0.08701532 -0.06589925 -0.05943758
 -0.06163281 -0.08083342]
bravo_repeat-2
BLEU
[0.20745534 0.23926374 0.15841152 0.16151891 0.21760339 0.2147388
 0.15111199 0.22390038 0.22152242 0.16499059 0.22519382 0.18597092
 0.19119296 0.16474343 0.21925037 0.18283866 0.2056443  0.21658372
 0.23880629 0.23256502 0.20154648 0.24708985 0.20544743 0.21956522
 0.23824332 0.14162637 0.2373843  0.21180728 0.19180136 0.22787768
 0.2110883  0.13388396 0.20983108 0.20679561 0.25256409 0.26788756
 0.19221994 0.20455718 0.25370019 0.21644495 0.19385155 0.18229109
 0.23617449 0.16379819 0.2239026  0.22810014 0.22340615 0.1897426
 0.23387639 0.19509711 0.24145688 0.25558681 0.23490402 0.21359902
 0.22827009 0.15495785 0.22450751 0.24235609 0.20585304 0.17593617
 0.20770368 0.21887079 0.17250038 0.20963789 0.24204356 0.23567882
 0.27150748 0.22561796 0.24553053 0.22233157 0.21771646 0.21802491
 0.18912879 0.19703948 0.24658901 0.18391008 0.22190794 0.18111789
 0.20376293 0.21577291 0.18293068 0.19649685 0.2214842  0.19753866
 0.2271023  0.16327559 0.25387591 0.24401906 0.17395891 0.20246606
 0.14567664 0.22214266 0.18663093 0.14355485 0.130874   0.22847609
 0.18509524 0.1525565  0.20032816 0.2325595  0.23364629 0.24259608
 0.19798108 0.2156983  0.18198455 0.23522091 0.21638114 0.20340753
 0.28881356 0.17178678 0.15277061 0.26748478 0.26494039 0.18501081
 0.213203   0.24093544 0.23351679 0.23034407 0.26171096 0.18045569
 0.16707988 0.23498987 0.24109077 0.23076054 0.19669421 0.2546033
 0.19832909 0.19651298 0.19912703 0.20287655 0.22045876 0.19706609
 0.18379922 0.20949882 0.21382087 0.24525346 0.21314715 0.25270461
 0.26419718 0.21592837 0.23580801 0.23086628 0.1386315  0.12897888
 0.20333398 0.26927869 0.19287732 0.18823324 0.24944394 0.2198621
 0.28611654 0.21089644 0.19984023 0.20378509 0.20790903 0.16304897
 0.20559012 0.22399012 0.18719211 0.19479706 0.23410217 0.20748194
 0.25802556 0.24879156 0.20119753 0.22216077 0.17828867 0.23883149
 0.2468681  0.22505409 0.2203242  0.23139175 0.20111756 0.2195696
 0.22467823 0.24241809 0.15648747 0.19128344 0.20850287 0.19777536
 0.20749572 0.15948209 0.22798387 0.21464215 0.22077235 0.21925527
 0.21822152 0.13694976 0.20827952 0.27025283 0.20682407 0.22766622
 0.23861354 0.21612142 0.20991675 0.1866942  0.25669959 0.24673094
 0.26091893 0.19461879]
bravo_repeat-2
METEOR
[0.14177472 0.1615934  0.11329505 0.11317898 0.15701397 0.15619285
 0.10557915 0.15522663 0.17325662 0.13036667 0.1814874  0.13632484
 0.12714074 0.12948008 0.15060785 0.12797502 0.15977391 0.1756863
 0.17670261 0.15645211 0.15534115 0.17323028 0.12549508 0.16441515
 0.15380453 0.09982585 0.17899292 0.14522351 0.1543986  0.16908246
 0.1430945  0.09704162 0.14573781 0.12963423 0.15616464 0.19024019
 0.14057706 0.13706414 0.17566508 0.14701885 0.1329615  0.107608
 0.16792569 0.13057636 0.17065091 0.17092829 0.16554884 0.15145794
 0.16971348 0.13113188 0.19396949 0.15905602 0.16803835 0.14804563
 0.16224205 0.12204692 0.14307393 0.16620073 0.14372495 0.11730092
 0.15896274 0.14456965 0.11548651 0.15059752 0.16535022 0.16650668
 0.17877358 0.16473927 0.16251428 0.13913537 0.17313759 0.16005752
 0.14749384 0.14359312 0.16966855 0.14706328 0.14927523 0.14299299
 0.15274304 0.14564991 0.12715162 0.14765387 0.16014937 0.12534713
 0.15334906 0.11237784 0.17577768 0.17172681 0.12425617 0.13867898
 0.11450533 0.15908616 0.14030558 0.10735405 0.09992584 0.1566508
 0.11781984 0.10479379 0.15178342 0.15320203 0.15737043 0.18040329
 0.12135971 0.13199175 0.14268041 0.157261   0.15699389 0.15892739
 0.17633392 0.13041177 0.10919073 0.18536433 0.20703676 0.12957206
 0.15903521 0.16856527 0.15588457 0.17972842 0.17421624 0.13386575
 0.12101824 0.15826678 0.16256658 0.15735782 0.14409535 0.17124537
 0.13544028 0.12422752 0.13912247 0.15304082 0.15014575 0.14693035
 0.13128416 0.15477622 0.14732343 0.17574463 0.14997003 0.18226802
 0.20018241 0.15858849 0.17015937 0.15536062 0.10815161 0.10290198
 0.14996505 0.18560401 0.14734699 0.12834458 0.16689026 0.16128127
 0.19040308 0.148296   0.14056948 0.15804663 0.16088419 0.1179052
 0.14171762 0.15723476 0.13545342 0.13970159 0.148785   0.17074619
 0.18376419 0.16787358 0.14805594 0.14760036 0.13259639 0.18915436
 0.17575476 0.14359068 0.15548368 0.14835121 0.15495084 0.1567442
 0.16489996 0.16960876 0.11902214 0.16028184 0.15736692 0.14762959
 0.15347226 0.11695328 0.16716056 0.16005647 0.15012044 0.15684926
 0.15600312 0.1016397  0.15035553 0.17070771 0.1445714  0.16033682
 0.17181941 0.14599803 0.14144966 0.12626674 0.17900852 0.18817218
 0.18830477 0.13574949]
bravo_repeat-2
BERT
[0.8013516  0.80712795 0.8034356  0.80259603 0.80013174 0.80609584
 0.8066939  0.8111442  0.80360466 0.8000798  0.8054806  0.80590004
 0.80238074 0.7998273  0.80086154 0.8012153  0.8079635  0.8067113
 0.81134045 0.8053337  0.807138   0.8071198  0.80376506 0.80374694
 0.8022877  0.798089   0.8066197  0.8059507  0.80829334 0.8108117
 0.80698293 0.8010425  0.8020722  0.80286986 0.80674374 0.8103613
 0.80725217 0.8053895  0.80860585 0.80448866 0.8086619  0.80351436
 0.8110277  0.8082395  0.81006885 0.812694   0.809014   0.8032105
 0.80266637 0.807184   0.8079084  0.80566126 0.80054873 0.8004014
 0.8039188  0.8014296  0.80267614 0.80591    0.8002694  0.8051504
 0.8111801  0.80229855 0.8011141  0.8013142  0.8083327  0.80552304
 0.8068911  0.8053762  0.8038556  0.80594623 0.8060522  0.8144047
 0.80578876 0.8075074  0.8125982  0.80700845 0.80296886 0.80197513
 0.8084229  0.81033045 0.79565525 0.80318993 0.8032446  0.80312794
 0.81014943 0.80283874 0.8071356  0.8105582  0.8053796  0.80040264
 0.80262196 0.8033438  0.8093721  0.8027392  0.80017734 0.80985326
 0.8032351  0.8017729  0.80549437 0.8104366  0.808577   0.80657244
 0.80209595 0.8051064  0.80320174 0.804852   0.80784106 0.8051176
 0.8071594  0.80258757 0.80250335 0.8045361  0.8071996  0.8045976
 0.80805427 0.80520314 0.8047669  0.8068898  0.8066929  0.80307865
 0.80347604 0.80391043 0.8049209  0.81487936 0.80049354 0.80888885
 0.79768467 0.80697167 0.8031595  0.80792713 0.808201   0.8093763
 0.80606747 0.8049589  0.8055795  0.807323   0.8079308  0.80464387
 0.8090107  0.8110905  0.80639845 0.8071891  0.8022683  0.8010491
 0.8000001  0.8030568  0.80313677 0.8029239  0.8041943  0.8072314
 0.8099143  0.79995143 0.8078386  0.80482745 0.8052168  0.80075556
 0.8048847  0.8028873  0.8040081  0.8029956  0.8031776  0.81008136
 0.8066527  0.8041866  0.80757225 0.8084808  0.8026858  0.8087029
 0.8117445  0.8067302  0.805051   0.80389476 0.8068302  0.80600935
 0.80530185 0.80155295 0.7994691  0.8017295  0.80274963 0.8120669
 0.80112857 0.8025781  0.806506   0.80972534 0.8067463  0.805408
 0.8046127  0.80006444 0.80567783 0.807561   0.80903494 0.80325764
 0.80666816 0.8029271  0.8079834  0.8023632  0.8062743  0.8101151
 0.8082942  0.8062215 ]
[nltk_data] Downloading package wordnet to /mnt/iusers01/fse-
[nltk_data]     ugpgt01/compsci01/q12628ct/nltk_data...
[nltk_data]   Package wordnet is already up-to-date!
[nltk_data] Downloading package punkt_tab to /mnt/iusers01/fse-
[nltk_data]     ugpgt01/compsci01/q12628ct/nltk_data...
[nltk_data]   Package punkt_tab is already up-to-date!
[nltk_data] Downloading package omw-1.4 to /mnt/iusers01/fse-
[nltk_data]     ugpgt01/compsci01/q12628ct/nltk_data...
[nltk_data]   Package omw-1.4 is already up-to-date!
/mnt/iusers01/fse-ugpgt01/compsci01/q12628ct/.conda/envs/semantic-decoding/lib/python3.10/site-packages/huggingface_hub/file_download.py:945: FutureWarning: `resume_download` is deprecated and will be removed in version 1.0.0. Downloads always resume when possible. If you want to force a new download, use `force_download=True`.
  warnings.warn(
Some weights of the model checkpoint at roberta-large were not used when initializing RobertaModel: ['lm_head.layer_norm.weight', 'lm_head.dense.weight', 'lm_head.dense.bias', 'lm_head.bias', 'lm_head.layer_norm.bias']
- This IS expected if you are initializing RobertaModel from the checkpoint of a model trained on another task or with another architecture (e.g. initializing a BertForSequenceClassification model from a BertForPreTraining model).
- This IS NOT expected if you are initializing RobertaModel from the checkpoint of a model that you expect to be exactly identical (initializing a BertForSequenceClassification model from a BertForSequenceClassification model).
Some weights of RobertaModel were not initialized from the model checkpoint at roberta-large and are newly initialized: ['roberta.pooler.dense.bias', 'roberta.pooler.dense.weight']
You should probably TRAIN this model on a down-stream task to be able to use it for predictions and inference.
charlie_repeat-1
WER
[-0.15301959 -0.13490866 -0.14530545 -0.13262343 -0.1541987  -0.12505614
 -0.12500776 -0.14617035 -0.16020953 -0.13070838 -0.12865458 -0.16079937
 -0.14285668 -0.16359704 -0.14062583 -0.15911461 -0.14232347 -0.14925714
 -0.14167681 -0.12814873 -0.12010189 -0.13848153 -0.1488002  -0.13272612
 -0.14036349 -0.14219852 -0.15110917 -0.12665711 -0.13710329 -0.17292052
 -0.1464765  -0.14472239 -0.13075264 -0.13273982 -0.13227324 -0.1341936
 -0.13438367 -0.13663317 -0.12115661 -0.12703016 -0.13478876 -0.14066847
 -0.14309024 -0.13987435 -0.15401448 -0.14279903 -0.14442664 -0.14458901
 -0.13096455 -0.12983848 -0.15201106 -0.14166629 -0.14921921 -0.11734873
 -0.14372216 -0.1384537  -0.13325378 -0.12701385 -0.13481654 -0.15212439
 -0.11754218 -0.15057757 -0.134149   -0.1306402  -0.14025428 -0.14965459
 -0.14518493 -0.14775556 -0.15554565 -0.14419293 -0.15457693 -0.14438507
 -0.13014922 -0.15138042 -0.15215994 -0.13815391 -0.12325077 -0.13274263
 -0.13776646 -0.16901775 -0.13810485 -0.14262199 -0.15948993 -0.13748881
 -0.1389398  -0.13518704 -0.14043071 -0.11197739 -0.15124188 -0.1364157
 -0.12314691 -0.14468232 -0.14194796 -0.14976251 -0.14786166 -0.1492116
 -0.13512309 -0.14661984 -0.15100965 -0.13559014 -0.12807345 -0.12070904
 -0.1365691  -0.14543095 -0.1250409  -0.14690199 -0.14241277 -0.15095988
 -0.14712786 -0.15261715 -0.13483022 -0.15011699 -0.14585169 -0.13460558
 -0.14341723 -0.13277303 -0.14163179 -0.14751307 -0.13896347 -0.14499804
 -0.12806614 -0.14469785 -0.14369285 -0.13278374 -0.14781359 -0.14368104
 -0.12995445 -0.1663256  -0.15559929 -0.13810575 -0.13248494 -0.14233937
 -0.14775705 -0.14885016 -0.15453405 -0.14760473 -0.14779009 -0.15749107
 -0.15957388 -0.13879424 -0.15292284 -0.1392024  -0.15368645 -0.12483369
 -0.1265496  -0.14159963 -0.13819859 -0.12734909 -0.15655755 -0.14424922
 -0.15736331 -0.16601838 -0.15395238 -0.15022857 -0.13235591 -0.15102194
 -0.1361349  -0.13305557 -0.13506124 -0.1493771  -0.13057335 -0.12954165
 -0.13106836 -0.13453055 -0.12922044 -0.13708629 -0.14696823 -0.16699406
 -0.13309133 -0.14263217 -0.14120617 -0.14170361 -0.14778892 -0.12730534
 -0.16282301 -0.11026979 -0.13449319 -0.13569589 -0.12445413 -0.13322631
 -0.12314882 -0.16064934 -0.15254137 -0.15736083 -0.14584343 -0.1357716
 -0.14558122 -0.14018775 -0.1258869  -0.12702861 -0.14290202 -0.13200539
 -0.12629225 -0.1551142  -0.13671804 -0.14538543 -0.15717089 -0.1297117
 -0.14722492 -0.15911961]
charlie_repeat-1
BLEU
[0.15917805 0.17417068 0.20086464 0.15349254 0.16973414 0.21041524
 0.20420816 0.1753035  0.13677265 0.20576315 0.1684722  0.15309361
 0.16662881 0.16941794 0.19757477 0.1767972  0.1691667  0.17311052
 0.17654802 0.17514009 0.21767143 0.18575235 0.16564709 0.17354904
 0.18599711 0.17100272 0.16212257 0.20842212 0.16046016 0.13930392
 0.17964855 0.19113872 0.20528232 0.19242649 0.20488359 0.18467982
 0.18880093 0.21039113 0.17946637 0.19244536 0.1882396  0.17835282
 0.16721794 0.16386163 0.1915255  0.18802432 0.17745654 0.15137132
 0.20860003 0.21803109 0.1753483  0.19650983 0.17281664 0.22380867
 0.21750591 0.17309256 0.20131692 0.20273239 0.17465913 0.16593561
 0.17980035 0.21739415 0.17628327 0.18036749 0.18736226 0.19036563
 0.17387571 0.17307044 0.13762353 0.17627131 0.16893199 0.18854427
 0.19346512 0.16118461 0.16184284 0.21588985 0.20821746 0.19299634
 0.17303698 0.11216464 0.17286678 0.2109892  0.15148125 0.18804011
 0.20125225 0.17252358 0.16095073 0.19875339 0.19704184 0.17862136
 0.201405   0.16291921 0.18815131 0.17537404 0.20986356 0.18021067
 0.18835864 0.1989149  0.16798352 0.17502657 0.16665806 0.1700181
 0.18184404 0.20940837 0.14877245 0.17514673 0.18080463 0.21444167
 0.17452216 0.19282417 0.17070404 0.17406684 0.19115787 0.20046784
 0.16519585 0.16543715 0.16397193 0.18897385 0.1758676  0.19392075
 0.21118555 0.16961391 0.18614674 0.17693831 0.16275185 0.15264397
 0.20396887 0.12590715 0.17032199 0.20502827 0.17653207 0.2050892
 0.15243164 0.14425448 0.1787341  0.17983792 0.16988891 0.14783496
 0.15495629 0.16837868 0.16180293 0.16618894 0.18463999 0.18682628
 0.19930174 0.18101389 0.20321541 0.20082187 0.15565087 0.18969518
 0.15715842 0.15719463 0.17312105 0.17626055 0.19191263 0.13680856
 0.16271865 0.17244869 0.17093389 0.17009605 0.1602348  0.19531841
 0.20295121 0.16882303 0.1985726  0.16243051 0.17153618 0.12375685
 0.18016083 0.17523706 0.19950678 0.17662846 0.17511791 0.22867056
 0.1398794  0.19250975 0.20433873 0.18842277 0.18953233 0.16995936
 0.20929138 0.16622251 0.15632886 0.13757091 0.15946534 0.1640043
 0.16770438 0.18652437 0.18435753 0.16900868 0.16996567 0.19461309
 0.18317232 0.15947851 0.1572154  0.18275888 0.16908402 0.18472689
 0.1806844  0.16184287]
charlie_repeat-1
METEOR
[0.11451384 0.15076964 0.18354748 0.13727745 0.14239364 0.15467729
 0.1726822  0.13244722 0.13682987 0.17036436 0.14133796 0.12353287
 0.14369571 0.13422037 0.17076256 0.12957513 0.12606742 0.14107336
 0.1338823  0.14040584 0.16209824 0.14264263 0.12604225 0.14410327
 0.16122576 0.14210176 0.1326682  0.16784641 0.13162174 0.11402816
 0.14212757 0.15618869 0.1568185  0.15032673 0.16107943 0.15185563
 0.14424085 0.15880018 0.14441852 0.14378822 0.13356702 0.16528307
 0.14136848 0.12658651 0.13517954 0.1602127  0.1447941  0.14370144
 0.1766398  0.17932593 0.14083102 0.15566552 0.15316009 0.17823088
 0.16510317 0.13798213 0.15475683 0.17063849 0.13593897 0.15477235
 0.15512504 0.16924991 0.17815794 0.15207187 0.15895958 0.16521783
 0.13641679 0.14970733 0.11900728 0.1443141  0.14906517 0.15485742
 0.16897585 0.13455885 0.13557798 0.16938917 0.1630475  0.16035208
 0.15699851 0.09064085 0.14978093 0.15953115 0.12300982 0.15305346
 0.1579569  0.1486479  0.12723019 0.20300896 0.15709241 0.14230298
 0.16871788 0.12973694 0.14751465 0.14411536 0.17933998 0.13384598
 0.16974583 0.15319274 0.13834904 0.16046729 0.15961789 0.14457916
 0.1589299  0.16613439 0.15783325 0.1481574  0.1264262  0.15845768
 0.13753447 0.15293575 0.13052037 0.12131738 0.14483692 0.1456922
 0.14074813 0.14776685 0.16431231 0.17176295 0.13844287 0.14917399
 0.16454467 0.12760742 0.13585666 0.1490975  0.15002683 0.11477362
 0.17040712 0.11150276 0.13709138 0.17062803 0.16204244 0.18041839
 0.14285695 0.12959259 0.12800423 0.16644609 0.13313665 0.12326445
 0.12934916 0.14046657 0.1219772  0.12659356 0.15717733 0.17275051
 0.18796049 0.14784093 0.16288523 0.15983508 0.12972662 0.16313253
 0.13204767 0.137601   0.1491558  0.16198577 0.15725518 0.10998993
 0.13612676 0.13617452 0.15004819 0.13703061 0.13468879 0.14990008
 0.16182087 0.13745582 0.14590526 0.16988985 0.14036713 0.10122408
 0.16048825 0.15565791 0.16753974 0.13068674 0.14874207 0.15024822
 0.1179284  0.15223406 0.16405864 0.15486215 0.15193633 0.15840541
 0.15563271 0.13603691 0.13707447 0.1134435  0.12853002 0.11813972
 0.14300958 0.14073174 0.14640926 0.14417421 0.14412236 0.1564445
 0.15514684 0.127281   0.1189075  0.15266344 0.11781498 0.14641163
 0.12449856 0.12925795]
charlie_repeat-1
BERT
[0.7856218  0.78282136 0.7876374  0.78270143 0.7862083  0.7868219
 0.7880178  0.7806696  0.78737605 0.78345907 0.7850516  0.7752394
 0.7850647  0.78252923 0.7900296  0.7825148  0.7838184  0.78256917
 0.7792402  0.78131634 0.78219837 0.7881891  0.778997   0.7860718
 0.7908189  0.7826059  0.78273576 0.7866062  0.78721523 0.7832757
 0.7822713  0.7847381  0.7845534  0.7824566  0.7916238  0.78595567
 0.7845242  0.78160644 0.785808   0.7827406  0.78116894 0.7812407
 0.78184605 0.78398895 0.7907148  0.78335154 0.78332186 0.7826195
 0.7886991  0.79491115 0.78932536 0.78317755 0.78322023 0.7890909
 0.7822407  0.78346115 0.78071976 0.78899336 0.7855338  0.78154004
 0.78611076 0.7835153  0.78531617 0.78564316 0.7827485  0.79075986
 0.7805512  0.7824944  0.7793667  0.78861415 0.78179985 0.77828074
 0.78401285 0.7840261  0.7788305  0.7900076  0.78455967 0.7866743
 0.78258014 0.78256047 0.784663   0.783881   0.78449214 0.78160524
 0.7843985  0.7806297  0.78329366 0.7861477  0.7832666  0.7852626
 0.7824428  0.7912433  0.78818643 0.7856891  0.78611976 0.7788737
 0.7864478  0.7831927  0.7806985  0.7827654  0.78287137 0.78885853
 0.7837476  0.7872044  0.793014   0.78389126 0.78389525 0.78976893
 0.78534794 0.78289545 0.785992   0.7808974  0.7804957  0.7830192
 0.7891817  0.7865896  0.7838786  0.7827112  0.7820803  0.7868664
 0.7864795  0.7853458  0.7831829  0.78576577 0.7859305  0.78246826
 0.78706014 0.7831632  0.7829591  0.79078007 0.7853415  0.78187996
 0.78444237 0.7857983  0.7815019  0.7902032  0.78673375 0.7858396
 0.7828074  0.7874383  0.7834859  0.7813067  0.7892738  0.7830753
 0.7887019  0.7821499  0.7872422  0.78889215 0.78297985 0.7859431
 0.7806523  0.7874513  0.78153324 0.78922874 0.7847425  0.7794873
 0.7817708  0.78581023 0.78597075 0.7851929  0.7831401  0.78350514
 0.78138256 0.7896491  0.78529423 0.78122467 0.7876791  0.7834733
 0.779696   0.78512096 0.7843256  0.78406745 0.7863068  0.79065055
 0.7819476  0.7896437  0.7831754  0.7927208  0.77970684 0.7879085
 0.7844898  0.7864635  0.783703   0.7789016  0.7850391  0.77865314
 0.78906745 0.78449667 0.7815406  0.78204143 0.78664035 0.7912304
 0.79091513 0.78381145 0.7767502  0.79226404 0.7848158  0.78588885
 0.78244686 0.78574836]
[nltk_data] Downloading package wordnet to /mnt/iusers01/fse-
[nltk_data]     ugpgt01/compsci01/q12628ct/nltk_data...
[nltk_data]   Package wordnet is already up-to-date!
[nltk_data] Downloading package punkt_tab to /mnt/iusers01/fse-
[nltk_data]     ugpgt01/compsci01/q12628ct/nltk_data...
[nltk_data]   Package punkt_tab is already up-to-date!
[nltk_data] Downloading package omw-1.4 to /mnt/iusers01/fse-
[nltk_data]     ugpgt01/compsci01/q12628ct/nltk_data...
[nltk_data]   Package omw-1.4 is already up-to-date!
/mnt/iusers01/fse-ugpgt01/compsci01/q12628ct/.conda/envs/semantic-decoding/lib/python3.10/site-packages/huggingface_hub/file_download.py:945: FutureWarning: `resume_download` is deprecated and will be removed in version 1.0.0. Downloads always resume when possible. If you want to force a new download, use `force_download=True`.
  warnings.warn(
Some weights of the model checkpoint at roberta-large were not used when initializing RobertaModel: ['lm_head.layer_norm.bias', 'lm_head.dense.bias', 'lm_head.layer_norm.weight', 'lm_head.bias', 'lm_head.dense.weight']
- This IS expected if you are initializing RobertaModel from the checkpoint of a model trained on another task or with another architecture (e.g. initializing a BertForSequenceClassification model from a BertForPreTraining model).
- This IS NOT expected if you are initializing RobertaModel from the checkpoint of a model that you expect to be exactly identical (initializing a BertForSequenceClassification model from a BertForSequenceClassification model).
Some weights of RobertaModel were not initialized from the model checkpoint at roberta-large and are newly initialized: ['roberta.pooler.dense.weight', 'roberta.pooler.dense.bias']
You should probably TRAIN this model on a down-stream task to be able to use it for predictions and inference.
charlie_repeat-2
WER
[-0.17455987 -0.18233338 -0.17637538 -0.17308318 -0.1815483  -0.17356623
 -0.16755158 -0.17612584 -0.17368066 -0.16877628 -0.18148651 -0.16305936
 -0.169742   -0.1835623  -0.15003714 -0.17024975 -0.18255745 -0.15715344
 -0.17118928 -0.17670158 -0.16021471 -0.17203874 -0.16895965 -0.16197742
 -0.17808447 -0.19635799 -0.16235371 -0.18762268 -0.17605581 -0.18334177
 -0.14674217 -0.17139179 -0.17150359 -0.16764697 -0.14672849 -0.15883091
 -0.16870697 -0.16833241 -0.18162451 -0.16564557 -0.17361657 -0.16963521
 -0.17798989 -0.18761681 -0.17070674 -0.15906988 -0.17886029 -0.1626828
 -0.17339105 -0.17435958 -0.1722831  -0.14940519 -0.18208071 -0.17906007
 -0.17371322 -0.18297506 -0.17365806 -0.17976436 -0.16813963 -0.17885685
 -0.17412235 -0.16118976 -0.16853472 -0.16758196 -0.19103478 -0.15732226
 -0.19515081 -0.18464981 -0.16696484 -0.17444305 -0.18053506 -0.16646393
 -0.19104429 -0.16876186 -0.18285178 -0.17968339 -0.16264401 -0.16244334
 -0.16988173 -0.18583854 -0.18451614 -0.18329794 -0.15586067 -0.18116987
 -0.14817442 -0.16741195 -0.14317629 -0.16458181 -0.15411024 -0.17868728
 -0.18316588 -0.16053924 -0.18421143 -0.18907166 -0.15652846 -0.17469553
 -0.15355037 -0.17900342 -0.1781964  -0.18183747 -0.17798433 -0.15893985
 -0.18849628 -0.17361509 -0.1649146  -0.17290758 -0.18256801 -0.18477996
 -0.16380447 -0.18514687 -0.16897268 -0.16880573 -0.17321145 -0.18298598
 -0.15714592 -0.15217203 -0.16047575 -0.16751584 -0.17338007 -0.16881976
 -0.15775452 -0.17541717 -0.17613753 -0.17366288 -0.15827757 -0.17039223
 -0.14491687 -0.18488808 -0.16009591 -0.19434259 -0.15906674 -0.17234211
 -0.17078146 -0.18438183 -0.1633347  -0.14573491 -0.17718609 -0.1671293
 -0.16428808 -0.1623463  -0.1580386  -0.17568101 -0.1795045  -0.16487204
 -0.16848396 -0.17506206 -0.17730044 -0.1634261  -0.19012208 -0.16981562
 -0.16449908 -0.17239995 -0.18337939 -0.1570919  -0.16830691 -0.17557774
 -0.16715157 -0.18674165 -0.17482502 -0.16758704 -0.14681074 -0.17704945
 -0.17361197 -0.17105231 -0.15009642 -0.18196169 -0.15578353 -0.16722969
 -0.15950785 -0.16348833 -0.17837826 -0.16754197 -0.16249638 -0.18555337
 -0.15118278 -0.16486595 -0.17638328 -0.17737437 -0.18439649 -0.17971931
 -0.1724987  -0.17556389 -0.16251903 -0.16311536 -0.16790858 -0.1724989
 -0.17006265 -0.16054671 -0.18855588 -0.17164383 -0.15526898 -0.17088455
 -0.16020889 -0.15177437 -0.1595151  -0.16679326 -0.16067177 -0.17740313
 -0.18717855 -0.16831624]
charlie_repeat-2
BLEU
[0.19696366 0.15873622 0.18980556 0.20346312 0.18351959 0.20350811
 0.17809838 0.19127173 0.2107492  0.17661876 0.17584714 0.22090023
 0.16180731 0.15092015 0.18443004 0.18195022 0.16561461 0.19953589
 0.19499215 0.16474814 0.1735396  0.16857226 0.17688231 0.1787147
 0.21748041 0.14276443 0.16844011 0.17513012 0.18686224 0.18059506
 0.18166128 0.16361446 0.17908818 0.19353678 0.19096684 0.21040069
 0.1992767  0.19028864 0.1727991  0.19789119 0.17259444 0.18846431
 0.15265661 0.14822593 0.21174847 0.18354295 0.18839038 0.19243023
 0.18364787 0.17222656 0.20189947 0.18551976 0.21048499 0.16551842
 0.18315369 0.1895385  0.20458701 0.16576401 0.20430942 0.15169028
 0.1656378  0.1629985  0.14524357 0.16747234 0.15611207 0.19937823
 0.16437431 0.14452513 0.2055844  0.20895356 0.17492041 0.18630309
 0.15483775 0.17543562 0.17602985 0.17320809 0.19192685 0.18639374
 0.15432539 0.17723564 0.15429105 0.17285845 0.17338833 0.16532911
 0.21973134 0.19718887 0.20968094 0.21180442 0.22554577 0.16730257
 0.18220303 0.17988846 0.1670139  0.16678628 0.1667216  0.1936372
 0.20109551 0.17631504 0.16234394 0.1922365  0.16098442 0.19173563
 0.14163769 0.1822106  0.17466972 0.17932865 0.15493293 0.15877127
 0.18354177 0.18246451 0.18973727 0.18386245 0.17056075 0.18732441
 0.17784025 0.18649604 0.19001003 0.23984393 0.1713825  0.19034003
 0.17935106 0.18744431 0.15147643 0.18598389 0.18577536 0.18843508
 0.22007971 0.20286354 0.20811362 0.17614076 0.19336832 0.18589646
 0.15386511 0.17071293 0.20091837 0.22627616 0.19075422 0.17204994
 0.17939484 0.18933251 0.174941   0.16509836 0.16602711 0.19805056
 0.17400346 0.19466362 0.18333722 0.16712453 0.16321444 0.17850338
 0.17857599 0.17081866 0.14916653 0.18108533 0.19642602 0.16368921
 0.20206464 0.15500052 0.17997126 0.16344898 0.19935991 0.15576107
 0.15988244 0.2224724  0.21216035 0.19571251 0.18108837 0.16919666
 0.19213387 0.19996788 0.1563458  0.17947068 0.17687017 0.16618254
 0.15988828 0.19056802 0.20430261 0.16058686 0.16397404 0.15888973
 0.18543899 0.18650606 0.17444585 0.18917969 0.15903269 0.18227225
 0.17926739 0.16266127 0.1787793  0.18778944 0.21749732 0.18890182
 0.18184549 0.18445618 0.16861678 0.22899227 0.19217385 0.21020035
 0.18066903 0.17628075]
charlie_repeat-2
METEOR
[0.15265478 0.1354795  0.15411851 0.17928767 0.15275466 0.14863748
 0.13940055 0.15711588 0.16033095 0.13384121 0.14116095 0.18913354
 0.1317242  0.12462254 0.16689459 0.16894317 0.1467182  0.14594309
 0.16422039 0.11876219 0.14061765 0.14438455 0.1594772  0.14411817
 0.16781476 0.13403177 0.14021609 0.14255117 0.15496604 0.14887898
 0.1528441  0.17080788 0.14557412 0.15762059 0.14989213 0.1665551
 0.17572109 0.16387998 0.14916558 0.15601936 0.14895201 0.14815661
 0.12267058 0.12603157 0.16715289 0.14552472 0.15323995 0.16276463
 0.16315175 0.14884968 0.15954038 0.14028426 0.15768611 0.13734576
 0.15743021 0.12911362 0.16985169 0.15564955 0.1908433  0.12313072
 0.1485375  0.16202946 0.16779997 0.13439102 0.14051886 0.17305084
 0.12625116 0.13476968 0.17188945 0.16159949 0.1509371  0.14936791
 0.12843497 0.14554441 0.15627688 0.15559738 0.15183749 0.17396834
 0.1332255  0.13443648 0.14022756 0.1435707  0.14165632 0.15532805
 0.18287252 0.16456261 0.16810005 0.15924087 0.19362328 0.14811405
 0.14156255 0.15899003 0.13160356 0.13295244 0.13953542 0.13886422
 0.18115942 0.14463161 0.12737129 0.15913912 0.14549526 0.14730086
 0.1445841  0.14906135 0.15826689 0.13710318 0.15566772 0.14326803
 0.16490993 0.14835092 0.16864092 0.15349327 0.1340319  0.15807594
 0.14303403 0.17036142 0.16812968 0.1800244  0.15366909 0.14730786
 0.15351533 0.13976645 0.1374372  0.13958708 0.15770055 0.15332595
 0.17835803 0.16369277 0.17941479 0.13362939 0.17941474 0.158993
 0.13146995 0.15348296 0.14254325 0.19707109 0.15449035 0.13159851
 0.16431903 0.1718416  0.14007637 0.14679678 0.13585704 0.15428557
 0.1441242  0.14848936 0.14417337 0.13561927 0.13648212 0.1514467
 0.17004496 0.1333197  0.14985426 0.14527803 0.1559857  0.13297198
 0.16617274 0.11544073 0.17161058 0.14954602 0.15610809 0.12561922
 0.13454015 0.19215392 0.16275288 0.16592256 0.16453298 0.14806539
 0.16139265 0.16010557 0.13178272 0.13584015 0.15110116 0.16923345
 0.11791078 0.16883279 0.14945018 0.12682772 0.13441562 0.12577857
 0.16277821 0.16098303 0.12668696 0.15977185 0.13421644 0.13580899
 0.1574864  0.13822067 0.16019445 0.15038254 0.17734604 0.1427268
 0.14748661 0.14855122 0.13004419 0.18419905 0.1522914  0.16836569
 0.15686121 0.151217  ]
charlie_repeat-2
BERT
[0.78901756 0.7814391  0.7833561  0.7860516  0.7858402  0.78849596
 0.7785698  0.78247154 0.78492343 0.78325087 0.7820245  0.7865489
 0.7840427  0.79577625 0.7827243  0.78844523 0.78582215 0.7838012
 0.7848336  0.7827679  0.7842319  0.78337544 0.7840621  0.7839092
 0.78772557 0.7781745  0.78142154 0.7845389  0.7909924  0.78708434
 0.7872213  0.78594047 0.7806285  0.78225905 0.78051627 0.7880275
 0.7873134  0.78499615 0.78230023 0.7864342  0.7861237  0.77985275
 0.7796333  0.7802308  0.78681237 0.783526   0.7823042  0.7867329
 0.7898461  0.78566974 0.78319913 0.7878158  0.78891385 0.7847998
 0.78665257 0.7838329  0.7888187  0.7838156  0.78791827 0.77915627
 0.79129446 0.7842649  0.78141254 0.78293157 0.7815973  0.7884107
 0.7859464  0.7859144  0.78516424 0.77864385 0.7821818  0.7854896
 0.7868096  0.78271484 0.78234565 0.7797651  0.78544897 0.7867649
 0.78775805 0.7831966  0.7793879  0.781836   0.77822864 0.79223233
 0.7876453  0.78576726 0.7846726  0.79187405 0.7863328  0.7825508
 0.7848811  0.7820546  0.7848154  0.78506756 0.7846816  0.78208756
 0.78270954 0.7810798  0.78238994 0.79183316 0.78586364 0.78720486
 0.78442097 0.7881702  0.7885474  0.77840424 0.78012455 0.7864917
 0.7858666  0.7849796  0.7835885  0.78860307 0.7851903  0.7888854
 0.7900535  0.78772503 0.78284836 0.7925403  0.78274673 0.7862617
 0.78007394 0.7825077  0.78641564 0.7832559  0.7850166  0.7830976
 0.78518    0.7948985  0.782757   0.77931106 0.7882495  0.7881491
 0.78263044 0.7919092  0.78795356 0.78993124 0.7889202  0.78486073
 0.787904   0.78252506 0.7826158  0.7904436  0.78737247 0.7811175
 0.7797967  0.7826175  0.77918255 0.7811109  0.7808362  0.79038674
 0.78696775 0.7819793  0.78129905 0.77978367 0.78512573 0.7836556
 0.78171474 0.785726   0.78940916 0.7909384  0.79296744 0.78009254
 0.782545   0.78176004 0.7853831  0.78845197 0.7835283  0.7930538
 0.7867349  0.7841352  0.7892267  0.77910805 0.7848202  0.7846753
 0.7812925  0.78974634 0.78594804 0.7852373  0.78644526 0.7851743
 0.785772   0.78571963 0.7782831  0.7877867  0.78669834 0.78394514
 0.785951   0.78488106 0.79212093 0.78420544 0.7865589  0.78928214
 0.7841181  0.7848421  0.788555   0.7899775  0.7823171  0.7805307
 0.7839135  0.78067666]
[nltk_data] Downloading package wordnet to /mnt/iusers01/fse-
[nltk_data]     ugpgt01/compsci01/q12628ct/nltk_data...
[nltk_data]   Package wordnet is already up-to-date!
[nltk_data] Downloading package punkt_tab to /mnt/iusers01/fse-
[nltk_data]     ugpgt01/compsci01/q12628ct/nltk_data...
[nltk_data]   Package punkt_tab is already up-to-date!
[nltk_data] Downloading package omw-1.4 to /mnt/iusers01/fse-
[nltk_data]     ugpgt01/compsci01/q12628ct/nltk_data...
[nltk_data]   Package omw-1.4 is already up-to-date!
/mnt/iusers01/fse-ugpgt01/compsci01/q12628ct/.conda/envs/semantic-decoding/lib/python3.10/site-packages/huggingface_hub/file_download.py:945: FutureWarning: `resume_download` is deprecated and will be removed in version 1.0.0. Downloads always resume when possible. If you want to force a new download, use `force_download=True`.
  warnings.warn(
Some weights of the model checkpoint at roberta-large were not used when initializing RobertaModel: ['lm_head.dense.bias', 'lm_head.bias', 'lm_head.layer_norm.weight', 'lm_head.layer_norm.bias', 'lm_head.dense.weight']
- This IS expected if you are initializing RobertaModel from the checkpoint of a model trained on another task or with another architecture (e.g. initializing a BertForSequenceClassification model from a BertForPreTraining model).
- This IS NOT expected if you are initializing RobertaModel from the checkpoint of a model that you expect to be exactly identical (initializing a BertForSequenceClassification model from a BertForSequenceClassification model).
Some weights of RobertaModel were not initialized from the model checkpoint at roberta-large and are newly initialized: ['roberta.pooler.dense.weight', 'roberta.pooler.dense.bias']
You should probably TRAIN this model on a down-stream task to be able to use it for predictions and inference.
delta_repeat-1
WER
[-0.21522472 -0.24528079 -0.21953033 -0.24971104 -0.21108401 -0.2087721
 -0.23455088 -0.2528958  -0.26555899 -0.21479693 -0.21867714 -0.25266609
 -0.19284072 -0.22139948 -0.22004685 -0.23459532 -0.20842674 -0.23404787
 -0.23964475 -0.22202517 -0.21013346 -0.22186148 -0.21619963 -0.23259653
 -0.24528226 -0.20934773 -0.23434864 -0.19720367 -0.23843001 -0.25702771
 -0.22975459 -0.19505409 -0.22201405 -0.22980909 -0.23382449 -0.22943734
 -0.24389733 -0.2120554  -0.23442052 -0.21379621 -0.24051598 -0.26429198
 -0.2288405  -0.24711102 -0.22654325 -0.23731012 -0.23403364 -0.21750491
 -0.24421906 -0.21973017 -0.23315518 -0.21742757 -0.22684342 -0.21585713
 -0.22208387 -0.24711959 -0.22566702 -0.21162694 -0.25200111 -0.20801278
 -0.23993008 -0.23272605 -0.25106977 -0.22113597 -0.22918617 -0.23474054
 -0.23810401 -0.21393483 -0.26379773 -0.23479401 -0.23656383 -0.22387251
 -0.22921545 -0.23754824 -0.26080869 -0.2302758  -0.24034828 -0.24234566
 -0.22913549 -0.23423749 -0.26361822 -0.25050367 -0.23224064 -0.2441114
 -0.24427808 -0.24142802 -0.22007186 -0.21667682 -0.23270239 -0.25022702
 -0.21938513 -0.2196255  -0.2505309  -0.2131968  -0.23869273 -0.23483451
 -0.24196696 -0.21735918 -0.2442879  -0.22111089 -0.22541391 -0.20158596
 -0.22287872 -0.25705756 -0.23250882 -0.26203898 -0.22457842 -0.22499366
 -0.23254444 -0.21514453 -0.23542531 -0.21744109 -0.22398533 -0.22261308
 -0.24717276 -0.18928312 -0.20933672 -0.19241909 -0.23609956 -0.2051621
 -0.24148974 -0.25876827 -0.19711432 -0.24058592 -0.2400631  -0.21515512
 -0.18965605 -0.22460766 -0.20591029 -0.22640467 -0.23052223 -0.22783789
 -0.23766824 -0.21018472 -0.20768396 -0.22981622 -0.22851199 -0.22479259
 -0.23171295 -0.2162859  -0.23298919 -0.22299928 -0.23196914 -0.24013965
 -0.22698296 -0.22952596 -0.23284861 -0.21718865 -0.24149657 -0.22795002
 -0.25129497 -0.23390203 -0.24548973 -0.23467904 -0.25119446 -0.23444469
 -0.22743207 -0.21755075 -0.17608075 -0.23472805 -0.20687977 -0.24295143
 -0.22568366 -0.23460068 -0.21997783 -0.2404736  -0.23114154 -0.25116166
 -0.2389678  -0.2269275  -0.22910209 -0.24653792 -0.22773665 -0.21583124
 -0.20353151 -0.24524843 -0.22210567 -0.22961499 -0.22883498 -0.23305024
 -0.23870617 -0.2521492  -0.20319905 -0.22222433 -0.24431632 -0.24476945
 -0.24269788 -0.24708519 -0.23509297 -0.25404491 -0.23507981 -0.25124114
 -0.2385595  -0.19512639 -0.21235564 -0.22791391 -0.24541848 -0.2400328
 -0.2256772  -0.2493477 ]
delta_repeat-1
BLEU
[0.21571243 0.17093558 0.19291546 0.13620029 0.19259586 0.16756435
 0.15956206 0.14778086 0.14226407 0.17957752 0.17266253 0.16087529
 0.20948255 0.21497662 0.20018165 0.20012649 0.21603018 0.17089059
 0.19249497 0.21230728 0.23293873 0.20994211 0.21877879 0.17240627
 0.13380936 0.18302538 0.16534929 0.19311522 0.18032319 0.13710764
 0.18871765 0.22149087 0.18729633 0.16308244 0.20424616 0.20418834
 0.16962173 0.1863698  0.15930341 0.20221964 0.1747266  0.1433531
 0.1573739  0.16174461 0.21115397 0.19859823 0.20323857 0.1791873
 0.17177453 0.16116528 0.18740411 0.1987039  0.16900931 0.20691803
 0.17447782 0.17999889 0.21683437 0.23724697 0.16099317 0.21742785
 0.1706036  0.13982877 0.15268243 0.18608157 0.22404459 0.19130144
 0.17998506 0.1726382  0.13325448 0.16780567 0.15995402 0.19629215
 0.1665976  0.18045569 0.17419739 0.20033437 0.12420736 0.16051486
 0.14792526 0.20412918 0.11849787 0.16169094 0.20421817 0.15792041
 0.13742638 0.15390087 0.19163175 0.21516465 0.189458   0.14878238
 0.18877988 0.19609455 0.16526291 0.17576734 0.1782226  0.1862356
 0.14644046 0.2033477  0.13296136 0.18224968 0.18586497 0.21071774
 0.17009129 0.13546661 0.18648749 0.12932824 0.17363249 0.15269016
 0.14409095 0.21288847 0.16307392 0.17053446 0.15207023 0.2227401
 0.16572915 0.21375896 0.20886849 0.20100704 0.18581544 0.19448258
 0.18567498 0.16919775 0.22877848 0.1902158  0.14406958 0.1986852
 0.2071409  0.15244404 0.23174676 0.20695273 0.18726076 0.18363807
 0.18792323 0.21102496 0.2244109  0.1772177  0.17103385 0.17167853
 0.22310538 0.1746402  0.19699264 0.21363246 0.1579619  0.18940807
 0.17231197 0.18079955 0.17863    0.21286623 0.20780717 0.16772239
 0.13184138 0.22633642 0.17884047 0.18411631 0.16992166 0.20128526
 0.16788473 0.16482149 0.25355011 0.20104369 0.17688633 0.15796115
 0.16331889 0.19862074 0.16837197 0.16205336 0.21120886 0.1731525
 0.19489386 0.17856481 0.16658662 0.20674977 0.17110589 0.19428626
 0.18840204 0.13848709 0.20316271 0.18328772 0.1779482  0.19167958
 0.15259597 0.14022168 0.21056243 0.22575742 0.19168726 0.13651546
 0.19809195 0.15084144 0.13614669 0.15367129 0.14152387 0.2050358
 0.12101031 0.23736464 0.16897406 0.18130769 0.19402645 0.16344485
 0.195895   0.16602445]
delta_repeat-1
METEOR
[0.18701785 0.14515461 0.18458374 0.12068003 0.15826859 0.1416205
 0.15018483 0.16527743 0.14068954 0.17127884 0.16120342 0.1456223
 0.19038876 0.18039956 0.15576586 0.16716958 0.1651418  0.15229691
 0.17771984 0.19593595 0.20128909 0.18115392 0.19032268 0.16306879
 0.1208069  0.17564078 0.14074614 0.17812095 0.17895743 0.12865892
 0.15584822 0.18582727 0.14988592 0.14015226 0.1873303  0.19197033
 0.15079272 0.13905921 0.14380735 0.15785791 0.16180696 0.13645979
 0.14939942 0.12409415 0.17956156 0.17839514 0.1730049  0.15836472
 0.14853798 0.12879354 0.1660419  0.15413383 0.16417745 0.19582366
 0.15370092 0.16617637 0.19279472 0.19351939 0.13989496 0.1637457
 0.16727038 0.13817066 0.14451761 0.14829117 0.18018589 0.15469527
 0.16744551 0.15611377 0.14189816 0.15187645 0.15854073 0.16836251
 0.15440246 0.16208192 0.15056513 0.16220149 0.12149521 0.15484094
 0.14720276 0.15217212 0.10638969 0.15499382 0.17755721 0.14475023
 0.11798305 0.13397362 0.1572232  0.19696363 0.17732691 0.14096552
 0.16550855 0.18794544 0.13599889 0.15913613 0.1607429  0.16244921
 0.15486208 0.17339059 0.11497664 0.16294959 0.15351105 0.19864181
 0.13953035 0.12425739 0.18720566 0.12499747 0.1727409  0.12499021
 0.13162682 0.17535966 0.15516354 0.17723462 0.13480231 0.17351849
 0.14467831 0.17079895 0.16030593 0.20660735 0.16905373 0.1666064
 0.15406184 0.14225429 0.19559486 0.16468162 0.13269857 0.17679222
 0.19968772 0.14359023 0.18948052 0.17242579 0.17375418 0.16717798
 0.17498697 0.17978639 0.18480666 0.14686836 0.15491926 0.14273446
 0.16953718 0.16000125 0.16378762 0.17598935 0.14390346 0.15309289
 0.13716898 0.1657453  0.16037744 0.17147417 0.16747457 0.14554526
 0.12443697 0.19221204 0.17088246 0.15749601 0.16055368 0.16773026
 0.135545   0.15547286 0.22261189 0.18149259 0.15760244 0.12432019
 0.12649655 0.17886396 0.13747709 0.12863034 0.17606579 0.15641406
 0.16011086 0.17176203 0.1360841  0.16401818 0.15722113 0.1730579
 0.13583038 0.13912312 0.13922603 0.16230953 0.15383336 0.17580077
 0.13244582 0.13223737 0.17513076 0.16554736 0.15951899 0.13092298
 0.16498964 0.12599154 0.13919084 0.13928093 0.12410801 0.15157946
 0.13244068 0.19478735 0.15416221 0.17632723 0.17456149 0.16146594
 0.17544257 0.15782304]
delta_repeat-1
BERT
[0.81015164 0.7955739  0.80203414 0.7966778  0.79489267 0.79800403
 0.798887   0.7949001  0.7970747  0.8025717  0.79693824 0.79537266
 0.80701053 0.80357593 0.8005666  0.79997283 0.80598235 0.79366404
 0.7992323  0.80134535 0.8078016  0.80462843 0.8075112  0.7946044
 0.7980251  0.8020524  0.79281616 0.79665357 0.8084328  0.7914573
 0.8077933  0.80720556 0.7997752  0.7956294  0.7997336  0.8054445
 0.80106753 0.79721534 0.796283   0.80064744 0.796713   0.7944575
 0.7921149  0.7980008  0.80516833 0.8059056  0.8077283  0.80575764
 0.7930099  0.79433006 0.7967053  0.7995692  0.7963779  0.80988765
 0.7938088  0.8023705  0.80035067 0.79609644 0.7965652  0.8073241
 0.801952   0.80171007 0.79452163 0.7985135  0.80616015 0.7995009
 0.8012889  0.7974288  0.7968236  0.80066645 0.8015238  0.80658126
 0.79685074 0.8066685  0.7935567  0.80781156 0.7969133  0.79907906
 0.7999793  0.8067501  0.7948092  0.8008997  0.80854064 0.7979761
 0.79541683 0.8018834  0.80257285 0.8035885  0.8012832  0.7946136
 0.79369515 0.8028067  0.7949033  0.79551286 0.79752994 0.8052999
 0.79415643 0.8068063  0.793194   0.79967284 0.80509496 0.80654323
 0.80889976 0.79207265 0.8000411  0.8036968  0.79792535 0.804785
 0.7987144  0.8076903  0.8015172  0.7938289  0.7964345  0.80261713
 0.8011496  0.8033479  0.81239516 0.80514747 0.8026919  0.7975427
 0.7976777  0.8019416  0.80345684 0.8041556  0.7955541  0.80871
 0.80622977 0.7941316  0.80569637 0.8038038  0.8031969  0.7973626
 0.80514896 0.79729116 0.8045778  0.7970247  0.8009274  0.7941427
 0.8022126  0.80116755 0.79967713 0.8028574  0.7977055  0.8073149
 0.7982854  0.8054491  0.809371   0.81106347 0.8031503  0.79734635
 0.79388446 0.8042612  0.7998834  0.80113274 0.80088276 0.80626607
 0.79399556 0.79922473 0.8103755  0.80279195 0.80418044 0.7995574
 0.80248123 0.801479   0.7953181  0.7913328  0.80027294 0.8027994
 0.8053476  0.80244493 0.7967771  0.80425507 0.79340965 0.80023444
 0.8025999  0.795475   0.8091945  0.8002281  0.8027553  0.79879135
 0.79603124 0.7930112  0.8058078  0.80576473 0.80551136 0.7911097
 0.8058736  0.7980793  0.793945   0.79640394 0.7934722  0.80295193
 0.7945794  0.8147218  0.79648685 0.7983234  0.7989525  0.7998179
 0.7996881  0.79635286]
[nltk_data] Downloading package wordnet to /mnt/iusers01/fse-
[nltk_data]     ugpgt01/compsci01/q12628ct/nltk_data...
[nltk_data]   Package wordnet is already up-to-date!
[nltk_data] Downloading package punkt_tab to /mnt/iusers01/fse-
[nltk_data]     ugpgt01/compsci01/q12628ct/nltk_data...
[nltk_data]   Package punkt_tab is already up-to-date!
[nltk_data] Downloading package omw-1.4 to /mnt/iusers01/fse-
[nltk_data]     ugpgt01/compsci01/q12628ct/nltk_data...
[nltk_data]   Package omw-1.4 is already up-to-date!
/mnt/iusers01/fse-ugpgt01/compsci01/q12628ct/.conda/envs/semantic-decoding/lib/python3.10/site-packages/huggingface_hub/file_download.py:945: FutureWarning: `resume_download` is deprecated and will be removed in version 1.0.0. Downloads always resume when possible. If you want to force a new download, use `force_download=True`.
  warnings.warn(
Some weights of the model checkpoint at roberta-large were not used when initializing RobertaModel: ['lm_head.dense.bias', 'lm_head.layer_norm.bias', 'lm_head.bias', 'lm_head.layer_norm.weight', 'lm_head.dense.weight']
- This IS expected if you are initializing RobertaModel from the checkpoint of a model trained on another task or with another architecture (e.g. initializing a BertForSequenceClassification model from a BertForPreTraining model).
- This IS NOT expected if you are initializing RobertaModel from the checkpoint of a model that you expect to be exactly identical (initializing a BertForSequenceClassification model from a BertForSequenceClassification model).
Some weights of RobertaModel were not initialized from the model checkpoint at roberta-large and are newly initialized: ['roberta.pooler.dense.bias', 'roberta.pooler.dense.weight']
You should probably TRAIN this model on a down-stream task to be able to use it for predictions and inference.
delta_repeat-2
WER
[-0.27436245 -0.27432002 -0.26467832 -0.24322812 -0.29570158 -0.24343942
 -0.23167174 -0.28808773 -0.29228119 -0.28584074 -0.2679294  -0.26566673
 -0.24552223 -0.28444056 -0.29128104 -0.26360508 -0.2478044  -0.28016828
 -0.29072348 -0.2843438  -0.27004194 -0.28101438 -0.24858924 -0.27554449
 -0.24461674 -0.25480097 -0.25913615 -0.26778994 -0.28268342 -0.29059078
 -0.26461476 -0.27328381 -0.26230663 -0.28774181 -0.25589496 -0.28221798
 -0.28307503 -0.27015012 -0.26892186 -0.28692223 -0.28162996 -0.2624428
 -0.28673493 -0.24773276 -0.28633291 -0.28523858 -0.25090153 -0.26685433
 -0.24395079 -0.26774785 -0.27124586 -0.27552037 -0.30506793 -0.28999238
 -0.2690175  -0.23760269 -0.27084986 -0.29465313 -0.29405718 -0.29524823
 -0.28731891 -0.28078681 -0.26097133 -0.26074038 -0.28434481 -0.250417
 -0.27872281 -0.26766802 -0.25558142 -0.28744177 -0.26159233 -0.30428939
 -0.26815697 -0.24081584 -0.27168013 -0.22412169 -0.24941423 -0.24836164
 -0.29436761 -0.25515194 -0.2662101  -0.28078797 -0.24744311 -0.27489228
 -0.25330887 -0.27127846 -0.26422544 -0.28288014 -0.25608113 -0.28638547
 -0.26127859 -0.25235186 -0.26942344 -0.22748361 -0.24732701 -0.28254352
 -0.26613365 -0.27379176 -0.29141687 -0.25620838 -0.27374165 -0.24934337
 -0.29624982 -0.27090489 -0.27088796 -0.27065658 -0.28249895 -0.26313439
 -0.26492124 -0.28227955 -0.29238472 -0.2810565  -0.30242133 -0.26500601
 -0.28325502 -0.29388104 -0.27757855 -0.27548808 -0.2739308  -0.27797391
 -0.25780612 -0.28288356 -0.26954539 -0.25097735 -0.26242203 -0.23449389
 -0.27594623 -0.27779848 -0.28052434 -0.28715286 -0.27219776 -0.28177063
 -0.24996608 -0.28475467 -0.27432742 -0.25948391 -0.28103402 -0.24984757
 -0.25014447 -0.29709442 -0.26894612 -0.24297507 -0.2607414  -0.28121272
 -0.26184102 -0.27170791 -0.26987481 -0.29549568 -0.28611222 -0.28212047
 -0.26639185 -0.23437699 -0.29550364 -0.25424083 -0.28512648 -0.27105377
 -0.27744593 -0.2732334  -0.2487945  -0.24647433 -0.26106501 -0.27341569
 -0.27854424 -0.25601484 -0.28714018 -0.24718922 -0.28132178 -0.25418946
 -0.24923347 -0.25921726 -0.28241994 -0.26393819 -0.24598041 -0.28305794
 -0.27827793 -0.3001625  -0.29124729 -0.28620395 -0.24415178 -0.27892685
 -0.25951088 -0.25731711 -0.29742156 -0.25277217 -0.23311041 -0.30717127
 -0.24629456 -0.26625283 -0.29455226 -0.28649648 -0.26814317 -0.27080248
 -0.26257306 -0.27645458 -0.27073274 -0.2861692  -0.27081893 -0.28711229
 -0.2823936  -0.26127558]
delta_repeat-2
BLEU
[0.18438944 0.18413659 0.16878232 0.18633408 0.1734764  0.19636226
 0.20122269 0.16682377 0.13212122 0.1965261  0.1626758  0.17580478
 0.17949075 0.16813227 0.16416314 0.17225339 0.22429307 0.15001917
 0.15974145 0.19443806 0.19297705 0.17703204 0.1767425  0.20765701
 0.18651387 0.19837426 0.19791396 0.206126   0.17664158 0.15835137
 0.19252958 0.16091426 0.1998188  0.17763173 0.17840396 0.1485334
 0.15500284 0.20989668 0.16663609 0.16013776 0.18620165 0.15665782
 0.17508338 0.20009933 0.13991973 0.17310377 0.22092639 0.18585316
 0.22187934 0.16776858 0.18543872 0.21409491 0.11989529 0.1415111
 0.20070565 0.2145169  0.17619813 0.12935543 0.1926805  0.16147708
 0.13194147 0.20488446 0.2054425  0.19165368 0.16746538 0.18302736
 0.1767299  0.17914157 0.21275361 0.17213394 0.20719461 0.1207737
 0.18280894 0.17818517 0.19444437 0.20637875 0.18659206 0.2097948
 0.13208897 0.15476829 0.19081822 0.16772799 0.16167789 0.16811395
 0.19562598 0.2059543  0.16299654 0.13092886 0.22892    0.12436517
 0.21024871 0.20124916 0.18630351 0.18952375 0.18479167 0.18104606
 0.17086368 0.20162555 0.16552022 0.18596278 0.17431291 0.20161514
 0.14044053 0.22249489 0.18507619 0.17878124 0.14577906 0.17305905
 0.17886661 0.1870844  0.17979247 0.20542458 0.13190002 0.17994611
 0.19376161 0.16884625 0.17384151 0.17467311 0.20110365 0.15042084
 0.19338562 0.19232577 0.1892156  0.20613942 0.23221001 0.19121898
 0.20571968 0.18567179 0.20083912 0.13804687 0.15183296 0.15490638
 0.20109099 0.18048303 0.18469732 0.16626829 0.17017518 0.19466014
 0.18438057 0.12754959 0.20897807 0.20502909 0.18893535 0.14996493
 0.1851456  0.1973508  0.18581121 0.15669655 0.20490559 0.1540564
 0.18989723 0.21848191 0.17405899 0.18269622 0.14364856 0.22098248
 0.15205441 0.1570966  0.20733    0.19945149 0.20461585 0.17006722
 0.15474942 0.21634858 0.14928576 0.19728142 0.18009421 0.19646418
 0.17061873 0.20148552 0.18828315 0.17239786 0.22085125 0.1674447
 0.17850247 0.12787314 0.13969148 0.15341291 0.19738261 0.15687437
 0.1877219  0.16338137 0.13001678 0.18702298 0.20306706 0.1286127
 0.18221916 0.19201933 0.1430485  0.17146888 0.20846024 0.19231369
 0.16628783 0.18264045 0.16803908 0.1734661  0.17664501 0.17894322
 0.18730368 0.18680603]
delta_repeat-2
METEOR
[0.172171   0.17688706 0.14882527 0.14490014 0.17607776 0.17795291
 0.1949985  0.15925978 0.12031771 0.18404739 0.14982809 0.15041113
 0.15692861 0.1476295  0.14668672 0.15161327 0.18082976 0.12635959
 0.14816848 0.17443937 0.17222412 0.1610035  0.15689174 0.18890385
 0.19343839 0.17030751 0.18483726 0.18970278 0.15964579 0.14120386
 0.1611211  0.16672037 0.18257796 0.15328631 0.18415055 0.12935586
 0.15464498 0.16969133 0.14810941 0.13877966 0.15543807 0.14348858
 0.16930797 0.15920378 0.12607703 0.18626779 0.17459883 0.17999587
 0.17484659 0.16816856 0.18509877 0.18456649 0.11515866 0.12519907
 0.18694623 0.19041575 0.15816641 0.11256662 0.16504098 0.14894735
 0.13537853 0.16855791 0.18710906 0.15322682 0.16333923 0.16798379
 0.14711506 0.16473834 0.1947302  0.13872405 0.17869115 0.12688802
 0.16647464 0.15879194 0.17153514 0.17268939 0.14910306 0.20951992
 0.12615153 0.16790291 0.16909802 0.15235267 0.13832763 0.157862
 0.17705741 0.18366701 0.14266516 0.11466787 0.19194923 0.12181648
 0.19454016 0.17730729 0.16772005 0.17362882 0.15045856 0.16953066
 0.15071064 0.19140516 0.15128748 0.15990556 0.15092046 0.15182805
 0.13097256 0.22141473 0.16489225 0.17899059 0.1316718  0.15337768
 0.16836201 0.14027515 0.18039754 0.17597351 0.14351967 0.16652523
 0.16871989 0.17489437 0.15638481 0.14769857 0.18509541 0.12690717
 0.16817275 0.15476024 0.18088541 0.20315384 0.18611083 0.18182083
 0.16303685 0.17531929 0.16737334 0.13815374 0.14460896 0.14325105
 0.16520495 0.17405381 0.1667237  0.1497231  0.15811497 0.16617767
 0.15769467 0.13611638 0.17011087 0.17679593 0.18678314 0.13096279
 0.1536197  0.19510518 0.18376591 0.1602487  0.19271295 0.13107468
 0.16394133 0.18054177 0.14709418 0.15814899 0.12806525 0.18954385
 0.15467138 0.13606875 0.20334361 0.17745434 0.19957677 0.14650739
 0.15436772 0.20030326 0.15404284 0.17090224 0.17039599 0.17608378
 0.14451085 0.18273737 0.18144111 0.15798046 0.18127741 0.15553129
 0.14781978 0.12942012 0.13955063 0.13623528 0.16819572 0.1482355
 0.14799949 0.16755114 0.13456534 0.16864548 0.17964557 0.12495755
 0.17176024 0.17719675 0.13047966 0.1653976  0.19072227 0.15733924
 0.1621694  0.18042263 0.15238563 0.14126997 0.15946852 0.15375293
 0.168219   0.15538428]
delta_repeat-2
BERT
[0.8006874  0.8109207  0.79980457 0.80078816 0.8000268  0.8065582
 0.80720556 0.7969866  0.7960314  0.8022593  0.79694086 0.7979879
 0.8036308  0.7962887  0.8042101  0.80182797 0.8108018  0.79403657
 0.79737824 0.80316365 0.8010575  0.79529375 0.7996495  0.8006015
 0.80226636 0.8038679  0.80850995 0.8021406  0.81039375 0.800941
 0.8039622  0.7944515  0.80416536 0.7950485  0.7964648  0.79869443
 0.7996969  0.8017926  0.79703736 0.7955673  0.7997497  0.7974991
 0.8044364  0.7979836  0.7934974  0.79982424 0.8039091  0.8050252
 0.80622494 0.7995439  0.7989361  0.7996664  0.7921872  0.7956275
 0.8032416  0.80809236 0.8005669  0.7947194  0.8052469  0.79835975
 0.80021846 0.7998712  0.8002522  0.8003563  0.8041754  0.80770844
 0.80348784 0.8110914  0.7999372  0.7989514  0.8003336  0.7950415
 0.80259174 0.80908734 0.80781966 0.79861164 0.8001296  0.804609
 0.7985976  0.7969953  0.7985453  0.79032713 0.79797906 0.80545807
 0.8012027  0.8122748  0.80362356 0.7978394  0.8058475  0.79661125
 0.8037491  0.8007642  0.7993351  0.8071797  0.8030152  0.8048631
 0.803983   0.8028734  0.79575926 0.81157714 0.7995927  0.80025667
 0.796943   0.80957365 0.8092137  0.80238974 0.7955462  0.79479563
 0.8009106  0.79210824 0.8077404  0.80219406 0.7943346  0.79882544
 0.79771644 0.8029761  0.8025266  0.79742444 0.803527   0.79576397
 0.80227214 0.8026243  0.8015865  0.81022376 0.8013928  0.809794
 0.80101144 0.8030921  0.8096947  0.80049866 0.7979468  0.7963817
 0.8070833  0.8051799  0.80070394 0.79935294 0.7942105  0.8063431
 0.8038257  0.79346466 0.8043659  0.80521655 0.8076613  0.7949272
 0.80421615 0.80096847 0.80609417 0.7997974  0.7981785  0.7955313
 0.80661786 0.8081232  0.79647183 0.80554384 0.7909657  0.8070775
 0.7962744  0.79697555 0.8085375  0.7972822  0.8057424  0.799854
 0.7944212  0.80661494 0.7984807  0.79534066 0.79882014 0.803736
 0.8054912  0.80087864 0.80753887 0.79638743 0.8043191  0.80920506
 0.7975016  0.7944751  0.7965713  0.797178   0.806286   0.7954831
 0.7984676  0.7953211  0.79383785 0.8007336  0.8093379  0.798107
 0.80719507 0.81046695 0.7925525  0.80225533 0.8059684  0.80058765
 0.7983642  0.80488884 0.804655   0.801742   0.7947999  0.7950595
 0.80664045 0.8032583 ]
[nltk_data] Downloading package wordnet to /mnt/iusers01/fse-
[nltk_data]     ugpgt01/compsci01/q12628ct/nltk_data...
[nltk_data]   Package wordnet is already up-to-date!
[nltk_data] Downloading package punkt_tab to /mnt/iusers01/fse-
[nltk_data]     ugpgt01/compsci01/q12628ct/nltk_data...
[nltk_data]   Package punkt_tab is already up-to-date!
[nltk_data] Downloading package omw-1.4 to /mnt/iusers01/fse-
[nltk_data]     ugpgt01/compsci01/q12628ct/nltk_data...
[nltk_data]   Package omw-1.4 is already up-to-date!
/mnt/iusers01/fse-ugpgt01/compsci01/q12628ct/.conda/envs/semantic-decoding/lib/python3.10/site-packages/huggingface_hub/file_download.py:945: FutureWarning: `resume_download` is deprecated and will be removed in version 1.0.0. Downloads always resume when possible. If you want to force a new download, use `force_download=True`.
  warnings.warn(
Some weights of the model checkpoint at roberta-large were not used when initializing RobertaModel: ['lm_head.bias', 'lm_head.dense.weight', 'lm_head.layer_norm.bias', 'lm_head.layer_norm.weight', 'lm_head.dense.bias']
- This IS expected if you are initializing RobertaModel from the checkpoint of a model trained on another task or with another architecture (e.g. initializing a BertForSequenceClassification model from a BertForPreTraining model).
- This IS NOT expected if you are initializing RobertaModel from the checkpoint of a model that you expect to be exactly identical (initializing a BertForSequenceClassification model from a BertForSequenceClassification model).
Some weights of RobertaModel were not initialized from the model checkpoint at roberta-large and are newly initialized: ['roberta.pooler.dense.bias', 'roberta.pooler.dense.weight']
You should probably TRAIN this model on a down-stream task to be able to use it for predictions and inference.
echo_repeat-1
WER
[-0.08116227 -0.07349984 -0.05235108 -0.04795341 -0.06808584 -0.0627768
 -0.05853691 -0.0694926  -0.0727354  -0.06807168 -0.08333949 -0.05964671
 -0.05570206 -0.04856754 -0.08010622 -0.06548313 -0.07533041 -0.07202264
 -0.0383107  -0.05459285 -0.06467429 -0.06825807 -0.06528757 -0.08429557
 -0.04271957 -0.05300751 -0.07951344 -0.07393679 -0.05384433 -0.06326594
 -0.05548431 -0.06153488 -0.05340587 -0.05506378 -0.06732944 -0.07038139
 -0.06934342 -0.06936056 -0.07076785 -0.06187114 -0.03460026 -0.0501495
 -0.06907807 -0.06702588 -0.07778537 -0.05940679 -0.06256769 -0.05462722
 -0.05575675 -0.07813625 -0.07478786 -0.0669991  -0.07059416 -0.05094066
 -0.05023294 -0.08061928 -0.05590543 -0.06641523 -0.05411998 -0.0781535
 -0.06436668 -0.05172347 -0.06015081 -0.05690645 -0.05747833 -0.07074841
 -0.07241401 -0.07896544 -0.07516463 -0.05153322 -0.0653823  -0.0685518
 -0.04872575 -0.0518315  -0.07645332 -0.06787895 -0.0576447  -0.05589027
 -0.06722695 -0.06093031 -0.04961767 -0.04146735 -0.05972245 -0.05886008
 -0.05946716 -0.04009299 -0.07924914 -0.06877881 -0.06172918 -0.03368086
 -0.0794148  -0.05269514 -0.06406438 -0.07647264 -0.05404446 -0.04777285
 -0.0600162  -0.06267894 -0.06411008 -0.05895115 -0.08023487 -0.07108077
 -0.06675939 -0.08167037 -0.07699683 -0.05427992 -0.06233479 -0.05143661
 -0.06192945 -0.05718542 -0.05718765 -0.0414785  -0.05202879 -0.06251802
 -0.0555275  -0.05610632 -0.06124306 -0.04098674 -0.05925126 -0.05687962
 -0.05894705 -0.06856026 -0.05960248 -0.07330267 -0.06621    -0.06676123
 -0.05111931 -0.05748233 -0.06623546 -0.0635372  -0.05775119 -0.0717047
 -0.08577515 -0.05060173 -0.04603809 -0.07327854 -0.06493518 -0.06384422
 -0.06067359 -0.07452901 -0.06112835 -0.06771602 -0.05822994 -0.07275107
 -0.065053   -0.05419537 -0.05846423 -0.07630379 -0.04546331 -0.049664
 -0.07600937 -0.06365491 -0.06632005 -0.05029244 -0.06626928 -0.05464305
 -0.06096161 -0.051194   -0.06589603 -0.05738654 -0.06090227 -0.0810924
 -0.05052993 -0.06274641 -0.05359038 -0.06099211 -0.06584892 -0.05204488
 -0.07003442 -0.06731184 -0.06526572 -0.06835174 -0.06307468 -0.0692346
 -0.06834568 -0.07265027 -0.06191178 -0.06225675 -0.07860843 -0.05494624
 -0.06715957 -0.0409562  -0.05320422 -0.07181542 -0.0779452  -0.06235288
 -0.06209637 -0.06947206 -0.05505756 -0.06466685 -0.0727441  -0.05693862
 -0.06623982 -0.06295694 -0.0672474  -0.05847915 -0.05944656 -0.05791178
 -0.06280702 -0.04866292]
echo_repeat-1
BLEU
[0.15375714 0.18193201 0.16279441 0.19033013 0.1448136  0.18379366
 0.15352602 0.13451643 0.13989249 0.1184134  0.13537599 0.15260789
 0.18643136 0.20838254 0.12529778 0.11679263 0.15396706 0.17477945
 0.17562692 0.18769229 0.16218693 0.13260671 0.152918   0.13672715
 0.17663658 0.16276977 0.14187044 0.17911789 0.17436207 0.14938146
 0.19035709 0.16054983 0.17091422 0.16484961 0.13499236 0.14489275
 0.15152255 0.18392934 0.13983868 0.14194941 0.18793398 0.17200035
 0.16799174 0.16885828 0.15049696 0.1632636  0.14589753 0.15797257
 0.16178112 0.13575707 0.14966364 0.18457484 0.15796267 0.15911772
 0.17927666 0.13817887 0.18702136 0.16933056 0.16300675 0.16469567
 0.18954992 0.17547221 0.17255572 0.17370313 0.18776472 0.18723002
 0.13417445 0.12975798 0.13662412 0.16755074 0.1467136  0.16715275
 0.202283   0.17374931 0.1595133  0.12905378 0.15193554 0.16679086
 0.1743067  0.20574783 0.21611286 0.15881397 0.14577439 0.18458378
 0.17983882 0.18382828 0.11377911 0.13698108 0.15533742 0.18498152
 0.14736172 0.16846936 0.16395718 0.15979774 0.17993832 0.19005995
 0.14823315 0.17515946 0.13556249 0.15232302 0.13065967 0.14252072
 0.16648509 0.14417798 0.13442726 0.16776319 0.15313308 0.15229078
 0.16994686 0.16979982 0.18701944 0.17579763 0.17582055 0.16502701
 0.16365245 0.15643258 0.16251554 0.17065586 0.13797965 0.17548283
 0.1704237  0.15985533 0.17064967 0.16728361 0.15448428 0.17428195
 0.19744494 0.16392684 0.16571863 0.15822377 0.18487576 0.12435043
 0.15335566 0.1616901  0.21002969 0.1591114  0.14923134 0.15862073
 0.16779987 0.12641741 0.14801047 0.16561082 0.13893401 0.13488971
 0.13876748 0.14692926 0.17592881 0.13998922 0.16281513 0.19977735
 0.13584624 0.16054926 0.15454976 0.14425463 0.16692576 0.18810849
 0.14395294 0.18047831 0.121862   0.15120843 0.17621789 0.17154352
 0.17732295 0.17168495 0.18441924 0.16816751 0.12199113 0.16177303
 0.15124294 0.13695898 0.18006851 0.17958175 0.15040378 0.17769905
 0.17131511 0.14840044 0.17120113 0.17160353 0.16966927 0.18152897
 0.13811749 0.18955345 0.16329407 0.16327173 0.15314661 0.14974329
 0.15120056 0.18688205 0.21024487 0.15527843 0.1264915  0.18629977
 0.17112289 0.16535909 0.16746877 0.12489444 0.18870537 0.15461384
 0.15788619 0.18386407]
echo_repeat-1
METEOR
[0.11017331 0.12000559 0.10461735 0.12662633 0.11520042 0.12512343
 0.11153508 0.08546814 0.10271837 0.07386961 0.08458019 0.11566185
 0.12015988 0.13369493 0.08884302 0.08213483 0.11247447 0.14020458
 0.11525048 0.11739668 0.10558558 0.09186064 0.11506092 0.08525194
 0.12569949 0.11226564 0.09112349 0.12882235 0.11059813 0.1056147
 0.11931325 0.09571255 0.10786855 0.10673894 0.10883597 0.10842278
 0.10162611 0.11325623 0.09129026 0.10264572 0.12877115 0.10577146
 0.11243728 0.12546867 0.10015272 0.11922144 0.10206166 0.09219407
 0.10821829 0.10541367 0.10521721 0.130352   0.11283378 0.10881518
 0.1200169  0.09585783 0.11037574 0.10827267 0.09975145 0.10245935
 0.11880856 0.10174723 0.11691605 0.1180732  0.11584503 0.12664477
 0.09990924 0.08739428 0.11255852 0.10449303 0.09094225 0.10963635
 0.1255132  0.12156307 0.09995464 0.08435844 0.10657186 0.11208476
 0.11611445 0.14309297 0.15366108 0.1083754  0.10665065 0.12475711
 0.11623884 0.1306761  0.09722951 0.08832249 0.09597837 0.12717812
 0.09901121 0.12694156 0.10872005 0.11785172 0.11284417 0.11833536
 0.10395097 0.13178825 0.09468637 0.09862777 0.10493327 0.10233989
 0.11158064 0.10495567 0.08577609 0.11776482 0.10862167 0.10226235
 0.12161639 0.10974722 0.1217616  0.11729324 0.13895589 0.10453358
 0.09838091 0.09824189 0.1036806  0.11276052 0.09661892 0.1151481
 0.11374646 0.1265289  0.09743875 0.11101638 0.10471296 0.11711405
 0.12695182 0.12167771 0.10393578 0.09612915 0.12874992 0.086695
 0.0966244  0.1027603  0.14208594 0.10742932 0.10544035 0.11320985
 0.10047084 0.08091346 0.10432997 0.10565909 0.09569909 0.09548778
 0.09501348 0.10270393 0.12268201 0.10363996 0.11120455 0.11735009
 0.09298574 0.10290715 0.11013255 0.09222678 0.09890244 0.11941777
 0.1042212  0.10304244 0.08669832 0.09765038 0.11321541 0.11126734
 0.11140158 0.10411374 0.1133183  0.10616821 0.08632577 0.10871377
 0.09392926 0.08897806 0.12457412 0.12325553 0.10799943 0.1128339
 0.11329154 0.10626822 0.12568219 0.11532876 0.10711561 0.15180853
 0.08531389 0.122076   0.11225003 0.11583153 0.12947259 0.10558279
 0.11901716 0.11902361 0.13663205 0.09469648 0.09722826 0.11771295
 0.10245922 0.12548366 0.11357527 0.0860263  0.11657701 0.11870964
 0.10368907 0.11852571]
echo_repeat-1
BERT
[0.77842253 0.7822665  0.77801996 0.78269225 0.7809714  0.7831578
 0.78163624 0.77622783 0.77770954 0.7761173  0.7783966  0.7775172
 0.7828328  0.7843041  0.7798921  0.777868   0.7765341  0.7818378
 0.7859042  0.78263867 0.7787762  0.7798622  0.78187644 0.78304726
 0.7879519  0.7865486  0.78028816 0.7803861  0.78169763 0.78196603
 0.7822411  0.78029895 0.78015184 0.78082097 0.7814117  0.7841669
 0.78391254 0.77895224 0.7828105  0.7809093  0.7844295  0.78402627
 0.78118634 0.77967936 0.77902555 0.7844466  0.78079706 0.7848532
 0.78106326 0.7784293  0.7810541  0.7864113  0.780111   0.7769606
 0.77815557 0.7802932  0.78085256 0.7819793  0.7810679  0.7796774
 0.7826994  0.7837246  0.7822722  0.7816316  0.78693986 0.783535
 0.7811734  0.7775682  0.7788741  0.7798211  0.7795708  0.776785
 0.78706443 0.7797724  0.7793304  0.7823246  0.7830106  0.7804387
 0.78301656 0.77953297 0.7817945  0.7816645  0.7836823  0.7858712
 0.78145665 0.7800101  0.77789944 0.7785714  0.77984715 0.7823914
 0.78101534 0.7803164  0.78162336 0.78028274 0.78307146 0.7820569
 0.7782383  0.7788551  0.78389645 0.7795568  0.7785224  0.77859086
 0.78022397 0.7789579  0.7798775  0.7808354  0.7793729  0.78558683
 0.7849771  0.784852   0.780886   0.78596866 0.7844831  0.784279
 0.78158236 0.7851353  0.7842666  0.78630114 0.7790201  0.7859538
 0.782815   0.7840696  0.7822869  0.7870684  0.77900815 0.7799078
 0.78154004 0.7781123  0.77910435 0.7795221  0.77879345 0.77874935
 0.77720106 0.782182   0.7822911  0.78188676 0.78383815 0.78383803
 0.77933323 0.777691   0.7756461  0.7837076  0.7793621  0.7805242
 0.78195256 0.7801442  0.7799171  0.779623   0.78544354 0.7832331
 0.7774176  0.7812142  0.78318715 0.7819104  0.7807646  0.78009456
 0.7790771  0.7866545  0.7804045  0.77919    0.78195906 0.7804955
 0.78420055 0.7864718  0.7826848  0.78013146 0.7775352  0.7793406
 0.7853787  0.77847624 0.7877285  0.7822276  0.780836   0.7833816
 0.78184277 0.78215843 0.78029394 0.7813196  0.78335005 0.7806869
 0.77877754 0.7846034  0.7835519  0.7800721  0.7810596  0.77758104
 0.7834105  0.78135896 0.78582287 0.7776081  0.7796467  0.7809699
 0.7802729  0.78589725 0.7806546  0.7814733  0.7810052  0.78460324
 0.7859924  0.78617924]
[nltk_data] Downloading package wordnet to /mnt/iusers01/fse-
[nltk_data]     ugpgt01/compsci01/q12628ct/nltk_data...
[nltk_data]   Package wordnet is already up-to-date!
[nltk_data] Downloading package punkt_tab to /mnt/iusers01/fse-
[nltk_data]     ugpgt01/compsci01/q12628ct/nltk_data...
[nltk_data]   Package punkt_tab is already up-to-date!
[nltk_data] Downloading package omw-1.4 to /mnt/iusers01/fse-
[nltk_data]     ugpgt01/compsci01/q12628ct/nltk_data...
[nltk_data]   Package omw-1.4 is already up-to-date!
/mnt/iusers01/fse-ugpgt01/compsci01/q12628ct/.conda/envs/semantic-decoding/lib/python3.10/site-packages/huggingface_hub/file_download.py:945: FutureWarning: `resume_download` is deprecated and will be removed in version 1.0.0. Downloads always resume when possible. If you want to force a new download, use `force_download=True`.
  warnings.warn(
Some weights of the model checkpoint at roberta-large were not used when initializing RobertaModel: ['lm_head.layer_norm.bias', 'lm_head.bias', 'lm_head.dense.weight', 'lm_head.dense.bias', 'lm_head.layer_norm.weight']
- This IS expected if you are initializing RobertaModel from the checkpoint of a model trained on another task or with another architecture (e.g. initializing a BertForSequenceClassification model from a BertForPreTraining model).
- This IS NOT expected if you are initializing RobertaModel from the checkpoint of a model that you expect to be exactly identical (initializing a BertForSequenceClassification model from a BertForSequenceClassification model).
Some weights of RobertaModel were not initialized from the model checkpoint at roberta-large and are newly initialized: ['roberta.pooler.dense.weight', 'roberta.pooler.dense.bias']
You should probably TRAIN this model on a down-stream task to be able to use it for predictions and inference.
echo_repeat-2
WER
[-0.09277254 -0.11379492 -0.11309591 -0.11608714 -0.1047619  -0.08314508
 -0.12808278 -0.11332439 -0.11324213 -0.10476762 -0.10968026 -0.10061914
 -0.12342169 -0.11331294 -0.10492143 -0.12352716 -0.110579   -0.10891548
 -0.12976151 -0.12298262 -0.11223351 -0.10539569 -0.09591923 -0.11321826
 -0.10409923 -0.10118814 -0.10597201 -0.11664197 -0.1291635  -0.10727491
 -0.10103126 -0.09556406 -0.10360207 -0.11325008 -0.10883568 -0.09152595
 -0.12714243 -0.12272547 -0.10991016 -0.10278069 -0.10269902 -0.12043386
 -0.11893171 -0.09384365 -0.1036533  -0.12025883 -0.11178389 -0.10155865
 -0.10218567 -0.10982122 -0.11156284 -0.10948485 -0.10927266 -0.11439591
 -0.11262808 -0.12274349 -0.11356041 -0.11464794 -0.1031679  -0.10306643
 -0.10143077 -0.12197723 -0.12272533 -0.10186833 -0.10818986 -0.1060657
 -0.10334346 -0.10566408 -0.10680693 -0.10466574 -0.10528575 -0.12898308
 -0.09989244 -0.11148133 -0.10191679 -0.12394532 -0.10148872 -0.12190016
 -0.12876659 -0.1021539  -0.09311045 -0.11879465 -0.10135164 -0.11775546
 -0.09852139 -0.12067964 -0.10827765 -0.10625036 -0.13006036 -0.10123927
 -0.1142222  -0.1032827  -0.11426705 -0.11512786 -0.10672686 -0.11386286
 -0.09395291 -0.11861367 -0.09593323 -0.0773019  -0.11835931 -0.09624982
 -0.10749259 -0.10911241 -0.12692787 -0.10115847 -0.10952344 -0.11534262
 -0.12482199 -0.11173119 -0.11497323 -0.11655762 -0.11234711 -0.1072326
 -0.10404689 -0.11733722 -0.11097103 -0.1086353  -0.11812396 -0.11986482
 -0.10826762 -0.12435704 -0.11787805 -0.10012946 -0.09688538 -0.10422646
 -0.07213543 -0.12980604 -0.1193081  -0.10005766 -0.12257269 -0.12127686
 -0.10689557 -0.12628037 -0.10625202 -0.1215962  -0.10028029 -0.11430673
 -0.11771731 -0.10958262 -0.11424447 -0.12429893 -0.11728664 -0.11161736
 -0.09892022 -0.08759422 -0.10827974 -0.10761527 -0.12800483 -0.1110288
 -0.11165772 -0.1107548  -0.09969829 -0.09744968 -0.11652345 -0.1063009
 -0.11588575 -0.11414329 -0.11063562 -0.11304732 -0.12535078 -0.12088306
 -0.1103671  -0.12825282 -0.12496902 -0.12451832 -0.13139275 -0.09258376
 -0.10728665 -0.09668944 -0.11039913 -0.10510616 -0.10397395 -0.11707496
 -0.12641075 -0.1172961  -0.11196491 -0.12130551 -0.12671701 -0.11297513
 -0.11661218 -0.1176397  -0.11477654 -0.11363445 -0.10755426 -0.11356266
 -0.07234058 -0.11327021 -0.12228409 -0.10404597 -0.12270366 -0.09885541
 -0.12171146 -0.13004519 -0.10002699 -0.11941264 -0.12204647 -0.12244348
 -0.13186102 -0.12417148]
echo_repeat-2
BLEU
[0.16731594 0.17407688 0.15415459 0.15247939 0.19077542 0.16693498
 0.16550057 0.19022783 0.14239959 0.14784423 0.14405407 0.16737257
 0.16289257 0.141686   0.18531433 0.15133138 0.15390113 0.11768692
 0.13001042 0.14692894 0.15047802 0.14146866 0.15110563 0.18011249
 0.14591119 0.19241855 0.1584492  0.1579064  0.13231329 0.15322043
 0.14970252 0.13905641 0.14756107 0.18203944 0.1351437  0.19698616
 0.1377303  0.15843645 0.18905354 0.14700592 0.15508677 0.13751026
 0.13925843 0.18061846 0.17940652 0.11981268 0.15203037 0.15652282
 0.18978206 0.16192054 0.15938145 0.15972084 0.1700969  0.14633623
 0.15755632 0.13609727 0.15929446 0.17434772 0.14114092 0.15668019
 0.18454774 0.14004018 0.13122924 0.15615778 0.15459102 0.16854716
 0.1939019  0.18205139 0.15821179 0.17177515 0.17338197 0.14965588
 0.16815991 0.18656444 0.16205733 0.14383862 0.17983094 0.15146181
 0.14741256 0.18124777 0.18294278 0.15562896 0.15878736 0.17226114
 0.12517097 0.17397015 0.14649677 0.1759758  0.15338545 0.15905291
 0.18785757 0.12956434 0.1603183  0.12282334 0.16437329 0.1619943
 0.17300234 0.16764373 0.17722651 0.16783322 0.13685925 0.17914219
 0.15060372 0.16944678 0.16760282 0.15909101 0.17387008 0.19338295
 0.16140226 0.14283337 0.14366737 0.1308518  0.15094605 0.14643484
 0.17929243 0.1577252  0.16720728 0.14159677 0.15430818 0.14499359
 0.14003564 0.1501344  0.14089467 0.16174089 0.18302278 0.16830322
 0.18976591 0.15629629 0.14062607 0.16258858 0.13751968 0.14341726
 0.15835914 0.1404029  0.15708682 0.18843366 0.16895396 0.18150186
 0.11738283 0.193356   0.18194806 0.14326267 0.1607918  0.18363256
 0.13485936 0.17050321 0.14078924 0.16009226 0.1371395  0.12916766
 0.16130644 0.166162   0.14775622 0.17239009 0.15397584 0.17934805
 0.16489514 0.18938001 0.12617874 0.16738136 0.15442822 0.15286135
 0.17512171 0.16840515 0.17170707 0.11651591 0.15576    0.19936406
 0.17051789 0.15346539 0.15494469 0.17746464 0.16947674 0.15600783
 0.14197202 0.16239755 0.15481601 0.1583776  0.14483724 0.1664859
 0.14772931 0.15501242 0.14786357 0.1511188  0.16338041 0.16114043
 0.23317639 0.16117851 0.13902361 0.15830922 0.15671323 0.16822212
 0.13856545 0.125305   0.17139921 0.14418192 0.1826775  0.13696397
 0.16955264 0.14151555]
echo_repeat-2
METEOR
[0.12083874 0.13782141 0.10831679 0.11148364 0.12522968 0.12499335
 0.1237601  0.12020672 0.11087468 0.10236561 0.1074237  0.12396055
 0.12146952 0.09227936 0.12403267 0.10500555 0.10507707 0.10812606
 0.09608317 0.10870328 0.11600421 0.11498294 0.10297839 0.10729903
 0.1076276  0.12719282 0.10025837 0.10483432 0.09903641 0.10147589
 0.10558237 0.09827467 0.0970886  0.14023839 0.09154572 0.12192894
 0.0930033  0.10671813 0.11771714 0.10261842 0.10009642 0.10430928
 0.10410591 0.12200737 0.13044498 0.0909764  0.1046014  0.10547312
 0.12651006 0.10679352 0.11964247 0.12784305 0.11539347 0.10363127
 0.1271211  0.08578799 0.12306815 0.12440536 0.0961483  0.11656172
 0.14352685 0.10830188 0.08579052 0.11164657 0.12083869 0.11106539
 0.12871582 0.12684471 0.10373632 0.13044113 0.1134812  0.10539689
 0.11646048 0.12509696 0.11078574 0.09810647 0.15188296 0.10675483
 0.09566315 0.13231257 0.13043396 0.11523748 0.12684988 0.12575431
 0.0933502  0.11394386 0.10277565 0.11772918 0.10441823 0.10410229
 0.12254789 0.09241045 0.10384376 0.08187146 0.12275731 0.09891058
 0.11547963 0.11218062 0.12904297 0.11676659 0.10070723 0.14683182
 0.10563874 0.1149017  0.12426089 0.11268468 0.11990321 0.13916756
 0.11166204 0.1034491  0.10158412 0.0932397  0.10294526 0.11009694
 0.12200461 0.1045682  0.11353878 0.10411264 0.10668986 0.10674209
 0.10223464 0.09620787 0.11545076 0.11474117 0.13948519 0.11049316
 0.127647   0.11807981 0.09201932 0.12301146 0.11452068 0.10705567
 0.10712925 0.09895054 0.09908141 0.1153669  0.13679938 0.11521919
 0.07950537 0.12916566 0.12459919 0.10746524 0.11551419 0.14110404
 0.08989459 0.13564931 0.10201038 0.13099961 0.08635044 0.09418457
 0.12211722 0.11849212 0.10289191 0.11961425 0.10434546 0.12500734
 0.11318984 0.13133284 0.10734707 0.1265653  0.11442689 0.10881965
 0.10919173 0.11193205 0.11115341 0.07743436 0.11104602 0.14029176
 0.12504225 0.10421147 0.10216844 0.13097896 0.12292265 0.12775369
 0.10370122 0.1281366  0.09853816 0.10301613 0.10596032 0.11327733
 0.11355097 0.10620927 0.11024649 0.10686591 0.10773355 0.12425848
 0.15105359 0.11601647 0.11390698 0.10553467 0.1051086  0.11583386
 0.11771997 0.09855856 0.12430261 0.11102887 0.14044049 0.1007052
 0.11867144 0.11029444]
echo_repeat-2
BERT
[0.78076684 0.7782249  0.77848446 0.78128517 0.78329074 0.78134584
 0.78240865 0.7831187  0.77651054 0.7784138  0.78609616 0.7842086
 0.78618854 0.7773646  0.78347343 0.7788645  0.7799156  0.7786693
 0.7778233  0.7783459  0.78194714 0.78241384 0.782709   0.77901435
 0.7855321  0.78049964 0.7810773  0.7797629  0.77980334 0.7825202
 0.77848965 0.7816418  0.7794275  0.7867201  0.78064674 0.7849786
 0.7825611  0.7757509  0.78380764 0.77764904 0.7803492  0.7808068
 0.78328705 0.7876995  0.7832794  0.7787826  0.78092587 0.7798273
 0.7805688  0.78393257 0.7854031  0.7817598  0.782413   0.78090054
 0.78005224 0.77836514 0.78020424 0.78773993 0.7815737  0.7827021
 0.78495526 0.78365326 0.7839982  0.7824775  0.78561866 0.78492576
 0.7790307  0.7804242  0.7816015  0.78442395 0.7836892  0.7822513
 0.78404653 0.7797585  0.77917933 0.7830512  0.780393   0.78141236
 0.7813207  0.7790747  0.77893543 0.7838377  0.77893376 0.78051096
 0.77948546 0.78427404 0.7797954  0.78009826 0.7805176  0.7792493
 0.78426725 0.7788691  0.7806677  0.7826526  0.7757879  0.7788453
 0.7827553  0.7801863  0.7787527  0.78228897 0.7778788  0.78310496
 0.78463924 0.78629035 0.7791691  0.7849357  0.78458333 0.7868287
 0.7851597  0.7818104  0.7798888  0.7800104  0.7798421  0.7794121
 0.7821733  0.7832625  0.7789751  0.7778432  0.78227884 0.7832179
 0.77795136 0.7817404  0.7793283  0.7778355  0.78114635 0.780488
 0.78480875 0.7828807  0.7826049  0.78602964 0.7795541  0.78090286
 0.78091675 0.78185004 0.78323543 0.781824   0.7828583  0.78371143
 0.77846694 0.7792278  0.7831892  0.78175557 0.78193814 0.7782409
 0.7810629  0.7817311  0.78160375 0.780974   0.7785177  0.7808002
 0.77824265 0.7819743  0.77760655 0.785758   0.78351146 0.7837445
 0.7817948  0.7795937  0.7763159  0.78249806 0.78334737 0.77972037
 0.783305   0.7790503  0.7828892  0.77692974 0.78182274 0.7847624
 0.78170973 0.77861077 0.78236574 0.78191596 0.77988803 0.7804009
 0.777645   0.7824937  0.782389   0.7819811  0.7812525  0.78237015
 0.77945495 0.7814862  0.7823341  0.77966285 0.7792986  0.7777335
 0.78444934 0.78511775 0.7750123  0.78377604 0.77951956 0.78526825
 0.77849203 0.7809946  0.7886747  0.78035676 0.7822183  0.77870315
 0.7795183  0.78282446]
Traceback (most recent call last):
  File "/net/scratch/q12628ct/semantic-decoding/decoding/run_decoder.py", line 60, in <module>
    word_rate_model = np.load(os.path.join(load_location, "word_rate_model_%s.npz" % word_rate_voxels), allow_pickle = True)
  File "/mnt/iusers01/fse-ugpgt01/compsci01/q12628ct/.conda/envs/semantic-decoding/lib/python3.10/site-packages/numpy/lib/npyio.py", line 427, in load
    fid = stack.enter_context(open(os_fspath(file), "rb"))
FileNotFoundError: [Errno 2] No such file or directory: '/net/scratch/q12628ct/semantic-decoding/models/S3/word_rate_model_auditory.npz'
Traceback (most recent call last):
  File "/net/scratch/q12628ct/semantic-decoding/decoding/run_decoder.py", line 60, in <module>
    word_rate_model = np.load(os.path.join(load_location, "word_rate_model_%s.npz" % word_rate_voxels), allow_pickle = True)
  File "/mnt/iusers01/fse-ugpgt01/compsci01/q12628ct/.conda/envs/semantic-decoding/lib/python3.10/site-packages/numpy/lib/npyio.py", line 427, in load
    fid = stack.enter_context(open(os_fspath(file), "rb"))
FileNotFoundError: [Errno 2] No such file or directory: '/net/scratch/q12628ct/semantic-decoding/models/S3/word_rate_model_speech.npz'
Traceback (most recent call last):
  File "/net/scratch/q12628ct/semantic-decoding/decoding/run_decoder.py", line 60, in <module>
    word_rate_model = np.load(os.path.join(load_location, "word_rate_model_%s.npz" % word_rate_voxels), allow_pickle = True)
  File "/mnt/iusers01/fse-ugpgt01/compsci01/q12628ct/.conda/envs/semantic-decoding/lib/python3.10/site-packages/numpy/lib/npyio.py", line 427, in load
    fid = stack.enter_context(open(os_fspath(file), "rb"))
FileNotFoundError: [Errno 2] No such file or directory: '/net/scratch/q12628ct/semantic-decoding/models/S3/word_rate_model_speech.npz'
Traceback (most recent call last):
  File "/net/scratch/q12628ct/semantic-decoding/decoding/run_decoder.py", line 60, in <module>
    word_rate_model = np.load(os.path.join(load_location, "word_rate_model_%s.npz" % word_rate_voxels), allow_pickle = True)
  File "/mnt/iusers01/fse-ugpgt01/compsci01/q12628ct/.conda/envs/semantic-decoding/lib/python3.10/site-packages/numpy/lib/npyio.py", line 427, in load
    fid = stack.enter_context(open(os_fspath(file), "rb"))
FileNotFoundError: [Errno 2] No such file or directory: '/net/scratch/q12628ct/semantic-decoding/models/S3/word_rate_model_speech.npz'
Traceback (most recent call last):
  File "/net/scratch/q12628ct/semantic-decoding/decoding/run_decoder.py", line 60, in <module>
    word_rate_model = np.load(os.path.join(load_location, "word_rate_model_%s.npz" % word_rate_voxels), allow_pickle = True)
  File "/mnt/iusers01/fse-ugpgt01/compsci01/q12628ct/.conda/envs/semantic-decoding/lib/python3.10/site-packages/numpy/lib/npyio.py", line 427, in load
    fid = stack.enter_context(open(os_fspath(file), "rb"))
FileNotFoundError: [Errno 2] No such file or directory: '/net/scratch/q12628ct/semantic-decoding/models/S3/word_rate_model_auditory.npz'
Traceback (most recent call last):
  File "/net/scratch/q12628ct/semantic-decoding/decoding/run_decoder.py", line 60, in <module>
    word_rate_model = np.load(os.path.join(load_location, "word_rate_model_%s.npz" % word_rate_voxels), allow_pickle = True)
  File "/mnt/iusers01/fse-ugpgt01/compsci01/q12628ct/.conda/envs/semantic-decoding/lib/python3.10/site-packages/numpy/lib/npyio.py", line 427, in load
    fid = stack.enter_context(open(os_fspath(file), "rb"))
FileNotFoundError: [Errno 2] No such file or directory: '/net/scratch/q12628ct/semantic-decoding/models/S3/word_rate_model_auditory.npz'
Traceback (most recent call last):
  File "/net/scratch/q12628ct/semantic-decoding/decoding/run_decoder.py", line 60, in <module>
    word_rate_model = np.load(os.path.join(load_location, "word_rate_model_%s.npz" % word_rate_voxels), allow_pickle = True)
  File "/mnt/iusers01/fse-ugpgt01/compsci01/q12628ct/.conda/envs/semantic-decoding/lib/python3.10/site-packages/numpy/lib/npyio.py", line 427, in load
    fid = stack.enter_context(open(os_fspath(file), "rb"))
FileNotFoundError: [Errno 2] No such file or directory: '/net/scratch/q12628ct/semantic-decoding/models/S3/word_rate_model_speech.npz'
Traceback (most recent call last):
  File "/net/scratch/q12628ct/semantic-decoding/decoding/run_decoder.py", line 60, in <module>
    word_rate_model = np.load(os.path.join(load_location, "word_rate_model_%s.npz" % word_rate_voxels), allow_pickle = True)
  File "/mnt/iusers01/fse-ugpgt01/compsci01/q12628ct/.conda/envs/semantic-decoding/lib/python3.10/site-packages/numpy/lib/npyio.py", line 427, in load
    fid = stack.enter_context(open(os_fspath(file), "rb"))
FileNotFoundError: [Errno 2] No such file or directory: '/net/scratch/q12628ct/semantic-decoding/models/S3/word_rate_model_speech.npz'
Traceback (most recent call last):
  File "/net/scratch/q12628ct/semantic-decoding/decoding/run_decoder.py", line 60, in <module>
    word_rate_model = np.load(os.path.join(load_location, "word_rate_model_%s.npz" % word_rate_voxels), allow_pickle = True)
  File "/mnt/iusers01/fse-ugpgt01/compsci01/q12628ct/.conda/envs/semantic-decoding/lib/python3.10/site-packages/numpy/lib/npyio.py", line 427, in load
    fid = stack.enter_context(open(os_fspath(file), "rb"))
FileNotFoundError: [Errno 2] No such file or directory: '/net/scratch/q12628ct/semantic-decoding/models/S3/word_rate_model_speech.npz'
Traceback (most recent call last):
  File "/net/scratch/q12628ct/semantic-decoding/decoding/run_decoder.py", line 60, in <module>
    word_rate_model = np.load(os.path.join(load_location, "word_rate_model_%s.npz" % word_rate_voxels), allow_pickle = True)
  File "/mnt/iusers01/fse-ugpgt01/compsci01/q12628ct/.conda/envs/semantic-decoding/lib/python3.10/site-packages/numpy/lib/npyio.py", line 427, in load
    fid = stack.enter_context(open(os_fspath(file), "rb"))
FileNotFoundError: [Errno 2] No such file or directory: '/net/scratch/q12628ct/semantic-decoding/models/S3/word_rate_model_speech.npz'
Traceback (most recent call last):
  File "/net/scratch/q12628ct/semantic-decoding/decoding/run_decoder.py", line 60, in <module>
    word_rate_model = np.load(os.path.join(load_location, "word_rate_model_%s.npz" % word_rate_voxels), allow_pickle = True)
  File "/mnt/iusers01/fse-ugpgt01/compsci01/q12628ct/.conda/envs/semantic-decoding/lib/python3.10/site-packages/numpy/lib/npyio.py", line 427, in load
    fid = stack.enter_context(open(os_fspath(file), "rb"))
FileNotFoundError: [Errno 2] No such file or directory: '/net/scratch/q12628ct/semantic-decoding/models/S3/word_rate_model_speech.npz'
Traceback (most recent call last):
  File "/net/scratch/q12628ct/semantic-decoding/decoding/run_decoder.py", line 60, in <module>
    word_rate_model = np.load(os.path.join(load_location, "word_rate_model_%s.npz" % word_rate_voxels), allow_pickle = True)
  File "/mnt/iusers01/fse-ugpgt01/compsci01/q12628ct/.conda/envs/semantic-decoding/lib/python3.10/site-packages/numpy/lib/npyio.py", line 427, in load
    fid = stack.enter_context(open(os_fspath(file), "rb"))
FileNotFoundError: [Errno 2] No such file or directory: '/net/scratch/q12628ct/semantic-decoding/models/S3/word_rate_model_speech.npz'
Traceback (most recent call last):
  File "/net/scratch/q12628ct/semantic-decoding/decoding/run_decoder.py", line 60, in <module>
    word_rate_model = np.load(os.path.join(load_location, "word_rate_model_%s.npz" % word_rate_voxels), allow_pickle = True)
  File "/mnt/iusers01/fse-ugpgt01/compsci01/q12628ct/.conda/envs/semantic-decoding/lib/python3.10/site-packages/numpy/lib/npyio.py", line 427, in load
    fid = stack.enter_context(open(os_fspath(file), "rb"))
FileNotFoundError: [Errno 2] No such file or directory: '/net/scratch/q12628ct/semantic-decoding/models/S3/word_rate_model_speech.npz'
Traceback (most recent call last):
  File "/net/scratch/q12628ct/semantic-decoding/decoding/run_decoder.py", line 60, in <module>
    word_rate_model = np.load(os.path.join(load_location, "word_rate_model_%s.npz" % word_rate_voxels), allow_pickle = True)
  File "/mnt/iusers01/fse-ugpgt01/compsci01/q12628ct/.conda/envs/semantic-decoding/lib/python3.10/site-packages/numpy/lib/npyio.py", line 427, in load
    fid = stack.enter_context(open(os_fspath(file), "rb"))
FileNotFoundError: [Errno 2] No such file or directory: '/net/scratch/q12628ct/semantic-decoding/models/S3/word_rate_model_speech.npz'
Traceback (most recent call last):
  File "/net/scratch/q12628ct/semantic-decoding/decoding/run_decoder.py", line 60, in <module>
    word_rate_model = np.load(os.path.join(load_location, "word_rate_model_%s.npz" % word_rate_voxels), allow_pickle = True)
  File "/mnt/iusers01/fse-ugpgt01/compsci01/q12628ct/.conda/envs/semantic-decoding/lib/python3.10/site-packages/numpy/lib/npyio.py", line 427, in load
    fid = stack.enter_context(open(os_fspath(file), "rb"))
FileNotFoundError: [Errno 2] No such file or directory: '/net/scratch/q12628ct/semantic-decoding/models/S3/word_rate_model_speech.npz'
Traceback (most recent call last):
  File "/net/scratch/q12628ct/semantic-decoding/decoding/run_decoder.py", line 60, in <module>
    word_rate_model = np.load(os.path.join(load_location, "word_rate_model_%s.npz" % word_rate_voxels), allow_pickle = True)
  File "/mnt/iusers01/fse-ugpgt01/compsci01/q12628ct/.conda/envs/semantic-decoding/lib/python3.10/site-packages/numpy/lib/npyio.py", line 427, in load
    fid = stack.enter_context(open(os_fspath(file), "rb"))
FileNotFoundError: [Errno 2] No such file or directory: '/net/scratch/q12628ct/semantic-decoding/models/S3/word_rate_model_speech.npz'
[nltk_data] Downloading package wordnet to /mnt/iusers01/fse-
[nltk_data]     ugpgt01/compsci01/q12628ct/nltk_data...
[nltk_data]   Package wordnet is already up-to-date!
[nltk_data] Downloading package punkt_tab to /mnt/iusers01/fse-
[nltk_data]     ugpgt01/compsci01/q12628ct/nltk_data...
[nltk_data]   Package punkt_tab is already up-to-date!
[nltk_data] Downloading package omw-1.4 to /mnt/iusers01/fse-
[nltk_data]     ugpgt01/compsci01/q12628ct/nltk_data...
[nltk_data]   Package omw-1.4 is already up-to-date!
/mnt/iusers01/fse-ugpgt01/compsci01/q12628ct/.conda/envs/semantic-decoding/lib/python3.10/site-packages/huggingface_hub/file_download.py:945: FutureWarning: `resume_download` is deprecated and will be removed in version 1.0.0. Downloads always resume when possible. If you want to force a new download, use `force_download=True`.
  warnings.warn(
Some weights of the model checkpoint at roberta-large were not used when initializing RobertaModel: ['lm_head.layer_norm.weight', 'lm_head.bias', 'lm_head.layer_norm.bias', 'lm_head.dense.bias', 'lm_head.dense.weight']
- This IS expected if you are initializing RobertaModel from the checkpoint of a model trained on another task or with another architecture (e.g. initializing a BertForSequenceClassification model from a BertForPreTraining model).
- This IS NOT expected if you are initializing RobertaModel from the checkpoint of a model that you expect to be exactly identical (initializing a BertForSequenceClassification model from a BertForSequenceClassification model).
Some weights of RobertaModel were not initialized from the model checkpoint at roberta-large and are newly initialized: ['roberta.pooler.dense.weight', 'roberta.pooler.dense.bias']
You should probably TRAIN this model on a down-stream task to be able to use it for predictions and inference.
Traceback (most recent call last):
  File "/net/scratch/q12628ct/semantic-decoding/decoding/evaluate_predictions.py", line 38, in <module>
    pred_data = np.load(pred_path)
  File "/mnt/iusers01/fse-ugpgt01/compsci01/q12628ct/.conda/envs/semantic-decoding/lib/python3.10/site-packages/numpy/lib/npyio.py", line 427, in load
    fid = stack.enter_context(open(os_fspath(file), "rb"))
FileNotFoundError: [Errno 2] No such file or directory: '/net/scratch/q12628ct/semantic-decoding/results/S3/perceived_speech/gpt_layer_10/wheretheressmoke.npz'
[nltk_data] Downloading package wordnet to /mnt/iusers01/fse-
[nltk_data]     ugpgt01/compsci01/q12628ct/nltk_data...
[nltk_data]   Package wordnet is already up-to-date!
[nltk_data] Downloading package punkt_tab to /mnt/iusers01/fse-
[nltk_data]     ugpgt01/compsci01/q12628ct/nltk_data...
[nltk_data]   Package punkt_tab is already up-to-date!
[nltk_data] Downloading package omw-1.4 to /mnt/iusers01/fse-
[nltk_data]     ugpgt01/compsci01/q12628ct/nltk_data...
[nltk_data]   Package omw-1.4 is already up-to-date!
/mnt/iusers01/fse-ugpgt01/compsci01/q12628ct/.conda/envs/semantic-decoding/lib/python3.10/site-packages/huggingface_hub/file_download.py:945: FutureWarning: `resume_download` is deprecated and will be removed in version 1.0.0. Downloads always resume when possible. If you want to force a new download, use `force_download=True`.
  warnings.warn(
Some weights of the model checkpoint at roberta-large were not used when initializing RobertaModel: ['lm_head.dense.bias', 'lm_head.layer_norm.bias', 'lm_head.layer_norm.weight', 'lm_head.bias', 'lm_head.dense.weight']
- This IS expected if you are initializing RobertaModel from the checkpoint of a model trained on another task or with another architecture (e.g. initializing a BertForSequenceClassification model from a BertForPreTraining model).
- This IS NOT expected if you are initializing RobertaModel from the checkpoint of a model that you expect to be exactly identical (initializing a BertForSequenceClassification model from a BertForSequenceClassification model).
Some weights of RobertaModel were not initialized from the model checkpoint at roberta-large and are newly initialized: ['roberta.pooler.dense.bias', 'roberta.pooler.dense.weight']
You should probably TRAIN this model on a down-stream task to be able to use it for predictions and inference.
Traceback (most recent call last):
  File "/net/scratch/q12628ct/semantic-decoding/decoding/evaluate_predictions.py", line 38, in <module>
    pred_data = np.load(pred_path)
  File "/mnt/iusers01/fse-ugpgt01/compsci01/q12628ct/.conda/envs/semantic-decoding/lib/python3.10/site-packages/numpy/lib/npyio.py", line 427, in load
    fid = stack.enter_context(open(os_fspath(file), "rb"))
FileNotFoundError: [Errno 2] No such file or directory: '/net/scratch/q12628ct/semantic-decoding/results/S3/perceived_movie/gpt_layer_10/presto.npz'
[nltk_data] Downloading package wordnet to /mnt/iusers01/fse-
[nltk_data]     ugpgt01/compsci01/q12628ct/nltk_data...
[nltk_data]   Package wordnet is already up-to-date!
[nltk_data] Downloading package punkt_tab to /mnt/iusers01/fse-
[nltk_data]     ugpgt01/compsci01/q12628ct/nltk_data...
[nltk_data]   Package punkt_tab is already up-to-date!
[nltk_data] Downloading package omw-1.4 to /mnt/iusers01/fse-
[nltk_data]     ugpgt01/compsci01/q12628ct/nltk_data...
[nltk_data]   Package omw-1.4 is already up-to-date!
/mnt/iusers01/fse-ugpgt01/compsci01/q12628ct/.conda/envs/semantic-decoding/lib/python3.10/site-packages/huggingface_hub/file_download.py:945: FutureWarning: `resume_download` is deprecated and will be removed in version 1.0.0. Downloads always resume when possible. If you want to force a new download, use `force_download=True`.
  warnings.warn(
Some weights of the model checkpoint at roberta-large were not used when initializing RobertaModel: ['lm_head.dense.bias', 'lm_head.layer_norm.weight', 'lm_head.bias', 'lm_head.layer_norm.bias', 'lm_head.dense.weight']
- This IS expected if you are initializing RobertaModel from the checkpoint of a model trained on another task or with another architecture (e.g. initializing a BertForSequenceClassification model from a BertForPreTraining model).
- This IS NOT expected if you are initializing RobertaModel from the checkpoint of a model that you expect to be exactly identical (initializing a BertForSequenceClassification model from a BertForSequenceClassification model).
Some weights of RobertaModel were not initialized from the model checkpoint at roberta-large and are newly initialized: ['roberta.pooler.dense.bias', 'roberta.pooler.dense.weight']
You should probably TRAIN this model on a down-stream task to be able to use it for predictions and inference.
Traceback (most recent call last):
  File "/net/scratch/q12628ct/semantic-decoding/decoding/evaluate_predictions.py", line 38, in <module>
    pred_data = np.load(pred_path)
  File "/mnt/iusers01/fse-ugpgt01/compsci01/q12628ct/.conda/envs/semantic-decoding/lib/python3.10/site-packages/numpy/lib/npyio.py", line 427, in load
    fid = stack.enter_context(open(os_fspath(file), "rb"))
FileNotFoundError: [Errno 2] No such file or directory: '/net/scratch/q12628ct/semantic-decoding/results/S3/perceived_movie/gpt_layer_10/partlycloudy.npz'
[nltk_data] Downloading package wordnet to /mnt/iusers01/fse-
[nltk_data]     ugpgt01/compsci01/q12628ct/nltk_data...
[nltk_data]   Package wordnet is already up-to-date!
[nltk_data] Downloading package punkt_tab to /mnt/iusers01/fse-
[nltk_data]     ugpgt01/compsci01/q12628ct/nltk_data...
[nltk_data]   Package punkt_tab is already up-to-date!
[nltk_data] Downloading package omw-1.4 to /mnt/iusers01/fse-
[nltk_data]     ugpgt01/compsci01/q12628ct/nltk_data...
[nltk_data]   Package omw-1.4 is already up-to-date!
/mnt/iusers01/fse-ugpgt01/compsci01/q12628ct/.conda/envs/semantic-decoding/lib/python3.10/site-packages/huggingface_hub/file_download.py:945: FutureWarning: `resume_download` is deprecated and will be removed in version 1.0.0. Downloads always resume when possible. If you want to force a new download, use `force_download=True`.
  warnings.warn(
Some weights of the model checkpoint at roberta-large were not used when initializing RobertaModel: ['lm_head.bias', 'lm_head.dense.weight', 'lm_head.dense.bias', 'lm_head.layer_norm.bias', 'lm_head.layer_norm.weight']
- This IS expected if you are initializing RobertaModel from the checkpoint of a model trained on another task or with another architecture (e.g. initializing a BertForSequenceClassification model from a BertForPreTraining model).
- This IS NOT expected if you are initializing RobertaModel from the checkpoint of a model that you expect to be exactly identical (initializing a BertForSequenceClassification model from a BertForSequenceClassification model).
Some weights of RobertaModel were not initialized from the model checkpoint at roberta-large and are newly initialized: ['roberta.pooler.dense.weight', 'roberta.pooler.dense.bias']
You should probably TRAIN this model on a down-stream task to be able to use it for predictions and inference.
Traceback (most recent call last):
  File "/net/scratch/q12628ct/semantic-decoding/decoding/evaluate_predictions.py", line 38, in <module>
    pred_data = np.load(pred_path)
  File "/mnt/iusers01/fse-ugpgt01/compsci01/q12628ct/.conda/envs/semantic-decoding/lib/python3.10/site-packages/numpy/lib/npyio.py", line 427, in load
    fid = stack.enter_context(open(os_fspath(file), "rb"))
FileNotFoundError: [Errno 2] No such file or directory: '/net/scratch/q12628ct/semantic-decoding/results/S3/perceived_movie/gpt_layer_10/laluna.npz'
[nltk_data] Downloading package wordnet to /mnt/iusers01/fse-
[nltk_data]     ugpgt01/compsci01/q12628ct/nltk_data...
[nltk_data]   Package wordnet is already up-to-date!
[nltk_data] Downloading package punkt_tab to /mnt/iusers01/fse-
[nltk_data]     ugpgt01/compsci01/q12628ct/nltk_data...
[nltk_data]   Package punkt_tab is already up-to-date!
[nltk_data] Downloading package omw-1.4 to /mnt/iusers01/fse-
[nltk_data]     ugpgt01/compsci01/q12628ct/nltk_data...
[nltk_data]   Package omw-1.4 is already up-to-date!
/mnt/iusers01/fse-ugpgt01/compsci01/q12628ct/.conda/envs/semantic-decoding/lib/python3.10/site-packages/huggingface_hub/file_download.py:945: FutureWarning: `resume_download` is deprecated and will be removed in version 1.0.0. Downloads always resume when possible. If you want to force a new download, use `force_download=True`.
  warnings.warn(
Some weights of the model checkpoint at roberta-large were not used when initializing RobertaModel: ['lm_head.dense.bias', 'lm_head.bias', 'lm_head.layer_norm.bias', 'lm_head.dense.weight', 'lm_head.layer_norm.weight']
- This IS expected if you are initializing RobertaModel from the checkpoint of a model trained on another task or with another architecture (e.g. initializing a BertForSequenceClassification model from a BertForPreTraining model).
- This IS NOT expected if you are initializing RobertaModel from the checkpoint of a model that you expect to be exactly identical (initializing a BertForSequenceClassification model from a BertForSequenceClassification model).
Some weights of RobertaModel were not initialized from the model checkpoint at roberta-large and are newly initialized: ['roberta.pooler.dense.weight', 'roberta.pooler.dense.bias']
You should probably TRAIN this model on a down-stream task to be able to use it for predictions and inference.
Traceback (most recent call last):
  File "/net/scratch/q12628ct/semantic-decoding/decoding/evaluate_predictions.py", line 38, in <module>
    pred_data = np.load(pred_path)
  File "/mnt/iusers01/fse-ugpgt01/compsci01/q12628ct/.conda/envs/semantic-decoding/lib/python3.10/site-packages/numpy/lib/npyio.py", line 427, in load
    fid = stack.enter_context(open(os_fspath(file), "rb"))
FileNotFoundError: [Errno 2] No such file or directory: '/net/scratch/q12628ct/semantic-decoding/results/S3/perceived_multispeaker/gpt_layer_10/attend-M.npz'
[nltk_data] Downloading package wordnet to /mnt/iusers01/fse-
[nltk_data]     ugpgt01/compsci01/q12628ct/nltk_data...
[nltk_data]   Package wordnet is already up-to-date!
[nltk_data] Downloading package punkt_tab to /mnt/iusers01/fse-
[nltk_data]     ugpgt01/compsci01/q12628ct/nltk_data...
[nltk_data]   Package punkt_tab is already up-to-date!
[nltk_data] Downloading package omw-1.4 to /mnt/iusers01/fse-
[nltk_data]     ugpgt01/compsci01/q12628ct/nltk_data...
[nltk_data]   Package omw-1.4 is already up-to-date!
/mnt/iusers01/fse-ugpgt01/compsci01/q12628ct/.conda/envs/semantic-decoding/lib/python3.10/site-packages/huggingface_hub/file_download.py:945: FutureWarning: `resume_download` is deprecated and will be removed in version 1.0.0. Downloads always resume when possible. If you want to force a new download, use `force_download=True`.
  warnings.warn(
Some weights of the model checkpoint at roberta-large were not used when initializing RobertaModel: ['lm_head.layer_norm.bias', 'lm_head.dense.weight', 'lm_head.dense.bias', 'lm_head.bias', 'lm_head.layer_norm.weight']
- This IS expected if you are initializing RobertaModel from the checkpoint of a model trained on another task or with another architecture (e.g. initializing a BertForSequenceClassification model from a BertForPreTraining model).
- This IS NOT expected if you are initializing RobertaModel from the checkpoint of a model that you expect to be exactly identical (initializing a BertForSequenceClassification model from a BertForSequenceClassification model).
Some weights of RobertaModel were not initialized from the model checkpoint at roberta-large and are newly initialized: ['roberta.pooler.dense.weight', 'roberta.pooler.dense.bias']
You should probably TRAIN this model on a down-stream task to be able to use it for predictions and inference.
Traceback (most recent call last):
  File "/net/scratch/q12628ct/semantic-decoding/decoding/evaluate_predictions.py", line 38, in <module>
    pred_data = np.load(pred_path)
  File "/mnt/iusers01/fse-ugpgt01/compsci01/q12628ct/.conda/envs/semantic-decoding/lib/python3.10/site-packages/numpy/lib/npyio.py", line 427, in load
    fid = stack.enter_context(open(os_fspath(file), "rb"))
FileNotFoundError: [Errno 2] No such file or directory: '/net/scratch/q12628ct/semantic-decoding/results/S3/perceived_multispeaker/gpt_layer_10/attend-F.npz'
[nltk_data] Downloading package wordnet to /mnt/iusers01/fse-
[nltk_data]     ugpgt01/compsci01/q12628ct/nltk_data...
[nltk_data]   Package wordnet is already up-to-date!
[nltk_data] Downloading package punkt_tab to /mnt/iusers01/fse-
[nltk_data]     ugpgt01/compsci01/q12628ct/nltk_data...
[nltk_data]   Package punkt_tab is already up-to-date!
[nltk_data] Downloading package omw-1.4 to /mnt/iusers01/fse-
[nltk_data]     ugpgt01/compsci01/q12628ct/nltk_data...
[nltk_data]   Package omw-1.4 is already up-to-date!
/mnt/iusers01/fse-ugpgt01/compsci01/q12628ct/.conda/envs/semantic-decoding/lib/python3.10/site-packages/huggingface_hub/file_download.py:945: FutureWarning: `resume_download` is deprecated and will be removed in version 1.0.0. Downloads always resume when possible. If you want to force a new download, use `force_download=True`.
  warnings.warn(
Some weights of the model checkpoint at roberta-large were not used when initializing RobertaModel: ['lm_head.dense.weight', 'lm_head.bias', 'lm_head.dense.bias', 'lm_head.layer_norm.bias', 'lm_head.layer_norm.weight']
- This IS expected if you are initializing RobertaModel from the checkpoint of a model trained on another task or with another architecture (e.g. initializing a BertForSequenceClassification model from a BertForPreTraining model).
- This IS NOT expected if you are initializing RobertaModel from the checkpoint of a model that you expect to be exactly identical (initializing a BertForSequenceClassification model from a BertForSequenceClassification model).
Some weights of RobertaModel were not initialized from the model checkpoint at roberta-large and are newly initialized: ['roberta.pooler.dense.bias', 'roberta.pooler.dense.weight']
You should probably TRAIN this model on a down-stream task to be able to use it for predictions and inference.
Traceback (most recent call last):
  File "/net/scratch/q12628ct/semantic-decoding/decoding/evaluate_predictions.py", line 38, in <module>
    pred_data = np.load(pred_path)
  File "/mnt/iusers01/fse-ugpgt01/compsci01/q12628ct/.conda/envs/semantic-decoding/lib/python3.10/site-packages/numpy/lib/npyio.py", line 427, in load
    fid = stack.enter_context(open(os_fspath(file), "rb"))
FileNotFoundError: [Errno 2] No such file or directory: '/net/scratch/q12628ct/semantic-decoding/results/S3/imagined_speech/gpt_layer_10/alpha_repeat-1.npz'
[nltk_data] Downloading package wordnet to /mnt/iusers01/fse-
[nltk_data]     ugpgt01/compsci01/q12628ct/nltk_data...
[nltk_data]   Package wordnet is already up-to-date!
[nltk_data] Downloading package punkt_tab to /mnt/iusers01/fse-
[nltk_data]     ugpgt01/compsci01/q12628ct/nltk_data...
[nltk_data]   Package punkt_tab is already up-to-date!
[nltk_data] Downloading package omw-1.4 to /mnt/iusers01/fse-
[nltk_data]     ugpgt01/compsci01/q12628ct/nltk_data...
[nltk_data]   Package omw-1.4 is already up-to-date!
/mnt/iusers01/fse-ugpgt01/compsci01/q12628ct/.conda/envs/semantic-decoding/lib/python3.10/site-packages/huggingface_hub/file_download.py:945: FutureWarning: `resume_download` is deprecated and will be removed in version 1.0.0. Downloads always resume when possible. If you want to force a new download, use `force_download=True`.
  warnings.warn(
Some weights of the model checkpoint at roberta-large were not used when initializing RobertaModel: ['lm_head.bias', 'lm_head.layer_norm.weight', 'lm_head.layer_norm.bias', 'lm_head.dense.weight', 'lm_head.dense.bias']
- This IS expected if you are initializing RobertaModel from the checkpoint of a model trained on another task or with another architecture (e.g. initializing a BertForSequenceClassification model from a BertForPreTraining model).
- This IS NOT expected if you are initializing RobertaModel from the checkpoint of a model that you expect to be exactly identical (initializing a BertForSequenceClassification model from a BertForSequenceClassification model).
Some weights of RobertaModel were not initialized from the model checkpoint at roberta-large and are newly initialized: ['roberta.pooler.dense.weight', 'roberta.pooler.dense.bias']
You should probably TRAIN this model on a down-stream task to be able to use it for predictions and inference.
Traceback (most recent call last):
  File "/net/scratch/q12628ct/semantic-decoding/decoding/evaluate_predictions.py", line 38, in <module>
    pred_data = np.load(pred_path)
  File "/mnt/iusers01/fse-ugpgt01/compsci01/q12628ct/.conda/envs/semantic-decoding/lib/python3.10/site-packages/numpy/lib/npyio.py", line 427, in load
    fid = stack.enter_context(open(os_fspath(file), "rb"))
FileNotFoundError: [Errno 2] No such file or directory: '/net/scratch/q12628ct/semantic-decoding/results/S3/imagined_speech/gpt_layer_10/alpha_repeat-2.npz'
[nltk_data] Downloading package wordnet to /mnt/iusers01/fse-
[nltk_data]     ugpgt01/compsci01/q12628ct/nltk_data...
[nltk_data]   Package wordnet is already up-to-date!
[nltk_data] Downloading package punkt_tab to /mnt/iusers01/fse-
[nltk_data]     ugpgt01/compsci01/q12628ct/nltk_data...
[nltk_data]   Package punkt_tab is already up-to-date!
[nltk_data] Downloading package omw-1.4 to /mnt/iusers01/fse-
[nltk_data]     ugpgt01/compsci01/q12628ct/nltk_data...
[nltk_data]   Package omw-1.4 is already up-to-date!
/mnt/iusers01/fse-ugpgt01/compsci01/q12628ct/.conda/envs/semantic-decoding/lib/python3.10/site-packages/huggingface_hub/file_download.py:945: FutureWarning: `resume_download` is deprecated and will be removed in version 1.0.0. Downloads always resume when possible. If you want to force a new download, use `force_download=True`.
  warnings.warn(
Some weights of the model checkpoint at roberta-large were not used when initializing RobertaModel: ['lm_head.layer_norm.bias', 'lm_head.dense.weight', 'lm_head.dense.bias', 'lm_head.bias', 'lm_head.layer_norm.weight']
- This IS expected if you are initializing RobertaModel from the checkpoint of a model trained on another task or with another architecture (e.g. initializing a BertForSequenceClassification model from a BertForPreTraining model).
- This IS NOT expected if you are initializing RobertaModel from the checkpoint of a model that you expect to be exactly identical (initializing a BertForSequenceClassification model from a BertForSequenceClassification model).
Some weights of RobertaModel were not initialized from the model checkpoint at roberta-large and are newly initialized: ['roberta.pooler.dense.weight', 'roberta.pooler.dense.bias']
You should probably TRAIN this model on a down-stream task to be able to use it for predictions and inference.
Traceback (most recent call last):
  File "/net/scratch/q12628ct/semantic-decoding/decoding/evaluate_predictions.py", line 38, in <module>
    pred_data = np.load(pred_path)
  File "/mnt/iusers01/fse-ugpgt01/compsci01/q12628ct/.conda/envs/semantic-decoding/lib/python3.10/site-packages/numpy/lib/npyio.py", line 427, in load
    fid = stack.enter_context(open(os_fspath(file), "rb"))
FileNotFoundError: [Errno 2] No such file or directory: '/net/scratch/q12628ct/semantic-decoding/results/S3/imagined_speech/gpt_layer_10/bravo_repeat-1.npz'
[nltk_data] Downloading package wordnet to /mnt/iusers01/fse-
[nltk_data]     ugpgt01/compsci01/q12628ct/nltk_data...
[nltk_data]   Package wordnet is already up-to-date!
[nltk_data] Downloading package punkt_tab to /mnt/iusers01/fse-
[nltk_data]     ugpgt01/compsci01/q12628ct/nltk_data...
[nltk_data]   Package punkt_tab is already up-to-date!
[nltk_data] Downloading package omw-1.4 to /mnt/iusers01/fse-
[nltk_data]     ugpgt01/compsci01/q12628ct/nltk_data...
[nltk_data]   Package omw-1.4 is already up-to-date!
/mnt/iusers01/fse-ugpgt01/compsci01/q12628ct/.conda/envs/semantic-decoding/lib/python3.10/site-packages/huggingface_hub/file_download.py:945: FutureWarning: `resume_download` is deprecated and will be removed in version 1.0.0. Downloads always resume when possible. If you want to force a new download, use `force_download=True`.
  warnings.warn(
Some weights of the model checkpoint at roberta-large were not used when initializing RobertaModel: ['lm_head.dense.weight', 'lm_head.layer_norm.weight', 'lm_head.bias', 'lm_head.layer_norm.bias', 'lm_head.dense.bias']
- This IS expected if you are initializing RobertaModel from the checkpoint of a model trained on another task or with another architecture (e.g. initializing a BertForSequenceClassification model from a BertForPreTraining model).
- This IS NOT expected if you are initializing RobertaModel from the checkpoint of a model that you expect to be exactly identical (initializing a BertForSequenceClassification model from a BertForSequenceClassification model).
Some weights of RobertaModel were not initialized from the model checkpoint at roberta-large and are newly initialized: ['roberta.pooler.dense.bias', 'roberta.pooler.dense.weight']
You should probably TRAIN this model on a down-stream task to be able to use it for predictions and inference.
Traceback (most recent call last):
  File "/net/scratch/q12628ct/semantic-decoding/decoding/evaluate_predictions.py", line 38, in <module>
    pred_data = np.load(pred_path)
  File "/mnt/iusers01/fse-ugpgt01/compsci01/q12628ct/.conda/envs/semantic-decoding/lib/python3.10/site-packages/numpy/lib/npyio.py", line 427, in load
    fid = stack.enter_context(open(os_fspath(file), "rb"))
FileNotFoundError: [Errno 2] No such file or directory: '/net/scratch/q12628ct/semantic-decoding/results/S3/imagined_speech/gpt_layer_10/bravo_repeat-2.npz'
[nltk_data] Downloading package wordnet to /mnt/iusers01/fse-
[nltk_data]     ugpgt01/compsci01/q12628ct/nltk_data...
[nltk_data]   Package wordnet is already up-to-date!
[nltk_data] Downloading package punkt_tab to /mnt/iusers01/fse-
[nltk_data]     ugpgt01/compsci01/q12628ct/nltk_data...
[nltk_data]   Package punkt_tab is already up-to-date!
[nltk_data] Downloading package omw-1.4 to /mnt/iusers01/fse-
[nltk_data]     ugpgt01/compsci01/q12628ct/nltk_data...
[nltk_data]   Package omw-1.4 is already up-to-date!
/mnt/iusers01/fse-ugpgt01/compsci01/q12628ct/.conda/envs/semantic-decoding/lib/python3.10/site-packages/huggingface_hub/file_download.py:945: FutureWarning: `resume_download` is deprecated and will be removed in version 1.0.0. Downloads always resume when possible. If you want to force a new download, use `force_download=True`.
  warnings.warn(
Some weights of the model checkpoint at roberta-large were not used when initializing RobertaModel: ['lm_head.layer_norm.bias', 'lm_head.bias', 'lm_head.dense.weight', 'lm_head.layer_norm.weight', 'lm_head.dense.bias']
- This IS expected if you are initializing RobertaModel from the checkpoint of a model trained on another task or with another architecture (e.g. initializing a BertForSequenceClassification model from a BertForPreTraining model).
- This IS NOT expected if you are initializing RobertaModel from the checkpoint of a model that you expect to be exactly identical (initializing a BertForSequenceClassification model from a BertForSequenceClassification model).
Some weights of RobertaModel were not initialized from the model checkpoint at roberta-large and are newly initialized: ['roberta.pooler.dense.weight', 'roberta.pooler.dense.bias']
You should probably TRAIN this model on a down-stream task to be able to use it for predictions and inference.
Traceback (most recent call last):
  File "/net/scratch/q12628ct/semantic-decoding/decoding/evaluate_predictions.py", line 38, in <module>
    pred_data = np.load(pred_path)
  File "/mnt/iusers01/fse-ugpgt01/compsci01/q12628ct/.conda/envs/semantic-decoding/lib/python3.10/site-packages/numpy/lib/npyio.py", line 427, in load
    fid = stack.enter_context(open(os_fspath(file), "rb"))
FileNotFoundError: [Errno 2] No such file or directory: '/net/scratch/q12628ct/semantic-decoding/results/S3/imagined_speech/gpt_layer_10/charlie_repeat-1.npz'
[nltk_data] Downloading package wordnet to /mnt/iusers01/fse-
[nltk_data]     ugpgt01/compsci01/q12628ct/nltk_data...
[nltk_data]   Package wordnet is already up-to-date!
[nltk_data] Downloading package punkt_tab to /mnt/iusers01/fse-
[nltk_data]     ugpgt01/compsci01/q12628ct/nltk_data...
[nltk_data]   Package punkt_tab is already up-to-date!
[nltk_data] Downloading package omw-1.4 to /mnt/iusers01/fse-
[nltk_data]     ugpgt01/compsci01/q12628ct/nltk_data...
[nltk_data]   Package omw-1.4 is already up-to-date!
/mnt/iusers01/fse-ugpgt01/compsci01/q12628ct/.conda/envs/semantic-decoding/lib/python3.10/site-packages/huggingface_hub/file_download.py:945: FutureWarning: `resume_download` is deprecated and will be removed in version 1.0.0. Downloads always resume when possible. If you want to force a new download, use `force_download=True`.
  warnings.warn(
Some weights of the model checkpoint at roberta-large were not used when initializing RobertaModel: ['lm_head.dense.bias', 'lm_head.layer_norm.bias', 'lm_head.bias', 'lm_head.layer_norm.weight', 'lm_head.dense.weight']
- This IS expected if you are initializing RobertaModel from the checkpoint of a model trained on another task or with another architecture (e.g. initializing a BertForSequenceClassification model from a BertForPreTraining model).
- This IS NOT expected if you are initializing RobertaModel from the checkpoint of a model that you expect to be exactly identical (initializing a BertForSequenceClassification model from a BertForSequenceClassification model).
Some weights of RobertaModel were not initialized from the model checkpoint at roberta-large and are newly initialized: ['roberta.pooler.dense.weight', 'roberta.pooler.dense.bias']
You should probably TRAIN this model on a down-stream task to be able to use it for predictions and inference.
Traceback (most recent call last):
  File "/net/scratch/q12628ct/semantic-decoding/decoding/evaluate_predictions.py", line 38, in <module>
    pred_data = np.load(pred_path)
  File "/mnt/iusers01/fse-ugpgt01/compsci01/q12628ct/.conda/envs/semantic-decoding/lib/python3.10/site-packages/numpy/lib/npyio.py", line 427, in load
    fid = stack.enter_context(open(os_fspath(file), "rb"))
FileNotFoundError: [Errno 2] No such file or directory: '/net/scratch/q12628ct/semantic-decoding/results/S3/imagined_speech/gpt_layer_10/charlie_repeat-2.npz'
[nltk_data] Downloading package wordnet to /mnt/iusers01/fse-
[nltk_data]     ugpgt01/compsci01/q12628ct/nltk_data...
[nltk_data]   Package wordnet is already up-to-date!
[nltk_data] Downloading package punkt_tab to /mnt/iusers01/fse-
[nltk_data]     ugpgt01/compsci01/q12628ct/nltk_data...
[nltk_data]   Package punkt_tab is already up-to-date!
[nltk_data] Downloading package omw-1.4 to /mnt/iusers01/fse-
[nltk_data]     ugpgt01/compsci01/q12628ct/nltk_data...
[nltk_data]   Package omw-1.4 is already up-to-date!
/mnt/iusers01/fse-ugpgt01/compsci01/q12628ct/.conda/envs/semantic-decoding/lib/python3.10/site-packages/huggingface_hub/file_download.py:945: FutureWarning: `resume_download` is deprecated and will be removed in version 1.0.0. Downloads always resume when possible. If you want to force a new download, use `force_download=True`.
  warnings.warn(
Some weights of the model checkpoint at roberta-large were not used when initializing RobertaModel: ['lm_head.layer_norm.weight', 'lm_head.dense.weight', 'lm_head.dense.bias', 'lm_head.bias', 'lm_head.layer_norm.bias']
- This IS expected if you are initializing RobertaModel from the checkpoint of a model trained on another task or with another architecture (e.g. initializing a BertForSequenceClassification model from a BertForPreTraining model).
- This IS NOT expected if you are initializing RobertaModel from the checkpoint of a model that you expect to be exactly identical (initializing a BertForSequenceClassification model from a BertForSequenceClassification model).
Some weights of RobertaModel were not initialized from the model checkpoint at roberta-large and are newly initialized: ['roberta.pooler.dense.weight', 'roberta.pooler.dense.bias']
You should probably TRAIN this model on a down-stream task to be able to use it for predictions and inference.
Traceback (most recent call last):
  File "/net/scratch/q12628ct/semantic-decoding/decoding/evaluate_predictions.py", line 38, in <module>
    pred_data = np.load(pred_path)
  File "/mnt/iusers01/fse-ugpgt01/compsci01/q12628ct/.conda/envs/semantic-decoding/lib/python3.10/site-packages/numpy/lib/npyio.py", line 427, in load
    fid = stack.enter_context(open(os_fspath(file), "rb"))
FileNotFoundError: [Errno 2] No such file or directory: '/net/scratch/q12628ct/semantic-decoding/results/S3/imagined_speech/gpt_layer_10/delta_repeat-1.npz'
[nltk_data] Downloading package wordnet to /mnt/iusers01/fse-
[nltk_data]     ugpgt01/compsci01/q12628ct/nltk_data...
[nltk_data]   Package wordnet is already up-to-date!
[nltk_data] Downloading package punkt_tab to /mnt/iusers01/fse-
[nltk_data]     ugpgt01/compsci01/q12628ct/nltk_data...
[nltk_data]   Package punkt_tab is already up-to-date!
[nltk_data] Downloading package omw-1.4 to /mnt/iusers01/fse-
[nltk_data]     ugpgt01/compsci01/q12628ct/nltk_data...
[nltk_data]   Package omw-1.4 is already up-to-date!
/mnt/iusers01/fse-ugpgt01/compsci01/q12628ct/.conda/envs/semantic-decoding/lib/python3.10/site-packages/huggingface_hub/file_download.py:945: FutureWarning: `resume_download` is deprecated and will be removed in version 1.0.0. Downloads always resume when possible. If you want to force a new download, use `force_download=True`.
  warnings.warn(
Some weights of the model checkpoint at roberta-large were not used when initializing RobertaModel: ['lm_head.dense.bias', 'lm_head.bias', 'lm_head.layer_norm.bias', 'lm_head.dense.weight', 'lm_head.layer_norm.weight']
- This IS expected if you are initializing RobertaModel from the checkpoint of a model trained on another task or with another architecture (e.g. initializing a BertForSequenceClassification model from a BertForPreTraining model).
- This IS NOT expected if you are initializing RobertaModel from the checkpoint of a model that you expect to be exactly identical (initializing a BertForSequenceClassification model from a BertForSequenceClassification model).
Some weights of RobertaModel were not initialized from the model checkpoint at roberta-large and are newly initialized: ['roberta.pooler.dense.bias', 'roberta.pooler.dense.weight']
You should probably TRAIN this model on a down-stream task to be able to use it for predictions and inference.
Traceback (most recent call last):
  File "/net/scratch/q12628ct/semantic-decoding/decoding/evaluate_predictions.py", line 38, in <module>
    pred_data = np.load(pred_path)
  File "/mnt/iusers01/fse-ugpgt01/compsci01/q12628ct/.conda/envs/semantic-decoding/lib/python3.10/site-packages/numpy/lib/npyio.py", line 427, in load
    fid = stack.enter_context(open(os_fspath(file), "rb"))
FileNotFoundError: [Errno 2] No such file or directory: '/net/scratch/q12628ct/semantic-decoding/results/S3/imagined_speech/gpt_layer_10/delta_repeat-2.npz'
[nltk_data] Downloading package wordnet to /mnt/iusers01/fse-
[nltk_data]     ugpgt01/compsci01/q12628ct/nltk_data...
[nltk_data]   Package wordnet is already up-to-date!
[nltk_data] Downloading package punkt_tab to /mnt/iusers01/fse-
[nltk_data]     ugpgt01/compsci01/q12628ct/nltk_data...
[nltk_data]   Package punkt_tab is already up-to-date!
[nltk_data] Downloading package omw-1.4 to /mnt/iusers01/fse-
[nltk_data]     ugpgt01/compsci01/q12628ct/nltk_data...
[nltk_data]   Package omw-1.4 is already up-to-date!
/mnt/iusers01/fse-ugpgt01/compsci01/q12628ct/.conda/envs/semantic-decoding/lib/python3.10/site-packages/huggingface_hub/file_download.py:945: FutureWarning: `resume_download` is deprecated and will be removed in version 1.0.0. Downloads always resume when possible. If you want to force a new download, use `force_download=True`.
  warnings.warn(
Some weights of the model checkpoint at roberta-large were not used when initializing RobertaModel: ['lm_head.layer_norm.weight', 'lm_head.dense.bias', 'lm_head.layer_norm.bias', 'lm_head.bias', 'lm_head.dense.weight']
- This IS expected if you are initializing RobertaModel from the checkpoint of a model trained on another task or with another architecture (e.g. initializing a BertForSequenceClassification model from a BertForPreTraining model).
- This IS NOT expected if you are initializing RobertaModel from the checkpoint of a model that you expect to be exactly identical (initializing a BertForSequenceClassification model from a BertForSequenceClassification model).
Some weights of RobertaModel were not initialized from the model checkpoint at roberta-large and are newly initialized: ['roberta.pooler.dense.bias', 'roberta.pooler.dense.weight']
You should probably TRAIN this model on a down-stream task to be able to use it for predictions and inference.
Traceback (most recent call last):
  File "/net/scratch/q12628ct/semantic-decoding/decoding/evaluate_predictions.py", line 38, in <module>
    pred_data = np.load(pred_path)
  File "/mnt/iusers01/fse-ugpgt01/compsci01/q12628ct/.conda/envs/semantic-decoding/lib/python3.10/site-packages/numpy/lib/npyio.py", line 427, in load
    fid = stack.enter_context(open(os_fspath(file), "rb"))
FileNotFoundError: [Errno 2] No such file or directory: '/net/scratch/q12628ct/semantic-decoding/results/S3/imagined_speech/gpt_layer_10/echo_repeat-1.npz'
[nltk_data] Downloading package wordnet to /mnt/iusers01/fse-
[nltk_data]     ugpgt01/compsci01/q12628ct/nltk_data...
[nltk_data]   Package wordnet is already up-to-date!
[nltk_data] Downloading package punkt_tab to /mnt/iusers01/fse-
[nltk_data]     ugpgt01/compsci01/q12628ct/nltk_data...
[nltk_data]   Package punkt_tab is already up-to-date!
[nltk_data] Downloading package omw-1.4 to /mnt/iusers01/fse-
[nltk_data]     ugpgt01/compsci01/q12628ct/nltk_data...
[nltk_data]   Package omw-1.4 is already up-to-date!
/mnt/iusers01/fse-ugpgt01/compsci01/q12628ct/.conda/envs/semantic-decoding/lib/python3.10/site-packages/huggingface_hub/file_download.py:945: FutureWarning: `resume_download` is deprecated and will be removed in version 1.0.0. Downloads always resume when possible. If you want to force a new download, use `force_download=True`.
  warnings.warn(
Some weights of the model checkpoint at roberta-large were not used when initializing RobertaModel: ['lm_head.dense.bias', 'lm_head.layer_norm.bias', 'lm_head.bias', 'lm_head.dense.weight', 'lm_head.layer_norm.weight']
- This IS expected if you are initializing RobertaModel from the checkpoint of a model trained on another task or with another architecture (e.g. initializing a BertForSequenceClassification model from a BertForPreTraining model).
- This IS NOT expected if you are initializing RobertaModel from the checkpoint of a model that you expect to be exactly identical (initializing a BertForSequenceClassification model from a BertForSequenceClassification model).
Some weights of RobertaModel were not initialized from the model checkpoint at roberta-large and are newly initialized: ['roberta.pooler.dense.weight', 'roberta.pooler.dense.bias']
You should probably TRAIN this model on a down-stream task to be able to use it for predictions and inference.
Traceback (most recent call last):
  File "/net/scratch/q12628ct/semantic-decoding/decoding/evaluate_predictions.py", line 38, in <module>
    pred_data = np.load(pred_path)
  File "/mnt/iusers01/fse-ugpgt01/compsci01/q12628ct/.conda/envs/semantic-decoding/lib/python3.10/site-packages/numpy/lib/npyio.py", line 427, in load
    fid = stack.enter_context(open(os_fspath(file), "rb"))
FileNotFoundError: [Errno 2] No such file or directory: '/net/scratch/q12628ct/semantic-decoding/results/S3/imagined_speech/gpt_layer_10/echo_repeat-2.npz'
