Job is using 1 GPU(s) with ID(s) 0 and 8 CPU core(s)
torch cuda is available: True
/net/scratch/q12628ct/semantic-decoding/decoding/utils_ridge/interpdata.py:159: RuntimeWarning: invalid value encountered in divide
  val = window * np.sin(np.pi*t) * np.sin(np.pi*t/window) / (np.pi**2 * t**2)
/net/scratch/q12628ct/semantic-decoding/decoding/utils_ridge/interpdata.py:159: RuntimeWarning: invalid value encountered in divide
  val = window * np.sin(np.pi*t) * np.sin(np.pi*t/window) / (np.pi**2 * t**2)
/net/scratch/q12628ct/semantic-decoding/decoding/utils_ridge/interpdata.py:159: RuntimeWarning: invalid value encountered in divide
  val = window * np.sin(np.pi*t) * np.sin(np.pi*t/window) / (np.pi**2 * t**2)
/net/scratch/q12628ct/semantic-decoding/decoding/utils_ridge/interpdata.py:159: RuntimeWarning: invalid value encountered in divide
  val = window * np.sin(np.pi*t) * np.sin(np.pi*t/window) / (np.pi**2 * t**2)
/net/scratch/q12628ct/semantic-decoding/decoding/utils_ridge/interpdata.py:159: RuntimeWarning: invalid value encountered in divide
  val = window * np.sin(np.pi*t) * np.sin(np.pi*t/window) / (np.pi**2 * t**2)
/net/scratch/q12628ct/semantic-decoding/decoding/utils_ridge/interpdata.py:159: RuntimeWarning: invalid value encountered in divide
  val = window * np.sin(np.pi*t) * np.sin(np.pi*t/window) / (np.pi**2 * t**2)
/net/scratch/q12628ct/semantic-decoding/decoding/utils_ridge/interpdata.py:159: RuntimeWarning: invalid value encountered in divide
  val = window * np.sin(np.pi*t) * np.sin(np.pi*t/window) / (np.pi**2 * t**2)
/net/scratch/q12628ct/semantic-decoding/decoding/utils_ridge/interpdata.py:159: RuntimeWarning: invalid value encountered in divide
  val = window * np.sin(np.pi*t) * np.sin(np.pi*t/window) / (np.pi**2 * t**2)
/net/scratch/q12628ct/semantic-decoding/decoding/utils_ridge/interpdata.py:159: RuntimeWarning: invalid value encountered in divide
  val = window * np.sin(np.pi*t) * np.sin(np.pi*t/window) / (np.pi**2 * t**2)
/net/scratch/q12628ct/semantic-decoding/decoding/utils_ridge/interpdata.py:159: RuntimeWarning: invalid value encountered in divide
  val = window * np.sin(np.pi*t) * np.sin(np.pi*t/window) / (np.pi**2 * t**2)
/net/scratch/q12628ct/semantic-decoding/decoding/utils_ridge/interpdata.py:159: RuntimeWarning: invalid value encountered in divide
  val = window * np.sin(np.pi*t) * np.sin(np.pi*t/window) / (np.pi**2 * t**2)
/net/scratch/q12628ct/semantic-decoding/decoding/utils_ridge/interpdata.py:159: RuntimeWarning: invalid value encountered in divide
  val = window * np.sin(np.pi*t) * np.sin(np.pi*t/window) / (np.pi**2 * t**2)
/net/scratch/q12628ct/semantic-decoding/decoding/utils_ridge/interpdata.py:159: RuntimeWarning: invalid value encountered in divide
  val = window * np.sin(np.pi*t) * np.sin(np.pi*t/window) / (np.pi**2 * t**2)
/net/scratch/q12628ct/semantic-decoding/decoding/utils_ridge/interpdata.py:159: RuntimeWarning: invalid value encountered in divide
  val = window * np.sin(np.pi*t) * np.sin(np.pi*t/window) / (np.pi**2 * t**2)
/net/scratch/q12628ct/semantic-decoding/decoding/utils_ridge/interpdata.py:159: RuntimeWarning: invalid value encountered in divide
  val = window * np.sin(np.pi*t) * np.sin(np.pi*t/window) / (np.pi**2 * t**2)
/net/scratch/q12628ct/semantic-decoding/decoding/utils_ridge/interpdata.py:159: RuntimeWarning: invalid value encountered in divide
  val = window * np.sin(np.pi*t) * np.sin(np.pi*t/window) / (np.pi**2 * t**2)
[nltk_data] Downloading package wordnet to /mnt/iusers01/fse-
[nltk_data]     ugpgt01/compsci01/q12628ct/nltk_data...
[nltk_data]   Package wordnet is already up-to-date!
[nltk_data] Downloading package punkt_tab to /mnt/iusers01/fse-
[nltk_data]     ugpgt01/compsci01/q12628ct/nltk_data...
[nltk_data]   Package punkt_tab is already up-to-date!
[nltk_data] Downloading package omw-1.4 to /mnt/iusers01/fse-
[nltk_data]     ugpgt01/compsci01/q12628ct/nltk_data...
[nltk_data]   Package omw-1.4 is already up-to-date!
/mnt/iusers01/fse-ugpgt01/compsci01/q12628ct/.conda/envs/semantic-decoding/lib/python3.10/site-packages/huggingface_hub/file_download.py:945: FutureWarning: `resume_download` is deprecated and will be removed in version 1.0.0. Downloads always resume when possible. If you want to force a new download, use `force_download=True`.
  warnings.warn(
Some weights of the model checkpoint at roberta-large were not used when initializing RobertaModel: ['lm_head.layer_norm.bias', 'lm_head.dense.bias', 'lm_head.layer_norm.weight', 'lm_head.bias', 'lm_head.dense.weight']
- This IS expected if you are initializing RobertaModel from the checkpoint of a model trained on another task or with another architecture (e.g. initializing a BertForSequenceClassification model from a BertForPreTraining model).
- This IS NOT expected if you are initializing RobertaModel from the checkpoint of a model that you expect to be exactly identical (initializing a BertForSequenceClassification model from a BertForSequenceClassification model).
Some weights of RobertaModel were not initialized from the model checkpoint at roberta-large and are newly initialized: ['roberta.pooler.dense.bias', 'roberta.pooler.dense.weight']
You should probably TRAIN this model on a down-stream task to be able to use it for predictions and inference.
wheretheressmoke
WER
[0.0369157  0.02973441 0.0353945  0.03006931 0.03025263 0.03101444
 0.03199224 0.03022328 0.02982612 0.03201153 0.03527114 0.03523867
 0.02666146 0.03020013 0.04247799 0.03376133 0.03877662 0.03055901
 0.03281436 0.03607084 0.03530526 0.03747651 0.03714348 0.03407447
 0.03352257 0.03927182 0.03623219 0.03522684 0.03607669 0.03846194
 0.03519938 0.03096289 0.03310474 0.03283644 0.03554723 0.03530258
 0.03841318 0.0288362  0.03012052 0.03580719 0.03588272 0.03367753
 0.02979397 0.03850612 0.03747638 0.03653843 0.0319251  0.035516
 0.04000119 0.03371917 0.0376066  0.03917856 0.02914027 0.03414048
 0.03479494 0.0346186  0.03934924 0.03574571 0.03441645 0.03415269
 0.03401315 0.02769875 0.03096033 0.03711818 0.03305054 0.0319789
 0.03370596 0.03745156 0.0350139  0.03728769 0.03131737 0.03714337
 0.03101917 0.0414726  0.03706927 0.0343635  0.03197097 0.03356005
 0.03675492 0.03390354 0.0309919  0.03695027 0.03482849 0.03986402
 0.03911374 0.0375043  0.03408382 0.03672005 0.03581291 0.0326773
 0.0398937  0.02940738 0.03684477 0.03848851 0.03846935 0.0416739
 0.03726888 0.03155115 0.03538439 0.03822166 0.03211389 0.02882946
 0.04037289 0.03332761 0.03259609 0.03822325 0.03311253 0.03145323
 0.02838879 0.03254054 0.03320082 0.03000266 0.03462612 0.03113391
 0.03371238 0.03340928 0.03298657 0.03136715 0.02941584 0.03710732
 0.03355943 0.02914143 0.03681174 0.03645476 0.03016242 0.03332029
 0.03150181 0.03003931 0.03769386 0.0281865  0.03523493 0.04064709
 0.02963289 0.03920721 0.02889366 0.03449638 0.03283267 0.03234761
 0.03058304 0.03583175 0.03544329 0.03252446 0.03259416 0.03608841
 0.03391942 0.03095099 0.03312433 0.02961314 0.03523847 0.03533852
 0.03745137 0.03517123 0.03695061 0.03393484 0.04448887 0.03868708
 0.03561396 0.03010522 0.02951896 0.03583276 0.03714801 0.03602705
 0.03514269 0.03057719 0.0358777  0.03133038 0.03249878 0.03391263
 0.03264582 0.03190671 0.03116665 0.0349284  0.03151012 0.03146483
 0.02880915 0.03505614 0.03464534 0.02795231 0.02655046 0.04145582
 0.03381535 0.03265737 0.0289259  0.04109953 0.03691012 0.03241044
 0.03363914 0.02939715 0.04002129 0.03695861 0.03636478 0.03411854
 0.03353515 0.03754693 0.03965477 0.03557809 0.03490243 0.03211362
 0.03306481 0.03619562]
wheretheressmoke
BLEU
[0.20196689 0.1800661  0.19757334 0.1846912  0.18983612 0.19391957
 0.18794984 0.17861927 0.18690706 0.18889704 0.18862563 0.1877727
 0.18765746 0.17782844 0.19600208 0.17918754 0.20498002 0.18762478
 0.18843694 0.19095492 0.19591113 0.1932106  0.18575055 0.1858648
 0.18154661 0.19976893 0.18788722 0.19520033 0.19634492 0.20066302
 0.18877637 0.18699974 0.18205944 0.19242866 0.19814934 0.18183557
 0.18422254 0.1794791  0.16985237 0.18729006 0.20191947 0.18982866
 0.17950193 0.19436928 0.1967886  0.19155995 0.18714981 0.18931513
 0.19581966 0.19304206 0.19825112 0.1867279  0.18182527 0.18613701
 0.19182294 0.18966734 0.19871654 0.18690983 0.18714762 0.19570572
 0.18753923 0.18210456 0.19458773 0.18809056 0.18726094 0.18079623
 0.18810471 0.19325538 0.18790217 0.18171578 0.18697206 0.18320529
 0.18351222 0.19731314 0.19399034 0.19238636 0.17370988 0.19412065
 0.19700904 0.19123461 0.1874978  0.20106864 0.19373901 0.18895317
 0.19534903 0.19762725 0.19425878 0.18278765 0.18111423 0.18769891
 0.19420876 0.17929702 0.19524895 0.18848605 0.19726102 0.20274573
 0.19110884 0.19502911 0.19503069 0.20059424 0.18827974 0.17339497
 0.20133523 0.19370261 0.19102839 0.19151718 0.18009363 0.17528249
 0.18532796 0.1901496  0.17742179 0.17461319 0.19683897 0.18726189
 0.19299971 0.18904202 0.18298772 0.19315652 0.1843965  0.19111505
 0.17999717 0.18887949 0.19320864 0.19532656 0.176387   0.19570948
 0.18735547 0.17978572 0.20001353 0.18185894 0.191681   0.19149534
 0.19146071 0.19971139 0.17610537 0.194796   0.17959413 0.17944343
 0.18890928 0.18878983 0.18780499 0.18963594 0.19177521 0.19148138
 0.18325075 0.18766467 0.1885112  0.18252725 0.18519438 0.18926624
 0.19443883 0.18715629 0.1904555  0.1870905  0.20598764 0.19580875
 0.19320257 0.1855073  0.18789691 0.19177476 0.18970931 0.19281565
 0.17747874 0.17628474 0.18950465 0.18636329 0.17552693 0.19758405
 0.1793244  0.18445843 0.1757167  0.19024357 0.19771674 0.18216427
 0.1871187  0.18255324 0.19441469 0.17621136 0.18678671 0.1940166
 0.17611611 0.19102796 0.18340724 0.19281814 0.19259027 0.17390815
 0.1863771  0.18301097 0.19004027 0.19744825 0.18755425 0.19048119
 0.1882747  0.19693644 0.19648694 0.18856874 0.19125791 0.18226482
 0.18290741 0.19640689]
wheretheressmoke
METEOR
[0.14809665 0.1383433  0.13850238 0.13227198 0.13742975 0.14005925
 0.13435364 0.13130856 0.13256195 0.14420561 0.13622948 0.13779047
 0.13581757 0.13463081 0.13842781 0.13806231 0.14429318 0.13595399
 0.1363973  0.13849319 0.14041482 0.1394948  0.12915298 0.13785945
 0.13476611 0.14374902 0.1341906  0.14267428 0.14228027 0.14853626
 0.13781928 0.13713155 0.1296362  0.1383239  0.14657667 0.13494127
 0.14114489 0.13114448 0.1292291  0.13578845 0.14206116 0.13931425
 0.13364907 0.13950981 0.13847886 0.13732555 0.13775804 0.13461195
 0.14362844 0.13910341 0.13842747 0.13739992 0.12850276 0.13481766
 0.13552189 0.13895908 0.14106374 0.13803994 0.13610061 0.14038374
 0.13599834 0.13612144 0.14179347 0.13761372 0.13384391 0.13673217
 0.13722036 0.1433955  0.13964514 0.13094953 0.13702678 0.13486378
 0.13431276 0.14296324 0.13884353 0.14212649 0.1293479  0.13981997
 0.14178331 0.13966986 0.13600654 0.14372456 0.14216243 0.14280015
 0.13769693 0.14437876 0.13723433 0.13883662 0.12958423 0.13629412
 0.13981228 0.13149316 0.13855638 0.13661135 0.13792421 0.14819429
 0.1400503  0.14225006 0.14140693 0.14308277 0.13869499 0.13302406
 0.14774488 0.13822605 0.14664364 0.14161546 0.1309612  0.12772686
 0.13175845 0.13545669 0.13376151 0.13266616 0.14126381 0.13556144
 0.13789224 0.13706104 0.13548306 0.14224809 0.13572822 0.1404854
 0.13075378 0.13602835 0.14215713 0.14231137 0.13143357 0.13829174
 0.13424365 0.1301036  0.14507729 0.13346935 0.1397679  0.13898125
 0.13777185 0.14321479 0.13330716 0.1401918  0.13423617 0.13151094
 0.13500526 0.13714688 0.1348732  0.14035031 0.13723854 0.1432634
 0.13388149 0.14077709 0.13532442 0.13743779 0.13422686 0.14215643
 0.13909248 0.13923148 0.13921423 0.13770625 0.15157986 0.13963514
 0.13714249 0.13386862 0.1368782  0.14335591 0.13212663 0.14118935
 0.12657364 0.13045708 0.13477721 0.12837442 0.1357968  0.13887022
 0.13214151 0.13682752 0.12953972 0.14120912 0.14226971 0.13118279
 0.13379231 0.13380747 0.14199292 0.13054798 0.13637099 0.13946687
 0.13256216 0.13720175 0.13893333 0.14252155 0.13605767 0.13094179
 0.13571943 0.13468906 0.13833103 0.14005032 0.13705835 0.13565695
 0.13711005 0.139976   0.14530304 0.13916054 0.14055563 0.13123553
 0.13388666 0.1377094 ]
wheretheressmoke
BERT
[0.7914061  0.7896903  0.78983927 0.79115427 0.78988254 0.7903314
 0.78803986 0.7897736  0.79037845 0.79157674 0.78960973 0.7892458
 0.7888169  0.78850573 0.78987545 0.79068357 0.79008996 0.7908478
 0.7901917  0.7891787  0.7888463  0.7912616  0.7888471  0.7906905
 0.7884929  0.7899771  0.7900577  0.79190934 0.7898479  0.79251313
 0.79047376 0.79155284 0.78971493 0.7887016  0.7909643  0.7906612
 0.79066306 0.79040885 0.78992665 0.78921837 0.7908141  0.79017186
 0.79047847 0.78955525 0.7887391  0.78979665 0.7898839  0.7903503
 0.7895026  0.79050666 0.7885455  0.79046845 0.7891185  0.789942
 0.7899942  0.7918077  0.79008263 0.79026294 0.7893584  0.7906635
 0.78915185 0.78716356 0.7910473  0.7895833  0.78998846 0.7895157
 0.7882895  0.79052347 0.78918505 0.78825366 0.7904774  0.7894872
 0.78864574 0.79176563 0.79027003 0.79206985 0.79064137 0.7893195
 0.7919903  0.7895601  0.79058343 0.78982276 0.7900041  0.7915179
 0.79011416 0.7893189  0.7908982  0.7895173  0.78911    0.7884369
 0.79186696 0.7867062  0.7911016  0.79030216 0.78933686 0.79179275
 0.7921639  0.789344   0.7894893  0.7895479  0.79105914 0.7889983
 0.79089564 0.78979343 0.79031736 0.78926694 0.7897856  0.78843015
 0.7901827  0.7897482  0.7901353  0.78870076 0.7912803  0.7912313
 0.7904278  0.78999686 0.7898911  0.78821915 0.7901589  0.79045016
 0.7887817  0.78824615 0.79077893 0.78948694 0.78696996 0.7897069
 0.7904276  0.7892414  0.79124147 0.7889501  0.79011875 0.79091614
 0.7896781  0.7896738  0.78772557 0.788251   0.78902805 0.7893722
 0.78983456 0.79092205 0.7887499  0.7906544  0.7894786  0.79079497
 0.79068464 0.7897826  0.7886583  0.7885541  0.7898938  0.78967047
 0.7902319  0.7913554  0.7887516  0.79029244 0.79217833 0.79049915
 0.78904784 0.7899755  0.790255   0.78938013 0.78890616 0.7899923
 0.7911541  0.7879247  0.790469   0.78918374 0.7897986  0.7906407
 0.78825986 0.7902508  0.78850836 0.79053235 0.78984433 0.7888782
 0.78828305 0.7907863  0.78943306 0.78861976 0.78912735 0.7907909
 0.7893757  0.79066795 0.7897973  0.78950286 0.79128987 0.7869269
 0.7904053  0.7894107  0.78948843 0.78888685 0.7907172  0.7894878
 0.7881073  0.7902494  0.7910261  0.7934618  0.78998953 0.7886963
 0.78753555 0.79022515]
[nltk_data] Downloading package wordnet to /mnt/iusers01/fse-
[nltk_data]     ugpgt01/compsci01/q12628ct/nltk_data...
[nltk_data]   Package wordnet is already up-to-date!
[nltk_data] Downloading package punkt_tab to /mnt/iusers01/fse-
[nltk_data]     ugpgt01/compsci01/q12628ct/nltk_data...
[nltk_data]   Package punkt_tab is already up-to-date!
[nltk_data] Downloading package omw-1.4 to /mnt/iusers01/fse-
[nltk_data]     ugpgt01/compsci01/q12628ct/nltk_data...
[nltk_data]   Package omw-1.4 is already up-to-date!
/mnt/iusers01/fse-ugpgt01/compsci01/q12628ct/.conda/envs/semantic-decoding/lib/python3.10/site-packages/huggingface_hub/file_download.py:945: FutureWarning: `resume_download` is deprecated and will be removed in version 1.0.0. Downloads always resume when possible. If you want to force a new download, use `force_download=True`.
  warnings.warn(
Some weights of the model checkpoint at roberta-large were not used when initializing RobertaModel: ['lm_head.layer_norm.weight', 'lm_head.dense.weight', 'lm_head.bias', 'lm_head.layer_norm.bias', 'lm_head.dense.bias']
- This IS expected if you are initializing RobertaModel from the checkpoint of a model trained on another task or with another architecture (e.g. initializing a BertForSequenceClassification model from a BertForPreTraining model).
- This IS NOT expected if you are initializing RobertaModel from the checkpoint of a model that you expect to be exactly identical (initializing a BertForSequenceClassification model from a BertForSequenceClassification model).
Some weights of RobertaModel were not initialized from the model checkpoint at roberta-large and are newly initialized: ['roberta.pooler.dense.weight', 'roberta.pooler.dense.bias']
You should probably TRAIN this model on a down-stream task to be able to use it for predictions and inference.
presto
WER
[0.02673123 0.03593783 0.03154749 0.0291727  0.03299678 0.04350565
 0.03494844 0.03251272 0.02628747 0.02329774 0.02723957 0.02265174
 0.04000547 0.03334501 0.03967149 0.02400319 0.03365542 0.03382457
 0.01965627 0.03306247 0.03277611 0.01930832 0.03750105 0.02811596
 0.03499123 0.03383679 0.02664091 0.03542528 0.02547238 0.02980899
 0.01929463 0.02475981 0.02741933 0.03179836 0.03883903 0.03340043
 0.03792203 0.03686818 0.02767935 0.03458761 0.03168323 0.03266071
 0.02501097 0.03557574 0.03189265 0.0320386  0.03375363 0.03135488
 0.03391102 0.03988954 0.03331631 0.02954669 0.03139097 0.03090794
 0.03538395 0.03362232 0.03358497 0.02396786 0.02596238 0.03530484
 0.030961   0.03213861 0.02678148 0.0278393  0.02484018 0.03521509
 0.0384348  0.03280616 0.02501576 0.02952817 0.03159258 0.04178213
 0.02872664 0.03962269 0.02760843 0.03301424 0.03171895 0.0183883
 0.03737618 0.02130898 0.02987399 0.0262621  0.02609898 0.02650242
 0.03377818 0.03352694 0.02407926 0.03174583 0.02882137 0.02837259
 0.03152989 0.03204067 0.02706019 0.03016821 0.03304329 0.03113535
 0.03169838 0.02756471 0.03394361 0.02477916 0.03252799 0.03467581
 0.0344878  0.03509349 0.03357682 0.03520399 0.027681   0.02621294
 0.02862517 0.02759148 0.02618874 0.0305799  0.03124637 0.03015855
 0.03844538 0.03422755 0.03072599 0.03074732 0.03411442 0.02415297
 0.03333176 0.01776775 0.03019006 0.02662964 0.03020175 0.02930087
 0.03242274 0.03136397 0.02065182 0.01987419 0.03909904 0.02981232
 0.03383507 0.02783994 0.02906521 0.03780704 0.02581274 0.03193418
 0.03094823 0.03415073 0.02451492 0.03461589 0.03331436 0.02078869
 0.02660723 0.03169882 0.02731328 0.03163745 0.03074548 0.03957042
 0.03060905 0.0312421  0.02839252 0.03393158 0.02533063 0.0365515
 0.02795438 0.0359086  0.02561369 0.03505972 0.02900797 0.03033649
 0.02614212 0.02977065 0.02865273 0.02736782 0.03180849 0.03312279
 0.02623452 0.0273268  0.03260367 0.02748416 0.03286357 0.03264716
 0.03170972 0.03878172 0.02709031 0.03396103 0.02871026 0.02785506
 0.03080964 0.02986743 0.02980037 0.02133372 0.02903534 0.03567117
 0.03464698 0.03266704 0.02714294 0.03170525 0.02114779 0.02820489
 0.03387641 0.0334438  0.02974704 0.02514343 0.03098943 0.0302809
 0.03015959 0.02871664]
presto
BLEU
[0.11399782 0.11841447 0.11194216 0.1042928  0.11337182 0.13783207
 0.12142251 0.1297402  0.1045972  0.09674199 0.10692271 0.10676123
 0.11640701 0.11513275 0.13358159 0.0898826  0.11732671 0.12120545
 0.09171806 0.13416751 0.12796689 0.09386685 0.12517501 0.12392339
 0.12741228 0.13664738 0.09547643 0.12197724 0.09873927 0.12454436
 0.09187205 0.11058035 0.11159269 0.12470448 0.12206015 0.11482579
 0.14848717 0.12163862 0.12092898 0.11781205 0.11390497 0.12553095
 0.10273931 0.12621472 0.11369977 0.12220197 0.11706086 0.10269524
 0.1269424  0.14500794 0.11916535 0.1164859  0.12650006 0.11845644
 0.12202351 0.12053964 0.11071508 0.10572605 0.10503355 0.11374207
 0.12418037 0.11204387 0.10894681 0.11507671 0.11158312 0.12454186
 0.12952635 0.12064119 0.10009441 0.10638056 0.11066794 0.1361822
 0.11313252 0.12623612 0.11103814 0.11683566 0.10948591 0.10490986
 0.13011854 0.10449522 0.10665904 0.11361946 0.10752274 0.11088213
 0.12268599 0.11106577 0.11044398 0.13266089 0.10596927 0.12061107
 0.11119824 0.11366661 0.11128312 0.11154194 0.12637285 0.11251919
 0.11987128 0.10834474 0.11740454 0.09821589 0.11364723 0.13598647
 0.13011859 0.11827207 0.12228737 0.12037392 0.11200648 0.10341815
 0.10473483 0.1074585  0.11318767 0.1207477  0.12386178 0.11647397
 0.12862152 0.10917281 0.11523714 0.11531107 0.11749678 0.10974676
 0.1064825  0.0882919  0.10602442 0.11256911 0.12208691 0.10956814
 0.1277229  0.11468878 0.10255697 0.10638127 0.12950808 0.11210801
 0.12166237 0.10896374 0.11226279 0.12556643 0.10409571 0.1311993
 0.11360758 0.12215959 0.11189898 0.12793668 0.10486751 0.11700713
 0.11189815 0.13364416 0.10969899 0.12222833 0.11730417 0.12843328
 0.11250126 0.11869134 0.1133302  0.12599776 0.10330637 0.14250532
 0.11445417 0.12992078 0.12886143 0.12224407 0.10702172 0.11898147
 0.11574751 0.11069052 0.109586   0.11473895 0.1111426  0.11560685
 0.10758418 0.1151193  0.13272779 0.10796035 0.10337355 0.12810155
 0.11031167 0.12667089 0.10315787 0.1155875  0.1102873  0.10569758
 0.10620739 0.12271924 0.09840192 0.09418767 0.12008934 0.11803706
 0.11183606 0.12310743 0.11569648 0.10822419 0.09555395 0.11067957
 0.127845   0.10610079 0.12089302 0.09515507 0.11541691 0.11792124
 0.12577177 0.11744211]
presto
METEOR
[0.08037096 0.08716455 0.07753214 0.07387918 0.08020645 0.09362975
 0.08753291 0.08985586 0.07418986 0.07422359 0.07526149 0.07044962
 0.08007781 0.08187143 0.0927253  0.06526244 0.08023091 0.08482493
 0.06729258 0.08903026 0.08432646 0.06621347 0.08547131 0.08339023
 0.08664859 0.09000384 0.07097883 0.08473427 0.07178843 0.09075785
 0.06575404 0.07951479 0.07839329 0.08236074 0.08339999 0.08123126
 0.09497303 0.07873828 0.08067217 0.08371966 0.07887213 0.08336322
 0.07640059 0.0864346  0.08308906 0.07933549 0.08108298 0.07906838
 0.08440542 0.09971543 0.0865754  0.07550351 0.08614008 0.07846834
 0.08770081 0.0812943  0.07661176 0.07740831 0.08036047 0.07753522
 0.08500083 0.08343367 0.07489971 0.08483847 0.07982383 0.08356761
 0.08805096 0.0883788  0.07290398 0.07585803 0.07616736 0.09260062
 0.08074484 0.08575262 0.07528156 0.08621448 0.08245393 0.07724242
 0.08493122 0.08083626 0.07797405 0.08279338 0.076313   0.08252194
 0.08323358 0.08021658 0.07472726 0.0858952  0.07461186 0.08484749
 0.07527283 0.07941197 0.07733465 0.08162029 0.0889223  0.08081007
 0.08501076 0.07654082 0.0871548  0.07174715 0.08087391 0.09022921
 0.08804087 0.08313708 0.08352847 0.08402526 0.08011218 0.07260466
 0.07814784 0.07252608 0.07891013 0.08424368 0.08234023 0.08240152
 0.08772182 0.07319066 0.08403098 0.07995873 0.08315014 0.08111086
 0.07454654 0.06354434 0.07459601 0.07787316 0.08657151 0.08041561
 0.08686264 0.0818334  0.06965925 0.07858641 0.09021234 0.0772964
 0.08078404 0.07670779 0.07827234 0.08551442 0.07768181 0.09455478
 0.08172914 0.07950774 0.0768936  0.08956266 0.07923251 0.08179591
 0.08377987 0.08984548 0.07857452 0.08791268 0.07872765 0.08669664
 0.07704677 0.08387654 0.07639188 0.08596159 0.07358325 0.09432839
 0.07955423 0.0880015  0.0850222  0.08731274 0.07399549 0.07963538
 0.08230913 0.08001617 0.07660808 0.08279862 0.07943889 0.07632209
 0.07296466 0.08514472 0.08706828 0.07751401 0.07028209 0.08477336
 0.07907732 0.08328604 0.07432797 0.0840589  0.07992474 0.0728195
 0.07457365 0.08103688 0.07193421 0.06985665 0.08009092 0.07914886
 0.08324926 0.08231288 0.08202844 0.07418288 0.06946278 0.07677552
 0.08524419 0.08014196 0.08633912 0.06880401 0.07747038 0.07892349
 0.08574791 0.08435499]
presto
BERT
[0.7681552  0.772442   0.76863796 0.7700386  0.77333987 0.7741359
 0.7733204  0.7727955  0.7729566  0.7709128  0.7696681  0.76779234
 0.76985526 0.7727961  0.7745399  0.77027464 0.7686487  0.7724947
 0.76866317 0.77377206 0.7725995  0.77049625 0.7706931  0.77184266
 0.7729374  0.7741068  0.76930094 0.7675564  0.7707473  0.7714327
 0.7698793  0.76968795 0.77312404 0.7740545  0.77149886 0.7727815
 0.7735179  0.772493   0.7722016  0.7743714  0.7694872  0.7727758
 0.7710743  0.77309376 0.76912534 0.7709361  0.773438   0.7670061
 0.77258354 0.7733687  0.77216536 0.77062374 0.77167165 0.772749
 0.7739855  0.77190864 0.76887935 0.76969385 0.76933646 0.77234274
 0.77023387 0.77350646 0.7711836  0.7704878  0.76852703 0.77330816
 0.77197784 0.7739198  0.77079254 0.76953566 0.77199644 0.77504575
 0.7694229  0.77276415 0.7733083  0.76922107 0.77228075 0.7711063
 0.7740843  0.77231836 0.7685235  0.7715341  0.7728783  0.7712503
 0.77179986 0.7703776  0.7705117  0.7711261  0.77182835 0.772921
 0.77111506 0.76872337 0.7705207  0.7708389  0.7718877  0.7735805
 0.7736135  0.7684857  0.77143645 0.7707128  0.7732724  0.7717402
 0.77090675 0.7720759  0.7722533  0.7727368  0.77106816 0.77158594
 0.76903665 0.76806474 0.7697946  0.77174526 0.7728126  0.77428836
 0.7733497  0.7704851  0.7707878  0.7711401  0.7736897  0.76973027
 0.77157    0.77051014 0.7715842  0.77149326 0.77224827 0.77006865
 0.7728247  0.77249104 0.77043515 0.7698359  0.77362543 0.76993483
 0.77286595 0.7677685  0.77037275 0.77058095 0.77382654 0.7704738
 0.7729056  0.7739017  0.7705164  0.7740399  0.77049416 0.77374905
 0.7713133  0.771143   0.77169985 0.77267385 0.7709031  0.77533776
 0.77195877 0.7705225  0.77186334 0.77238524 0.7714771  0.7723764
 0.7683772  0.771984   0.77157396 0.77104217 0.76782143 0.7704891
 0.7692923  0.77184504 0.76952696 0.77080846 0.7704904  0.76947904
 0.77002096 0.7736554  0.771142   0.7709868  0.7714557  0.772269
 0.772812   0.7706977  0.76920503 0.7730565  0.7703608  0.7719364
 0.7728495  0.77222985 0.76996034 0.76834255 0.7734972  0.76841015
 0.7721288  0.77362686 0.7711658  0.77024823 0.77037406 0.7714907
 0.77232575 0.7731697  0.7720306  0.769417   0.77095854 0.77211267
 0.77414465 0.7695664 ]
[nltk_data] Downloading package wordnet to /mnt/iusers01/fse-
[nltk_data]     ugpgt01/compsci01/q12628ct/nltk_data...
[nltk_data]   Package wordnet is already up-to-date!
[nltk_data] Downloading package punkt_tab to /mnt/iusers01/fse-
[nltk_data]     ugpgt01/compsci01/q12628ct/nltk_data...
[nltk_data]   Package punkt_tab is already up-to-date!
[nltk_data] Downloading package omw-1.4 to /mnt/iusers01/fse-
[nltk_data]     ugpgt01/compsci01/q12628ct/nltk_data...
[nltk_data]   Package omw-1.4 is already up-to-date!
/mnt/iusers01/fse-ugpgt01/compsci01/q12628ct/.conda/envs/semantic-decoding/lib/python3.10/site-packages/huggingface_hub/file_download.py:945: FutureWarning: `resume_download` is deprecated and will be removed in version 1.0.0. Downloads always resume when possible. If you want to force a new download, use `force_download=True`.
  warnings.warn(
Some weights of the model checkpoint at roberta-large were not used when initializing RobertaModel: ['lm_head.dense.weight', 'lm_head.layer_norm.bias', 'lm_head.layer_norm.weight', 'lm_head.bias', 'lm_head.dense.bias']
- This IS expected if you are initializing RobertaModel from the checkpoint of a model trained on another task or with another architecture (e.g. initializing a BertForSequenceClassification model from a BertForPreTraining model).
- This IS NOT expected if you are initializing RobertaModel from the checkpoint of a model that you expect to be exactly identical (initializing a BertForSequenceClassification model from a BertForSequenceClassification model).
Some weights of RobertaModel were not initialized from the model checkpoint at roberta-large and are newly initialized: ['roberta.pooler.dense.bias', 'roberta.pooler.dense.weight']
You should probably TRAIN this model on a down-stream task to be able to use it for predictions and inference.
partlycloudy
WER
[-0.13899148 -0.13972283 -0.13550972 -0.13154481 -0.1360621  -0.12719771
 -0.14741155 -0.14230541 -0.13936837 -0.13900781 -0.1392318  -0.13521709
 -0.1395087  -0.12958617 -0.13575635 -0.13137444 -0.14235135 -0.13192179
 -0.1465369  -0.13013057 -0.12906874 -0.12588933 -0.14271831 -0.13589206
 -0.13605668 -0.13856044 -0.13797468 -0.13593629 -0.12567531 -0.1314627
 -0.14146407 -0.14000659 -0.13864627 -0.13170151 -0.12982813 -0.12481135
 -0.13890804 -0.13766521 -0.13967509 -0.13981824 -0.1380742  -0.14337088
 -0.14327904 -0.13561311 -0.13694467 -0.12487184 -0.13421963 -0.13404042
 -0.13540767 -0.12861045 -0.13936475 -0.13623583 -0.13209614 -0.13009807
 -0.13648005 -0.14215971 -0.14351897 -0.14158297 -0.13887041 -0.13963453
 -0.13718637 -0.13327419 -0.13857173 -0.1407422  -0.14295834 -0.13989873
 -0.14071328 -0.13369434 -0.13453293 -0.13789261 -0.13206634 -0.140584
 -0.13432923 -0.13755425 -0.14726884 -0.13811005 -0.14592069 -0.14047212
 -0.1406638  -0.13321535 -0.13926613 -0.13434244 -0.13043569 -0.14074219
 -0.13858106 -0.13590099 -0.13249604 -0.13599118 -0.14011041 -0.13310873
 -0.12743513 -0.1411792  -0.13381498 -0.14510758 -0.13838052 -0.13817934
 -0.14331046 -0.134813   -0.13608777 -0.14045743 -0.14582706 -0.14297401
 -0.13187519 -0.13565886 -0.13516052 -0.13156615 -0.13640762 -0.13573108
 -0.13787232 -0.14093838 -0.12642059 -0.13313914 -0.1392843  -0.13356736
 -0.12970544 -0.12821847 -0.14266958 -0.13442817 -0.13757939 -0.12781632
 -0.13323393 -0.13608705 -0.13849084 -0.13902194 -0.12346932 -0.13850603
 -0.13516259 -0.14004671 -0.1346944  -0.1392708  -0.13878886 -0.13341731
 -0.14058174 -0.14433921 -0.1441741  -0.13850121 -0.13422556 -0.13449338
 -0.13180941 -0.13197593 -0.13024179 -0.14305688 -0.13855364 -0.12317952
 -0.1233282  -0.14163515 -0.14809856 -0.12467514 -0.13490022 -0.13294492
 -0.13667465 -0.13526735 -0.1366849  -0.1318385  -0.12669627 -0.1384845
 -0.13623086 -0.14625714 -0.13844867 -0.13939259 -0.13386175 -0.13518853
 -0.13829442 -0.13211055 -0.12915625 -0.13758552 -0.13526108 -0.14159271
 -0.12919689 -0.13610238 -0.13076765 -0.1480242  -0.13410736 -0.13813646
 -0.14009787 -0.12947497 -0.1430622  -0.13705463 -0.12296021 -0.13719487
 -0.1498933  -0.13333069 -0.13368938 -0.1381251  -0.13906979 -0.13662736
 -0.13303792 -0.14427093 -0.13404116 -0.14070727 -0.13262372 -0.13483501
 -0.1425745  -0.12643063 -0.13327174 -0.13466533 -0.13227261 -0.13366741
 -0.13864363 -0.13589945]
partlycloudy
BLEU
[0.12901911 0.12463867 0.12327338 0.12191661 0.12941546 0.13290745
 0.10844191 0.11974472 0.12882479 0.10273247 0.11686944 0.12706274
 0.11595642 0.12484417 0.12607462 0.12450339 0.11409801 0.12389303
 0.11286302 0.12039285 0.13354386 0.15304612 0.10846511 0.12897648
 0.14151574 0.13080985 0.12496181 0.12766742 0.13288741 0.13130994
 0.12380777 0.12318405 0.13525333 0.11909129 0.13490119 0.13027311
 0.1252289  0.1181201  0.11713348 0.1236816  0.12272187 0.1078808
 0.12268162 0.12948732 0.11954353 0.13294429 0.11547384 0.12881024
 0.12775424 0.13391043 0.11582268 0.13532495 0.12717184 0.12528093
 0.12467886 0.1062632  0.11414025 0.12174391 0.12808959 0.11759729
 0.12586384 0.13099235 0.12409573 0.12017163 0.12413687 0.12257612
 0.12670866 0.12664328 0.13605592 0.11842513 0.13431466 0.12163865
 0.12319446 0.11078132 0.12146955 0.12156471 0.11660401 0.12020499
 0.11874088 0.13047564 0.11613574 0.12118862 0.11480663 0.12863752
 0.11927146 0.12480268 0.13155483 0.12374769 0.12550343 0.12551355
 0.14044412 0.13305349 0.12890971 0.11381451 0.11906453 0.11455373
 0.12470871 0.1401632  0.12681759 0.10897566 0.11167869 0.11257517
 0.13658955 0.12988229 0.12572772 0.13525204 0.13275175 0.13467349
 0.12891358 0.11407249 0.13602167 0.13012895 0.11150834 0.13503622
 0.13023021 0.13554703 0.11504694 0.11493176 0.13766261 0.13095429
 0.11374402 0.11876889 0.12333968 0.12404422 0.13846785 0.13054488
 0.1230425  0.11484908 0.13379363 0.10657137 0.12246039 0.12078312
 0.12249613 0.11271158 0.11442817 0.10372123 0.12812201 0.11498279
 0.13261281 0.1313865  0.1353246  0.12499478 0.12077843 0.14070329
 0.14486554 0.11375567 0.11733001 0.14212948 0.12028767 0.1216955
 0.12350397 0.12903008 0.11579811 0.13348055 0.14281935 0.12400046
 0.12701295 0.1057545  0.10831369 0.11783544 0.13454406 0.12802688
 0.1309482  0.13391002 0.13260153 0.13360984 0.1230304  0.11599317
 0.13207926 0.1229559  0.11917042 0.10633553 0.11775075 0.12768011
 0.12103447 0.13099479 0.12250691 0.13412633 0.13138713 0.12537012
 0.11748332 0.12505488 0.12256231 0.11695991 0.12447055 0.1158523
 0.12605396 0.10653479 0.13446611 0.12441421 0.11829412 0.13497525
 0.12608101 0.13524452 0.13074216 0.13746807 0.11867026 0.12871172
 0.12583128 0.12793884]
partlycloudy
METEOR
[0.10426129 0.09783409 0.10687711 0.10392882 0.10140804 0.10975488
 0.09354469 0.10020884 0.10316963 0.08567744 0.10118303 0.10725983
 0.09558905 0.10010452 0.10356082 0.10280756 0.08876251 0.09963401
 0.0904447  0.09802667 0.10690412 0.11516906 0.08978414 0.10477365
 0.11256575 0.10056493 0.10996793 0.09854573 0.10770345 0.11070549
 0.10583043 0.10015535 0.10971717 0.09802091 0.10668406 0.10553128
 0.10173003 0.09818936 0.09451168 0.10196055 0.09877265 0.09346253
 0.10177129 0.09990574 0.09741991 0.10576569 0.09622632 0.1026438
 0.10662536 0.10550255 0.09521048 0.10910913 0.10291868 0.10740406
 0.10235054 0.09050332 0.09466961 0.09891655 0.1041991  0.09826232
 0.09906687 0.10989001 0.09971814 0.09935212 0.09786216 0.10300532
 0.09650985 0.10075724 0.10964602 0.09729471 0.10150257 0.10188272
 0.10382457 0.09768458 0.0975266  0.10595897 0.09930269 0.09408859
 0.09786223 0.10586824 0.09934283 0.10652501 0.09100584 0.11242538
 0.09825074 0.10003995 0.10281362 0.10151716 0.10303146 0.10562607
 0.11008778 0.10426014 0.10670865 0.09754833 0.09659515 0.09959764
 0.103333   0.11506417 0.10672792 0.09235468 0.09105604 0.09629858
 0.10278206 0.10852968 0.10432755 0.10649345 0.10690778 0.10523032
 0.10637296 0.09382654 0.10583587 0.10383383 0.09176838 0.11167647
 0.11130037 0.1094886  0.09475577 0.09403468 0.11169104 0.10597342
 0.09866219 0.09618742 0.09823888 0.10268584 0.11304236 0.10342997
 0.10650779 0.09743113 0.10169633 0.08875192 0.09777914 0.1064449
 0.09553567 0.09603679 0.1039848  0.08881049 0.10440819 0.09536021
 0.10795925 0.10577482 0.11165143 0.09755188 0.10127681 0.11322003
 0.11855461 0.10130309 0.09026835 0.12169302 0.10214193 0.09808603
 0.09972652 0.10924474 0.09972547 0.10802565 0.11334467 0.09857197
 0.10569206 0.08646253 0.09043682 0.09996264 0.10844301 0.11069601
 0.09717911 0.10831125 0.11154402 0.10920289 0.10354738 0.09372704
 0.11078076 0.1093251  0.10051665 0.092583   0.09757595 0.1052657
 0.09896815 0.1065886  0.11118962 0.10543937 0.10911036 0.10469062
 0.09571256 0.10025323 0.10808004 0.09867475 0.09884894 0.10059867
 0.10254508 0.0890275  0.10757681 0.10069885 0.10475893 0.11405629
 0.10465279 0.10506061 0.10845724 0.10295181 0.10267381 0.10842715
 0.10886396 0.10421273]
partlycloudy
BERT
[0.7788736  0.78072566 0.7804751  0.77883595 0.78050244 0.78072
 0.77773684 0.77751637 0.78091323 0.7793766  0.7786579  0.7790619
 0.77738845 0.77765226 0.7800786  0.7799176  0.7789596  0.7812723
 0.7809341  0.77862316 0.776348   0.7810472  0.7770663  0.7812538
 0.78230035 0.7800163  0.7791611  0.7817403  0.7816581  0.78000003
 0.78060687 0.7782276  0.78184897 0.77874386 0.7796307  0.7810088
 0.77784044 0.77730685 0.78073573 0.7786193  0.7828117  0.78034884
 0.7789104  0.7801619  0.7808861  0.78049904 0.7790353  0.78107166
 0.7781742  0.780996   0.7791335  0.7818409  0.7798962  0.7786009
 0.7771762  0.7782212  0.77795374 0.7808434  0.7810157  0.77962327
 0.77825433 0.78193104 0.781143   0.7790812  0.77606505 0.7787575
 0.7797388  0.7773004  0.77966785 0.77967274 0.7787336  0.7804529
 0.78110284 0.7789382  0.7795873  0.78099304 0.77874756 0.78030604
 0.77860516 0.779396   0.7791859  0.7794922  0.78156686 0.7802658
 0.778753   0.7795597  0.7785536  0.7769107  0.77905804 0.7802646
 0.7819925  0.7806951  0.78120244 0.77686936 0.77831596 0.7803454
 0.78037256 0.7797154  0.7787663  0.7784696  0.7793628  0.78132695
 0.78032386 0.7798956  0.78028107 0.7810429  0.7789148  0.7826132
 0.7808175  0.77738476 0.78187335 0.78063935 0.77821547 0.7791092
 0.7792902  0.77979106 0.7783025  0.7786222  0.77660227 0.7776767
 0.776796   0.77900803 0.7826189  0.78125316 0.78180444 0.780804
 0.77903706 0.7789248  0.7806922  0.77668256 0.77923894 0.7776971
 0.77979237 0.7783839  0.77868885 0.7774402  0.77999985 0.7794698
 0.78148687 0.78118134 0.7813836  0.77792686 0.7801581  0.7786104
 0.7819076  0.77817965 0.7786778  0.78352004 0.78074014 0.7783322
 0.7824598  0.77986324 0.78135216 0.7793779  0.78072965 0.77967227
 0.78138953 0.77965254 0.777507   0.77769774 0.7827879  0.77878565
 0.7785558  0.7826588  0.77956647 0.7811625  0.78182787 0.7786358
 0.7812739  0.78194165 0.7796191  0.7775321  0.7795457  0.7789775
 0.7777378  0.7814673  0.77718073 0.7828579  0.7792995  0.778584
 0.7795504  0.7786881  0.7838172  0.7799134  0.7820574  0.7787288
 0.7801856  0.778279   0.78217584 0.77824444 0.77787703 0.7767013
 0.7767977  0.7796733  0.77983856 0.77933884 0.781198   0.77779806
 0.78091913 0.78063583]
[nltk_data] Downloading package wordnet to /mnt/iusers01/fse-
[nltk_data]     ugpgt01/compsci01/q12628ct/nltk_data...
[nltk_data]   Package wordnet is already up-to-date!
[nltk_data] Downloading package punkt_tab to /mnt/iusers01/fse-
[nltk_data]     ugpgt01/compsci01/q12628ct/nltk_data...
[nltk_data]   Package punkt_tab is already up-to-date!
[nltk_data] Downloading package omw-1.4 to /mnt/iusers01/fse-
[nltk_data]     ugpgt01/compsci01/q12628ct/nltk_data...
[nltk_data]   Package omw-1.4 is already up-to-date!
/mnt/iusers01/fse-ugpgt01/compsci01/q12628ct/.conda/envs/semantic-decoding/lib/python3.10/site-packages/huggingface_hub/file_download.py:945: FutureWarning: `resume_download` is deprecated and will be removed in version 1.0.0. Downloads always resume when possible. If you want to force a new download, use `force_download=True`.
  warnings.warn(
Some weights of the model checkpoint at roberta-large were not used when initializing RobertaModel: ['lm_head.layer_norm.bias', 'lm_head.dense.bias', 'lm_head.dense.weight', 'lm_head.layer_norm.weight', 'lm_head.bias']
- This IS expected if you are initializing RobertaModel from the checkpoint of a model trained on another task or with another architecture (e.g. initializing a BertForSequenceClassification model from a BertForPreTraining model).
- This IS NOT expected if you are initializing RobertaModel from the checkpoint of a model that you expect to be exactly identical (initializing a BertForSequenceClassification model from a BertForSequenceClassification model).
Some weights of RobertaModel were not initialized from the model checkpoint at roberta-large and are newly initialized: ['roberta.pooler.dense.bias', 'roberta.pooler.dense.weight']
You should probably TRAIN this model on a down-stream task to be able to use it for predictions and inference.
laluna
WER
[-0.05390871 -0.05708363 -0.04169026 -0.0521807  -0.05834505 -0.04983458
 -0.04772239 -0.04160478 -0.04399067 -0.04723765 -0.04534782 -0.0538615
 -0.04797994 -0.04578606 -0.05324888 -0.050245   -0.05389172 -0.05281024
 -0.04111762 -0.04422322 -0.04116151 -0.04892956 -0.04717253 -0.05329674
 -0.05038361 -0.04728724 -0.04446289 -0.04522817 -0.05666248 -0.04013471
 -0.04196827 -0.05750732 -0.05285853 -0.04705572 -0.04565929 -0.04107585
 -0.05108268 -0.05519341 -0.05180032 -0.0371343  -0.0521377  -0.04468267
 -0.05534423 -0.04651488 -0.04841928 -0.04579101 -0.04743965 -0.05508426
 -0.04783533 -0.04635947 -0.0575684  -0.05421376 -0.05248537 -0.05343228
 -0.05486029 -0.05536828 -0.05332987 -0.0543597  -0.05295675 -0.05342765
 -0.05305369 -0.04239233 -0.05238088 -0.04384255 -0.05781857 -0.05150253
 -0.04928575 -0.05017039 -0.04956888 -0.04832672 -0.052262   -0.04816177
 -0.04260904 -0.05025025 -0.04667092 -0.03450974 -0.04861077 -0.04807444
 -0.05101906 -0.04530937 -0.05295787 -0.04578435 -0.04296494 -0.05106043
 -0.04543448 -0.04904013 -0.04382562 -0.05428742 -0.04307975 -0.04858098
 -0.0577525  -0.05113711 -0.05125098 -0.04664395 -0.04507422 -0.04995328
 -0.0449116  -0.04762587 -0.05204454 -0.05324499 -0.04738555 -0.04826494
 -0.0571891  -0.04340854 -0.05621514 -0.05272626 -0.04962642 -0.04604699
 -0.04706139 -0.03804208 -0.05456011 -0.04376457 -0.04919742 -0.04938511
 -0.05233445 -0.04135591 -0.05106612 -0.04851284 -0.05119508 -0.05438115
 -0.05391231 -0.04893835 -0.04765418 -0.04168334 -0.05093569 -0.04766892
 -0.0461598  -0.05384698 -0.05566216 -0.04865894 -0.04935385 -0.04851064
 -0.04751214 -0.05149039 -0.04923495 -0.04677311 -0.04771902 -0.05158044
 -0.05208746 -0.04942576 -0.04905084 -0.05176508 -0.04702506 -0.04840251
 -0.05209513 -0.04568297 -0.04894652 -0.05357365 -0.05120636 -0.04874835
 -0.03973545 -0.04769521 -0.05075888 -0.05340167 -0.04995009 -0.04533828
 -0.05184407 -0.05083065 -0.05940336 -0.04165116 -0.04718321 -0.0490784
 -0.05111784 -0.0407504  -0.05536572 -0.03875082 -0.04922451 -0.04742019
 -0.04969015 -0.04361066 -0.05321684 -0.04759132 -0.04738938 -0.05388275
 -0.04579328 -0.05470387 -0.04979504 -0.0410918  -0.04922925 -0.04635916
 -0.04894808 -0.04915754 -0.05268894 -0.05178126 -0.05111526 -0.05306536
 -0.05062404 -0.04904649 -0.05054149 -0.05151074 -0.04363385 -0.0532387
 -0.05509326 -0.05608341 -0.05272829 -0.04595049 -0.05138626 -0.05053535
 -0.04887182 -0.05648505]
laluna
BLEU
[0.11707828 0.11449852 0.13221419 0.12765911 0.10772064 0.13018244
 0.1253929  0.13041542 0.13367542 0.12194815 0.1332289  0.10972425
 0.12007123 0.13148039 0.11483099 0.12174805 0.10726066 0.11194941
 0.13078429 0.13615014 0.14448975 0.12052042 0.12425457 0.12470526
 0.12469925 0.12986648 0.12894216 0.12922735 0.1084719  0.14066692
 0.12736099 0.10357209 0.12222846 0.13446192 0.12643951 0.13356012
 0.11981615 0.10347219 0.11787879 0.15564801 0.13824991 0.13619599
 0.11238816 0.14027948 0.12036563 0.12961591 0.13675618 0.11138654
 0.13883201 0.13311006 0.11452841 0.11563477 0.12757627 0.12198215
 0.11107702 0.12877912 0.12163038 0.11400538 0.10911642 0.12080382
 0.13068017 0.14485416 0.12550446 0.13104721 0.10622993 0.11600875
 0.12779304 0.1223141  0.12310658 0.13203689 0.13059654 0.12987177
 0.12633109 0.11996717 0.12760208 0.14381678 0.12124483 0.12465114
 0.12327119 0.12748394 0.11655341 0.14189417 0.13915542 0.11681155
 0.1264244  0.12317772 0.12910924 0.1223079  0.13321372 0.11988427
 0.12349232 0.12518083 0.12967585 0.1231901  0.13026009 0.1288607
 0.1395691  0.12197941 0.13331706 0.11923939 0.1276857  0.12185714
 0.12566212 0.14333279 0.10232991 0.11709045 0.12680537 0.144655
 0.12875812 0.13657172 0.12700743 0.12620527 0.12557953 0.12530297
 0.11898804 0.14398662 0.12345411 0.12865183 0.12186454 0.11390939
 0.11146843 0.12770096 0.12683844 0.13740744 0.11724989 0.12524339
 0.12564094 0.10564257 0.1184223  0.1314577  0.12789546 0.13460569
 0.12622136 0.1192804  0.133569   0.13941146 0.12316642 0.10776214
 0.128107   0.13333382 0.13251613 0.12223206 0.13711163 0.1340232
 0.11777261 0.1376666  0.12738081 0.12093424 0.12672329 0.12111813
 0.14409242 0.1364763  0.116373   0.11747766 0.12189422 0.13761326
 0.11566619 0.13240774 0.11350492 0.14974797 0.13237254 0.12563679
 0.13185203 0.14589003 0.11976936 0.13776908 0.12236408 0.12816582
 0.11784411 0.13973538 0.11468682 0.13548287 0.1435023  0.12585297
 0.1278025  0.12112176 0.12080531 0.12915812 0.13442889 0.13537506
 0.11572801 0.12567666 0.13614337 0.11412422 0.11280255 0.12300602
 0.13544341 0.13322905 0.12298517 0.12274006 0.12657767 0.10994553
 0.12292162 0.1189891  0.12492839 0.13163168 0.12311876 0.13201176
 0.13182684 0.1100482 ]
laluna
METEOR
[0.09016731 0.08845388 0.09643747 0.09352168 0.08141157 0.09350807
 0.09134645 0.09288537 0.09482065 0.08827044 0.09847419 0.08501523
 0.08918242 0.09518277 0.08292072 0.08721572 0.08290915 0.08075544
 0.09372534 0.09974768 0.10416834 0.08865679 0.09292698 0.08699455
 0.08831849 0.09361648 0.09704202 0.09515872 0.08038116 0.0975995
 0.09096745 0.08268995 0.0881634  0.09851031 0.09557173 0.09996709
 0.08906747 0.08075192 0.0901407  0.1116899  0.10115042 0.09952092
 0.08704922 0.10197995 0.09602546 0.09370878 0.09587717 0.08439796
 0.09657576 0.09476741 0.08758198 0.0884374  0.09108829 0.08649539
 0.07909703 0.09539837 0.08876429 0.08890303 0.08674669 0.09119357
 0.08881969 0.10382039 0.0900796  0.09326167 0.08726784 0.09294392
 0.09388999 0.09259695 0.09069589 0.09288983 0.09235328 0.09800161
 0.09310888 0.09124018 0.09094914 0.11076422 0.09509507 0.09609688
 0.0925016  0.09522226 0.09086844 0.09993805 0.10538308 0.08835394
 0.08592052 0.08730681 0.09101311 0.09497985 0.09565472 0.08719233
 0.0911529  0.09043422 0.0938498  0.09064725 0.09231106 0.09505572
 0.10235126 0.08848672 0.09762684 0.09139085 0.09240172 0.08869814
 0.09380245 0.10277224 0.078593   0.0872584  0.09265083 0.1051829
 0.09302577 0.09644252 0.0940579  0.09275901 0.09380742 0.08915085
 0.09218812 0.10003346 0.09074954 0.09362908 0.09233092 0.08557899
 0.08877728 0.09682289 0.08940769 0.09427644 0.08878277 0.09396622
 0.09147628 0.07862508 0.09477515 0.09906846 0.09487054 0.09336436
 0.09364083 0.08542532 0.09635413 0.10130155 0.08828017 0.08185699
 0.09848733 0.09105159 0.09588167 0.08884259 0.09669692 0.10289547
 0.08410038 0.1028109  0.09855307 0.08724716 0.09501629 0.09184074
 0.10035276 0.102042   0.0913524  0.0871172  0.09298776 0.09657463
 0.08729803 0.09424994 0.0859117  0.10853701 0.09783323 0.09403115
 0.09994284 0.10673423 0.09111505 0.10192451 0.08844376 0.09648325
 0.08853992 0.10110209 0.08768603 0.09879688 0.10306591 0.09435394
 0.09364178 0.09013827 0.08903799 0.09456143 0.09695635 0.09776162
 0.08879581 0.09526187 0.0941455  0.08724843 0.08713699 0.08622702
 0.09501191 0.09321087 0.08916311 0.09598774 0.09171369 0.08031485
 0.0895429  0.08414923 0.09336367 0.09641529 0.0918248  0.09671579
 0.08983685 0.08820976]
laluna
BERT
[0.7837369  0.782436   0.78481853 0.7850302  0.7834727  0.780872
 0.7840067  0.7846162  0.7843157  0.7844129  0.78464806 0.783174
 0.7809251  0.7850465  0.7843342  0.78177387 0.7830106  0.784656
 0.7844127  0.7870465  0.7855492  0.7806072  0.78238827 0.78362685
 0.7837281  0.7862001  0.78528154 0.78343433 0.78385633 0.78590906
 0.7870359  0.78143686 0.7849657  0.7851828  0.7809619  0.7824199
 0.7841352  0.78135186 0.78495985 0.7863303  0.7837847  0.7852965
 0.7797435  0.78534454 0.78646517 0.7868222  0.78390807 0.78432554
 0.7862628  0.78575027 0.7834113  0.78326637 0.78344876 0.781741
 0.78097296 0.7832048  0.7843828  0.7844513  0.7825522  0.78567904
 0.785266   0.7872346  0.7844511  0.7866668  0.781117   0.7850951
 0.784861   0.7861048  0.7826894  0.78374267 0.7831843  0.7841144
 0.78478277 0.78415674 0.7850902  0.7874004  0.78558517 0.78653175
 0.78374636 0.7840268  0.7816496  0.78517973 0.7843373  0.7855953
 0.7836496  0.78454274 0.7833414  0.78404635 0.78476065 0.78343344
 0.7862451  0.7814818  0.7841959  0.78337646 0.7829217  0.78431696
 0.7834368  0.7813555  0.7859128  0.7832928  0.783091   0.78889537
 0.7867884  0.7867718  0.783239   0.7821524  0.7846533  0.785319
 0.7841821  0.784093   0.7836907  0.7865289  0.78287804 0.7833626
 0.783758   0.7845688  0.78238994 0.78283876 0.78549343 0.78247625
 0.7836374  0.7846457  0.7834147  0.7866281  0.7870858  0.78080875
 0.78396857 0.78082865 0.778728   0.7854071  0.785529   0.7855484
 0.7854732  0.78569955 0.7836339  0.7863456  0.7847527  0.7833645
 0.78412795 0.7827733  0.786978   0.7851557  0.7891486  0.78509706
 0.78494495 0.78392184 0.7842986  0.78234494 0.7854292  0.7832643
 0.7883122  0.78440726 0.78148824 0.7827898  0.78330207 0.784085
 0.7828063  0.784651   0.7853692  0.78629434 0.7855455  0.78277296
 0.78679204 0.78561735 0.7809204  0.7847114  0.7825011  0.7874078
 0.78571606 0.7851869  0.7821541  0.7827228  0.7826135  0.78535974
 0.7830637  0.7809976  0.7852102  0.78375393 0.7842603  0.78360105
 0.7840453  0.785164   0.7861741  0.7820079  0.78410286 0.7832496
 0.7825807  0.7847611  0.7817535  0.78283846 0.78396857 0.7795272
 0.7839608  0.7824935  0.78253496 0.786393   0.783428   0.7849482
 0.78810513 0.78225404]
[nltk_data] Downloading package wordnet to /mnt/iusers01/fse-
[nltk_data]     ugpgt01/compsci01/q12628ct/nltk_data...
[nltk_data]   Package wordnet is already up-to-date!
[nltk_data] Downloading package punkt_tab to /mnt/iusers01/fse-
[nltk_data]     ugpgt01/compsci01/q12628ct/nltk_data...
[nltk_data]   Package punkt_tab is already up-to-date!
[nltk_data] Downloading package omw-1.4 to /mnt/iusers01/fse-
[nltk_data]     ugpgt01/compsci01/q12628ct/nltk_data...
[nltk_data]   Package omw-1.4 is already up-to-date!
/mnt/iusers01/fse-ugpgt01/compsci01/q12628ct/.conda/envs/semantic-decoding/lib/python3.10/site-packages/huggingface_hub/file_download.py:945: FutureWarning: `resume_download` is deprecated and will be removed in version 1.0.0. Downloads always resume when possible. If you want to force a new download, use `force_download=True`.
  warnings.warn(
Some weights of the model checkpoint at roberta-large were not used when initializing RobertaModel: ['lm_head.layer_norm.bias', 'lm_head.layer_norm.weight', 'lm_head.dense.bias', 'lm_head.bias', 'lm_head.dense.weight']
- This IS expected if you are initializing RobertaModel from the checkpoint of a model trained on another task or with another architecture (e.g. initializing a BertForSequenceClassification model from a BertForPreTraining model).
- This IS NOT expected if you are initializing RobertaModel from the checkpoint of a model that you expect to be exactly identical (initializing a BertForSequenceClassification model from a BertForSequenceClassification model).
Some weights of RobertaModel were not initialized from the model checkpoint at roberta-large and are newly initialized: ['roberta.pooler.dense.bias', 'roberta.pooler.dense.weight']
You should probably TRAIN this model on a down-stream task to be able to use it for predictions and inference.
attend-M
WER
[0.04825368 0.04823767 0.04757758 0.04797026 0.04294437 0.05303982
 0.05175622 0.03664344 0.04688459 0.0469852  0.04731749 0.05346764
 0.04815009 0.04473818 0.04603332 0.0507641  0.05091902 0.04939006
 0.05122306 0.04542361 0.04040075 0.0487047  0.0501533  0.04430673
 0.04823493 0.04450967 0.05163554 0.05063723 0.05287966 0.04253155
 0.05046269 0.05345391 0.05672693 0.04809436 0.04539544 0.05324253
 0.04639062 0.04707982 0.04821449 0.03688634 0.05470209 0.04772563
 0.04045796 0.05062125 0.05203056 0.04528847 0.05498854 0.04591951
 0.0473214  0.04336196 0.04486021 0.05903498 0.05411474 0.04434258
 0.04033859 0.04176992 0.0539261  0.04794933 0.04311666 0.04765341
 0.04384539 0.04590587 0.04167614 0.04674885 0.05187459 0.04383093
 0.05196994 0.05140072 0.04477985 0.04641556 0.04984589 0.04591394
 0.05824242 0.05462355 0.04115551 0.04989332 0.04736661 0.04608449
 0.04966025 0.04736728 0.05460175 0.04400027 0.0476157  0.0466944
 0.04123334 0.05144277 0.05184543 0.04358657 0.05016963 0.04756422
 0.04626626 0.04674363 0.04955444 0.04234461 0.05242856 0.04977441
 0.05114217 0.04819503 0.05282401 0.0460536  0.04993778 0.04386752
 0.04422358 0.04448487 0.06210925 0.04949508 0.04650761 0.04218751
 0.04542528 0.05011801 0.04790394 0.04710586 0.04132931 0.03601379
 0.04707172 0.04925219 0.04623821 0.05147693 0.04734416 0.05217275
 0.05614315 0.05458343 0.04433649 0.04854408 0.04657781 0.04233197
 0.0570788  0.04913717 0.04540472 0.05472945 0.04891861 0.0439712
 0.04789837 0.04188945 0.04660469 0.04594227 0.0551328  0.04768766
 0.03963267 0.0493841  0.04645961 0.04352962 0.04191394 0.04662087
 0.0480835  0.05214176 0.0524706  0.04886338 0.04611307 0.04752794
 0.04747338 0.03852153 0.0472496  0.04951089 0.04378349 0.05361715
 0.04791706 0.04261827 0.05395519 0.03759571 0.05613043 0.05141577
 0.04990596 0.057519   0.06169674 0.0449928  0.04600126 0.04518181
 0.04305451 0.04944128 0.04663143 0.0464111  0.04819193 0.05221234
 0.04665993 0.04696414 0.05291388 0.0558922  0.05143793 0.04665968
 0.04349942 0.04632383 0.04445868 0.05107118 0.04758113 0.057017
 0.03964925 0.05209466 0.0419022  0.04879    0.04755834 0.04613332
 0.04647515 0.04826403 0.05682797 0.0504547  0.0544301  0.05033854
 0.0481366  0.0505976 ]
attend-M
BLEU
[0.18940248 0.18930685 0.18871024 0.17540732 0.1913211  0.19727907
 0.19758286 0.18554798 0.18464047 0.17632036 0.20141942 0.19743631
 0.19626985 0.1896977  0.20334088 0.19401419 0.18696058 0.19127007
 0.19472063 0.19004235 0.19112165 0.19182118 0.2003157  0.17311109
 0.18805037 0.18947982 0.20011303 0.20346707 0.18945942 0.19578544
 0.19478606 0.18520551 0.20762188 0.19067011 0.179005   0.19695788
 0.19684166 0.1902308  0.19972027 0.17513354 0.21824682 0.18328627
 0.17398925 0.18541392 0.20155258 0.18273744 0.19676699 0.19409827
 0.19638425 0.17265916 0.18429933 0.21937508 0.20487011 0.1880306
 0.17366653 0.18225271 0.19418109 0.18488667 0.18666961 0.20036316
 0.1736102  0.18704982 0.1799949  0.19714131 0.19694833 0.19131943
 0.19455022 0.1952418  0.19746813 0.19634105 0.19024308 0.1918107
 0.19497983 0.19741153 0.17601609 0.19240428 0.2014601  0.18581968
 0.20284934 0.18839256 0.1841566  0.19324145 0.19948653 0.18846899
 0.18122695 0.19667926 0.19222952 0.19293302 0.19213062 0.19191352
 0.1929926  0.19103644 0.18282098 0.17953552 0.19752851 0.19926197
 0.20553689 0.19692164 0.20301961 0.19663578 0.18958069 0.18627646
 0.18958146 0.18701733 0.20535359 0.18972243 0.19552379 0.19656955
 0.18977593 0.20018154 0.18228734 0.1919861  0.17767352 0.16610767
 0.19411209 0.19788313 0.18474689 0.18597169 0.19656777 0.20795993
 0.19164134 0.20050976 0.19127984 0.1992604  0.18736879 0.18965148
 0.21608184 0.19273291 0.1984692  0.19151017 0.1957867  0.18698558
 0.18148644 0.17812977 0.19381896 0.1944047  0.20345535 0.18675079
 0.17791955 0.18909476 0.19718571 0.18614681 0.19858998 0.18769315
 0.20551739 0.19455671 0.18670154 0.20329787 0.19192698 0.2022302
 0.18414059 0.17538989 0.19019158 0.18338692 0.19005425 0.18966511
 0.1826296  0.18015537 0.19534457 0.18084532 0.19757805 0.20275506
 0.20178575 0.19437704 0.20623624 0.18872586 0.20305267 0.20050631
 0.18844388 0.18852771 0.19781961 0.1836098  0.18914365 0.19948573
 0.18579648 0.19018895 0.20639728 0.19384901 0.18826257 0.19148534
 0.18268295 0.17897655 0.17971275 0.19497846 0.19067752 0.21022845
 0.19183946 0.19674308 0.18278012 0.19151038 0.17619217 0.19922609
 0.18158388 0.18819094 0.19298519 0.20427048 0.20615297 0.19853707
 0.19110943 0.20070551]
attend-M
METEOR
[0.13907229 0.12857114 0.12935976 0.12631538 0.13355754 0.14326947
 0.13868678 0.12917464 0.13566572 0.12472905 0.13905408 0.13306677
 0.13587007 0.1312918  0.1419303  0.13221077 0.13315871 0.13530737
 0.14021197 0.13759379 0.13887755 0.14485565 0.14814228 0.12822904
 0.12908007 0.13707945 0.14645141 0.14079388 0.1287866  0.13975707
 0.13975182 0.13366692 0.14529659 0.13818917 0.12602808 0.13318429
 0.13901595 0.14289353 0.14157416 0.12778013 0.15095017 0.1361554
 0.12628869 0.1318935  0.13772151 0.13099281 0.13654331 0.13833132
 0.14080925 0.1297218  0.13554769 0.15122939 0.13641906 0.13680668
 0.12606481 0.12944522 0.14206275 0.13338242 0.13037892 0.14117997
 0.12744544 0.13079388 0.12616386 0.13718758 0.13944236 0.14158544
 0.13599287 0.13500279 0.13554536 0.1409149  0.13382382 0.1370157
 0.14169031 0.14198649 0.12619041 0.13266642 0.14158936 0.12984222
 0.13953867 0.13168487 0.13099028 0.14307349 0.13502922 0.13492323
 0.13271394 0.13433448 0.13659863 0.13545222 0.13032256 0.13754217
 0.13991057 0.13344189 0.12693352 0.13065415 0.14343972 0.14029744
 0.14125188 0.14297238 0.13839154 0.13833756 0.13376179 0.13451384
 0.13885614 0.13718243 0.14337355 0.13222937 0.13631373 0.14165476
 0.12818603 0.13855266 0.1236035  0.13744136 0.12664737 0.11954916
 0.14180308 0.14151552 0.12807627 0.13188522 0.13940422 0.15141275
 0.12996882 0.13354266 0.13456026 0.13034919 0.13361967 0.13911935
 0.14697936 0.13650443 0.14210951 0.14303758 0.13655992 0.13561824
 0.13553629 0.1271816  0.13818198 0.13771617 0.14295764 0.12486815
 0.1193552  0.13957974 0.14195409 0.13204344 0.13852426 0.13201081
 0.14161839 0.13392987 0.13917536 0.13973167 0.13396907 0.14567312
 0.12952882 0.12954773 0.13339672 0.13144443 0.12695396 0.13503066
 0.13280914 0.13030145 0.13787452 0.1278641  0.15230204 0.14286917
 0.13442752 0.13394359 0.14900864 0.13258805 0.14312369 0.14369274
 0.13724403 0.13838691 0.14047504 0.12836635 0.13595987 0.14298177
 0.13493142 0.14068348 0.14159543 0.13892359 0.12853902 0.14176762
 0.13517233 0.1253517  0.13657714 0.12974725 0.13445486 0.15817776
 0.13915615 0.13625517 0.12644825 0.13270078 0.12608347 0.14080656
 0.12611156 0.13396252 0.13864913 0.13980121 0.1418994  0.14077797
 0.13682492 0.14783162]
attend-M
BERT
[0.78894526 0.7905645  0.78634906 0.7857463  0.7893593  0.7885647
 0.78689307 0.78887695 0.7903562  0.78737146 0.7879511  0.7880531
 0.789799   0.7897444  0.7900486  0.7878616  0.78877836 0.7882703
 0.7896283  0.7882649  0.78876877 0.7879759  0.7879613  0.785211
 0.7868364  0.78975135 0.7890414  0.787548   0.7878593  0.7904667
 0.7895577  0.7889164  0.7890996  0.78956985 0.7887273  0.78832734
 0.7896515  0.79012024 0.79127485 0.78677917 0.7916345  0.79218155
 0.78551924 0.7878951  0.7886875  0.7887824  0.7896501  0.7882234
 0.7902124  0.7873631  0.788319   0.7895338  0.78960043 0.78966284
 0.7887986  0.7875481  0.7896123  0.7892529  0.7870293  0.78910494
 0.7875411  0.7875856  0.78941643 0.78932303 0.7881258  0.79012895
 0.787468   0.7872456  0.789696   0.79004586 0.7867012  0.78804487
 0.7904816  0.7916526  0.78907526 0.7903662  0.79174787 0.78650665
 0.78890294 0.7892392  0.7885651  0.7908257  0.7905235  0.7877027
 0.7882457  0.7889115  0.78823745 0.78777415 0.78987247 0.7869609
 0.7909203  0.7866686  0.7864905  0.7874534  0.7890076  0.7870008
 0.79041785 0.7899608  0.7894219  0.7887668  0.7885216  0.7912249
 0.7858722  0.78912765 0.79078215 0.78881884 0.78897834 0.78913856
 0.78869253 0.7894225  0.789824   0.7902297  0.78760636 0.78576285
 0.7885256  0.78984916 0.7874908  0.78837335 0.7868275  0.7926478
 0.7881861  0.78926486 0.7880419  0.78607    0.788932   0.78843564
 0.790162   0.7870429  0.7891538  0.7907311  0.78828007 0.78952813
 0.79044044 0.7880761  0.7874167  0.78701854 0.7903696  0.7878864
 0.78825647 0.78838927 0.78911006 0.7892054  0.78959554 0.7858782
 0.7889488  0.7871516  0.7871382  0.7882854  0.788508   0.78973734
 0.78828335 0.7851649  0.7886998  0.7885073  0.78669405 0.79110545
 0.78706235 0.78876483 0.79013973 0.7918974  0.7876746  0.7883665
 0.78901094 0.7881609  0.79044133 0.78777826 0.78909403 0.78727555
 0.7903247  0.79008603 0.7886429  0.7878856  0.78840894 0.7906576
 0.7872194  0.78771436 0.7895801  0.78779525 0.7887768  0.786926
 0.7884052  0.78900546 0.787076   0.78741497 0.79004824 0.79031265
 0.78792256 0.7882931  0.788692   0.7898797  0.788086   0.78878534
 0.7882122  0.7868905  0.78979665 0.7880991  0.7887277  0.7880722
 0.792314   0.78979087]
[nltk_data] Downloading package wordnet to /mnt/iusers01/fse-
[nltk_data]     ugpgt01/compsci01/q12628ct/nltk_data...
[nltk_data]   Package wordnet is already up-to-date!
[nltk_data] Downloading package punkt_tab to /mnt/iusers01/fse-
[nltk_data]     ugpgt01/compsci01/q12628ct/nltk_data...
[nltk_data]   Package punkt_tab is already up-to-date!
[nltk_data] Downloading package omw-1.4 to /mnt/iusers01/fse-
[nltk_data]     ugpgt01/compsci01/q12628ct/nltk_data...
[nltk_data]   Package omw-1.4 is already up-to-date!
/mnt/iusers01/fse-ugpgt01/compsci01/q12628ct/.conda/envs/semantic-decoding/lib/python3.10/site-packages/huggingface_hub/file_download.py:945: FutureWarning: `resume_download` is deprecated and will be removed in version 1.0.0. Downloads always resume when possible. If you want to force a new download, use `force_download=True`.
  warnings.warn(
Some weights of the model checkpoint at roberta-large were not used when initializing RobertaModel: ['lm_head.bias', 'lm_head.dense.weight', 'lm_head.layer_norm.bias', 'lm_head.dense.bias', 'lm_head.layer_norm.weight']
- This IS expected if you are initializing RobertaModel from the checkpoint of a model trained on another task or with another architecture (e.g. initializing a BertForSequenceClassification model from a BertForPreTraining model).
- This IS NOT expected if you are initializing RobertaModel from the checkpoint of a model that you expect to be exactly identical (initializing a BertForSequenceClassification model from a BertForSequenceClassification model).
Some weights of RobertaModel were not initialized from the model checkpoint at roberta-large and are newly initialized: ['roberta.pooler.dense.weight', 'roberta.pooler.dense.bias']
You should probably TRAIN this model on a down-stream task to be able to use it for predictions and inference.
attend-F
WER
[-0.22398907 -0.21405727 -0.20674253 -0.20947873 -0.20772126 -0.20848472
 -0.21476503 -0.21090809 -0.22144499 -0.21598171 -0.21683797 -0.21163326
 -0.22383358 -0.20610646 -0.22032086 -0.2142434  -0.21238655 -0.21428623
 -0.21506603 -0.2153112  -0.20144378 -0.22574471 -0.19731533 -0.21296286
 -0.22636473 -0.21184084 -0.20933444 -0.22535317 -0.2208085  -0.20754495
 -0.20642896 -0.20695673 -0.21901013 -0.21003295 -0.21158294 -0.20538905
 -0.20982215 -0.20812651 -0.20806408 -0.21437615 -0.21949053 -0.20715472
 -0.22235365 -0.21747824 -0.21526438 -0.20549584 -0.21099604 -0.21398756
 -0.22949011 -0.20559272 -0.20648515 -0.21626052 -0.20943383 -0.21854644
 -0.20516726 -0.20897363 -0.21741292 -0.2174904  -0.21180262 -0.2104697
 -0.22825038 -0.19869296 -0.21037093 -0.22317529 -0.21194315 -0.22008664
 -0.20979495 -0.2208339  -0.21412785 -0.2100435  -0.20632174 -0.21123229
 -0.22181737 -0.21350217 -0.20498376 -0.21381004 -0.21769384 -0.21592076
 -0.22414532 -0.2075987  -0.21973718 -0.2190948  -0.19864652 -0.21625394
 -0.21498961 -0.20539692 -0.20938099 -0.21008361 -0.20101187 -0.19826123
 -0.20821625 -0.20258465 -0.20945289 -0.20798417 -0.21887537 -0.21058793
 -0.21281786 -0.22592096 -0.20657059 -0.21259293 -0.21472358 -0.20553722
 -0.21175946 -0.21433705 -0.21676363 -0.208784   -0.20128904 -0.22523798
 -0.20936114 -0.21415147 -0.20770575 -0.21470709 -0.20982066 -0.20925214
 -0.20853623 -0.22424142 -0.21295166 -0.21791771 -0.2090727  -0.22041714
 -0.21083038 -0.20563292 -0.21883399 -0.2200509  -0.21432451 -0.21819982
 -0.22149868 -0.21184216 -0.20892207 -0.19998786 -0.21238516 -0.20753194
 -0.21797581 -0.21364409 -0.21519334 -0.21461187 -0.21624944 -0.21850175
 -0.21430507 -0.2070282  -0.20794158 -0.21122185 -0.20276979 -0.21787829
 -0.215555   -0.20479953 -0.21244261 -0.20684455 -0.21034659 -0.22122226
 -0.20873489 -0.21368002 -0.21484331 -0.21126764 -0.2156076  -0.22383612
 -0.22281518 -0.21693232 -0.21820547 -0.21595283 -0.22609474 -0.21702205
 -0.22032122 -0.21844255 -0.21692393 -0.21307837 -0.21562312 -0.22023777
 -0.21146728 -0.20282189 -0.21195008 -0.20680109 -0.21834679 -0.20232298
 -0.2160674  -0.22357829 -0.21300227 -0.21197898 -0.21776396 -0.21617525
 -0.21141651 -0.21515843 -0.21052337 -0.22483698 -0.22359762 -0.21542997
 -0.2165883  -0.21541432 -0.21854642 -0.21016692 -0.21551934 -0.21287165
 -0.20668342 -0.21507746 -0.20879032 -0.21684898 -0.2232343  -0.20895918
 -0.22124232 -0.20379607]
attend-F
BLEU
[0.18113279 0.18606778 0.19039704 0.19303562 0.19656498 0.18999163
 0.1885894  0.19459863 0.16494662 0.18265102 0.16746222 0.19430903
 0.18788104 0.20122244 0.18045286 0.1860063  0.19000203 0.20550637
 0.17982443 0.18302985 0.18824076 0.16947438 0.18832665 0.17532386
 0.15717244 0.17768359 0.17616448 0.15961764 0.17695226 0.20300168
 0.19414877 0.18459509 0.18966853 0.18939495 0.19748749 0.19193347
 0.20067618 0.18357822 0.19505436 0.18101581 0.175527   0.18745613
 0.18610054 0.16401367 0.18202015 0.19257611 0.18871916 0.19534298
 0.15791641 0.19281476 0.19733581 0.18321065 0.19600648 0.1814755
 0.19739427 0.19365663 0.18169025 0.17707963 0.18330263 0.18155837
 0.17495619 0.20625549 0.20588534 0.18625909 0.1774346  0.18348138
 0.18010759 0.17474883 0.19042684 0.18265372 0.19433204 0.18936504
 0.17935008 0.18567088 0.20662049 0.1957748  0.17489043 0.19698485
 0.17063886 0.18139332 0.15634763 0.16616422 0.19369625 0.17174344
 0.19089819 0.19700863 0.19066535 0.19569319 0.21644989 0.20866826
 0.1776512  0.19193172 0.18220462 0.17790928 0.16319617 0.17996382
 0.18646348 0.15728414 0.18659677 0.19286565 0.18014862 0.18435917
 0.18541618 0.18402526 0.18435402 0.1884818  0.20102397 0.1744921
 0.20247518 0.18343738 0.18756729 0.17696043 0.19248954 0.19634268
 0.17392957 0.15450782 0.1825274  0.16397524 0.18480607 0.177474
 0.18947215 0.19080089 0.17846173 0.1784519  0.17961403 0.16905597
 0.15252504 0.18713372 0.185732   0.18504477 0.19006115 0.18613614
 0.16334156 0.1786758  0.17346577 0.18039334 0.17790872 0.17154122
 0.17529123 0.18225858 0.18164324 0.18763248 0.19165913 0.19419117
 0.17438255 0.19516462 0.18702499 0.20021071 0.18757617 0.16026137
 0.18802957 0.18932719 0.18496637 0.19535092 0.19075467 0.1666916
 0.16975874 0.17639857 0.15862737 0.17177222 0.16153495 0.18399809
 0.17774625 0.17693745 0.1932139  0.18704635 0.18323369 0.16519618
 0.18289574 0.19644869 0.19557763 0.19624265 0.18367403 0.20293341
 0.19935566 0.17288167 0.17688509 0.18800061 0.19071817 0.18978983
 0.20215618 0.18120363 0.16932717 0.17409016 0.17398963 0.18449294
 0.16266011 0.18282322 0.17557306 0.1832568  0.19679408 0.17699199
 0.18704305 0.18376701 0.18304673 0.17728537 0.17380802 0.18905451
 0.16465239 0.17908463]
attend-F
METEOR
[0.1427224  0.14118378 0.14209047 0.14348124 0.14665173 0.14394286
 0.13859171 0.15196882 0.12251142 0.13483069 0.12440947 0.14840327
 0.1385089  0.15028612 0.13156804 0.13801718 0.14482551 0.15609918
 0.13081524 0.13863619 0.15041557 0.12360511 0.14601042 0.13462521
 0.12086713 0.13278578 0.1322768  0.12129705 0.12355587 0.15285946
 0.14086131 0.14041514 0.14476851 0.14029246 0.15058514 0.13928584
 0.14423007 0.13410219 0.14382323 0.13151665 0.13893183 0.13241897
 0.13635291 0.12290512 0.13495102 0.14220172 0.14269323 0.14806133
 0.11777891 0.14629995 0.1506778  0.13779557 0.14697052 0.13399741
 0.14387044 0.14149606 0.13372396 0.13288052 0.13450503 0.13887447
 0.130243   0.14997725 0.14996344 0.1420069  0.13791429 0.13634191
 0.14509977 0.13390716 0.13958253 0.1384285  0.15037419 0.14608797
 0.1325189  0.13511239 0.14732819 0.13829699 0.13210272 0.14732927
 0.12855164 0.13658588 0.1155525  0.12873482 0.14616384 0.13260915
 0.13831662 0.15107262 0.14438254 0.14936898 0.15742344 0.16015008
 0.13544751 0.14600169 0.13558762 0.14169761 0.12271955 0.13749769
 0.1438168  0.11849216 0.14004431 0.14149349 0.1396836  0.13931623
 0.13915306 0.14016924 0.13467823 0.1427923  0.15567354 0.12977141
 0.14737642 0.13508207 0.13703592 0.14246712 0.13905436 0.1504432
 0.13469049 0.12038175 0.1315661  0.12051042 0.13862364 0.13555419
 0.13993351 0.14170201 0.13695735 0.13322808 0.13161746 0.13208651
 0.11905816 0.13500919 0.13667167 0.14444657 0.14752227 0.14948706
 0.12007265 0.13543324 0.13677651 0.133518   0.13299054 0.12814305
 0.13547026 0.14440314 0.14001484 0.14328345 0.15165714 0.13955431
 0.13548726 0.14368787 0.14598896 0.13890746 0.1371098  0.12177977
 0.1422025  0.14235117 0.13809554 0.14871457 0.1419425  0.12183679
 0.12482614 0.13788022 0.12502851 0.12837236 0.11912542 0.14049521
 0.14173973 0.13408271 0.13910749 0.13308628 0.14144058 0.1255797
 0.13281221 0.14617186 0.14723523 0.14537982 0.13463083 0.15284077
 0.14835674 0.12754827 0.13371905 0.13543514 0.14456223 0.13729677
 0.14745245 0.13150366 0.12869173 0.12795526 0.13221922 0.13769728
 0.12543447 0.13770413 0.13126973 0.1391769  0.14206093 0.13491735
 0.13697032 0.13235287 0.13740546 0.13454827 0.13033256 0.14472689
 0.1223916  0.13814762]
attend-F
BERT
[0.7914805  0.78999287 0.78924096 0.7882618  0.7909087  0.7888408
 0.7870084  0.79157203 0.7885219  0.7881729  0.78772837 0.7919009
 0.7886481  0.7917618  0.78641826 0.78819317 0.7899535  0.78973943
 0.78787005 0.7876688  0.791123   0.78990245 0.7893121  0.7880681
 0.7855535  0.7902226  0.78862023 0.7868778  0.7871633  0.7899205
 0.7908329  0.79079425 0.78833896 0.78980124 0.7899035  0.78991795
 0.78814924 0.78732026 0.79112375 0.7874566  0.78808194 0.7885283
 0.7890286  0.78895295 0.78714377 0.7907339  0.7897578  0.7897674
 0.78613764 0.7892279  0.7913087  0.7894227  0.7894485  0.79080015
 0.7889192  0.7903938  0.7901711  0.7891348  0.7865234  0.7888908
 0.7885546  0.78901064 0.79138225 0.78913426 0.7877083  0.7886823
 0.79015803 0.78720075 0.7878066  0.7878502  0.7905672  0.789025
 0.78909975 0.78915125 0.78919613 0.7904103  0.78694046 0.78992283
 0.7885674  0.78942233 0.7861133  0.7876857  0.78940016 0.7900758
 0.78911644 0.7916995  0.78945106 0.78811735 0.7910518  0.79075944
 0.7876127  0.7886057  0.7873876  0.7890521  0.7886438  0.7895716
 0.7891767  0.786779   0.7903586  0.7917399  0.7899088  0.79028153
 0.7886734  0.78971916 0.7880322  0.79013497 0.7903887  0.78855306
 0.7901053  0.787137   0.78976625 0.78869814 0.7883796  0.7890689
 0.7886282  0.787004   0.78791744 0.7901354  0.7866611  0.7918827
 0.7879969  0.78947127 0.78805625 0.7895284  0.7893692  0.7887991
 0.7859843  0.78923434 0.7898421  0.790093   0.79015505 0.7904778
 0.78492314 0.78680986 0.7890384  0.78935903 0.78790665 0.7864075
 0.7887709  0.78890353 0.7904341  0.78906894 0.7922489  0.78989077
 0.78730726 0.7903718  0.7889911  0.7891028  0.7898183  0.7868781
 0.79016954 0.789875   0.7869625  0.7893565  0.7889486  0.7857886
 0.7866264  0.78804845 0.78522587 0.7883297  0.78744847 0.78990006
 0.7889043  0.78933454 0.78879726 0.7887171  0.7886952  0.78709555
 0.786702   0.7899564  0.79051805 0.79055846 0.7895774  0.7890676
 0.79198366 0.7871873  0.78795147 0.78768057 0.78962564 0.78848594
 0.7907198  0.7887536  0.78864926 0.78550225 0.78945315 0.79028565
 0.7868871  0.7873718  0.7883605  0.79081464 0.7881581  0.79068583
 0.7887424  0.7871589  0.7877416  0.79224837 0.7867283  0.7891161
 0.7890646  0.7890395 ]
[nltk_data] Downloading package wordnet to /mnt/iusers01/fse-
[nltk_data]     ugpgt01/compsci01/q12628ct/nltk_data...
[nltk_data]   Package wordnet is already up-to-date!
[nltk_data] Downloading package punkt_tab to /mnt/iusers01/fse-
[nltk_data]     ugpgt01/compsci01/q12628ct/nltk_data...
[nltk_data]   Package punkt_tab is already up-to-date!
[nltk_data] Downloading package omw-1.4 to /mnt/iusers01/fse-
[nltk_data]     ugpgt01/compsci01/q12628ct/nltk_data...
[nltk_data]   Package omw-1.4 is already up-to-date!
/mnt/iusers01/fse-ugpgt01/compsci01/q12628ct/.conda/envs/semantic-decoding/lib/python3.10/site-packages/huggingface_hub/file_download.py:945: FutureWarning: `resume_download` is deprecated and will be removed in version 1.0.0. Downloads always resume when possible. If you want to force a new download, use `force_download=True`.
  warnings.warn(
Some weights of the model checkpoint at roberta-large were not used when initializing RobertaModel: ['lm_head.layer_norm.weight', 'lm_head.bias', 'lm_head.dense.weight', 'lm_head.layer_norm.bias', 'lm_head.dense.bias']
- This IS expected if you are initializing RobertaModel from the checkpoint of a model trained on another task or with another architecture (e.g. initializing a BertForSequenceClassification model from a BertForPreTraining model).
- This IS NOT expected if you are initializing RobertaModel from the checkpoint of a model that you expect to be exactly identical (initializing a BertForSequenceClassification model from a BertForSequenceClassification model).
Some weights of RobertaModel were not initialized from the model checkpoint at roberta-large and are newly initialized: ['roberta.pooler.dense.weight', 'roberta.pooler.dense.bias']
You should probably TRAIN this model on a down-stream task to be able to use it for predictions and inference.
alpha_repeat-1
WER
[-0.23567203 -0.23112177 -0.22979428 -0.25240172 -0.19588036 -0.24986181
 -0.22256682 -0.27792893 -0.24452027 -0.2457464  -0.22022178 -0.240877
 -0.25256225 -0.21436483 -0.25430497 -0.20657254 -0.2578297  -0.2679576
 -0.24338808 -0.2324866  -0.21374083 -0.214519   -0.23529562 -0.21177039
 -0.23999216 -0.21890591 -0.21960715 -0.24026419 -0.2137249  -0.24290964
 -0.22794224 -0.23642358 -0.22884733 -0.2311594  -0.25317178 -0.21415541
 -0.23009774 -0.22429322 -0.21292837 -0.23069547 -0.24228463 -0.25636758
 -0.25430642 -0.19798038 -0.23178579 -0.23048608 -0.25208633 -0.22282793
 -0.21377134 -0.22099166 -0.24408262 -0.25474903 -0.26076902 -0.21986089
 -0.2027118  -0.23654001 -0.22371791 -0.21823593 -0.22463555 -0.24626617
 -0.20907594 -0.18557184 -0.24467912 -0.26339059 -0.26883428 -0.23243726
 -0.22721569 -0.23857482 -0.24705006 -0.23291348 -0.20808648 -0.22455205
 -0.23363031 -0.22137794 -0.19275204 -0.23074852 -0.24104668 -0.23617451
 -0.22850683 -0.22881036 -0.24088873 -0.26351344 -0.22531652 -0.25644708
 -0.23133904 -0.27313405 -0.1987332  -0.20585445 -0.26878639 -0.23174286
 -0.21663123 -0.26396092 -0.25693812 -0.21764748 -0.18863771 -0.21033559
 -0.24718431 -0.24407281 -0.25203909 -0.26675356 -0.24093688 -0.25850534
 -0.23048307 -0.22160244 -0.21593209 -0.18014123 -0.22608895 -0.23766308
 -0.23940542 -0.2277997  -0.20205717 -0.21488779 -0.25331779 -0.23147281
 -0.23033663 -0.2216773  -0.22041108 -0.2290111  -0.23538127 -0.23157254
 -0.21269601 -0.24282335 -0.23264459 -0.25520366 -0.22344011 -0.21284079
 -0.22644735 -0.20285699 -0.26052695 -0.2158093  -0.2525412  -0.19271985
 -0.24719222 -0.22508435 -0.2305668  -0.25847504 -0.22613206 -0.22621225
 -0.24358098 -0.25234561 -0.22601129 -0.24126389 -0.24684407 -0.21921612
 -0.19740679 -0.26299162 -0.19189916 -0.2455122  -0.2415202  -0.22459223
 -0.23290255 -0.21472038 -0.23369993 -0.24037022 -0.21894656 -0.26037524
 -0.24352629 -0.2634673  -0.20475626 -0.23877751 -0.21510037 -0.25262234
 -0.23526391 -0.24899493 -0.21050368 -0.21995126 -0.21306664 -0.23363898
 -0.21957839 -0.23854403 -0.19800331 -0.24242609 -0.25118009 -0.22579996
 -0.24318007 -0.2236202  -0.22285847 -0.2401794  -0.22558067 -0.23700157
 -0.2496226  -0.22726811 -0.23392767 -0.25358377 -0.22688526 -0.24269397
 -0.24416499 -0.24887313 -0.23087955 -0.2388701  -0.21269517 -0.26124914
 -0.24193275 -0.23480017 -0.24549355 -0.25313806 -0.23657767 -0.22061964
 -0.24945612 -0.25835036]
alpha_repeat-1
BLEU
[0.18797048 0.17390298 0.15337509 0.15735898 0.23411301 0.13605533
 0.19811692 0.12957367 0.15760644 0.16500174 0.19246726 0.1908168
 0.1931256  0.1850144  0.16116914 0.21774435 0.14753419 0.15128674
 0.15886784 0.18991289 0.18689893 0.18731689 0.19709384 0.16163638
 0.15091686 0.213297   0.211659   0.21698807 0.20972809 0.20600714
 0.18098836 0.20664389 0.18621213 0.18101487 0.17130015 0.19257231
 0.16826419 0.16593903 0.1595617  0.18076209 0.16891049 0.12157072
 0.18269297 0.21193804 0.20653655 0.19763313 0.15933597 0.15407103
 0.2245075  0.21737641 0.14829231 0.12877384 0.1610277  0.22178679
 0.22867398 0.19259489 0.20044326 0.20444918 0.17635466 0.16995308
 0.19412514 0.1941315  0.16853745 0.16020882 0.12445485 0.2219267
 0.16222055 0.18435588 0.16709901 0.17495586 0.19634574 0.20460785
 0.19436191 0.22337095 0.24305745 0.1831957  0.14252611 0.16411188
 0.18793183 0.2161529  0.17742159 0.14105001 0.22640205 0.1827146
 0.18871852 0.11469565 0.23922117 0.20367518 0.11201704 0.20782138
 0.2409375  0.11649597 0.1674281  0.21886572 0.20692176 0.22225962
 0.13883361 0.15083172 0.15514016 0.10649648 0.18611734 0.11452794
 0.17016901 0.18341417 0.207466   0.18383059 0.24224203 0.20328508
 0.18444696 0.19119874 0.19595781 0.1977932  0.14727872 0.13538912
 0.18868484 0.19352452 0.18809417 0.18771536 0.19109158 0.19232378
 0.1696717  0.16157699 0.1852525  0.17377541 0.20713872 0.20346055
 0.20390479 0.22155493 0.16486677 0.20261306 0.17443625 0.2245064
 0.16142492 0.18544863 0.19562576 0.15470658 0.17841064 0.21359192
 0.1987398  0.18840562 0.21082785 0.17542074 0.18069738 0.215005
 0.19960671 0.135978   0.2184578  0.20979358 0.20776939 0.18404188
 0.18945656 0.20364794 0.18530254 0.16788397 0.19630574 0.13969073
 0.18101351 0.15552134 0.17904439 0.19265837 0.21569141 0.18289935
 0.20527344 0.15276682 0.21908715 0.16673728 0.17318912 0.21180192
 0.17417152 0.19065012 0.21076156 0.16257498 0.14639862 0.17966194
 0.19169405 0.21297706 0.2150942  0.19020351 0.19771257 0.16216178
 0.15196464 0.19250099 0.20018979 0.10779051 0.16965975 0.17708901
 0.18012859 0.14558188 0.16063212 0.17557169 0.22598913 0.14443564
 0.17881622 0.14572241 0.16404915 0.13783646 0.2076638  0.17736304
 0.19657605 0.13300829]
alpha_repeat-1
METEOR
[0.14015386 0.15012838 0.13087364 0.13105634 0.18053953 0.10141291
 0.16441565 0.11137739 0.13439566 0.13066138 0.13774515 0.15522339
 0.15819406 0.16504532 0.13499112 0.16418408 0.1120815  0.125372
 0.13091802 0.15763288 0.16172639 0.14694751 0.17461446 0.13757019
 0.12421933 0.15833825 0.16347226 0.16481229 0.16927446 0.14670639
 0.15384718 0.1678624  0.1476131  0.1488293  0.12790141 0.14783349
 0.14304674 0.13312512 0.13034247 0.12853602 0.14080543 0.08961144
 0.14629535 0.1774814  0.15652411 0.14897033 0.12999595 0.12451483
 0.15897636 0.15853016 0.138818   0.11518943 0.12112424 0.18380669
 0.2191756  0.14670425 0.14827784 0.15763736 0.1427375  0.12885781
 0.14597681 0.13518418 0.13146921 0.11960493 0.11835303 0.17263342
 0.11451417 0.1377077  0.12563139 0.13648131 0.15693757 0.15774926
 0.16148069 0.16996409 0.20652024 0.15264471 0.12206143 0.11932901
 0.14275096 0.17781781 0.14150339 0.11788266 0.19528536 0.15631519
 0.15631188 0.09212241 0.16437792 0.14526203 0.11036797 0.15112353
 0.17021454 0.09820199 0.14933786 0.17227597 0.17170207 0.18734659
 0.1193101  0.13834735 0.12962601 0.09564285 0.16643954 0.0922286
 0.13054565 0.14695871 0.15783596 0.14346394 0.19193881 0.15241063
 0.14570808 0.14170842 0.15484943 0.15916426 0.11501687 0.11955038
 0.16218579 0.15682951 0.16319318 0.15229813 0.16042034 0.161365
 0.13769313 0.12426946 0.1370848  0.14369027 0.15665392 0.16132617
 0.16208829 0.17501234 0.13553372 0.16485303 0.13431403 0.16378504
 0.1148092  0.15614184 0.15734795 0.13112546 0.14663179 0.16692148
 0.14150029 0.16568753 0.15667251 0.14923933 0.13807708 0.15971048
 0.16495866 0.11103774 0.16785851 0.16084085 0.14307912 0.14790523
 0.1431492  0.1473323  0.12927942 0.13244765 0.14843669 0.1238326
 0.13325537 0.12027009 0.1414943  0.14601376 0.16116443 0.14765592
 0.16720751 0.12605721 0.17461591 0.12842356 0.13192868 0.15763619
 0.12453469 0.1366884  0.16121468 0.12576251 0.12401924 0.14924391
 0.15890335 0.16286998 0.16605034 0.13320537 0.16322326 0.12961713
 0.14086077 0.15858815 0.15196653 0.09950366 0.14838332 0.1309055
 0.14087609 0.11132565 0.14141131 0.13294548 0.18298409 0.12590435
 0.1351574  0.12541578 0.15055875 0.10005118 0.18815685 0.12795738
 0.14420349 0.10444212]
alpha_repeat-1
BERT
[0.7981771  0.7971075  0.7927815  0.7945514  0.7940297  0.7935701
 0.79090446 0.7921417  0.7921887  0.7946467  0.79441166 0.7971133
 0.7992119  0.7958371  0.79638624 0.7966675  0.7875109  0.7912422
 0.7911379  0.7989285  0.7999241  0.7935572  0.800522   0.7924267
 0.78979546 0.79226655 0.7945935  0.7995287  0.7956826  0.79741204
 0.79054075 0.7979254  0.7969647  0.7911944  0.7902782  0.7965993
 0.7960359  0.7908688  0.79581916 0.7931552  0.7922156  0.7896609
 0.79370445 0.7948569  0.79356056 0.79590976 0.79721415 0.792197
 0.79539835 0.79809624 0.78964996 0.7920012  0.7886771  0.80143785
 0.7992945  0.79499424 0.79527354 0.79230946 0.7896268  0.7957559
 0.79881954 0.7956221  0.792428   0.7939886  0.7933268  0.79283756
 0.79280126 0.79634404 0.79730505 0.7954267  0.7969397  0.79936385
 0.79531956 0.79448116 0.79679143 0.7912433  0.7901636  0.79367065
 0.79578567 0.79974204 0.7944358  0.7932116  0.79673105 0.79342484
 0.7905763  0.7869052  0.7942383  0.7973288  0.7906054  0.7959644
 0.795342   0.78970003 0.7959032  0.79507136 0.7931366  0.79367346
 0.7934023  0.79509073 0.7889086  0.7883243  0.7977082  0.7898823
 0.79528594 0.78994435 0.7862561  0.7968727  0.7961948  0.79343534
 0.79401314 0.79937315 0.79928154 0.7957263  0.7956889  0.79045385
 0.79921293 0.79720473 0.7918115  0.7983581  0.7924281  0.79212135
 0.78959095 0.79075587 0.7993683  0.7918874  0.7960207  0.79016113
 0.7932204  0.7995899  0.79240024 0.79341984 0.79279894 0.7959422
 0.79117715 0.7950608  0.7946099  0.7942044  0.79171735 0.7958621
 0.7929878  0.7999006  0.79527664 0.79574865 0.7990827  0.79109806
 0.79848015 0.78975695 0.7956744  0.79561734 0.7962814  0.7927256
 0.797013   0.7928253  0.7950128  0.7897787  0.7953163  0.79635423
 0.7923853  0.7972762  0.7977769  0.79452133 0.79512507 0.7937906
 0.79526025 0.79447395 0.7981932  0.7918864  0.8008585  0.79489285
 0.7901549  0.79439765 0.79363066 0.7914877  0.7936635  0.7924307
 0.79771125 0.7951498  0.7920106  0.79530996 0.7968894  0.7963096
 0.7919196  0.7955004  0.7942465  0.7919586  0.7939607  0.7863058
 0.79621637 0.7973938  0.7926924  0.78984946 0.79603744 0.7949914
 0.794091   0.7890531  0.79211795 0.79134035 0.80256325 0.7964652
 0.79657316 0.7906151 ]
[nltk_data] Downloading package wordnet to /mnt/iusers01/fse-
[nltk_data]     ugpgt01/compsci01/q12628ct/nltk_data...
[nltk_data]   Package wordnet is already up-to-date!
[nltk_data] Downloading package punkt_tab to /mnt/iusers01/fse-
[nltk_data]     ugpgt01/compsci01/q12628ct/nltk_data...
[nltk_data]   Package punkt_tab is already up-to-date!
[nltk_data] Downloading package omw-1.4 to /mnt/iusers01/fse-
[nltk_data]     ugpgt01/compsci01/q12628ct/nltk_data...
[nltk_data]   Package omw-1.4 is already up-to-date!
/mnt/iusers01/fse-ugpgt01/compsci01/q12628ct/.conda/envs/semantic-decoding/lib/python3.10/site-packages/huggingface_hub/file_download.py:945: FutureWarning: `resume_download` is deprecated and will be removed in version 1.0.0. Downloads always resume when possible. If you want to force a new download, use `force_download=True`.
  warnings.warn(
Some weights of the model checkpoint at roberta-large were not used when initializing RobertaModel: ['lm_head.layer_norm.weight', 'lm_head.bias', 'lm_head.dense.weight', 'lm_head.layer_norm.bias', 'lm_head.dense.bias']
- This IS expected if you are initializing RobertaModel from the checkpoint of a model trained on another task or with another architecture (e.g. initializing a BertForSequenceClassification model from a BertForPreTraining model).
- This IS NOT expected if you are initializing RobertaModel from the checkpoint of a model that you expect to be exactly identical (initializing a BertForSequenceClassification model from a BertForSequenceClassification model).
Some weights of RobertaModel were not initialized from the model checkpoint at roberta-large and are newly initialized: ['roberta.pooler.dense.weight', 'roberta.pooler.dense.bias']
You should probably TRAIN this model on a down-stream task to be able to use it for predictions and inference.
alpha_repeat-2
WER
[-0.16341715 -0.20078333 -0.19157465 -0.19634411 -0.22333728 -0.19887524
 -0.18924291 -0.14182622 -0.13180904 -0.15576259 -0.15968444 -0.17259571
 -0.15891161 -0.20344421 -0.1993848  -0.1774393  -0.18428601 -0.1809783
 -0.16183993 -0.18230137 -0.18163749 -0.17388797 -0.18010211 -0.17443535
 -0.19633496 -0.17085749 -0.21347519 -0.18131147 -0.16984622 -0.16375704
 -0.20769351 -0.16245891 -0.16542681 -0.19239169 -0.19307803 -0.18587553
 -0.17477149 -0.16458695 -0.21001205 -0.20588141 -0.20391502 -0.16656044
 -0.20750844 -0.17461503 -0.16046147 -0.15930411 -0.15027048 -0.17458793
 -0.17607972 -0.18227727 -0.17987219 -0.17033697 -0.19589657 -0.16698997
 -0.17146998 -0.19345662 -0.18617733 -0.16417997 -0.17757269 -0.14348834
 -0.18813289 -0.18211267 -0.17730394 -0.19722573 -0.12208279 -0.15941517
 -0.1632738  -0.20051355 -0.19621251 -0.20196526 -0.16087097 -0.17556664
 -0.18333064 -0.14495118 -0.16087778 -0.1911788  -0.14675912 -0.18665702
 -0.17790142 -0.2031482  -0.19547895 -0.16167819 -0.19929327 -0.19987604
 -0.1918752  -0.18840068 -0.17450254 -0.17729295 -0.21268851 -0.20157381
 -0.17353177 -0.18671949 -0.17662826 -0.15594211 -0.21616181 -0.20541575
 -0.17706122 -0.16330093 -0.19518932 -0.17157202 -0.17924515 -0.18047948
 -0.19183911 -0.15012081 -0.15922597 -0.17502044 -0.17344003 -0.18936701
 -0.16149334 -0.150727   -0.20237145 -0.18405499 -0.21236655 -0.18764316
 -0.16590294 -0.18960131 -0.1839443  -0.19373505 -0.17156167 -0.1626741
 -0.18880021 -0.15245025 -0.22076895 -0.19192501 -0.17970384 -0.17127106
 -0.1760757  -0.17000629 -0.17146749 -0.19181753 -0.17738914 -0.18659343
 -0.18390745 -0.2094595  -0.17095974 -0.18693329 -0.16176807 -0.18585013
 -0.18559755 -0.18190966 -0.16129591 -0.17633917 -0.16225742 -0.18396586
 -0.16704744 -0.16465317 -0.16606732 -0.18765979 -0.1608911  -0.15855436
 -0.19279955 -0.18094846 -0.17660617 -0.17981749 -0.19032577 -0.15091592
 -0.18414684 -0.16300152 -0.16717207 -0.18701971 -0.14539718 -0.20113826
 -0.20019834 -0.16572136 -0.16960116 -0.18424099 -0.14153772 -0.17022301
 -0.17383106 -0.19317122 -0.14315729 -0.15932039 -0.14697868 -0.20775996
 -0.17896041 -0.18265935 -0.14913482 -0.18731994 -0.1708103  -0.15697549
 -0.19532105 -0.18177263 -0.13204374 -0.18980478 -0.18127831 -0.19424826
 -0.17396923 -0.14511321 -0.15054966 -0.15981947 -0.17932847 -0.17629566
 -0.19018034 -0.14356367 -0.17777959 -0.20186563 -0.19233847 -0.19404915
 -0.17660047 -0.17567558]
alpha_repeat-2
BLEU
[0.19564785 0.14191821 0.14174076 0.15581983 0.12923367 0.14110137
 0.13685101 0.18693728 0.25027416 0.20917326 0.17230595 0.23066093
 0.2017953  0.1622755  0.16026341 0.21850941 0.19955283 0.15596491
 0.19396695 0.12439959 0.19900546 0.17303203 0.18362446 0.2043768
 0.12084099 0.18686615 0.1313028  0.23855359 0.18878878 0.203525
 0.1166384  0.19681397 0.20865105 0.18969592 0.15584042 0.20294781
 0.16916688 0.17245982 0.1240472  0.19507157 0.14783309 0.21770107
 0.15740263 0.20614007 0.21645084 0.18772673 0.21225631 0.18929276
 0.2137612  0.19715259 0.1620734  0.22156911 0.14859575 0.17246668
 0.18344489 0.17308691 0.19375945 0.15790179 0.21306721 0.21786674
 0.18911106 0.19333916 0.18788464 0.16980734 0.2493028  0.18215383
 0.18775337 0.15732008 0.15677376 0.15116693 0.20151389 0.21020268
 0.14440108 0.22135275 0.19093962 0.15527677 0.18672942 0.14259455
 0.1640143  0.14543752 0.20548083 0.20121949 0.16428186 0.18764473
 0.15338768 0.16605724 0.17641689 0.17473671 0.14080659 0.13253916
 0.17322677 0.21200125 0.15173011 0.21653991 0.17112317 0.15471797
 0.19141065 0.15728369 0.17286613 0.18642917 0.18908906 0.22338895
 0.16607975 0.20897669 0.21675371 0.19618415 0.20041441 0.15877723
 0.18790157 0.17822594 0.12493704 0.14966317 0.12014496 0.19275593
 0.18171729 0.14352751 0.1849303  0.11799083 0.18814447 0.23233639
 0.18828585 0.2125712  0.10936527 0.19013649 0.18921167 0.19045804
 0.21829904 0.16246004 0.1886594  0.18460857 0.19822797 0.15313121
 0.18970331 0.10892454 0.20557881 0.15099464 0.17138168 0.16442528
 0.17219357 0.1774533  0.19495742 0.19574603 0.20365135 0.19196131
 0.22944757 0.18607914 0.18668778 0.23520241 0.21332499 0.21878087
 0.1940415  0.15669628 0.19405044 0.17737513 0.20798819 0.22507096
 0.18091722 0.23432094 0.20860666 0.15648735 0.19629083 0.13639643
 0.11725178 0.20339816 0.15750105 0.14453071 0.2380463  0.19772701
 0.20863381 0.1794297  0.21394889 0.22054973 0.19145716 0.11780619
 0.21615008 0.20319395 0.18459535 0.17400771 0.17919894 0.18640675
 0.14784273 0.19158854 0.19691247 0.15442307 0.18076075 0.16687582
 0.18947775 0.2294584  0.21080396 0.17258753 0.19354025 0.130539
 0.16472404 0.23400837 0.13044426 0.13824945 0.17902113 0.17745023
 0.22275438 0.20267208]
alpha_repeat-2
METEOR
[0.14004198 0.11727563 0.10896109 0.11963267 0.09573907 0.09804012
 0.11292547 0.15315411 0.19376236 0.14903666 0.13078344 0.17271301
 0.1571784  0.12659486 0.1170321  0.15723128 0.14971695 0.1225659
 0.13642095 0.1046806  0.14556648 0.12887211 0.14505152 0.14912101
 0.10665271 0.12330423 0.09705819 0.17477107 0.12991643 0.14504323
 0.08753851 0.14717969 0.15509321 0.13119955 0.12248709 0.14309866
 0.12430065 0.13686264 0.11057492 0.14678346 0.10491055 0.14894884
 0.13646559 0.14428569 0.16272272 0.16082088 0.1446257  0.1474045
 0.16637484 0.14520024 0.13272786 0.16195247 0.11394199 0.13494087
 0.12849859 0.1439019  0.12548524 0.10519641 0.15136067 0.14620928
 0.1638251  0.15495931 0.13669861 0.12082027 0.18942248 0.13285164
 0.1497907  0.11790253 0.11955251 0.1203597  0.13602324 0.14623067
 0.11383633 0.16173329 0.15640012 0.11390975 0.13834335 0.1056773
 0.13632586 0.12057918 0.14362321 0.15772079 0.11138162 0.1365904
 0.11537808 0.12851343 0.1286894  0.12202543 0.10263783 0.09869838
 0.13454652 0.14769472 0.10256696 0.16678892 0.12543599 0.12915972
 0.15494826 0.12247778 0.12855159 0.14825874 0.13588817 0.17229952
 0.11733473 0.14438879 0.17354143 0.14543549 0.13967289 0.13030781
 0.1417991  0.14321822 0.09616486 0.114092   0.0908211  0.13257066
 0.1383145  0.13019494 0.155486   0.09278921 0.14817375 0.16016353
 0.14912373 0.1618349  0.09233762 0.13987273 0.16325729 0.12758565
 0.1512733  0.13242649 0.14488194 0.13321794 0.16331202 0.12503341
 0.13280256 0.08915954 0.15669071 0.12938323 0.12306514 0.13481559
 0.1203348  0.12197268 0.14032268 0.1438281  0.1447172  0.14562935
 0.15220957 0.13894518 0.15372946 0.16954579 0.17587679 0.15852234
 0.14634556 0.12111526 0.15773885 0.14056808 0.15895126 0.15955556
 0.1606448  0.16492615 0.15484066 0.11788947 0.13888662 0.11098155
 0.10471908 0.14756796 0.12827143 0.11428178 0.15938858 0.13705473
 0.15379463 0.13416344 0.16292036 0.16621262 0.14352578 0.09829623
 0.15714033 0.15463928 0.14023063 0.12774129 0.15021929 0.14215854
 0.13133878 0.14038889 0.15008065 0.10978349 0.13081338 0.11244153
 0.14921873 0.17358331 0.16840282 0.13410816 0.15349221 0.09577408
 0.10805975 0.16333201 0.11532588 0.10252491 0.13064258 0.13170512
 0.15806461 0.16035241]
alpha_repeat-2
BERT
[0.79542893 0.79383403 0.7909627  0.7978793  0.79084957 0.7899893
 0.7957132  0.79504377 0.79529154 0.7994919  0.79240054 0.8000064
 0.7973988  0.7937962  0.7930971  0.79678994 0.795748   0.78943264
 0.7944294  0.7905265  0.7932759  0.7953586  0.7973001  0.7954149
 0.79128677 0.79491585 0.7885528  0.7951357  0.79197645 0.79168814
 0.78793484 0.7949749  0.7959044  0.7944716  0.7901991  0.79506713
 0.79788655 0.79531664 0.79903215 0.7963063  0.79301256 0.7961396
 0.7887125  0.8025299  0.7957241  0.7922072  0.78842247 0.79360825
 0.7927797  0.7931635  0.79376286 0.7972883  0.7913674  0.7910319
 0.79295516 0.7959562  0.79312    0.79180175 0.79695094 0.79211026
 0.79710037 0.79204446 0.7935368  0.7903822  0.80106384 0.7892404
 0.7975653  0.79288834 0.7942377  0.7898951  0.7963156  0.7964801
 0.79048175 0.7943769  0.80139273 0.7907302  0.7926684  0.7912467
 0.7934036  0.7924005  0.7964917  0.79259855 0.79235005 0.79153246
 0.7926526  0.7914986  0.7953939  0.7956384  0.7927288  0.7923533
 0.7937916  0.79838496 0.79338324 0.7955823  0.791179   0.7934678
 0.79586494 0.7946039  0.79227746 0.79357165 0.79358494 0.79505783
 0.79372716 0.79632384 0.7994118  0.80165565 0.7963895  0.7947535
 0.79504067 0.79626596 0.7915613  0.7933291  0.7868813  0.79562175
 0.7953395  0.7947504  0.7927508  0.7903005  0.79500526 0.79618955
 0.7935819  0.793587   0.7866314  0.7964728  0.7958857  0.7947772
 0.7974782  0.7894944  0.79526985 0.79131687 0.80169845 0.79529756
 0.7947716  0.7883264  0.79183215 0.7919449  0.78830516 0.7913142
 0.789569   0.793126   0.79469585 0.79307586 0.7954446  0.79316396
 0.79708064 0.79144084 0.7932882  0.7933467  0.7982732  0.7913112
 0.79580253 0.7910221  0.7967065  0.79479116 0.79717565 0.79564714
 0.79113656 0.7954405  0.79106617 0.79186946 0.79112345 0.78870976
 0.7894824  0.79902107 0.7953251  0.79491156 0.79684013 0.79387796
 0.7907338  0.797113   0.7968108  0.7986127  0.79774463 0.78982013
 0.79913944 0.79143107 0.7916137  0.78942835 0.7956788  0.793532
 0.7931515  0.7940037  0.7980546  0.7933404  0.7923043  0.79052424
 0.7936994  0.79670817 0.79417354 0.78838915 0.7965818  0.79431987
 0.79171425 0.79167557 0.7915187  0.7913491  0.7946925  0.7967135
 0.79386276 0.79842514]
[nltk_data] Downloading package wordnet to /mnt/iusers01/fse-
[nltk_data]     ugpgt01/compsci01/q12628ct/nltk_data...
[nltk_data]   Package wordnet is already up-to-date!
[nltk_data] Downloading package punkt_tab to /mnt/iusers01/fse-
[nltk_data]     ugpgt01/compsci01/q12628ct/nltk_data...
[nltk_data]   Package punkt_tab is already up-to-date!
[nltk_data] Downloading package omw-1.4 to /mnt/iusers01/fse-
[nltk_data]     ugpgt01/compsci01/q12628ct/nltk_data...
[nltk_data]   Package omw-1.4 is already up-to-date!
/mnt/iusers01/fse-ugpgt01/compsci01/q12628ct/.conda/envs/semantic-decoding/lib/python3.10/site-packages/huggingface_hub/file_download.py:945: FutureWarning: `resume_download` is deprecated and will be removed in version 1.0.0. Downloads always resume when possible. If you want to force a new download, use `force_download=True`.
  warnings.warn(
Some weights of the model checkpoint at roberta-large were not used when initializing RobertaModel: ['lm_head.layer_norm.bias', 'lm_head.bias', 'lm_head.layer_norm.weight', 'lm_head.dense.bias', 'lm_head.dense.weight']
- This IS expected if you are initializing RobertaModel from the checkpoint of a model trained on another task or with another architecture (e.g. initializing a BertForSequenceClassification model from a BertForPreTraining model).
- This IS NOT expected if you are initializing RobertaModel from the checkpoint of a model that you expect to be exactly identical (initializing a BertForSequenceClassification model from a BertForSequenceClassification model).
Some weights of RobertaModel were not initialized from the model checkpoint at roberta-large and are newly initialized: ['roberta.pooler.dense.bias', 'roberta.pooler.dense.weight']
You should probably TRAIN this model on a down-stream task to be able to use it for predictions and inference.
bravo_repeat-1
WER
[-0.08433087 -0.08871582 -0.10090684 -0.09062607 -0.07880474 -0.07072699
 -0.07017908 -0.10426279 -0.09550098 -0.09957607 -0.07097359 -0.08604291
 -0.0622835  -0.10846872 -0.09205824 -0.10220059 -0.08803465 -0.06635758
 -0.08078409 -0.06552684 -0.08725481 -0.08584888 -0.07872815 -0.08198427
 -0.1027898  -0.10717155 -0.08277651 -0.11330584 -0.09909247 -0.08467913
 -0.09979763 -0.11065898 -0.11272892 -0.07509799 -0.09261804 -0.08254858
 -0.09857528 -0.09391235 -0.08381333 -0.0859693  -0.10987236 -0.09246032
 -0.08082923 -0.0575215  -0.11252505 -0.07132259 -0.08934211 -0.10253625
 -0.09752353 -0.07952022 -0.08971064 -0.09701956 -0.08096371 -0.08253134
 -0.10321421 -0.08461605 -0.08167064 -0.09790265 -0.08395854 -0.09351548
 -0.09681077 -0.08326925 -0.0834288  -0.08552404 -0.08204795 -0.09528702
 -0.06312011 -0.09378286 -0.08956235 -0.06589945 -0.08911629 -0.07546236
 -0.06352591 -0.06249801 -0.08496179 -0.08461868 -0.09612536 -0.08212756
 -0.09217536 -0.10072248 -0.04357709 -0.08824099 -0.07442032 -0.09786904
 -0.10410704 -0.11119823 -0.10734097 -0.08538912 -0.07545127 -0.08250324
 -0.10712715 -0.06481473 -0.10723646 -0.07401052 -0.06722557 -0.08371274
 -0.08565238 -0.0855689  -0.10225071 -0.07834304 -0.08911267 -0.0932464
 -0.0709301  -0.0988002  -0.07569422 -0.10047818 -0.1031509  -0.09139582
 -0.09562981 -0.08692661 -0.08773859 -0.10270042 -0.10373513 -0.1008218
 -0.07879984 -0.10289848 -0.07693268 -0.09015849 -0.08584019 -0.09018169
 -0.08921831 -0.09377693 -0.08686576 -0.10065774 -0.0793603  -0.05751931
 -0.0467737  -0.07315204 -0.0979343  -0.09380267 -0.06642914 -0.09999111
 -0.08849451 -0.10094414 -0.08971944 -0.07858511 -0.10799141 -0.1085941
 -0.09579464 -0.10474825 -0.09220298 -0.0783593  -0.08705135 -0.08417737
 -0.08522698 -0.09399437 -0.09263647 -0.09582346 -0.0859437  -0.1047164
 -0.07797451 -0.09716009 -0.06081971 -0.08099386 -0.08314623 -0.06049112
 -0.07831361 -0.08117515 -0.09789589 -0.06766301 -0.08987493 -0.09031523
 -0.09503712 -0.08163331 -0.08496619 -0.09944802 -0.10849488 -0.08244571
 -0.08940083 -0.09461129 -0.09163264 -0.0910959  -0.07125224 -0.09894561
 -0.06092377 -0.08184648 -0.05532507 -0.08670666 -0.0918499  -0.07794219
 -0.08435814 -0.09015245 -0.09144746 -0.08655007 -0.10684131 -0.08688371
 -0.0878557  -0.08423993 -0.09988905 -0.06234468 -0.09775721 -0.08825596
 -0.07696399 -0.09241432 -0.08978543 -0.07166007 -0.09796029 -0.07444263
 -0.08213059 -0.08547599]
bravo_repeat-1
BLEU
[0.23519394 0.21501019 0.16819079 0.2325602  0.23045323 0.2103322
 0.26556686 0.22743687 0.18032038 0.19354351 0.25808821 0.21822957
 0.27693764 0.18111992 0.17656898 0.20214147 0.27488882 0.28777419
 0.15393888 0.24906001 0.24672946 0.2190725  0.25556892 0.18832585
 0.15294713 0.20296459 0.17295228 0.17976469 0.21010636 0.25790165
 0.15023236 0.16491763 0.16556068 0.22915616 0.22377022 0.19679269
 0.20418816 0.19043382 0.22638128 0.21287819 0.15079967 0.25041787
 0.19394597 0.2629111  0.1432465  0.23068753 0.2506853  0.1623469
 0.23463783 0.23370598 0.22670147 0.16939202 0.23657804 0.22387434
 0.1927386  0.21378309 0.19777852 0.20123318 0.22552857 0.14609496
 0.2020586  0.24508837 0.21932706 0.22455023 0.20450189 0.27603469
 0.25385054 0.16345312 0.23336158 0.23965847 0.22666862 0.23372617
 0.22062911 0.23549376 0.24207865 0.20399589 0.19999798 0.19685255
 0.19351742 0.21868423 0.25307766 0.2087134  0.25171315 0.18186045
 0.12486505 0.1505234  0.13775711 0.22042252 0.2497394  0.22820697
 0.16075714 0.22293754 0.18463911 0.19531679 0.2749558  0.24290236
 0.20551227 0.24142488 0.21932578 0.23425188 0.22153326 0.21980262
 0.22635017 0.20640693 0.25569678 0.21754376 0.17213687 0.22707767
 0.18360524 0.25255724 0.21302921 0.1925725  0.20912352 0.21733042
 0.24893478 0.18427119 0.21101344 0.207611   0.16900056 0.18084132
 0.26198446 0.17066332 0.2457954  0.21408723 0.26035384 0.25320714
 0.25507553 0.27933025 0.12767997 0.18437188 0.2331082  0.22132038
 0.18332838 0.21106926 0.20883279 0.21335565 0.21783539 0.17551585
 0.23811074 0.182663   0.20974842 0.23895167 0.20655468 0.23121913
 0.22237864 0.20360729 0.20525067 0.19678281 0.20506332 0.20316935
 0.23671746 0.17113666 0.2207386  0.22573461 0.22743353 0.25599261
 0.26787401 0.212982   0.22157569 0.19725162 0.26176087 0.1661452
 0.19016107 0.22845485 0.18327906 0.19989917 0.1623445  0.2401603
 0.21411873 0.1633345  0.18233769 0.21691625 0.22636331 0.20505116
 0.25034357 0.24553033 0.24867665 0.23179581 0.22517674 0.22888539
 0.24944253 0.23799209 0.23735894 0.23283984 0.16351395 0.25462013
 0.23440527 0.26058308 0.20573004 0.23781843 0.15426216 0.22081165
 0.2206131  0.22272583 0.20920402 0.25868203 0.23262737 0.2232947
 0.21254639 0.2250609 ]
bravo_repeat-1
METEOR
[0.14993409 0.14592279 0.11606156 0.16403338 0.15140822 0.16591623
 0.18128532 0.15726657 0.12340125 0.13123944 0.19655653 0.16563055
 0.18632161 0.13435306 0.13167825 0.14119417 0.18760275 0.21998923
 0.11048198 0.16596983 0.18385432 0.16010004 0.20202824 0.1597027
 0.11468688 0.14168496 0.12541439 0.14313059 0.13945922 0.18317036
 0.12187765 0.13110776 0.13743275 0.15863089 0.1475704  0.15899039
 0.14872617 0.14694054 0.17915516 0.14714845 0.11359641 0.17636832
 0.13896671 0.1930325  0.11323978 0.16148051 0.16477312 0.12409704
 0.1602621  0.15777754 0.14129599 0.13132782 0.16754705 0.15042896
 0.1395372  0.14060219 0.14514838 0.14877899 0.17021881 0.11742627
 0.14867603 0.18199037 0.14996387 0.15884669 0.12684441 0.20928633
 0.18211671 0.11213544 0.16663704 0.16844196 0.15099086 0.16749663
 0.14583121 0.18003209 0.19550058 0.14798488 0.1404305  0.14540407
 0.13664554 0.14786136 0.16465385 0.15055287 0.16743851 0.14965278
 0.09630705 0.10979742 0.11351075 0.16781222 0.17801265 0.16876001
 0.12344694 0.13942161 0.12776494 0.13612996 0.19102125 0.16845835
 0.15183627 0.16265977 0.1509973  0.15426346 0.16860886 0.17798091
 0.17630255 0.14488695 0.18973123 0.15779399 0.12681867 0.16001764
 0.14382109 0.18241596 0.14356385 0.13408259 0.14715649 0.13467704
 0.16432878 0.13111211 0.16244217 0.14739522 0.10685385 0.13360204
 0.1720564  0.10919716 0.16925582 0.13556751 0.16710013 0.18279908
 0.17364596 0.18151201 0.10568397 0.13663123 0.15588488 0.14976761
 0.12738122 0.16182385 0.15184141 0.15601738 0.15350017 0.11513051
 0.1476566  0.13516013 0.14554841 0.16263728 0.15216565 0.17679216
 0.16158708 0.14013294 0.13803353 0.15711938 0.14976628 0.15425149
 0.17236265 0.12437783 0.1561113  0.15233841 0.16604853 0.17725662
 0.18048551 0.15734756 0.16412288 0.14261677 0.18228442 0.12164345
 0.1339628  0.17346514 0.13099571 0.13704666 0.11766394 0.16632378
 0.15156725 0.10095258 0.1214942  0.15099323 0.16851245 0.1494002
 0.17540714 0.15710339 0.1810949  0.16743977 0.17642345 0.16129833
 0.1782117  0.16938249 0.15975259 0.15552721 0.13045953 0.18961241
 0.16907648 0.17849386 0.14409906 0.17723819 0.11973906 0.16328138
 0.16621061 0.14826015 0.1544565  0.17080963 0.16384358 0.17146808
 0.15702523 0.15245721]
bravo_repeat-1
BERT
[0.8020136  0.80541945 0.8019613  0.80736905 0.80946267 0.8030723
 0.80761766 0.8049079  0.8057214  0.8045699  0.81014645 0.8031364
 0.80573654 0.8058168  0.8032628  0.80304253 0.8057596  0.8064363
 0.8047683  0.8067703  0.8098031  0.81062365 0.8088573  0.8049151
 0.79945004 0.8054387  0.80356085 0.8043586  0.80544114 0.808715
 0.79947793 0.8054134  0.7996113  0.8004446  0.80511886 0.8026795
 0.8060273  0.8052949  0.80678326 0.80424005 0.7989175  0.80628335
 0.8022     0.8047762  0.7998052  0.8070176  0.8029034  0.80104196
 0.8079985  0.80153126 0.80479693 0.8057574  0.8041475  0.805716
 0.80317986 0.8035083  0.80452466 0.80276376 0.8079623  0.80375856
 0.80163735 0.8056355  0.8079512  0.8044832  0.7993078  0.80861694
 0.8076145  0.8031235  0.8021038  0.80509764 0.80743057 0.8082365
 0.806221   0.80808526 0.8076722  0.80398726 0.8055312  0.8109935
 0.80374295 0.8077305  0.80698216 0.80675554 0.80879307 0.8051048
 0.80296576 0.7994969  0.7979832  0.80612004 0.81031746 0.8084553
 0.8090235  0.80868775 0.80368507 0.7999165  0.8037683  0.8067954
 0.80797166 0.8061983  0.8102565  0.8085428  0.80718344 0.80477685
 0.8093235  0.80286974 0.8094234  0.8099725  0.80277914 0.80458814
 0.8072336  0.8070861  0.80473894 0.80369663 0.7993826  0.800562
 0.8083622  0.80171055 0.8016777  0.8055082  0.79783195 0.80013245
 0.8083408  0.8001443  0.8066179  0.8029671  0.8104181  0.8091041
 0.80476344 0.8095972  0.79995716 0.8055004  0.8059081  0.8106816
 0.80480295 0.8076298  0.8030095  0.8040597  0.8027084  0.8033223
 0.802325   0.80015814 0.79928756 0.80599415 0.80240697 0.8085763
 0.8040957  0.8081509  0.8046006  0.8071165  0.8008182  0.80467623
 0.80726904 0.80335796 0.8132643  0.80404633 0.8032597  0.80428433
 0.8064859  0.80515385 0.81079817 0.80213064 0.81322396 0.8025056
 0.8031378  0.80777323 0.8020345  0.8033718  0.7998879  0.8059568
 0.8034819  0.8021199  0.80372417 0.8050572  0.8103206  0.8087832
 0.80710655 0.8045914  0.8094087  0.8110282  0.804964   0.8043047
 0.80976903 0.80665874 0.8056133  0.8051151  0.80172384 0.80644363
 0.80953234 0.80518985 0.8044049  0.8080763  0.80124676 0.8082562
 0.8132933  0.80787826 0.80426854 0.8082106  0.80522585 0.81500554
 0.80607593 0.80642617]
[nltk_data] Downloading package wordnet to /mnt/iusers01/fse-
[nltk_data]     ugpgt01/compsci01/q12628ct/nltk_data...
[nltk_data]   Package wordnet is already up-to-date!
[nltk_data] Downloading package punkt_tab to /mnt/iusers01/fse-
[nltk_data]     ugpgt01/compsci01/q12628ct/nltk_data...
[nltk_data]   Package punkt_tab is already up-to-date!
[nltk_data] Downloading package omw-1.4 to /mnt/iusers01/fse-
[nltk_data]     ugpgt01/compsci01/q12628ct/nltk_data...
[nltk_data]   Package omw-1.4 is already up-to-date!
/mnt/iusers01/fse-ugpgt01/compsci01/q12628ct/.conda/envs/semantic-decoding/lib/python3.10/site-packages/huggingface_hub/file_download.py:945: FutureWarning: `resume_download` is deprecated and will be removed in version 1.0.0. Downloads always resume when possible. If you want to force a new download, use `force_download=True`.
  warnings.warn(
Some weights of the model checkpoint at roberta-large were not used when initializing RobertaModel: ['lm_head.layer_norm.weight', 'lm_head.bias', 'lm_head.dense.weight', 'lm_head.dense.bias', 'lm_head.layer_norm.bias']
- This IS expected if you are initializing RobertaModel from the checkpoint of a model trained on another task or with another architecture (e.g. initializing a BertForSequenceClassification model from a BertForPreTraining model).
- This IS NOT expected if you are initializing RobertaModel from the checkpoint of a model that you expect to be exactly identical (initializing a BertForSequenceClassification model from a BertForSequenceClassification model).
Some weights of RobertaModel were not initialized from the model checkpoint at roberta-large and are newly initialized: ['roberta.pooler.dense.weight', 'roberta.pooler.dense.bias']
You should probably TRAIN this model on a down-stream task to be able to use it for predictions and inference.
bravo_repeat-2
WER
[-0.05116245 -0.014782   -0.02811575 -0.02896565 -0.03662217 -0.04736054
 -0.05747795 -0.03548097 -0.02749654 -0.03895426 -0.03135958 -0.04641459
 -0.03058342 -0.02503159 -0.03836241 -0.03922717 -0.04173035 -0.05093637
 -0.04730654 -0.03601116 -0.00729744 -0.03983176 -0.03723605 -0.04252876
 -0.02716769 -0.02839896 -0.03666194 -0.06081295 -0.04039316 -0.03305238
 -0.03526647 -0.04681448 -0.02034493 -0.05942647 -0.02462966 -0.0290846
 -0.03816481 -0.03505403 -0.03625764 -0.05234931 -0.04199468 -0.03650776
 -0.03082153 -0.04765739 -0.03260436 -0.04994979 -0.03232719 -0.05216773
 -0.03309352 -0.02956378 -0.01292773 -0.03419409 -0.0212009  -0.03615102
 -0.03375376 -0.02130798 -0.02288847 -0.03679991 -0.04705439 -0.04260626
 -0.03340913 -0.05418412 -0.04347753 -0.05016663 -0.018829   -0.04137005
 -0.04822197 -0.03284346 -0.0273647  -0.05456474 -0.01544465 -0.02115875
 -0.01787899 -0.04116678 -0.03954156 -0.04011389 -0.04469818 -0.02592
 -0.04139155 -0.04543762 -0.04267552 -0.04138942 -0.03925262 -0.03217599
 -0.04461403 -0.0133564  -0.01927407 -0.03204486 -0.05201857 -0.03134077
 -0.04556303 -0.03814934 -0.03333591 -0.03473681 -0.02194928 -0.04048287
 -0.02781592 -0.02163151 -0.03486431 -0.0197181  -0.03691377 -0.03671206
 -0.03559491 -0.03553063 -0.03232586 -0.04006617 -0.03089963 -0.03011144
 -0.05588332 -0.05025424 -0.04286739 -0.05420999 -0.04020783 -0.05203906
 -0.04041823 -0.03913867 -0.03513597 -0.03994267 -0.02457631 -0.05032668
 -0.0198754  -0.0328365  -0.03159149 -0.0360661  -0.0306322  -0.04260815
 -0.02114963 -0.04766415 -0.04337055 -0.0524363  -0.04187773 -0.02634867
 -0.04351234 -0.00918059 -0.02450081 -0.02028126 -0.03938012 -0.00619917
 -0.02913877 -0.05114755 -0.03331549 -0.03407223 -0.0238761  -0.0626842
 -0.02927984 -0.0243902  -0.02128639 -0.03053614 -0.03577807 -0.03868264
 -0.04349808 -0.03704489 -0.03870012 -0.04754741 -0.04540003 -0.05711914
 -0.03568597 -0.04192475 -0.02021589 -0.04098285 -0.01767238 -0.02999001
 -0.02473594 -0.03744379 -0.02587349 -0.04516333 -0.05191989 -0.03234435
 -0.04420101 -0.03651984 -0.05382104 -0.04894089 -0.04557701 -0.04498719
 -0.04011082 -0.00991159 -0.04895926 -0.05343237 -0.04294378 -0.04986854
 -0.02764772 -0.04553766 -0.04662285 -0.03355767 -0.03370476 -0.03301938
 -0.04248149 -0.02355491 -0.03493916 -0.05633394 -0.03469562 -0.02362338
 -0.04779011 -0.0433764  -0.03245011 -0.02664333 -0.04328576 -0.05456244
 -0.03410125 -0.03502334]
bravo_repeat-2
BLEU
[0.23927291 0.23907952 0.21278713 0.22636251 0.17458448 0.23590087
 0.17808967 0.1546218  0.23269984 0.19641034 0.20210044 0.20193283
 0.21312836 0.18848165 0.18868936 0.160984   0.16762045 0.24682627
 0.22827288 0.22811841 0.23607039 0.26753718 0.21474471 0.18815502
 0.22260253 0.24646227 0.23929829 0.16924206 0.20292074 0.23255383
 0.22588413 0.24316195 0.22081933 0.18470587 0.2336318  0.20489493
 0.21092012 0.24205605 0.26631361 0.23030889 0.19425719 0.21513768
 0.21656845 0.17176321 0.22498007 0.18219633 0.20975525 0.20574727
 0.23976516 0.20961511 0.25564379 0.22241049 0.20972148 0.22602431
 0.21858066 0.22747119 0.23812102 0.18262407 0.21005456 0.19901879
 0.17446939 0.17887492 0.21807612 0.21089916 0.23234703 0.17230156
 0.13847186 0.20828456 0.22847235 0.1570923  0.27364738 0.21580181
 0.17748271 0.22765551 0.21485254 0.2205298  0.24111489 0.20170106
 0.24998736 0.23210159 0.2064556  0.27569898 0.19361478 0.2123348
 0.21551131 0.24484727 0.22972881 0.21952687 0.18689865 0.21197856
 0.20803119 0.23608483 0.1968189  0.23309838 0.23239411 0.18287277
 0.24580991 0.25207485 0.23116971 0.22919269 0.22161078 0.22261241
 0.25967268 0.20426801 0.22823647 0.20661659 0.27512414 0.25892201
 0.23256716 0.19856715 0.22479801 0.19546954 0.20631188 0.16304818
 0.2248324  0.19607304 0.18800747 0.21319066 0.21957835 0.17959551
 0.26387559 0.23673239 0.24052186 0.25469976 0.18299636 0.16502645
 0.2410422  0.20488686 0.18720043 0.20847547 0.22599214 0.24396274
 0.15333032 0.24398413 0.25384181 0.24340618 0.2693605  0.24513894
 0.20527441 0.20147744 0.18230598 0.20503045 0.29013978 0.15334554
 0.18571796 0.22001908 0.24486151 0.24404421 0.26393833 0.20973602
 0.17492211 0.22073821 0.21801761 0.21446004 0.21691547 0.15425146
 0.22033428 0.24390084 0.26622931 0.21379523 0.22887979 0.23898421
 0.24575172 0.18079573 0.2200465  0.21572983 0.20941645 0.24840129
 0.24480353 0.19730547 0.19155302 0.23290399 0.22345025 0.2179288
 0.25845769 0.23796592 0.20496738 0.15980455 0.19686299 0.25633212
 0.2285346  0.22717548 0.22269298 0.22593483 0.19359499 0.24352555
 0.222453   0.19803728 0.19664176 0.17857816 0.2050515  0.20549837
 0.20902854 0.21936576 0.22825365 0.24227428 0.21012546 0.14973687
 0.19646158 0.18374267]
bravo_repeat-2
METEOR
[0.16084721 0.17530819 0.13992104 0.16041912 0.11059049 0.16456186
 0.12154051 0.13260882 0.14932261 0.12573472 0.14012169 0.13126235
 0.12643066 0.13058228 0.13027802 0.12044066 0.12212494 0.16959646
 0.14711826 0.14103525 0.16282884 0.18607551 0.14438487 0.13033558
 0.15459168 0.17250804 0.16730314 0.10717106 0.13959832 0.15750682
 0.14605201 0.17356872 0.15616331 0.11468388 0.154576   0.13285028
 0.15982099 0.16730446 0.1792527  0.14308236 0.13446438 0.15182319
 0.16003477 0.11863885 0.13731409 0.1240139  0.1409245  0.14265906
 0.15522778 0.13114805 0.17805429 0.14205916 0.14498946 0.15960697
 0.15503937 0.16513737 0.18015265 0.15581348 0.13975486 0.14239341
 0.12366143 0.12400166 0.14743216 0.15001215 0.17589471 0.12799416
 0.09768941 0.1390389  0.15866552 0.11212132 0.18631158 0.14686241
 0.1332535  0.15075055 0.14070834 0.15223236 0.1604282  0.14501644
 0.17649128 0.14387501 0.13872019 0.18337412 0.13885929 0.13991005
 0.14409395 0.18146365 0.17106626 0.15925416 0.12256913 0.15699284
 0.14593206 0.15816766 0.14094303 0.14275267 0.15735948 0.11680436
 0.15762919 0.16732056 0.16390272 0.14125428 0.15524675 0.1554834
 0.16550625 0.14104594 0.15529554 0.12623495 0.18910827 0.17670991
 0.15601987 0.14108569 0.15077101 0.1417128  0.15199928 0.11445204
 0.16528927 0.12528247 0.11759993 0.14052676 0.14232166 0.11962576
 0.17348646 0.16585353 0.14648638 0.16755543 0.11876313 0.11784057
 0.15447526 0.14995738 0.12242296 0.14181777 0.13617215 0.15610664
 0.10494484 0.16996217 0.17336253 0.1641583  0.1850347  0.15577085
 0.12618911 0.14502217 0.13684287 0.15112808 0.17701165 0.12898944
 0.13373659 0.1560402  0.16003182 0.18146747 0.17183225 0.13932319
 0.12131161 0.17076715 0.16233934 0.13670316 0.17132958 0.10642193
 0.15002161 0.18394705 0.1708083  0.15981314 0.14824907 0.16269526
 0.18145849 0.1421644  0.14884586 0.1779963  0.14783936 0.17471017
 0.16115326 0.13489288 0.11572213 0.15342243 0.14705432 0.15523931
 0.16964259 0.18735904 0.13302027 0.11041146 0.14680149 0.17294093
 0.14991951 0.15591832 0.15305874 0.15324398 0.12496366 0.1604216
 0.14465385 0.14290558 0.12693481 0.11875126 0.14425471 0.14029353
 0.14315926 0.14672613 0.14806683 0.17921573 0.13216569 0.1095197
 0.13015507 0.14589744]
bravo_repeat-2
BERT
[0.80714935 0.8066229  0.80324984 0.8093779  0.801169   0.8068469
 0.8035751  0.8027913  0.8116515  0.80793893 0.8063379  0.8070886
 0.8023088  0.8007958  0.806109   0.8036799  0.8051348  0.8097695
 0.80243635 0.8052101  0.8098756  0.8049902  0.8061596  0.8022423
 0.8021766  0.807271   0.8084004  0.8014945  0.8095957  0.80672616
 0.8051652  0.8067252  0.80771023 0.804833   0.8068033  0.80329204
 0.8081467  0.8050325  0.8063402  0.8054363  0.8067962  0.8033912
 0.80928755 0.79904723 0.80240285 0.80797714 0.80119324 0.80326694
 0.80718774 0.8045776  0.8073717  0.80282223 0.8135432  0.8054567
 0.80982655 0.80661976 0.8065552  0.8013692  0.80421895 0.8024172
 0.8041637  0.8010171  0.8032711  0.8047802  0.8105653  0.8067358
 0.8009331  0.80194956 0.80848724 0.80397034 0.8050623  0.8051168
 0.8028956  0.80215573 0.80118626 0.8060891  0.8060203  0.80739945
 0.8084277  0.80720556 0.8014487  0.80508137 0.8074812  0.8037221
 0.80458635 0.8147492  0.8053345  0.8060995  0.8058118  0.8046126
 0.80422175 0.8050152  0.80564404 0.80695677 0.8050174  0.8043491
 0.8036484  0.81169647 0.8093013  0.809196   0.80493295 0.8057758
 0.80729496 0.80821645 0.80798125 0.802976   0.8079405  0.8069528
 0.8034872  0.8048741  0.8038789  0.8034769  0.80348456 0.8027866
 0.8076167  0.80092007 0.804083   0.80641574 0.8061125  0.7971629
 0.8087135  0.80581385 0.8079265  0.8098574  0.800732   0.803873
 0.8056619  0.7999755  0.8095917  0.8059392  0.80362207 0.80658376
 0.79554033 0.8036169  0.805757   0.80963653 0.8137282  0.80474305
 0.8026003  0.8067108  0.8018855  0.8057613  0.80485684 0.80344176
 0.8111149  0.8104218  0.8039791  0.81149197 0.8077444  0.8049232
 0.80236506 0.80608165 0.8042968  0.81074274 0.8044671  0.80604434
 0.8051604  0.8134668  0.8155845  0.8036313  0.80509496 0.8030291
 0.81018436 0.80130315 0.80643326 0.8095288  0.8035737  0.8050001
 0.80827534 0.80328107 0.80080396 0.80184335 0.8022007  0.8058473
 0.8034866  0.8094487  0.80551773 0.8024664  0.8063913  0.8102123
 0.80313957 0.80618256 0.802336   0.80616    0.8034434  0.8080567
 0.80967593 0.80545586 0.8055116  0.8019062  0.80476975 0.8059444
 0.8050295  0.803392   0.80358666 0.80611205 0.8026311  0.8020972
 0.80425    0.8056062 ]
[nltk_data] Downloading package wordnet to /mnt/iusers01/fse-
[nltk_data]     ugpgt01/compsci01/q12628ct/nltk_data...
[nltk_data]   Package wordnet is already up-to-date!
[nltk_data] Downloading package punkt_tab to /mnt/iusers01/fse-
[nltk_data]     ugpgt01/compsci01/q12628ct/nltk_data...
[nltk_data]   Package punkt_tab is already up-to-date!
[nltk_data] Downloading package omw-1.4 to /mnt/iusers01/fse-
[nltk_data]     ugpgt01/compsci01/q12628ct/nltk_data...
[nltk_data]   Package omw-1.4 is already up-to-date!
/mnt/iusers01/fse-ugpgt01/compsci01/q12628ct/.conda/envs/semantic-decoding/lib/python3.10/site-packages/huggingface_hub/file_download.py:945: FutureWarning: `resume_download` is deprecated and will be removed in version 1.0.0. Downloads always resume when possible. If you want to force a new download, use `force_download=True`.
  warnings.warn(
Some weights of the model checkpoint at roberta-large were not used when initializing RobertaModel: ['lm_head.dense.weight', 'lm_head.layer_norm.bias', 'lm_head.layer_norm.weight', 'lm_head.dense.bias', 'lm_head.bias']
- This IS expected if you are initializing RobertaModel from the checkpoint of a model trained on another task or with another architecture (e.g. initializing a BertForSequenceClassification model from a BertForPreTraining model).
- This IS NOT expected if you are initializing RobertaModel from the checkpoint of a model that you expect to be exactly identical (initializing a BertForSequenceClassification model from a BertForSequenceClassification model).
Some weights of RobertaModel were not initialized from the model checkpoint at roberta-large and are newly initialized: ['roberta.pooler.dense.weight', 'roberta.pooler.dense.bias']
You should probably TRAIN this model on a down-stream task to be able to use it for predictions and inference.
charlie_repeat-1
WER
[-0.06724291 -0.09553766 -0.09123778 -0.10160541 -0.0586003  -0.10162626
 -0.1044983  -0.09562219 -0.0985157  -0.08766357 -0.09574457 -0.09111365
 -0.08202753 -0.08273602 -0.07815696 -0.10279751 -0.09492752 -0.09241879
 -0.09527649 -0.09110412 -0.08806965 -0.08120793 -0.08711455 -0.09228573
 -0.08687853 -0.10043553 -0.08046298 -0.10592347 -0.0892041  -0.10082201
 -0.0671408  -0.07548    -0.10622791 -0.08435778 -0.10301723 -0.07575922
 -0.108556   -0.07444288 -0.10211266 -0.0982523  -0.09787189 -0.07144322
 -0.09046468 -0.08971387 -0.0874485  -0.10954762 -0.08420467 -0.07840001
 -0.08157084 -0.08719459 -0.07218252 -0.07365596 -0.09576642 -0.10716978
 -0.10642472 -0.08417449 -0.1048142  -0.09215728 -0.09093132 -0.10684209
 -0.09196555 -0.10054375 -0.08529877 -0.08854395 -0.07305919 -0.09494541
 -0.10489264 -0.09761455 -0.08168138 -0.07495421 -0.07591245 -0.08866954
 -0.06240672 -0.08459601 -0.09948195 -0.11010312 -0.10870742 -0.07609761
 -0.09831116 -0.08399531 -0.09428784 -0.0887797  -0.09506468 -0.08419643
 -0.08717215 -0.063385   -0.07759366 -0.10866052 -0.0964566  -0.09750338
 -0.0933597  -0.1050344  -0.09217193 -0.09083085 -0.07946861 -0.09001756
 -0.09577808 -0.07654689 -0.09341403 -0.10171849 -0.10919771 -0.08498886
 -0.08990956 -0.0775077  -0.10456572 -0.09968222 -0.09343563 -0.09133035
 -0.08924439 -0.07663159 -0.08947582 -0.10489207 -0.10480716 -0.1169189
 -0.08721444 -0.10066819 -0.09525092 -0.08922953 -0.08189017 -0.0981081
 -0.08725806 -0.0845486  -0.08040344 -0.0883685  -0.10093658 -0.10401335
 -0.0912333  -0.08695968 -0.0872235  -0.08933496 -0.09363641 -0.10189982
 -0.08840719 -0.06793995 -0.09321831 -0.09810669 -0.06919268 -0.08264778
 -0.092785   -0.09385049 -0.100259   -0.10669585 -0.09139975 -0.11205831
 -0.08323446 -0.10032524 -0.07823139 -0.08607148 -0.08029274 -0.08903989
 -0.08306063 -0.08609595 -0.10780142 -0.09955491 -0.09055239 -0.08878971
 -0.08464917 -0.0668529  -0.08522248 -0.10592172 -0.08833321 -0.10163028
 -0.09424847 -0.07935713 -0.10545081 -0.08803387 -0.10179655 -0.0968687
 -0.08410722 -0.09465978 -0.08194186 -0.09093774 -0.09173645 -0.08254193
 -0.07337921 -0.10467289 -0.08452896 -0.10413638 -0.09842182 -0.09669858
 -0.09923549 -0.11072414 -0.09730764 -0.08845593 -0.08351295 -0.10425037
 -0.08589027 -0.10364566 -0.10624627 -0.06810667 -0.08611832 -0.09053981
 -0.08888537 -0.10016687 -0.08501029 -0.08640795 -0.09006941 -0.09159936
 -0.10702989 -0.09123697]
charlie_repeat-1
BLEU
[0.21321744 0.17813797 0.17657987 0.17145868 0.22712861 0.16554257
 0.16597244 0.15913399 0.1852928  0.21918982 0.18977597 0.19846088
 0.17552085 0.24450209 0.19872951 0.1814912  0.15409234 0.16477352
 0.2081628  0.19829079 0.17797189 0.18860901 0.17476325 0.14878905
 0.18018814 0.15946372 0.19012907 0.17402948 0.18661219 0.17780408
 0.2074969  0.20530833 0.17281411 0.19235044 0.16364726 0.1971607
 0.16701322 0.19311391 0.17401511 0.21500354 0.16404329 0.19818451
 0.18450418 0.17897561 0.16427157 0.15547542 0.18459199 0.2196255
 0.19648069 0.14200498 0.1694543  0.18795504 0.1516832  0.16140026
 0.16668103 0.21103941 0.1654108  0.15319546 0.18475687 0.18095122
 0.17566075 0.17245368 0.18257365 0.21459045 0.20110557 0.17301392
 0.17913576 0.16589047 0.16139263 0.18552528 0.21317782 0.18614692
 0.20468522 0.21126865 0.17921308 0.1614671  0.15804222 0.21911059
 0.18811572 0.18823995 0.20302329 0.18011486 0.16643259 0.19915053
 0.17015888 0.22621317 0.20507828 0.16264023 0.15298312 0.20325937
 0.19326745 0.16095123 0.15586147 0.19132976 0.21028824 0.16849298
 0.16905945 0.20321887 0.17378614 0.1675313  0.1521808  0.18735516
 0.20002396 0.20913469 0.20951625 0.20577302 0.18359542 0.15608747
 0.19545174 0.2218625  0.20731691 0.18298049 0.17081229 0.14122312
 0.18071668 0.16924771 0.17078885 0.18500948 0.17219373 0.18199241
 0.2062186  0.24151465 0.21334927 0.21522426 0.16607509 0.1686542
 0.18160475 0.21749705 0.17625792 0.23150768 0.22092801 0.19916489
 0.18450113 0.21552769 0.19092169 0.18983032 0.20233419 0.19472354
 0.21254495 0.2154551  0.18538871 0.17589476 0.21269939 0.16019663
 0.20017002 0.17688385 0.19787869 0.2147861  0.20377291 0.19756791
 0.17721043 0.19153261 0.16686044 0.18633091 0.19773143 0.19485789
 0.17996894 0.18110252 0.15655654 0.1602135  0.17802123 0.14827992
 0.18820271 0.19754864 0.20690955 0.20805705 0.18482293 0.18066149
 0.18786708 0.18943262 0.24223033 0.17943152 0.18678094 0.17323597
 0.21449805 0.17964764 0.20512717 0.16105184 0.13796811 0.17911678
 0.15277694 0.16684778 0.16513735 0.16207493 0.14768029 0.17963038
 0.19807263 0.17905533 0.13036975 0.22037891 0.20602076 0.19771068
 0.19583765 0.18065682 0.17935741 0.18491876 0.19011709 0.19723564
 0.17760105 0.20615318]
charlie_repeat-1
METEOR
[0.14516499 0.14516321 0.14024202 0.13251994 0.15484144 0.1531478
 0.12571339 0.12262449 0.14449515 0.16358432 0.13807813 0.1692821
 0.15126645 0.15907052 0.15831804 0.13009585 0.15515918 0.12738507
 0.1667292  0.14614701 0.13481544 0.13383512 0.13015847 0.14725993
 0.14156347 0.14311781 0.12903915 0.15021953 0.15971816 0.12675989
 0.16865409 0.17133512 0.12829589 0.14248351 0.13026305 0.15476636
 0.12405472 0.15253908 0.16034934 0.14949501 0.13089332 0.13145441
 0.15827596 0.13228735 0.12661247 0.11645623 0.17197429 0.1776063
 0.14564477 0.12072282 0.13648375 0.15301098 0.12018166 0.12879505
 0.14564992 0.16182596 0.13684328 0.12356398 0.15437679 0.12559721
 0.13540709 0.11386626 0.13765992 0.14679506 0.14560135 0.1310086
 0.13380533 0.14605332 0.13703282 0.13661563 0.14761334 0.14992375
 0.16737374 0.16463261 0.14673373 0.14129871 0.11999666 0.16100076
 0.16538643 0.1525777  0.1685373  0.1292018  0.16728338 0.17388757
 0.14124572 0.18086642 0.16044545 0.12437041 0.11810697 0.15979625
 0.14370187 0.12655652 0.1398787  0.14558043 0.16473106 0.15229006
 0.15584732 0.15743581 0.15624991 0.13421232 0.1212899  0.14685671
 0.16430573 0.17332197 0.15457982 0.16925642 0.12770408 0.14970968
 0.14103469 0.16681858 0.15931883 0.14136235 0.13919257 0.10698111
 0.16424912 0.14085977 0.14354646 0.14271713 0.14094083 0.1488612
 0.16868595 0.19919258 0.14588897 0.1562509  0.12942305 0.13781064
 0.13274371 0.16719857 0.12503232 0.17917304 0.16148893 0.16481898
 0.15891947 0.18550493 0.16853652 0.14788552 0.1919583  0.15599148
 0.15533073 0.15165337 0.15222186 0.13332113 0.15898236 0.14132361
 0.18947895 0.12377699 0.17477068 0.15712002 0.14349882 0.17400929
 0.14956804 0.14847836 0.11192468 0.14227515 0.13739798 0.14343798
 0.13340227 0.15153444 0.11678192 0.11055611 0.15779261 0.11483225
 0.13674602 0.17016592 0.14679555 0.14772573 0.15532913 0.11497213
 0.14089817 0.13570154 0.16173142 0.14232718 0.1397336  0.14642621
 0.1853264  0.13797461 0.15436197 0.13129775 0.13080594 0.1326651
 0.13376491 0.12846114 0.1298134  0.13080758 0.13280721 0.14602584
 0.17097025 0.13312166 0.10618396 0.18560966 0.16907167 0.17300164
 0.13480757 0.15773081 0.13488848 0.14899384 0.18441772 0.15411505
 0.13764407 0.16361705]
charlie_repeat-1
BERT
[0.79095525 0.7862083  0.7824594  0.7807243  0.7818643  0.7860746
 0.7868928  0.7826323  0.7859557  0.78853196 0.78514284 0.7837359
 0.7876744  0.7848292  0.78505504 0.78626585 0.7865884  0.77965254
 0.7860716  0.7887139  0.777672   0.7886807  0.7833466  0.78352356
 0.7852239  0.7812757  0.784518   0.7848692  0.79079354 0.78429365
 0.78346616 0.79536915 0.7809868  0.7825749  0.78779966 0.78567904
 0.7852223  0.7849959  0.78114647 0.78229934 0.7824138  0.7820468
 0.7928128  0.77897465 0.78241014 0.78221065 0.78510994 0.7892811
 0.77925164 0.7832933  0.7839682  0.7811274  0.7822833  0.7827999
 0.78549695 0.78537303 0.78497094 0.78154916 0.78205967 0.78426033
 0.78715867 0.7828679  0.7839885  0.78839827 0.781563   0.78272426
 0.7854469  0.7825175  0.78567755 0.7868785  0.78406644 0.7821569
 0.79063916 0.7823038  0.7810012  0.78047955 0.7815136  0.7923007
 0.7847169  0.7844739  0.7807847  0.7877467  0.77960294 0.78160447
 0.7813906  0.7859793  0.7848111  0.7812419  0.78760296 0.7849174
 0.7907771  0.7835972  0.783637   0.78126246 0.7837355  0.78284824
 0.78445566 0.78461754 0.7903127  0.7811276  0.7821914  0.78211546
 0.7842853  0.780056   0.7842212  0.7828401  0.78355956 0.78943455
 0.78334796 0.7890857  0.786951   0.7778995  0.7815169  0.7800095
 0.7848313  0.7845975  0.7822282  0.7881577  0.78027606 0.7818736
 0.79053664 0.78396827 0.7861692  0.7850088  0.78799736 0.7844229
 0.78473246 0.7813563  0.7822357  0.7907186  0.79016423 0.78737396
 0.77998555 0.7929641  0.7841525  0.7833134  0.78813636 0.78611046
 0.7854736  0.78204757 0.7840817  0.7887454  0.78202105 0.78256357
 0.78440744 0.78249675 0.7844859  0.79062486 0.7849794  0.78890395
 0.78886944 0.7793324  0.7839931  0.7851269  0.7861628  0.7819842
 0.7904327  0.7859821  0.78726345 0.78876543 0.78145653 0.7798277
 0.7839405  0.77956635 0.7818615  0.7853586  0.7860069  0.781624
 0.7879819  0.7858869  0.7871399  0.78205585 0.78450495 0.7829807
 0.7846876  0.7911067  0.78249675 0.7840516  0.78224254 0.77967066
 0.7880549  0.7800027  0.7822964  0.78694004 0.7892985  0.7895744
 0.786163   0.78746635 0.78218067 0.78940064 0.7868707  0.7867577
 0.7821168  0.787731   0.78270584 0.7806692  0.78694534 0.7858416
 0.7771815  0.7844958 ]
[nltk_data] Downloading package wordnet to /mnt/iusers01/fse-
[nltk_data]     ugpgt01/compsci01/q12628ct/nltk_data...
[nltk_data]   Package wordnet is already up-to-date!
[nltk_data] Downloading package punkt_tab to /mnt/iusers01/fse-
[nltk_data]     ugpgt01/compsci01/q12628ct/nltk_data...
[nltk_data]   Package punkt_tab is already up-to-date!
[nltk_data] Downloading package omw-1.4 to /mnt/iusers01/fse-
[nltk_data]     ugpgt01/compsci01/q12628ct/nltk_data...
[nltk_data]   Package omw-1.4 is already up-to-date!
/mnt/iusers01/fse-ugpgt01/compsci01/q12628ct/.conda/envs/semantic-decoding/lib/python3.10/site-packages/huggingface_hub/file_download.py:945: FutureWarning: `resume_download` is deprecated and will be removed in version 1.0.0. Downloads always resume when possible. If you want to force a new download, use `force_download=True`.
  warnings.warn(
Some weights of the model checkpoint at roberta-large were not used when initializing RobertaModel: ['lm_head.bias', 'lm_head.dense.bias', 'lm_head.dense.weight', 'lm_head.layer_norm.weight', 'lm_head.layer_norm.bias']
- This IS expected if you are initializing RobertaModel from the checkpoint of a model trained on another task or with another architecture (e.g. initializing a BertForSequenceClassification model from a BertForPreTraining model).
- This IS NOT expected if you are initializing RobertaModel from the checkpoint of a model that you expect to be exactly identical (initializing a BertForSequenceClassification model from a BertForSequenceClassification model).
Some weights of RobertaModel were not initialized from the model checkpoint at roberta-large and are newly initialized: ['roberta.pooler.dense.bias', 'roberta.pooler.dense.weight']
You should probably TRAIN this model on a down-stream task to be able to use it for predictions and inference.
charlie_repeat-2
WER
[-0.13771053 -0.11463567 -0.13559275 -0.12474083 -0.12431009 -0.13519968
 -0.13330748 -0.12978461 -0.13263977 -0.13068899 -0.11433669 -0.14096322
 -0.13661006 -0.11362648 -0.10716081 -0.10388375 -0.14128104 -0.13966961
 -0.12277514 -0.13907111 -0.11540839 -0.12708026 -0.14069855 -0.11304308
 -0.12773868 -0.13624999 -0.11814454 -0.1194925  -0.13899052 -0.14625803
 -0.11492189 -0.13928932 -0.12107798 -0.13320408 -0.11742523 -0.13178419
 -0.13397394 -0.14962534 -0.11062362 -0.10900095 -0.12631773 -0.13288662
 -0.13148245 -0.12994311 -0.12050161 -0.15720086 -0.11655556 -0.10312455
 -0.14232535 -0.1478658  -0.09726253 -0.12258137 -0.11451554 -0.13853011
 -0.12930155 -0.14992932 -0.11718867 -0.13081557 -0.12295696 -0.13707331
 -0.13106589 -0.12217643 -0.13269497 -0.13744258 -0.12231943 -0.12377044
 -0.13274939 -0.12539586 -0.1272556  -0.14374006 -0.11824138 -0.12159432
 -0.13402277 -0.12437998 -0.13442346 -0.13991128 -0.13130256 -0.1221647
 -0.12966049 -0.1289216  -0.1202573  -0.10224776 -0.12701752 -0.12715789
 -0.12503719 -0.13523272 -0.14622259 -0.1333995  -0.12048462 -0.13095679
 -0.14160604 -0.12856181 -0.12386508 -0.1412916  -0.13310806 -0.13515713
 -0.12719147 -0.11497962 -0.11769425 -0.12983898 -0.14202682 -0.12282107
 -0.12568586 -0.13441234 -0.13573164 -0.14113341 -0.12481688 -0.12633018
 -0.12352892 -0.12892756 -0.14428344 -0.115956   -0.1413286  -0.13202895
 -0.12472832 -0.1305509  -0.11919476 -0.13283762 -0.0898804  -0.12401444
 -0.09464382 -0.12398896 -0.14039355 -0.09176697 -0.1188669  -0.12539044
 -0.13739644 -0.12328145 -0.12864707 -0.11650359 -0.13353036 -0.10069083
 -0.13717882 -0.12491475 -0.14443873 -0.12971507 -0.15072378 -0.10800235
 -0.13594501 -0.1223154  -0.10678658 -0.14368022 -0.13157366 -0.1255894
 -0.1187112  -0.14710258 -0.11570201 -0.11585569 -0.11357154 -0.10883158
 -0.13558895 -0.12409787 -0.14191658 -0.13289409 -0.1431565  -0.12769207
 -0.11505285 -0.14041572 -0.1321108  -0.13877956 -0.12938089 -0.12616064
 -0.11147675 -0.14961761 -0.12104908 -0.1170957  -0.13580507 -0.12097313
 -0.12363241 -0.13428619 -0.13274474 -0.13327766 -0.12017617 -0.124272
 -0.13573424 -0.11980835 -0.12651046 -0.14090307 -0.12060461 -0.12048663
 -0.11513344 -0.13089006 -0.13684933 -0.12306168 -0.12204852 -0.11164719
 -0.12144124 -0.12490567 -0.1241895  -0.13361037 -0.12368695 -0.1310569
 -0.13150492 -0.12671886 -0.1406073  -0.13622665 -0.11414253 -0.12189606
 -0.11246425 -0.12923728]
charlie_repeat-2
BLEU
[0.17916218 0.2236684  0.20335211 0.19476829 0.20213634 0.15126928
 0.1705773  0.18402634 0.18230653 0.17492341 0.16957875 0.1773837
 0.17950033 0.19540138 0.22727682 0.20037731 0.16297519 0.17862376
 0.19382441 0.17991195 0.19302964 0.19530926 0.18633075 0.18694694
 0.17388088 0.18336502 0.18629279 0.22624018 0.15419308 0.15866485
 0.21256925 0.15787093 0.19454419 0.15770282 0.21665048 0.21622817
 0.21637235 0.16450014 0.18385222 0.21288029 0.19356267 0.19814794
 0.20213048 0.19092234 0.21070408 0.15735648 0.19596472 0.22520382
 0.15962604 0.15920455 0.21365919 0.19900546 0.14588589 0.19917465
 0.15675594 0.16747466 0.19511216 0.19377978 0.17950504 0.17591848
 0.17066842 0.22913902 0.17740167 0.150982   0.20334032 0.16638287
 0.16174517 0.16747956 0.20893666 0.17121749 0.20072688 0.18768716
 0.18508315 0.17474127 0.21668964 0.16436045 0.1674921  0.16416831
 0.18981678 0.19548978 0.21846511 0.19201304 0.2104091  0.20614185
 0.21811705 0.18161507 0.13741015 0.17135256 0.15772328 0.18687169
 0.19610945 0.22219021 0.20079497 0.16680134 0.16470138 0.15407623
 0.16933941 0.17631868 0.1861882  0.1863144  0.17313483 0.18764275
 0.23783404 0.18920736 0.191496   0.17905924 0.17800629 0.17533354
 0.21335711 0.18589553 0.15751568 0.18802319 0.16246555 0.19718286
 0.20310081 0.19084078 0.18740343 0.18874772 0.20110745 0.16021816
 0.20770844 0.18320014 0.16090161 0.21704325 0.20467464 0.19457886
 0.1826446  0.20309574 0.17555763 0.20459406 0.17068239 0.20600849
 0.16602204 0.16854687 0.17053869 0.18247626 0.16441743 0.22457234
 0.18764236 0.19303183 0.21689266 0.15660866 0.18562603 0.16811623
 0.19118229 0.17967059 0.1984696  0.18733749 0.1905121  0.21419354
 0.17683076 0.19711183 0.17097438 0.21005416 0.18291101 0.17803491
 0.21399479 0.16296585 0.17515829 0.19406808 0.22917932 0.18123753
 0.19967038 0.16466557 0.1899871  0.17844478 0.17767336 0.22504707
 0.20353019 0.16548804 0.15218443 0.19890384 0.19191983 0.19022157
 0.17665566 0.19826764 0.1818663  0.15838757 0.18650541 0.2094958
 0.21825694 0.18925566 0.1662645  0.18376168 0.18854487 0.19918595
 0.19788025 0.18115753 0.18289312 0.15121411 0.19350879 0.15034495
 0.17929575 0.2046365  0.19154683 0.18315812 0.21068135 0.20440223
 0.21060959 0.17434037]
charlie_repeat-2
METEOR
[0.14772449 0.1668002  0.17884315 0.15162405 0.15707543 0.12546348
 0.14461435 0.1428874  0.15723134 0.15041484 0.1415976  0.13738529
 0.14675456 0.13630278 0.17912607 0.15806561 0.12208865 0.12770901
 0.16791016 0.15984856 0.17689168 0.16019767 0.14265354 0.14572768
 0.15610712 0.14866673 0.13998606 0.18231702 0.14114675 0.12279168
 0.15612322 0.11994359 0.13932528 0.15336656 0.16202081 0.16146836
 0.16412087 0.14086789 0.14540851 0.17652293 0.15937832 0.16595844
 0.15448769 0.1464694  0.16600885 0.12539844 0.16851002 0.17405618
 0.12424778 0.12156633 0.16908952 0.1460443  0.13229427 0.14735573
 0.14995799 0.14816458 0.15958798 0.17057784 0.12433829 0.13656146
 0.15482405 0.1822696  0.15697889 0.1254572  0.13609252 0.12659222
 0.15601139 0.12123611 0.16613046 0.12074217 0.14563512 0.12798705
 0.14178219 0.17802514 0.16352693 0.16265743 0.12998761 0.10803019
 0.14184344 0.14824984 0.18549382 0.16069156 0.16906264 0.1584439
 0.16719443 0.14063582 0.12088562 0.1613122  0.14667303 0.15156902
 0.16198767 0.17187191 0.16857177 0.14783396 0.13221029 0.14057268
 0.14370717 0.13544101 0.14453502 0.15681875 0.13078563 0.15903356
 0.18339362 0.14723208 0.13904761 0.14297936 0.13137837 0.13706905
 0.16903428 0.16114608 0.12872445 0.15221938 0.12298704 0.14504969
 0.17889837 0.15069862 0.13421269 0.16105359 0.16908793 0.15260002
 0.15432271 0.14868247 0.12488723 0.18711468 0.18217946 0.16067178
 0.12753695 0.17330161 0.14813544 0.1625946  0.14874115 0.15498796
 0.14935513 0.12010526 0.1447353  0.15176399 0.13592388 0.17775339
 0.15654325 0.15228407 0.16506548 0.12855625 0.14381765 0.14035336
 0.15435274 0.13868091 0.16585937 0.16478784 0.16503287 0.16492278
 0.12712552 0.13608356 0.13504514 0.16346586 0.15903748 0.13828961
 0.17093762 0.12778091 0.14045225 0.14222855 0.18568896 0.14745375
 0.15225425 0.13187499 0.14541626 0.14935491 0.13851525 0.15975829
 0.16015368 0.13217413 0.13207969 0.14548529 0.15135125 0.15931191
 0.12807166 0.15678685 0.14982271 0.14748854 0.14772097 0.16710707
 0.16589962 0.14487549 0.12701451 0.13271542 0.15005967 0.14841592
 0.15579144 0.15564591 0.13838145 0.13752543 0.1626368  0.13471542
 0.15522569 0.1757828  0.13190608 0.14817569 0.17162523 0.1812115
 0.18984355 0.15189646]
charlie_repeat-2
BERT
[0.78259647 0.7908871  0.7866007  0.78296614 0.787378   0.77856135
 0.7788717  0.7899059  0.7863936  0.7843344  0.78421265 0.7844391
 0.7865781  0.78017515 0.7820018  0.7837913  0.78928596 0.7828033
 0.7888038  0.7814898  0.7894825  0.7837849  0.782897   0.7847852
 0.7868803  0.78319    0.7797965  0.783853   0.7921711  0.7843144
 0.78684217 0.7794851  0.7856046  0.78443164 0.7856402  0.79114795
 0.7906728  0.7850115  0.793023   0.79117405 0.7815034  0.7913758
 0.78202903 0.7891116  0.78882843 0.78330266 0.78543484 0.78653115
 0.78140557 0.7814248  0.7895136  0.7861887  0.78665406 0.7818902
 0.7886979  0.7818663  0.7912379  0.784047   0.78266895 0.78061545
 0.7836813  0.7844941  0.78962475 0.7840616  0.7838638  0.7823479
 0.78566813 0.7833711  0.78178406 0.78719276 0.78772986 0.78493696
 0.78217494 0.79128546 0.7848257  0.7872079  0.78168356 0.77987397
 0.7816975  0.7819785  0.79166675 0.7843074  0.7878017  0.7843067
 0.7834141  0.78160745 0.7854803  0.78223103 0.78040034 0.7839229
 0.7839162  0.7832164  0.78191143 0.79120475 0.7871893  0.7857598
 0.7828769  0.78150123 0.7811115  0.7864648  0.7853924  0.79065126
 0.7866335  0.7874524  0.78044075 0.7819999  0.78490776 0.7827473
 0.78348225 0.78689736 0.7784938  0.78100085 0.77903396 0.779212
 0.789167   0.78310126 0.78260857 0.7841877  0.79204994 0.78705907
 0.78039193 0.78502756 0.7846887  0.79032356 0.7813891  0.7855666
 0.7858873  0.7911407  0.785454   0.7873852  0.78337145 0.78432727
 0.7831832  0.78559124 0.77982724 0.78960216 0.7838639  0.7917935
 0.7835486  0.78791296 0.78969437 0.7833997  0.78733015 0.78480095
 0.78787833 0.7859111  0.7839939  0.78978896 0.7849057  0.78640896
 0.7804132  0.7848603  0.79263073 0.7856546  0.7829074  0.78556156
 0.7871769  0.7827374  0.778195   0.7825467  0.7895594  0.78727657
 0.7853174  0.78681916 0.7847527  0.7822536  0.78227055 0.78736216
 0.7836763  0.7920381  0.78512824 0.7866776  0.78653884 0.79047024
 0.78147155 0.78306615 0.78400904 0.78171575 0.7820735  0.7825375
 0.78698    0.78319883 0.77982587 0.7822277  0.789263   0.7811747
 0.7803808  0.7885512  0.78719425 0.7828356  0.7846295  0.78364635
 0.7842988  0.7849592  0.7861557  0.79098195 0.791988   0.78463966
 0.79341835 0.7875847 ]
[nltk_data] Downloading package wordnet to /mnt/iusers01/fse-
[nltk_data]     ugpgt01/compsci01/q12628ct/nltk_data...
[nltk_data]   Package wordnet is already up-to-date!
[nltk_data] Downloading package punkt_tab to /mnt/iusers01/fse-
[nltk_data]     ugpgt01/compsci01/q12628ct/nltk_data...
[nltk_data]   Package punkt_tab is already up-to-date!
[nltk_data] Downloading package omw-1.4 to /mnt/iusers01/fse-
[nltk_data]     ugpgt01/compsci01/q12628ct/nltk_data...
[nltk_data]   Package omw-1.4 is already up-to-date!
/mnt/iusers01/fse-ugpgt01/compsci01/q12628ct/.conda/envs/semantic-decoding/lib/python3.10/site-packages/huggingface_hub/file_download.py:945: FutureWarning: `resume_download` is deprecated and will be removed in version 1.0.0. Downloads always resume when possible. If you want to force a new download, use `force_download=True`.
  warnings.warn(
Some weights of the model checkpoint at roberta-large were not used when initializing RobertaModel: ['lm_head.dense.weight', 'lm_head.bias', 'lm_head.layer_norm.bias', 'lm_head.layer_norm.weight', 'lm_head.dense.bias']
- This IS expected if you are initializing RobertaModel from the checkpoint of a model trained on another task or with another architecture (e.g. initializing a BertForSequenceClassification model from a BertForPreTraining model).
- This IS NOT expected if you are initializing RobertaModel from the checkpoint of a model that you expect to be exactly identical (initializing a BertForSequenceClassification model from a BertForSequenceClassification model).
Some weights of RobertaModel were not initialized from the model checkpoint at roberta-large and are newly initialized: ['roberta.pooler.dense.bias', 'roberta.pooler.dense.weight']
You should probably TRAIN this model on a down-stream task to be able to use it for predictions and inference.
delta_repeat-1
WER
[-0.1913547  -0.20304642 -0.18612584 -0.20220003 -0.19210027 -0.19138665
 -0.19550022 -0.18129288 -0.18367057 -0.1730929  -0.20268437 -0.19183734
 -0.19886569 -0.17029899 -0.2012068  -0.16522228 -0.204569   -0.1752706
 -0.18746458 -0.18168942 -0.21180184 -0.18272025 -0.18599153 -0.20182203
 -0.19693874 -0.17520032 -0.18695115 -0.17792452 -0.17707249 -0.19517615
 -0.2040077  -0.18114949 -0.19232684 -0.16934024 -0.19707968 -0.18909701
 -0.17292882 -0.20775906 -0.18899759 -0.17929517 -0.2011203  -0.20253152
 -0.21975829 -0.20435092 -0.18681529 -0.18420301 -0.1857954  -0.20145746
 -0.16793727 -0.18309871 -0.20789108 -0.20802315 -0.19235301 -0.17030312
 -0.20090905 -0.20604703 -0.19884267 -0.21464987 -0.18357354 -0.1482813
 -0.18206846 -0.18659719 -0.18354054 -0.18740929 -0.19169485 -0.16600661
 -0.14907366 -0.21409238 -0.19292076 -0.20033741 -0.16347518 -0.2024505
 -0.17406639 -0.19972661 -0.20768045 -0.17483006 -0.20337012 -0.19364521
 -0.19502907 -0.20274852 -0.18711359 -0.19102073 -0.18540859 -0.15467617
 -0.19431415 -0.20875176 -0.1803285  -0.19549143 -0.19658587 -0.19122022
 -0.19355317 -0.19806858 -0.19568398 -0.19316874 -0.20951908 -0.1883508
 -0.18028914 -0.18763548 -0.18006756 -0.18499488 -0.17321911 -0.20031071
 -0.21383875 -0.19868032 -0.17391934 -0.19065896 -0.17460037 -0.1925403
 -0.19564278 -0.17452574 -0.18410853 -0.20718055 -0.18514555 -0.19205273
 -0.19967322 -0.1590655  -0.1956287  -0.15640768 -0.16465532 -0.17740837
 -0.18075356 -0.18337054 -0.19036419 -0.18367618 -0.18999129 -0.18953383
 -0.20348734 -0.18071779 -0.21723581 -0.17953791 -0.18788326 -0.18554941
 -0.17280059 -0.2067248  -0.19665352 -0.21047798 -0.18850562 -0.18330335
 -0.17422774 -0.15971336 -0.18075985 -0.21428466 -0.20827042 -0.17778953
 -0.18309189 -0.20485614 -0.19887295 -0.18978984 -0.18321437 -0.21398484
 -0.17590135 -0.20533879 -0.17505681 -0.18594044 -0.18026418 -0.19423583
 -0.17890893 -0.1833284  -0.18757321 -0.20449747 -0.19242077 -0.19319944
 -0.21261871 -0.17650836 -0.18362802 -0.20247406 -0.15426437 -0.20808563
 -0.18515009 -0.16919954 -0.19624955 -0.19565387 -0.17962976 -0.19790411
 -0.18651223 -0.18557954 -0.16650988 -0.20433512 -0.18769116 -0.20557331
 -0.18672914 -0.21038067 -0.19236263 -0.18532394 -0.18229055 -0.19443428
 -0.19712442 -0.20283716 -0.1989546  -0.20319015 -0.20078171 -0.18997845
 -0.17495802 -0.17745599 -0.1815392  -0.20023916 -0.18348369 -0.18531022
 -0.18983727 -0.19730953]
delta_repeat-1
BLEU
[0.15816437 0.17095918 0.1768776  0.15313108 0.16775727 0.2249589
 0.14216047 0.16266085 0.17178496 0.16964057 0.19670633 0.18534515
 0.15417947 0.20529355 0.20821842 0.20822321 0.16711078 0.20727804
 0.18574765 0.17949663 0.17225695 0.17558037 0.17376039 0.14825964
 0.16730778 0.20039332 0.18972089 0.21418756 0.20307745 0.17664239
 0.17979139 0.23749408 0.18566362 0.2135381  0.18792587 0.19436317
 0.20349917 0.15996093 0.18207797 0.20595462 0.20067028 0.18419262
 0.15493923 0.17634259 0.19109529 0.19612207 0.17805518 0.16647972
 0.21409287 0.19600324 0.14832128 0.17100943 0.17161377 0.22517551
 0.18051297 0.14709217 0.17772436 0.14302291 0.18374898 0.21215743
 0.18637241 0.21441469 0.19584418 0.20726779 0.2151294  0.21495846
 0.17546979 0.15359012 0.1899391  0.14110641 0.20810521 0.17528213
 0.20086329 0.2011473  0.17619359 0.17521675 0.16289832 0.2100965
 0.1680489  0.17628652 0.1611517  0.12857477 0.17749847 0.20316323
 0.17429868 0.13974074 0.20893261 0.19433122 0.1985387  0.20342119
 0.17275669 0.17846842 0.21247555 0.2256234  0.18399484 0.16840435
 0.22019253 0.22159912 0.16424702 0.18385001 0.18343959 0.1540446
 0.13872359 0.20589836 0.17544505 0.1951492  0.18560472 0.19062637
 0.16531943 0.22529074 0.19238668 0.18478901 0.18284188 0.14980103
 0.20883778 0.21092331 0.17988234 0.21968572 0.17675537 0.18606861
 0.16779352 0.14230091 0.16759647 0.23311862 0.18422443 0.1752654
 0.1606292  0.19098425 0.12849657 0.21756353 0.17239711 0.21263717
 0.18950481 0.14380733 0.19873591 0.17087298 0.1603488  0.20753835
 0.21633395 0.16892724 0.221515   0.16363051 0.15146514 0.17699985
 0.18533708 0.16994267 0.18348971 0.21725158 0.20104489 0.18142664
 0.20023438 0.14391299 0.17299847 0.19802154 0.19240095 0.17944565
 0.16830231 0.18220554 0.21050419 0.11670333 0.1308483  0.15234961
 0.19198045 0.24445487 0.17352476 0.21387808 0.24404642 0.18642421
 0.19778013 0.22422773 0.22029703 0.16989306 0.17211801 0.1649579
 0.19342162 0.17897599 0.19969658 0.18792469 0.17571199 0.17822808
 0.20429845 0.21445861 0.16126441 0.19446222 0.1720732  0.18076905
 0.17182801 0.15246645 0.16304871 0.15690016 0.18663299 0.2010954
 0.22307675 0.22381548 0.22265314 0.17294005 0.18565316 0.1618746
 0.1899217  0.20983366]
delta_repeat-1
METEOR
[0.14815778 0.13333362 0.14322187 0.12877578 0.13479064 0.16639129
 0.12028003 0.15007467 0.14739919 0.13309851 0.16264256 0.15624579
 0.12996247 0.17836221 0.17385505 0.15695876 0.15746477 0.1912127
 0.16523042 0.14468163 0.16118345 0.14151835 0.16028394 0.12586299
 0.15229406 0.16139199 0.17210823 0.18861511 0.18010479 0.17517992
 0.1531695  0.179288   0.16040314 0.17105501 0.1779705  0.16181623
 0.16456154 0.15498188 0.14582988 0.17416701 0.17984204 0.17240931
 0.14029428 0.13033543 0.15330786 0.17381799 0.15237398 0.12830255
 0.15740867 0.15596241 0.14279883 0.15032652 0.16167481 0.17557058
 0.15378028 0.13003247 0.14061282 0.13711983 0.15878391 0.18050528
 0.15235557 0.16274707 0.14868637 0.1624452  0.18976274 0.1716625
 0.1505376  0.14402615 0.1652505  0.1431386  0.16802508 0.15494808
 0.16634538 0.17382725 0.13573203 0.14023282 0.15387137 0.1633218
 0.13991282 0.15122668 0.15337296 0.11758286 0.15083707 0.16919797
 0.12904039 0.11911038 0.17105429 0.14898061 0.14703535 0.16315023
 0.14550122 0.14229049 0.17457503 0.16994202 0.1648836  0.14203266
 0.20873351 0.2015681  0.12145937 0.1785169  0.15652133 0.14373365
 0.11526691 0.17634479 0.14552526 0.16164605 0.16654994 0.17616024
 0.15300314 0.17896391 0.1884986  0.13956279 0.17241468 0.14692581
 0.15055025 0.18270903 0.13756543 0.17421655 0.13739194 0.14404747
 0.13811804 0.14501659 0.15747998 0.18340167 0.15996844 0.17000638
 0.11422508 0.18480474 0.1085555  0.208977   0.15348403 0.15506559
 0.1595573  0.11432338 0.18250572 0.13507899 0.14308667 0.16477096
 0.1925528  0.15067204 0.18078692 0.15536784 0.11414087 0.15208255
 0.14085024 0.15703285 0.14293429 0.152417   0.17943642 0.16200213
 0.16556262 0.12045864 0.15296805 0.16029155 0.14533972 0.15872369
 0.16593337 0.15800347 0.17634623 0.10278535 0.12548618 0.14591138
 0.14407626 0.20373936 0.14109977 0.19489564 0.23372775 0.15129146
 0.17064637 0.20060308 0.1604714  0.166246   0.15815323 0.13084884
 0.16299571 0.13987403 0.16746    0.17722    0.16406351 0.14389871
 0.17196431 0.17974682 0.13685449 0.1498036  0.15876003 0.14484212
 0.1255164  0.12453042 0.12731525 0.13731344 0.16138992 0.17734813
 0.19419292 0.179514   0.18309186 0.17276594 0.16142627 0.16780671
 0.1552073  0.16763476]
delta_repeat-1
BERT
[0.7974431  0.79487556 0.7959961  0.7959366  0.7980728  0.8056462
 0.79812205 0.7936786  0.8027548  0.7984133  0.8005758  0.79882634
 0.79407954 0.80613244 0.80259967 0.8057447  0.7950423  0.8032429
 0.80049485 0.7999488  0.8025924  0.8021496  0.79782504 0.80355525
 0.8028948  0.7982484  0.80430865 0.80967873 0.80243355 0.8064366
 0.8007059  0.8120844  0.80823565 0.80175215 0.8049428  0.8017888
 0.80445844 0.798166   0.7974808  0.8087283  0.8020318  0.8029588
 0.7991401  0.8021832  0.79576606 0.80905694 0.79621345 0.79452395
 0.7993138  0.7950309  0.7919406  0.8026871  0.7951992  0.8033838
 0.80179965 0.79538924 0.7939149  0.79703534 0.7989299  0.8002087
 0.8013088  0.7976959  0.7997765  0.8047794  0.8092391  0.80723906
 0.79963714 0.79687864 0.80211246 0.7973908  0.79897743 0.7914382
 0.8083088  0.806192   0.79199016 0.8064958  0.7969148  0.8044318
 0.79769254 0.8001507  0.7970777  0.79282326 0.7934099  0.80839866
 0.7979148  0.79745704 0.8038774  0.8019079  0.8060844  0.80196285
 0.80169165 0.80500126 0.8067814  0.80932945 0.80415624 0.7999108
 0.8060175  0.80948055 0.7959716  0.8047341  0.800409   0.7931149
 0.7931903  0.79989654 0.80098045 0.80177224 0.79597193 0.79513663
 0.7902588  0.80258214 0.80941993 0.80374163 0.8051756  0.795068
 0.80969274 0.81138664 0.8009259  0.7982307  0.8048548  0.80630165
 0.80163443 0.79989076 0.7988857  0.8101418  0.8020537  0.8055868
 0.8012243  0.8039365  0.7916232  0.8063242  0.7981919  0.7983671
 0.80567    0.794737   0.8031359  0.8031049  0.7955302  0.8090419
 0.80628055 0.8067948  0.802403   0.795471   0.80129784 0.79555494
 0.8023342  0.79769653 0.7981415  0.80763954 0.8009705  0.8042926
 0.7939188  0.8008204  0.8030608  0.81189644 0.7952305  0.79878664
 0.80379605 0.8020386  0.80102086 0.7940778  0.79457355 0.793803
 0.8031893  0.8086626  0.7974908  0.80536103 0.8053586  0.79831094
 0.80070096 0.80897635 0.80476135 0.795103   0.8057801  0.79702944
 0.8023422  0.7964254  0.8020228  0.80262655 0.808223   0.79853654
 0.80161    0.8046356  0.7954164  0.80571693 0.8023088  0.80281335
 0.79787457 0.7969969  0.79304653 0.8023596  0.80002266 0.80071455
 0.8067202  0.80655867 0.80522686 0.8099782  0.7996483  0.8029349
 0.798605   0.8017172 ]
[nltk_data] Downloading package wordnet to /mnt/iusers01/fse-
[nltk_data]     ugpgt01/compsci01/q12628ct/nltk_data...
[nltk_data]   Package wordnet is already up-to-date!
[nltk_data] Downloading package punkt_tab to /mnt/iusers01/fse-
[nltk_data]     ugpgt01/compsci01/q12628ct/nltk_data...
[nltk_data]   Package punkt_tab is already up-to-date!
[nltk_data] Downloading package omw-1.4 to /mnt/iusers01/fse-
[nltk_data]     ugpgt01/compsci01/q12628ct/nltk_data...
[nltk_data]   Package omw-1.4 is already up-to-date!
/mnt/iusers01/fse-ugpgt01/compsci01/q12628ct/.conda/envs/semantic-decoding/lib/python3.10/site-packages/huggingface_hub/file_download.py:945: FutureWarning: `resume_download` is deprecated and will be removed in version 1.0.0. Downloads always resume when possible. If you want to force a new download, use `force_download=True`.
  warnings.warn(
Some weights of the model checkpoint at roberta-large were not used when initializing RobertaModel: ['lm_head.dense.bias', 'lm_head.layer_norm.bias', 'lm_head.dense.weight', 'lm_head.layer_norm.weight', 'lm_head.bias']
- This IS expected if you are initializing RobertaModel from the checkpoint of a model trained on another task or with another architecture (e.g. initializing a BertForSequenceClassification model from a BertForPreTraining model).
- This IS NOT expected if you are initializing RobertaModel from the checkpoint of a model that you expect to be exactly identical (initializing a BertForSequenceClassification model from a BertForSequenceClassification model).
Some weights of RobertaModel were not initialized from the model checkpoint at roberta-large and are newly initialized: ['roberta.pooler.dense.bias', 'roberta.pooler.dense.weight']
You should probably TRAIN this model on a down-stream task to be able to use it for predictions and inference.
delta_repeat-2
WER
[-0.23493676 -0.23029644 -0.23999106 -0.2438527  -0.23797554 -0.2531836
 -0.2405806  -0.23099785 -0.2354236  -0.25893848 -0.24555983 -0.22676339
 -0.24240616 -0.26418556 -0.21533383 -0.25463013 -0.24255555 -0.21494336
 -0.25962096 -0.25082264 -0.24486904 -0.23327844 -0.22619789 -0.23411408
 -0.23743401 -0.2490313  -0.21615376 -0.23068849 -0.24642086 -0.23165246
 -0.25003828 -0.21777111 -0.25350187 -0.25908129 -0.24684626 -0.26157018
 -0.26879956 -0.25080802 -0.24326431 -0.23891155 -0.24486433 -0.22669424
 -0.24393921 -0.23638464 -0.23602592 -0.2343866  -0.2490608  -0.25150893
 -0.25129991 -0.24209618 -0.25079914 -0.25633238 -0.22448485 -0.25058998
 -0.26526556 -0.24651298 -0.2783744  -0.23691805 -0.2292601  -0.24397743
 -0.23330119 -0.24284244 -0.20846776 -0.2569675  -0.25086169 -0.23278413
 -0.21005029 -0.21990467 -0.2336803  -0.24024288 -0.24680541 -0.23944962
 -0.24974262 -0.2125561  -0.27503658 -0.24824745 -0.21902633 -0.25386246
 -0.23863176 -0.20488033 -0.23424732 -0.24354831 -0.23318001 -0.23454343
 -0.22745565 -0.23327891 -0.23141628 -0.24489285 -0.25224445 -0.23454495
 -0.26559272 -0.24390601 -0.24983118 -0.22934595 -0.23147177 -0.23174584
 -0.21037065 -0.24739406 -0.26659593 -0.25103347 -0.23518123 -0.22225776
 -0.25667405 -0.25661166 -0.24852932 -0.22603002 -0.23716116 -0.24180677
 -0.24538872 -0.23323154 -0.23782857 -0.25454065 -0.25364589 -0.22404777
 -0.25837483 -0.21374158 -0.23417608 -0.20138053 -0.25938896 -0.24855926
 -0.24312305 -0.2723257  -0.26049893 -0.24391085 -0.19847709 -0.23018172
 -0.25081052 -0.2536958  -0.23709284 -0.2256161  -0.23741398 -0.24294722
 -0.24066752 -0.22561074 -0.25288885 -0.24803147 -0.24720653 -0.22498479
 -0.22958036 -0.2160199  -0.24497574 -0.24616096 -0.23429717 -0.23195613
 -0.21580985 -0.21481378 -0.24970618 -0.23314836 -0.20949188 -0.2273062
 -0.2475977  -0.21950537 -0.23934432 -0.24219162 -0.22162673 -0.2473588
 -0.22605168 -0.22823028 -0.2401103  -0.2401266  -0.2725054  -0.25757157
 -0.25845213 -0.22657514 -0.24950696 -0.24160183 -0.24130358 -0.24015742
 -0.22690371 -0.22976845 -0.23213943 -0.2603168  -0.24648166 -0.22297373
 -0.22611835 -0.24011316 -0.23209864 -0.2350456  -0.22035788 -0.25704043
 -0.24603707 -0.2456234  -0.24426558 -0.26417006 -0.24934998 -0.24329074
 -0.24736694 -0.23124293 -0.25303945 -0.24319516 -0.22816154 -0.22957557
 -0.24138922 -0.22482934 -0.20962895 -0.21264284 -0.26846757 -0.23030983
 -0.24004667 -0.23594966]
delta_repeat-2
BLEU
[0.15153109 0.21539807 0.18940342 0.15050598 0.1833791  0.1338976
 0.16939791 0.21934777 0.19677916 0.15860432 0.1774394  0.20390887
 0.19517417 0.19542803 0.19188372 0.14426049 0.17723523 0.21194006
 0.12595931 0.20223586 0.16210768 0.20144515 0.20152207 0.20345813
 0.19194165 0.17348353 0.1979353  0.15446536 0.16768896 0.1859129
 0.19907287 0.20590046 0.1665515  0.12135717 0.18534354 0.17356634
 0.14459062 0.1741865  0.167532   0.19955678 0.16759614 0.18390125
 0.18618178 0.19755153 0.18079872 0.18441588 0.16538055 0.16027906
 0.17372513 0.17803034 0.18189067 0.14371335 0.22523977 0.16794277
 0.12893581 0.18165074 0.13325706 0.19084851 0.17574166 0.21219847
 0.2061311  0.18615087 0.20551053 0.15547397 0.17650768 0.21335676
 0.20700514 0.20247452 0.21452489 0.19009403 0.13446096 0.21030024
 0.16678209 0.19293025 0.1449361  0.18905116 0.21775637 0.18198673
 0.16028223 0.20640865 0.19785588 0.19643104 0.18745534 0.20776829
 0.1885987  0.17652861 0.17522479 0.20471112 0.20048971 0.19351171
 0.15610554 0.21427731 0.16326662 0.18357504 0.16256505 0.18368937
 0.23138657 0.16718283 0.15315941 0.16567649 0.1861112  0.2236796
 0.16270608 0.17579725 0.19122242 0.17394276 0.15755614 0.1778559
 0.16118524 0.20690185 0.14875729 0.1834381  0.17460472 0.21189221
 0.18389187 0.18667426 0.15337824 0.2123812  0.18951461 0.1821649
 0.19744702 0.15660415 0.13804682 0.1901757  0.2202746  0.16636185
 0.15190343 0.1693404  0.21909253 0.1993282  0.17972782 0.17228772
 0.199794   0.18476724 0.15119595 0.15730063 0.17948462 0.20111329
 0.1674218  0.19305936 0.17826654 0.16238276 0.18322105 0.22745366
 0.19813351 0.19951778 0.16873273 0.19603281 0.20442392 0.20087384
 0.17112962 0.19619143 0.18662597 0.18452868 0.1700097  0.17977867
 0.19911563 0.1999022  0.17010058 0.20019124 0.13228605 0.13354734
 0.16713324 0.1794029  0.18958567 0.16383535 0.19674169 0.16080121
 0.17675717 0.18015798 0.17228825 0.18571671 0.18891225 0.23056808
 0.1862902  0.18858679 0.21096395 0.21170916 0.22971393 0.15796955
 0.15052946 0.19594202 0.16185136 0.14771355 0.15970236 0.17298894
 0.18348622 0.15775943 0.13031612 0.17132203 0.21369562 0.18451145
 0.15724733 0.22655698 0.22163776 0.19912004 0.16003636 0.16856736
 0.17632352 0.17226966]
delta_repeat-2
METEOR
[0.15353892 0.18267151 0.16791961 0.15331133 0.15702079 0.13150584
 0.13724593 0.20500876 0.15599485 0.12711112 0.17148875 0.19006163
 0.17515853 0.15492176 0.16626106 0.14160028 0.14620768 0.19068883
 0.12059016 0.16087654 0.12317419 0.15472005 0.18087125 0.18584931
 0.15144063 0.14210633 0.16802607 0.13425511 0.14640463 0.17287396
 0.17089094 0.17442925 0.13931619 0.11110591 0.16578245 0.16036195
 0.1299874  0.15551477 0.1550331  0.16947399 0.13614057 0.16409527
 0.16613076 0.17138704 0.14753584 0.17338538 0.16254822 0.13675953
 0.15558529 0.14448848 0.14539187 0.11951574 0.18570973 0.16672328
 0.12177685 0.17100715 0.12525806 0.1535334  0.15129294 0.17130057
 0.18267954 0.15235671 0.17589583 0.15002237 0.14517794 0.19383377
 0.17430109 0.17042015 0.19989078 0.1649004  0.11661747 0.17020633
 0.14470415 0.17149211 0.12694015 0.15874111 0.17127759 0.14756527
 0.15389665 0.18198471 0.17430901 0.15979681 0.17247426 0.17406593
 0.15954461 0.1481748  0.15250741 0.15295517 0.166614   0.15591303
 0.12764173 0.16915224 0.14182483 0.17318181 0.16234848 0.17055382
 0.2131372  0.15210775 0.14064126 0.15759725 0.15181868 0.18875873
 0.15616951 0.16684271 0.14363369 0.1536573  0.12802729 0.16119131
 0.14566683 0.17525905 0.1518036  0.1668881  0.16946228 0.18015658
 0.1567199  0.15411668 0.14283257 0.16878498 0.14472428 0.15453443
 0.15579697 0.1438017  0.12599147 0.16689119 0.19314127 0.14019613
 0.12236176 0.15087127 0.18071448 0.17406706 0.15792304 0.14899109
 0.16393368 0.15932703 0.13316157 0.13988327 0.16876376 0.16841205
 0.14419087 0.18014817 0.14475494 0.13967584 0.16092761 0.20132842
 0.16419324 0.18720676 0.13512248 0.15417944 0.18158239 0.18331449
 0.1290549  0.17102115 0.17418613 0.1499487  0.16625373 0.15343624
 0.16924618 0.17394617 0.16651705 0.16846635 0.10996256 0.11801726
 0.14889466 0.15081796 0.15719864 0.14526228 0.18181726 0.13251083
 0.14628834 0.19748345 0.14695849 0.13984892 0.1555352  0.17314234
 0.18509093 0.18245015 0.18919563 0.1668412  0.19097357 0.13835682
 0.13058361 0.16392861 0.1406113  0.13525349 0.15716863 0.15320643
 0.16220451 0.12694131 0.1311893  0.15953482 0.17168251 0.15901479
 0.15982593 0.16797729 0.18865861 0.17822135 0.14569554 0.15026029
 0.16380619 0.1407237 ]
delta_repeat-2
BERT
[0.8032262  0.80737203 0.79670644 0.7932676  0.79833674 0.7960003
 0.8012277  0.80198    0.800894   0.7952171  0.79630905 0.8009106
 0.800797   0.8087214  0.80243564 0.80113786 0.80152744 0.80574083
 0.79669964 0.8049315  0.79597354 0.8123636  0.80594265 0.80305284
 0.80321026 0.7900686  0.8098866  0.79554236 0.8028181  0.8033879
 0.79936033 0.8075469  0.7964364  0.7942231  0.7987602  0.80800676
 0.788524   0.79807496 0.7948086  0.8027544  0.79928625 0.7983254
 0.80180824 0.8083858  0.8032225  0.8072024  0.8001437  0.7940949
 0.8017702  0.80206865 0.79823035 0.7967707  0.8099038  0.79727674
 0.79384494 0.801656   0.7953241  0.8084639  0.8052117  0.80519253
 0.8036192  0.8019388  0.8110683  0.79761875 0.804277   0.8086462
 0.806088   0.81005913 0.81137586 0.79634506 0.795086   0.80880785
 0.80256903 0.80049545 0.79847217 0.8027694  0.8011231  0.8003404
 0.8053217  0.8011012  0.8061968  0.80988294 0.79984915 0.8024906
 0.7982259  0.8031069  0.79373986 0.8062334  0.79954094 0.8002502
 0.7964736  0.7999966  0.80006653 0.7984402  0.7988192  0.8004162
 0.8123434  0.79350615 0.79852396 0.80279475 0.796877   0.80486095
 0.7956037  0.7971724  0.7999609  0.80807525 0.7975524  0.8011901
 0.79523885 0.80600786 0.800672   0.80639166 0.79992527 0.80670714
 0.80112225 0.8106092  0.7969514  0.8060619  0.80151534 0.80488896
 0.7984825  0.79595345 0.7964464  0.79878664 0.8083031  0.7918933
 0.7922581  0.8017119  0.8040228  0.804577   0.80214876 0.7989217
 0.8046473  0.8042932  0.7953349  0.7932464  0.80034804 0.80296046
 0.80131745 0.8070752  0.80383545 0.7935297  0.80022466 0.8018122
 0.8087601  0.80850613 0.7993367  0.8017368  0.8133543  0.8060416
 0.79762036 0.8083458  0.8022847  0.79571795 0.8047758  0.79500216
 0.79909796 0.79976404 0.8013062  0.80537295 0.7941014  0.79257023
 0.8018615  0.8007182  0.7958973  0.80225337 0.7985644  0.79830915
 0.8038101  0.7942435  0.8016444  0.8022501  0.8022683  0.8041823
 0.8089849  0.8006849  0.8094649  0.8005679  0.81051123 0.79914373
 0.7940432  0.7931461  0.8006438  0.79392    0.80145395 0.80541676
 0.79944146 0.7941457  0.7918895  0.80235475 0.80980086 0.80982727
 0.7963947  0.80662817 0.8038841  0.8036345  0.7928489  0.80432415
 0.8017704  0.79924875]
[nltk_data] Downloading package wordnet to /mnt/iusers01/fse-
[nltk_data]     ugpgt01/compsci01/q12628ct/nltk_data...
[nltk_data]   Package wordnet is already up-to-date!
[nltk_data] Downloading package punkt_tab to /mnt/iusers01/fse-
[nltk_data]     ugpgt01/compsci01/q12628ct/nltk_data...
[nltk_data]   Package punkt_tab is already up-to-date!
[nltk_data] Downloading package omw-1.4 to /mnt/iusers01/fse-
[nltk_data]     ugpgt01/compsci01/q12628ct/nltk_data...
[nltk_data]   Package omw-1.4 is already up-to-date!
/mnt/iusers01/fse-ugpgt01/compsci01/q12628ct/.conda/envs/semantic-decoding/lib/python3.10/site-packages/huggingface_hub/file_download.py:945: FutureWarning: `resume_download` is deprecated and will be removed in version 1.0.0. Downloads always resume when possible. If you want to force a new download, use `force_download=True`.
  warnings.warn(
Some weights of the model checkpoint at roberta-large were not used when initializing RobertaModel: ['lm_head.bias', 'lm_head.layer_norm.bias', 'lm_head.dense.weight', 'lm_head.dense.bias', 'lm_head.layer_norm.weight']
- This IS expected if you are initializing RobertaModel from the checkpoint of a model trained on another task or with another architecture (e.g. initializing a BertForSequenceClassification model from a BertForPreTraining model).
- This IS NOT expected if you are initializing RobertaModel from the checkpoint of a model that you expect to be exactly identical (initializing a BertForSequenceClassification model from a BertForSequenceClassification model).
Some weights of RobertaModel were not initialized from the model checkpoint at roberta-large and are newly initialized: ['roberta.pooler.dense.bias', 'roberta.pooler.dense.weight']
You should probably TRAIN this model on a down-stream task to be able to use it for predictions and inference.
echo_repeat-1
WER
[-0.02226199 -0.03105368 -0.03612269 -0.04189732 -0.03934648 -0.03354574
 -0.03495701 -0.04449917 -0.03088141 -0.02349429 -0.03868263 -0.03573873
 -0.05050398 -0.04784003 -0.0584433  -0.0314879  -0.03210974 -0.01163014
 -0.04744502 -0.02686752 -0.03462123 -0.04469518 -0.03221612 -0.04197312
 -0.04780778 -0.0307455  -0.04315019 -0.026986   -0.03393808 -0.02537143
 -0.0325781  -0.04411687 -0.02965109 -0.03530072 -0.03037628 -0.04716151
 -0.03039516 -0.02833378 -0.0473069  -0.03585604 -0.02391143 -0.0357096
 -0.03577022 -0.03928467 -0.02143982 -0.02578908 -0.03908016 -0.04617755
  0.00134953 -0.0402319  -0.05577991 -0.02207425 -0.04054783 -0.02674206
 -0.0322944  -0.03208801 -0.0271159  -0.02908041 -0.02542072 -0.03122648
 -0.02188551 -0.02185193 -0.04571425 -0.03563076 -0.04133439 -0.04392483
 -0.03036858 -0.03415213 -0.0373112  -0.02800935 -0.04477678 -0.03608367
 -0.03610221 -0.03387074 -0.03469752 -0.04557132 -0.0419054  -0.01916943
 -0.03829151 -0.03047307 -0.04924066 -0.04916816 -0.04610303 -0.02839756
 -0.0377202  -0.02352503 -0.04720077 -0.03572553 -0.03255051 -0.05518101
 -0.03725296 -0.04834418 -0.0395263  -0.03659365 -0.04394919 -0.02901674
 -0.0358163  -0.01972539 -0.02320204 -0.03330698 -0.02857029 -0.04562075
 -0.04567916 -0.02624816 -0.03948141 -0.03952946 -0.0295071  -0.04627498
 -0.0256465  -0.02542468 -0.05609563 -0.03106091 -0.03017811 -0.02086193
 -0.03200433 -0.0295713  -0.01576289 -0.03751987 -0.03936269 -0.02860006
 -0.03627899 -0.03311806 -0.03959694 -0.03216455 -0.02497241 -0.04246589
 -0.02828825 -0.01213049 -0.04036456 -0.04759411 -0.0409576  -0.03917072
 -0.04875778 -0.04297115 -0.03840876 -0.0273736  -0.0260942  -0.04583149
 -0.02653614 -0.03880873 -0.04529619 -0.03896625 -0.03312258 -0.03016694
 -0.04048003 -0.04242718 -0.04622569 -0.03896105 -0.03697284 -0.0268746
 -0.03049755 -0.0286029  -0.04745774 -0.04620336 -0.02779451 -0.0403131
 -0.03946711 -0.04114681 -0.03953269 -0.04342545 -0.03533558 -0.04587645
 -0.03940125 -0.0318231  -0.03228246 -0.03053486 -0.04403261 -0.02161361
 -0.04870731 -0.03388369 -0.02181528 -0.03337595 -0.04140624 -0.03905798
 -0.02875204 -0.03511068 -0.02712789 -0.03610963 -0.03874572 -0.02079404
 -0.05093733 -0.04016561 -0.026992   -0.04233859 -0.03990013 -0.03027656
 -0.02994642 -0.03738602 -0.03191446 -0.0311683  -0.04386701 -0.03393748
 -0.02635847 -0.02169983 -0.03089427 -0.03296654 -0.03065171 -0.04212575
 -0.02051296 -0.0417036 ]
echo_repeat-1
BLEU
[0.16057278 0.17250751 0.16814798 0.17644305 0.14680235 0.16015176
 0.13754871 0.166368   0.15005295 0.19961512 0.15509214 0.18367735
 0.15300424 0.12649932 0.16375735 0.22113616 0.16307058 0.17346048
 0.14840295 0.16258042 0.15482678 0.13483026 0.11552804 0.12288602
 0.16859962 0.16181729 0.11533043 0.16555921 0.15666009 0.19794941
 0.19419992 0.15091018 0.18822085 0.18635241 0.12618498 0.14545913
 0.18904777 0.18121198 0.12949042 0.16676269 0.19630633 0.13878973
 0.13897725 0.15627103 0.15141976 0.16687071 0.16518261 0.15775007
 0.1877932  0.14178519 0.18137343 0.15460553 0.16440981 0.16929873
 0.13315889 0.15300257 0.15724868 0.15925766 0.17538995 0.14104978
 0.18118955 0.17585902 0.12414057 0.1526904  0.17960344 0.15360272
 0.1643705  0.16234353 0.15574879 0.16501347 0.14674837 0.11672898
 0.14895525 0.15250908 0.1572824  0.17511586 0.13932074 0.20003989
 0.15715242 0.15094774 0.11885876 0.12661781 0.15287043 0.14799436
 0.15553351 0.179606   0.15577623 0.15779428 0.17011034 0.13396113
 0.15977291 0.15877947 0.16549781 0.15809235 0.14751391 0.19156386
 0.16528097 0.20989692 0.15562592 0.18770074 0.16741677 0.17719112
 0.12207259 0.1823569  0.16437144 0.15054535 0.17542415 0.14531979
 0.16521251 0.15509804 0.0926043  0.17517465 0.15679857 0.1661286
 0.17147794 0.16388704 0.18192777 0.15559818 0.15238681 0.1514102
 0.19357881 0.16966776 0.16253731 0.1564753  0.15144706 0.15529992
 0.17338249 0.14838385 0.14797792 0.1511397  0.18039407 0.16423856
 0.1960896  0.14734929 0.15857264 0.201755   0.19222031 0.13967835
 0.13226602 0.14262604 0.16063076 0.19972488 0.16362675 0.16530186
 0.16636562 0.16352592 0.18262792 0.11871107 0.11500031 0.15546695
 0.12872415 0.172562   0.13564214 0.12823961 0.15195418 0.14238338
 0.15166586 0.1710304  0.13757088 0.15591191 0.13444248 0.12691342
 0.15159505 0.19102356 0.17557377 0.15355191 0.12108172 0.14394727
 0.14898382 0.16318797 0.20737094 0.1393981  0.13761787 0.14172506
 0.16421583 0.18372643 0.1786299  0.16206573 0.16782312 0.16450365
 0.13656292 0.18216465 0.16338008 0.12427697 0.15827033 0.16927439
 0.17650923 0.17971251 0.16818433 0.13963209 0.17000623 0.16261434
 0.18236686 0.17610698 0.16058456 0.14403832 0.1657991  0.15057145
 0.17724857 0.13295479]
echo_repeat-1
METEOR
[0.10899533 0.10894617 0.10009706 0.11026806 0.10125302 0.09928395
 0.09962744 0.10058104 0.11749252 0.11821004 0.10627512 0.11797252
 0.11310654 0.0809187  0.10174306 0.13313615 0.10656005 0.12579951
 0.1006601  0.12055222 0.1098974  0.08364399 0.07136961 0.07933306
 0.11263629 0.10411418 0.0694992  0.11231578 0.11031284 0.13213075
 0.12145601 0.09188304 0.11898764 0.11998411 0.07675469 0.10140379
 0.11446187 0.11218528 0.08241906 0.11862174 0.12452665 0.078606
 0.09568441 0.10823658 0.10297706 0.10901996 0.13063462 0.11536389
 0.1373609  0.0857571  0.12430757 0.10642782 0.10531048 0.12171808
 0.09087672 0.09339846 0.10662746 0.10542039 0.12306099 0.10014361
 0.1211592  0.1300749  0.08312907 0.09163789 0.12979404 0.10458242
 0.10115512 0.10031576 0.11592546 0.11567416 0.1014147  0.0825435
 0.09207774 0.1025871  0.0990354  0.11010731 0.09609883 0.12503653
 0.09336825 0.0913234  0.10172031 0.10485812 0.10577991 0.10966557
 0.10814704 0.11336548 0.09748945 0.09029711 0.1124131  0.09539154
 0.10522385 0.11261208 0.10494507 0.10998914 0.11317447 0.13262042
 0.11102734 0.1267993  0.0932596  0.12576713 0.10872706 0.11214048
 0.10819261 0.10735766 0.10292907 0.0901788  0.10365972 0.11258768
 0.12012932 0.09332949 0.06149414 0.11066079 0.10168434 0.11583085
 0.10713758 0.12152681 0.10897537 0.09713296 0.11702859 0.09136556
 0.13630259 0.11605769 0.11004681 0.11245059 0.09221916 0.12362752
 0.10711123 0.11290939 0.09870756 0.09563304 0.10672927 0.10599894
 0.14366471 0.09891718 0.1026358  0.12364905 0.11630527 0.08796499
 0.08084269 0.1113889  0.11674221 0.13236782 0.11001492 0.0991983
 0.11312146 0.10847505 0.11864472 0.0815802  0.08076929 0.10565114
 0.08443259 0.11495448 0.08233688 0.08476865 0.09654305 0.0968498
 0.11253416 0.10483156 0.08521241 0.09975774 0.10228867 0.08512599
 0.10991121 0.11927705 0.12855875 0.09481845 0.08167049 0.08687364
 0.09786777 0.1101975  0.13132847 0.09290521 0.08603609 0.10387035
 0.11511591 0.11799433 0.1188545  0.09499023 0.10020872 0.10733089
 0.10689052 0.10724693 0.10002015 0.07415511 0.10594287 0.11196194
 0.1178447  0.11067433 0.10980718 0.09849468 0.11280207 0.11460575
 0.11943253 0.11343409 0.10446329 0.08653958 0.1012975  0.09399011
 0.11733612 0.08939917]
echo_repeat-1
BERT
[0.78468436 0.77953875 0.7806602  0.7854762  0.78559977 0.7780371
 0.7780074  0.7811257  0.784429   0.7823863  0.7837367  0.7843308
 0.7802144  0.7746424  0.78225845 0.7884576  0.7846945  0.78458124
 0.7778111  0.7836898  0.77726483 0.77875316 0.77991265 0.7801124
 0.78312355 0.7877186  0.7819871  0.78100735 0.782647   0.78394943
 0.78087497 0.78414416 0.7833255  0.7802685  0.778866   0.7794913
 0.77997005 0.78593796 0.7776636  0.7842958  0.7826941  0.776647
 0.7807354  0.78176105 0.7792852  0.78218657 0.78350204 0.7811281
 0.7879093  0.7855781  0.77882904 0.7781102  0.783693   0.7820682
 0.7829759  0.77950275 0.7832577  0.77782685 0.78213435 0.7776171
 0.78011394 0.7796264  0.77700275 0.78131455 0.785372   0.7811847
 0.78158504 0.77914673 0.77853024 0.78180546 0.7849017  0.77778554
 0.7820091  0.78138083 0.7817857  0.7785736  0.7802485  0.786167
 0.7831693  0.77807796 0.7791944  0.77866614 0.7810311  0.78276753
 0.77981085 0.782544   0.7797773  0.7792866  0.7782199  0.7800353
 0.78141683 0.77908546 0.7809533  0.78411204 0.77940655 0.7838253
 0.7798385  0.7821335  0.7810528  0.78292364 0.7816442  0.77765423
 0.7833685  0.782238   0.7794824  0.7807379  0.7861488  0.7835633
 0.7828686  0.77870816 0.778137   0.78181404 0.7804541  0.7798145
 0.78333765 0.7841334  0.7791378  0.77934766 0.78506136 0.77913976
 0.78091514 0.7836534  0.77929384 0.78341305 0.7848313  0.78047436
 0.78078794 0.7837181  0.7799749  0.7811402  0.7804383  0.78093225
 0.78156716 0.7766875  0.77876884 0.7850989  0.78440046 0.7805343
 0.7819225  0.7809263  0.7836108  0.78092843 0.7848282  0.7827228
 0.78189504 0.7801618  0.7833018  0.7758924  0.7768965  0.77974963
 0.7826384  0.7832235  0.7810404  0.77872455 0.777076   0.777979
 0.7799482  0.7828528  0.78596145 0.7816071  0.78223056 0.7763556
 0.7782043  0.7832009  0.7838975  0.77696    0.7786527  0.7839553
 0.77884513 0.7803738  0.78134423 0.7817466  0.7828067  0.7830567
 0.7809036  0.78230023 0.78494364 0.78069985 0.7768605  0.7845524
 0.7769441  0.7824122  0.7812138  0.77918255 0.7814227  0.78476435
 0.7810082  0.78237605 0.77896553 0.7807557  0.77916145 0.77881444
 0.7809141  0.7842182  0.7840228  0.78290224 0.779123   0.7778753
 0.78304505 0.7808989 ]
[nltk_data] Downloading package wordnet to /mnt/iusers01/fse-
[nltk_data]     ugpgt01/compsci01/q12628ct/nltk_data...
[nltk_data]   Package wordnet is already up-to-date!
[nltk_data] Downloading package punkt_tab to /mnt/iusers01/fse-
[nltk_data]     ugpgt01/compsci01/q12628ct/nltk_data...
[nltk_data]   Package punkt_tab is already up-to-date!
[nltk_data] Downloading package omw-1.4 to /mnt/iusers01/fse-
[nltk_data]     ugpgt01/compsci01/q12628ct/nltk_data...
[nltk_data]   Package omw-1.4 is already up-to-date!
/mnt/iusers01/fse-ugpgt01/compsci01/q12628ct/.conda/envs/semantic-decoding/lib/python3.10/site-packages/huggingface_hub/file_download.py:945: FutureWarning: `resume_download` is deprecated and will be removed in version 1.0.0. Downloads always resume when possible. If you want to force a new download, use `force_download=True`.
  warnings.warn(
Some weights of the model checkpoint at roberta-large were not used when initializing RobertaModel: ['lm_head.bias', 'lm_head.layer_norm.bias', 'lm_head.dense.weight', 'lm_head.layer_norm.weight', 'lm_head.dense.bias']
- This IS expected if you are initializing RobertaModel from the checkpoint of a model trained on another task or with another architecture (e.g. initializing a BertForSequenceClassification model from a BertForPreTraining model).
- This IS NOT expected if you are initializing RobertaModel from the checkpoint of a model that you expect to be exactly identical (initializing a BertForSequenceClassification model from a BertForSequenceClassification model).
Some weights of RobertaModel were not initialized from the model checkpoint at roberta-large and are newly initialized: ['roberta.pooler.dense.weight', 'roberta.pooler.dense.bias']
You should probably TRAIN this model on a down-stream task to be able to use it for predictions and inference.
echo_repeat-2
WER
[-0.06375782 -0.06588612 -0.05103032 -0.06085572 -0.06797128 -0.06681582
 -0.07422304 -0.07094283 -0.05004246 -0.07731073 -0.07039609 -0.07290241
 -0.07410469 -0.07937482 -0.07453751 -0.06888994 -0.07181704 -0.05687555
 -0.05851755 -0.07334732 -0.06794559 -0.08259565 -0.07057159 -0.06771905
 -0.05422707 -0.06521294 -0.07629019 -0.07478115 -0.06627144 -0.07651461
 -0.06907996 -0.05357066 -0.06510484 -0.04886096 -0.08031044 -0.07465616
 -0.06668076 -0.07704546 -0.06716241 -0.07164613 -0.05728026 -0.09155705
 -0.0701338  -0.07192445 -0.07924252 -0.06759835 -0.05070757 -0.08386578
 -0.07952652 -0.05944009 -0.07227913 -0.06361331 -0.07879326 -0.08531015
 -0.07434505 -0.05189054 -0.07727905 -0.07863458 -0.08950577 -0.07180254
 -0.06802401 -0.07570787 -0.07196951 -0.06650723 -0.06301548 -0.08180057
 -0.05862409 -0.06169385 -0.07008167 -0.079794   -0.05545073 -0.06344657
 -0.0554797  -0.06604595 -0.08671716 -0.08103859 -0.07234132 -0.07671449
 -0.07222888 -0.06960432 -0.07098081 -0.03406853 -0.07406042 -0.06028664
 -0.07493445 -0.06580719 -0.06796895 -0.06005321 -0.07531588 -0.07307812
 -0.06228714 -0.06203841 -0.06938147 -0.04238271 -0.05194405 -0.07417666
 -0.05835303 -0.06504649 -0.07796726 -0.07696321 -0.07998363 -0.07993644
 -0.08095897 -0.05106558 -0.05308575 -0.04608149 -0.0798567  -0.07729093
 -0.07356547 -0.06716814 -0.06828224 -0.06667537 -0.05333693 -0.07375078
 -0.07472577 -0.07582024 -0.06004659 -0.06212025 -0.07346199 -0.05631439
 -0.07533471 -0.06561853 -0.08412393 -0.06188754 -0.07777686 -0.02901573
 -0.0652185  -0.04798642 -0.04776772 -0.07715005 -0.06228715 -0.0670208
 -0.07188344 -0.07095841 -0.06684231 -0.06142401 -0.0703478  -0.05535224
 -0.05742866 -0.05782839 -0.06331281 -0.05499708 -0.06877302 -0.06696032
 -0.05840109 -0.0650685  -0.059145   -0.0560589  -0.08027969 -0.07119057
 -0.0781299  -0.07815984 -0.03318822 -0.06777098 -0.07237115 -0.05539301
 -0.05662523 -0.06981175 -0.06885587 -0.06842135 -0.06401715 -0.0908062
 -0.06533507 -0.07461843 -0.07909485 -0.0655333  -0.06198893 -0.05459711
 -0.04663256 -0.06900786 -0.07180991 -0.07273463 -0.06833332 -0.04896021
 -0.04936511 -0.06149175 -0.07456562 -0.06567737 -0.0622055  -0.05236256
 -0.07922068 -0.07279368 -0.04770483 -0.07376914 -0.06105614 -0.06519379
 -0.0676368  -0.08936395 -0.06151885 -0.05496072 -0.06046755 -0.0736847
 -0.05412289 -0.07015926 -0.08395487 -0.05863761 -0.04678356 -0.06825999
 -0.06876339 -0.07212626]
echo_repeat-2
BLEU
[0.13581792 0.17289802 0.17196693 0.16264397 0.15850912 0.16068284
 0.15437116 0.17005775 0.16071337 0.15808783 0.17292039 0.16741984
 0.15586632 0.13969354 0.15397374 0.14470083 0.18474144 0.15855602
 0.16484132 0.17243002 0.17615343 0.16133285 0.13357125 0.17287147
 0.16427646 0.14528559 0.14981235 0.16373982 0.16034857 0.16578861
 0.17121934 0.1947791  0.12628165 0.16878038 0.14207068 0.12769318
 0.15578766 0.16036005 0.13965715 0.14749637 0.16995026 0.13752137
 0.17291661 0.15473754 0.13513898 0.17312318 0.17018276 0.15511861
 0.12558165 0.16786563 0.1727045  0.184175   0.14231007 0.12948129
 0.13502708 0.18064475 0.16008842 0.15997293 0.15023976 0.2036072
 0.17745691 0.1598421  0.18370671 0.15707083 0.17276564 0.15647072
 0.16348562 0.15670276 0.15469718 0.12733839 0.17630683 0.14520914
 0.20714131 0.16028194 0.14415512 0.16459243 0.16716031 0.14750679
 0.15082451 0.16504453 0.13852323 0.21315094 0.12501627 0.170878
 0.14987417 0.16319622 0.15556231 0.16097071 0.14017469 0.17708591
 0.17145827 0.16897446 0.19125749 0.18126816 0.17150119 0.17132504
 0.17401539 0.1610955  0.16145934 0.12738301 0.15257378 0.16190556
 0.15343888 0.19016642 0.20476763 0.20031946 0.16069436 0.15479046
 0.15682369 0.17498363 0.17134152 0.16287633 0.17181315 0.10534284
 0.10947149 0.15970902 0.14453633 0.17871363 0.17627573 0.17438381
 0.17088358 0.1572708  0.17869142 0.17336073 0.16109876 0.19064886
 0.15366468 0.18576761 0.20017926 0.13186867 0.17851437 0.13202866
 0.17085932 0.16695202 0.14410064 0.1770635  0.153659   0.19153091
 0.17955225 0.18112082 0.16120806 0.18739822 0.18605653 0.16536849
 0.15969113 0.171136   0.15983044 0.20476097 0.1307956  0.14968881
 0.14383957 0.15316493 0.19616415 0.17068515 0.12774822 0.18683365
 0.19497075 0.17026178 0.15290239 0.16087966 0.12705169 0.12641988
 0.12640166 0.14243183 0.16577808 0.15229149 0.18335762 0.18369166
 0.15434881 0.15665754 0.12804416 0.16642956 0.17790586 0.17509808
 0.16016258 0.15510069 0.1650804  0.14247163 0.13898557 0.21314878
 0.15832146 0.17348634 0.19565778 0.14498493 0.13075539 0.14651815
 0.15373661 0.11572413 0.1424127  0.1679781  0.18920083 0.17176585
 0.15752501 0.16218231 0.14961879 0.15899473 0.14904438 0.14439657
 0.1348908  0.15707707]
echo_repeat-2
METEOR
[0.08470884 0.10911613 0.1110134  0.10366692 0.11091013 0.0950044
 0.08839494 0.10439244 0.10925335 0.11625994 0.11101917 0.11258348
 0.1074947  0.09089016 0.10963686 0.10922285 0.12030425 0.1170552
 0.10383242 0.11009566 0.10477955 0.09561125 0.0889426  0.11191145
 0.12513435 0.10492003 0.10208105 0.11823034 0.10624955 0.11691381
 0.10923821 0.13531174 0.0995401  0.1126174  0.09200478 0.09645773
 0.10086051 0.10545158 0.09888687 0.10561981 0.12594636 0.09811167
 0.13212946 0.09294404 0.1014184  0.12532398 0.12793935 0.10169469
 0.10795173 0.10486052 0.11988726 0.11654064 0.09950935 0.08808866
 0.09449093 0.12233015 0.10592885 0.10502462 0.10203708 0.12740315
 0.1186475  0.10346889 0.11736796 0.10575008 0.1140904  0.10215683
 0.1101677  0.11321051 0.10726164 0.09197827 0.13018868 0.09931423
 0.1352322  0.10864164 0.08987153 0.11512355 0.10592238 0.0942239
 0.09899718 0.10899218 0.08541136 0.14493606 0.0863933  0.1138632
 0.10711981 0.10294204 0.10740795 0.1205112  0.08647343 0.12669193
 0.10305956 0.13208352 0.13710965 0.12271409 0.12147943 0.10955878
 0.11664333 0.10871612 0.11317315 0.07991046 0.11365953 0.10157942
 0.09834023 0.12457583 0.12734609 0.12240814 0.10133259 0.09385886
 0.0994915  0.12136977 0.11862984 0.11214799 0.10105879 0.073525
 0.07243057 0.10837249 0.11401234 0.11040405 0.11616121 0.11607032
 0.12568706 0.12486361 0.1254265  0.10807661 0.11741955 0.1261388
 0.10313485 0.12728521 0.12147102 0.09055783 0.13425714 0.09299863
 0.10124708 0.10905852 0.08717788 0.12271983 0.10528488 0.12579116
 0.11836323 0.11562833 0.10164693 0.1282534  0.13124816 0.12410849
 0.10557345 0.10797496 0.11166342 0.12888699 0.10051118 0.09664729
 0.10200954 0.10211082 0.11934193 0.11257045 0.08903958 0.12678286
 0.13754123 0.11397012 0.1100607  0.10755063 0.09073414 0.08038693
 0.09249295 0.09996771 0.1289576  0.09927083 0.11177944 0.13258369
 0.10392525 0.09537804 0.08792037 0.12042818 0.11487741 0.11056528
 0.10872573 0.10401942 0.10894458 0.09126548 0.10218043 0.15184646
 0.11309585 0.11387932 0.1275891  0.08974402 0.0868929  0.09405026
 0.09716298 0.07673717 0.10069755 0.1146544  0.13009204 0.11371228
 0.11184549 0.10629757 0.09158004 0.09351895 0.0943614  0.09775543
 0.10257169 0.09510531]
echo_repeat-2
BERT
[0.7805688  0.7830557  0.78389645 0.78543586 0.7783282  0.77897984
 0.78136265 0.7826755  0.78227365 0.7800825  0.7815447  0.7767812
 0.78311473 0.7821675  0.78082496 0.7791927  0.7828051  0.7842799
 0.78009325 0.77976197 0.78241265 0.78511095 0.7759449  0.7826965
 0.78091395 0.779094   0.7795093  0.78477573 0.7808252  0.78053236
 0.7790078  0.78554785 0.7828663  0.78438985 0.7807506  0.78307056
 0.77849245 0.77781874 0.7804267  0.7764982  0.77773535 0.7753928
 0.7817138  0.7791446  0.7761601  0.7899006  0.78460914 0.7801288
 0.7824752  0.78570473 0.78317475 0.7862401  0.7806563  0.7801321
 0.78531283 0.78131217 0.78114986 0.781249   0.78143805 0.7821809
 0.7829144  0.77593917 0.7836604  0.78012085 0.7825467  0.7810765
 0.784485   0.7868458  0.7845704  0.7803526  0.778543   0.7845046
 0.78472024 0.7792263  0.78191924 0.78417003 0.78204715 0.7765969
 0.78184396 0.78021944 0.7793137  0.78473896 0.77659345 0.78494
 0.78393924 0.78422713 0.78213763 0.78234446 0.7839767  0.7827084
 0.7815547  0.78132874 0.78021663 0.7839181  0.78239304 0.78306675
 0.7819068  0.7801188  0.78316236 0.7814094  0.77857864 0.7766188
 0.7803846  0.7830807  0.78776217 0.78560555 0.7778863  0.7769276
 0.7815562  0.7818459  0.78180665 0.7775821  0.78064746 0.7806171
 0.7806362  0.78551304 0.7814016  0.78317714 0.78285336 0.7868901
 0.78045136 0.7811138  0.78427434 0.7795482  0.78094983 0.78261065
 0.7801762  0.7806481  0.78238094 0.7797151  0.78398734 0.7823543
 0.77917427 0.7841266  0.78278553 0.7802706  0.7772142  0.7785156
 0.78207463 0.7849881  0.7827794  0.77958244 0.7844281  0.7795497
 0.7795782  0.7809558  0.77690303 0.7835607  0.77664363 0.7832253
 0.78023875 0.7774762  0.7804518  0.7825185  0.7784802  0.78176564
 0.77970785 0.7836284  0.7780057  0.78380084 0.7794657  0.7798013
 0.78403556 0.7821125  0.7795655  0.7784659  0.77974373 0.7829307
 0.78158385 0.7860217  0.7810457  0.78208494 0.7843041  0.7841961
 0.77762324 0.7834066  0.7800466  0.7815574  0.77845657 0.7820001
 0.7778465  0.7843366  0.7871787  0.7787122  0.7776056  0.77965665
 0.77824837 0.78109425 0.78131    0.78206897 0.780373   0.7813795
 0.7812701  0.7787958  0.78080255 0.78353435 0.782097   0.78586525
 0.7786424  0.7810014 ]
