Job is using 1 GPU(s) with ID(s) 0 and 8 CPU core(s)
torch cuda is available: True
/net/scratch/q12628ct/semantic-decoding/decoding/utils_ridge/interpdata.py:159: RuntimeWarning: invalid value encountered in divide
  val = window * np.sin(np.pi*t) * np.sin(np.pi*t/window) / (np.pi**2 * t**2)
/net/scratch/q12628ct/semantic-decoding/decoding/utils_ridge/interpdata.py:159: RuntimeWarning: invalid value encountered in divide
  val = window * np.sin(np.pi*t) * np.sin(np.pi*t/window) / (np.pi**2 * t**2)
/net/scratch/q12628ct/semantic-decoding/decoding/utils_ridge/interpdata.py:159: RuntimeWarning: invalid value encountered in divide
  val = window * np.sin(np.pi*t) * np.sin(np.pi*t/window) / (np.pi**2 * t**2)
/net/scratch/q12628ct/semantic-decoding/decoding/utils_ridge/interpdata.py:159: RuntimeWarning: invalid value encountered in divide
  val = window * np.sin(np.pi*t) * np.sin(np.pi*t/window) / (np.pi**2 * t**2)
/net/scratch/q12628ct/semantic-decoding/decoding/utils_ridge/interpdata.py:159: RuntimeWarning: invalid value encountered in divide
  val = window * np.sin(np.pi*t) * np.sin(np.pi*t/window) / (np.pi**2 * t**2)
/net/scratch/q12628ct/semantic-decoding/decoding/utils_ridge/interpdata.py:159: RuntimeWarning: invalid value encountered in divide
  val = window * np.sin(np.pi*t) * np.sin(np.pi*t/window) / (np.pi**2 * t**2)
/net/scratch/q12628ct/semantic-decoding/decoding/utils_ridge/interpdata.py:159: RuntimeWarning: invalid value encountered in divide
  val = window * np.sin(np.pi*t) * np.sin(np.pi*t/window) / (np.pi**2 * t**2)
/net/scratch/q12628ct/semantic-decoding/decoding/utils_ridge/interpdata.py:159: RuntimeWarning: invalid value encountered in divide
  val = window * np.sin(np.pi*t) * np.sin(np.pi*t/window) / (np.pi**2 * t**2)
/net/scratch/q12628ct/semantic-decoding/decoding/utils_ridge/interpdata.py:159: RuntimeWarning: invalid value encountered in divide
  val = window * np.sin(np.pi*t) * np.sin(np.pi*t/window) / (np.pi**2 * t**2)
/net/scratch/q12628ct/semantic-decoding/decoding/utils_ridge/interpdata.py:159: RuntimeWarning: invalid value encountered in divide
  val = window * np.sin(np.pi*t) * np.sin(np.pi*t/window) / (np.pi**2 * t**2)
/net/scratch/q12628ct/semantic-decoding/decoding/utils_ridge/interpdata.py:159: RuntimeWarning: invalid value encountered in divide
  val = window * np.sin(np.pi*t) * np.sin(np.pi*t/window) / (np.pi**2 * t**2)
/net/scratch/q12628ct/semantic-decoding/decoding/utils_ridge/interpdata.py:159: RuntimeWarning: invalid value encountered in divide
  val = window * np.sin(np.pi*t) * np.sin(np.pi*t/window) / (np.pi**2 * t**2)
/net/scratch/q12628ct/semantic-decoding/decoding/utils_ridge/interpdata.py:159: RuntimeWarning: invalid value encountered in divide
  val = window * np.sin(np.pi*t) * np.sin(np.pi*t/window) / (np.pi**2 * t**2)
/net/scratch/q12628ct/semantic-decoding/decoding/utils_ridge/interpdata.py:159: RuntimeWarning: invalid value encountered in divide
  val = window * np.sin(np.pi*t) * np.sin(np.pi*t/window) / (np.pi**2 * t**2)
/net/scratch/q12628ct/semantic-decoding/decoding/utils_ridge/interpdata.py:159: RuntimeWarning: invalid value encountered in divide
  val = window * np.sin(np.pi*t) * np.sin(np.pi*t/window) / (np.pi**2 * t**2)
/net/scratch/q12628ct/semantic-decoding/decoding/utils_ridge/interpdata.py:159: RuntimeWarning: invalid value encountered in divide
  val = window * np.sin(np.pi*t) * np.sin(np.pi*t/window) / (np.pi**2 * t**2)
[nltk_data] Downloading package wordnet to /mnt/iusers01/fse-
[nltk_data]     ugpgt01/compsci01/q12628ct/nltk_data...
[nltk_data]   Package wordnet is already up-to-date!
[nltk_data] Downloading package punkt_tab to /mnt/iusers01/fse-
[nltk_data]     ugpgt01/compsci01/q12628ct/nltk_data...
[nltk_data]   Package punkt_tab is already up-to-date!
[nltk_data] Downloading package omw-1.4 to /mnt/iusers01/fse-
[nltk_data]     ugpgt01/compsci01/q12628ct/nltk_data...
[nltk_data]   Package omw-1.4 is already up-to-date!
/mnt/iusers01/fse-ugpgt01/compsci01/q12628ct/.conda/envs/semantic-decoding/lib/python3.10/site-packages/huggingface_hub/file_download.py:945: FutureWarning: `resume_download` is deprecated and will be removed in version 1.0.0. Downloads always resume when possible. If you want to force a new download, use `force_download=True`.
  warnings.warn(
Some weights of the model checkpoint at roberta-large were not used when initializing RobertaModel: ['lm_head.bias', 'lm_head.dense.weight', 'lm_head.layer_norm.weight', 'lm_head.dense.bias', 'lm_head.layer_norm.bias']
- This IS expected if you are initializing RobertaModel from the checkpoint of a model trained on another task or with another architecture (e.g. initializing a BertForSequenceClassification model from a BertForPreTraining model).
- This IS NOT expected if you are initializing RobertaModel from the checkpoint of a model that you expect to be exactly identical (initializing a BertForSequenceClassification model from a BertForSequenceClassification model).
Some weights of RobertaModel were not initialized from the model checkpoint at roberta-large and are newly initialized: ['roberta.pooler.dense.weight', 'roberta.pooler.dense.bias']
You should probably TRAIN this model on a down-stream task to be able to use it for predictions and inference.
wheretheressmoke
WER
[0.02993605 0.03595731 0.03671987 0.03306502 0.03414202 0.03434772
 0.03468213 0.03242165 0.03317872 0.03523712 0.03552413 0.03237088
 0.03361988 0.0351216  0.02714761 0.03427726 0.03298782 0.03464777
 0.03146594 0.03373125 0.03229707 0.03419986 0.03387473 0.03851006
 0.03801897 0.02965603 0.03417548 0.03490593 0.03339791 0.03422805
 0.03889269 0.04279993 0.03407951 0.02898926 0.03587178 0.03524182
 0.03314785 0.03689164 0.03572482 0.03159992 0.03066089 0.03179851
 0.03895755 0.03840986 0.03374079 0.03812993 0.03223424 0.03084378
 0.03485653 0.03461314 0.03481451 0.03355584 0.03083463 0.03207032
 0.03415408 0.03551857 0.03271439 0.02895315 0.03714098 0.0337135
 0.0332111  0.03267742 0.03075063 0.03854137 0.03472825 0.03278824
 0.03136806 0.0334352  0.03259616 0.03277827 0.03267544 0.02822284
 0.0352351  0.03839465 0.03501279 0.03534633 0.03547148 0.0336391
 0.03449145 0.03664751 0.03526757 0.0319499  0.03444815 0.02931848
 0.0344     0.03176934 0.03531204 0.03096879 0.02815373 0.0335388
 0.03542491 0.03398077 0.03445446 0.03888204 0.03537633 0.03656764
 0.03649072 0.03641072 0.0300811  0.03940953 0.03398917 0.03057232
 0.03551914 0.03440881 0.03549081 0.03050981 0.03602831 0.03621974
 0.03200992 0.03392262 0.03154667 0.0322134  0.03324046 0.03332856
 0.03499591 0.03302676 0.03721955 0.02971605 0.0343399  0.03271222
 0.02889668 0.03620427 0.03735455 0.03092119 0.03531148 0.03092221
 0.03380544 0.03383052 0.03728436 0.03445962 0.0340138  0.03303246
 0.03766941 0.02894911 0.02755248 0.03349447 0.03438478 0.03110098
 0.0324685  0.03161182 0.03251983 0.03035697 0.03845517 0.02898411
 0.03789414 0.03290563 0.03111046 0.03418882 0.03805318 0.0307321
 0.0315617  0.03731829 0.03186963 0.04231778 0.03761973 0.0378827
 0.02678139 0.04098501 0.02944035 0.03813026 0.02814955 0.03006624
 0.03406851 0.03697506 0.02971395 0.03555826 0.02885103 0.03237415
 0.03400051 0.0310972  0.03573396 0.03260308 0.03357491 0.03561037
 0.03541278 0.02771246 0.03181228 0.03114472 0.03415101 0.03347059
 0.03055296 0.02931695 0.03961321 0.02747876 0.03792545 0.03604879
 0.03721642 0.0298062  0.03327238 0.03559863 0.03478452 0.03068071
 0.03606477 0.03640225 0.03696805 0.03534377 0.03442332 0.0382368
 0.03616151 0.03676218]
wheretheressmoke
BLEU
[0.17929915 0.20283377 0.19752565 0.18818204 0.180909   0.18172309
 0.18522081 0.18544726 0.19452409 0.1919078  0.18868102 0.18546287
 0.18645049 0.18666362 0.18716792 0.18673989 0.18720589 0.1910562
 0.17900694 0.19444466 0.18335837 0.19641681 0.19256068 0.2064723
 0.18838261 0.18666216 0.17737619 0.182958   0.18211745 0.19880723
 0.19635382 0.20748489 0.18145588 0.17130557 0.20150129 0.1811618
 0.18772873 0.19998013 0.19772069 0.17590082 0.17998293 0.18572111
 0.18651463 0.19388039 0.1919269  0.19381923 0.18550025 0.19207358
 0.18714773 0.17826868 0.19483402 0.18936444 0.1874385  0.19044937
 0.18377671 0.19233558 0.18481646 0.18104178 0.19502345 0.19383188
 0.18718037 0.16919308 0.1804863  0.20218097 0.19145949 0.1792547
 0.19171151 0.18583814 0.18085347 0.20084234 0.1887963  0.18685306
 0.18504771 0.18902161 0.19584068 0.18179168 0.1826491  0.1920619
 0.18772692 0.18478953 0.20451016 0.19182667 0.19104987 0.18413466
 0.19469839 0.18296717 0.19263677 0.19439593 0.17799654 0.19580021
 0.18817692 0.19310574 0.19064767 0.18766926 0.19498509 0.19565404
 0.19677193 0.19417867 0.18288224 0.19516477 0.18137147 0.1887902
 0.19542217 0.18987041 0.1927103  0.18514116 0.18557457 0.19107027
 0.18862569 0.1874285  0.18868203 0.1900085  0.18511235 0.18246472
 0.18647627 0.18588729 0.20000142 0.1805504  0.19253057 0.20399063
 0.18647618 0.191665   0.1943095  0.18675769 0.18607957 0.18509766
 0.1913901  0.18325373 0.18677606 0.18728971 0.18619334 0.1920339
 0.19361244 0.17349159 0.17739115 0.18477984 0.18255287 0.18604843
 0.19264862 0.17929522 0.18593084 0.18760069 0.19622071 0.18624917
 0.19622508 0.18328811 0.19023482 0.19423645 0.19514571 0.19312699
 0.18808435 0.1943137  0.18506851 0.19131552 0.19725917 0.18766662
 0.17846656 0.18561174 0.18697895 0.19809811 0.17580812 0.19215895
 0.18695535 0.1921601  0.180371   0.20123158 0.18346028 0.1797362
 0.18669085 0.18163946 0.20711911 0.19088387 0.186479   0.18623068
 0.20174777 0.18750503 0.18415975 0.17983978 0.18202543 0.185965
 0.18689778 0.16802006 0.19568319 0.18231458 0.19575526 0.18936024
 0.18915913 0.1817965  0.19108421 0.19136855 0.19572274 0.18709123
 0.19087793 0.18783    0.18318258 0.18329068 0.17895722 0.19127313
 0.18985489 0.19532461]
wheretheressmoke
METEOR
[0.13039196 0.14908577 0.14740187 0.13602993 0.13368814 0.13025555
 0.13869759 0.13505095 0.14118738 0.14070593 0.13869784 0.13650036
 0.1385697  0.13538387 0.13612416 0.13424218 0.13621939 0.13743745
 0.13259316 0.13995009 0.13349929 0.14888642 0.13937155 0.15179814
 0.14036074 0.13649351 0.13414753 0.12828787 0.13757939 0.13977847
 0.13821821 0.14685381 0.13257351 0.12770902 0.14677597 0.13576504
 0.13737543 0.1456554  0.14081179 0.12776139 0.13273941 0.13618803
 0.1365797  0.13484977 0.13961749 0.13985436 0.14214006 0.14247702
 0.13784329 0.12918773 0.13803961 0.13842722 0.13884026 0.13394837
 0.1335326  0.13829753 0.13780916 0.13385088 0.14238999 0.14349377
 0.13350157 0.1267293  0.12944019 0.14976095 0.14613986 0.12838511
 0.14081654 0.13685788 0.1296108  0.15086531 0.13597748 0.13720683
 0.13379044 0.14088017 0.14086657 0.1340297  0.13693375 0.14042431
 0.13585786 0.13405841 0.14570162 0.13839685 0.13923477 0.12992851
 0.13744785 0.13082633 0.1380904  0.14088413 0.13002258 0.14279753
 0.13553858 0.14248925 0.13542839 0.13892968 0.14415391 0.14368797
 0.14256031 0.14283475 0.13500081 0.13751236 0.13572237 0.14112114
 0.14061707 0.13983833 0.13978286 0.140067   0.13572758 0.13609581
 0.13443711 0.13703566 0.13665906 0.13494317 0.13422334 0.13831319
 0.13886925 0.13221768 0.14250848 0.13624371 0.13989616 0.14478859
 0.13441515 0.13638559 0.141074   0.1355194  0.13898226 0.13413392
 0.13878446 0.13373027 0.13597592 0.14147989 0.1405021  0.1353468
 0.14648653 0.13044732 0.13392237 0.13634898 0.13606422 0.13301262
 0.1418259  0.12764509 0.13405386 0.13704852 0.14531679 0.13629929
 0.1368997  0.13492831 0.13826912 0.13864415 0.13835745 0.13731928
 0.13845505 0.14236971 0.14145807 0.13957535 0.14129957 0.13788011
 0.13382102 0.13367705 0.13570422 0.14172927 0.12820095 0.13718844
 0.13311336 0.14029728 0.13973681 0.14319972 0.13901106 0.13362787
 0.13757424 0.13551102 0.14569507 0.1388533  0.13252183 0.14041043
 0.14579639 0.13441343 0.13624449 0.13408996 0.13471661 0.12950693
 0.13483882 0.13057276 0.1406573  0.13289397 0.13822004 0.14024452
 0.13484393 0.13078425 0.13765669 0.13935205 0.137604   0.1325343
 0.1373391  0.14273785 0.13696568 0.14087873 0.13172151 0.13797915
 0.135819   0.13864652]
wheretheressmoke
BERT
[0.78725165 0.79193866 0.79172397 0.7901824  0.7885554  0.789279
 0.7894599  0.7889811  0.7894761  0.79127    0.7915841  0.79030555
 0.7886397  0.79062676 0.7877667  0.7884761  0.7913801  0.7891692
 0.78979516 0.7904672  0.7894348  0.78981143 0.7887722  0.79181635
 0.7919298  0.7884315  0.7898475  0.787792   0.78908354 0.7898904
 0.79266983 0.79058236 0.7897765  0.79179615 0.78960854 0.7900441
 0.789967   0.78929824 0.7897324  0.7894055  0.7876828  0.7895582
 0.78861773 0.7899491  0.7914899  0.79118496 0.79074633 0.7907589
 0.7886726  0.79036313 0.78946614 0.78966004 0.7884142  0.7881894
 0.7887077  0.78984207 0.7897131  0.7913825  0.7902692  0.7903055
 0.7892352  0.78818256 0.78777534 0.79085636 0.79071534 0.78912765
 0.78914976 0.790402   0.78913826 0.7901     0.78919095 0.7897228
 0.79051393 0.79025537 0.7907912  0.7900112  0.78872263 0.7904243
 0.78772473 0.7891544  0.79154027 0.79098547 0.7909088  0.7913193
 0.7900077  0.7899997  0.7894808  0.7891     0.78915936 0.7889342
 0.79173654 0.7902062  0.7893219  0.78948975 0.7903132  0.7916823
 0.7883974  0.79063845 0.78792614 0.7890817  0.78926057 0.79049295
 0.7908491  0.7894061  0.7895299  0.78956604 0.79185784 0.7903906
 0.7894478  0.7893292  0.7892698  0.79048437 0.78815997 0.7876358
 0.7900787  0.7887568  0.789143   0.7897507  0.7891869  0.79011947
 0.791985   0.78937167 0.7914544  0.78958875 0.7910854  0.7889255
 0.7894206  0.7887478  0.7888188  0.79010177 0.7894136  0.788538
 0.7914173  0.78776395 0.78949344 0.7891312  0.7895448  0.78722566
 0.78967357 0.7886357  0.78749865 0.7907005  0.78850245 0.7884488
 0.78856176 0.78890663 0.7882501  0.7900962  0.78995705 0.7896988
 0.7897977  0.79169565 0.7881658  0.79133886 0.7908592  0.79069996
 0.78960884 0.79105836 0.7893589  0.7912811  0.7865256  0.7892623
 0.792067   0.7914119  0.7892429  0.7898138  0.78916574 0.7890315
 0.79019755 0.7883567  0.79093736 0.788736   0.79194975 0.7906534
 0.78994876 0.7881567  0.78801155 0.7889489  0.79087955 0.7894148
 0.79090774 0.7894816  0.79163766 0.7892601  0.79078263 0.7897826
 0.79002184 0.7889228  0.7883342  0.7908322  0.7885059  0.7894829
 0.7878316  0.78996456 0.79063195 0.78905    0.7887315  0.7913995
 0.7909807  0.78965163]
[nltk_data] Downloading package wordnet to /mnt/iusers01/fse-
[nltk_data]     ugpgt01/compsci01/q12628ct/nltk_data...
[nltk_data]   Package wordnet is already up-to-date!
[nltk_data] Downloading package punkt_tab to /mnt/iusers01/fse-
[nltk_data]     ugpgt01/compsci01/q12628ct/nltk_data...
[nltk_data]   Package punkt_tab is already up-to-date!
[nltk_data] Downloading package omw-1.4 to /mnt/iusers01/fse-
[nltk_data]     ugpgt01/compsci01/q12628ct/nltk_data...
[nltk_data]   Package omw-1.4 is already up-to-date!
/mnt/iusers01/fse-ugpgt01/compsci01/q12628ct/.conda/envs/semantic-decoding/lib/python3.10/site-packages/huggingface_hub/file_download.py:945: FutureWarning: `resume_download` is deprecated and will be removed in version 1.0.0. Downloads always resume when possible. If you want to force a new download, use `force_download=True`.
  warnings.warn(
Some weights of the model checkpoint at roberta-large were not used when initializing RobertaModel: ['lm_head.bias', 'lm_head.layer_norm.bias', 'lm_head.layer_norm.weight', 'lm_head.dense.bias', 'lm_head.dense.weight']
- This IS expected if you are initializing RobertaModel from the checkpoint of a model trained on another task or with another architecture (e.g. initializing a BertForSequenceClassification model from a BertForPreTraining model).
- This IS NOT expected if you are initializing RobertaModel from the checkpoint of a model that you expect to be exactly identical (initializing a BertForSequenceClassification model from a BertForSequenceClassification model).
Some weights of RobertaModel were not initialized from the model checkpoint at roberta-large and are newly initialized: ['roberta.pooler.dense.bias', 'roberta.pooler.dense.weight']
You should probably TRAIN this model on a down-stream task to be able to use it for predictions and inference.
presto
WER
[0.02567356 0.02650616 0.03502344 0.03208051 0.03873093 0.02328514
 0.02849538 0.02988628 0.03496679 0.0332322  0.04047543 0.03025033
 0.03306626 0.02053331 0.02772355 0.03375776 0.02800489 0.02603434
 0.03414275 0.03444814 0.03466067 0.03936448 0.03039216 0.03221607
 0.02707109 0.02963279 0.02709178 0.03226414 0.02568586 0.0286908
 0.03397135 0.03691654 0.0295848  0.02836069 0.03168679 0.02576448
 0.02551274 0.02560517 0.03358143 0.0423825  0.03028102 0.03428769
 0.02805537 0.03014659 0.03009585 0.03686848 0.03977512 0.02603472
 0.03198216 0.03350995 0.03236099 0.0446609  0.03388738 0.02802588
 0.02682586 0.02667472 0.03588267 0.02334007 0.03567095 0.02554683
 0.03475693 0.0355337  0.02531961 0.03221643 0.03306273 0.02114264
 0.02622954 0.03605982 0.02756941 0.02655448 0.03924866 0.0288593
 0.02971282 0.03447409 0.03334788 0.02969662 0.0309373  0.02774568
 0.03488667 0.02839269 0.03429236 0.03036527 0.02270942 0.03039131
 0.0355051  0.02806196 0.02392636 0.03397168 0.03966775 0.02892606
 0.03644312 0.0307398  0.03498964 0.03001272 0.03376745 0.02503311
 0.02613999 0.03392253 0.03171269 0.02612066 0.03606899 0.03270563
 0.02765932 0.02995722 0.02249808 0.02973804 0.03539144 0.02840337
 0.03455644 0.03057727 0.02508329 0.02741242 0.0387195  0.02259913
 0.03537141 0.03306805 0.03085933 0.03564642 0.0249314  0.03249515
 0.03337831 0.02604907 0.03069076 0.03084832 0.02515993 0.03189294
 0.04167414 0.02785342 0.02687538 0.03079139 0.02112404 0.0305116
 0.02886415 0.02585976 0.02684679 0.03782027 0.03331303 0.03309444
 0.03686787 0.03058963 0.03091767 0.04172656 0.03226868 0.02448394
 0.03272033 0.0320899  0.03448555 0.02415044 0.03019065 0.0319094
 0.02409121 0.02244135 0.02220871 0.03072993 0.03192034 0.02494884
 0.02669351 0.03079327 0.0371763  0.0328563  0.03774181 0.03936316
 0.0310443  0.02794342 0.02738559 0.03922245 0.03007303 0.03189758
 0.02724296 0.02776644 0.03518192 0.03180865 0.03047638 0.02886797
 0.02101127 0.02873333 0.03007737 0.02769489 0.04690176 0.03510708
 0.02890229 0.03215931 0.03000167 0.02164095 0.03223549 0.03215062
 0.03328423 0.02547398 0.03004049 0.02672701 0.02258525 0.0257209
 0.03661075 0.03180288 0.03229414 0.02839518 0.03230652 0.03517813
 0.03404669 0.03526819]
presto
BLEU
[0.11180787 0.09290345 0.12993821 0.12182375 0.12109772 0.09780157
 0.11292025 0.10799019 0.12255881 0.1242115  0.14777184 0.10489582
 0.12178123 0.09622537 0.11417858 0.12095863 0.10766505 0.09501301
 0.11795355 0.11787744 0.12505182 0.12946563 0.12087882 0.12164125
 0.09413344 0.11065552 0.11544219 0.11123183 0.1025777  0.1200376
 0.13388396 0.13479953 0.10713293 0.09767111 0.10514995 0.11239204
 0.10547012 0.1107641  0.11822043 0.14837982 0.10683935 0.11158323
 0.12253824 0.11147097 0.11117957 0.1343973  0.12954597 0.10867437
 0.11959299 0.12255884 0.11086606 0.14125971 0.12974324 0.10644012
 0.10768443 0.11441974 0.12835436 0.08710613 0.12298123 0.11329521
 0.12249219 0.11936851 0.09784896 0.11128737 0.12011963 0.10477381
 0.11546567 0.11727656 0.11008333 0.11428108 0.12711389 0.12142373
 0.11146161 0.14355467 0.11688697 0.11316925 0.11733157 0.11441079
 0.11857545 0.11481535 0.12199393 0.10767978 0.10046017 0.12042636
 0.12484389 0.11271619 0.09546217 0.12109668 0.1274347  0.12065406
 0.12973306 0.12583511 0.1329245  0.115258   0.12432023 0.10531281
 0.12003904 0.11399295 0.10846074 0.11049547 0.11894983 0.12458798
 0.09987835 0.10512914 0.10120614 0.1192152  0.12737516 0.11165759
 0.13384063 0.11906244 0.10778204 0.10777161 0.13565326 0.09803927
 0.11271696 0.11903298 0.12852326 0.12596362 0.10423345 0.12892295
 0.12686524 0.11119487 0.11132518 0.11582115 0.11872107 0.110186
 0.1305337  0.10728407 0.12269709 0.12448042 0.10529273 0.11982666
 0.11633046 0.09861308 0.10461701 0.13801081 0.1276254  0.11488393
 0.13954248 0.12082549 0.12011173 0.13052638 0.13006762 0.11377392
 0.11869308 0.12336187 0.12295977 0.11642188 0.1147242  0.11951404
 0.1091879  0.10117931 0.09596572 0.11189555 0.11474434 0.09480227
 0.10181151 0.11105759 0.1158893  0.12301321 0.12583285 0.14874575
 0.11188608 0.11203069 0.11478365 0.13585207 0.1106822  0.11223153
 0.10277836 0.1014278  0.11353282 0.1033163  0.11639264 0.10613497
 0.09349846 0.11745543 0.11723072 0.11957938 0.14213751 0.13450771
 0.11662867 0.11473911 0.12478257 0.10532202 0.11965947 0.11261646
 0.11065081 0.11266689 0.1161368  0.10454304 0.1086951  0.11887134
 0.12111435 0.11259079 0.11572189 0.1081076  0.11393615 0.13178724
 0.11777166 0.11722004]
presto
METEOR
[0.0805683  0.06884037 0.08639773 0.08415004 0.08064263 0.07303319
 0.07705744 0.07970636 0.0849684  0.08781298 0.09855309 0.07323254
 0.08287232 0.07014856 0.07845221 0.08669315 0.07960651 0.06945029
 0.08107714 0.08507412 0.08565319 0.08881793 0.08677539 0.08154608
 0.0689719  0.08090266 0.07875452 0.07891978 0.07059382 0.08428961
 0.09215753 0.09126933 0.08025754 0.06650578 0.07372696 0.07604834
 0.07370877 0.07507971 0.07892202 0.09789964 0.07666916 0.07946899
 0.08479469 0.0784504  0.07742973 0.08921545 0.08794562 0.07728402
 0.08109196 0.08415536 0.07748141 0.09480455 0.08925383 0.07393974
 0.07774441 0.07950409 0.09025198 0.06524914 0.08645522 0.08128597
 0.08320085 0.08275678 0.07320345 0.08014164 0.08268046 0.07812831
 0.08242517 0.08243956 0.08118466 0.07735501 0.08796425 0.08055979
 0.07450538 0.09541335 0.08254102 0.08185968 0.08227545 0.0786045
 0.08220705 0.07865644 0.08308159 0.07779502 0.0705662  0.08162482
 0.08596542 0.0807563  0.0747738  0.08275955 0.08471805 0.08449347
 0.0868689  0.08881495 0.09144572 0.07740731 0.08278154 0.07456544
 0.08082464 0.0785676  0.07706072 0.07874933 0.08220977 0.08622224
 0.07103703 0.08018161 0.06568065 0.08579263 0.08888724 0.07715025
 0.08721964 0.08610038 0.0786723  0.07939085 0.0940398  0.07686116
 0.0764822  0.07964601 0.08848059 0.08781005 0.07188033 0.09069648
 0.08683795 0.0772183  0.0799486  0.08000915 0.0845542  0.07735776
 0.09304661 0.07965749 0.08220667 0.07990854 0.07569911 0.08025872
 0.08030709 0.07511172 0.07231983 0.09148324 0.08541677 0.0801642
 0.08868733 0.0865431  0.08126992 0.0896114  0.08586405 0.07773586
 0.08633309 0.08440033 0.08355918 0.08146549 0.07689591 0.08368624
 0.07819178 0.07506136 0.07038864 0.07384616 0.07783886 0.07473602
 0.07501371 0.07817365 0.08151311 0.08519841 0.08617747 0.098315
 0.07893747 0.08123316 0.0799591  0.08904946 0.07861115 0.08645882
 0.07349776 0.07478815 0.07621691 0.0748778  0.07877955 0.07603998
 0.07311758 0.08252399 0.07834174 0.08357881 0.09686779 0.09192654
 0.07976321 0.08222458 0.08819176 0.0770018  0.08198459 0.08368454
 0.08150519 0.08011851 0.07998975 0.07386055 0.07898556 0.08246198
 0.08249744 0.07869877 0.08295929 0.07443522 0.08055315 0.08962602
 0.07891381 0.07958004]
presto
BERT
[0.7731074  0.7722389  0.7726177  0.77613306 0.77171993 0.7673297
 0.770119   0.7701169  0.77022266 0.77339995 0.7720372  0.7726125
 0.7708303  0.7699493  0.7729727  0.7745381  0.7708817  0.7711801
 0.7717966  0.7720302  0.77152914 0.77333987 0.7707749  0.77157956
 0.7708866  0.7693377  0.76842237 0.77166575 0.7699622  0.771572
 0.7718675  0.7734654  0.76972955 0.77132505 0.7702957  0.7699011
 0.77158505 0.7731857  0.77163506 0.77378106 0.76929283 0.7716037
 0.77068484 0.7717338  0.77098924 0.77301896 0.7779489  0.7706955
 0.7739068  0.77151555 0.7696519  0.77362794 0.7716884  0.7701409
 0.7699097  0.7695698  0.7716525  0.7679106  0.7726739  0.76716584
 0.76847166 0.76962113 0.771714   0.77211124 0.77429426 0.768164
 0.7709713  0.77171826 0.7733587  0.7691326  0.770933   0.7707558
 0.7708204  0.77377695 0.772076   0.77345115 0.77051705 0.7727147
 0.7725238  0.7698568  0.7701591  0.7702069  0.7683334  0.77264994
 0.7750777  0.76854783 0.7699845  0.77636296 0.7736891  0.77001935
 0.77140737 0.7712566  0.7720386  0.7718587  0.772452   0.76853484
 0.7717777  0.7702056  0.7697344  0.7739258  0.7702651  0.7734988
 0.7686297  0.76983327 0.76896113 0.7721451  0.7716923  0.7689926
 0.7761293  0.77227145 0.7746091  0.7714788  0.7713814  0.77000886
 0.7690207  0.7721585  0.7739464  0.77250445 0.7718193  0.7708249
 0.77346283 0.7692761  0.7734465  0.7742303  0.7697656  0.77126145
 0.7779169  0.7699769  0.773941   0.7699971  0.7689854  0.7711862
 0.77171385 0.7689697  0.76969516 0.7748912  0.77069795 0.7723246
 0.7743573  0.76938117 0.77594036 0.7720478  0.77413225 0.76910216
 0.770085   0.7710518  0.7730559  0.7732493  0.7710423  0.7724174
 0.7698055  0.7714262  0.7674714  0.7693884  0.7702734  0.76804847
 0.76752514 0.7730348  0.77447355 0.7744661  0.7742521  0.7765937
 0.76912934 0.7736583  0.7705049  0.77117985 0.7734702  0.7701486
 0.7691289  0.7699045  0.77141255 0.7695426  0.77307075 0.7704024
 0.7687678  0.7749833  0.7718293  0.76820785 0.7726166  0.77095664
 0.77277833 0.77371347 0.77231646 0.77064466 0.7728152  0.772192
 0.7715835  0.76905984 0.7707647  0.7725505  0.7741912  0.7708512
 0.76921266 0.7712994  0.77060014 0.7685407  0.7707405  0.77110404
 0.769397   0.77315384]
[nltk_data] Downloading package wordnet to /mnt/iusers01/fse-
[nltk_data]     ugpgt01/compsci01/q12628ct/nltk_data...
[nltk_data]   Package wordnet is already up-to-date!
[nltk_data] Downloading package punkt_tab to /mnt/iusers01/fse-
[nltk_data]     ugpgt01/compsci01/q12628ct/nltk_data...
[nltk_data]   Package punkt_tab is already up-to-date!
[nltk_data] Downloading package omw-1.4 to /mnt/iusers01/fse-
[nltk_data]     ugpgt01/compsci01/q12628ct/nltk_data...
[nltk_data]   Package omw-1.4 is already up-to-date!
/mnt/iusers01/fse-ugpgt01/compsci01/q12628ct/.conda/envs/semantic-decoding/lib/python3.10/site-packages/huggingface_hub/file_download.py:945: FutureWarning: `resume_download` is deprecated and will be removed in version 1.0.0. Downloads always resume when possible. If you want to force a new download, use `force_download=True`.
  warnings.warn(
Some weights of the model checkpoint at roberta-large were not used when initializing RobertaModel: ['lm_head.layer_norm.bias', 'lm_head.dense.weight', 'lm_head.layer_norm.weight', 'lm_head.dense.bias', 'lm_head.bias']
- This IS expected if you are initializing RobertaModel from the checkpoint of a model trained on another task or with another architecture (e.g. initializing a BertForSequenceClassification model from a BertForPreTraining model).
- This IS NOT expected if you are initializing RobertaModel from the checkpoint of a model that you expect to be exactly identical (initializing a BertForSequenceClassification model from a BertForSequenceClassification model).
Some weights of RobertaModel were not initialized from the model checkpoint at roberta-large and are newly initialized: ['roberta.pooler.dense.weight', 'roberta.pooler.dense.bias']
You should probably TRAIN this model on a down-stream task to be able to use it for predictions and inference.
partlycloudy
WER
[-0.1345555  -0.14810591 -0.13418442 -0.12596149 -0.141741   -0.1349114
 -0.13868867 -0.13174484 -0.13874164 -0.13648499 -0.13375236 -0.13898099
 -0.13066554 -0.15015871 -0.1271671  -0.12708015 -0.14050262 -0.14161845
 -0.1346161  -0.13420342 -0.14165585 -0.13613688 -0.13317669 -0.13505113
 -0.13511603 -0.13557036 -0.13824327 -0.14353632 -0.13601653 -0.13651127
 -0.13229814 -0.1411723  -0.14019954 -0.142392   -0.13159322 -0.1334043
 -0.13806387 -0.14313807 -0.1439311  -0.13429596 -0.13109562 -0.13611034
 -0.13295369 -0.13313158 -0.13539552 -0.14056817 -0.13250431 -0.1324344
 -0.13461378 -0.12461112 -0.1353723  -0.13898825 -0.13739655 -0.13206626
 -0.14027723 -0.13167827 -0.1391689  -0.13382156 -0.14601451 -0.13376105
 -0.141104   -0.13234371 -0.13330246 -0.13355106 -0.14260713 -0.12830224
 -0.13375031 -0.14251294 -0.13783105 -0.13153258 -0.13081814 -0.13781398
 -0.14243459 -0.13826805 -0.13480863 -0.13915512 -0.13980712 -0.13252057
 -0.12872917 -0.13212554 -0.13577376 -0.13632666 -0.13310848 -0.13698993
 -0.13766089 -0.13187242 -0.14378399 -0.13725536 -0.13518438 -0.12671191
 -0.13417484 -0.13408473 -0.14826365 -0.13508046 -0.13383718 -0.14126309
 -0.13758128 -0.13709123 -0.13764813 -0.1398727  -0.14450874 -0.13375892
 -0.134849   -0.13554229 -0.13834571 -0.13853786 -0.13008305 -0.13876885
 -0.14571442 -0.13001825 -0.13222108 -0.14224676 -0.13635144 -0.14277219
 -0.14140162 -0.13544798 -0.13669956 -0.14000377 -0.1431011  -0.14456897
 -0.1377019  -0.13755641 -0.1366949  -0.13588351 -0.13066655 -0.13933069
 -0.13991437 -0.13949984 -0.13318244 -0.13787984 -0.13863478 -0.13914586
 -0.14020613 -0.14070083 -0.1358181  -0.13186668 -0.14490174 -0.14189143
 -0.14171176 -0.14227989 -0.13905602 -0.13654769 -0.14421715 -0.14797545
 -0.14684722 -0.14263071 -0.13363016 -0.13281012 -0.13616521 -0.13537307
 -0.14586913 -0.14062736 -0.13134371 -0.13266895 -0.1308588  -0.144872
 -0.13684838 -0.14437633 -0.13970885 -0.13664889 -0.13709149 -0.14109344
 -0.1388765  -0.13785033 -0.14308647 -0.13786441 -0.13473179 -0.12983844
 -0.1419323  -0.13663933 -0.13414369 -0.13879864 -0.13632627 -0.13069817
 -0.12844567 -0.13276535 -0.13194583 -0.13770874 -0.14841991 -0.13322633
 -0.14011315 -0.1337726  -0.13449603 -0.13687748 -0.14364933 -0.13956179
 -0.13565664 -0.13785048 -0.13656497 -0.13262523 -0.14047624 -0.13802344
 -0.13453257 -0.14796448 -0.14048069 -0.13687405 -0.13822047 -0.13306648
 -0.13052122 -0.12644525]
partlycloudy
BLEU
[0.13531164 0.11072139 0.12734743 0.14199007 0.1184378  0.12562467
 0.13318259 0.12494354 0.11684158 0.13554664 0.11883449 0.1384387
 0.13182017 0.11581952 0.12784072 0.1428034  0.11760123 0.12275664
 0.12468554 0.11954584 0.11459358 0.12549896 0.13695429 0.12459345
 0.11897144 0.1230678  0.12631119 0.11443768 0.129317   0.12464979
 0.12393373 0.11934049 0.11866175 0.11152965 0.12728437 0.12536208
 0.1237709  0.12607215 0.11449104 0.11963995 0.13207055 0.11963839
 0.1385478  0.11713032 0.13504639 0.12272445 0.13481603 0.14077632
 0.10786134 0.13718313 0.12123529 0.11216016 0.1246795  0.14052087
 0.13231334 0.12956857 0.13259103 0.12072409 0.10363989 0.12081057
 0.12071938 0.13672517 0.12636796 0.12406633 0.10469953 0.14217992
 0.1199753  0.12203462 0.12680559 0.1282824  0.13799575 0.1216266
 0.10909538 0.13581202 0.12753635 0.13783811 0.11339834 0.12541627
 0.13689634 0.14063659 0.13881894 0.11270545 0.13501493 0.11902543
 0.12430975 0.12756277 0.12616028 0.1300219  0.12494701 0.13497911
 0.1305957  0.12291904 0.11454627 0.12899111 0.12478439 0.1190033
 0.11665958 0.13130071 0.12161497 0.12131953 0.11538725 0.14954855
 0.13108029 0.12388727 0.13082537 0.12835886 0.12819954 0.11525473
 0.1156517  0.13326717 0.13214672 0.11895364 0.12593345 0.12336913
 0.11993067 0.1325159  0.1262171  0.11401798 0.11870142 0.11707652
 0.1247907  0.126795   0.11031732 0.13280895 0.12257327 0.13262009
 0.12506279 0.11612791 0.13874413 0.12035428 0.11871013 0.11852052
 0.1295691  0.13044348 0.12275659 0.14990454 0.11537759 0.11876838
 0.1188122  0.11742261 0.11885172 0.12080835 0.10646279 0.10792388
 0.12262318 0.11077752 0.1266273  0.13122803 0.12586685 0.11992584
 0.11345478 0.12158005 0.136445   0.13818279 0.12889304 0.12392153
 0.12077182 0.11142614 0.11049671 0.13280299 0.09917675 0.11186692
 0.11800574 0.12759715 0.11343317 0.12360692 0.11998493 0.13734173
 0.12350628 0.13184201 0.13294112 0.12030078 0.13278227 0.14305212
 0.13866818 0.13411585 0.12391681 0.12277961 0.11933813 0.13164158
 0.12596683 0.12913557 0.12408438 0.11891645 0.11138323 0.12202726
 0.12348241 0.1183396  0.11212225 0.12277869 0.12345097 0.13177223
 0.12552104 0.10635652 0.11556742 0.11472551 0.11764539 0.1314836
 0.12131197 0.14208894]
partlycloudy
METEOR
[0.1102648  0.09522229 0.10577621 0.11420863 0.10394597 0.10361025
 0.10699419 0.10698112 0.10226164 0.1061564  0.09922335 0.10460739
 0.11473171 0.10177638 0.09925146 0.10874001 0.09433521 0.10692221
 0.10811175 0.09361134 0.093603   0.09851781 0.10605058 0.09830173
 0.09522481 0.10122409 0.10742581 0.09957752 0.10662079 0.10365228
 0.10104893 0.10030707 0.09946796 0.09653267 0.10131484 0.10310992
 0.09835546 0.1054284  0.09507777 0.10687673 0.10914604 0.10232774
 0.11422272 0.09606147 0.11325777 0.10237824 0.11196687 0.11350412
 0.09140219 0.1088006  0.0966371  0.0938023  0.10166385 0.10871289
 0.10775865 0.10856911 0.10501641 0.10037629 0.08971339 0.10359656
 0.10562612 0.10855802 0.10170729 0.10558881 0.08225139 0.1105091
 0.09863486 0.09726283 0.09798427 0.10251863 0.11024945 0.09797323
 0.09506698 0.1001473  0.10357388 0.11064732 0.09135982 0.10789992
 0.11420877 0.10780635 0.1114638  0.0940974  0.1100581  0.10001816
 0.10188243 0.10260718 0.10337435 0.10687471 0.10196358 0.10560822
 0.10669354 0.10349438 0.09490908 0.104104   0.10055919 0.09742028
 0.09540626 0.10531439 0.09759386 0.09942719 0.0949923  0.11361664
 0.10740351 0.09823267 0.1072917  0.10367319 0.10012122 0.09747273
 0.09682719 0.10781324 0.10861256 0.09576743 0.10843821 0.10802098
 0.09743981 0.1014517  0.09644672 0.09836178 0.09784594 0.09231711
 0.10551808 0.10313635 0.08890525 0.109502   0.10237516 0.10765828
 0.10407569 0.09587638 0.11313936 0.10745571 0.09855743 0.09971183
 0.10557954 0.10530087 0.09844908 0.11735705 0.09094624 0.10258523
 0.10192914 0.09931654 0.10214976 0.10208338 0.09244868 0.090898
 0.10146577 0.09144928 0.10764005 0.10394146 0.0983674  0.09902488
 0.0990808  0.09731585 0.11213713 0.11042116 0.1048518  0.10565569
 0.10062869 0.09463834 0.0931834  0.11056324 0.08545572 0.09885846
 0.09452038 0.10717279 0.09238699 0.09842421 0.09754239 0.10138147
 0.10332521 0.10277562 0.11022552 0.0963228  0.10824616 0.1187065
 0.11645645 0.10804372 0.10184739 0.09619317 0.09625823 0.10856405
 0.10447558 0.11351066 0.11064082 0.09812454 0.09543334 0.10657338
 0.10319972 0.10081202 0.09362581 0.10424778 0.10616978 0.09999252
 0.09747662 0.08658412 0.10041884 0.09982486 0.10375349 0.10438241
 0.09996549 0.11908252]
partlycloudy
BERT
[0.7798513  0.7778827  0.77765286 0.7796293  0.77719784 0.7802162
 0.7786124  0.78153    0.7816342  0.77767366 0.7785636  0.7797988
 0.77973783 0.77790934 0.77749455 0.78055847 0.779721   0.78167146
 0.7778921  0.7819121  0.77744174 0.779185   0.7818073  0.77787626
 0.7800335  0.7792985  0.7802792  0.7784679  0.77921826 0.7802526
 0.776135   0.7825638  0.77917725 0.778598   0.77945143 0.7773755
 0.78068805 0.78216887 0.7781569  0.7772474  0.78010464 0.77826715
 0.78362715 0.77911353 0.7810557  0.7781567  0.77879375 0.78055817
 0.7776051  0.78392535 0.7778702  0.77928066 0.7792618  0.78067774
 0.78286195 0.77972454 0.78181714 0.7794355  0.7783189  0.7783087
 0.7815285  0.7795104  0.77952254 0.7812668  0.778562   0.78072584
 0.77707165 0.77734005 0.77790403 0.7798535  0.78278995 0.7813232
 0.77929246 0.7820235  0.7793938  0.77953327 0.7802611  0.77958614
 0.78149366 0.7813504  0.78127265 0.77902335 0.78050005 0.778991
 0.779048   0.7788218  0.7812147  0.781634   0.77825814 0.78017366
 0.77990574 0.7800475  0.7810695  0.7778796  0.77785456 0.78123885
 0.77879024 0.7788825  0.7799417  0.78160924 0.77833736 0.7816959
 0.7815359  0.78037846 0.77808106 0.7805009  0.77740675 0.77729154
 0.7777949  0.7788369  0.7809116  0.7795458  0.7816843  0.7814194
 0.7818657  0.7813031  0.77784586 0.7805302  0.78180003 0.77849805
 0.778814   0.7801663  0.7795255  0.78120816 0.780752   0.77916145
 0.77883035 0.7787701  0.7819563  0.77916205 0.7806598  0.7812398
 0.781823   0.7770641  0.7801472  0.78203523 0.77783763 0.77957237
 0.7785001  0.7817906  0.7779317  0.78110844 0.77979976 0.7758182
 0.7786797  0.7803896  0.7792458  0.7789981  0.77816856 0.77966726
 0.7773181  0.7802146  0.77970535 0.7788921  0.7804438  0.7798582
 0.7800197  0.7788189  0.7797778  0.7777067  0.7786791  0.7801744
 0.78103995 0.78059465 0.7798588  0.7787542  0.7808998  0.7795034
 0.7802146  0.7770134  0.7785395  0.78019553 0.776296   0.7789251
 0.78271645 0.782371   0.7786944  0.7779024  0.77886915 0.7797202
 0.78032154 0.778827   0.7798767  0.77500916 0.77782875 0.78081006
 0.78436977 0.7776681  0.7785492  0.77715224 0.78091747 0.7820873
 0.7784923  0.77813613 0.78112215 0.7810041  0.77980757 0.7814738
 0.7784817  0.7832707 ]
[nltk_data] Downloading package wordnet to /mnt/iusers01/fse-
[nltk_data]     ugpgt01/compsci01/q12628ct/nltk_data...
[nltk_data]   Package wordnet is already up-to-date!
[nltk_data] Downloading package punkt_tab to /mnt/iusers01/fse-
[nltk_data]     ugpgt01/compsci01/q12628ct/nltk_data...
[nltk_data]   Package punkt_tab is already up-to-date!
[nltk_data] Downloading package omw-1.4 to /mnt/iusers01/fse-
[nltk_data]     ugpgt01/compsci01/q12628ct/nltk_data...
[nltk_data]   Package omw-1.4 is already up-to-date!
/mnt/iusers01/fse-ugpgt01/compsci01/q12628ct/.conda/envs/semantic-decoding/lib/python3.10/site-packages/huggingface_hub/file_download.py:945: FutureWarning: `resume_download` is deprecated and will be removed in version 1.0.0. Downloads always resume when possible. If you want to force a new download, use `force_download=True`.
  warnings.warn(
Some weights of the model checkpoint at roberta-large were not used when initializing RobertaModel: ['lm_head.bias', 'lm_head.layer_norm.weight', 'lm_head.layer_norm.bias', 'lm_head.dense.bias', 'lm_head.dense.weight']
- This IS expected if you are initializing RobertaModel from the checkpoint of a model trained on another task or with another architecture (e.g. initializing a BertForSequenceClassification model from a BertForPreTraining model).
- This IS NOT expected if you are initializing RobertaModel from the checkpoint of a model that you expect to be exactly identical (initializing a BertForSequenceClassification model from a BertForSequenceClassification model).
Some weights of RobertaModel were not initialized from the model checkpoint at roberta-large and are newly initialized: ['roberta.pooler.dense.weight', 'roberta.pooler.dense.bias']
You should probably TRAIN this model on a down-stream task to be able to use it for predictions and inference.
laluna
WER
[-0.05213885 -0.04679168 -0.04577702 -0.0486911  -0.0492032  -0.04403716
 -0.04666805 -0.04789489 -0.04611598 -0.0548249  -0.05029367 -0.0446822
 -0.05196004 -0.05134209 -0.05131548 -0.05260875 -0.05199368 -0.05143802
 -0.0433414  -0.0456751  -0.05406743 -0.04675564 -0.05709013 -0.0435133
 -0.04312682 -0.05582354 -0.05229889 -0.04842498 -0.05296988 -0.05237738
 -0.04983592 -0.04096746 -0.04781528 -0.04605014 -0.05065021 -0.05144091
 -0.04106084 -0.0489908  -0.04797622 -0.04140496 -0.0534177  -0.04709243
 -0.05842699 -0.05094034 -0.04540252 -0.04404687 -0.04191016 -0.0450757
 -0.04047866 -0.04212546 -0.05229619 -0.04728436 -0.03878659 -0.03741323
 -0.04917079 -0.04780997 -0.05361016 -0.0443814  -0.04523278 -0.05001049
 -0.04488353 -0.04718802 -0.04315954 -0.04364728 -0.05053624 -0.05010984
 -0.04415909 -0.06272711 -0.04627977 -0.04939662 -0.04903072 -0.0534032
 -0.04279177 -0.04523755 -0.04887114 -0.05127537 -0.04183681 -0.04223963
 -0.05001647 -0.03950859 -0.04718236 -0.04008779 -0.04913376 -0.04139553
 -0.04355284 -0.05157306 -0.04640531 -0.04566679 -0.04636225 -0.05121557
 -0.05146571 -0.05335381 -0.03461166 -0.04697349 -0.04555874 -0.05213419
 -0.04870428 -0.0504759  -0.04672944 -0.04619092 -0.04956744 -0.05077926
 -0.04628035 -0.05787219 -0.04156543 -0.04858732 -0.0490011  -0.05254166
 -0.05191203 -0.05736235 -0.05263266 -0.05574619 -0.04043432 -0.04042279
 -0.05651641 -0.04788485 -0.04428623 -0.05061281 -0.04962405 -0.05325812
 -0.04525769 -0.05548632 -0.0511996  -0.0557126  -0.05121479 -0.05125363
 -0.04404766 -0.05032643 -0.0419339  -0.04441502 -0.04821457 -0.04262654
 -0.04021114 -0.04840521 -0.0398209  -0.05587052 -0.0490798  -0.04310983
 -0.041045   -0.04583065 -0.04768463 -0.05382636 -0.05220854 -0.04995775
 -0.0482201  -0.04900141 -0.04647195 -0.04344443 -0.04601312 -0.04827507
 -0.0551056  -0.05136906 -0.0481218  -0.04460039 -0.0403796  -0.0544148
 -0.04993118 -0.04313608 -0.04567085 -0.05282536 -0.04123327 -0.0509839
 -0.04788417 -0.0571518  -0.04854231 -0.05287654 -0.05698511 -0.04626175
 -0.04690467 -0.0489017  -0.04584558 -0.04552161 -0.04523559 -0.04383538
 -0.04914147 -0.05282432 -0.05339058 -0.04720794 -0.05359234 -0.04751679
 -0.05114661 -0.04659571 -0.04406556 -0.0547079  -0.04536239 -0.05264613
 -0.05161147 -0.05310125 -0.05327745 -0.04450547 -0.04909113 -0.05431229
 -0.05146692 -0.05692214 -0.05629308 -0.05128732 -0.04685977 -0.05251003
 -0.03725918 -0.046304  ]
laluna
BLEU
[0.1250442  0.12600387 0.11255642 0.12324928 0.12354268 0.12781817
 0.12892531 0.13002766 0.12496182 0.1023087  0.12598683 0.13914475
 0.12532362 0.11867202 0.12218186 0.12506287 0.11329686 0.12234682
 0.13760833 0.12780533 0.12055446 0.12439954 0.11129426 0.14029699
 0.14924193 0.11556254 0.1374452  0.11461672 0.12268049 0.13042336
 0.12836504 0.12619507 0.12991119 0.12918831 0.13632953 0.13647297
 0.12706451 0.12778468 0.13416625 0.13173832 0.11255186 0.12759007
 0.11626921 0.12977781 0.13243973 0.13232006 0.14348393 0.13528821
 0.13614125 0.12532192 0.12903977 0.11900055 0.14203156 0.14336311
 0.11557552 0.13018171 0.12172892 0.13260987 0.12195264 0.11904234
 0.12015928 0.13854011 0.14439996 0.12858738 0.12339585 0.12221217
 0.13867473 0.10601308 0.12666917 0.12915739 0.12784743 0.11011019
 0.12793343 0.13032504 0.12485361 0.12518855 0.1320626  0.1375398
 0.12922695 0.14126642 0.13058427 0.15355395 0.11807829 0.14508484
 0.14432739 0.123571   0.12462591 0.14549685 0.13633031 0.11980679
 0.1253286  0.11625284 0.13469091 0.1270843  0.12452255 0.11296975
 0.11772647 0.12046191 0.12494075 0.1277945  0.13124945 0.13295639
 0.12064252 0.10491504 0.13401151 0.1248988  0.1215394  0.13176288
 0.11591497 0.11348833 0.12635061 0.10630887 0.143934   0.14345658
 0.10587317 0.12421127 0.13656408 0.12520672 0.11656591 0.11965308
 0.14290088 0.11506724 0.11809026 0.12142145 0.12663017 0.13689084
 0.13700699 0.13728955 0.14042995 0.13393287 0.13231302 0.14155255
 0.13022582 0.12071875 0.14480915 0.11815518 0.11833805 0.13394832
 0.13826092 0.12685645 0.13835612 0.11804069 0.1247721  0.12379065
 0.12013544 0.12896715 0.13017361 0.14357777 0.12940585 0.10960783
 0.10699171 0.11798233 0.13005333 0.1341436  0.13603882 0.09844594
 0.11344419 0.13758276 0.13316972 0.12719622 0.13745427 0.11580471
 0.13072849 0.10273216 0.13134821 0.13040995 0.11041932 0.14341424
 0.12639159 0.14690154 0.12851608 0.1252286  0.13618617 0.13533563
 0.12141212 0.12884274 0.11954279 0.1293844  0.11809141 0.1340469
 0.11967044 0.12760209 0.14860829 0.11196639 0.11971468 0.12360914
 0.11789363 0.13085461 0.12743215 0.13582701 0.12959843 0.123862
 0.11696177 0.11855979 0.11138312 0.11328889 0.13462032 0.1215811
 0.12962168 0.13193066]
laluna
METEOR
[0.08958741 0.09214052 0.08657722 0.09054773 0.10023798 0.09036477
 0.08985175 0.09767856 0.08965324 0.07993394 0.09300141 0.09730976
 0.09278482 0.09054418 0.08742344 0.09273631 0.08265142 0.08674348
 0.09734848 0.0884198  0.0925019  0.09012264 0.08400667 0.10387145
 0.10405292 0.08894519 0.09588713 0.09069677 0.09035232 0.09796366
 0.0927611  0.09321356 0.09723687 0.09358362 0.09578981 0.0946889
 0.09043543 0.09206062 0.09985813 0.09899329 0.08066471 0.09491882
 0.08673256 0.09607268 0.09496597 0.09500043 0.10275587 0.09613504
 0.09573853 0.09166654 0.09328877 0.08871747 0.10526189 0.1045272
 0.085066   0.09527214 0.09062892 0.10063659 0.09379028 0.08825076
 0.0905319  0.1006239  0.10369437 0.09142154 0.0939938  0.08904323
 0.10510801 0.08612484 0.09483235 0.09522921 0.0950293  0.07722077
 0.09078593 0.09316029 0.08936982 0.09244994 0.09345917 0.10236685
 0.09332704 0.09925325 0.09496799 0.10970057 0.08484999 0.10552187
 0.10277013 0.09425193 0.09681753 0.10302284 0.0997763  0.09348635
 0.09456021 0.08951366 0.09777057 0.09640018 0.09051635 0.08389627
 0.09005405 0.08927757 0.09240428 0.09629546 0.09667538 0.09687633
 0.08910736 0.08209211 0.09846534 0.09378405 0.08917123 0.09376537
 0.09055902 0.088984   0.09208828 0.07851641 0.09930446 0.10335238
 0.08437914 0.09126454 0.09974655 0.09149957 0.08756778 0.08720359
 0.10413659 0.08559572 0.0903438  0.0840186  0.09287396 0.09832923
 0.09448722 0.10013975 0.09997139 0.09727529 0.09655878 0.10008789
 0.0971542  0.08700496 0.10572763 0.09021055 0.08864048 0.0966859
 0.0978058  0.09550984 0.0926805  0.08868733 0.09571052 0.08919174
 0.0895015  0.09603739 0.09601547 0.0988272  0.09466757 0.08253937
 0.08563749 0.09009866 0.09546307 0.0936837  0.10038145 0.07277396
 0.09178122 0.09391238 0.09980172 0.09090835 0.09861546 0.08700686
 0.09518985 0.07906587 0.09743292 0.09429895 0.08334301 0.10041264
 0.09397965 0.10865882 0.09016761 0.08935752 0.10181979 0.09747456
 0.08610444 0.09537308 0.08977975 0.09775441 0.09007308 0.10256364
 0.09136609 0.09236394 0.10681449 0.08375948 0.08688544 0.09125207
 0.08460923 0.09246804 0.08882679 0.10389118 0.09617862 0.088889
 0.0872796  0.0924365  0.08562591 0.08593328 0.09611283 0.08900486
 0.10052648 0.09358383]
laluna
BERT
[0.7820344  0.7851114  0.7830379  0.7859214  0.78450733 0.7835818
 0.7820665  0.7834209  0.7810903  0.7851463  0.784875   0.7838892
 0.78445244 0.78205675 0.78153694 0.78576493 0.78323936 0.78426063
 0.78392464 0.7849407  0.7845916  0.7847238  0.7825518  0.7841463
 0.7825924  0.78313875 0.7857747  0.7835955  0.7833369  0.7860436
 0.78444946 0.7856115  0.78265923 0.78483474 0.78328806 0.7847034
 0.78552175 0.78233534 0.78233093 0.78767586 0.78148574 0.7834609
 0.78356814 0.7831622  0.78363127 0.78461504 0.7859856  0.78471774
 0.7851728  0.78405154 0.78125334 0.78671366 0.78796303 0.7862483
 0.7821264  0.7855287  0.7831232  0.78775936 0.78277844 0.78292596
 0.7812696  0.78569394 0.7854904  0.7840177  0.7828314  0.7849111
 0.7882356  0.78350425 0.7818226  0.78588194 0.78384227 0.7803962
 0.7830571  0.78463596 0.7860037  0.78580403 0.7851653  0.78497195
 0.7842446  0.78633106 0.7862335  0.78773797 0.78510386 0.78705645
 0.785666   0.78850496 0.78388965 0.78540844 0.787206   0.78197294
 0.783306   0.78145266 0.7819659  0.78185207 0.78161675 0.783825
 0.7815726  0.78176135 0.7836157  0.78519535 0.7846656  0.7831564
 0.7844666  0.78283745 0.7847694  0.78395456 0.7816992  0.78249145
 0.7825441  0.782805   0.7815758  0.7800752  0.78133714 0.7873692
 0.7825074  0.78853375 0.78694814 0.78234977 0.7844817  0.7803692
 0.7867634  0.78179693 0.7837455  0.77941287 0.7843763  0.7846737
 0.78400433 0.783378   0.7853522  0.78678685 0.78431123 0.7844821
 0.78584063 0.7818692  0.7841126  0.78380096 0.7841269  0.78738856
 0.7872643  0.7840732  0.7834028  0.7833495  0.78240895 0.7839072
 0.7821377  0.7814921  0.78471166 0.78507197 0.7815435  0.7833063
 0.78295887 0.78249836 0.7829317  0.78544706 0.78433955 0.7821697
 0.7853326  0.7836626  0.78592336 0.7820595  0.7855585  0.7841654
 0.782292   0.78237295 0.78222823 0.78480685 0.7834925  0.78542674
 0.7818956  0.7861628  0.78352904 0.78450406 0.7860644  0.7829617
 0.78534794 0.7839785  0.78508663 0.78378934 0.78422964 0.7850955
 0.78405446 0.78658515 0.7849856  0.7839243  0.78446513 0.7852241
 0.7817187  0.7842291  0.78317547 0.78619945 0.7844172  0.7828017
 0.78421766 0.7826564  0.78233314 0.78547174 0.78410834 0.78444207
 0.7840959  0.78398365]
[nltk_data] Downloading package wordnet to /mnt/iusers01/fse-
[nltk_data]     ugpgt01/compsci01/q12628ct/nltk_data...
[nltk_data]   Package wordnet is already up-to-date!
[nltk_data] Downloading package punkt_tab to /mnt/iusers01/fse-
[nltk_data]     ugpgt01/compsci01/q12628ct/nltk_data...
[nltk_data]   Package punkt_tab is already up-to-date!
[nltk_data] Downloading package omw-1.4 to /mnt/iusers01/fse-
[nltk_data]     ugpgt01/compsci01/q12628ct/nltk_data...
[nltk_data]   Package omw-1.4 is already up-to-date!
/mnt/iusers01/fse-ugpgt01/compsci01/q12628ct/.conda/envs/semantic-decoding/lib/python3.10/site-packages/huggingface_hub/file_download.py:945: FutureWarning: `resume_download` is deprecated and will be removed in version 1.0.0. Downloads always resume when possible. If you want to force a new download, use `force_download=True`.
  warnings.warn(
Some weights of the model checkpoint at roberta-large were not used when initializing RobertaModel: ['lm_head.bias', 'lm_head.dense.bias', 'lm_head.layer_norm.weight', 'lm_head.dense.weight', 'lm_head.layer_norm.bias']
- This IS expected if you are initializing RobertaModel from the checkpoint of a model trained on another task or with another architecture (e.g. initializing a BertForSequenceClassification model from a BertForPreTraining model).
- This IS NOT expected if you are initializing RobertaModel from the checkpoint of a model that you expect to be exactly identical (initializing a BertForSequenceClassification model from a BertForSequenceClassification model).
Some weights of RobertaModel were not initialized from the model checkpoint at roberta-large and are newly initialized: ['roberta.pooler.dense.weight', 'roberta.pooler.dense.bias']
You should probably TRAIN this model on a down-stream task to be able to use it for predictions and inference.
attend-M
WER
[0.04993137 0.04481343 0.0488977  0.04893539 0.05101364 0.05205946
 0.04630753 0.04465245 0.03996286 0.04881901 0.04857209 0.04527334
 0.0456701  0.04632331 0.05113603 0.04873898 0.04392667 0.0457081
 0.0411572  0.0549551  0.04933156 0.0504091  0.04936678 0.04527111
 0.05119063 0.04611869 0.05766632 0.04630651 0.05223082 0.04711016
 0.05313656 0.04609046 0.04021829 0.05177136 0.05060059 0.04625247
 0.05467557 0.04671352 0.05460283 0.04585789 0.05226544 0.04146066
 0.04938081 0.05161286 0.04013822 0.04108319 0.0501479  0.04890825
 0.049228   0.05187228 0.0505442  0.04994849 0.04493672 0.04373235
 0.05308585 0.04780461 0.04672749 0.04428572 0.05529685 0.0485791
 0.04864822 0.04437948 0.04867221 0.04666768 0.05179549 0.04670648
 0.04829653 0.04812981 0.04496219 0.05274125 0.0526622  0.05198832
 0.04341498 0.06084152 0.04591153 0.04064313 0.04510724 0.04780888
 0.03891283 0.04321003 0.05019609 0.04208297 0.04375669 0.04041585
 0.04424199 0.04858728 0.05082649 0.04832997 0.04422911 0.05047957
 0.04646676 0.05373151 0.04768951 0.04849367 0.04566548 0.04717002
 0.0471741  0.04652147 0.04443625 0.06031642 0.03937379 0.0487079
 0.03987353 0.04025999 0.05324823 0.04519396 0.04723243 0.05413035
 0.04673806 0.0474379  0.04584812 0.04734882 0.04613347 0.04756381
 0.04703867 0.05311545 0.04427012 0.05154977 0.04483804 0.05908959
 0.04576518 0.04732303 0.04890504 0.04439353 0.04567569 0.04215141
 0.04460353 0.04862297 0.04482339 0.04808433 0.0515034  0.04430323
 0.03989389 0.04944386 0.04923297 0.03914388 0.05047073 0.04822198
 0.04951922 0.05118256 0.0418607  0.04373053 0.04814828 0.03843533
 0.04370485 0.04309037 0.04921575 0.05329053 0.05273532 0.05445301
 0.05226546 0.0497431  0.05201216 0.04676766 0.05816486 0.05628417
 0.04773471 0.05023669 0.04673493 0.05403094 0.05087023 0.04724647
 0.0450856  0.04190472 0.04827513 0.04399605 0.04872665 0.04659182
 0.04645155 0.04829022 0.05262202 0.04499314 0.04441374 0.04939305
 0.05391832 0.04513984 0.04718014 0.0509935  0.0493542  0.04605008
 0.04467553 0.05285838 0.04522913 0.04280558 0.04529227 0.0479808
 0.05245078 0.05623668 0.04721728 0.05323817 0.05310097 0.04454223
 0.05359494 0.05091288 0.03983543 0.04314362 0.0435665  0.04786851
 0.04514734 0.05166327]
attend-M
BLEU
[0.1899504  0.17275632 0.19996218 0.18611047 0.18795314 0.19432829
 0.19789731 0.1988024  0.16870618 0.19241596 0.18913659 0.18207625
 0.20236667 0.19084158 0.186369   0.19862327 0.19226243 0.17773004
 0.18634756 0.21146018 0.18624128 0.19012285 0.1958806  0.1763171
 0.20521176 0.18758317 0.19358239 0.17949833 0.19379451 0.192248
 0.19450421 0.18813855 0.18852177 0.2018012  0.20747469 0.19889241
 0.20795598 0.18340424 0.20516472 0.18104109 0.18919834 0.18860704
 0.18511815 0.19859009 0.17537463 0.18783968 0.20437914 0.18822877
 0.20646935 0.20667145 0.183014   0.18409669 0.18469656 0.19162576
 0.19469259 0.19143433 0.19503609 0.18872359 0.19786388 0.19148183
 0.19670694 0.1840812  0.19212941 0.20316421 0.20035359 0.18581261
 0.19957907 0.19437035 0.1811199  0.20225497 0.19988437 0.19388173
 0.19452306 0.20581848 0.19627682 0.17546102 0.18877824 0.19748722
 0.18499929 0.20094933 0.19536317 0.1630002  0.19297685 0.18482543
 0.19256832 0.18502778 0.1862556  0.18524454 0.19070746 0.198081
 0.20334703 0.19314936 0.20043201 0.19322242 0.18518803 0.17864598
 0.18616932 0.19662772 0.19436822 0.20144228 0.17810632 0.20355362
 0.16275312 0.17223714 0.19871652 0.19203921 0.20043554 0.20873978
 0.18662655 0.19775123 0.17945952 0.18991095 0.18200194 0.19006655
 0.18806612 0.2050165  0.19412538 0.19724033 0.19521107 0.21001048
 0.1970345  0.19886499 0.18713525 0.18343143 0.19737767 0.17566717
 0.18346399 0.1951378  0.19852909 0.190507   0.2059154  0.20062371
 0.17153815 0.20331513 0.18886719 0.18320977 0.19266727 0.18790095
 0.19016559 0.20282461 0.18715114 0.18426517 0.19680196 0.18345838
 0.17930776 0.19489275 0.18919802 0.20496593 0.19332832 0.19972933
 0.19202561 0.19365687 0.20690767 0.1890911  0.2128295  0.20113843
 0.1831239  0.18564898 0.19073207 0.21026727 0.18282816 0.18326848
 0.17962609 0.18689517 0.19004117 0.18736333 0.19164297 0.18236246
 0.1888205  0.19304127 0.19602637 0.18583549 0.18880289 0.194173
 0.18128018 0.18712203 0.18805624 0.19203823 0.18738477 0.18977921
 0.1885137  0.19371008 0.1924373  0.18720207 0.1916061  0.19039654
 0.20504648 0.20693543 0.18776412 0.20301078 0.20559303 0.18692442
 0.2033262  0.20362811 0.18374569 0.18595459 0.18294913 0.20242299
 0.1961914  0.19009513]
attend-M
METEOR
[0.1371122  0.12682747 0.13433825 0.13555056 0.14262114 0.13926394
 0.14077983 0.13603582 0.12369974 0.13426651 0.13861754 0.12932883
 0.14597272 0.13165317 0.1259299  0.1390119  0.12724378 0.12470601
 0.13279256 0.14655328 0.13070269 0.13629206 0.13552437 0.12976379
 0.14580156 0.13151593 0.13938288 0.13107611 0.13769666 0.13922895
 0.13163568 0.13166576 0.13639553 0.14004217 0.14373373 0.13907083
 0.14291908 0.13156652 0.147241   0.13014937 0.13361194 0.13114872
 0.12840024 0.14331823 0.12486904 0.12960082 0.14478468 0.13688887
 0.1414665  0.14427242 0.1330418  0.13068736 0.12674447 0.14109091
 0.1355379  0.13375015 0.13862702 0.13056767 0.1383142  0.13756073
 0.13926531 0.13165104 0.13300591 0.13965351 0.14023688 0.13019518
 0.14042708 0.13636071 0.13156407 0.14313025 0.140491   0.13207155
 0.1422899  0.14030573 0.13756003 0.12496366 0.13531484 0.14223533
 0.13027262 0.13486829 0.14073181 0.12328344 0.13307827 0.13189811
 0.12999724 0.13058042 0.13608592 0.1328066  0.14046341 0.1411893
 0.15026502 0.13599488 0.14092555 0.13270805 0.1313324  0.13141132
 0.13280602 0.1468315  0.14310692 0.14048621 0.12341978 0.13946295
 0.12064082 0.11917538 0.14068276 0.13625783 0.14308908 0.14713805
 0.13814452 0.14038713 0.12756247 0.13179121 0.12977881 0.13775979
 0.12900074 0.14795141 0.13959733 0.14137531 0.14008909 0.14859576
 0.14399905 0.1387333  0.13662388 0.13517108 0.14380444 0.1272933
 0.12653325 0.13502389 0.1422807  0.13533883 0.13994028 0.13977597
 0.12600499 0.13777036 0.13311167 0.13216926 0.13443304 0.13537349
 0.13845791 0.14223759 0.13880629 0.14032895 0.13224159 0.12851219
 0.12272213 0.13504675 0.14235564 0.1405367  0.13838887 0.14341788
 0.14157552 0.13745382 0.14574153 0.13261206 0.14690079 0.14520424
 0.13284691 0.13192071 0.12821652 0.14008694 0.12984588 0.13171281
 0.13004112 0.13954203 0.13255455 0.13173743 0.13434257 0.13469815
 0.13682367 0.13542898 0.14409214 0.12661801 0.13166816 0.13473225
 0.12968508 0.1329042  0.13293018 0.13835253 0.1357812  0.1466847
 0.142373   0.14523194 0.1387736  0.13558847 0.13412795 0.13344938
 0.13686728 0.14703947 0.13095146 0.14206425 0.14678214 0.13195455
 0.14097552 0.14197274 0.13094635 0.13111167 0.13482473 0.14555801
 0.13500442 0.13167616]
attend-M
BERT
[0.78763294 0.78460294 0.7886998  0.78920573 0.79004896 0.7895437
 0.79087555 0.788442   0.78766245 0.78632915 0.78864574 0.78782225
 0.78894424 0.78614587 0.788739   0.78872055 0.78815633 0.7862915
 0.79112566 0.78946644 0.7879958  0.7897228  0.79043776 0.78719544
 0.7890298  0.7875153  0.7892058  0.79250354 0.7890501  0.79043025
 0.78862476 0.7866869  0.7889478  0.7908849  0.78910196 0.7885785
 0.79017407 0.78846437 0.7907046  0.78883135 0.79072446 0.7880942
 0.78945184 0.79173857 0.7879984  0.78742045 0.7930401  0.7884026
 0.78881407 0.7891449  0.79101056 0.7877343  0.78920907 0.7875306
 0.788988   0.7896815  0.78865796 0.78688896 0.79175967 0.7882601
 0.79026496 0.78652006 0.791653   0.7888286  0.7887625  0.7870221
 0.789224   0.7908777  0.7875406  0.78946817 0.7893289  0.78847677
 0.78801185 0.79079354 0.78864753 0.78629667 0.78710115 0.7884256
 0.78732747 0.7889074  0.7881618  0.78736216 0.7865439  0.78792405
 0.78652245 0.78732806 0.78747207 0.78759855 0.78921753 0.788307
 0.79164565 0.79059243 0.78801703 0.7881345  0.7885583  0.7879323
 0.7876555  0.7928898  0.789405   0.79085207 0.78526866 0.7898788
 0.78594816 0.7845896  0.7900059  0.78901297 0.7891147  0.7897144
 0.78854823 0.7897019  0.7877294  0.7888883  0.7883603  0.7891335
 0.7878744  0.79097337 0.789177   0.791752   0.7870284  0.7918072
 0.79172915 0.7905971  0.78992903 0.7911768  0.78908545 0.7880898
 0.787439   0.788568   0.78745884 0.78819346 0.7900724  0.7885614
 0.78561205 0.7913129  0.78733134 0.7887575  0.79035026 0.78735584
 0.7865989  0.7902211  0.789618   0.78873545 0.7890942  0.7896226
 0.7861571  0.7888803  0.7889987  0.7889354  0.7898229  0.7895941
 0.78970975 0.7898406  0.7906768  0.7899448  0.79137194 0.7902679
 0.7905135  0.79033285 0.7886811  0.78862953 0.7867911  0.7893988
 0.7881913  0.79013085 0.788492   0.78970534 0.7892914  0.78615415
 0.79037356 0.7886653  0.78938174 0.78777504 0.78857434 0.78938204
 0.78557014 0.7881376  0.7890833  0.7862419  0.7883462  0.79006535
 0.78828853 0.78779185 0.7883845  0.78730345 0.7886134  0.7868913
 0.78796875 0.79305935 0.788035   0.7908196  0.7906841  0.78871477
 0.7883708  0.79000854 0.78698933 0.7878942  0.78912264 0.7880625
 0.78661054 0.7884511 ]
[nltk_data] Downloading package wordnet to /mnt/iusers01/fse-
[nltk_data]     ugpgt01/compsci01/q12628ct/nltk_data...
[nltk_data]   Package wordnet is already up-to-date!
[nltk_data] Downloading package punkt_tab to /mnt/iusers01/fse-
[nltk_data]     ugpgt01/compsci01/q12628ct/nltk_data...
[nltk_data]   Package punkt_tab is already up-to-date!
[nltk_data] Downloading package omw-1.4 to /mnt/iusers01/fse-
[nltk_data]     ugpgt01/compsci01/q12628ct/nltk_data...
[nltk_data]   Package omw-1.4 is already up-to-date!
/mnt/iusers01/fse-ugpgt01/compsci01/q12628ct/.conda/envs/semantic-decoding/lib/python3.10/site-packages/huggingface_hub/file_download.py:945: FutureWarning: `resume_download` is deprecated and will be removed in version 1.0.0. Downloads always resume when possible. If you want to force a new download, use `force_download=True`.
  warnings.warn(
Some weights of the model checkpoint at roberta-large were not used when initializing RobertaModel: ['lm_head.dense.bias', 'lm_head.bias', 'lm_head.dense.weight', 'lm_head.layer_norm.weight', 'lm_head.layer_norm.bias']
- This IS expected if you are initializing RobertaModel from the checkpoint of a model trained on another task or with another architecture (e.g. initializing a BertForSequenceClassification model from a BertForPreTraining model).
- This IS NOT expected if you are initializing RobertaModel from the checkpoint of a model that you expect to be exactly identical (initializing a BertForSequenceClassification model from a BertForSequenceClassification model).
Some weights of RobertaModel were not initialized from the model checkpoint at roberta-large and are newly initialized: ['roberta.pooler.dense.weight', 'roberta.pooler.dense.bias']
You should probably TRAIN this model on a down-stream task to be able to use it for predictions and inference.
attend-F
WER
[-0.21123614 -0.21584417 -0.21227271 -0.21079916 -0.20800744 -0.21515482
 -0.20298166 -0.20647771 -0.21318856 -0.21803621 -0.20930569 -0.20634382
 -0.21152903 -0.21387236 -0.20083054 -0.21052759 -0.2104548  -0.21663933
 -0.20687386 -0.21785647 -0.21258966 -0.21168697 -0.20595931 -0.22295955
 -0.21550415 -0.2136097  -0.21557971 -0.21049054 -0.21375268 -0.2023766
 -0.21611081 -0.20868948 -0.21301239 -0.2239292  -0.2231921  -0.21033193
 -0.21280182 -0.21227024 -0.21449714 -0.20979482 -0.21527658 -0.21141177
 -0.22672437 -0.21862328 -0.20468363 -0.20338775 -0.22328145 -0.19798139
 -0.21148621 -0.21158603 -0.21986384 -0.21611262 -0.22142166 -0.2151859
 -0.2159388  -0.20626859 -0.21194057 -0.21377715 -0.21159148 -0.21099733
 -0.20293674 -0.21501078 -0.21123483 -0.21852987 -0.2266732  -0.22430038
 -0.22371851 -0.21419401 -0.20560681 -0.20991395 -0.20222663 -0.20821626
 -0.20822478 -0.21194822 -0.23129139 -0.21549842 -0.22138927 -0.21475931
 -0.20694958 -0.20926514 -0.21463265 -0.23170371 -0.21684525 -0.20822978
 -0.22444749 -0.2146353  -0.2204573  -0.21814963 -0.2064435  -0.212747
 -0.2152342  -0.20576821 -0.21890808 -0.22012092 -0.21107019 -0.21326857
 -0.20363784 -0.21435766 -0.22568373 -0.20439642 -0.21975538 -0.21996422
 -0.21538045 -0.20487374 -0.21142328 -0.20851567 -0.22106104 -0.21993374
 -0.21282703 -0.22355233 -0.21190678 -0.20460427 -0.21491854 -0.21267326
 -0.2070114  -0.21593582 -0.22157842 -0.21605822 -0.21707761 -0.21291937
 -0.22187951 -0.21173653 -0.21927504 -0.21279912 -0.20630167 -0.21574729
 -0.21166905 -0.21049085 -0.21223744 -0.21470766 -0.21101391 -0.21831751
 -0.20448979 -0.20890292 -0.21055608 -0.20703447 -0.20911133 -0.21673586
 -0.20166805 -0.21001647 -0.20678386 -0.22860781 -0.21564606 -0.22028039
 -0.2159289  -0.21374146 -0.21556635 -0.20677541 -0.21636112 -0.21513832
 -0.21316441 -0.21820737 -0.2115643  -0.21257763 -0.22941456 -0.21789413
 -0.22332764 -0.2094953  -0.21338088 -0.21839366 -0.22296908 -0.21622145
 -0.21140694 -0.21644705 -0.20747368 -0.21556443 -0.21839795 -0.21502553
 -0.20302596 -0.22594578 -0.1959802  -0.20652569 -0.21474148 -0.20626326
 -0.21533196 -0.22399266 -0.21400971 -0.22480151 -0.20931023 -0.21412349
 -0.2203284  -0.2098863  -0.22571723 -0.20781078 -0.21037236 -0.22335811
 -0.21184321 -0.21106288 -0.21686776 -0.21366204 -0.21162275 -0.2202895
 -0.2274151  -0.20731308 -0.22115537 -0.21859143 -0.2190387  -0.21354829
 -0.20466657 -0.20994502]
attend-F
BLEU
[0.17789204 0.17079588 0.20033444 0.17509148 0.19647513 0.18234753
 0.19189024 0.18371064 0.19156616 0.18476427 0.19097116 0.17916146
 0.18716197 0.1779398  0.21198708 0.19284896 0.18525611 0.18948306
 0.1880916  0.1842666  0.18558703 0.187411   0.18854291 0.16377882
 0.1741262  0.18253964 0.18084745 0.19464281 0.17938501 0.18624543
 0.17699999 0.18617757 0.18405944 0.16525648 0.16792441 0.18758074
 0.17318689 0.19258838 0.16925905 0.18575858 0.18391236 0.19083237
 0.15650407 0.17288757 0.19012685 0.1888713  0.16766659 0.19075206
 0.18693068 0.17704588 0.18854392 0.174851   0.17058521 0.18306264
 0.19388374 0.18776826 0.19829915 0.16539237 0.19078089 0.2070512
 0.19971129 0.17287345 0.18250548 0.18821076 0.1748001  0.17208472
 0.1562345  0.18537281 0.18441912 0.1869944  0.19134405 0.2004596
 0.18593276 0.18901654 0.17299744 0.18537994 0.17579246 0.1697802
 0.1845888  0.19701421 0.188498   0.1572306  0.19131436 0.20222141
 0.17474981 0.1870612  0.15475271 0.18990367 0.19568276 0.18911117
 0.17618689 0.18960702 0.18346847 0.17517856 0.18258998 0.17586147
 0.18229141 0.17161782 0.17929981 0.19932581 0.18972314 0.16788456
 0.18955419 0.19823237 0.18789107 0.20409808 0.16777671 0.16579628
 0.18114699 0.15822947 0.1891145  0.18929321 0.18046529 0.18337788
 0.18613879 0.19073653 0.17477767 0.18776008 0.1811898  0.16743731
 0.16548554 0.17951556 0.17040909 0.18620589 0.19089965 0.18580341
 0.17787449 0.19703833 0.19180356 0.17664267 0.20160522 0.17733736
 0.19455126 0.17744527 0.18138329 0.1957105  0.19057641 0.16930156
 0.18779059 0.19185452 0.19359601 0.17361245 0.19272731 0.16655171
 0.1854272  0.18604178 0.17436199 0.18810859 0.19170834 0.17948126
 0.1870164  0.18664189 0.19169608 0.18898756 0.15838578 0.18037597
 0.16792274 0.19220491 0.18703368 0.1716586  0.17030577 0.18531232
 0.19716543 0.19412481 0.20705301 0.19884557 0.16773574 0.19642333
 0.18588755 0.16637163 0.19238647 0.19229537 0.17817651 0.20106758
 0.18373928 0.18156    0.1864062  0.16481005 0.1801024  0.19158108
 0.16804037 0.1910902  0.16745726 0.20672494 0.18090362 0.16457092
 0.17720013 0.18734476 0.19595212 0.19130392 0.18774948 0.17795077
 0.16501516 0.19616543 0.16957807 0.17943599 0.18478128 0.17392062
 0.1931289  0.18849733]
attend-F
METEOR
[0.12695639 0.13714552 0.14688759 0.13977412 0.14295823 0.13565794
 0.14974036 0.13366498 0.14167046 0.13715309 0.14096305 0.12933551
 0.1370091  0.13304173 0.1595325  0.14601394 0.13783543 0.13395722
 0.14571441 0.13818503 0.13706806 0.14016444 0.13897385 0.12736402
 0.12695008 0.13850392 0.13184291 0.14599225 0.13483755 0.13889353
 0.12948288 0.13790564 0.13771415 0.12834983 0.12560456 0.14235704
 0.13305962 0.14665442 0.13454915 0.13867908 0.13705784 0.14604028
 0.12503398 0.13070918 0.1416571  0.14427748 0.12661683 0.14187499
 0.13897993 0.12757392 0.14312862 0.12422866 0.13620497 0.13940809
 0.14335231 0.14492399 0.14362435 0.12365096 0.13890009 0.14698377
 0.14891002 0.13587528 0.13784494 0.14160971 0.13917278 0.13176502
 0.1174977  0.14417276 0.14425614 0.14344926 0.14088269 0.15291214
 0.14569181 0.13970886 0.12949578 0.13826695 0.12964448 0.13134847
 0.12986439 0.14741725 0.13482529 0.12336723 0.14229579 0.14985261
 0.13273466 0.14001636 0.12086057 0.13646981 0.14959661 0.13757442
 0.13267844 0.14678568 0.13196636 0.13327054 0.13059764 0.13280484
 0.13479586 0.12921112 0.13350935 0.15044815 0.14852132 0.13007797
 0.14395002 0.14574635 0.1400974  0.14973696 0.1248091  0.13063486
 0.14011886 0.12430167 0.14043255 0.14093713 0.14316497 0.13783447
 0.14372798 0.14062025 0.12942167 0.13784621 0.13175668 0.12698149
 0.12843282 0.13467343 0.12798464 0.13566928 0.14488609 0.13953756
 0.13453531 0.14895704 0.14215592 0.14068087 0.15004602 0.13165208
 0.13944095 0.13194096 0.13518083 0.14777116 0.14297026 0.12069761
 0.1424882  0.14725269 0.14595445 0.13161362 0.14317598 0.12636611
 0.13917177 0.13721239 0.13025408 0.13549305 0.1447085  0.13387806
 0.14256881 0.13334666 0.14710084 0.14007287 0.1141725  0.13254779
 0.12100347 0.14482298 0.13870717 0.12309825 0.13171866 0.13149153
 0.14762287 0.14991923 0.14607503 0.15168141 0.12474383 0.14289019
 0.13881967 0.12719231 0.14325094 0.1369487  0.13346978 0.14929628
 0.13668791 0.13293911 0.14213835 0.12265804 0.13612225 0.14178996
 0.13205642 0.15020572 0.1311611  0.15479028 0.13406848 0.1211375
 0.1322898  0.14228555 0.14113358 0.14218802 0.13476955 0.13468241
 0.12480661 0.14461097 0.12294323 0.13358184 0.13585774 0.13453433
 0.14202938 0.13479757]
attend-F
BERT
[0.7885188  0.78842926 0.79038495 0.78917307 0.78986233 0.78898877
 0.78929156 0.7894105  0.78839743 0.78969926 0.7904681  0.78706455
 0.7900086  0.7889842  0.7883415  0.78845334 0.78894836 0.79036725
 0.79058254 0.789555   0.78990537 0.7883722  0.7894167  0.7871911
 0.7877896  0.78896993 0.7887482  0.7897691  0.78804886 0.789921
 0.7873842  0.7894042  0.788208   0.78945696 0.78758126 0.7894219
 0.78811634 0.7907423  0.7878648  0.7913169  0.7874809  0.7884057
 0.7871267  0.7873919  0.79042584 0.7881347  0.7865302  0.78880644
 0.7881505  0.78704494 0.7888121  0.7884557  0.78956103 0.7889722
 0.79128224 0.7880762  0.7891999  0.78826505 0.7901189  0.79047513
 0.79003286 0.78933614 0.7911661  0.7912116  0.78843725 0.7870601
 0.7855146  0.78783375 0.7911335  0.79105204 0.7901971  0.7908425
 0.7896857  0.787918   0.7875122  0.7901883  0.7898719  0.7888171
 0.7882315  0.79062927 0.7876038  0.78829455 0.78860694 0.789432
 0.7879386  0.78833175 0.7842603  0.78832567 0.7905485  0.78938425
 0.7881325  0.79137766 0.7865064  0.78742075 0.7876379  0.78823763
 0.7894865  0.786742   0.79079336 0.78884876 0.7899819  0.78832525
 0.7894249  0.7904533  0.7883602  0.79067796 0.786271   0.7856863
 0.78768426 0.78808427 0.78824043 0.7894657  0.78800744 0.7875476
 0.7879414  0.78981316 0.7887934  0.78931886 0.78731024 0.7870678
 0.7891587  0.7886487  0.78883106 0.7872769  0.78859687 0.7890651
 0.7891524  0.7879831  0.7888221  0.788261   0.79071754 0.78828055
 0.7914123  0.78811014 0.7885405  0.7883505  0.7890662  0.78764564
 0.7885226  0.7901244  0.7901474  0.7878111  0.79065144 0.7891068
 0.79076695 0.7881705  0.78791934 0.7888635  0.79092216 0.78951
 0.78932506 0.7890965  0.7897685  0.790497   0.7841297  0.78907746
 0.78801495 0.788935   0.7896216  0.78775966 0.7879629  0.78982437
 0.78994155 0.7900896  0.7914363  0.7912791  0.78598964 0.7902412
 0.7889635  0.78776354 0.78880906 0.7889186  0.7871678  0.79037696
 0.78863573 0.7907583  0.7907053  0.78881353 0.789111   0.7894264
 0.7883359  0.7903046  0.7881892  0.7895657  0.78812057 0.7901108
 0.788905   0.7903594  0.7878871  0.78798044 0.78903925 0.7881569
 0.7870402  0.79039866 0.7872379  0.786524   0.79022825 0.7871955
 0.78762966 0.789917  ]
[nltk_data] Downloading package wordnet to /mnt/iusers01/fse-
[nltk_data]     ugpgt01/compsci01/q12628ct/nltk_data...
[nltk_data]   Package wordnet is already up-to-date!
[nltk_data] Downloading package punkt_tab to /mnt/iusers01/fse-
[nltk_data]     ugpgt01/compsci01/q12628ct/nltk_data...
[nltk_data]   Package punkt_tab is already up-to-date!
[nltk_data] Downloading package omw-1.4 to /mnt/iusers01/fse-
[nltk_data]     ugpgt01/compsci01/q12628ct/nltk_data...
[nltk_data]   Package omw-1.4 is already up-to-date!
/mnt/iusers01/fse-ugpgt01/compsci01/q12628ct/.conda/envs/semantic-decoding/lib/python3.10/site-packages/huggingface_hub/file_download.py:945: FutureWarning: `resume_download` is deprecated and will be removed in version 1.0.0. Downloads always resume when possible. If you want to force a new download, use `force_download=True`.
  warnings.warn(
Some weights of the model checkpoint at roberta-large were not used when initializing RobertaModel: ['lm_head.layer_norm.bias', 'lm_head.bias', 'lm_head.dense.weight', 'lm_head.layer_norm.weight', 'lm_head.dense.bias']
- This IS expected if you are initializing RobertaModel from the checkpoint of a model trained on another task or with another architecture (e.g. initializing a BertForSequenceClassification model from a BertForPreTraining model).
- This IS NOT expected if you are initializing RobertaModel from the checkpoint of a model that you expect to be exactly identical (initializing a BertForSequenceClassification model from a BertForSequenceClassification model).
Some weights of RobertaModel were not initialized from the model checkpoint at roberta-large and are newly initialized: ['roberta.pooler.dense.weight', 'roberta.pooler.dense.bias']
You should probably TRAIN this model on a down-stream task to be able to use it for predictions and inference.
alpha_repeat-1
WER
[-0.26144954 -0.24650271 -0.22243038 -0.2452419  -0.19468723 -0.26308812
 -0.28817281 -0.20351833 -0.2518653  -0.24744429 -0.23994051 -0.26429754
 -0.23887888 -0.25000959 -0.25834499 -0.2346557  -0.24295842 -0.23478542
 -0.20005325 -0.22308175 -0.19341467 -0.22591941 -0.24582796 -0.24455061
 -0.23101015 -0.23134709 -0.23541575 -0.26492201 -0.2488966  -0.15893266
 -0.23537088 -0.25162853 -0.22192343 -0.2310999  -0.24465148 -0.25262024
 -0.21329107 -0.21867676 -0.21689795 -0.22898675 -0.23146918 -0.21136272
 -0.25261537 -0.23822719 -0.26558601 -0.23575709 -0.24009906 -0.20867485
 -0.21593875 -0.26259394 -0.23597175 -0.23039497 -0.25226452 -0.21442749
 -0.25134313 -0.22154329 -0.21978698 -0.28720448 -0.24326609 -0.23942577
 -0.23482722 -0.23875867 -0.23119795 -0.21752154 -0.23309956 -0.23344603
 -0.23204573 -0.23076383 -0.22781631 -0.20147858 -0.24715205 -0.25377938
 -0.2397213  -0.21326213 -0.25890703 -0.21962667 -0.21907883 -0.19229195
 -0.24506801 -0.25808124 -0.25377005 -0.20230825 -0.2179887  -0.25129626
 -0.2739682  -0.24334026 -0.19167168 -0.23560169 -0.22882062 -0.21281846
 -0.23495815 -0.24949441 -0.23861354 -0.23296067 -0.22465    -0.24007494
 -0.21431371 -0.22529701 -0.22768154 -0.26964495 -0.22523178 -0.21235988
 -0.21088479 -0.2556351  -0.22320974 -0.2346982  -0.24273037 -0.23760329
 -0.27625077 -0.21974363 -0.20289587 -0.24381931 -0.23186228 -0.19091651
 -0.25840718 -0.25271472 -0.25730564 -0.21260223 -0.19451785 -0.25923169
 -0.25336005 -0.22625359 -0.2523311  -0.22990195 -0.25158535 -0.25964287
 -0.21942343 -0.22915726 -0.26022429 -0.21349682 -0.22844911 -0.23025514
 -0.21461618 -0.22332941 -0.2109837  -0.22248665 -0.19942576 -0.23672178
 -0.18977541 -0.1993724  -0.27367227 -0.2562204  -0.2429702  -0.25143372
 -0.22746419 -0.24653389 -0.25115761 -0.22731307 -0.22580874 -0.19408909
 -0.2211283  -0.22880941 -0.25012324 -0.2266195  -0.23589666 -0.2523802
 -0.18437379 -0.22241898 -0.22763544 -0.24324113 -0.22260265 -0.24280836
 -0.24057699 -0.21465325 -0.2242417  -0.25448418 -0.26074969 -0.21979993
 -0.24066652 -0.26689628 -0.26712087 -0.22561521 -0.21817947 -0.2493856
 -0.24876096 -0.23771369 -0.26131652 -0.24888748 -0.22617726 -0.22522457
 -0.25957307 -0.21905176 -0.26032952 -0.23696462 -0.23334307 -0.22728809
 -0.19934974 -0.2489799  -0.24415502 -0.22128218 -0.24951638 -0.23517172
 -0.25255321 -0.17963238 -0.18095488 -0.2178686  -0.21654459 -0.22315745
 -0.25962395 -0.20805705]
alpha_repeat-1
BLEU
[0.14043662 0.21209186 0.1985368  0.15344124 0.26063137 0.10947344
 0.10198994 0.2113603  0.18381205 0.18235429 0.20256182 0.11164566
 0.16677583 0.17181635 0.19643092 0.19262043 0.13406668 0.20101775
 0.23803599 0.18500366 0.20704976 0.1940246  0.15060159 0.16989917
 0.16232019 0.18257788 0.18848959 0.11926602 0.15567562 0.25993185
 0.15823959 0.17499873 0.14232424 0.17334541 0.20084405 0.16485009
 0.22786667 0.21124526 0.18174018 0.15926783 0.19140319 0.21574624
 0.13398026 0.20632439 0.12880495 0.15274365 0.13551278 0.18269803
 0.18453705 0.11758244 0.20425586 0.20623179 0.17651091 0.19451994
 0.14123272 0.20125425 0.18287204 0.09061168 0.15102192 0.16315105
 0.15773366 0.16343357 0.14019241 0.19548024 0.1675207  0.21238389
 0.21833117 0.16375943 0.18075028 0.24916936 0.18296987 0.1562373
 0.18698856 0.20301455 0.15015233 0.17506545 0.22848245 0.21411547
 0.23037141 0.14564343 0.14019368 0.20530908 0.18700535 0.20736871
 0.14668402 0.18579945 0.23070109 0.17998905 0.2005323  0.20329367
 0.19222158 0.1402655  0.21900175 0.2393277  0.17940745 0.18792992
 0.19962964 0.17014854 0.19385191 0.11741446 0.19554533 0.19051388
 0.2140405  0.13734047 0.19582145 0.17901129 0.15404639 0.15859107
 0.13362536 0.17906401 0.21489648 0.15117391 0.19864992 0.21994459
 0.13658342 0.16333261 0.14994861 0.22596061 0.23344921 0.14928375
 0.16131818 0.1851038  0.12357829 0.19955253 0.15832467 0.15463931
 0.19715456 0.21319857 0.15857966 0.22264522 0.15481045 0.18160259
 0.16628048 0.16929449 0.17368155 0.20435946 0.16483808 0.18091781
 0.21559159 0.2390593  0.10069353 0.15552841 0.18654391 0.14697528
 0.17761777 0.1714714  0.17675443 0.16980818 0.18766485 0.19840812
 0.2141378  0.19555023 0.16949808 0.20049269 0.20563414 0.15275036
 0.24136406 0.17932414 0.19280031 0.18388567 0.19747469 0.16177553
 0.14434214 0.21134673 0.21732247 0.18207031 0.15177645 0.1559479
 0.2140356  0.10285174 0.11814825 0.1858987  0.19130625 0.20799554
 0.14864084 0.19398695 0.18546785 0.18575271 0.18465115 0.20991013
 0.14627126 0.18718701 0.13602928 0.20281081 0.20014364 0.16321519
 0.19927398 0.14379326 0.16093929 0.19133968 0.17493615 0.1644455
 0.12111879 0.21880106 0.21583071 0.21903245 0.1642323  0.18995039
 0.11570449 0.16482422]
alpha_repeat-1
METEOR
[0.10953799 0.15978287 0.14809459 0.11543852 0.19633882 0.0880663
 0.08215375 0.1515526  0.13623339 0.13959758 0.15258651 0.10814587
 0.14129243 0.12468232 0.14861463 0.14772921 0.1318447  0.14380325
 0.17860344 0.15337206 0.15361398 0.16797979 0.11789244 0.11766207
 0.12297804 0.13388694 0.14191422 0.08834953 0.1195405  0.19859163
 0.13208654 0.12418159 0.11353325 0.13502379 0.1428664  0.1292287
 0.18542257 0.15896233 0.15449651 0.12557624 0.13562675 0.19582546
 0.10234047 0.16656659 0.09866789 0.12664705 0.10709274 0.13220894
 0.14341556 0.10961903 0.15408985 0.16891523 0.14110386 0.15327267
 0.12042886 0.15394583 0.1466875  0.09362937 0.13814018 0.12793696
 0.12720146 0.12694591 0.12557705 0.16044195 0.12999832 0.16142844
 0.15994912 0.13761047 0.1439006  0.17968414 0.16150186 0.13009425
 0.13390006 0.15761501 0.11633509 0.13750944 0.17843619 0.16679255
 0.18033329 0.11813484 0.11548972 0.15712892 0.14846017 0.15272585
 0.10611659 0.13694223 0.19435843 0.1430337  0.16851765 0.14640999
 0.15368195 0.10810275 0.18663261 0.19628174 0.1375698  0.15181295
 0.17689117 0.12948424 0.14622085 0.09937817 0.14555878 0.16931055
 0.16482926 0.10638765 0.15505953 0.15038404 0.1401257  0.12815313
 0.10106386 0.14137436 0.15882678 0.11914659 0.15613999 0.17379066
 0.12434955 0.12530665 0.11581465 0.16888089 0.21069204 0.11595971
 0.12002864 0.14868195 0.08935224 0.15002408 0.13939353 0.12656729
 0.16762275 0.14940765 0.11938915 0.17189401 0.11881239 0.15138743
 0.1458439  0.13090879 0.14918323 0.15159595 0.13202443 0.14108948
 0.17952788 0.17786649 0.08978559 0.11088987 0.13537486 0.12508482
 0.14888407 0.14512236 0.1293632  0.13086662 0.16248609 0.16975963
 0.15211948 0.15118454 0.13131074 0.1599009  0.15237492 0.12169769
 0.18221885 0.15210866 0.15211042 0.139604   0.15986139 0.11936919
 0.12342527 0.16971915 0.16341887 0.13687174 0.13437109 0.12634425
 0.17746379 0.08902783 0.09071678 0.14422624 0.15233295 0.15031667
 0.12988797 0.14253764 0.13708672 0.15010666 0.14636007 0.17593963
 0.11739979 0.14485566 0.11502909 0.14699996 0.14506988 0.14218811
 0.16062601 0.11965778 0.12569941 0.13251403 0.12322132 0.13256846
 0.12622558 0.15699685 0.16284305 0.15928859 0.14753052 0.16323449
 0.09502409 0.15047468]
alpha_repeat-1
BERT
[0.7950464  0.8041747  0.7974162  0.7944877  0.79872376 0.785821
 0.79382735 0.80082005 0.79647976 0.79542106 0.8004947  0.79560304
 0.7920654  0.7920078  0.7946621  0.79398793 0.79339486 0.79373753
 0.7992026  0.79332745 0.7987596  0.78773946 0.7904316  0.79681045
 0.79154754 0.795      0.7935748  0.7874981  0.7924725  0.79974794
 0.7945041  0.79617476 0.78999907 0.7939511  0.7980267  0.7951803
 0.8023434  0.7971639  0.79308736 0.7906788  0.7954664  0.797954
 0.7911019  0.79721934 0.7909806  0.7966655  0.7940805  0.7898314
 0.7956951  0.7908785  0.79415363 0.79940665 0.7966166  0.7946795
 0.79146606 0.7911475  0.791925   0.78794545 0.79679626 0.79750675
 0.7908566  0.78942096 0.79394084 0.7953747  0.79320127 0.8022927
 0.79720485 0.7978554  0.79620695 0.7978964  0.7944938  0.79466164
 0.79207844 0.7974807  0.7902817  0.7931779  0.7976592  0.80148447
 0.79626393 0.7928233  0.7897273  0.7956957  0.7956788  0.7898309
 0.7917716  0.7951692  0.7963169  0.7934748  0.79863125 0.8001508
 0.7922143  0.7885653  0.7919851  0.8026914  0.7912724  0.7948686
 0.80094063 0.79221547 0.7934187  0.79253256 0.79782856 0.7900344
 0.79269546 0.7925201  0.79696244 0.79944164 0.7902975  0.79381466
 0.7931299  0.79331124 0.7944434  0.7910038  0.79624695 0.79776716
 0.79142094 0.790523   0.7963391  0.79598415 0.79859954 0.7937852
 0.7937728  0.792186   0.7956741  0.79733396 0.79479    0.79550034
 0.79473245 0.7924727  0.7940087  0.7926734  0.79156446 0.7993864
 0.78824633 0.7933481  0.7966781  0.7964001  0.79164875 0.79495126
 0.7972212  0.7971649  0.79263055 0.790247   0.79498005 0.7917179
 0.7957691  0.7942316  0.79460645 0.7939068  0.7950396  0.79305315
 0.79363865 0.79637295 0.79314137 0.79683656 0.79523385 0.7933814
 0.7914046  0.79052866 0.794282   0.7950302  0.79242575 0.78884727
 0.79274654 0.8008958  0.79794425 0.79669756 0.7886651  0.79250747
 0.79609513 0.78968763 0.7945937  0.7929953  0.79905266 0.79480445
 0.7913476  0.7968966  0.7949094  0.795114   0.7912437  0.79289955
 0.7911685  0.7899541  0.7947109  0.7954561  0.7936192  0.79044145
 0.7918885  0.7900495  0.7914266  0.79206914 0.790386   0.7960301
 0.79173857 0.7936542  0.79495686 0.79388994 0.79572713 0.792948
 0.79146326 0.79417235]
[nltk_data] Downloading package wordnet to /mnt/iusers01/fse-
[nltk_data]     ugpgt01/compsci01/q12628ct/nltk_data...
[nltk_data]   Package wordnet is already up-to-date!
[nltk_data] Downloading package punkt_tab to /mnt/iusers01/fse-
[nltk_data]     ugpgt01/compsci01/q12628ct/nltk_data...
[nltk_data]   Package punkt_tab is already up-to-date!
[nltk_data] Downloading package omw-1.4 to /mnt/iusers01/fse-
[nltk_data]     ugpgt01/compsci01/q12628ct/nltk_data...
[nltk_data]   Package omw-1.4 is already up-to-date!
/mnt/iusers01/fse-ugpgt01/compsci01/q12628ct/.conda/envs/semantic-decoding/lib/python3.10/site-packages/huggingface_hub/file_download.py:945: FutureWarning: `resume_download` is deprecated and will be removed in version 1.0.0. Downloads always resume when possible. If you want to force a new download, use `force_download=True`.
  warnings.warn(
Some weights of the model checkpoint at roberta-large were not used when initializing RobertaModel: ['lm_head.dense.weight', 'lm_head.layer_norm.weight', 'lm_head.bias', 'lm_head.dense.bias', 'lm_head.layer_norm.bias']
- This IS expected if you are initializing RobertaModel from the checkpoint of a model trained on another task or with another architecture (e.g. initializing a BertForSequenceClassification model from a BertForPreTraining model).
- This IS NOT expected if you are initializing RobertaModel from the checkpoint of a model that you expect to be exactly identical (initializing a BertForSequenceClassification model from a BertForSequenceClassification model).
Some weights of RobertaModel were not initialized from the model checkpoint at roberta-large and are newly initialized: ['roberta.pooler.dense.bias', 'roberta.pooler.dense.weight']
You should probably TRAIN this model on a down-stream task to be able to use it for predictions and inference.
alpha_repeat-2
WER
[-0.16898579 -0.18557136 -0.1805364  -0.17963138 -0.1985405  -0.1961297
 -0.19263635 -0.17207527 -0.17353481 -0.18951597 -0.18520884 -0.17915391
 -0.18185184 -0.17193358 -0.16998102 -0.18506974 -0.15949133 -0.1489113
 -0.17861978 -0.18857557 -0.19256521 -0.16594372 -0.14508585 -0.18252323
 -0.19957846 -0.18360398 -0.18339272 -0.17400573 -0.20580914 -0.20247539
 -0.17744113 -0.17833999 -0.16755322 -0.16435703 -0.17859229 -0.19127825
 -0.18466842 -0.18970855 -0.17844578 -0.18202208 -0.17382551 -0.14390332
 -0.17900253 -0.18899109 -0.19556741 -0.18761137 -0.17699403 -0.19719437
 -0.18054206 -0.19736327 -0.2254801  -0.17395595 -0.18833349 -0.18981839
 -0.17639183 -0.16299589 -0.18870514 -0.18154681 -0.15851097 -0.17338459
 -0.20260507 -0.17252761 -0.18397012 -0.1633742  -0.16095409 -0.18533501
 -0.18846929 -0.1965762  -0.20267968 -0.20469795 -0.174225   -0.17504574
 -0.19631602 -0.1696032  -0.18993391 -0.17447814 -0.18706295 -0.19095932
 -0.14307846 -0.20440573 -0.19494424 -0.17694654 -0.19823375 -0.18574433
 -0.15747821 -0.16023463 -0.19420803 -0.16124784 -0.19131667 -0.19500517
 -0.17162123 -0.14098952 -0.18653386 -0.17351851 -0.18854478 -0.17352488
 -0.17781774 -0.13799397 -0.17105406 -0.16941769 -0.15933795 -0.16860925
 -0.1476299  -0.1418465  -0.13859022 -0.19167713 -0.15551023 -0.16542035
 -0.17076456 -0.16987861 -0.16976672 -0.1950321  -0.17866649 -0.18010397
 -0.18406711 -0.20645937 -0.21199272 -0.19496285 -0.16736813 -0.13674028
 -0.14731779 -0.18126059 -0.18565305 -0.159278   -0.17134928 -0.1998854
 -0.18869382 -0.18058558 -0.15435358 -0.18385657 -0.16209763 -0.17940016
 -0.18608007 -0.16920353 -0.15139945 -0.15784241 -0.16562979 -0.15625653
 -0.17892481 -0.20100843 -0.19502171 -0.17359964 -0.17154045 -0.16941148
 -0.1489531  -0.17948289 -0.17693843 -0.16469438 -0.17977522 -0.16266265
 -0.18111803 -0.18073691 -0.18219748 -0.16102994 -0.13320299 -0.18834479
 -0.22442744 -0.17016776 -0.18664753 -0.20000355 -0.15604342 -0.18805537
 -0.16101421 -0.16329053 -0.16889038 -0.16265082 -0.16148262 -0.16954969
 -0.19737435 -0.17531655 -0.16874344 -0.15022878 -0.19944343 -0.17817809
 -0.18266349 -0.20062894 -0.18891158 -0.16228712 -0.1656075  -0.17488068
 -0.16498069 -0.17488304 -0.15162648 -0.20500949 -0.18424375 -0.17059759
 -0.187033   -0.17310439 -0.18907787 -0.19823421 -0.15306647 -0.17736731
 -0.17098287 -0.17256532 -0.16938589 -0.22245957 -0.18558899 -0.17585928
 -0.21068337 -0.17946573]
alpha_repeat-2
BLEU
[0.19717645 0.18916141 0.16361823 0.17828018 0.14025146 0.16580791
 0.15301474 0.19426416 0.18133303 0.21226368 0.23471976 0.1981915
 0.15738908 0.23427616 0.20132753 0.20712141 0.19514782 0.21234559
 0.18891439 0.1849617  0.17443728 0.2227507  0.23203613 0.19615004
 0.14894562 0.17804348 0.18184926 0.1445946  0.15726166 0.17762949
 0.17671926 0.17654237 0.18441491 0.1710008  0.13539489 0.18144126
 0.18343725 0.16060354 0.17916624 0.17004013 0.17761416 0.22827671
 0.18525395 0.16370343 0.21243767 0.14353117 0.18611537 0.15772428
 0.19614838 0.15155509 0.09600151 0.21556041 0.20096966 0.18076038
 0.19817225 0.20934605 0.21387513 0.15314733 0.20380282 0.18278042
 0.12180287 0.22392876 0.13697199 0.15981551 0.20189467 0.16599905
 0.17258237 0.14564743 0.157173   0.11039392 0.20917434 0.1816621
 0.13803433 0.19671569 0.15732179 0.15623729 0.23227892 0.17722096
 0.21283612 0.15387111 0.17430695 0.19530286 0.16810311 0.21103151
 0.19320097 0.20768962 0.17971598 0.26804129 0.17243577 0.14257882
 0.21310763 0.22953118 0.18552802 0.16999461 0.22387805 0.1962385
 0.19583699 0.20075846 0.16366094 0.21458876 0.21842411 0.21808473
 0.22568151 0.23268214 0.19931199 0.14663301 0.16855903 0.18495505
 0.20278616 0.18670571 0.20138741 0.1636276  0.15180461 0.20050613
 0.16599245 0.13000451 0.08933783 0.17763495 0.15602642 0.17827701
 0.23839448 0.1769448  0.17820032 0.20051484 0.19339689 0.1479728
 0.17307221 0.20184454 0.20051563 0.2092062  0.18106501 0.15982185
 0.17975061 0.19386458 0.20244762 0.20122994 0.18335446 0.22415104
 0.22924425 0.16652267 0.17280887 0.21377328 0.2099203  0.20528216
 0.20345383 0.16216328 0.20345994 0.19232841 0.17175827 0.20075005
 0.16763509 0.15969198 0.18232318 0.2034589  0.23766429 0.1532408
 0.11524367 0.19853294 0.1833813  0.18545472 0.22777146 0.17679231
 0.23907422 0.1933367  0.18467423 0.22659924 0.1881632  0.21103066
 0.1919392  0.17448275 0.23032189 0.21294972 0.16482123 0.20550999
 0.22042528 0.13691305 0.16282872 0.20839437 0.20258742 0.20199913
 0.21921842 0.18203879 0.20781172 0.17762954 0.17644687 0.19364543
 0.18635948 0.15601659 0.16092828 0.13798584 0.23818288 0.19522188
 0.20569435 0.15817433 0.20590291 0.11734279 0.17603303 0.18684659
 0.13429864 0.18774744]
alpha_repeat-2
METEOR
[0.16028493 0.12536864 0.13664975 0.12120576 0.09487571 0.13492807
 0.11585621 0.15820094 0.12580858 0.14371312 0.17896911 0.1373407
 0.12052221 0.16329437 0.15095693 0.16992692 0.13830139 0.1575188
 0.12609    0.15328265 0.13254288 0.16397791 0.1670689  0.15698125
 0.11103799 0.13486833 0.13104059 0.11168823 0.13120854 0.142885
 0.14727491 0.13686311 0.14021811 0.12956498 0.11621918 0.13945432
 0.15273595 0.13279703 0.14612366 0.13769236 0.13313965 0.1823993
 0.12443022 0.13163034 0.17086125 0.12526121 0.137937   0.11428555
 0.14565281 0.11978917 0.07432422 0.14535987 0.14935612 0.13868099
 0.14549185 0.14614659 0.16968178 0.12001442 0.1601745  0.12974653
 0.11097212 0.14798292 0.11972365 0.11965736 0.1372283  0.12527534
 0.13631463 0.12269547 0.12611951 0.08862911 0.15290642 0.12734049
 0.12346882 0.13985276 0.10695754 0.11757824 0.1690621  0.13286045
 0.14167596 0.1160802  0.1488695  0.16052295 0.13703215 0.14962866
 0.15686418 0.15622593 0.13422369 0.19029363 0.13439232 0.10894133
 0.14769101 0.15747884 0.13295844 0.11417979 0.1755186  0.14876734
 0.1342903  0.15336061 0.1191567  0.16423672 0.15282624 0.16226428
 0.16753623 0.17103984 0.14709237 0.12206793 0.12541761 0.1671978
 0.14342193 0.14026395 0.13632788 0.1210918  0.09834264 0.14705873
 0.13478272 0.1040961  0.0688858  0.13032594 0.12424866 0.14185406
 0.17341786 0.14983024 0.12665522 0.14441375 0.13717144 0.11913358
 0.12469929 0.14206829 0.14235745 0.1498585  0.12482225 0.10697943
 0.13536347 0.14394888 0.1543597  0.15450513 0.15437169 0.16360155
 0.17432806 0.12334358 0.12176958 0.16153449 0.14891908 0.15535183
 0.17092451 0.13728872 0.13545645 0.13416414 0.13009737 0.14496832
 0.1304494  0.12003198 0.14501503 0.15263978 0.18262141 0.11852384
 0.09647918 0.13400108 0.15897752 0.13669978 0.17807623 0.13513278
 0.20599359 0.14406492 0.14894803 0.16302799 0.15030802 0.17006548
 0.14169402 0.13294037 0.15557737 0.14732355 0.14952235 0.15926202
 0.1772367  0.11958098 0.12261957 0.15998528 0.14207693 0.14667677
 0.18644776 0.14771028 0.14083465 0.14056547 0.11305565 0.16127376
 0.14123484 0.1160173  0.13741996 0.10900382 0.16413727 0.13956143
 0.14400251 0.12317169 0.15776896 0.10620156 0.13596107 0.13604821
 0.09911374 0.13284027]
alpha_repeat-2
BERT
[0.7971653  0.79704636 0.79568976 0.79008967 0.79110646 0.7964519
 0.79621804 0.7915881  0.79144704 0.8000036  0.79257035 0.7962051
 0.788352   0.79026383 0.7970381  0.7989137  0.7916018  0.7963716
 0.7920228  0.7893307  0.79137516 0.7957317  0.7969906  0.7938239
 0.79245013 0.7962716  0.7917814  0.7932437  0.79014605 0.7933509
 0.79374444 0.7929595  0.79396427 0.7939367  0.79565364 0.79932266
 0.7931159  0.79705346 0.794494   0.7952604  0.7951128  0.7949721
 0.79333097 0.7873994  0.7992237  0.7928294  0.8045628  0.7867508
 0.79492533 0.79157376 0.787996   0.7933736  0.795167   0.7970729
 0.7928468  0.79740924 0.7943724  0.78885484 0.7953785  0.79315305
 0.79120624 0.7972205  0.79097664 0.79330707 0.7931094  0.79163986
 0.79267484 0.7923606  0.7898377  0.79211164 0.79777133 0.79413295
 0.7929523  0.7941773  0.7958089  0.79037493 0.7948857  0.7924874
 0.79177207 0.7900825  0.7962894  0.79332584 0.79556286 0.7983878
 0.79509175 0.792039   0.7953398  0.7993786  0.7933265  0.79561967
 0.79775864 0.7980168  0.79155004 0.7916326  0.79693174 0.7993222
 0.7961864  0.7944464  0.79010636 0.79792565 0.793598   0.7964569
 0.7961394  0.7979884  0.79391116 0.7861624  0.78989166 0.7968471
 0.8020108  0.7955379  0.7963136  0.7928732  0.7888089  0.7990829
 0.7934675  0.79389524 0.7890679  0.7966083  0.79437274 0.79736257
 0.7963973  0.7980143  0.7913941  0.79210365 0.79415065 0.7916509
 0.7982603  0.79781675 0.7954443  0.79537463 0.79700834 0.78830105
 0.7942986  0.79404914 0.7927873  0.7964804  0.7968793  0.7978655
 0.7991172  0.7989873  0.7949227  0.79885083 0.80172896 0.7980181
 0.7937267  0.7961874  0.7947459  0.7934478  0.7904535  0.79145974
 0.8002666  0.7911422  0.79292583 0.7928248  0.79345024 0.7957517
 0.78968394 0.7937636  0.7956475  0.7981134  0.79431814 0.7919423
 0.7956784  0.7962637  0.78878033 0.7957445  0.7926878  0.7938435
 0.79561615 0.7959507  0.7981919  0.7955525  0.79425746 0.79989314
 0.78764355 0.7935554  0.79414415 0.79667336 0.792671   0.7936343
 0.7945329  0.79899925 0.7970979  0.7941088  0.793766   0.79330564
 0.8008784  0.7923814  0.7970468  0.7912636  0.7948774  0.795336
 0.79073703 0.79578537 0.79330033 0.7901736  0.7946585  0.7915871
 0.79063135 0.7952942 ]
[nltk_data] Downloading package wordnet to /mnt/iusers01/fse-
[nltk_data]     ugpgt01/compsci01/q12628ct/nltk_data...
[nltk_data]   Package wordnet is already up-to-date!
[nltk_data] Downloading package punkt_tab to /mnt/iusers01/fse-
[nltk_data]     ugpgt01/compsci01/q12628ct/nltk_data...
[nltk_data]   Package punkt_tab is already up-to-date!
[nltk_data] Downloading package omw-1.4 to /mnt/iusers01/fse-
[nltk_data]     ugpgt01/compsci01/q12628ct/nltk_data...
[nltk_data]   Package omw-1.4 is already up-to-date!
/mnt/iusers01/fse-ugpgt01/compsci01/q12628ct/.conda/envs/semantic-decoding/lib/python3.10/site-packages/huggingface_hub/file_download.py:945: FutureWarning: `resume_download` is deprecated and will be removed in version 1.0.0. Downloads always resume when possible. If you want to force a new download, use `force_download=True`.
  warnings.warn(
Some weights of the model checkpoint at roberta-large were not used when initializing RobertaModel: ['lm_head.dense.weight', 'lm_head.layer_norm.bias', 'lm_head.bias', 'lm_head.layer_norm.weight', 'lm_head.dense.bias']
- This IS expected if you are initializing RobertaModel from the checkpoint of a model trained on another task or with another architecture (e.g. initializing a BertForSequenceClassification model from a BertForPreTraining model).
- This IS NOT expected if you are initializing RobertaModel from the checkpoint of a model that you expect to be exactly identical (initializing a BertForSequenceClassification model from a BertForSequenceClassification model).
Some weights of RobertaModel were not initialized from the model checkpoint at roberta-large and are newly initialized: ['roberta.pooler.dense.bias', 'roberta.pooler.dense.weight']
You should probably TRAIN this model on a down-stream task to be able to use it for predictions and inference.
bravo_repeat-1
WER
[-0.08989622 -0.1082688  -0.09392744 -0.081825   -0.09997672 -0.08772922
 -0.08040072 -0.10180168 -0.08563488 -0.07162287 -0.06866282 -0.09947873
 -0.11121744 -0.08621744 -0.09858981 -0.09535649 -0.11033115 -0.08470543
 -0.10930174 -0.08424537 -0.07594916 -0.09538105 -0.07811254 -0.08289285
 -0.08076434 -0.0856463  -0.09280414 -0.07271345 -0.07187332 -0.08467897
 -0.09884676 -0.07559291 -0.08536239 -0.08506702 -0.09892898 -0.0893085
 -0.0819214  -0.10503478 -0.10372806 -0.07969739 -0.07944215 -0.07202169
 -0.10356654 -0.06924515 -0.08875552 -0.09803109 -0.08716562 -0.0656552
 -0.07136768 -0.08799575 -0.06374315 -0.10740386 -0.08421204 -0.08798967
 -0.07508428 -0.0874558  -0.08227699 -0.09214436 -0.06957348 -0.0785358
 -0.07055653 -0.0628147  -0.0841442  -0.08972477 -0.08725412 -0.07499296
 -0.08338096 -0.07777673 -0.08141856 -0.07387389 -0.08187358 -0.09297943
 -0.09736363 -0.10623418 -0.08068242 -0.09597902 -0.05100334 -0.10999091
 -0.08790272 -0.08886857 -0.08202887 -0.09358941 -0.08036225 -0.1028067
 -0.09226829 -0.09415474 -0.08302089 -0.09395919 -0.1007827  -0.07261099
 -0.0820343  -0.07253379 -0.08201631 -0.09881173 -0.09621651 -0.07523541
 -0.08251893 -0.10652836 -0.09059103 -0.09167467 -0.08994945 -0.08771655
 -0.11015306 -0.09093455 -0.09491878 -0.06215815 -0.07665852 -0.09451826
 -0.07711579 -0.09325992 -0.09594195 -0.07275702 -0.10788722 -0.10049718
 -0.10296812 -0.08735002 -0.08755784 -0.07658396 -0.09282837 -0.09203857
 -0.0823446  -0.08925256 -0.0887493  -0.1004379  -0.09295939 -0.1024644
 -0.08932009 -0.10609201 -0.08505694 -0.09994725 -0.09133183 -0.08868175
 -0.10585053 -0.0934367  -0.10059448 -0.0961529  -0.09717029 -0.08943815
 -0.08852069 -0.08304331 -0.10702793 -0.09989443 -0.10127358 -0.07388908
 -0.08934561 -0.09631361 -0.08965984 -0.08436145 -0.11451545 -0.08787656
 -0.08309243 -0.08472898 -0.07962817 -0.07014593 -0.07591005 -0.07577638
 -0.07975708 -0.083445   -0.08342471 -0.08815239 -0.09638327 -0.08493305
 -0.09048165 -0.10655386 -0.08454686 -0.10478623 -0.09873568 -0.09380266
 -0.0941753  -0.10282335 -0.11131911 -0.09883617 -0.07800403 -0.09008516
 -0.06305862 -0.09766942 -0.08570552 -0.09252757 -0.08234025 -0.09267882
 -0.09003847 -0.08675044 -0.08362983 -0.09007352 -0.07340981 -0.08740905
 -0.07375377 -0.08417909 -0.10522389 -0.10687404 -0.10630982 -0.11693359
 -0.10832389 -0.08359524 -0.07377342 -0.0871364  -0.09606885 -0.09283713
 -0.08423321 -0.11071746]
bravo_repeat-1
BLEU
[0.1855149  0.18716455 0.22912201 0.23417273 0.21375049 0.22300323
 0.22358976 0.16000915 0.22206737 0.24991253 0.24735833 0.23324125
 0.13738154 0.23744134 0.22765799 0.18288178 0.17580387 0.24756087
 0.21996349 0.19837342 0.19835104 0.22260035 0.23013125 0.22087472
 0.23347212 0.15278282 0.21746092 0.22280128 0.24274696 0.21800744
 0.16725777 0.20224701 0.2029719  0.23096094 0.20497719 0.2117295
 0.24550622 0.15153824 0.20448567 0.21663338 0.25376846 0.2270731
 0.19613452 0.24375452 0.27093937 0.22230839 0.23176092 0.23999191
 0.27126673 0.26109011 0.26203983 0.16504555 0.18415468 0.24612841
 0.24898305 0.21663953 0.25675491 0.18997279 0.23886131 0.21176593
 0.24279304 0.25804328 0.21185515 0.23032326 0.21000996 0.23689618
 0.20848373 0.21802461 0.2043542  0.22984969 0.23554296 0.19382528
 0.22083805 0.15321811 0.20005782 0.12292815 0.24818344 0.18500209
 0.24375792 0.20792892 0.23732336 0.24691991 0.23564609 0.20437232
 0.20264945 0.1524119  0.24880526 0.2121865  0.21125508 0.25381988
 0.24492658 0.22078997 0.19334354 0.16036119 0.1873435  0.24129981
 0.23532474 0.1867484  0.21103732 0.20966919 0.22457002 0.21817987
 0.16854102 0.20436414 0.23775837 0.24557461 0.236213   0.22469926
 0.21872157 0.18809638 0.21086564 0.2114094  0.21289241 0.20885411
 0.25131746 0.21175435 0.22142285 0.21225512 0.22068465 0.25619851
 0.20745536 0.17531966 0.24175776 0.24076286 0.24306251 0.16249273
 0.21337793 0.16314657 0.24241571 0.19654257 0.15553377 0.18888945
 0.21911597 0.20614378 0.16812924 0.17573649 0.19399957 0.22932584
 0.13846164 0.21565194 0.20895915 0.20354863 0.22067953 0.24493926
 0.2141131  0.17464889 0.26359868 0.22608422 0.17236827 0.150345
 0.18258511 0.20333353 0.22730221 0.19168135 0.24562585 0.26101905
 0.19088203 0.21387572 0.2144088  0.19749447 0.22903273 0.22904682
 0.20322877 0.19080725 0.21241921 0.18347919 0.19778518 0.18918949
 0.22794349 0.16790327 0.17418114 0.18044486 0.21947593 0.22244148
 0.24019435 0.18275385 0.22282483 0.21091607 0.24909827 0.26527635
 0.18568129 0.25316812 0.26464797 0.18931468 0.23507746 0.22482407
 0.2396688  0.21556957 0.17399243 0.18263959 0.12936452 0.15253092
 0.24037346 0.22016015 0.26104803 0.22552302 0.2228351  0.21560534
 0.22782221 0.21715492]
bravo_repeat-1
METEOR
[0.1278472  0.1565243  0.15581085 0.16049547 0.15815632 0.17264502
 0.15800575 0.11343595 0.15489152 0.1768922  0.17294222 0.16847773
 0.1055394  0.16392306 0.16834908 0.1228597  0.12758218 0.17786557
 0.15691644 0.14212224 0.13794497 0.15326576 0.17087168 0.14735935
 0.16196409 0.11864621 0.16239598 0.14597336 0.1709891  0.1411913
 0.1232411  0.1338829  0.15360058 0.17042641 0.14582841 0.15872073
 0.19273982 0.12648174 0.15139692 0.17456824 0.18605996 0.14956322
 0.14870904 0.16135831 0.19199789 0.15867119 0.17423444 0.16298617
 0.2200952  0.1833788  0.19327551 0.12884241 0.13346943 0.17025686
 0.17612781 0.15820045 0.15466526 0.13339396 0.15826601 0.14464319
 0.16151064 0.17342032 0.1539628  0.15954335 0.13203139 0.18733286
 0.14806653 0.13919142 0.14867012 0.14628628 0.16664602 0.13908842
 0.16038167 0.11463519 0.13885725 0.10727173 0.17758676 0.14191557
 0.17489917 0.15639855 0.16650027 0.17193301 0.16547629 0.15479584
 0.14419081 0.11078549 0.16746642 0.15084442 0.13542966 0.16139752
 0.18078483 0.15998836 0.13187091 0.11620191 0.12719984 0.17031736
 0.14871428 0.12887889 0.16525809 0.14818484 0.1745194  0.15919309
 0.12814242 0.14804585 0.1728386  0.17072455 0.15458448 0.14782408
 0.16356317 0.13742879 0.15151366 0.15524467 0.15297515 0.14213751
 0.17124114 0.14029721 0.16060162 0.14167219 0.15818389 0.17284619
 0.157818   0.12140172 0.18449558 0.16628315 0.1510949  0.1239637
 0.14403094 0.12030045 0.17051919 0.14208207 0.11040186 0.12886877
 0.13612962 0.16587465 0.15122501 0.12322719 0.13092083 0.1521591
 0.10373084 0.16133119 0.15899809 0.14835021 0.15388366 0.1723076
 0.1458065  0.12693409 0.18542189 0.14948155 0.11877938 0.13846673
 0.1354794  0.13893114 0.14787941 0.15248392 0.17626105 0.21078842
 0.13595741 0.16334246 0.1678677  0.13164746 0.16042275 0.16469291
 0.14499832 0.13581656 0.17161662 0.13475565 0.15043657 0.13414276
 0.17008989 0.12777246 0.1323699  0.13954005 0.1526176  0.1538403
 0.15933731 0.12038529 0.161933   0.16315407 0.17705639 0.18453463
 0.1212894  0.18586708 0.1788465  0.13962198 0.15790372 0.15411514
 0.17343542 0.14804556 0.13499035 0.14994351 0.11089302 0.11392733
 0.17756147 0.15093106 0.20543839 0.15067151 0.15091662 0.14252787
 0.16361811 0.14763395]
bravo_repeat-1
BERT
[0.80238694 0.80239624 0.8097186  0.80239683 0.8074944  0.8080515
 0.80893296 0.7979655  0.8048356  0.8089526  0.80584604 0.80941355
 0.7977415  0.80728483 0.8061991  0.80150276 0.80093503 0.8068403
 0.8062036  0.80807126 0.8044067  0.79928505 0.800965   0.8051531
 0.8069828  0.8039374  0.8058628  0.8040244  0.80752957 0.80739564
 0.8019694  0.8032847  0.8107671  0.8107258  0.7992934  0.8002163
 0.8032444  0.801582   0.8030761  0.8083669  0.80796105 0.8050504
 0.79820055 0.8077159  0.81928706 0.8041286  0.80872244 0.8074825
 0.8081413  0.80801994 0.81601435 0.8067131  0.8049885  0.80453706
 0.80671114 0.8063736  0.8115223  0.80261445 0.80437285 0.8075061
 0.80959564 0.8098304  0.80031836 0.80569774 0.8043719  0.81059194
 0.802427   0.8070969  0.80632734 0.8051584  0.80707586 0.8030269
 0.8092749  0.802829   0.8075912  0.8001123  0.8139838  0.8027005
 0.80361605 0.80457574 0.80722266 0.8056583  0.8072634  0.80728596
 0.8056222  0.80113703 0.8040513  0.804257   0.8066129  0.806297
 0.8071593  0.8087695  0.8082037  0.8036826  0.80285263 0.8083483
 0.8070828  0.8029815  0.8057241  0.8071786  0.80946547 0.80562174
 0.805875   0.80910623 0.8038292  0.80474687 0.8104794  0.8065179
 0.8057691  0.8046324  0.80502653 0.8104732  0.8097635  0.8040181
 0.8062306  0.808889   0.80539256 0.80446196 0.8043729  0.8106509
 0.8091205  0.8040637  0.8045691  0.8061711  0.800622   0.8040893
 0.8070997  0.80292314 0.8127382  0.8086206  0.8027608  0.80078906
 0.8057735  0.8063052  0.80991364 0.80428046 0.8062827  0.80467063
 0.80103564 0.8046636  0.80379075 0.805773   0.8090266  0.8118035
 0.8046223  0.8024577  0.8079219  0.8046449  0.79968494 0.80644625
 0.8033164  0.8079335  0.8039899  0.8033932  0.8078837  0.8075792
 0.7988497  0.8020041  0.8071287  0.8009048  0.80665255 0.81126636
 0.8091372  0.8023144  0.81010205 0.80797863 0.80048275 0.80141634
 0.80402523 0.80005443 0.80576444 0.8055674  0.8138582  0.8034379
 0.80511844 0.80139405 0.8083169  0.80639666 0.80731004 0.80471766
 0.8040685  0.808472   0.8086655  0.8093119  0.807249   0.8032676
 0.806422   0.80970234 0.80434966 0.8079839  0.8014883  0.80106467
 0.8116923  0.8083665  0.8139497  0.80548924 0.80479646 0.8062301
 0.80089474 0.8041231 ]
[nltk_data] Downloading package wordnet to /mnt/iusers01/fse-
[nltk_data]     ugpgt01/compsci01/q12628ct/nltk_data...
[nltk_data]   Package wordnet is already up-to-date!
[nltk_data] Downloading package punkt_tab to /mnt/iusers01/fse-
[nltk_data]     ugpgt01/compsci01/q12628ct/nltk_data...
[nltk_data]   Package punkt_tab is already up-to-date!
[nltk_data] Downloading package omw-1.4 to /mnt/iusers01/fse-
[nltk_data]     ugpgt01/compsci01/q12628ct/nltk_data...
[nltk_data]   Package omw-1.4 is already up-to-date!
/mnt/iusers01/fse-ugpgt01/compsci01/q12628ct/.conda/envs/semantic-decoding/lib/python3.10/site-packages/huggingface_hub/file_download.py:945: FutureWarning: `resume_download` is deprecated and will be removed in version 1.0.0. Downloads always resume when possible. If you want to force a new download, use `force_download=True`.
  warnings.warn(
Some weights of the model checkpoint at roberta-large were not used when initializing RobertaModel: ['lm_head.dense.weight', 'lm_head.dense.bias', 'lm_head.layer_norm.weight', 'lm_head.bias', 'lm_head.layer_norm.bias']
- This IS expected if you are initializing RobertaModel from the checkpoint of a model trained on another task or with another architecture (e.g. initializing a BertForSequenceClassification model from a BertForPreTraining model).
- This IS NOT expected if you are initializing RobertaModel from the checkpoint of a model that you expect to be exactly identical (initializing a BertForSequenceClassification model from a BertForSequenceClassification model).
Some weights of RobertaModel were not initialized from the model checkpoint at roberta-large and are newly initialized: ['roberta.pooler.dense.weight', 'roberta.pooler.dense.bias']
You should probably TRAIN this model on a down-stream task to be able to use it for predictions and inference.
bravo_repeat-2
WER
[-0.04505654 -0.0481044  -0.04611939 -0.04517111 -0.04876079 -0.03557892
 -0.05409643 -0.04249744 -0.03726149 -0.0412934  -0.04488635 -0.04752293
 -0.04120737 -0.02772778 -0.04091068 -0.02131462 -0.03076456 -0.03854826
 -0.02088665 -0.04430727 -0.04028639 -0.04036159 -0.03022485 -0.02459656
 -0.04449693 -0.04332037 -0.03924536 -0.02899418 -0.0356116  -0.03600935
 -0.0380832  -0.03362784 -0.04875797 -0.02179914 -0.03947806 -0.03244961
 -0.02850755 -0.03585908 -0.03508646 -0.01683245 -0.03120748 -0.02821709
 -0.04470422 -0.04179545 -0.04129359 -0.03641663 -0.04159619 -0.03780384
 -0.05006923 -0.0224674  -0.02855776 -0.03538422 -0.02944573 -0.02809625
 -0.03405623 -0.03666091 -0.06313521 -0.03233589 -0.04306072 -0.03207819
 -0.05124873 -0.04183034 -0.0250548  -0.04406427 -0.0530159  -0.02821194
 -0.04105237 -0.03956277 -0.05225667 -0.02618022 -0.04463199 -0.05033745
 -0.03541943 -0.03066167 -0.04313661 -0.03313349 -0.04395087 -0.02667081
 -0.03816311 -0.03427068 -0.04898488 -0.05066278 -0.01542679 -0.04505327
 -0.05395128 -0.03781114 -0.01135373 -0.04590214 -0.03909481 -0.02892311
 -0.0401916  -0.04100861 -0.04317106 -0.02058182 -0.02504442 -0.03514765
 -0.0493297  -0.04643928 -0.03676913 -0.03208515 -0.04189681 -0.05642185
 -0.0510324  -0.04302555 -0.04902828 -0.04112853 -0.04512056 -0.0415288
 -0.04758529 -0.04246519 -0.05241499 -0.0489997  -0.03864386 -0.04661615
 -0.04865775 -0.04447982 -0.05024053 -0.03964997 -0.03800743 -0.03960583
 -0.05048842 -0.03625433 -0.02682613 -0.03293262 -0.05857887 -0.02302176
 -0.0345102  -0.03817738 -0.02090246 -0.03023398 -0.03203985 -0.0391188
 -0.02519751 -0.0418619  -0.01528727 -0.02760584 -0.04002115 -0.02572409
 -0.05580071 -0.03364161 -0.04194889 -0.04477764 -0.04167159 -0.04769429
 -0.0291642  -0.03455005 -0.03228143 -0.04463708 -0.04457685 -0.0454143
 -0.05279848 -0.05093349 -0.02243691 -0.01975917 -0.04291746 -0.02801321
 -0.04815133 -0.02925884 -0.03361549 -0.03479438 -0.05326583 -0.03447105
 -0.02711708 -0.04242534 -0.05127574 -0.05133895 -0.03562987 -0.05434042
 -0.03057763 -0.03949095 -0.05142207 -0.03919415 -0.03911101 -0.04738228
 -0.03004744 -0.04814824 -0.01111262 -0.04891541 -0.04884492 -0.04906862
 -0.04510804 -0.04277419 -0.04781741 -0.04391794 -0.04229563 -0.04612916
 -0.03982501 -0.05333598 -0.03066895 -0.04698713 -0.07060193 -0.03590148
 -0.04542845 -0.02135068 -0.03187026 -0.03371345 -0.02466356 -0.02193567
 -0.03810204 -0.04691769]
bravo_repeat-2
BLEU
[0.2336158  0.2418787  0.2160158  0.23163944 0.18007424 0.23081948
 0.21783308 0.22080685 0.14266175 0.14195856 0.20880801 0.18375004
 0.22858527 0.23344353 0.23226724 0.21243633 0.19400429 0.21598692
 0.23262803 0.21325891 0.22914802 0.1921888  0.24255584 0.21284519
 0.22612008 0.23278205 0.22302585 0.16767914 0.20709491 0.22579382
 0.22641058 0.24101192 0.17839488 0.2221392  0.20956243 0.25644682
 0.26374126 0.2292779  0.22116058 0.21635573 0.20758317 0.20355102
 0.232711   0.21036807 0.25603496 0.18837834 0.26084753 0.20697128
 0.15719545 0.25674995 0.23042474 0.20839831 0.24178561 0.25381446
 0.2421713  0.17693891 0.18529091 0.25838798 0.22602853 0.24977639
 0.19800387 0.24993496 0.29793816 0.19287322 0.21383051 0.25375654
 0.25679385 0.19417742 0.16501605 0.23841914 0.20593234 0.2087394
 0.21313631 0.25536604 0.2620253  0.21387394 0.24013215 0.22263338
 0.17343196 0.24818207 0.19728202 0.19740373 0.20543614 0.19183547
 0.20995493 0.20154262 0.25153791 0.2529679  0.19698109 0.22651423
 0.21669144 0.24278083 0.23603163 0.19605408 0.24857078 0.18844145
 0.1747668  0.15902444 0.22718692 0.22773782 0.21377344 0.17489129
 0.13277792 0.17279095 0.18520225 0.15316066 0.17805959 0.22259245
 0.20165163 0.20626171 0.218071   0.20126414 0.21695553 0.22132776
 0.19631364 0.18326139 0.2064649  0.24564156 0.17135594 0.25707309
 0.21006319 0.22297496 0.19270006 0.21061629 0.19724974 0.24793087
 0.21273137 0.20015248 0.23653497 0.19347512 0.22262588 0.2080813
 0.19746362 0.19823279 0.22075764 0.18923754 0.25642621 0.25858048
 0.1540763  0.2446996  0.17878406 0.22186293 0.23809528 0.17918746
 0.26535497 0.26308966 0.24258314 0.23733929 0.21776022 0.25282971
 0.1998448  0.19323038 0.24008583 0.23761024 0.21596099 0.20978385
 0.19338214 0.23060747 0.23481068 0.22274737 0.15814068 0.24655902
 0.22761769 0.23525325 0.24008647 0.24291355 0.26398199 0.17649415
 0.19223541 0.23731615 0.18303912 0.26005321 0.20742012 0.2360165
 0.2006383  0.25093261 0.22796695 0.1704593  0.18533805 0.13043191
 0.24546719 0.21744524 0.17927799 0.20648971 0.20068875 0.20859537
 0.22076781 0.19502719 0.24025872 0.21086692 0.10685654 0.20201402
 0.20357079 0.22318957 0.22851761 0.22756868 0.25078697 0.25787312
 0.18529215 0.23410278]
bravo_repeat-2
METEOR
[0.16027836 0.1668699  0.14274878 0.1568881  0.1389943  0.14335118
 0.1675509  0.14538741 0.09890521 0.10869164 0.15886789 0.12351772
 0.16365328 0.15626357 0.15897521 0.13307627 0.13135155 0.15261508
 0.16548654 0.14596886 0.14849572 0.12961054 0.16516685 0.15454197
 0.14888542 0.16001975 0.15115599 0.11732386 0.14184853 0.14171516
 0.14939753 0.16002464 0.11872517 0.15323009 0.13454496 0.16845548
 0.17724204 0.15507897 0.14454514 0.14371352 0.13211037 0.14487364
 0.15722869 0.13692963 0.17677121 0.14424204 0.15836527 0.14578376
 0.10331643 0.18048786 0.15158156 0.13424463 0.16421445 0.17150539
 0.1498465  0.1555284  0.12534998 0.19500043 0.13554663 0.14787272
 0.13037952 0.16904422 0.19232399 0.12600597 0.13847528 0.17395212
 0.1776195  0.13116709 0.11387077 0.17602094 0.14250366 0.14607249
 0.15390075 0.17401309 0.17362637 0.15436493 0.15877458 0.14567574
 0.13799441 0.17159222 0.14855934 0.13936207 0.14085121 0.11459007
 0.14156611 0.12530658 0.15629989 0.16023963 0.12406729 0.15329753
 0.15182326 0.15638658 0.14855655 0.14048169 0.16528387 0.14938677
 0.12234381 0.11449674 0.15013849 0.14966775 0.16294633 0.11917333
 0.10043444 0.12067072 0.12193658 0.1429207  0.1311043  0.15517761
 0.16294145 0.13551682 0.14929772 0.14687181 0.13332147 0.1404372
 0.12379013 0.12507273 0.15000081 0.17526597 0.11022503 0.16376244
 0.14883214 0.16886975 0.13176484 0.138129   0.13413061 0.16082309
 0.13824647 0.13976799 0.15324928 0.13085992 0.14909657 0.13898642
 0.12583551 0.14211955 0.13959242 0.12943415 0.15643658 0.17422027
 0.1045044  0.1584796  0.1370846  0.16398965 0.17203964 0.12017581
 0.1838647  0.16803401 0.15722255 0.15221301 0.13888066 0.18907689
 0.12784379 0.1310718  0.17303656 0.16686828 0.13643722 0.14720148
 0.14977995 0.16109279 0.17074045 0.1553493  0.11287679 0.16077049
 0.15401251 0.14888086 0.16175457 0.15872474 0.1732111  0.12930474
 0.12717948 0.16276258 0.12766899 0.17960526 0.13885795 0.16815391
 0.12108737 0.17274282 0.15306765 0.11965289 0.13341873 0.10778873
 0.16378606 0.14943895 0.13408493 0.13386649 0.14491661 0.12968646
 0.15630549 0.13101828 0.16266459 0.14520051 0.08323522 0.16186038
 0.14005035 0.14820093 0.16157466 0.17052156 0.15603327 0.17988327
 0.12480393 0.14597758]
bravo_repeat-2
BERT
[0.8093975  0.8088034  0.80607724 0.810042   0.8020242  0.8060835
 0.8005401  0.80214524 0.80359256 0.7988641  0.80418897 0.8022947
 0.8078638  0.80432564 0.8071319  0.7984025  0.80249834 0.8044268
 0.80509055 0.81181234 0.8093481  0.8023874  0.80404335 0.8051464
 0.80441684 0.8111564  0.8052517  0.8006847  0.8062247  0.80494356
 0.81155914 0.8095288  0.8085772  0.80250615 0.801583   0.8052531
 0.8074046  0.8022542  0.8039584  0.80697364 0.8012919  0.8054362
 0.803742   0.805338   0.8121754  0.808368   0.80342484 0.80958277
 0.7971445  0.80642915 0.80272555 0.80572945 0.8095282  0.80637145
 0.8016714  0.80798554 0.8025675  0.80831796 0.809017   0.80356336
 0.8045098  0.80793864 0.8118154  0.8080846  0.79937345 0.8078232
 0.8069962  0.809257   0.8045059  0.80502766 0.8056918  0.80473477
 0.8086732  0.80611026 0.8089057  0.803159   0.8039737  0.8063056
 0.807115   0.8065015  0.80256635 0.8060334  0.8108509  0.80348605
 0.8089664  0.80122685 0.8047836  0.80708545 0.802904   0.8038106
 0.80578315 0.80554366 0.81048405 0.80329996 0.811741   0.8031376
 0.80478585 0.7984621  0.8134518  0.802497   0.8082234  0.8007915
 0.8034508  0.79946053 0.80412775 0.8048928  0.8028171  0.8054206
 0.8057652  0.80645406 0.8040368  0.8073387  0.79808426 0.81024796
 0.805107   0.80610275 0.80547947 0.8088181  0.8050753  0.8059712
 0.8075383  0.80553436 0.8076656  0.80431205 0.8075787  0.8060152
 0.8083498  0.809394   0.8052825  0.7990461  0.8047217  0.80484444
 0.80572754 0.8067785  0.8040236  0.80069304 0.810925   0.80440503
 0.8030762  0.80762213 0.803947   0.80370283 0.8089289  0.80273604
 0.806013   0.80551827 0.80790013 0.8039473  0.8042384  0.80746007
 0.8016019  0.8008521  0.8134396  0.80527365 0.80668706 0.80080086
 0.8050391  0.80612916 0.81039196 0.80194175 0.8037596  0.8094214
 0.8035686  0.80126774 0.80328566 0.8066046  0.80804497 0.79976004
 0.8052545  0.80399966 0.80023587 0.8074446  0.80277985 0.80415523
 0.80190146 0.803795   0.8064353  0.8020174  0.80443203 0.8015998
 0.80742395 0.80298203 0.80089027 0.8083861  0.79995906 0.80477405
 0.810353   0.8045838  0.8087301  0.8018804  0.8008891  0.8084004
 0.8069216  0.803185   0.80944544 0.80553055 0.80781287 0.7987059
 0.7995196  0.80525917]
[nltk_data] Downloading package wordnet to /mnt/iusers01/fse-
[nltk_data]     ugpgt01/compsci01/q12628ct/nltk_data...
[nltk_data]   Package wordnet is already up-to-date!
[nltk_data] Downloading package punkt_tab to /mnt/iusers01/fse-
[nltk_data]     ugpgt01/compsci01/q12628ct/nltk_data...
[nltk_data]   Package punkt_tab is already up-to-date!
[nltk_data] Downloading package omw-1.4 to /mnt/iusers01/fse-
[nltk_data]     ugpgt01/compsci01/q12628ct/nltk_data...
[nltk_data]   Package omw-1.4 is already up-to-date!
/mnt/iusers01/fse-ugpgt01/compsci01/q12628ct/.conda/envs/semantic-decoding/lib/python3.10/site-packages/huggingface_hub/file_download.py:945: FutureWarning: `resume_download` is deprecated and will be removed in version 1.0.0. Downloads always resume when possible. If you want to force a new download, use `force_download=True`.
  warnings.warn(
Some weights of the model checkpoint at roberta-large were not used when initializing RobertaModel: ['lm_head.layer_norm.weight', 'lm_head.layer_norm.bias', 'lm_head.bias', 'lm_head.dense.weight', 'lm_head.dense.bias']
- This IS expected if you are initializing RobertaModel from the checkpoint of a model trained on another task or with another architecture (e.g. initializing a BertForSequenceClassification model from a BertForPreTraining model).
- This IS NOT expected if you are initializing RobertaModel from the checkpoint of a model that you expect to be exactly identical (initializing a BertForSequenceClassification model from a BertForSequenceClassification model).
Some weights of RobertaModel were not initialized from the model checkpoint at roberta-large and are newly initialized: ['roberta.pooler.dense.bias', 'roberta.pooler.dense.weight']
You should probably TRAIN this model on a down-stream task to be able to use it for predictions and inference.
charlie_repeat-1
WER
[-0.08046786 -0.10667576 -0.05873158 -0.09020014 -0.09476775 -0.08057671
 -0.09570658 -0.08865036 -0.0833556  -0.08880426 -0.08702232 -0.07401632
 -0.07809645 -0.0913827  -0.08402957 -0.09555581 -0.10562909 -0.09123154
 -0.09291538 -0.08407984 -0.07229169 -0.07563934 -0.08785235 -0.11009595
 -0.08745181 -0.10747332 -0.09108346 -0.09137009 -0.08682403 -0.07709885
 -0.09702495 -0.08987877 -0.08669519 -0.0935042  -0.08063373 -0.09126033
 -0.09234831 -0.09167925 -0.08354349 -0.06294201 -0.07955759 -0.08490154
 -0.10044091 -0.08624666 -0.09191294 -0.09785436 -0.08177638 -0.07415797
 -0.08282565 -0.09390042 -0.10684353 -0.08361477 -0.09523907 -0.09880865
 -0.1006786  -0.08888751 -0.07598871 -0.08087682 -0.08014069 -0.09939269
 -0.09244948 -0.0962749  -0.09357064 -0.07612068 -0.08343009 -0.0914588
 -0.06952946 -0.09303417 -0.08943934 -0.10192888 -0.07655592 -0.09696756
 -0.08776588 -0.09250123 -0.06771448 -0.08935754 -0.08235494 -0.10280889
 -0.09397617 -0.06979911 -0.08934309 -0.0695897  -0.09484003 -0.09267707
 -0.09502674 -0.08961119 -0.09615732 -0.08846501 -0.06552982 -0.09886785
 -0.09701851 -0.09385787 -0.07291788 -0.07491911 -0.09783059 -0.09334588
 -0.1055288  -0.08525963 -0.10092272 -0.08145899 -0.10218792 -0.10252907
 -0.08377259 -0.076042   -0.08315783 -0.08124249 -0.09534463 -0.08476553
 -0.08580874 -0.08238688 -0.08388148 -0.10260411 -0.10055032 -0.08128499
 -0.09646665 -0.09472467 -0.0772832  -0.09952549 -0.09138349 -0.10411874
 -0.09536465 -0.09990542 -0.09122388 -0.09520529 -0.09044253 -0.08645453
 -0.09260517 -0.08503836 -0.09759895 -0.09550442 -0.09348788 -0.08211988
 -0.10813801 -0.07204892 -0.10126647 -0.07648294 -0.09890966 -0.09659723
 -0.09819867 -0.09966655 -0.10415519 -0.07493286 -0.09462011 -0.08926667
 -0.09189345 -0.1001726  -0.07377445 -0.10289578 -0.1035067  -0.08983568
 -0.07602257 -0.09252655 -0.08635343 -0.08664364 -0.09417889 -0.09289649
 -0.08169235 -0.09212936 -0.09186452 -0.06029478 -0.10338349 -0.09457453
 -0.096934   -0.09532549 -0.08346506 -0.09046826 -0.09347989 -0.08857967
 -0.096246   -0.08398081 -0.07276567 -0.09532168 -0.09543971 -0.07151534
 -0.09135661 -0.10745362 -0.10252174 -0.07610953 -0.09210165 -0.08472827
 -0.07858244 -0.10636143 -0.07608752 -0.09518413 -0.08864909 -0.0836578
 -0.08389417 -0.0709273  -0.09558723 -0.09748312 -0.07742645 -0.09738502
 -0.10578335 -0.10536944 -0.09864444 -0.08154287 -0.09689093 -0.1004042
 -0.07901312 -0.09239143]
charlie_repeat-1
BLEU
[0.19777061 0.17853583 0.21985083 0.19502276 0.20918782 0.20804519
 0.18784802 0.12964992 0.17451622 0.18391568 0.20143251 0.19482984
 0.15677355 0.2214535  0.15756538 0.17724984 0.15268545 0.19302447
 0.20250278 0.18619335 0.22688749 0.19328057 0.21410507 0.12864199
 0.18868718 0.15995117 0.19628734 0.19648751 0.19918143 0.15872662
 0.16755313 0.194168   0.17680334 0.20616433 0.1851631  0.21313172
 0.19855211 0.172753   0.18129338 0.22278599 0.18121593 0.21272065
 0.15691245 0.18744911 0.17452919 0.19110231 0.1912443  0.19163517
 0.19788867 0.20547503 0.17187701 0.22425083 0.19204842 0.19794187
 0.20233392 0.18526387 0.22820797 0.22049624 0.17836393 0.17739228
 0.19192414 0.18693571 0.15701354 0.19004129 0.19797401 0.19150702
 0.21813421 0.17108777 0.18848909 0.20171219 0.22583179 0.14876518
 0.18310279 0.16763636 0.20896143 0.20115582 0.2249998  0.14416674
 0.20386452 0.21441486 0.2077267  0.2044551  0.19118531 0.15624373
 0.21240109 0.21761549 0.1915848  0.16622587 0.20846528 0.18554171
 0.16570824 0.14717727 0.23120273 0.22496334 0.17496602 0.19093607
 0.16459707 0.1968003  0.18455423 0.19313966 0.19354291 0.20534256
 0.20515397 0.21477135 0.1851015  0.21673312 0.17812895 0.20784446
 0.20405728 0.20314981 0.19407409 0.17689961 0.17794982 0.19000788
 0.15987964 0.1913469  0.19045775 0.19758448 0.15239271 0.16035882
 0.17780949 0.17255032 0.1793834  0.2058806  0.15684028 0.18276511
 0.19370826 0.18787606 0.19702421 0.19933568 0.17357031 0.19763192
 0.15751138 0.23971636 0.19895336 0.18795551 0.18824368 0.1605346
 0.17425462 0.18371921 0.15083739 0.18723651 0.17122864 0.16732607
 0.18730572 0.16352218 0.17118757 0.1568118  0.17279381 0.16981993
 0.20386043 0.18736314 0.17762324 0.16814385 0.18944094 0.19200383
 0.16983579 0.19799638 0.15141565 0.19442292 0.18768958 0.18204992
 0.17879121 0.16861057 0.18320619 0.22164915 0.17477941 0.2171877
 0.17487821 0.19850345 0.18844855 0.18038487 0.16284252 0.19197069
 0.20208918 0.13477459 0.14820699 0.18685002 0.1617467  0.16958039
 0.20835609 0.16444627 0.20635255 0.19147352 0.21288415 0.24235612
 0.19238406 0.19680925 0.20744808 0.19211564 0.17573594 0.21009141
 0.19487817 0.16876182 0.17995289 0.21865065 0.18756641 0.19641193
 0.19138621 0.19998794]
charlie_repeat-1
METEOR
[0.16470052 0.15151849 0.1757334  0.17129564 0.168022   0.18490697
 0.14383881 0.12601868 0.15389531 0.15799281 0.16287759 0.14511855
 0.14637595 0.18455983 0.12087075 0.12901459 0.12254288 0.16710058
 0.12862692 0.15552932 0.17858964 0.16423388 0.16860898 0.11136644
 0.14740886 0.13295231 0.1379892  0.16115371 0.15156502 0.15703838
 0.14806163 0.13724138 0.15694509 0.15497185 0.1663881  0.14988333
 0.14066921 0.14124035 0.12711777 0.18429025 0.16376215 0.16300111
 0.1322492  0.13946813 0.14075836 0.14941014 0.14832497 0.15219688
 0.15845209 0.14803795 0.14855689 0.16921403 0.14023224 0.14380445
 0.16153064 0.13739936 0.15606143 0.16532725 0.13056088 0.12557045
 0.15298751 0.13708535 0.11928079 0.14465624 0.13588005 0.15653837
 0.15673939 0.13078993 0.14875685 0.15299293 0.17104628 0.11904774
 0.14969985 0.13749161 0.19202384 0.16566197 0.1679962  0.12962795
 0.14600453 0.15832206 0.16871911 0.17386008 0.13112941 0.13104663
 0.15002475 0.14545485 0.17840195 0.1536104  0.1397912  0.15601513
 0.13075616 0.11077859 0.15743108 0.20451851 0.13762466 0.14156548
 0.1522512  0.14388298 0.15091808 0.16708787 0.15044232 0.15543125
 0.13909509 0.17527456 0.15947542 0.17304731 0.12110811 0.16572575
 0.14959846 0.16727781 0.12324637 0.14016613 0.13298718 0.15458838
 0.13094468 0.15928378 0.15850645 0.15965895 0.12096222 0.13383226
 0.13244696 0.1403464  0.1456474  0.15544894 0.13928251 0.13461505
 0.1410245  0.1312593  0.14050787 0.15598466 0.14255244 0.14745205
 0.13237611 0.17461876 0.15417292 0.13735078 0.14826283 0.12259288
 0.12560241 0.13753307 0.13638616 0.14958053 0.158251   0.13555228
 0.16341173 0.12131561 0.14170154 0.13039884 0.13735718 0.11784449
 0.1385303  0.14514286 0.14928831 0.13393293 0.14356808 0.15510618
 0.13135493 0.15615269 0.12033169 0.14086043 0.16541603 0.14315099
 0.159527   0.13529997 0.13006778 0.17073777 0.11552129 0.1664109
 0.1317607  0.13259312 0.14730314 0.13004679 0.13605277 0.16158472
 0.14741543 0.12710025 0.1050345  0.14377875 0.1419089  0.14240529
 0.1626454  0.12484053 0.16140274 0.14933808 0.16116363 0.16979492
 0.16502076 0.15123663 0.17708603 0.15578219 0.14585048 0.17273334
 0.1504805  0.1450215  0.13462609 0.15334934 0.15715446 0.157079
 0.16267843 0.1511915 ]
charlie_repeat-1
BERT
[0.7891803  0.78422743 0.7877597  0.783326   0.7855732  0.78235275
 0.7835239  0.78195834 0.78022695 0.78321147 0.7877721  0.7877993
 0.78369385 0.78723025 0.7789184  0.7843253  0.78242654 0.7935309
 0.7833567  0.7876275  0.7821264  0.78903943 0.78597707 0.77777827
 0.78114414 0.7839719  0.7871359  0.78533924 0.7825241  0.7798221
 0.78336006 0.78663236 0.7874852  0.785971   0.78655404 0.78392696
 0.7881302  0.7823394  0.7845962  0.79186994 0.78103566 0.7884215
 0.78087115 0.7856527  0.7897137  0.78405964 0.7868425  0.78733754
 0.79001087 0.78799087 0.7842074  0.7873847  0.78519654 0.7839429
 0.78288215 0.78081    0.7885608  0.7796563  0.7811835  0.7857651
 0.78925806 0.7826162  0.7832238  0.7827031  0.7833255  0.78420246
 0.7835133  0.7861504  0.7848053  0.78267276 0.78313375 0.7809611
 0.7818545  0.78311956 0.7818179  0.7844873  0.7895583  0.7837951
 0.7858835  0.7809735  0.7883543  0.78848934 0.7828061  0.77952313
 0.78443545 0.786064   0.7882545  0.7873369  0.7896317  0.7887477
 0.7810289  0.7809515  0.7885985  0.7951383  0.7827041  0.782043
 0.785985   0.78416604 0.78696823 0.7854674  0.7820207  0.785812
 0.7896413  0.78623945 0.78238016 0.78249174 0.78291005 0.7832166
 0.78776306 0.7883739  0.788867   0.7897496  0.78584254 0.7837504
 0.7827495  0.78068215 0.78685045 0.7861164  0.7801507  0.7807194
 0.7838708  0.78191197 0.78194696 0.7822158  0.79013574 0.77936906
 0.7851877  0.7914457  0.7804316  0.7844754  0.78222007 0.7821191
 0.7879541  0.79091877 0.782886   0.7845937  0.7895924  0.78424656
 0.78432584 0.78380287 0.7890897  0.78207386 0.78837705 0.78130007
 0.78364015 0.78293115 0.78620696 0.78139347 0.7814386  0.7885707
 0.78421515 0.783186   0.7907927  0.79073703 0.7883752  0.785884
 0.7809299  0.784471   0.7799727  0.7837142  0.7806668  0.783814
 0.7815894  0.78362703 0.7832799  0.79271615 0.78011596 0.785236
 0.78366184 0.7838838  0.7852181  0.77966046 0.7818899  0.78387463
 0.78902787 0.78246856 0.7852007  0.7821058  0.7856145  0.7792345
 0.7875046  0.78536874 0.785557   0.7830613  0.7842523  0.7881068
 0.7881871  0.780442   0.78699446 0.78717405 0.7863519  0.7816502
 0.78605556 0.78433955 0.7855054  0.79379123 0.78318423 0.7843334
 0.7856495  0.78493536]
[nltk_data] Downloading package wordnet to /mnt/iusers01/fse-
[nltk_data]     ugpgt01/compsci01/q12628ct/nltk_data...
[nltk_data]   Package wordnet is already up-to-date!
[nltk_data] Downloading package punkt_tab to /mnt/iusers01/fse-
[nltk_data]     ugpgt01/compsci01/q12628ct/nltk_data...
[nltk_data]   Package punkt_tab is already up-to-date!
[nltk_data] Downloading package omw-1.4 to /mnt/iusers01/fse-
[nltk_data]     ugpgt01/compsci01/q12628ct/nltk_data...
[nltk_data]   Package omw-1.4 is already up-to-date!
/mnt/iusers01/fse-ugpgt01/compsci01/q12628ct/.conda/envs/semantic-decoding/lib/python3.10/site-packages/huggingface_hub/file_download.py:945: FutureWarning: `resume_download` is deprecated and will be removed in version 1.0.0. Downloads always resume when possible. If you want to force a new download, use `force_download=True`.
  warnings.warn(
Some weights of the model checkpoint at roberta-large were not used when initializing RobertaModel: ['lm_head.dense.weight', 'lm_head.layer_norm.bias', 'lm_head.layer_norm.weight', 'lm_head.bias', 'lm_head.dense.bias']
- This IS expected if you are initializing RobertaModel from the checkpoint of a model trained on another task or with another architecture (e.g. initializing a BertForSequenceClassification model from a BertForPreTraining model).
- This IS NOT expected if you are initializing RobertaModel from the checkpoint of a model that you expect to be exactly identical (initializing a BertForSequenceClassification model from a BertForSequenceClassification model).
Some weights of RobertaModel were not initialized from the model checkpoint at roberta-large and are newly initialized: ['roberta.pooler.dense.weight', 'roberta.pooler.dense.bias']
You should probably TRAIN this model on a down-stream task to be able to use it for predictions and inference.
charlie_repeat-2
WER
[-0.13977883 -0.09450881 -0.12771388 -0.12890607 -0.12479789 -0.14116727
 -0.11365459 -0.12341112 -0.12660145 -0.12263741 -0.10688717 -0.11636165
 -0.11020153 -0.11361489 -0.14093281 -0.10497416 -0.09424869 -0.14789161
 -0.1165558  -0.12548644 -0.13073461 -0.1289966  -0.12862509 -0.14936413
 -0.13857844 -0.12816416 -0.13828372 -0.12644926 -0.11932699 -0.1283723
 -0.12555466 -0.12393093 -0.12923954 -0.13758385 -0.12578931 -0.1332219
 -0.11891664 -0.11612882 -0.13366944 -0.13069692 -0.13068535 -0.12004464
 -0.12310747 -0.13786153 -0.12736759 -0.13411815 -0.1275309  -0.14037915
 -0.14247361 -0.14478773 -0.12176686 -0.11768534 -0.11766644 -0.12389401
 -0.13120305 -0.14062479 -0.13693457 -0.11376537 -0.10970164 -0.12108414
 -0.12883235 -0.15678179 -0.12970584 -0.13011914 -0.10944702 -0.12365244
 -0.11755108 -0.10880354 -0.12281152 -0.12971264 -0.12314074 -0.14332665
 -0.14302256 -0.12254539 -0.13544417 -0.13909271 -0.10327688 -0.12390232
 -0.11231588 -0.12968618 -0.12677855 -0.12404122 -0.13286615 -0.1119424
 -0.11658459 -0.13445812 -0.14089839 -0.12570509 -0.12066325 -0.12135688
 -0.12223837 -0.12658152 -0.13317733 -0.11448555 -0.15222228 -0.11523306
 -0.1421041  -0.14884547 -0.11698875 -0.1487717  -0.13121964 -0.1141738
 -0.1243169  -0.10336784 -0.12664029 -0.13554268 -0.13048128 -0.12677058
 -0.13523586 -0.14148837 -0.13323874 -0.1236494  -0.11754849 -0.12389291
 -0.1222883  -0.13389788 -0.1277176  -0.11458273 -0.1316129  -0.1191212
 -0.121997   -0.11592917 -0.13657535 -0.12079401 -0.11231022 -0.13266312
 -0.14494093 -0.15542182 -0.1173281  -0.12205077 -0.13430591 -0.1259122
 -0.10853037 -0.11708205 -0.14259891 -0.12809416 -0.12365804 -0.12904659
 -0.13724721 -0.12852385 -0.1325916  -0.1030731  -0.12737419 -0.11858979
 -0.13941779 -0.14265474 -0.14297794 -0.12230061 -0.11800232 -0.12795171
 -0.12948301 -0.12807793 -0.12457369 -0.12266113 -0.13399901 -0.12843679
 -0.09094969 -0.11245326 -0.12414217 -0.12712677 -0.11371291 -0.10180423
 -0.11649197 -0.13874425 -0.13788126 -0.13667558 -0.12283332 -0.14174217
 -0.14087083 -0.12664081 -0.13014085 -0.13082003 -0.12544367 -0.12406528
 -0.1293764  -0.11789027 -0.14435311 -0.13113501 -0.13277894 -0.12038932
 -0.15587956 -0.12776188 -0.14632735 -0.1271628  -0.10500738 -0.11869293
 -0.13694123 -0.12128771 -0.11249451 -0.12305357 -0.13985473 -0.12948336
 -0.12555355 -0.13085007 -0.12635993 -0.1217217  -0.1269208  -0.12376827
 -0.13262323 -0.13794412]
charlie_repeat-2
BLEU
[0.16117267 0.21071578 0.20741552 0.16194996 0.20637521 0.1249876
 0.19285946 0.19886516 0.18849406 0.17563908 0.18830342 0.20813787
 0.19181815 0.20465663 0.15358665 0.18638185 0.22687579 0.17008799
 0.20338488 0.2080363  0.16350405 0.20421898 0.17340556 0.17162666
 0.178269   0.17464599 0.19212277 0.17102446 0.20552682 0.19158225
 0.20446942 0.17958383 0.1928567  0.18307161 0.20419877 0.19558822
 0.18429665 0.20280412 0.15943414 0.19617191 0.18862932 0.21793332
 0.16837256 0.16639726 0.20285934 0.12811166 0.14816602 0.15096857
 0.16331582 0.16805152 0.17555907 0.1877414  0.17975278 0.19960104
 0.14954097 0.19651937 0.16983883 0.20561716 0.16800646 0.19992887
 0.21247859 0.17224137 0.1941542  0.19172536 0.23824991 0.18707021
 0.21176488 0.22005788 0.18911541 0.19468323 0.18771624 0.19339234
 0.14938048 0.19195934 0.16111096 0.16687349 0.18966744 0.19951534
 0.20445691 0.1947948  0.16743529 0.19714891 0.16547426 0.20052047
 0.20063015 0.19713718 0.168103   0.20591699 0.21533115 0.2027708
 0.23175583 0.17757411 0.21494639 0.21916149 0.19291183 0.19197009
 0.18792632 0.15790098 0.21287921 0.19349089 0.19107865 0.18330809
 0.18735723 0.20361907 0.20400369 0.15334285 0.16486034 0.16069893
 0.17673074 0.16350196 0.14466138 0.17489623 0.23969136 0.18021558
 0.20537931 0.20022663 0.19685028 0.19700132 0.18419076 0.16943133
 0.20781555 0.20584093 0.16844121 0.17074686 0.19626887 0.19673826
 0.16420654 0.16162446 0.17779564 0.16843134 0.20081915 0.19212313
 0.18543458 0.18648092 0.17200386 0.20488588 0.19996676 0.1700247
 0.17587887 0.20389009 0.20036065 0.22180567 0.20448163 0.1762776
 0.18249285 0.17234371 0.15524122 0.19684009 0.19252902 0.19853607
 0.20692892 0.17999799 0.17203088 0.19748303 0.19962146 0.16773818
 0.23867593 0.21931672 0.20541547 0.16928266 0.19292587 0.23477106
 0.22989526 0.14795022 0.18900987 0.17359371 0.19270866 0.15715841
 0.15018693 0.18010911 0.18036065 0.19798252 0.21041075 0.15655745
 0.20201352 0.20190255 0.15935326 0.16798056 0.19974233 0.23061319
 0.15110422 0.21590867 0.13836961 0.17807586 0.23650385 0.20054023
 0.17663924 0.1621729  0.22874697 0.19355151 0.17947518 0.17720332
 0.20369205 0.19923827 0.1528197  0.17833046 0.19003814 0.22346588
 0.16157544 0.14759566]
charlie_repeat-2
METEOR
[0.12870159 0.18456726 0.17082352 0.14770004 0.16611171 0.11729212
 0.16390185 0.16842709 0.16234782 0.15276064 0.14584904 0.16750034
 0.15621911 0.15873096 0.12679913 0.14531508 0.17074494 0.1109401
 0.17733173 0.17525882 0.15073784 0.16723761 0.13269444 0.12808983
 0.13766213 0.13917514 0.14158937 0.15229856 0.16049969 0.14847385
 0.16546306 0.12306266 0.15851361 0.15051745 0.15626019 0.1467577
 0.15461481 0.16064761 0.13341764 0.15350214 0.14264034 0.16694855
 0.14556275 0.14187469 0.19629065 0.12038712 0.12331762 0.13894054
 0.12974307 0.12576324 0.138191   0.15690354 0.13028347 0.17177612
 0.11525671 0.13570697 0.13974583 0.1682338  0.13344787 0.16507282
 0.16214093 0.14011559 0.13889256 0.15283207 0.19171175 0.1531431
 0.15748326 0.16282628 0.13666472 0.14761481 0.1525238  0.14870899
 0.13040562 0.14097314 0.14401709 0.13506419 0.16294943 0.16694418
 0.16410218 0.15031291 0.12539263 0.14758656 0.15098836 0.15729671
 0.14151406 0.15549267 0.12951721 0.16731706 0.15219965 0.15812042
 0.17365872 0.16589805 0.15206299 0.18072974 0.13778106 0.14797822
 0.13043892 0.1652535  0.17176091 0.16061351 0.15421632 0.15157219
 0.15109179 0.15896713 0.1807971  0.11865456 0.13239509 0.14841091
 0.13640901 0.13127387 0.13050097 0.15508375 0.1960223  0.13784614
 0.18415778 0.13883972 0.15666552 0.15460632 0.14689666 0.15208498
 0.15237562 0.15853488 0.12808192 0.13583758 0.15458548 0.16389772
 0.16017689 0.11654659 0.1481891  0.1561742  0.15620012 0.14958212
 0.16165284 0.15064949 0.1381268  0.14549681 0.166212   0.14940151
 0.14180573 0.15647725 0.16310604 0.16899236 0.14299861 0.13157944
 0.17173695 0.13304145 0.12282894 0.14345615 0.13329731 0.15292654
 0.17059247 0.14766582 0.14625084 0.16748115 0.13079809 0.13312753
 0.16233637 0.15429321 0.18131388 0.1307614  0.16999244 0.18508759
 0.15329079 0.14395699 0.1671689  0.15214068 0.17544431 0.13947562
 0.13031884 0.14720515 0.1525341  0.1471722  0.15987741 0.13890019
 0.16302264 0.1657543  0.13346766 0.11846165 0.14888161 0.1726712
 0.11490526 0.14392764 0.14404721 0.16636228 0.20786099 0.16940222
 0.13757703 0.15697626 0.15704159 0.15679295 0.15101997 0.14301298
 0.17013643 0.13758357 0.12855338 0.14410308 0.17376244 0.19351554
 0.13546889 0.1204324 ]
charlie_repeat-2
BERT
[0.78444505 0.78210515 0.7858744  0.7864203  0.7811792  0.7794167
 0.78219604 0.7911525  0.78267866 0.7849985  0.78449154 0.78357345
 0.7857239  0.7818531  0.78212786 0.7811613  0.7901374  0.7832217
 0.7864945  0.7860995  0.7861826  0.7861829  0.7824762  0.78481925
 0.7798033  0.78459096 0.78416854 0.79336065 0.7846486  0.7874996
 0.7863134  0.7793567  0.78908956 0.7886162  0.7855802  0.7845708
 0.7833068  0.78598887 0.7840135  0.7796117  0.7895581  0.788622
 0.7837745  0.78902054 0.7921204  0.7819323  0.7825641  0.7802933
 0.7796858  0.7816243  0.78938794 0.78468174 0.78074044 0.78904074
 0.7822397  0.7856523  0.78018284 0.78816503 0.7846598  0.7847003
 0.78750265 0.78071755 0.78321046 0.7829042  0.79134166 0.79110986
 0.7902951  0.7895528  0.78565913 0.7823541  0.78240716 0.7814086
 0.78429514 0.78726625 0.77691066 0.79316276 0.7856439  0.78819406
 0.7890905  0.7833965  0.7872558  0.78666955 0.7871724  0.78439826
 0.7896387  0.78116757 0.7886133  0.78082496 0.7885686  0.78570455
 0.7854566  0.7878766  0.78361577 0.781317   0.78236455 0.7894515
 0.7828491  0.7861711  0.7888137  0.7896017  0.78112197 0.78951484
 0.78427005 0.7865955  0.7886052  0.7862039  0.7853706  0.78582996
 0.7895317  0.7896452  0.77825546 0.7813208  0.7903031  0.7897696
 0.785692   0.78548527 0.78558403 0.78732365 0.7835015  0.7805576
 0.7875139  0.7840596  0.78123975 0.7821766  0.78528756 0.7821408
 0.7848654  0.7847437  0.7832786  0.7814402  0.7818021  0.787831
 0.7898966  0.7823117  0.78629994 0.78404355 0.78147286 0.78474796
 0.77881104 0.7790461  0.7858536  0.7887097  0.7829464  0.78455806
 0.78526986 0.7814414  0.7832652  0.78424984 0.78646886 0.78286695
 0.79176956 0.78682315 0.7902725  0.7853883  0.7846419  0.78566724
 0.78835416 0.7854325  0.78672    0.7847448  0.7842326  0.7830781
 0.7859632  0.7798954  0.7941871  0.782068   0.7877809  0.77956885
 0.7829549  0.7856033  0.7869512  0.7856593  0.7858451  0.7852068
 0.7874718  0.78545284 0.7836425  0.7851194  0.7874801  0.79119223
 0.78563595 0.78565216 0.7882802  0.78511643 0.78741086 0.7854605
 0.78998    0.7790668  0.7892862  0.77977765 0.7814396  0.78819543
 0.78422165 0.77928126 0.7841488  0.78377163 0.7887132  0.78772956
 0.783472   0.7830941 ]
[nltk_data] Downloading package wordnet to /mnt/iusers01/fse-
[nltk_data]     ugpgt01/compsci01/q12628ct/nltk_data...
[nltk_data]   Package wordnet is already up-to-date!
[nltk_data] Downloading package punkt_tab to /mnt/iusers01/fse-
[nltk_data]     ugpgt01/compsci01/q12628ct/nltk_data...
[nltk_data]   Package punkt_tab is already up-to-date!
[nltk_data] Downloading package omw-1.4 to /mnt/iusers01/fse-
[nltk_data]     ugpgt01/compsci01/q12628ct/nltk_data...
[nltk_data]   Package omw-1.4 is already up-to-date!
/mnt/iusers01/fse-ugpgt01/compsci01/q12628ct/.conda/envs/semantic-decoding/lib/python3.10/site-packages/huggingface_hub/file_download.py:945: FutureWarning: `resume_download` is deprecated and will be removed in version 1.0.0. Downloads always resume when possible. If you want to force a new download, use `force_download=True`.
  warnings.warn(
Some weights of the model checkpoint at roberta-large were not used when initializing RobertaModel: ['lm_head.bias', 'lm_head.dense.weight', 'lm_head.dense.bias', 'lm_head.layer_norm.weight', 'lm_head.layer_norm.bias']
- This IS expected if you are initializing RobertaModel from the checkpoint of a model trained on another task or with another architecture (e.g. initializing a BertForSequenceClassification model from a BertForPreTraining model).
- This IS NOT expected if you are initializing RobertaModel from the checkpoint of a model that you expect to be exactly identical (initializing a BertForSequenceClassification model from a BertForSequenceClassification model).
Some weights of RobertaModel were not initialized from the model checkpoint at roberta-large and are newly initialized: ['roberta.pooler.dense.weight', 'roberta.pooler.dense.bias']
You should probably TRAIN this model on a down-stream task to be able to use it for predictions and inference.
delta_repeat-1
WER
[-0.15321348 -0.18267057 -0.20789308 -0.18902832 -0.18690664 -0.21021688
 -0.20324251 -0.17197683 -0.17549554 -0.1749463  -0.18023082 -0.20517868
 -0.18908825 -0.18486578 -0.20081433 -0.1668652  -0.16637036 -0.1901459
 -0.19735865 -0.19499138 -0.19047888 -0.17794779 -0.20240113 -0.2027182
 -0.1817773  -0.17321628 -0.21286042 -0.17582744 -0.19361359 -0.17960652
 -0.18271851 -0.20491614 -0.21353534 -0.15960646 -0.206034   -0.19100574
 -0.20077889 -0.17763614 -0.20554749 -0.19489807 -0.1750849  -0.17541776
 -0.18335136 -0.21329601 -0.20347126 -0.20125902 -0.19765283 -0.20285069
 -0.19548856 -0.21446832 -0.19221979 -0.17702588 -0.18898762 -0.18477923
 -0.19287402 -0.20968471 -0.16941673 -0.18523405 -0.19173813 -0.17455197
 -0.18599552 -0.18285591 -0.16636766 -0.21861929 -0.16015395 -0.18412906
 -0.19761176 -0.18244819 -0.19199986 -0.18158699 -0.20177854 -0.18502938
 -0.18379043 -0.19566187 -0.16380284 -0.18288995 -0.19765012 -0.20440568
 -0.18631142 -0.20275676 -0.17192492 -0.1844971  -0.19329548 -0.21025714
 -0.18859719 -0.18642307 -0.19066477 -0.2051762  -0.18168019 -0.19957373
 -0.181753   -0.19661117 -0.18125775 -0.18984811 -0.18995258 -0.18651683
 -0.21820335 -0.17747177 -0.16657782 -0.19386139 -0.18776578 -0.16792652
 -0.17646524 -0.18839581 -0.21302343 -0.20790011 -0.17570286 -0.18943815
 -0.20342715 -0.20156892 -0.19564832 -0.20765941 -0.19090712 -0.16638898
 -0.1662024  -0.18490879 -0.18905376 -0.19302404 -0.20640673 -0.1982175
 -0.19049887 -0.21777473 -0.18673142 -0.19504345 -0.17180944 -0.18612573
 -0.20379891 -0.20731711 -0.19524202 -0.19669355 -0.16761072 -0.18954356
 -0.19131578 -0.18671599 -0.1789504  -0.18865185 -0.19580674 -0.18866427
 -0.17558938 -0.19552773 -0.19651054 -0.16659791 -0.20693966 -0.17920571
 -0.18660384 -0.1927733  -0.181374   -0.17366222 -0.19008571 -0.2012062
 -0.18699884 -0.18709686 -0.19441938 -0.168758   -0.2125168  -0.17865268
 -0.18331765 -0.17787814 -0.19077266 -0.19017373 -0.18129803 -0.18520826
 -0.17940058 -0.19595362 -0.18616216 -0.19464854 -0.19876078 -0.21492092
 -0.19690335 -0.21246586 -0.19395569 -0.16308594 -0.1850626  -0.19492521
 -0.18940049 -0.18677207 -0.1998788  -0.18456543 -0.17648081 -0.1794336
 -0.19206888 -0.18383898 -0.19068722 -0.19882751 -0.19686085 -0.18208139
 -0.17409844 -0.16473863 -0.21356932 -0.20021738 -0.19155949 -0.1759212
 -0.17522404 -0.19143857 -0.20594735 -0.16885207 -0.15927227 -0.20615292
 -0.22551611 -0.16984643]
delta_repeat-1
BLEU
[0.23280135 0.1853222  0.17366671 0.18863596 0.17334748 0.17697858
 0.18380326 0.19529681 0.21396949 0.20242686 0.20539065 0.19448433
 0.18198234 0.15798175 0.18060738 0.22440192 0.20228116 0.1911334
 0.19579221 0.18475308 0.19014461 0.19857363 0.20000369 0.18282067
 0.21458958 0.21003288 0.15260711 0.18037835 0.17234839 0.23989801
 0.17085886 0.18521485 0.12651974 0.22480834 0.15798447 0.19693943
 0.17807894 0.22098835 0.18052039 0.17442606 0.18438339 0.20388113
 0.21524193 0.15806651 0.15897365 0.18433219 0.1636277  0.18087987
 0.23184078 0.13903855 0.18218138 0.1927227  0.1873412  0.17586735
 0.20752861 0.17938239 0.21304202 0.17981553 0.1848483  0.19108941
 0.17222633 0.19495225 0.22673722 0.164931   0.21598474 0.21201757
 0.17062092 0.20164968 0.17009532 0.16805134 0.20566824 0.20598023
 0.14568852 0.19441861 0.1973547  0.19337361 0.19451925 0.17536574
 0.21506323 0.19509171 0.21613107 0.17658632 0.16260823 0.14511157
 0.22257433 0.17647187 0.16781688 0.15970262 0.21895965 0.170031
 0.20006246 0.16454847 0.21620534 0.19566977 0.19532628 0.21790977
 0.15231776 0.21460442 0.18061388 0.16398248 0.18205898 0.2087584
 0.16784983 0.16322654 0.14941023 0.1358242  0.20897486 0.16430308
 0.15408124 0.15973509 0.1813759  0.16991103 0.19908925 0.19449377
 0.20659772 0.17852549 0.17902509 0.20038682 0.1726378  0.177362
 0.17905843 0.14107964 0.21376538 0.18707021 0.15456895 0.18012962
 0.15101504 0.16297166 0.17949799 0.16322107 0.23241694 0.20819399
 0.19987899 0.24584116 0.17799321 0.174972   0.16838077 0.1851803
 0.19471826 0.19990059 0.1995029  0.19769071 0.1224158  0.17612938
 0.19002021 0.19867078 0.17691026 0.19332418 0.17757649 0.16362238
 0.17721833 0.17968185 0.17941329 0.18491293 0.15807675 0.19274315
 0.19102345 0.19209273 0.21079547 0.17309571 0.19710767 0.16571024
 0.19588629 0.20207141 0.20552057 0.16189956 0.18626165 0.1714751
 0.19839069 0.12793598 0.17835789 0.19123692 0.19058119 0.18854402
 0.1834302  0.15222812 0.1408508  0.20616489 0.22141741 0.19206704
 0.17416021 0.20057967 0.14303836 0.19305233 0.17547691 0.19133888
 0.23456502 0.19459018 0.13915112 0.16280894 0.17114317 0.24153705
 0.19564687 0.19031859 0.15717239 0.19934586 0.19992424 0.18017602
 0.15315204 0.18738248]
delta_repeat-1
METEOR
[0.18009001 0.15270408 0.14657851 0.15652233 0.16665663 0.1511835
 0.1537642  0.15869827 0.17582284 0.15037374 0.1695759  0.14928586
 0.15130957 0.15231189 0.16077081 0.18519509 0.15806036 0.19529367
 0.15906231 0.15497023 0.15972477 0.1680651  0.14445803 0.14269515
 0.16801908 0.16200889 0.14003193 0.13555278 0.1444415  0.19665693
 0.16451075 0.13553957 0.11452771 0.19298321 0.13050025 0.1511941
 0.15526649 0.17672373 0.15348652 0.14912501 0.14167649 0.17007393
 0.18694145 0.14164456 0.13096794 0.16529342 0.15120823 0.14289804
 0.19371686 0.13755371 0.14124176 0.17148247 0.16312211 0.14943119
 0.15674993 0.15423124 0.16670627 0.15712368 0.15272991 0.15186706
 0.15462814 0.16329718 0.1944976  0.16507585 0.17331291 0.19754624
 0.14318514 0.16314855 0.14251809 0.13559108 0.16110105 0.16407023
 0.14387892 0.14826237 0.15082726 0.15944142 0.15709528 0.14615117
 0.16565837 0.15341843 0.20045317 0.16491802 0.13908988 0.12659179
 0.19108211 0.15972887 0.15265186 0.15772146 0.19993689 0.16101415
 0.1709554  0.16730338 0.16478149 0.19582877 0.16817403 0.15724496
 0.12469061 0.15970584 0.14227442 0.13972819 0.15724148 0.18926887
 0.16783506 0.14170869 0.11359495 0.12758764 0.1801893  0.15446576
 0.13942016 0.13461285 0.15141945 0.15507452 0.1438085  0.1563599
 0.15520732 0.15142531 0.13303426 0.15473141 0.15206294 0.1560349
 0.13642036 0.1099935  0.16925565 0.16877087 0.14566773 0.14317947
 0.13329766 0.13028481 0.15549781 0.1417419  0.18503844 0.15764175
 0.18084683 0.19832548 0.1416234  0.13218005 0.12314634 0.15567359
 0.15950393 0.16496133 0.1775115  0.17042083 0.11701773 0.14632511
 0.17022818 0.15736905 0.147807   0.14374844 0.15316638 0.12818846
 0.1379883  0.15617757 0.15209393 0.1587818  0.13178895 0.17301725
 0.16327578 0.16633468 0.15309069 0.16741264 0.16003406 0.13589053
 0.16173415 0.18430708 0.17213044 0.1372581  0.15981336 0.15675645
 0.1780632  0.11348943 0.15254362 0.15454375 0.15286816 0.1422622
 0.16755326 0.12969715 0.14174873 0.15808359 0.18942876 0.14373707
 0.1393583  0.1568581  0.13776594 0.17822317 0.16103534 0.17606566
 0.19491375 0.16705653 0.12334385 0.13290075 0.15042102 0.19952023
 0.16223409 0.13005862 0.13756746 0.15221144 0.16658466 0.14630698
 0.1307628  0.16248104]
delta_repeat-1
BERT
[0.8067022  0.79601204 0.7926798  0.7983792  0.7999569  0.7963678
 0.79427385 0.8031334  0.80779827 0.8064886  0.80556387 0.7995144
 0.80152905 0.8012843  0.8017125  0.80023295 0.8128966  0.81162876
 0.80018896 0.8049176  0.802092   0.800073   0.8083481  0.80366564
 0.80610836 0.8046073  0.7955686  0.79951507 0.7966043  0.8130109
 0.79988676 0.79804474 0.79482937 0.8123367  0.7992646  0.80026746
 0.8003488  0.8054813  0.79583097 0.7967237  0.8015226  0.79948205
 0.8055876  0.79520285 0.802943   0.80327106 0.792472   0.8046825
 0.8070436  0.7955325  0.79401386 0.8022466  0.80265605 0.80337596
 0.7980406  0.80134636 0.8031774  0.8018533  0.80357677 0.80175495
 0.80000305 0.79684114 0.80787843 0.79803115 0.8051965  0.8026866
 0.79893166 0.8033894  0.79756314 0.79973954 0.8003056  0.7995959
 0.79712456 0.80417633 0.8021514  0.8026082  0.80628914 0.7949279
 0.81152093 0.8078892  0.80307406 0.7967264  0.79653066 0.7916524
 0.8055923  0.7956314  0.7960141  0.8036269  0.8072429  0.7941737
 0.80706435 0.80615914 0.8073286  0.80109054 0.8023531  0.8035079
 0.79693574 0.80307287 0.79632366 0.802132   0.79874235 0.80692095
 0.79715234 0.8001657  0.79275197 0.8007134  0.80024356 0.7968388
 0.79639006 0.7981534  0.7980609  0.79598963 0.80064464 0.80113703
 0.80911136 0.7941073  0.7945765  0.7977831  0.8087522  0.7954314
 0.79797184 0.7938486  0.80480313 0.80236536 0.80176425 0.8026834
 0.795438   0.80559975 0.80008614 0.7974115  0.80409205 0.81497294
 0.80730754 0.8040798  0.80238044 0.8092932  0.79399806 0.8017094
 0.80436695 0.8021754  0.80461764 0.8078827  0.793805   0.8091757
 0.79732907 0.80756396 0.8038531  0.79961276 0.8064759  0.79904544
 0.7948802  0.8024708  0.8027181  0.8060392  0.7969382  0.80500644
 0.80445826 0.80832225 0.80265033 0.8083292  0.80417883 0.8065104
 0.8059871  0.8009586  0.80588084 0.8008459  0.80559105 0.7950904
 0.798271   0.7922159  0.8078842  0.8017943  0.80638003 0.8053551
 0.7969432  0.7984836  0.7958091  0.8022195  0.80729365 0.79763395
 0.7998921  0.8042583  0.79425335 0.806291   0.8009098  0.80080956
 0.8089848  0.7975995  0.79744655 0.79783136 0.79304785 0.8126158
 0.8008325  0.8083489  0.79403454 0.8087865  0.8039652  0.79970413
 0.7964693  0.7996556 ]
[nltk_data] Downloading package wordnet to /mnt/iusers01/fse-
[nltk_data]     ugpgt01/compsci01/q12628ct/nltk_data...
[nltk_data]   Package wordnet is already up-to-date!
[nltk_data] Downloading package punkt_tab to /mnt/iusers01/fse-
[nltk_data]     ugpgt01/compsci01/q12628ct/nltk_data...
[nltk_data]   Package punkt_tab is already up-to-date!
[nltk_data] Downloading package omw-1.4 to /mnt/iusers01/fse-
[nltk_data]     ugpgt01/compsci01/q12628ct/nltk_data...
[nltk_data]   Package omw-1.4 is already up-to-date!
/mnt/iusers01/fse-ugpgt01/compsci01/q12628ct/.conda/envs/semantic-decoding/lib/python3.10/site-packages/huggingface_hub/file_download.py:945: FutureWarning: `resume_download` is deprecated and will be removed in version 1.0.0. Downloads always resume when possible. If you want to force a new download, use `force_download=True`.
  warnings.warn(
Some weights of the model checkpoint at roberta-large were not used when initializing RobertaModel: ['lm_head.dense.weight', 'lm_head.layer_norm.weight', 'lm_head.bias', 'lm_head.dense.bias', 'lm_head.layer_norm.bias']
- This IS expected if you are initializing RobertaModel from the checkpoint of a model trained on another task or with another architecture (e.g. initializing a BertForSequenceClassification model from a BertForPreTraining model).
- This IS NOT expected if you are initializing RobertaModel from the checkpoint of a model that you expect to be exactly identical (initializing a BertForSequenceClassification model from a BertForSequenceClassification model).
Some weights of RobertaModel were not initialized from the model checkpoint at roberta-large and are newly initialized: ['roberta.pooler.dense.bias', 'roberta.pooler.dense.weight']
You should probably TRAIN this model on a down-stream task to be able to use it for predictions and inference.
delta_repeat-2
WER
[-0.21319036 -0.23626263 -0.26387746 -0.23483355 -0.22723309 -0.22840566
 -0.21598518 -0.25637517 -0.25512501 -0.21680862 -0.23690869 -0.22551856
 -0.22554171 -0.25595299 -0.23804908 -0.24113694 -0.22951486 -0.25507269
 -0.24416912 -0.23442469 -0.24813011 -0.23166796 -0.24897051 -0.20473926
 -0.2645107  -0.23789711 -0.23051299 -0.24997259 -0.25738596 -0.21605575
 -0.21518793 -0.26022344 -0.25314786 -0.24378226 -0.22487673 -0.25124497
 -0.21378067 -0.24741906 -0.22733515 -0.22045291 -0.23581521 -0.24385378
 -0.21810101 -0.24839091 -0.27176602 -0.21955898 -0.21931681 -0.2736265
 -0.25749453 -0.2081625  -0.25878151 -0.25406036 -0.23977771 -0.21609289
 -0.25118507 -0.22435639 -0.23859699 -0.21884118 -0.24472804 -0.22737149
 -0.23374533 -0.2353799  -0.19952511 -0.25321602 -0.24802402 -0.25805947
 -0.24436925 -0.20933727 -0.23519627 -0.23032129 -0.2505308  -0.23774166
 -0.23297113 -0.23313229 -0.23893508 -0.23640083 -0.23081547 -0.21135768
 -0.24533906 -0.23575382 -0.22567163 -0.24484401 -0.24392988 -0.24901615
 -0.25189218 -0.23012488 -0.22201124 -0.23414254 -0.24564315 -0.21601168
 -0.26058992 -0.26954261 -0.2297064  -0.2138987  -0.21335785 -0.24715197
 -0.25720258 -0.25882403 -0.25465838 -0.23962349 -0.23281463 -0.22073274
 -0.23181232 -0.258934   -0.20401152 -0.25214514 -0.24245286 -0.24831939
 -0.24785872 -0.23029702 -0.23557605 -0.25210211 -0.22915256 -0.2386252
 -0.21387394 -0.22201826 -0.23085864 -0.24290985 -0.25023734 -0.24008631
 -0.21748331 -0.23140586 -0.20122944 -0.2346815  -0.24139323 -0.23477481
 -0.24122003 -0.23958042 -0.23747576 -0.25430183 -0.21379467 -0.22541499
 -0.23656504 -0.23796993 -0.24927033 -0.23591866 -0.22831584 -0.24728413
 -0.23738796 -0.24359697 -0.25190241 -0.19817496 -0.22407253 -0.21180396
 -0.22110602 -0.22754296 -0.23785309 -0.23633465 -0.22994706 -0.23965431
 -0.26007059 -0.23640741 -0.25502468 -0.25448576 -0.21080964 -0.22052163
 -0.25789043 -0.23752309 -0.26221454 -0.21528769 -0.23348216 -0.27019408
 -0.25558598 -0.24076698 -0.21827728 -0.22568147 -0.21953525 -0.21771339
 -0.25100737 -0.23348116 -0.23782647 -0.23440856 -0.23132871 -0.24201343
 -0.23737561 -0.18403274 -0.22237981 -0.22537531 -0.22637357 -0.23982749
 -0.23271966 -0.23434162 -0.24292399 -0.2521133  -0.24690693 -0.23722326
 -0.25805618 -0.22110722 -0.24503492 -0.25084069 -0.22935816 -0.2315827
 -0.2274438  -0.24145751 -0.22913412 -0.24108621 -0.27077487 -0.25557042
 -0.23218954 -0.23064676]
delta_repeat-2
BLEU
[0.17560633 0.18083887 0.13307894 0.18583002 0.18166281 0.20622531
 0.18433321 0.19479735 0.14790592 0.18308062 0.19339314 0.17364002
 0.19499942 0.10754578 0.1783898  0.17612704 0.16321348 0.18055607
 0.18885986 0.18673062 0.18292829 0.22188542 0.1857001  0.21265126
 0.16973971 0.1768705  0.19494845 0.15471928 0.14319192 0.19390914
 0.19060533 0.1729814  0.17388397 0.17057258 0.22460975 0.14598987
 0.200608   0.18779906 0.16180825 0.18944865 0.15094848 0.18049607
 0.1971521  0.15169868 0.13656173 0.22394335 0.20968933 0.14228001
 0.12624786 0.20559762 0.17387748 0.16683034 0.17564684 0.18696501
 0.14710395 0.20005175 0.22113068 0.23325375 0.20616206 0.19227723
 0.20379891 0.20564797 0.18250866 0.1614719  0.16321981 0.15903437
 0.19594699 0.21631202 0.21457966 0.16597757 0.18087326 0.21350863
 0.18521426 0.18204125 0.18285567 0.16784484 0.22768797 0.24700083
 0.19015962 0.17685059 0.21548022 0.19686203 0.19825645 0.15224206
 0.14164781 0.21089058 0.15949404 0.19399078 0.22628852 0.21070261
 0.12961475 0.14034264 0.19895929 0.18170033 0.20899854 0.2147224
 0.16532224 0.17363333 0.17932541 0.17142921 0.19043241 0.22741372
 0.16785698 0.13068535 0.21455212 0.13306415 0.18339923 0.11608918
 0.16602013 0.19737875 0.20818811 0.16193531 0.20543598 0.17614371
 0.22674674 0.1819074  0.20189631 0.19318179 0.1681686  0.17447774
 0.19230762 0.18824055 0.20899054 0.20344519 0.18088217 0.21704814
 0.18778863 0.16146997 0.15323125 0.15704485 0.21821719 0.20769301
 0.15019556 0.18475813 0.17512836 0.16997082 0.1920357  0.17887001
 0.15820293 0.15740752 0.16434305 0.20471708 0.18040145 0.21669561
 0.152183   0.20099071 0.16612655 0.20773929 0.20170104 0.16514961
 0.16200194 0.17549647 0.1951617  0.15787919 0.19840781 0.21025174
 0.15522196 0.18442899 0.1428847  0.17154216 0.18310256 0.17259862
 0.16532459 0.19010417 0.17707168 0.2028911  0.16094397 0.17553257
 0.16533923 0.22282047 0.17030271 0.16451409 0.17876857 0.18808564
 0.16162294 0.19596905 0.22484387 0.20212703 0.22612399 0.18629511
 0.20297212 0.16486633 0.15716563 0.16157624 0.15512354 0.22269416
 0.16725463 0.17074925 0.18900066 0.1694818  0.17075282 0.19297016
 0.19369937 0.19962568 0.19449785 0.17388461 0.14536856 0.17241557
 0.17995663 0.19193529]
delta_repeat-2
METEOR
[0.1520604  0.15861724 0.13933714 0.14744575 0.17993992 0.18280557
 0.16440921 0.15504871 0.11994628 0.16467077 0.17013213 0.15109499
 0.16409373 0.10702962 0.14644535 0.14945096 0.15627427 0.1381136
 0.15555526 0.16837908 0.14150504 0.21159794 0.16581208 0.18854003
 0.166014   0.15539701 0.15745979 0.16206306 0.11713653 0.17362681
 0.18038324 0.14728972 0.14726889 0.14676218 0.19957608 0.15035457
 0.18292194 0.17203057 0.15937362 0.14963156 0.12234234 0.16755472
 0.17642582 0.12818339 0.12105842 0.18612249 0.1801767  0.12034607
 0.1202009  0.19343317 0.13436656 0.15242792 0.13992939 0.16142882
 0.14792971 0.1691971  0.19213236 0.20000629 0.16443988 0.17533001
 0.16566332 0.20252996 0.15428323 0.14613022 0.14497242 0.13699379
 0.1727175  0.1991077  0.19013038 0.14552754 0.15998322 0.19780429
 0.17644196 0.15584137 0.15982284 0.14828438 0.19582851 0.21000092
 0.17552222 0.14402035 0.17477941 0.17959913 0.16359442 0.15156739
 0.14094691 0.17162468 0.18601704 0.16602277 0.18391196 0.17812621
 0.11757311 0.13687283 0.16999518 0.15780837 0.16805423 0.15111159
 0.1420335  0.14437487 0.15380931 0.14885042 0.16070333 0.16750476
 0.16519791 0.12924814 0.18986486 0.14025853 0.16416597 0.11974223
 0.14221359 0.18079976 0.16687194 0.13902903 0.1694968  0.15755883
 0.2017271  0.16006803 0.18774805 0.18028288 0.17207662 0.13933522
 0.14661139 0.16071963 0.15535419 0.17155686 0.15092021 0.17568545
 0.16704505 0.16258282 0.139516   0.15226225 0.18096335 0.1840997
 0.1294529  0.15720118 0.13646963 0.14125259 0.19324445 0.1532883
 0.13880099 0.1638985  0.14237321 0.16908403 0.17520671 0.1724161
 0.15830009 0.17191925 0.14240331 0.17531513 0.15403715 0.1425506
 0.13951694 0.15809347 0.16126655 0.15128133 0.1866637  0.18797667
 0.14254806 0.15103724 0.12803111 0.14442635 0.16362464 0.15045882
 0.15837314 0.16230301 0.15162859 0.14342545 0.14904496 0.16797382
 0.15440502 0.1920296  0.15453189 0.13992744 0.17821736 0.16455371
 0.13955445 0.17178346 0.18965398 0.17186468 0.20570454 0.15451153
 0.16379794 0.14858606 0.12291    0.16761487 0.14109615 0.180919
 0.1442647  0.15150448 0.17139448 0.14919208 0.16504617 0.16580411
 0.17202011 0.17911985 0.15833422 0.15473018 0.11684036 0.14826997
 0.1485165  0.15323072]
delta_repeat-2
BERT
[0.7985127  0.8073142  0.7935514  0.8007597  0.80426025 0.8089062
 0.8018084  0.79958844 0.80027837 0.7999077  0.8038443  0.8063346
 0.8038104  0.7941205  0.80723387 0.79927725 0.7982776  0.8043516
 0.8019902  0.80220044 0.79532075 0.8010418  0.79718286 0.8074046
 0.80195403 0.7977867  0.81101066 0.80128264 0.796756   0.80797607
 0.80019027 0.795129   0.80127084 0.79840237 0.8036144  0.8004593
 0.8055949  0.8027047  0.79924756 0.80453014 0.79306275 0.7989755
 0.8109425  0.79494756 0.7928518  0.80211604 0.80587864 0.79391956
 0.7922942  0.8154466  0.79761684 0.7946046  0.80919844 0.8070767
 0.79783833 0.80000293 0.80628353 0.8126285  0.8115347  0.7910637
 0.8050229  0.80063236 0.79769915 0.7916608  0.80100715 0.7931367
 0.8051298  0.8069738  0.80329525 0.7947907  0.79663014 0.79972076
 0.80104    0.79754406 0.802269   0.79482967 0.81115943 0.8059447
 0.802943   0.79858536 0.8050955  0.80312717 0.79551613 0.7950969
 0.7955014  0.8055966  0.80050725 0.80719805 0.80408263 0.80959266
 0.79096806 0.7978171  0.80281895 0.80324584 0.8019037  0.8086977
 0.7956143  0.79819524 0.79727185 0.807659   0.8049455  0.8070861
 0.80032295 0.79423004 0.80286026 0.7935494  0.8109509  0.7989486
 0.8017984  0.8047653  0.7965665  0.79748714 0.80530643 0.80189997
 0.8040723  0.8002963  0.8049972  0.8078751  0.80493045 0.7996859
 0.8056793  0.80532175 0.80331916 0.80290973 0.80436885 0.80245984
 0.80631053 0.799811   0.79961926 0.7945711  0.80902976 0.8105173
 0.79778504 0.80536085 0.7936199  0.8030792  0.81007004 0.7983226
 0.7971439  0.80193114 0.8067134  0.8127756  0.7974752  0.8068179
 0.79990375 0.7988963  0.79628783 0.8038708  0.8121348  0.7956231
 0.79969674 0.7989603  0.80148053 0.7992549  0.80445796 0.8082403
 0.79508305 0.80599874 0.7887666  0.7972543  0.8037074  0.79323417
 0.80275506 0.7988923  0.8033673  0.80388373 0.7968964  0.8016216
 0.8087644  0.8057556  0.8022315  0.7929721  0.8021441  0.801437
 0.7954223  0.80202454 0.80457056 0.8080102  0.80600196 0.8028908
 0.8046772  0.7991814  0.79379964 0.79670846 0.7943241  0.80528754
 0.8031469  0.8001213  0.80295193 0.80244493 0.79329056 0.79963547
 0.79857934 0.7963489  0.80149007 0.79700655 0.80038506 0.8060698
 0.79441184 0.8010614 ]
[nltk_data] Downloading package wordnet to /mnt/iusers01/fse-
[nltk_data]     ugpgt01/compsci01/q12628ct/nltk_data...
[nltk_data]   Package wordnet is already up-to-date!
[nltk_data] Downloading package punkt_tab to /mnt/iusers01/fse-
[nltk_data]     ugpgt01/compsci01/q12628ct/nltk_data...
[nltk_data]   Package punkt_tab is already up-to-date!
[nltk_data] Downloading package omw-1.4 to /mnt/iusers01/fse-
[nltk_data]     ugpgt01/compsci01/q12628ct/nltk_data...
[nltk_data]   Package omw-1.4 is already up-to-date!
/mnt/iusers01/fse-ugpgt01/compsci01/q12628ct/.conda/envs/semantic-decoding/lib/python3.10/site-packages/huggingface_hub/file_download.py:945: FutureWarning: `resume_download` is deprecated and will be removed in version 1.0.0. Downloads always resume when possible. If you want to force a new download, use `force_download=True`.
  warnings.warn(
Some weights of the model checkpoint at roberta-large were not used when initializing RobertaModel: ['lm_head.dense.weight', 'lm_head.layer_norm.bias', 'lm_head.layer_norm.weight', 'lm_head.dense.bias', 'lm_head.bias']
- This IS expected if you are initializing RobertaModel from the checkpoint of a model trained on another task or with another architecture (e.g. initializing a BertForSequenceClassification model from a BertForPreTraining model).
- This IS NOT expected if you are initializing RobertaModel from the checkpoint of a model that you expect to be exactly identical (initializing a BertForSequenceClassification model from a BertForSequenceClassification model).
Some weights of RobertaModel were not initialized from the model checkpoint at roberta-large and are newly initialized: ['roberta.pooler.dense.weight', 'roberta.pooler.dense.bias']
You should probably TRAIN this model on a down-stream task to be able to use it for predictions and inference.
echo_repeat-1
WER
[-0.03216068 -0.01192014 -0.03439262 -0.02947436 -0.04008028 -0.03116974
 -0.04121759 -0.01582797 -0.04310823 -0.03396044 -0.03637016 -0.05155162
 -0.00961664 -0.02338788 -0.02660748 -0.0415214  -0.04626528 -0.04423436
 -0.02832635 -0.03735611 -0.02971441 -0.03365318 -0.03621066 -0.0374308
 -0.03608597 -0.03836083 -0.03819151 -0.04335103 -0.02879241 -0.04262345
 -0.03284953 -0.03790346 -0.02655941 -0.02279226 -0.03883756 -0.03673125
 -0.03257312 -0.03736032 -0.02939866 -0.02815309 -0.04670727 -0.03255685
 -0.02602195 -0.02413332 -0.02609118 -0.04127384 -0.02435345 -0.04790063
 -0.03026945 -0.02393392 -0.01700805 -0.03783197 -0.00902719 -0.02935508
 -0.03105387 -0.0398683  -0.04404719 -0.02515083 -0.04593724 -0.0212685
 -0.02059502 -0.04507196 -0.02866876 -0.0424518  -0.0464524  -0.05497309
 -0.03327861 -0.04479442 -0.03947274 -0.02340141 -0.03153757 -0.03256874
 -0.04332709 -0.04146112 -0.04045715 -0.00068509 -0.04741963 -0.03016541
 -0.03260591 -0.01905933 -0.02727747 -0.03607197 -0.03219097 -0.01399834
 -0.03541047 -0.04026839 -0.03556692 -0.02121506 -0.04070245 -0.01472012
 -0.03307977 -0.03761779 -0.04606867 -0.02742693 -0.03847807 -0.01256835
 -0.03711353 -0.03696777 -0.04217733 -0.02398363 -0.03296661 -0.00944736
 -0.02713134 -0.02338563 -0.04487613 -0.04204779 -0.02660584 -0.02380863
 -0.02840867 -0.02800663 -0.03383041 -0.0105031  -0.03982324 -0.02677233
 -0.02753753 -0.02718111 -0.0410091  -0.02659944 -0.03221936 -0.04516846
 -0.01702643 -0.03316406 -0.03103365 -0.03125025 -0.04029611 -0.02822955
 -0.03322575 -0.02100422 -0.02336465 -0.03229464 -0.04397826 -0.03852812
 -0.02882252 -0.03538941 -0.01078854 -0.02046481 -0.01606765 -0.04402977
 -0.01257002  0.00178834 -0.03952803 -0.03130116 -0.03719686 -0.01744618
 -0.0331771  -0.04513067 -0.02798133 -0.02781197 -0.03691645 -0.04152753
 -0.02373289 -0.04055291 -0.03112497 -0.05678799 -0.05064258 -0.02324787
 -0.0254024  -0.04131603 -0.04170193 -0.04730789 -0.03646141 -0.0393622
 -0.03753985 -0.02956759 -0.02942105 -0.02730903 -0.03581162 -0.04323699
 -0.04652146 -0.02853643 -0.03151692 -0.02323261 -0.03499745 -0.03822992
 -0.02732048 -0.05085522 -0.03651413 -0.03608233 -0.03488948 -0.02533495
 -0.03628988 -0.02102706 -0.02825129 -0.03387189 -0.033783   -0.04375227
 -0.03501379 -0.03293747 -0.04120095 -0.03785664 -0.03003832 -0.03315718
 -0.04681741 -0.03357374 -0.0208214  -0.03055766 -0.02489718 -0.00900624
 -0.03956871 -0.03276961]
echo_repeat-1
BLEU
[0.15256641 0.17082765 0.18614407 0.15911471 0.18267675 0.15719969
 0.17349553 0.1647127  0.16037364 0.19004126 0.15295404 0.15897837
 0.18326887 0.17030941 0.21479293 0.15780453 0.16726082 0.13803677
 0.13359281 0.17046728 0.21831502 0.18257577 0.15265148 0.16948773
 0.14049671 0.12154088 0.11849216 0.12990654 0.15015479 0.17287403
 0.15812355 0.16292029 0.17609355 0.1913563  0.17809656 0.1379253
 0.14312085 0.12574853 0.16510515 0.13510024 0.18445304 0.1828028
 0.14170423 0.16442703 0.16331529 0.14992205 0.17398655 0.1634737
 0.16552185 0.18810985 0.20823135 0.15717496 0.20165801 0.14944508
 0.17087019 0.14439411 0.15944587 0.15458943 0.17763939 0.17165492
 0.16095041 0.13230574 0.13781764 0.1214663  0.12538464 0.13684037
 0.13733158 0.15611501 0.16511029 0.17225794 0.13900596 0.15556591
 0.130086   0.15203821 0.16501246 0.18440975 0.12289734 0.18670458
 0.13904122 0.16319586 0.14706728 0.19463465 0.17709182 0.1690419
 0.20541984 0.13744952 0.18402726 0.19450825 0.12999509 0.17662535
 0.14184406 0.15312131 0.17491951 0.19771305 0.13191816 0.18968626
 0.16875086 0.15917956 0.16689503 0.15820912 0.15951417 0.19021241
 0.16422605 0.19950493 0.14418013 0.14033867 0.16118136 0.19694329
 0.15525077 0.18668813 0.17988193 0.17750986 0.17381933 0.16085098
 0.19290377 0.19378258 0.13780647 0.13500193 0.14663075 0.1765829
 0.16201566 0.13570569 0.15224034 0.16832888 0.14785919 0.16956105
 0.20676547 0.15242483 0.15574947 0.14256835 0.1457706  0.16090319
 0.13895244 0.18876532 0.20266351 0.16587354 0.16199907 0.14296306
 0.17276267 0.18981435 0.20394485 0.14510546 0.16820645 0.17722416
 0.15131296 0.13883147 0.16993062 0.15706331 0.20723774 0.12350207
 0.16221944 0.16273033 0.16106924 0.1191344  0.17773779 0.16683041
 0.15689465 0.15311216 0.15894331 0.14683329 0.15338254 0.11716272
 0.12757441 0.14760863 0.15199171 0.15689802 0.17681095 0.15617578
 0.15160907 0.21963479 0.14299999 0.16278326 0.18010094 0.15888847
 0.16996315 0.14526512 0.17562651 0.14907677 0.13186115 0.18629669
 0.12704606 0.18014208 0.16531274 0.18769373 0.14238364 0.14641719
 0.13908023 0.15710579 0.12037529 0.16540076 0.14907523 0.14842843
 0.17453925 0.16808098 0.16238887 0.14719019 0.19162105 0.24488575
 0.15622665 0.15230254]
echo_repeat-1
METEOR
[0.10313731 0.1077132  0.12630612 0.10702627 0.11609817 0.10675789
 0.11825577 0.12075111 0.0964452  0.12543739 0.09682934 0.11364294
 0.10653915 0.09886632 0.13162414 0.09796508 0.10233316 0.10051747
 0.08992967 0.11914176 0.15764632 0.11608841 0.09588046 0.12471443
 0.08848311 0.07495035 0.08415594 0.07623667 0.1178248  0.11726728
 0.09803882 0.10459161 0.10539673 0.1253269  0.13330905 0.10025744
 0.1054974  0.07335082 0.10056384 0.08900454 0.11945183 0.10157733
 0.08958408 0.10481527 0.10276873 0.10225001 0.10697717 0.11416936
 0.11659858 0.11711666 0.12638865 0.12531357 0.12803424 0.1073287
 0.11106853 0.09568149 0.1247054  0.1181325  0.11961472 0.10252477
 0.10491702 0.09826927 0.09517259 0.08421    0.09317734 0.09503686
 0.09941537 0.09855312 0.11252526 0.11945576 0.09730404 0.11177453
 0.09011395 0.11119134 0.12173705 0.12094665 0.09797041 0.11973744
 0.08858966 0.11171721 0.09105862 0.11318277 0.09866444 0.11989746
 0.13572303 0.1041902  0.12047624 0.12914568 0.08120369 0.11206161
 0.10938617 0.10036673 0.11428057 0.12542616 0.09546987 0.12605659
 0.12487424 0.10530643 0.10635348 0.11203363 0.09666101 0.11858165
 0.10076607 0.12974026 0.10039234 0.09911037 0.10213444 0.12820239
 0.10182826 0.11600584 0.11182903 0.110331   0.11795713 0.10260038
 0.11426246 0.12185889 0.08989146 0.0917779  0.09821107 0.12600862
 0.10621869 0.08931229 0.09893117 0.09715068 0.09462404 0.1156198
 0.13134856 0.0950379  0.09857482 0.09504378 0.10255476 0.1118983
 0.08192856 0.11439326 0.13797162 0.11399413 0.11351418 0.10205102
 0.11322495 0.12635732 0.13427178 0.08778503 0.10149173 0.11993476
 0.09488074 0.1013546  0.09937163 0.09971882 0.12825891 0.08450405
 0.10926735 0.11181025 0.11586986 0.08515505 0.10269268 0.11002554
 0.10958364 0.09893144 0.09988827 0.09170017 0.09857981 0.08275389
 0.07933593 0.0975089  0.09203108 0.09590573 0.11978658 0.10589081
 0.10422616 0.15491945 0.09312629 0.09753761 0.11037262 0.09652098
 0.11037037 0.1165352  0.12314783 0.0929656  0.08449441 0.1302149
 0.08260607 0.10644449 0.10634958 0.11263546 0.1039315  0.10464175
 0.09189103 0.09352288 0.09212439 0.11089324 0.10518278 0.08505209
 0.11640086 0.10362746 0.12187325 0.09660668 0.13522587 0.14339297
 0.11484554 0.10042289]
echo_repeat-1
BERT
[0.7816363  0.779742   0.78207135 0.7816177  0.782352   0.78099304
 0.7816256  0.7819998  0.78358173 0.7808954  0.78217846 0.7801865
 0.78329986 0.7847613  0.7785358  0.78075725 0.78158736 0.77989095
 0.77756745 0.78289413 0.7853719  0.7827366  0.7842983  0.7841247
 0.7828492  0.7801294  0.7803416  0.7787127  0.7782943  0.7838451
 0.7842996  0.7811112  0.78229105 0.78020126 0.7822312  0.7828762
 0.7810602  0.77611613 0.7812736  0.7792487  0.7787106  0.7822383
 0.77670217 0.77954656 0.78398585 0.7793951  0.78152865 0.7842958
 0.77910364 0.7790138  0.7850111  0.78134984 0.78038377 0.7803442
 0.7839797  0.7811749  0.7808566  0.7830379  0.7846232  0.7822646
 0.7777891  0.77865463 0.78352094 0.7826571  0.7784633  0.7796098
 0.77956855 0.7789292  0.786597   0.78233176 0.78015023 0.7815786
 0.77713424 0.7802833  0.7842867  0.7827517  0.7802141  0.7820148
 0.7794888  0.78621143 0.7784359  0.78614724 0.77910614 0.7793197
 0.7791771  0.77944666 0.78263754 0.7826137  0.7818801  0.78701913
 0.7828313  0.780525   0.7823973  0.78986526 0.7807258  0.78119177
 0.78362626 0.7805706  0.78173625 0.78074133 0.7808824  0.7794077
 0.7823229  0.78201926 0.7811178  0.777044   0.7791123  0.7844577
 0.7791975  0.77997893 0.77832836 0.77980316 0.7781782  0.7826289
 0.7843145  0.7852174  0.7799037  0.78157127 0.7794596  0.7822301
 0.7849081  0.77871394 0.7785652  0.78532547 0.7820141  0.7821363
 0.78323615 0.78729767 0.780173   0.78278893 0.7771411  0.7812198
 0.7758203  0.7824966  0.78320813 0.7823747  0.7825954  0.7772545
 0.77900684 0.780492   0.7811875  0.77559996 0.785149   0.7811807
 0.7795206  0.77901536 0.78278315 0.78175807 0.7818088  0.7754999
 0.7848657  0.78141004 0.7859247  0.7763858  0.78063595 0.7797415
 0.78142184 0.7848237  0.7830553  0.7820202  0.78347963 0.7793526
 0.78216004 0.787524   0.779844   0.77979743 0.7826486  0.78681463
 0.78143823 0.7852576  0.7822768  0.77978903 0.7815767  0.78130627
 0.78336686 0.7833406  0.7821944  0.77887255 0.77704316 0.78221214
 0.7801152  0.77836025 0.7861626  0.7803428  0.7814291  0.7862079
 0.77775264 0.7798482  0.77799046 0.7817956  0.778547   0.7801997
 0.78262615 0.7815559  0.7823221  0.7819054  0.78287196 0.7809106
 0.7787591  0.7815233 ]
[nltk_data] Downloading package wordnet to /mnt/iusers01/fse-
[nltk_data]     ugpgt01/compsci01/q12628ct/nltk_data...
[nltk_data]   Package wordnet is already up-to-date!
[nltk_data] Downloading package punkt_tab to /mnt/iusers01/fse-
[nltk_data]     ugpgt01/compsci01/q12628ct/nltk_data...
[nltk_data]   Package punkt_tab is already up-to-date!
[nltk_data] Downloading package omw-1.4 to /mnt/iusers01/fse-
[nltk_data]     ugpgt01/compsci01/q12628ct/nltk_data...
[nltk_data]   Package omw-1.4 is already up-to-date!
/mnt/iusers01/fse-ugpgt01/compsci01/q12628ct/.conda/envs/semantic-decoding/lib/python3.10/site-packages/huggingface_hub/file_download.py:945: FutureWarning: `resume_download` is deprecated and will be removed in version 1.0.0. Downloads always resume when possible. If you want to force a new download, use `force_download=True`.
  warnings.warn(
Some weights of the model checkpoint at roberta-large were not used when initializing RobertaModel: ['lm_head.bias', 'lm_head.layer_norm.weight', 'lm_head.dense.bias', 'lm_head.layer_norm.bias', 'lm_head.dense.weight']
- This IS expected if you are initializing RobertaModel from the checkpoint of a model trained on another task or with another architecture (e.g. initializing a BertForSequenceClassification model from a BertForPreTraining model).
- This IS NOT expected if you are initializing RobertaModel from the checkpoint of a model that you expect to be exactly identical (initializing a BertForSequenceClassification model from a BertForSequenceClassification model).
Some weights of RobertaModel were not initialized from the model checkpoint at roberta-large and are newly initialized: ['roberta.pooler.dense.bias', 'roberta.pooler.dense.weight']
You should probably TRAIN this model on a down-stream task to be able to use it for predictions and inference.
echo_repeat-2
WER
[-0.07138351 -0.07420368 -0.06560568 -0.07258127 -0.07982457 -0.06428377
 -0.0720501  -0.07812507 -0.06737069 -0.0641727  -0.04326474 -0.0778878
 -0.07915663 -0.05951003 -0.06842291 -0.07116149 -0.07550882 -0.07630809
 -0.07564881 -0.04742783 -0.0577181  -0.07609947 -0.06389709 -0.06366658
 -0.08631388 -0.02963319 -0.06647026 -0.04291323 -0.07791304 -0.06093817
 -0.0731007  -0.06650177 -0.08603877 -0.06409272 -0.07018872 -0.06580983
 -0.05611169 -0.06224733 -0.05290692 -0.06818101 -0.06111275 -0.06765682
 -0.06809323 -0.06005033 -0.07563704 -0.05718846 -0.07338705 -0.07418539
 -0.07309884 -0.05543215 -0.08338489 -0.07577848 -0.07736013 -0.07648154
 -0.06463412 -0.06752157 -0.07332509 -0.07283419 -0.05954593 -0.07944614
 -0.07878537 -0.06072204 -0.06535236 -0.07371001 -0.06725114 -0.05247365
 -0.07552515 -0.0805336  -0.05389179 -0.06367621 -0.06674326 -0.04114972
 -0.06874644 -0.07799904 -0.06381228 -0.08521355 -0.06609486 -0.05732999
 -0.05911335 -0.06107374 -0.07821676 -0.03918763 -0.06318773 -0.0742597
 -0.03578974 -0.07288059 -0.04851821 -0.07739114 -0.07033476 -0.05721462
 -0.05937858 -0.07413664 -0.07781362 -0.0753375  -0.05292809 -0.07323483
 -0.08064597 -0.05931585 -0.08071961 -0.08104217 -0.05996831 -0.07464242
 -0.06625787 -0.07969051 -0.06811208 -0.05893551 -0.05882392 -0.06172063
 -0.06086077 -0.07457331 -0.05894146 -0.06589701 -0.06290389 -0.07162049
 -0.07519481 -0.06747376 -0.0697819  -0.06515569 -0.06481472 -0.07280447
 -0.06174467 -0.06290873 -0.06940362 -0.07300913 -0.07398163 -0.06703523
 -0.06845875 -0.06593536 -0.0671592  -0.06233156 -0.07105004 -0.05875637
 -0.07309809 -0.07242476 -0.0701718  -0.07161065 -0.06508642 -0.05465269
 -0.07796176 -0.0688198  -0.07357852 -0.06647996 -0.05667832 -0.06582333
 -0.06658145 -0.07234596 -0.07911636 -0.06478295 -0.07738693 -0.06947551
 -0.0679968  -0.0644263  -0.07159461 -0.063733   -0.07226148 -0.05106257
 -0.06567316 -0.06482749 -0.05936563 -0.0665633  -0.07576066 -0.04840595
 -0.07242778 -0.07117024 -0.06277752 -0.06899284 -0.06959631 -0.07792663
 -0.05083565 -0.08159247 -0.05464938 -0.08084984 -0.06259767 -0.07410711
 -0.07334192 -0.05861079 -0.06929022 -0.07158692 -0.04618741 -0.06344264
 -0.06440357 -0.07277906 -0.06416595 -0.07574528 -0.08149397 -0.06779116
 -0.0691716  -0.08011865 -0.0535109  -0.08758641 -0.05862517 -0.05956744
 -0.06410403 -0.07213263 -0.05516836 -0.06596927 -0.0776453  -0.0775996
 -0.0665431  -0.09700367]
echo_repeat-2
BLEU
[0.14113707 0.17768392 0.16659663 0.16556274 0.13059474 0.17479537
 0.16019369 0.15455718 0.17397172 0.14404252 0.18721713 0.13159583
 0.16584723 0.15105065 0.18960208 0.16567989 0.14523798 0.15852372
 0.1519194  0.16890808 0.19457053 0.14733781 0.18375932 0.14850222
 0.12951779 0.16444335 0.18208657 0.18503995 0.15609945 0.181678
 0.17096389 0.14605745 0.1381199  0.14412453 0.17342703 0.13782412
 0.21342628 0.170269   0.15027514 0.13395347 0.17722891 0.1549225
 0.13289992 0.17037569 0.15479653 0.17468994 0.17395672 0.13732688
 0.14549359 0.17704526 0.13162945 0.18175188 0.14761606 0.15480803
 0.15217023 0.11304276 0.12577557 0.13112517 0.17552203 0.15993827
 0.14159208 0.14165031 0.17394817 0.14939246 0.14941816 0.19310529
 0.1245512  0.1365687  0.2150195  0.14549624 0.13727624 0.17554133
 0.15259168 0.15910477 0.18645219 0.11537264 0.17181348 0.18295884
 0.17169277 0.1726192  0.15545929 0.20055431 0.16831055 0.16510359
 0.18058294 0.17668004 0.19011934 0.15686934 0.1944115  0.17630338
 0.17777957 0.1893493  0.14318194 0.14660685 0.18465246 0.14332618
 0.11607224 0.14459254 0.17714445 0.15340428 0.16764649 0.14801644
 0.16288974 0.1586123  0.15840454 0.16709359 0.15261666 0.1771881
 0.14056974 0.14282693 0.15722906 0.15283044 0.15765004 0.15555997
 0.14898578 0.13840576 0.14708802 0.15908883 0.18676814 0.14483377
 0.14695387 0.15111144 0.14271598 0.17536353 0.14976312 0.20145937
 0.15429235 0.143215   0.16909834 0.14992921 0.14917739 0.17573503
 0.16067189 0.1485658  0.15569498 0.15214755 0.17899015 0.18499818
 0.19221663 0.18886372 0.15763253 0.16026611 0.15687183 0.17954229
 0.16359951 0.17206638 0.18820486 0.12773557 0.15657583 0.17051888
 0.14068771 0.18104425 0.15308972 0.17117425 0.14306349 0.17736763
 0.14828402 0.15373176 0.17673503 0.20764613 0.17946543 0.18051459
 0.15738998 0.15712486 0.1467519  0.14349525 0.19130065 0.14883618
 0.15915025 0.12263724 0.1807789  0.14779383 0.17303739 0.17829782
 0.12699055 0.18154615 0.1277032  0.14845214 0.17002    0.18156628
 0.13308245 0.16720796 0.20263983 0.1627584  0.15493542 0.17991603
 0.16940286 0.13559904 0.1686713  0.16583342 0.16600813 0.20325983
 0.1722     0.13592081 0.16618251 0.15529942 0.14956069 0.13300498
 0.16611743 0.14829808]
echo_repeat-2
METEOR
[0.09601122 0.11893416 0.09599407 0.10455172 0.08444064 0.13657244
 0.10176962 0.10667447 0.12408205 0.09537429 0.13016092 0.08354885
 0.10860202 0.12331747 0.11618913 0.10987707 0.12004738 0.09902831
 0.10840471 0.11542525 0.11946183 0.1048819  0.11008644 0.10389255
 0.0889129  0.11228459 0.11851919 0.13186485 0.10169458 0.11924543
 0.11136356 0.10421552 0.09866293 0.09914533 0.11072852 0.09463241
 0.13961116 0.11163006 0.10965055 0.09911512 0.11144687 0.0979831
 0.10060478 0.11601742 0.10168163 0.10662499 0.1240615  0.10042875
 0.11012139 0.11301797 0.09703145 0.11177189 0.09488492 0.101695
 0.10436282 0.07665874 0.09036386 0.08688537 0.12607604 0.1177784
 0.10946428 0.09470456 0.12349402 0.11068666 0.09019158 0.13765446
 0.08245621 0.08720735 0.14665748 0.10157262 0.08962979 0.12699617
 0.09299817 0.09616694 0.1255533  0.08130519 0.11522833 0.12216279
 0.10742841 0.11242948 0.11066952 0.12565329 0.12392809 0.11776241
 0.12940778 0.11036559 0.11857052 0.10506312 0.13121706 0.11002382
 0.11868086 0.13079226 0.08400486 0.09578602 0.10490812 0.09374628
 0.08247098 0.11035162 0.11535783 0.09820437 0.11200665 0.11174844
 0.10720223 0.11610554 0.12344497 0.13150837 0.10201018 0.14539846
 0.0976431  0.10111604 0.1004648  0.09282602 0.12169529 0.10800837
 0.09259783 0.092999   0.09218791 0.10578502 0.12549075 0.10077542
 0.09088887 0.11035172 0.09157995 0.11922178 0.09427671 0.1354985
 0.12263102 0.10692713 0.10995853 0.10611763 0.11035015 0.12723943
 0.10223833 0.10693575 0.09737975 0.09268611 0.12530753 0.13481485
 0.11643851 0.13248285 0.10471934 0.107755   0.10274862 0.12527809
 0.11391661 0.1219862  0.12462716 0.08456009 0.11385476 0.11484172
 0.08976185 0.12460522 0.09088349 0.12056994 0.10452998 0.12692554
 0.09169232 0.10231126 0.11479373 0.13959649 0.11292168 0.13764626
 0.11628697 0.12121105 0.089132   0.11232863 0.12089225 0.1115639
 0.11720384 0.08995106 0.1069813  0.10863925 0.11158312 0.11683614
 0.09770521 0.12446693 0.08153888 0.10330605 0.11083953 0.11746793
 0.10283277 0.11161222 0.13946576 0.1136315  0.10259093 0.10962561
 0.11138415 0.09812776 0.13187944 0.11323141 0.12120302 0.1206015
 0.11001204 0.093104   0.11123751 0.10529351 0.10085292 0.09414282
 0.10426783 0.10569065]
echo_repeat-2
BERT
[0.78097665 0.78605336 0.7796275  0.7832809  0.7832834  0.7875344
 0.78270453 0.7824223  0.7790264  0.7805895  0.78751373 0.77638143
 0.7802124  0.7851301  0.7878736  0.7822307  0.7858263  0.78504246
 0.78248966 0.78307796 0.785652   0.77608246 0.78291965 0.78240305
 0.781671   0.7849871  0.77876335 0.784141   0.7825596  0.78338194
 0.7817316  0.7814603  0.7808171  0.7839068  0.778406   0.77898556
 0.78470945 0.77960086 0.7796734  0.7799779  0.7843455  0.78039247
 0.78140324 0.78388876 0.77790207 0.7821942  0.78515655 0.7792289
 0.7817325  0.7893738  0.77922046 0.78212047 0.7817736  0.77819526
 0.78065205 0.7773904  0.7806335  0.7810263  0.7839028  0.781582
 0.78227204 0.7762033  0.7840019  0.7814469  0.7818598  0.78117687
 0.7776499  0.7806174  0.78390473 0.7802393  0.778604   0.78243667
 0.77509695 0.7806736  0.7803179  0.7793234  0.78278816 0.7835143
 0.78872895 0.7839065  0.7796053  0.77989376 0.7838802  0.7755733
 0.7846596  0.77996266 0.7844142  0.78053683 0.78169686 0.7812745
 0.7839155  0.78546554 0.775771   0.7851131  0.7811454  0.78111035
 0.77973825 0.7789555  0.7798007  0.7835531  0.78193337 0.7780375
 0.778107   0.77831554 0.7836231  0.78136    0.7850115  0.7833826
 0.77900946 0.77930206 0.78298587 0.78170085 0.782276   0.779093
 0.77963626 0.78721505 0.78064096 0.7866412  0.7811752  0.78250873
 0.7832587  0.78077334 0.78290486 0.7810233  0.7764315  0.7825055
 0.7803601  0.77840227 0.7817396  0.78394115 0.78406256 0.77828366
 0.78253484 0.7815882  0.78283554 0.7761795  0.7844471  0.78040946
 0.78493637 0.78345144 0.7879407  0.7795823  0.7839603  0.784122
 0.78152996 0.77724606 0.78110355 0.77916205 0.7842711  0.78027564
 0.7786436  0.78610677 0.78037286 0.7797046  0.78243035 0.78407764
 0.7795683  0.77707535 0.78156495 0.7869284  0.7844353  0.7805988
 0.7852241  0.7815263  0.78151554 0.7858469  0.7872636  0.7786593
 0.7836335  0.7794306  0.78300506 0.7805696  0.78159064 0.7850647
 0.77413327 0.7792067  0.7815343  0.78346944 0.78171307 0.7823398
 0.78111833 0.77984965 0.7842716  0.7803418  0.7840555  0.7824992
 0.78098    0.7810266  0.78404564 0.77709293 0.78024215 0.78337026
 0.780861   0.7793855  0.78242654 0.78370416 0.777624   0.78093386
 0.78087306 0.77625215]
