Job is using 1 GPU(s) with ID(s) 0 and 8 CPU core(s)
torch cuade is available: True
[nltk_data] Downloading package wordnet to /mnt/iusers01/fse-
[nltk_data]     ugpgt01/compsci01/q12628ct/nltk_data...
[nltk_data]   Package wordnet is already up-to-date!
[nltk_data] Downloading package punkt_tab to /mnt/iusers01/fse-
[nltk_data]     ugpgt01/compsci01/q12628ct/nltk_data...
[nltk_data]   Package punkt_tab is already up-to-date!
[nltk_data] Downloading package omw-1.4 to /mnt/iusers01/fse-
[nltk_data]     ugpgt01/compsci01/q12628ct/nltk_data...
[nltk_data]   Package omw-1.4 is already up-to-date!
/mnt/iusers01/fse-ugpgt01/compsci01/q12628ct/.conda/envs/semantic-decoding/lib/python3.10/site-packages/huggingface_hub/file_download.py:945: FutureWarning: `resume_download` is deprecated and will be removed in version 1.0.0. Downloads always resume when possible. If you want to force a new download, use `force_download=True`.
  warnings.warn(
Some weights of the model checkpoint at roberta-large were not used when initializing RobertaModel: ['lm_head.dense.weight', 'lm_head.dense.bias', 'lm_head.layer_norm.weight', 'lm_head.bias', 'lm_head.layer_norm.bias']
- This IS expected if you are initializing RobertaModel from the checkpoint of a model trained on another task or with another architecture (e.g. initializing a BertForSequenceClassification model from a BertForPreTraining model).
- This IS NOT expected if you are initializing RobertaModel from the checkpoint of a model that you expect to be exactly identical (initializing a BertForSequenceClassification model from a BertForSequenceClassification model).
Some weights of RobertaModel were not initialized from the model checkpoint at roberta-large and are newly initialized: ['roberta.pooler.dense.weight', 'roberta.pooler.dense.bias']
You should probably TRAIN this model on a down-stream task to be able to use it for predictions and inference.
wheretheressmoke
WER
[0.04049049 0.03844338 0.03210429 0.03628693 0.04006108 0.03425779
 0.04116775 0.03864868 0.03303219 0.03700846 0.03908289 0.03318305
 0.03493587 0.03606095 0.03367436 0.0383394  0.03968864 0.04321576
 0.03959776 0.0393774  0.04033324 0.035453   0.03732806 0.03415783
 0.04018022 0.0397473  0.04285508 0.03658957 0.03669811 0.0367807
 0.03578682 0.03337347 0.03608829 0.03797116 0.04419518 0.03346604
 0.04131196 0.03048677 0.03581985 0.03256849 0.03761159 0.03756168
 0.03024352 0.0375451  0.03562138 0.03917993 0.03478599 0.03866204
 0.03120409 0.03526793 0.04098632 0.03801927 0.03821324 0.04055832
 0.03849412 0.0376465  0.03934046 0.03431321 0.03841375 0.04090331
 0.03402778 0.03563523 0.03598922 0.03869469 0.03858245 0.03784828
 0.03050985 0.03716568 0.03937387 0.03468053 0.03953325 0.03873508
 0.03642031 0.0421691  0.03666478 0.02957309 0.02880271 0.03462279
 0.03537309 0.03057095 0.03394869 0.03663062 0.03811681 0.0411295
 0.03120659 0.03523801 0.04319035 0.03729016 0.02915824 0.03640075
 0.03471109 0.03712292 0.04159171 0.03747369 0.03848221 0.03856511
 0.03476935 0.04011332 0.03708502 0.04012344 0.03635635 0.03589305
 0.04143116 0.03884843 0.0376647  0.03372759 0.03541771 0.03266088
 0.03861303 0.03923253 0.03578561 0.03745993 0.0331099  0.03066523
 0.03333377 0.03422236 0.03747353 0.0409811  0.03426093 0.0417755
 0.03596026 0.03688308 0.03494165 0.03367609 0.03504497 0.03393466
 0.0394272  0.03347365 0.0434986  0.03774993 0.03841821 0.03893599
 0.03314714 0.03212431 0.03342633 0.03746773 0.04159266 0.03882531
 0.03707248 0.03408212 0.03490831 0.03526617 0.0399142  0.03445836
 0.04010227 0.03969682 0.03614276 0.03652796 0.0370865  0.03706223
 0.03278203 0.03886617 0.04627622 0.03632458 0.04040949 0.03938553
 0.03720366 0.03367675 0.03462015 0.03013691 0.03629382 0.03668013
 0.03903529 0.03442758 0.03928569 0.03429382 0.04178937 0.04337978
 0.03166836 0.04146828 0.03257698 0.03769902 0.03830745 0.03520714
 0.03126055 0.04408358 0.03413592 0.03838362 0.03086316 0.04359139
 0.02977553 0.03875322 0.03406772 0.03484014 0.03685243 0.04083389
 0.04040625 0.04083852 0.03128039 0.03737119 0.0390861  0.03410526
 0.04137166 0.0358778  0.03319113 0.03753355 0.04063506 0.03606512
 0.03648811 0.03786319]
wheretheressmoke
BLEU
[0.20040862 0.19626299 0.18418912 0.18696622 0.19373329 0.18139282
 0.19052868 0.19402244 0.19091478 0.18824505 0.20548787 0.18067945
 0.18740938 0.18748789 0.18226212 0.18450516 0.19424776 0.19925064
 0.20423535 0.18964149 0.19156551 0.18048336 0.18114688 0.18250899
 0.19287954 0.20328303 0.19973682 0.19308043 0.19972097 0.18865136
 0.18772196 0.18817983 0.19511422 0.18908261 0.19517323 0.18303879
 0.19705582 0.18489555 0.19827846 0.18148305 0.19861887 0.1996326
 0.1789179  0.18458086 0.1900597  0.20595612 0.17515283 0.20020757
 0.17544443 0.18920785 0.19224233 0.20460325 0.19907414 0.1896812
 0.18365493 0.20234676 0.18960329 0.18383913 0.18398679 0.19753744
 0.19293283 0.19529342 0.19086179 0.19829498 0.18540959 0.19435017
 0.18875288 0.19591788 0.19301325 0.19217475 0.19301279 0.18951844
 0.1950281  0.20433392 0.18420897 0.18628867 0.1780762  0.19157223
 0.18295051 0.1794692  0.18471416 0.19656654 0.19047135 0.19701845
 0.17765428 0.17968616 0.20928512 0.18522194 0.17553571 0.18792826
 0.18703438 0.19288651 0.18706367 0.18693529 0.19244314 0.18965355
 0.18615115 0.20034207 0.18182462 0.18811911 0.19604777 0.18774721
 0.19426934 0.18761466 0.18606512 0.18821361 0.19243619 0.17550849
 0.18395675 0.19917756 0.17278999 0.18750754 0.18067137 0.1885717
 0.18514697 0.18632965 0.19099142 0.19022342 0.19054087 0.20344686
 0.19902785 0.18897395 0.19707043 0.18139892 0.18707266 0.18923791
 0.19726606 0.18186064 0.19411134 0.19906727 0.19219611 0.18340383
 0.1728517  0.19363464 0.18673911 0.1857795  0.20322295 0.19777618
 0.19281634 0.19018341 0.18901572 0.18748045 0.20528889 0.187628
 0.19254494 0.19257715 0.18808822 0.20273237 0.18097282 0.18915981
 0.1833535  0.180311   0.20568498 0.19402276 0.1901456  0.19319365
 0.20388278 0.19092795 0.19935355 0.1857737  0.18845476 0.1916197
 0.19315056 0.18450033 0.1882613  0.1886057  0.1916367  0.20156297
 0.18175797 0.20350874 0.18737705 0.18743476 0.19154569 0.18418286
 0.19102454 0.19816176 0.18632744 0.19283776 0.18495165 0.19481327
 0.187373   0.20179414 0.18397823 0.20136044 0.18553351 0.20123581
 0.19398752 0.1882775  0.18157657 0.18731284 0.18290772 0.18235948
 0.1917887  0.19173658 0.18065845 0.19314227 0.19040381 0.1883757
 0.19585881 0.18628148]
wheretheressmoke
METEOR
[0.14568279 0.14887678 0.13365965 0.13540136 0.14059397 0.1324332
 0.14334934 0.13458208 0.14029999 0.14080962 0.14955772 0.13442233
 0.13231204 0.13785469 0.13111743 0.13681501 0.13814865 0.14490525
 0.14379858 0.13926487 0.13799638 0.12980929 0.13158533 0.13767671
 0.14041755 0.15118473 0.14489186 0.14112821 0.14738924 0.13677479
 0.13691839 0.13414075 0.13755173 0.13759098 0.14628476 0.13720705
 0.14183825 0.13508895 0.14276741 0.13797453 0.14105746 0.14877135
 0.13115124 0.13944356 0.14102559 0.14766316 0.13245048 0.14224206
 0.12954549 0.13908993 0.13588346 0.14849861 0.14688712 0.13633113
 0.13609145 0.14177182 0.14037783 0.13139747 0.13484043 0.1402808
 0.13661218 0.1408294  0.13915988 0.14166532 0.13833759 0.13679166
 0.13914402 0.14464753 0.14115177 0.14195956 0.13866335 0.13820504
 0.14209009 0.14035306 0.13423838 0.14018646 0.12920884 0.13858125
 0.1360233  0.13411845 0.13403743 0.138255   0.14001818 0.14300281
 0.12719006 0.13265489 0.15119537 0.13721719 0.13243337 0.135542
 0.13474988 0.13957825 0.13824343 0.13430308 0.13728664 0.13594192
 0.13824523 0.13756985 0.13461305 0.14000339 0.14378993 0.1370794
 0.14104664 0.13259523 0.13486062 0.13442146 0.13919463 0.12835788
 0.13311597 0.14322151 0.12817918 0.1277919  0.13073418 0.13479055
 0.13768652 0.1340466  0.13772833 0.14008547 0.13762076 0.14606892
 0.14243965 0.14163179 0.14598723 0.13547027 0.14113957 0.13653092
 0.14083891 0.13013242 0.14190591 0.14029588 0.13883323 0.13655633
 0.12600388 0.13960326 0.13897785 0.13717788 0.14609946 0.14038105
 0.13893176 0.13978694 0.13990593 0.13501857 0.14919525 0.14084627
 0.14182195 0.13839135 0.13437793 0.14222701 0.1347333  0.13222847
 0.1320919  0.13271617 0.14829917 0.14339302 0.13565704 0.14316457
 0.1472486  0.14104722 0.14368203 0.13585926 0.13554262 0.13556427
 0.1407309  0.13235213 0.13937869 0.13771419 0.14147407 0.14474141
 0.12995272 0.14561032 0.13454747 0.13794774 0.13698274 0.13214421
 0.14272363 0.14735853 0.14068804 0.13921373 0.13672343 0.14198984
 0.1353116  0.14074026 0.13496005 0.14226668 0.13732343 0.13745178
 0.13769125 0.13463004 0.13462714 0.1367847  0.13210032 0.13500158
 0.13474708 0.13943181 0.13396773 0.13952106 0.13897866 0.13616242
 0.13835158 0.13394832]
wheretheressmoke
BERT
[0.78903824 0.7920753  0.7898307  0.79091537 0.7911257  0.78894395
 0.7904271  0.788383   0.7876537  0.7912668  0.79194045 0.7893526
 0.78854156 0.7907188  0.7893527  0.7897311  0.78937876 0.79116255
 0.7910506  0.7893539  0.7914101  0.7884046  0.79000384 0.7885496
 0.7890354  0.7895887  0.7909195  0.79169375 0.78961205 0.7899657
 0.7887422  0.7887904  0.7905619  0.7883909  0.7900157  0.789479
 0.7894415  0.78918415 0.7881038  0.7897405  0.7903418  0.79221565
 0.7881565  0.78940326 0.79010105 0.78964996 0.79099405 0.790907
 0.7880617  0.79287326 0.78934073 0.79212564 0.7919118  0.7896308
 0.79019356 0.7894474  0.78886944 0.790998   0.78909796 0.79009414
 0.7899499  0.7896732  0.7906936  0.7917036  0.78929853 0.78871816
 0.78844714 0.7917322  0.79066527 0.7904002  0.7911944  0.78952086
 0.7904393  0.78946805 0.7894143  0.7892753  0.78839844 0.79022074
 0.788619   0.78842914 0.78994626 0.7890372  0.79133695 0.7909419
 0.7871725  0.7892187  0.7909465  0.7915194  0.78904796 0.7900632
 0.78980404 0.7903012  0.78974164 0.7909135  0.7895959  0.7885312
 0.78847146 0.78881896 0.78940636 0.7886565  0.79185766 0.7903511
 0.79144734 0.79059464 0.7901518  0.7901339  0.7899142  0.7873338
 0.791393   0.7903179  0.7888163  0.7870683  0.78938425 0.78998834
 0.7909169  0.7897949  0.79216325 0.79008824 0.7887159  0.79068154
 0.79070956 0.7905186  0.79202175 0.7896856  0.7905313  0.78757375
 0.7904276  0.7882088  0.79171443 0.7891068  0.7907391  0.7885064
 0.78853506 0.7915286  0.7893895  0.7903461  0.79115134 0.79018635
 0.7902246  0.7893522  0.7903469  0.78825915 0.7935639  0.78889525
 0.78953135 0.7904373  0.7895861  0.78882974 0.79217994 0.78947914
 0.78954494 0.78982526 0.78998464 0.7907127  0.7896427  0.7905513
 0.78953385 0.7905247  0.7898691  0.78960204 0.7900914  0.7915036
 0.7894958  0.78882444 0.7885643  0.79022413 0.7909717  0.7913842
 0.7872692  0.78834665 0.7897443  0.789702   0.7899081  0.7906982
 0.7902955  0.7916196  0.7901606  0.7903833  0.7892223  0.7900222
 0.7897995  0.79063773 0.78946036 0.7905978  0.7903114  0.7909387
 0.7907547  0.7902679  0.7903916  0.78837085 0.7903861  0.78949493
 0.78942287 0.78817517 0.790283   0.7889836  0.78959155 0.7890202
 0.79032516 0.78985626]
[nltk_data] Downloading package wordnet to /mnt/iusers01/fse-
[nltk_data]     ugpgt01/compsci01/q12628ct/nltk_data...
[nltk_data]   Package wordnet is already up-to-date!
[nltk_data] Downloading package punkt_tab to /mnt/iusers01/fse-
[nltk_data]     ugpgt01/compsci01/q12628ct/nltk_data...
[nltk_data]   Package punkt_tab is already up-to-date!
[nltk_data] Downloading package omw-1.4 to /mnt/iusers01/fse-
[nltk_data]     ugpgt01/compsci01/q12628ct/nltk_data...
[nltk_data]   Package omw-1.4 is already up-to-date!
/mnt/iusers01/fse-ugpgt01/compsci01/q12628ct/.conda/envs/semantic-decoding/lib/python3.10/site-packages/huggingface_hub/file_download.py:945: FutureWarning: `resume_download` is deprecated and will be removed in version 1.0.0. Downloads always resume when possible. If you want to force a new download, use `force_download=True`.
  warnings.warn(
Some weights of the model checkpoint at roberta-large were not used when initializing RobertaModel: ['lm_head.dense.bias', 'lm_head.layer_norm.bias', 'lm_head.dense.weight', 'lm_head.bias', 'lm_head.layer_norm.weight']
- This IS expected if you are initializing RobertaModel from the checkpoint of a model trained on another task or with another architecture (e.g. initializing a BertForSequenceClassification model from a BertForPreTraining model).
- This IS NOT expected if you are initializing RobertaModel from the checkpoint of a model that you expect to be exactly identical (initializing a BertForSequenceClassification model from a BertForSequenceClassification model).
Some weights of RobertaModel were not initialized from the model checkpoint at roberta-large and are newly initialized: ['roberta.pooler.dense.bias', 'roberta.pooler.dense.weight']
You should probably TRAIN this model on a down-stream task to be able to use it for predictions and inference.
Traceback (most recent call last):
  File "/net/scratch/q12628ct/semantic-decoding/decoding/evaluate_predictions.py", line 51, in <module>
    ref_data = load_transcript(args.experiment, reference)
  File "/net/scratch/q12628ct/semantic-decoding/decoding/utils_eval.py", line 23, in load_transcript
    with open(grid_path) as f: 
FileNotFoundError: [Errno 2] No such file or directory: '/net/scratch/q12628ct/semantic-decoding/data_test/test_stimulus/perceived_movie/sintel.TextGrid'
[nltk_data] Downloading package wordnet to /mnt/iusers01/fse-
[nltk_data]     ugpgt01/compsci01/q12628ct/nltk_data...
[nltk_data]   Package wordnet is already up-to-date!
[nltk_data] Downloading package punkt_tab to /mnt/iusers01/fse-
[nltk_data]     ugpgt01/compsci01/q12628ct/nltk_data...
[nltk_data]   Package punkt_tab is already up-to-date!
[nltk_data] Downloading package omw-1.4 to /mnt/iusers01/fse-
[nltk_data]     ugpgt01/compsci01/q12628ct/nltk_data...
[nltk_data]   Package omw-1.4 is already up-to-date!
/mnt/iusers01/fse-ugpgt01/compsci01/q12628ct/.conda/envs/semantic-decoding/lib/python3.10/site-packages/huggingface_hub/file_download.py:945: FutureWarning: `resume_download` is deprecated and will be removed in version 1.0.0. Downloads always resume when possible. If you want to force a new download, use `force_download=True`.
  warnings.warn(
Some weights of the model checkpoint at roberta-large were not used when initializing RobertaModel: ['lm_head.layer_norm.bias', 'lm_head.dense.bias', 'lm_head.bias', 'lm_head.layer_norm.weight', 'lm_head.dense.weight']
- This IS expected if you are initializing RobertaModel from the checkpoint of a model trained on another task or with another architecture (e.g. initializing a BertForSequenceClassification model from a BertForPreTraining model).
- This IS NOT expected if you are initializing RobertaModel from the checkpoint of a model that you expect to be exactly identical (initializing a BertForSequenceClassification model from a BertForSequenceClassification model).
Some weights of RobertaModel were not initialized from the model checkpoint at roberta-large and are newly initialized: ['roberta.pooler.dense.bias', 'roberta.pooler.dense.weight']
You should probably TRAIN this model on a down-stream task to be able to use it for predictions and inference.
presto
WER
[0.03811153 0.01902051 0.02737063 0.0265311  0.03594214 0.03733285
 0.02603928 0.03867209 0.03372618 0.04101508 0.02708819 0.03633015
 0.03995769 0.02672657 0.02761061 0.02881775 0.0265134  0.02707926
 0.02562785 0.04453992 0.03155612 0.03220064 0.02888011 0.03465951
 0.03177417 0.03087204 0.02659255 0.03569194 0.03739417 0.03256604
 0.03054865 0.03323735 0.03353933 0.03667841 0.03283465 0.03296653
 0.02905207 0.0396872  0.02739677 0.02989352 0.02994265 0.03071739
 0.02475499 0.02689126 0.0304574  0.03611154 0.03377568 0.02891235
 0.02964208 0.03850087 0.04265524 0.02150961 0.03834521 0.03381168
 0.03778999 0.02387074 0.02859614 0.03670566 0.03040031 0.0287338
 0.02461537 0.03113316 0.04105823 0.02962668 0.03516117 0.03567559
 0.03669734 0.02524289 0.03100672 0.02668156 0.035368   0.03697457
 0.03247825 0.0323454  0.02457426 0.03250209 0.03292419 0.02465489
 0.03442691 0.03059563 0.02369418 0.03345481 0.02779961 0.03381278
 0.02729252 0.02935461 0.03031606 0.03113985 0.02876472 0.02718577
 0.03797452 0.03190881 0.02850222 0.03736275 0.03190131 0.0384121
 0.02885287 0.03234907 0.03333117 0.03147733 0.03334657 0.0353675
 0.02643395 0.02656357 0.03293911 0.03265001 0.03930124 0.03669004
 0.03300752 0.02702253 0.02582144 0.03576691 0.02860735 0.02692149
 0.03681673 0.02326981 0.03948902 0.03444209 0.02751208 0.03093223
 0.03438399 0.02776358 0.02700291 0.0382591  0.03810833 0.03224457
 0.03078115 0.02537837 0.02877023 0.03075595 0.02692778 0.02326593
 0.03750096 0.03078049 0.03515031 0.0320242  0.03658084 0.03757477
 0.04103053 0.02812414 0.02668138 0.03342998 0.02403632 0.0297551
 0.02625513 0.0291582  0.03352328 0.02884404 0.0311088  0.03000579
 0.03217985 0.04586687 0.02963846 0.03604367 0.02882782 0.02619909
 0.04166053 0.02258701 0.02640368 0.0278186  0.02855991 0.03030318
 0.02534796 0.03516635 0.0333585  0.03505263 0.02557897 0.04205196
 0.03941046 0.03748704 0.02900588 0.02826719 0.02986282 0.04113474
 0.03401036 0.03141606 0.03218721 0.03178524 0.02277789 0.03581799
 0.03801313 0.03454106 0.03964228 0.03188887 0.03655742 0.03046244
 0.03435771 0.03899108 0.04074199 0.02908715 0.0281491  0.03671614
 0.02432353 0.02796245 0.02711273 0.02969716 0.02871229 0.02724204
 0.03496796 0.03130235]
presto
BLEU
[0.12024059 0.10118303 0.10909709 0.11025412 0.12446148 0.12919266
 0.11441535 0.122778   0.12033115 0.12836885 0.11424056 0.12257208
 0.13871858 0.11097138 0.12137692 0.10213104 0.11422836 0.10120115
 0.11179686 0.14696491 0.1177863  0.10299998 0.12260138 0.12524515
 0.11439129 0.12140661 0.10713856 0.11475502 0.12037555 0.12149427
 0.11710225 0.11262709 0.13019958 0.13797957 0.11914968 0.12017567
 0.10753664 0.13414514 0.11033612 0.11209575 0.12469553 0.13014697
 0.09775258 0.11903756 0.11398133 0.12107177 0.10737092 0.12060515
 0.11470118 0.14440922 0.12277705 0.11124287 0.11920395 0.12810442
 0.11341537 0.10713736 0.1007238  0.12873665 0.10860631 0.11599266
 0.1021995  0.11808301 0.12815075 0.10665852 0.11837117 0.13105204
 0.118794   0.11063735 0.1216636  0.1128587  0.11205461 0.12684573
 0.12286691 0.1084994  0.09861547 0.13328777 0.11120639 0.10547119
 0.12724612 0.10616433 0.0944299  0.11709238 0.11727287 0.12524163
 0.10841022 0.11724521 0.11426584 0.1152631  0.11023825 0.11241353
 0.11833117 0.12545698 0.10492857 0.11590818 0.12864171 0.12115843
 0.1072251  0.12804247 0.11258234 0.12795506 0.12558089 0.11870645
 0.10554584 0.11247363 0.11386954 0.09907289 0.12750956 0.12421304
 0.1403358  0.11695002 0.09912031 0.12805867 0.11170705 0.11587245
 0.12213296 0.11318226 0.12420642 0.12023631 0.10023819 0.10601055
 0.12189256 0.10381517 0.09769532 0.12395469 0.13816304 0.12114437
 0.11730379 0.11656104 0.12289235 0.13213029 0.0970818  0.08951501
 0.13247518 0.11343958 0.12204259 0.10643406 0.12320328 0.12005032
 0.13490051 0.11327107 0.12054452 0.10427019 0.10237583 0.11886774
 0.11466981 0.10209708 0.11857012 0.11041078 0.11219869 0.10260505
 0.11441147 0.1271251  0.12478444 0.12816507 0.11489783 0.09475136
 0.13045342 0.10817993 0.11119781 0.11245363 0.11436052 0.10477909
 0.10207183 0.12575946 0.12491792 0.12828778 0.09790998 0.12371612
 0.12942686 0.12890529 0.11133167 0.11416759 0.10757182 0.13757277
 0.12713531 0.11549412 0.11888959 0.11245256 0.10918524 0.12129242
 0.13147475 0.13011042 0.12972449 0.12755091 0.12645032 0.11102998
 0.11975121 0.12152427 0.12734626 0.12131549 0.12021408 0.11664799
 0.11024065 0.11923405 0.1145786  0.11448153 0.11696507 0.11673847
 0.13031877 0.11769909]
presto
METEOR
[0.08363031 0.07736894 0.07453696 0.08494212 0.08367324 0.08579138
 0.07960914 0.07948892 0.087064   0.08563951 0.07473588 0.08766815
 0.09392627 0.07928602 0.08031741 0.0788012  0.08245388 0.0748043
 0.07834632 0.09720509 0.08421232 0.07695704 0.0874567  0.0830224
 0.07933489 0.0864226  0.07196603 0.08047062 0.08261822 0.08507145
 0.0817276  0.08249204 0.09045837 0.09344412 0.08736313 0.08018717
 0.08078011 0.08515621 0.07856685 0.07940503 0.08584031 0.08912275
 0.06957521 0.08246348 0.08112979 0.08737248 0.08289224 0.08247301
 0.08181346 0.09345542 0.07990346 0.07474596 0.07752217 0.08745764
 0.0785468  0.07611755 0.07267434 0.08652424 0.07588499 0.07970105
 0.07908271 0.080351   0.09057022 0.07983837 0.0794135  0.08492916
 0.07945874 0.07706619 0.0789371  0.0812332  0.07780303 0.08654364
 0.08245319 0.07959184 0.0710343  0.09189115 0.08292332 0.07714016
 0.09154413 0.0731804  0.07116034 0.08528919 0.08665717 0.08681118
 0.0747344  0.08016419 0.0783176  0.07834584 0.07718689 0.08581333
 0.08701931 0.08359759 0.07470164 0.08281848 0.08524979 0.08298105
 0.07637984 0.08727977 0.07622565 0.08718854 0.0894371  0.08026305
 0.07535262 0.08087018 0.07796439 0.07208179 0.08668233 0.08519056
 0.09787287 0.08283297 0.0743797  0.08737676 0.07782029 0.08290725
 0.08488733 0.08249474 0.07811523 0.08137235 0.07622792 0.07522955
 0.08265707 0.07364078 0.07114636 0.08374545 0.09433001 0.08380017
 0.08018133 0.08216258 0.08285277 0.08839603 0.07353939 0.07023207
 0.08974371 0.07932052 0.08775074 0.07949817 0.08107155 0.08256602
 0.09338478 0.07883821 0.07988118 0.07678545 0.07570666 0.07874665
 0.08040748 0.07313968 0.08220189 0.07449098 0.07782132 0.07114776
 0.08500311 0.08361803 0.08517211 0.08970789 0.07741301 0.069122
 0.09005935 0.07771122 0.07732197 0.07785177 0.07662981 0.07429893
 0.0726452  0.08455898 0.08593596 0.08826725 0.07152796 0.08174805
 0.08407284 0.08871236 0.076645   0.08027545 0.07332008 0.08956752
 0.08441413 0.08391749 0.08300401 0.07652422 0.07668991 0.08446379
 0.08827583 0.08504537 0.08770229 0.08635726 0.08673993 0.07543026
 0.08312943 0.08242757 0.08709831 0.08839088 0.08170123 0.0834357
 0.08342214 0.08512954 0.07928799 0.08151614 0.08622513 0.08155339
 0.08451222 0.08117463]
presto
BERT
[0.77243304 0.77122855 0.7693627  0.7707491  0.77425075 0.77111185
 0.769304   0.7714619  0.77147335 0.7735419  0.7732178  0.7745553
 0.7752418  0.7711018  0.7725737  0.76925206 0.7722668  0.7681508
 0.7679365  0.77456975 0.7710591  0.76947176 0.77221054 0.77376217
 0.7685366  0.77289665 0.7704247  0.7708297  0.77277106 0.7693237
 0.77301323 0.7678584  0.7737014  0.7742736  0.7707809  0.7717712
 0.76813626 0.77038574 0.77393657 0.77173626 0.7699568  0.7741014
 0.7723739  0.7714275  0.77230483 0.77209616 0.7722856  0.7699932
 0.77264285 0.77417797 0.77033806 0.76843536 0.7709378  0.77241796
 0.77308685 0.77149045 0.7709161  0.77380186 0.7690558  0.77281326
 0.7709014  0.7734876  0.77217823 0.7717715  0.7717756  0.77371764
 0.77657455 0.7724009  0.7701735  0.7705621  0.77137345 0.77325135
 0.7728538  0.7686566  0.77186084 0.7716388  0.76937    0.7710348
 0.7711557  0.7709097  0.769905   0.77007616 0.77303404 0.7702223
 0.7695334  0.7716535  0.77129334 0.7700746  0.7693888  0.771685
 0.77067035 0.77563334 0.77034974 0.77014935 0.7729866  0.77287924
 0.76972073 0.77437276 0.7699498  0.7708166  0.7715931  0.7706381
 0.7697081  0.7723355  0.76896065 0.7725969  0.7726588  0.77279663
 0.77251446 0.7722151  0.76979285 0.773445   0.7737827  0.7714504
 0.7696353  0.77040625 0.77449965 0.77173096 0.77201045 0.7695831
 0.7705802  0.7694894  0.77066106 0.7759933  0.7733814  0.77026445
 0.7691915  0.7732759  0.77181095 0.77086776 0.77007526 0.76834327
 0.77676547 0.7743498  0.77367216 0.7709956  0.77234936 0.7701712
 0.77347356 0.76995665 0.7723791  0.77086693 0.7671057  0.76930827
 0.7699869  0.7706489  0.7717859  0.771344   0.77259463 0.7719699
 0.7697786  0.7724574  0.76892716 0.77321243 0.7734547  0.77164376
 0.7716641  0.7702795  0.76849407 0.7718484  0.77104414 0.7694527
 0.76962227 0.77098674 0.7708912  0.76815796 0.7700246  0.7739868
 0.77467316 0.7724369  0.77225465 0.7714327  0.7700254  0.7744129
 0.77319556 0.77398664 0.7720936  0.7712488  0.7706095  0.76976174
 0.7721854  0.7726773  0.7712985  0.77340466 0.77500534 0.76880175
 0.77162045 0.7741194  0.7735838  0.77220833 0.7722807  0.77180046
 0.76927286 0.77347684 0.77007836 0.7705578  0.7707253  0.7715249
 0.7736542  0.77056134]
[nltk_data] Downloading package wordnet to /mnt/iusers01/fse-
[nltk_data]     ugpgt01/compsci01/q12628ct/nltk_data...
[nltk_data]   Package wordnet is already up-to-date!
[nltk_data] Downloading package punkt_tab to /mnt/iusers01/fse-
[nltk_data]     ugpgt01/compsci01/q12628ct/nltk_data...
[nltk_data]   Package punkt_tab is already up-to-date!
[nltk_data] Downloading package omw-1.4 to /mnt/iusers01/fse-
[nltk_data]     ugpgt01/compsci01/q12628ct/nltk_data...
[nltk_data]   Package omw-1.4 is already up-to-date!
/mnt/iusers01/fse-ugpgt01/compsci01/q12628ct/.conda/envs/semantic-decoding/lib/python3.10/site-packages/huggingface_hub/file_download.py:945: FutureWarning: `resume_download` is deprecated and will be removed in version 1.0.0. Downloads always resume when possible. If you want to force a new download, use `force_download=True`.
  warnings.warn(
Some weights of the model checkpoint at roberta-large were not used when initializing RobertaModel: ['lm_head.dense.bias', 'lm_head.layer_norm.bias', 'lm_head.dense.weight', 'lm_head.layer_norm.weight', 'lm_head.bias']
- This IS expected if you are initializing RobertaModel from the checkpoint of a model trained on another task or with another architecture (e.g. initializing a BertForSequenceClassification model from a BertForPreTraining model).
- This IS NOT expected if you are initializing RobertaModel from the checkpoint of a model that you expect to be exactly identical (initializing a BertForSequenceClassification model from a BertForSequenceClassification model).
Some weights of RobertaModel were not initialized from the model checkpoint at roberta-large and are newly initialized: ['roberta.pooler.dense.weight', 'roberta.pooler.dense.bias']
You should probably TRAIN this model on a down-stream task to be able to use it for predictions and inference.
partlycloudy
WER
[-0.13180897 -0.1341395  -0.12744978 -0.13705445 -0.13604148 -0.13611154
 -0.13617199 -0.13862421 -0.13306852 -0.13450022 -0.13800045 -0.1322824
 -0.14277927 -0.13720759 -0.13508208 -0.12537906 -0.13859424 -0.13636957
 -0.129123   -0.13496321 -0.13939162 -0.14542302 -0.1418416  -0.1409202
 -0.13811807 -0.14109146 -0.14014329 -0.14701405 -0.13130355 -0.14237772
 -0.13792365 -0.14241997 -0.14087453 -0.12795435 -0.1384458  -0.13582539
 -0.13635464 -0.14312515 -0.13762214 -0.13700991 -0.13712504 -0.13942187
 -0.13085339 -0.13869457 -0.12912596 -0.13514242 -0.14939534 -0.13512834
 -0.13834542 -0.13660531 -0.14708155 -0.13350601 -0.13326018 -0.13833555
 -0.14449302 -0.13249483 -0.13718181 -0.14083904 -0.13337749 -0.12507492
 -0.13975672 -0.13421364 -0.13691091 -0.13742028 -0.13463436 -0.14622991
 -0.13685379 -0.13719885 -0.13905399 -0.14125306 -0.1327372  -0.13325838
 -0.12356922 -0.13863452 -0.13408699 -0.14048047 -0.13562476 -0.13591588
 -0.14188426 -0.13484748 -0.13793786 -0.13154972 -0.13769598 -0.14138798
 -0.13233924 -0.14653932 -0.13248669 -0.13640021 -0.14193413 -0.13447377
 -0.13164726 -0.14126923 -0.13295011 -0.1402915  -0.13998619 -0.14720276
 -0.12973247 -0.1410705  -0.1327994  -0.12842127 -0.13701702 -0.13591881
 -0.13433417 -0.13911827 -0.14210794 -0.13415063 -0.13458776 -0.12942924
 -0.1348778  -0.13575107 -0.13639827 -0.13798658 -0.12742002 -0.13693033
 -0.13889897 -0.13595267 -0.13532012 -0.13715517 -0.1358442  -0.13741833
 -0.12871983 -0.13103295 -0.14063871 -0.13797721 -0.13955521 -0.13473853
 -0.12807137 -0.13099916 -0.13525989 -0.13645198 -0.146967   -0.13063006
 -0.13981597 -0.13787719 -0.14187301 -0.12900793 -0.14353775 -0.13332828
 -0.1447231  -0.1413674  -0.13569085 -0.13654027 -0.14097768 -0.14293292
 -0.13347075 -0.14054987 -0.1382084  -0.13440257 -0.13811339 -0.12513741
 -0.14144144 -0.13880784 -0.13587316 -0.1317174  -0.14071921 -0.13909377
 -0.12868229 -0.14030275 -0.13403279 -0.13944451 -0.13627867 -0.13552545
 -0.1313181  -0.14030877 -0.13325912 -0.14523904 -0.13703152 -0.13338936
 -0.11983327 -0.1347328  -0.14288551 -0.13187322 -0.13405359 -0.13361291
 -0.13276081 -0.14105372 -0.12464613 -0.13570609 -0.14033162 -0.14905177
 -0.13106255 -0.14427554 -0.1340079  -0.14080585 -0.13250706 -0.13059229
 -0.13453278 -0.12954558 -0.12919664 -0.13715664 -0.13240997 -0.13666627
 -0.14311565 -0.13716673 -0.14235602 -0.13872312 -0.13513625 -0.13485351
 -0.1256286  -0.13111571]
partlycloudy
BLEU
[0.13730226 0.1453945  0.12941499 0.13125156 0.11043474 0.11668761
 0.1252908  0.12532372 0.12129233 0.12344654 0.13351135 0.13157415
 0.11830967 0.12925761 0.11575712 0.14480707 0.1227548  0.12277375
 0.14162847 0.13999667 0.12640181 0.1162986  0.11510293 0.11042599
 0.13256589 0.12506321 0.12098967 0.11266028 0.12805803 0.12393913
 0.12787086 0.12533898 0.12331641 0.14037811 0.12135019 0.11923172
 0.1287853  0.11556038 0.11877154 0.13928727 0.13235256 0.13480706
 0.13194709 0.12316416 0.14274089 0.12332666 0.1060023  0.12568212
 0.1104857  0.12880423 0.11623709 0.12551341 0.1333907  0.12706476
 0.11632137 0.13357748 0.12098073 0.12244495 0.12957679 0.1344306
 0.10988387 0.11679753 0.13047741 0.13625605 0.12164284 0.106225
 0.12006045 0.12164623 0.12962509 0.10621465 0.12503566 0.13656284
 0.14054722 0.12473    0.12297241 0.11640146 0.12318774 0.12897427
 0.12657327 0.12873357 0.12980716 0.14185285 0.1389837  0.11845055
 0.13760526 0.11410772 0.11726329 0.12908724 0.11543163 0.13849336
 0.13720517 0.11878366 0.13404285 0.1232822  0.11201643 0.11494298
 0.14257536 0.11470433 0.12217505 0.1294828  0.11320054 0.12596038
 0.13602296 0.11658781 0.11651399 0.12669811 0.11252981 0.13784638
 0.12539628 0.12936369 0.12296718 0.14087347 0.14981735 0.13578223
 0.12174892 0.12089989 0.12531014 0.11727883 0.12111962 0.11277934
 0.14076299 0.12694006 0.12197142 0.12002378 0.11027057 0.13712735
 0.14046977 0.13113529 0.12271398 0.13359088 0.11517018 0.13663189
 0.12794773 0.11514512 0.1154559  0.1347773  0.1128018  0.11628789
 0.11240992 0.12200625 0.12067206 0.11974077 0.12244524 0.12344736
 0.12018814 0.11359547 0.11134665 0.12663298 0.11812877 0.13244211
 0.1131412  0.13463059 0.1284435  0.13768618 0.11175418 0.11762673
 0.13425896 0.11887838 0.13039869 0.12104781 0.12156493 0.12688319
 0.14405605 0.1216187  0.12207945 0.1142173  0.12355823 0.12672809
 0.1449717  0.12888606 0.11487908 0.13393107 0.12260675 0.13297216
 0.12649427 0.12254684 0.13875339 0.11570276 0.12661096 0.10867127
 0.12883621 0.11377526 0.13381724 0.12116881 0.14062256 0.12701967
 0.14032843 0.12938487 0.12403579 0.12692681 0.13210211 0.12724725
 0.12290647 0.11585605 0.1231873  0.12366667 0.12663692 0.13333386
 0.12609414 0.1412458 ]
partlycloudy
METEOR
[0.10574761 0.11101617 0.10536881 0.10479851 0.09845906 0.09144979
 0.10163678 0.10429323 0.10063785 0.09850502 0.10581484 0.1047049
 0.09373965 0.10758598 0.09631456 0.11863681 0.10294752 0.09958921
 0.11116941 0.11092507 0.10493105 0.09394246 0.09713294 0.09044332
 0.10927384 0.10070281 0.10295367 0.09661826 0.09918235 0.09675845
 0.10609342 0.09883855 0.10119369 0.10256293 0.10232808 0.09571849
 0.10571849 0.09853988 0.09933447 0.10792344 0.10747217 0.10406393
 0.10445274 0.10881778 0.11448587 0.11592155 0.09001413 0.10359018
 0.09164419 0.10623133 0.09613676 0.1007525  0.10854416 0.09908893
 0.09598971 0.10639673 0.10151525 0.10011705 0.1092755  0.10886457
 0.09388273 0.09268144 0.10119723 0.10824439 0.09719032 0.09274539
 0.10032262 0.10274421 0.10627858 0.09342133 0.09628285 0.11182502
 0.11617476 0.10843999 0.10330634 0.09815159 0.10361603 0.10439116
 0.09883099 0.10469919 0.10528051 0.11497219 0.10750902 0.0904934
 0.11026648 0.09312311 0.09667873 0.10397462 0.10432755 0.10772688
 0.11168929 0.0976205  0.11273522 0.1063865  0.09471558 0.09674008
 0.11394631 0.0958926  0.10177398 0.10740734 0.09198381 0.0965211
 0.11432848 0.09913532 0.0955385  0.10388033 0.09314549 0.11022783
 0.10267819 0.10647027 0.10331522 0.11071728 0.11053568 0.11336459
 0.09736282 0.09431723 0.09977957 0.10010962 0.10099557 0.09437296
 0.11907843 0.09979808 0.09818431 0.0952516  0.09324615 0.11028857
 0.10593661 0.101456   0.10588449 0.10797424 0.09654445 0.1113988
 0.10339983 0.09708903 0.09346878 0.11187854 0.09142519 0.09806785
 0.08601783 0.0988728  0.10081252 0.09954584 0.09996107 0.09869313
 0.09952284 0.09088589 0.09974867 0.10785889 0.09678523 0.1057131
 0.0902092  0.11183714 0.1031271  0.11540664 0.09632422 0.0950609
 0.10171777 0.09624653 0.10027463 0.1023187  0.09822184 0.10481306
 0.10791728 0.10456534 0.10093192 0.09809862 0.10518203 0.10658271
 0.11019364 0.11077703 0.09855384 0.10723159 0.10406251 0.10755032
 0.10871709 0.10558445 0.11047974 0.09568662 0.10163946 0.09300818
 0.10490634 0.10321517 0.10931652 0.10046825 0.1123986  0.10131889
 0.10907653 0.1031097  0.10457049 0.10490952 0.10545644 0.10165848
 0.09404221 0.10032872 0.09973909 0.10287908 0.10300241 0.11319824
 0.10462337 0.11667646]
partlycloudy
BERT
[0.77870196 0.78156906 0.7804888  0.78152937 0.78082585 0.7775385
 0.7836994  0.78308403 0.7784688  0.7797972  0.77951485 0.77862805
 0.7802623  0.7768461  0.7775048  0.7816368  0.78052384 0.78091764
 0.7803488  0.7826373  0.77766466 0.7768376  0.7818172  0.78092533
 0.7789076  0.7812906  0.7805865  0.7803752  0.77636683 0.7799177
 0.7791219  0.78170836 0.77922016 0.78222173 0.77940536 0.7809646
 0.78179723 0.7819937  0.77832794 0.77979326 0.7799045  0.7780684
 0.7796501  0.7797554  0.77835554 0.78165567 0.78110504 0.7796014
 0.77820575 0.78201705 0.77926576 0.7805903  0.7814617  0.7799332
 0.778519   0.7814948  0.7808934  0.77954507 0.779736   0.7817743
 0.77866876 0.77950853 0.7780011  0.78018796 0.77999794 0.78050387
 0.7803512  0.7809821  0.77984595 0.77756387 0.7799229  0.7783838
 0.7832702  0.78086334 0.77720374 0.78058684 0.7788231  0.7806215
 0.7813613  0.77897066 0.7789868  0.7844044  0.7820296  0.78036267
 0.7814991  0.7783867  0.7802704  0.7797561  0.7817195  0.7783052
 0.7801203  0.7822031  0.78028715 0.779328   0.7789875  0.7791783
 0.78121537 0.7803666  0.77879554 0.78181624 0.7805283  0.7805918
 0.7788255  0.77982044 0.7792002  0.7820453  0.7795174  0.778901
 0.7783491  0.78383726 0.7790734  0.7789015  0.7817231  0.7833047
 0.7773531  0.77770615 0.77911085 0.7801329  0.7789339  0.7778971
 0.78058714 0.7794615  0.78057384 0.7784971  0.781074   0.77794033
 0.7827781  0.7823313  0.7771165  0.77735263 0.77914953 0.7829203
 0.7798742  0.77788365 0.77774423 0.7799468  0.78024083 0.7840129
 0.7788927  0.7790689  0.7796495  0.7788219  0.7788766  0.7779649
 0.7815079  0.779612   0.7786884  0.77692175 0.77782625 0.7815576
 0.77985835 0.7794642  0.77887416 0.78094095 0.7779754  0.77793217
 0.78056866 0.78044254 0.7809628  0.7788847  0.7788971  0.7802457
 0.77981144 0.7773737  0.7797332  0.7786941  0.7798906  0.7788826
 0.78042495 0.7812635  0.7805572  0.78094554 0.779842   0.777658
 0.7803589  0.77940965 0.7818803  0.78051335 0.7831654  0.7782887
 0.77855307 0.7786068  0.78119195 0.77894694 0.781108   0.7818922
 0.7797327  0.780858   0.7804621  0.7813288  0.78225183 0.7796564
 0.7791284  0.781336   0.77834594 0.78142816 0.77938354 0.7819532
 0.77768314 0.7825691 ]
[nltk_data] Downloading package wordnet to /mnt/iusers01/fse-
[nltk_data]     ugpgt01/compsci01/q12628ct/nltk_data...
[nltk_data]   Package wordnet is already up-to-date!
[nltk_data] Downloading package punkt_tab to /mnt/iusers01/fse-
[nltk_data]     ugpgt01/compsci01/q12628ct/nltk_data...
[nltk_data]   Package punkt_tab is already up-to-date!
[nltk_data] Downloading package omw-1.4 to /mnt/iusers01/fse-
[nltk_data]     ugpgt01/compsci01/q12628ct/nltk_data...
[nltk_data]   Package omw-1.4 is already up-to-date!
/mnt/iusers01/fse-ugpgt01/compsci01/q12628ct/.conda/envs/semantic-decoding/lib/python3.10/site-packages/huggingface_hub/file_download.py:945: FutureWarning: `resume_download` is deprecated and will be removed in version 1.0.0. Downloads always resume when possible. If you want to force a new download, use `force_download=True`.
  warnings.warn(
Some weights of the model checkpoint at roberta-large were not used when initializing RobertaModel: ['lm_head.bias', 'lm_head.dense.weight', 'lm_head.layer_norm.weight', 'lm_head.layer_norm.bias', 'lm_head.dense.bias']
- This IS expected if you are initializing RobertaModel from the checkpoint of a model trained on another task or with another architecture (e.g. initializing a BertForSequenceClassification model from a BertForPreTraining model).
- This IS NOT expected if you are initializing RobertaModel from the checkpoint of a model that you expect to be exactly identical (initializing a BertForSequenceClassification model from a BertForSequenceClassification model).
Some weights of RobertaModel were not initialized from the model checkpoint at roberta-large and are newly initialized: ['roberta.pooler.dense.weight', 'roberta.pooler.dense.bias']
You should probably TRAIN this model on a down-stream task to be able to use it for predictions and inference.
laluna
WER
[-0.05883964 -0.06086213 -0.06292881 -0.04837159 -0.0614399  -0.05361179
 -0.05518296 -0.06114324 -0.05177718 -0.05611367 -0.05740924 -0.0560161
 -0.06074797 -0.05015238 -0.06503144 -0.05537477 -0.05729144 -0.06541135
 -0.06366536 -0.04766486 -0.05466503 -0.0593638  -0.05557389 -0.06297425
 -0.06105057 -0.05858017 -0.06552602 -0.0678008  -0.05737623 -0.05913328
 -0.06123132 -0.06217288 -0.05803043 -0.06282296 -0.05304876 -0.06663789
 -0.054671   -0.05932064 -0.0631218  -0.05729378 -0.05206257 -0.06177841
 -0.04647753 -0.05743049 -0.06393095 -0.0646247  -0.05545033 -0.05975979
 -0.05408412 -0.06499907 -0.06218891 -0.05966309 -0.05563893 -0.05999145
 -0.05626331 -0.06046467 -0.0573934  -0.05543078 -0.05671094 -0.06030147
 -0.0578572  -0.05613091 -0.06999983 -0.04924166 -0.0592225  -0.05401035
 -0.05662268 -0.05067334 -0.05468508 -0.06068077 -0.06155829 -0.0664204
 -0.05459211 -0.05563962 -0.05185483 -0.06083224 -0.05598559 -0.05436212
 -0.05615379 -0.0601709  -0.05759322 -0.06274392 -0.05528668 -0.05982422
 -0.05891211 -0.06274948 -0.0618727  -0.05792314 -0.05257068 -0.05823967
 -0.06323938 -0.05691398 -0.06092048 -0.06083119 -0.05663635 -0.05601807
 -0.05972621 -0.06545059 -0.06139431 -0.05826171 -0.056903   -0.05837899
 -0.0648629  -0.0575347  -0.0572735  -0.06319268 -0.05573209 -0.05331546
 -0.06102402 -0.05653824 -0.05711922 -0.06009002 -0.05569941 -0.05162703
 -0.06098835 -0.05833889 -0.0578399  -0.05757063 -0.05756715 -0.06885223
 -0.06445194 -0.06441504 -0.04294736 -0.06821956 -0.05698946 -0.06303922
 -0.05554874 -0.06456002 -0.06052051 -0.06477431 -0.05356884 -0.05277701
 -0.0561604  -0.05706986 -0.06680138 -0.06160916 -0.05918636 -0.05998612
 -0.05899004 -0.05326766 -0.05936912 -0.06523868 -0.06005954 -0.07041447
 -0.06121711 -0.06524601 -0.05285733 -0.06446054 -0.06071424 -0.06245261
 -0.06183732 -0.05384935 -0.05779899 -0.06257782 -0.06789446 -0.05502035
 -0.05444035 -0.07376749 -0.06118536 -0.05977013 -0.05700304 -0.06180853
 -0.06353173 -0.06111292 -0.06216841 -0.06299833 -0.06062616 -0.06099279
 -0.06099908 -0.06555609 -0.04984236 -0.05960124 -0.0673565  -0.0570747
 -0.06256981 -0.06265711 -0.05416443 -0.0540421  -0.06389318 -0.06539718
 -0.05407855 -0.06235688 -0.06143302 -0.05475789 -0.05855602 -0.05208519
 -0.06640515 -0.05561509 -0.05643163 -0.06293118 -0.05925217 -0.05845144
 -0.05658754 -0.06293977 -0.06265999 -0.06230931 -0.05100026 -0.05690021
 -0.06669173 -0.06458587]
laluna
BLEU
[0.1238351  0.10995159 0.11097603 0.14757945 0.13000839 0.14176691
 0.13861205 0.12415864 0.12945328 0.12581293 0.13669736 0.11918476
 0.12523732 0.14670964 0.10757083 0.13181391 0.13981325 0.12109376
 0.11711011 0.14836026 0.12864767 0.11907835 0.12039733 0.13810392
 0.1199918  0.13841663 0.1197893  0.1087508  0.12763635 0.11790456
 0.12079784 0.1189751  0.12457665 0.10908757 0.12327583 0.10401822
 0.13538892 0.12566517 0.12030892 0.12524458 0.12276489 0.11897189
 0.14383942 0.13707512 0.12885731 0.12306898 0.13168856 0.12859676
 0.13396454 0.12624319 0.12864905 0.1152921  0.13632837 0.12599034
 0.13153618 0.12318048 0.12626946 0.12790697 0.11905971 0.13339768
 0.12643841 0.14066061 0.09992327 0.14668267 0.12785601 0.13257386
 0.12677184 0.13624513 0.13178941 0.11985059 0.11651871 0.11776411
 0.14488819 0.12903234 0.13682229 0.11836945 0.12847773 0.12029211
 0.12125511 0.12956248 0.13038052 0.11336694 0.12486038 0.12280235
 0.12626828 0.11263323 0.12723377 0.13399086 0.13545672 0.12029096
 0.12289144 0.13107573 0.11702442 0.13543507 0.1169859  0.13751737
 0.13271608 0.10769435 0.12848037 0.12728176 0.13228353 0.12541342
 0.12134836 0.13252841 0.12508966 0.13177809 0.12245609 0.12759911
 0.10920805 0.1345611  0.13574715 0.13768582 0.13323563 0.14755949
 0.12756248 0.13543877 0.12127256 0.12290466 0.12939532 0.11788383
 0.11942552 0.11408744 0.14073669 0.11486081 0.13404378 0.12795855
 0.14482105 0.12875551 0.11985445 0.10946714 0.13181814 0.13717747
 0.13765659 0.12704411 0.10948698 0.12351362 0.13292446 0.12357194
 0.1227574  0.14129357 0.12210174 0.12397035 0.14508834 0.10769032
 0.12846121 0.11366819 0.13298272 0.12329374 0.12114775 0.11210935
 0.12175511 0.11817741 0.13128119 0.12899685 0.10902861 0.13967194
 0.13218173 0.10105761 0.12353124 0.12417205 0.13220164 0.12005937
 0.11446886 0.11870194 0.12252514 0.1273588  0.13367479 0.13597929
 0.11474592 0.118446   0.14880609 0.12628674 0.1139961  0.13342111
 0.11536756 0.11663024 0.13360032 0.13524015 0.11793464 0.11129567
 0.13081871 0.11686658 0.13402107 0.13782473 0.13417459 0.13100777
 0.11941606 0.14016778 0.12407069 0.12732338 0.13308982 0.13447579
 0.12320128 0.12019083 0.1357278  0.12621459 0.13545492 0.13361265
 0.11777577 0.11204363]
laluna
METEOR
[0.08959829 0.08405595 0.08903181 0.10698247 0.09357071 0.10404584
 0.10431192 0.09599512 0.09067327 0.09743058 0.09720077 0.09165404
 0.08833578 0.1130575  0.07774361 0.09144189 0.10120822 0.09097491
 0.08862963 0.10556916 0.09636543 0.09005959 0.09521789 0.10413446
 0.08831146 0.10137087 0.09042336 0.08657051 0.09694093 0.09130736
 0.0876104  0.08601191 0.09518497 0.09011203 0.09131413 0.08316361
 0.09855153 0.09588337 0.08830653 0.09429576 0.09263709 0.09526843
 0.11019884 0.10029422 0.09679593 0.09531867 0.10092935 0.095003
 0.09540115 0.09289338 0.09438383 0.08560565 0.0979852  0.09132192
 0.09551819 0.09059802 0.09648494 0.09724169 0.09135263 0.09866219
 0.09312398 0.10483687 0.07610305 0.1079677  0.09575377 0.09612963
 0.09270989 0.10254242 0.09956228 0.09477173 0.08852584 0.0900855
 0.10540073 0.09903117 0.09606555 0.08612068 0.09740666 0.08849041
 0.09255243 0.09392686 0.09857075 0.08571216 0.08925852 0.08929247
 0.09670271 0.0902617  0.09067922 0.09732759 0.10019058 0.09040311
 0.09155073 0.09549377 0.09210888 0.0968463  0.08788045 0.09731078
 0.09622997 0.08591139 0.0978935  0.09565553 0.10311972 0.09127028
 0.09512482 0.09216611 0.09267976 0.09504575 0.08862962 0.09367327
 0.08291523 0.09488474 0.1000632  0.09854682 0.09692018 0.10374963
 0.09414439 0.10130199 0.0912009  0.09582158 0.0975511  0.08980071
 0.09624823 0.09116977 0.10463727 0.08741443 0.09485185 0.09700811
 0.1034695  0.09571922 0.08800293 0.08569501 0.09566388 0.09990707
 0.10082645 0.09359376 0.08533228 0.09700504 0.09510922 0.0940017
 0.09273979 0.10540398 0.09096423 0.0976086  0.10630438 0.08784714
 0.09354806 0.08812588 0.09611357 0.09327403 0.09105498 0.08551948
 0.09510043 0.08780853 0.10194653 0.09336931 0.08579999 0.09965629
 0.09694858 0.08082166 0.0930473  0.09832631 0.0984545  0.08963564
 0.09178162 0.09215353 0.09060604 0.09874974 0.09659105 0.10290232
 0.08660551 0.09167755 0.1056442  0.09544431 0.08576269 0.09777709
 0.09149608 0.09079566 0.10165467 0.09997139 0.08683886 0.08340242
 0.0975234  0.09355179 0.09922019 0.10578357 0.09470271 0.09536917
 0.08736209 0.09901101 0.09673196 0.09912324 0.09996064 0.09531846
 0.09322688 0.09472804 0.10089048 0.09507074 0.09722478 0.09561241
 0.09095591 0.08725628]
laluna
BERT
[0.7825695  0.78229177 0.7808731  0.7855948  0.78322875 0.78600615
 0.78655326 0.7832453  0.785166   0.77987015 0.78552866 0.78252465
 0.78321785 0.785769   0.78097093 0.7835521  0.78466094 0.780898
 0.78100497 0.7846745  0.7867699  0.7844024  0.7824982  0.78497785
 0.78164256 0.7864385  0.78414357 0.78512603 0.78604525 0.78368264
 0.78345877 0.7845815  0.7863656  0.78350717 0.78447014 0.78276664
 0.78468955 0.7835913  0.7834284  0.78593755 0.7843147  0.7838614
 0.7857086  0.7849123  0.7845155  0.7843261  0.78342146 0.7824991
 0.78270334 0.7858017  0.78371775 0.7823821  0.782771   0.78414214
 0.7842872  0.78336376 0.78395474 0.78215927 0.7842659  0.78456897
 0.78501946 0.7856863  0.7840978  0.78694487 0.7830462  0.78391194
 0.78574353 0.7869758  0.7848782  0.7857364  0.7838856  0.7818953
 0.7830863  0.7864448  0.7856379  0.7827612  0.7825773  0.7806299
 0.7841441  0.7825943  0.7852442  0.7840521  0.78501534 0.7821504
 0.7824875  0.783121   0.78396964 0.7832001  0.78704906 0.7816907
 0.7847749  0.7829586  0.782624   0.78606844 0.7820762  0.7847212
 0.7822736  0.78140634 0.78039193 0.78462815 0.7852677  0.7822649
 0.78142905 0.7859143  0.78225064 0.78351736 0.78477913 0.78584635
 0.78139955 0.7837327  0.7851628  0.78309304 0.78689015 0.78844845
 0.7846573  0.7864319  0.78315663 0.7854832  0.78204584 0.78420866
 0.7842264  0.78461874 0.78737086 0.7799458  0.7825098  0.7811923
 0.7859311  0.7837153  0.78429514 0.7818232  0.78316283 0.78376323
 0.7836678  0.786034   0.7854275  0.78327596 0.78665125 0.7843495
 0.7859285  0.7845092  0.7842267  0.78168184 0.78735197 0.7836325
 0.7840536  0.78139937 0.78515476 0.7824911  0.78211427 0.78334814
 0.78341603 0.7853975  0.7815058  0.7858554  0.7820655  0.7860735
 0.7879186  0.7849915  0.7837507  0.7809111  0.78447646 0.78239673
 0.7799425  0.78488517 0.78166986 0.7836467  0.78391546 0.78593844
 0.7840176  0.78257    0.7840828  0.7831113  0.7824785  0.7821836
 0.7828609  0.78510785 0.7854351  0.7842763  0.7816897  0.7845702
 0.79036987 0.78550524 0.7850062  0.78375274 0.78575593 0.78254604
 0.7843854  0.78390366 0.7843731  0.78424525 0.7844666  0.7845789
 0.78183156 0.7835544  0.78577906 0.7833652  0.7846331  0.7845377
 0.781515   0.78174233]
[nltk_data] Downloading package wordnet to /mnt/iusers01/fse-
[nltk_data]     ugpgt01/compsci01/q12628ct/nltk_data...
[nltk_data]   Package wordnet is already up-to-date!
[nltk_data] Downloading package punkt_tab to /mnt/iusers01/fse-
[nltk_data]     ugpgt01/compsci01/q12628ct/nltk_data...
[nltk_data]   Package punkt_tab is already up-to-date!
[nltk_data] Downloading package omw-1.4 to /mnt/iusers01/fse-
[nltk_data]     ugpgt01/compsci01/q12628ct/nltk_data...
[nltk_data]   Package omw-1.4 is already up-to-date!
/mnt/iusers01/fse-ugpgt01/compsci01/q12628ct/.conda/envs/semantic-decoding/lib/python3.10/site-packages/huggingface_hub/file_download.py:945: FutureWarning: `resume_download` is deprecated and will be removed in version 1.0.0. Downloads always resume when possible. If you want to force a new download, use `force_download=True`.
  warnings.warn(
Some weights of the model checkpoint at roberta-large were not used when initializing RobertaModel: ['lm_head.dense.weight', 'lm_head.layer_norm.bias', 'lm_head.bias', 'lm_head.dense.bias', 'lm_head.layer_norm.weight']
- This IS expected if you are initializing RobertaModel from the checkpoint of a model trained on another task or with another architecture (e.g. initializing a BertForSequenceClassification model from a BertForPreTraining model).
- This IS NOT expected if you are initializing RobertaModel from the checkpoint of a model that you expect to be exactly identical (initializing a BertForSequenceClassification model from a BertForSequenceClassification model).
Some weights of RobertaModel were not initialized from the model checkpoint at roberta-large and are newly initialized: ['roberta.pooler.dense.bias', 'roberta.pooler.dense.weight']
You should probably TRAIN this model on a down-stream task to be able to use it for predictions and inference.
alpha_repeat-1
WER
[-0.19193864 -0.17633586 -0.21722444 -0.18652762 -0.14447907 -0.15828672
 -0.20474149 -0.20193217 -0.17001116 -0.21699367 -0.1799873  -0.20845864
 -0.1985416  -0.20007837 -0.17735843 -0.21987068 -0.20286775 -0.1872284
 -0.2046229  -0.17263889 -0.19863936 -0.18007765 -0.1802657  -0.17270305
 -0.16744905 -0.20329441 -0.17943936 -0.18792825 -0.17518052 -0.18274644
 -0.18744495 -0.17511318 -0.19584502 -0.19830174 -0.17863149 -0.19389112
 -0.20264367 -0.17271778 -0.18355952 -0.18740886 -0.20447537 -0.18898573
 -0.21804444 -0.1863635  -0.18133635 -0.18874127 -0.18783333 -0.19421526
 -0.18893131 -0.20030399 -0.18602819 -0.18653202 -0.16817662 -0.1781541
 -0.1994975  -0.16996825 -0.21371196 -0.19013823 -0.19062819 -0.19419411
 -0.21946988 -0.18610192 -0.19231292 -0.21750807 -0.1835771  -0.17956909
 -0.18444251 -0.19579376 -0.15789316 -0.20845516 -0.18651262 -0.16548773
 -0.19937061 -0.14300779 -0.18883886 -0.19564834 -0.20873424 -0.18555111
 -0.16351034 -0.1809849  -0.19504452 -0.1775737  -0.19420356 -0.19245322
 -0.19666866 -0.19223113 -0.18903863 -0.19464597 -0.18871927 -0.17081359
 -0.17155526 -0.16444594 -0.19741927 -0.20600403 -0.1904468  -0.19001256
 -0.18927431 -0.1919078  -0.14992529 -0.19177452 -0.14214197 -0.20745176
 -0.17023053 -0.178547   -0.16155799 -0.18789077 -0.16567852 -0.17635633
 -0.16568779 -0.17737234 -0.2105832  -0.20318072 -0.1615543  -0.18631342
 -0.20052996 -0.18372568 -0.17870093 -0.19510692 -0.21104653 -0.22131079
 -0.17392099 -0.21428082 -0.18732091 -0.18965023 -0.18312406 -0.17286971
 -0.17364464 -0.20851136 -0.17223515 -0.16809439 -0.18820849 -0.1957814
 -0.1964719  -0.18888914 -0.16511762 -0.19570249 -0.16855671 -0.15850791
 -0.1983472  -0.16447698 -0.16469242 -0.19477399 -0.18565408 -0.1785274
 -0.18346855 -0.18970334 -0.19585214 -0.21502113 -0.16426025 -0.19501697
 -0.1758871  -0.17314711 -0.13392324 -0.17683566 -0.2062311  -0.20314154
 -0.19136072 -0.17667155 -0.21213518 -0.16857133 -0.18712064 -0.18609629
 -0.21481055 -0.1831421  -0.15881669 -0.18895653 -0.20027867 -0.19743499
 -0.17048231 -0.19240097 -0.21718599 -0.2075432  -0.17907836 -0.17427756
 -0.20528251 -0.17896886 -0.19597829 -0.17379252 -0.16822938 -0.1918696
 -0.17339922 -0.17944399 -0.17095665 -0.19393071 -0.1682183  -0.18473559
 -0.21427412 -0.14690239 -0.15621632 -0.22191424 -0.16973427 -0.20469787
 -0.18408651 -0.20813064 -0.16842309 -0.17730286 -0.21456998 -0.19744988
 -0.18613636 -0.186694  ]
alpha_repeat-1
BLEU
[0.17692437 0.1948647  0.11238554 0.18538546 0.20498596 0.1782965
 0.16908056 0.16108675 0.18916153 0.10551633 0.17509339 0.14345374
 0.15767231 0.22495674 0.18361196 0.13514054 0.16614893 0.20753351
 0.15700055 0.17903962 0.13489111 0.17228543 0.20342955 0.19031108
 0.18671511 0.124031   0.15969983 0.19415484 0.23393399 0.19522292
 0.15682508 0.23018546 0.15602908 0.16892255 0.14684006 0.16224708
 0.13584154 0.17306089 0.1250878  0.21677939 0.21484184 0.14394912
 0.13212276 0.19073162 0.1614475  0.17724353 0.14187118 0.16159622
 0.14825401 0.1907833  0.13724605 0.14683956 0.18310869 0.18688488
 0.16789064 0.18399351 0.1546259  0.16595362 0.15466985 0.15235932
 0.10329764 0.1876095  0.1938734  0.10658364 0.18717083 0.18538107
 0.20005466 0.13845679 0.23638075 0.13135847 0.18909238 0.22192039
 0.19764446 0.21241458 0.19644583 0.15322361 0.16158828 0.1667763
 0.19015505 0.15503725 0.1497399  0.22365459 0.16516251 0.16201651
 0.14344128 0.21680477 0.18565758 0.20150621 0.19776276 0.21115894
 0.22884533 0.19524465 0.17349178 0.17082852 0.18071131 0.16648627
 0.16302725 0.16254434 0.21771157 0.12525192 0.20687381 0.14460402
 0.21995952 0.19036733 0.18781415 0.19197521 0.21084564 0.20515402
 0.22069444 0.20494573 0.14385578 0.10285406 0.20395457 0.18275961
 0.19064412 0.17001449 0.144993   0.14429775 0.14355244 0.12509163
 0.23965905 0.10155682 0.19260346 0.19682213 0.23285859 0.21129859
 0.18027551 0.17016211 0.22232543 0.21407011 0.1892395  0.15860165
 0.1423107  0.17872905 0.2038446  0.1816376  0.20915438 0.24400208
 0.16517863 0.20403544 0.21672094 0.193658   0.22763851 0.22037232
 0.19661435 0.18018442 0.12543176 0.13527329 0.19274914 0.1663087
 0.17940753 0.21871296 0.20013449 0.15276728 0.15510856 0.14831614
 0.20770155 0.19497107 0.186996   0.2164071  0.22838644 0.16879861
 0.12905667 0.19385912 0.21561618 0.2091515  0.15548564 0.17569977
 0.18682941 0.22881956 0.12629622 0.1168039  0.19314041 0.2013694
 0.13479768 0.22070625 0.19689114 0.20511443 0.2030112  0.19169036
 0.16235096 0.18416329 0.20467502 0.18394832 0.14685041 0.17061014
 0.10353179 0.24673371 0.22534605 0.13929703 0.22086188 0.17860917
 0.16084538 0.15052272 0.20595171 0.19837281 0.11064151 0.13595573
 0.19239173 0.21350397]
alpha_repeat-1
METEOR
[0.12943136 0.13259177 0.09807862 0.14773797 0.1643317  0.14426659
 0.13247946 0.11640784 0.14400634 0.0975882  0.13551737 0.09819635
 0.13063063 0.15281702 0.14303829 0.09581169 0.13371307 0.15076222
 0.11142209 0.13023549 0.1255338  0.13698637 0.14152514 0.13425991
 0.14900127 0.08885053 0.12348272 0.13085935 0.18273879 0.15408008
 0.12005269 0.17081445 0.11336405 0.11233644 0.1121271  0.11874392
 0.10213723 0.12163726 0.11177604 0.16153314 0.16254359 0.1152935
 0.11160625 0.13834636 0.1225178  0.14343416 0.11796494 0.10563683
 0.10171083 0.13535601 0.10212139 0.10328284 0.14025566 0.13493118
 0.118969   0.1402183  0.13803848 0.12787473 0.12429321 0.10812526
 0.07862736 0.14428902 0.1602293  0.09238631 0.13237729 0.13159023
 0.14267657 0.11385432 0.18048633 0.09840675 0.13879428 0.15757849
 0.13674499 0.16927263 0.1431091  0.11593982 0.1157449  0.14517507
 0.14717624 0.11926786 0.11170851 0.17179612 0.12591266 0.12477935
 0.10788625 0.15115897 0.1349928  0.14749355 0.152084   0.14367047
 0.17933863 0.1404253  0.13879531 0.12057851 0.13927772 0.13369909
 0.13498898 0.1308293  0.16252481 0.11381264 0.13998789 0.10674209
 0.15586279 0.14224689 0.13920175 0.13564756 0.14515459 0.16626928
 0.16411607 0.14868634 0.12190485 0.10087923 0.14032459 0.12119681
 0.14648825 0.12484605 0.12702539 0.12178683 0.10340166 0.10587551
 0.17600678 0.10945156 0.15906762 0.13589958 0.16604892 0.13789723
 0.13333893 0.1220232  0.16409334 0.17158634 0.13140572 0.12466017
 0.12120922 0.1411839  0.16063641 0.12407128 0.16998942 0.17310952
 0.12999573 0.15326037 0.16325468 0.13857891 0.18557124 0.16858699
 0.16265889 0.12514867 0.09884654 0.11138818 0.12796772 0.1287816
 0.1276152  0.1725442  0.14811442 0.13727816 0.13323868 0.1111809
 0.14877902 0.15155252 0.13972238 0.16858136 0.15679262 0.12987421
 0.0989168  0.13601384 0.14350222 0.14010008 0.11544772 0.14368235
 0.13980424 0.15782645 0.09834661 0.1008522  0.15066901 0.15240307
 0.0972516  0.16545137 0.15034581 0.15425706 0.14969789 0.14525525
 0.11953318 0.13861128 0.16018063 0.13728733 0.11505174 0.13586471
 0.08304058 0.16728637 0.15543875 0.10372623 0.15563119 0.13799154
 0.12074637 0.12439883 0.14475388 0.15597671 0.09801009 0.09509874
 0.14804822 0.1461199 ]
alpha_repeat-1
BERT
[0.7939373  0.79989356 0.7920386  0.7953363  0.7992458  0.79686624
 0.79285544 0.7931138  0.7965005  0.7924266  0.7909023  0.79249394
 0.79125226 0.7955659  0.7929684  0.7886671  0.7919346  0.79323316
 0.7939414  0.7949461  0.79496396 0.7934542  0.79674065 0.7945721
 0.79719347 0.7869409  0.789672   0.79471576 0.8024294  0.78852177
 0.796836   0.799842   0.791628   0.79263276 0.7929604  0.7912286
 0.79232955 0.79031235 0.79325205 0.7946003  0.7949088  0.789335
 0.7889202  0.79253036 0.78816557 0.7938277  0.78768337 0.7891247
 0.79027015 0.7910579  0.7904608  0.79052603 0.79158604 0.7894534
 0.79647285 0.7967038  0.79226947 0.79338557 0.79312927 0.7916016
 0.78816056 0.7965632  0.7916246  0.7904995  0.79448307 0.7960032
 0.78698945 0.79354167 0.7967058  0.7888311  0.797593   0.79433835
 0.7986462  0.79455876 0.79082286 0.79133356 0.7894763  0.790908
 0.79910314 0.79398    0.7915953  0.79805917 0.79335266 0.7956664
 0.79159033 0.7948177  0.7907486  0.7983593  0.7918482  0.79517615
 0.8004577  0.79524624 0.7909921  0.7930616  0.79412675 0.79877543
 0.79725635 0.7952333  0.79767257 0.7916439  0.7932811  0.7966969
 0.79039603 0.79578584 0.79166657 0.7993604  0.7940976  0.7969359
 0.79483294 0.79500335 0.789461   0.7943621  0.7938443  0.79396987
 0.79403675 0.79450774 0.790797   0.79335606 0.7890632  0.7911672
 0.79455155 0.7868593  0.798641   0.7982772  0.79774547 0.7925435
 0.7949886  0.7899901  0.7982841  0.79682213 0.795685   0.7914559
 0.79054976 0.79568934 0.7961026  0.793913   0.79581255 0.7949724
 0.79662025 0.7953518  0.79337597 0.79296166 0.7951483  0.7987299
 0.79382557 0.795911   0.7914324  0.7929024  0.7938679  0.7900651
 0.794621   0.7984929  0.79383385 0.7916854  0.7927576  0.7902505
 0.7962263  0.7953573  0.7937663  0.798045   0.79877603 0.7894689
 0.7876305  0.7947929  0.7981501  0.79528826 0.7928078  0.7955709
 0.7962519  0.7990345  0.7913045  0.79168737 0.7947346  0.797136
 0.7902994  0.79727787 0.79215723 0.7939863  0.7958502  0.7950103
 0.7948217  0.7952574  0.7979328  0.79241896 0.7925364  0.7914536
 0.7916986  0.8018386  0.7972946  0.7894471  0.7901241  0.7967135
 0.79893184 0.7918821  0.79102314 0.7933821  0.78771293 0.79060906
 0.8028909  0.7944792 ]
[nltk_data] Downloading package wordnet to /mnt/iusers01/fse-
[nltk_data]     ugpgt01/compsci01/q12628ct/nltk_data...
[nltk_data]   Package wordnet is already up-to-date!
[nltk_data] Downloading package punkt_tab to /mnt/iusers01/fse-
[nltk_data]     ugpgt01/compsci01/q12628ct/nltk_data...
[nltk_data]   Package punkt_tab is already up-to-date!
[nltk_data] Downloading package omw-1.4 to /mnt/iusers01/fse-
[nltk_data]     ugpgt01/compsci01/q12628ct/nltk_data...
[nltk_data]   Package omw-1.4 is already up-to-date!
/mnt/iusers01/fse-ugpgt01/compsci01/q12628ct/.conda/envs/semantic-decoding/lib/python3.10/site-packages/huggingface_hub/file_download.py:945: FutureWarning: `resume_download` is deprecated and will be removed in version 1.0.0. Downloads always resume when possible. If you want to force a new download, use `force_download=True`.
  warnings.warn(
Some weights of the model checkpoint at roberta-large were not used when initializing RobertaModel: ['lm_head.bias', 'lm_head.layer_norm.weight', 'lm_head.layer_norm.bias', 'lm_head.dense.weight', 'lm_head.dense.bias']
- This IS expected if you are initializing RobertaModel from the checkpoint of a model trained on another task or with another architecture (e.g. initializing a BertForSequenceClassification model from a BertForPreTraining model).
- This IS NOT expected if you are initializing RobertaModel from the checkpoint of a model that you expect to be exactly identical (initializing a BertForSequenceClassification model from a BertForSequenceClassification model).
Some weights of RobertaModel were not initialized from the model checkpoint at roberta-large and are newly initialized: ['roberta.pooler.dense.weight', 'roberta.pooler.dense.bias']
You should probably TRAIN this model on a down-stream task to be able to use it for predictions and inference.
alpha_repeat-2
WER
[-0.14917795 -0.1283679  -0.14532687 -0.10183178 -0.12217482 -0.13759524
 -0.13163649 -0.10369682 -0.12309709 -0.1189691  -0.13960931 -0.12376843
 -0.14377329 -0.10625911 -0.11702621 -0.14553756 -0.11065097 -0.13162915
 -0.13282114 -0.11975526 -0.15443955 -0.12148078 -0.13186769 -0.10768385
 -0.10413657 -0.12895997 -0.12712634 -0.124951   -0.14630725 -0.10028283
 -0.1307967  -0.13372058 -0.13539678 -0.11939378 -0.13144196 -0.11589881
 -0.1425119  -0.13230742 -0.13315088 -0.09616236 -0.14801706 -0.1512366
 -0.12068022 -0.09572387 -0.1531421  -0.1234067  -0.13843866 -0.15099297
 -0.13934719 -0.1346277  -0.1560924  -0.09743348 -0.15403399 -0.16368353
 -0.10136825 -0.10018965 -0.11907819 -0.14011547 -0.12865175 -0.13713055
 -0.1232395  -0.09053636 -0.12388009 -0.13065712 -0.15611778 -0.12395023
 -0.12798613 -0.1421534  -0.13654919 -0.13050424 -0.13723514 -0.11412434
 -0.08818581 -0.10974386 -0.11095103 -0.10422494 -0.12000888 -0.11971475
 -0.13673254 -0.11894599 -0.13207231 -0.1047545  -0.11927734 -0.15292139
 -0.10827101 -0.10848417 -0.13824896 -0.13257754 -0.17265062 -0.12047705
 -0.13479304 -0.16035708 -0.14841969 -0.12274935 -0.13083344 -0.13874407
 -0.12255001 -0.12429419 -0.10639503 -0.14190727 -0.14589241 -0.13184086
 -0.13404096 -0.10657713 -0.12909341 -0.10435175 -0.14291266 -0.11585165
 -0.1766305  -0.10489567 -0.1256253  -0.1567762  -0.11753623 -0.13264887
 -0.10580472 -0.1330464  -0.12989646 -0.1471367  -0.13869217 -0.0921556
 -0.10810686 -0.12488449 -0.12551495 -0.12855367 -0.10287065 -0.13864612
 -0.14381099 -0.11052258 -0.14352724 -0.11868581 -0.12802591 -0.10549064
 -0.15806067 -0.11647278 -0.13005676 -0.14923333 -0.16138503 -0.13038353
 -0.08272209 -0.10074464 -0.15806944 -0.16929966 -0.14027822 -0.09395115
 -0.10721966 -0.14677932 -0.14837537 -0.12318017 -0.12358813 -0.10566472
 -0.11401478 -0.11799656 -0.11360831 -0.13395526 -0.14251011 -0.11073073
 -0.11892403 -0.15215411 -0.12804348 -0.14005891 -0.12243572 -0.12865931
 -0.14528353 -0.1165395  -0.14809018 -0.12953695 -0.10553315 -0.12903065
 -0.15584951 -0.13131719 -0.12961268 -0.10307633 -0.1280611  -0.10374611
 -0.13813653 -0.1232246  -0.12745525 -0.13941046 -0.09984153 -0.1256061
 -0.15839632 -0.13653873 -0.14566029 -0.12825735 -0.10030185 -0.10559917
 -0.11685635 -0.12009269 -0.13393509 -0.12664681 -0.12309633 -0.13242339
 -0.13104389 -0.12891739 -0.14664625 -0.14410244 -0.11686815 -0.12268598
 -0.12315509 -0.13083561]
alpha_repeat-2
BLEU
[0.12882203 0.18316728 0.21390102 0.23616324 0.17223722 0.16704035
 0.21382473 0.22766485 0.19909103 0.18656586 0.18903205 0.21641207
 0.19251449 0.23160521 0.20617746 0.15390778 0.2316861  0.20042051
 0.15823187 0.14800203 0.15404061 0.16075044 0.21718429 0.21617843
 0.1946766  0.17813575 0.21501501 0.23950068 0.15909513 0.23171746
 0.16776082 0.21831793 0.14990187 0.20736852 0.14147018 0.24523524
 0.2216043  0.1749163  0.15877027 0.20764394 0.16049982 0.1635762
 0.20239934 0.24979149 0.16701565 0.2039666  0.20733649 0.16598559
 0.21136339 0.21378561 0.22557349 0.20530449 0.16641731 0.09992172
 0.20447521 0.20137016 0.22306131 0.19988529 0.16822347 0.23627914
 0.1629928  0.24986322 0.1716994  0.19763486 0.15519477 0.2058428
 0.19733612 0.1796782  0.18859956 0.17535837 0.17557585 0.21339594
 0.27106214 0.19884594 0.22494949 0.19980345 0.21163115 0.16497235
 0.15568562 0.17395675 0.21654551 0.24443892 0.19800423 0.17734371
 0.24520173 0.21718188 0.16287462 0.16009003 0.1007332  0.21588151
 0.19361483 0.10705816 0.18980528 0.18051655 0.19750117 0.17843586
 0.17257174 0.1912169  0.19402235 0.15283854 0.17778897 0.1819593
 0.18203052 0.22151912 0.16599316 0.2353665  0.17847716 0.21269382
 0.10415862 0.21115804 0.21441033 0.17682318 0.19537087 0.16023217
 0.20249117 0.18718169 0.19304643 0.16531698 0.22238734 0.21932273
 0.21619531 0.2045836  0.20033875 0.16509218 0.23041366 0.18412266
 0.1867532  0.25239984 0.19200172 0.20617936 0.15986991 0.205998
 0.17918738 0.24950246 0.18392611 0.1325359  0.14057931 0.20291238
 0.24939416 0.2042535  0.14697196 0.13329915 0.19323412 0.2524833
 0.21440769 0.16738782 0.13537257 0.14956765 0.2198868  0.24476043
 0.18592493 0.17403899 0.20485286 0.19157243 0.21437374 0.21090606
 0.23341466 0.1109971  0.16923821 0.15000209 0.22275823 0.17610372
 0.14652068 0.20954458 0.1658762  0.19843818 0.21267988 0.18499184
 0.14208083 0.18217906 0.12628125 0.19140807 0.20741741 0.18406641
 0.18513824 0.1639161  0.17839862 0.18670784 0.22937521 0.17113904
 0.12739168 0.1799852  0.12846962 0.2045406  0.22395941 0.21237655
 0.21378909 0.21719631 0.14992745 0.19388269 0.17405466 0.20743518
 0.19593152 0.19056788 0.18849273 0.15738703 0.16280498 0.22512032
 0.18758704 0.15617393]
alpha_repeat-2
METEOR
[0.10062306 0.12990533 0.14434206 0.1573771  0.14412185 0.12612175
 0.16041794 0.14693984 0.14100908 0.13048141 0.13938934 0.15327246
 0.1334843  0.15293827 0.14376852 0.12153443 0.15793993 0.17386422
 0.11376614 0.12663608 0.10944028 0.12272136 0.16009133 0.14232786
 0.16264433 0.13222075 0.13801952 0.15936181 0.11701649 0.14826777
 0.12235576 0.16697438 0.11742582 0.14858999 0.12152236 0.1675585
 0.16111924 0.13054929 0.11479673 0.15669352 0.11450964 0.1111461
 0.14032948 0.18772913 0.13339589 0.14444587 0.14303472 0.12747853
 0.13725427 0.15112621 0.14494557 0.16084885 0.11476993 0.08040617
 0.15469025 0.15235455 0.16722771 0.12959826 0.13120577 0.15459835
 0.11229357 0.17070478 0.11540632 0.14490696 0.12779595 0.14382976
 0.16052179 0.12841425 0.13819973 0.11598387 0.12601264 0.14604279
 0.18042915 0.15680696 0.17745397 0.14534969 0.15634489 0.12110024
 0.12833858 0.12567972 0.15332635 0.16338466 0.15164408 0.12434999
 0.16949819 0.15273958 0.11697287 0.11375084 0.07837833 0.13434487
 0.13005409 0.07687583 0.12414334 0.12558394 0.14183517 0.12853513
 0.12991054 0.14118158 0.15528984 0.10562606 0.12739569 0.12015614
 0.14408418 0.17550998 0.12481262 0.16269029 0.13702587 0.14243375
 0.08054793 0.14367797 0.15437256 0.12714258 0.12483584 0.11368058
 0.13567561 0.13739186 0.15028197 0.13414949 0.16935462 0.19372668
 0.17844605 0.16123757 0.14589764 0.12674371 0.16794671 0.14881096
 0.13758045 0.17774011 0.1266288  0.14274629 0.11144576 0.13430023
 0.14464854 0.18010977 0.13559438 0.11004057 0.109265   0.14602851
 0.17695114 0.16002246 0.11198631 0.09728004 0.14007415 0.16984768
 0.16375789 0.12517748 0.09176864 0.11853016 0.15500119 0.16285738
 0.13983771 0.14703009 0.15428362 0.12664136 0.14830993 0.1525582
 0.1617676  0.078309   0.12255786 0.11695267 0.15343425 0.14042189
 0.12975174 0.14764632 0.13834688 0.14238897 0.15903714 0.14752774
 0.0977306  0.13298492 0.11563529 0.14162261 0.14095662 0.13955504
 0.13016147 0.10994951 0.13702347 0.12704478 0.15756498 0.136705
 0.08814554 0.12316231 0.09822005 0.14954061 0.18566343 0.16060814
 0.16133638 0.15600041 0.10654312 0.14110329 0.11533155 0.13204401
 0.153852   0.13401988 0.13439214 0.12320299 0.13054583 0.15313594
 0.13275733 0.12980448]
alpha_repeat-2
BERT
[0.79033643 0.79157096 0.79209065 0.79565483 0.7999007  0.79002166
 0.79439914 0.7950419  0.7970364  0.7933822  0.79211277 0.79560655
 0.7933855  0.7961693  0.79338884 0.791146   0.796663   0.7971158
 0.79117423 0.79332983 0.790488   0.79350066 0.7938063  0.79688144
 0.7917635  0.796117   0.79310006 0.79475653 0.78971726 0.79410255
 0.79512656 0.7987973  0.7884626  0.79544544 0.7894559  0.79649734
 0.7935858  0.79481494 0.79739475 0.79454356 0.79335934 0.792577
 0.79760677 0.8002754  0.79553914 0.79641825 0.7921877  0.79035705
 0.7937738  0.80021685 0.79671127 0.7976126  0.79531944 0.7893605
 0.7990897  0.7948547  0.79379135 0.7894032  0.7970022  0.7974407
 0.7949207  0.7981768  0.79152644 0.79017353 0.7913473  0.79578185
 0.797545   0.7950617  0.79804707 0.78890294 0.7938894  0.7971303
 0.79670984 0.78884816 0.7985542  0.79834086 0.7938468  0.79203784
 0.79214317 0.79395676 0.7950727  0.80474687 0.8009383  0.79073286
 0.7956395  0.8000892  0.7952083  0.794204   0.7900578  0.79520035
 0.79004353 0.78972113 0.8007029  0.79285693 0.79334605 0.793931
 0.79553616 0.79300094 0.7916806  0.79115045 0.7885129  0.7949461
 0.79368097 0.7893295  0.7918504  0.79396635 0.7986697  0.79629666
 0.7873401  0.79546505 0.7928875  0.79320276 0.79043925 0.7888505
 0.7929824  0.80054104 0.79160494 0.7955518  0.7964338  0.7974502
 0.8017312  0.79336035 0.7897254  0.7900565  0.79628503 0.7935547
 0.7957953  0.80415    0.7982135  0.79141533 0.7889598  0.79497546
 0.79369766 0.79597354 0.79180956 0.7930871  0.7918633  0.79520994
 0.8009153  0.7965689  0.794285   0.79163116 0.7967933  0.80244476
 0.79692197 0.7931024  0.7890399  0.79015803 0.7991613  0.7940982
 0.79514146 0.7911351  0.7933983  0.79669654 0.7930052  0.7969645
 0.7947734  0.79203695 0.79166794 0.79199463 0.79434276 0.7929475
 0.7881496  0.7947074  0.79089105 0.79746217 0.79911876 0.7981866
 0.7921771  0.7930615  0.7928172  0.79874253 0.79029137 0.7987888
 0.7881422  0.7931914  0.7961035  0.7893566  0.79769826 0.79410106
 0.7908901  0.7906724  0.788084   0.79759014 0.79687315 0.7985116
 0.7974858  0.7961933  0.79064995 0.79715383 0.7979003  0.7965952
 0.79306775 0.7996442  0.7915493  0.7912893  0.79370683 0.7944842
 0.79417753 0.79600114]
[nltk_data] Downloading package wordnet to /mnt/iusers01/fse-
[nltk_data]     ugpgt01/compsci01/q12628ct/nltk_data...
[nltk_data]   Package wordnet is already up-to-date!
[nltk_data] Downloading package punkt_tab to /mnt/iusers01/fse-
[nltk_data]     ugpgt01/compsci01/q12628ct/nltk_data...
[nltk_data]   Package punkt_tab is already up-to-date!
[nltk_data] Downloading package omw-1.4 to /mnt/iusers01/fse-
[nltk_data]     ugpgt01/compsci01/q12628ct/nltk_data...
[nltk_data]   Package omw-1.4 is already up-to-date!
/mnt/iusers01/fse-ugpgt01/compsci01/q12628ct/.conda/envs/semantic-decoding/lib/python3.10/site-packages/huggingface_hub/file_download.py:945: FutureWarning: `resume_download` is deprecated and will be removed in version 1.0.0. Downloads always resume when possible. If you want to force a new download, use `force_download=True`.
  warnings.warn(
Some weights of the model checkpoint at roberta-large were not used when initializing RobertaModel: ['lm_head.dense.weight', 'lm_head.layer_norm.bias', 'lm_head.layer_norm.weight', 'lm_head.dense.bias', 'lm_head.bias']
- This IS expected if you are initializing RobertaModel from the checkpoint of a model trained on another task or with another architecture (e.g. initializing a BertForSequenceClassification model from a BertForPreTraining model).
- This IS NOT expected if you are initializing RobertaModel from the checkpoint of a model that you expect to be exactly identical (initializing a BertForSequenceClassification model from a BertForSequenceClassification model).
Some weights of RobertaModel were not initialized from the model checkpoint at roberta-large and are newly initialized: ['roberta.pooler.dense.weight', 'roberta.pooler.dense.bias']
You should probably TRAIN this model on a down-stream task to be able to use it for predictions and inference.
bravo_repeat-1
WER
[-0.04902713 -0.06778505 -0.04633202 -0.05701397 -0.07679246 -0.05703303
 -0.07144236 -0.06913818 -0.10005925 -0.06538546 -0.06710367 -0.08849231
 -0.07392434 -0.0877626  -0.07121079 -0.06765358 -0.06993147 -0.09548515
 -0.06289654 -0.10999785 -0.08871657 -0.08226301 -0.08827125 -0.05200315
 -0.08828408 -0.06621833 -0.07565135 -0.07013206 -0.07476917 -0.04368795
 -0.08506335 -0.07367155 -0.0713403  -0.08898421 -0.07607695 -0.07595842
 -0.08757505 -0.07840193 -0.05204646 -0.08754304 -0.07344478 -0.0581366
 -0.08859548 -0.06706675 -0.08126643 -0.06646808 -0.09026034 -0.08079211
 -0.07972352 -0.06816379 -0.06570388 -0.08523694 -0.09370897 -0.06549602
 -0.06998525 -0.06533687 -0.08949054 -0.07185323 -0.08827775 -0.08027378
 -0.08632827 -0.0794547  -0.08314023 -0.08892842 -0.06292717 -0.05786709
 -0.0718117  -0.08311796 -0.06689131 -0.06598229 -0.08279184 -0.07891575
 -0.08747588 -0.07409121 -0.06821193 -0.07263395 -0.093811   -0.071382
 -0.07857522 -0.07707257 -0.05877064 -0.07444071 -0.06513332 -0.08189388
 -0.0662364  -0.06222449 -0.07794306 -0.06949128 -0.10442579 -0.08342295
 -0.06977558 -0.07001052 -0.0881655  -0.05246041 -0.06780697 -0.07663568
 -0.0697182  -0.08131461 -0.05386698 -0.07197272 -0.06323173 -0.08157177
 -0.06336187 -0.07461454 -0.09855068 -0.07076134 -0.07444522 -0.07517849
 -0.09470364 -0.05589479 -0.08087146 -0.09267982 -0.07726777 -0.08137684
 -0.07707244 -0.0657248  -0.06932138 -0.08961053 -0.07940604 -0.07973828
 -0.0677225  -0.05833883 -0.09799416 -0.08321059 -0.06775671 -0.09506584
 -0.06512451 -0.07652793 -0.07736044 -0.06767909 -0.07350071 -0.07832229
 -0.07434911 -0.09220478 -0.07737985 -0.07701697 -0.10078116 -0.07706804
 -0.07943501 -0.07406686 -0.08195211 -0.10351233 -0.07230031 -0.08755244
 -0.08436066 -0.0404689  -0.06815716 -0.06960711 -0.07506186 -0.07275234
 -0.08307777 -0.09240737 -0.07833897 -0.06377163 -0.08580721 -0.08633419
 -0.09427228 -0.09910559 -0.05549938 -0.07092973 -0.04648866 -0.06518554
 -0.09455558 -0.0847878  -0.10039416 -0.07713302 -0.06538048 -0.08860995
 -0.08711787 -0.08977113 -0.09925106 -0.09450723 -0.07361775 -0.09013717
 -0.09144204 -0.06919036 -0.08384639 -0.07728587 -0.05877808 -0.07081491
 -0.07454971 -0.05970131 -0.06954995 -0.08832019 -0.06468449 -0.06465363
 -0.08674205 -0.08793134 -0.08685619 -0.07885135 -0.08891244 -0.03621401
 -0.07520535 -0.07872424 -0.07284128 -0.07264465 -0.09008175 -0.07423002
 -0.0824143  -0.09063333]
bravo_repeat-1
BLEU
[0.26257019 0.14343564 0.2391952  0.25394389 0.17716403 0.23446879
 0.19158397 0.23810507 0.17658395 0.21029538 0.24205793 0.19964597
 0.22294256 0.14085296 0.19842547 0.25446195 0.23169599 0.16939518
 0.21346464 0.12372638 0.22229394 0.21272015 0.27117056 0.27619524
 0.20613396 0.20169699 0.24964867 0.18464008 0.2176666  0.26521202
 0.17428804 0.21522623 0.19563322 0.20874152 0.22510229 0.2088754
 0.2205725  0.2165018  0.24447077 0.17236522 0.21673028 0.18781996
 0.20723674 0.22667732 0.24218392 0.23930858 0.18817713 0.21001888
 0.22090014 0.21146734 0.19691502 0.19826393 0.15622126 0.25192873
 0.21182057 0.2014026  0.2160267  0.25579333 0.16772826 0.19910241
 0.20884704 0.18076911 0.2289555  0.20116696 0.27239835 0.237314
 0.25397321 0.26186734 0.24323606 0.23026084 0.20629198 0.18987771
 0.16766956 0.2439985  0.2257783  0.20300055 0.18194256 0.23796358
 0.21900752 0.24086524 0.2096148  0.1874854  0.21714445 0.16303764
 0.24786107 0.23912637 0.22289725 0.25013985 0.14111005 0.16764815
 0.26241205 0.26777273 0.1918962  0.23755037 0.22557826 0.20232968
 0.20148709 0.18341651 0.22999364 0.24688837 0.20228161 0.20513421
 0.20074455 0.24164711 0.17899532 0.21896403 0.2037458  0.21522277
 0.21034665 0.22125678 0.21629129 0.19732127 0.21016595 0.18298131
 0.21146115 0.2841346  0.23740422 0.17088676 0.27221905 0.18299995
 0.24364871 0.23773513 0.20484652 0.2327643  0.21536917 0.16542635
 0.23112563 0.23576609 0.22561822 0.186264   0.22101162 0.20795194
 0.16940895 0.21793    0.23624119 0.2094798  0.18601763 0.21696671
 0.23212272 0.2237735  0.20049893 0.17519363 0.17656645 0.1756542
 0.18795888 0.22962635 0.20186817 0.23827103 0.21276896 0.21540605
 0.22320351 0.20535313 0.21721393 0.21336969 0.24215557 0.24052279
 0.14165567 0.1614397  0.241525   0.21182522 0.24219282 0.23111769
 0.18022006 0.23799837 0.17853846 0.18720466 0.19870537 0.211634
 0.18905618 0.16877831 0.13984568 0.23232644 0.2198482  0.18234367
 0.15998263 0.21675951 0.21616884 0.23872708 0.23490583 0.22389431
 0.24985568 0.23269731 0.25606087 0.22414458 0.19698823 0.26019973
 0.20419929 0.17371667 0.22302844 0.23317141 0.18209604 0.21671984
 0.21877611 0.2288865  0.16911568 0.21520977 0.18583122 0.23014726
 0.22910835 0.19321146]
bravo_repeat-1
METEOR
[0.18185861 0.10805761 0.16905918 0.17865752 0.13604794 0.1627301
 0.13935599 0.15046141 0.12342944 0.14251155 0.1824687  0.14473835
 0.1748501  0.11906673 0.1267633  0.16573369 0.16003796 0.12676666
 0.15386149 0.09217783 0.14455249 0.15814282 0.16926132 0.21006556
 0.15586223 0.15373114 0.16657357 0.12486186 0.15242748 0.18363552
 0.12299805 0.15298144 0.15283891 0.15011769 0.14321901 0.14119322
 0.15342496 0.14193291 0.17706629 0.11503888 0.15308535 0.12396963
 0.15433092 0.16460296 0.18500544 0.18959036 0.12481423 0.14636216
 0.16626479 0.13355697 0.13905105 0.13438514 0.1047804  0.16612127
 0.14085766 0.14440047 0.16229312 0.18044994 0.11721169 0.13914036
 0.1472369  0.12743662 0.15220787 0.14247397 0.18757996 0.15737214
 0.17222617 0.18721426 0.15699052 0.15706217 0.15300395 0.14912067
 0.11192425 0.16612747 0.16988643 0.14750655 0.13709367 0.14719357
 0.16138138 0.16488916 0.15714875 0.13408985 0.16982799 0.1151375
 0.18390497 0.16468882 0.15121531 0.15936546 0.11835193 0.13621994
 0.208587   0.18000616 0.12978675 0.16971699 0.16363283 0.13351869
 0.13514267 0.12462338 0.16506763 0.18525634 0.14741883 0.14737251
 0.14020908 0.18921698 0.12337581 0.15403072 0.1391243  0.17085585
 0.14598884 0.17363927 0.13129394 0.14260047 0.15794994 0.12121368
 0.15719345 0.19580368 0.17787754 0.11352853 0.1944248  0.13149892
 0.1557592  0.16832108 0.13005947 0.1629398  0.15407743 0.11901488
 0.16341624 0.16611995 0.14571318 0.13990053 0.15188235 0.14923336
 0.11721546 0.14420138 0.18511352 0.14085973 0.14445167 0.17295698
 0.16182397 0.16375233 0.14221542 0.13032181 0.13457302 0.1246058
 0.13432767 0.15971518 0.14250992 0.16312199 0.14704909 0.14998699
 0.16198449 0.16386334 0.15266802 0.15619916 0.1786182  0.16525241
 0.10672166 0.11966872 0.17572338 0.15838363 0.17205789 0.16114996
 0.13363916 0.17038261 0.12335885 0.14219237 0.13039727 0.15558448
 0.14101023 0.12253468 0.11814928 0.15149058 0.16367861 0.12402322
 0.11038754 0.14951766 0.14912483 0.16995951 0.17209244 0.15981107
 0.17887962 0.15214255 0.19656177 0.15513655 0.13182005 0.18244459
 0.13503757 0.12945903 0.1505288  0.16036842 0.12524311 0.14810014
 0.15343771 0.15847354 0.13508964 0.15215919 0.12639486 0.16693443
 0.15962427 0.13431366]
bravo_repeat-1
BERT
[0.8068357  0.80009115 0.8031216  0.8109162  0.79910743 0.8078915
 0.8045366  0.8111151  0.8032104  0.8057783  0.8088873  0.8030233
 0.812435   0.80049783 0.80525154 0.807283   0.81015676 0.8047006
 0.80235195 0.8026981  0.80602044 0.80256873 0.81345123 0.8110717
 0.8062898  0.80624855 0.80794376 0.8056837  0.8010217  0.80738115
 0.8016399  0.8057301  0.8086424  0.80666465 0.80378544 0.79997104
 0.80579543 0.80366486 0.80608034 0.8006641  0.7990787  0.8053078
 0.8072132  0.8045082  0.80930513 0.8133779  0.80123156 0.8076608
 0.8096166  0.8026818  0.8052303  0.80690736 0.80466247 0.80500484
 0.8070029  0.8036841  0.80979735 0.8103754  0.80276805 0.80208606
 0.79948395 0.80119824 0.8058579  0.8022307  0.80574006 0.8042354
 0.8099307  0.8049124  0.80058175 0.80820686 0.8082145  0.80630165
 0.7994676  0.81302    0.80875313 0.8028002  0.80495423 0.8067826
 0.8066115  0.8089217  0.802164   0.8026143  0.81117517 0.8058775
 0.8087051  0.8118684  0.8118168  0.813729   0.80220044 0.80437267
 0.80932134 0.8077786  0.8004807  0.8081189  0.8077258  0.8039682
 0.8040218  0.8009854  0.80575395 0.81327534 0.80294466 0.80933326
 0.8091695  0.80820477 0.80371374 0.8086186  0.80259186 0.80136275
 0.8049271  0.8091336  0.8025942  0.79951787 0.8058024  0.8071801
 0.80214953 0.8108768  0.80809647 0.8003829  0.80721974 0.8088973
 0.8102301  0.81365514 0.8034303  0.8039279  0.8021837  0.8059686
 0.80542475 0.8039751  0.8057317  0.8076719  0.80898654 0.8076724
 0.80215764 0.80374897 0.809194   0.8037529  0.8020534  0.8055689
 0.803076   0.80276924 0.80820763 0.80099136 0.8030853  0.8045117
 0.80506486 0.81180125 0.80169076 0.8132563  0.8143601  0.8074697
 0.80960846 0.8040007  0.80407715 0.80352944 0.8025145  0.80802524
 0.8002749  0.8029973  0.8121084  0.8115495  0.80696553 0.80564713
 0.8054179  0.8055281  0.80384713 0.80148244 0.8063257  0.80754733
 0.8034321  0.8023383  0.8026962  0.8068121  0.8015143  0.7994638
 0.8019918  0.8025073  0.80025494 0.811964   0.805448   0.81018054
 0.8090241  0.80431104 0.8089923  0.80589366 0.80147916 0.8058797
 0.8040591  0.8063172  0.8013135  0.81751865 0.8029671  0.8041249
 0.8110874  0.80560106 0.80247664 0.7996995  0.809571   0.8120093
 0.80951405 0.8033794 ]
[nltk_data] Downloading package wordnet to /mnt/iusers01/fse-
[nltk_data]     ugpgt01/compsci01/q12628ct/nltk_data...
[nltk_data]   Package wordnet is already up-to-date!
[nltk_data] Downloading package punkt_tab to /mnt/iusers01/fse-
[nltk_data]     ugpgt01/compsci01/q12628ct/nltk_data...
[nltk_data]   Package punkt_tab is already up-to-date!
[nltk_data] Downloading package omw-1.4 to /mnt/iusers01/fse-
[nltk_data]     ugpgt01/compsci01/q12628ct/nltk_data...
[nltk_data]   Package omw-1.4 is already up-to-date!
/mnt/iusers01/fse-ugpgt01/compsci01/q12628ct/.conda/envs/semantic-decoding/lib/python3.10/site-packages/huggingface_hub/file_download.py:945: FutureWarning: `resume_download` is deprecated and will be removed in version 1.0.0. Downloads always resume when possible. If you want to force a new download, use `force_download=True`.
  warnings.warn(
Some weights of the model checkpoint at roberta-large were not used when initializing RobertaModel: ['lm_head.dense.weight', 'lm_head.layer_norm.weight', 'lm_head.layer_norm.bias', 'lm_head.dense.bias', 'lm_head.bias']
- This IS expected if you are initializing RobertaModel from the checkpoint of a model trained on another task or with another architecture (e.g. initializing a BertForSequenceClassification model from a BertForPreTraining model).
- This IS NOT expected if you are initializing RobertaModel from the checkpoint of a model that you expect to be exactly identical (initializing a BertForSequenceClassification model from a BertForSequenceClassification model).
Some weights of RobertaModel were not initialized from the model checkpoint at roberta-large and are newly initialized: ['roberta.pooler.dense.bias', 'roberta.pooler.dense.weight']
You should probably TRAIN this model on a down-stream task to be able to use it for predictions and inference.
bravo_repeat-2
WER
[-0.07496319 -0.09151946 -0.07650795 -0.07012824 -0.0765942  -0.07364112
 -0.08493947 -0.04958199 -0.07245088 -0.06277792 -0.08162114 -0.08899066
 -0.09162949 -0.07639688 -0.09565888 -0.08496737 -0.0810646  -0.09513972
 -0.0832374  -0.0734383  -0.08586116 -0.07778511 -0.08752198 -0.10324919
 -0.06242046 -0.09810739 -0.08778763 -0.04342834 -0.08337148 -0.0965657
 -0.0922523  -0.09400662 -0.04582207 -0.07665193 -0.08012316 -0.07665366
 -0.08140621 -0.08216507 -0.070095   -0.07565545 -0.06800866 -0.09969569
 -0.0984012  -0.10076839 -0.09271019 -0.05320381 -0.03682213 -0.05822375
 -0.07383152 -0.07929445 -0.07650394 -0.05723698 -0.07099339 -0.0624904
 -0.06531972 -0.06723096 -0.08014195 -0.07980831 -0.09074175 -0.06216676
 -0.08870379 -0.08516431 -0.08605746 -0.06744513 -0.07444191 -0.08456424
 -0.08660605 -0.07252124 -0.07890969 -0.08893483 -0.10085532 -0.06245376
 -0.05612689 -0.06380979 -0.08170765 -0.0876507  -0.0579715  -0.09355437
 -0.08146542 -0.06937041 -0.06441222 -0.06402004 -0.08213458 -0.08849011
 -0.07611926 -0.07313395 -0.07560045 -0.079138   -0.0784704  -0.06496031
 -0.0681023  -0.07804063 -0.08088265 -0.07362724 -0.08188818 -0.06679347
 -0.08741976 -0.06405721 -0.07734221 -0.04739173 -0.09227681 -0.07858969
 -0.07786128 -0.06040656 -0.07200726 -0.0911644  -0.08073357 -0.08459949
 -0.08141467 -0.0737877  -0.06705785 -0.0886112  -0.06014877 -0.06882357
 -0.07353831 -0.08211049 -0.09265815 -0.06421705 -0.0720991  -0.07510589
 -0.07443185 -0.04292392 -0.09208348 -0.07780028 -0.06983939 -0.07641763
 -0.07532679 -0.07149394 -0.04508269 -0.07715722 -0.07318885 -0.07202637
 -0.09753436 -0.07135079 -0.08437789 -0.04981812 -0.06499755 -0.09801592
 -0.06649961 -0.08159949 -0.0981027  -0.07440227 -0.07483869 -0.06890428
 -0.05037832 -0.09016411 -0.09019754 -0.07837649 -0.08818445 -0.07125878
 -0.07293925 -0.08613883 -0.08935963 -0.07769651 -0.07275329 -0.07646331
 -0.09949985 -0.07982318 -0.07732125 -0.08329829 -0.07194136 -0.07678327
 -0.0798242  -0.06878746 -0.09554851 -0.08383743 -0.08553522 -0.07282165
 -0.08038989 -0.09864838 -0.09516376 -0.05980012 -0.09190303 -0.07533303
 -0.08587538 -0.07805586 -0.06989363 -0.07569839 -0.0750932  -0.08008827
 -0.06498741 -0.06863736 -0.06492554 -0.06889345 -0.08424206 -0.06656217
 -0.05509829 -0.06768805 -0.06027362 -0.07995091 -0.08457654 -0.0365472
 -0.04450362 -0.08090863 -0.07285718 -0.05602347 -0.06814301 -0.05184854
 -0.08528229 -0.06233764]
bravo_repeat-2
BLEU
[0.20590683 0.17130574 0.22877454 0.22665299 0.22912706 0.22453545
 0.25015226 0.27962182 0.25580252 0.269929   0.17744504 0.16138688
 0.14012285 0.22278988 0.18072515 0.16978556 0.19332957 0.19975244
 0.23011987 0.2191116  0.2069212  0.20597992 0.21766211 0.15889935
 0.2237193  0.152863   0.21601714 0.25320392 0.19763969 0.16453294
 0.17533137 0.19129393 0.23747064 0.20345748 0.18561268 0.21631343
 0.24381898 0.22118998 0.2088207  0.20858824 0.22002703 0.18964486
 0.17154477 0.20707228 0.17176891 0.23159386 0.26104666 0.27402218
 0.19952529 0.22271569 0.20773356 0.21159121 0.22204106 0.22757232
 0.21853738 0.19156266 0.18510559 0.22878808 0.22131682 0.23528434
 0.16561895 0.21025747 0.17923169 0.2347807  0.23372767 0.19521145
 0.16342401 0.18422094 0.18843254 0.20140745 0.1267     0.2422879
 0.24398756 0.229833   0.24197828 0.18204405 0.23420876 0.16405536
 0.20457105 0.23206164 0.22906027 0.21615005 0.1889845  0.17153417
 0.24978262 0.23843378 0.22081669 0.21552056 0.19746237 0.25618225
 0.21851802 0.20992968 0.19445151 0.22009701 0.15801796 0.189696
 0.23314341 0.24354675 0.22231539 0.24865034 0.19936328 0.18902195
 0.23991511 0.27101372 0.24785659 0.19655583 0.20117178 0.18871409
 0.17929694 0.24259746 0.24644447 0.16862825 0.21590983 0.23077313
 0.23228993 0.20164317 0.16950806 0.23956161 0.21975456 0.21046017
 0.23400623 0.26409763 0.18202143 0.2106581  0.1933869  0.24881612
 0.23282095 0.21557227 0.23794039 0.21003711 0.20920513 0.28170417
 0.16275796 0.20413636 0.26664689 0.23305776 0.2809578  0.11892907
 0.24733359 0.16644474 0.17361993 0.2027184  0.16577326 0.22037715
 0.25256068 0.18434225 0.16413575 0.22498844 0.18534688 0.25871492
 0.20964517 0.15967928 0.17824561 0.24510784 0.24108534 0.22874101
 0.17958105 0.22540491 0.18352083 0.15657452 0.2214654  0.19464339
 0.23868418 0.1704975  0.17537834 0.24519826 0.19982821 0.24929755
 0.22910879 0.14440712 0.16567741 0.21607918 0.13687799 0.25414903
 0.19845103 0.2018969  0.2592812  0.22424321 0.193246   0.23783946
 0.21346852 0.24139093 0.2105982  0.2299614  0.22108008 0.21686908
 0.27920827 0.23385752 0.2058259  0.18725998 0.20913945 0.24603625
 0.23278026 0.20019284 0.24093539 0.23229888 0.17638518 0.23827198
 0.22927319 0.24808428]
bravo_repeat-2
METEOR
[0.13382241 0.12179174 0.15206874 0.14830904 0.14982975 0.16330438
 0.18112212 0.19198104 0.16153447 0.18370558 0.13593769 0.13331323
 0.11150145 0.15143244 0.1282255  0.12504242 0.13902879 0.1365941
 0.14999421 0.1653272  0.15323525 0.15219968 0.16685331 0.12041361
 0.15307871 0.1114072  0.16179582 0.17725679 0.1332491  0.11723726
 0.13542185 0.14959689 0.1647905  0.14224946 0.1490077  0.14866016
 0.15780827 0.15187288 0.16634595 0.13910568 0.15201059 0.12858851
 0.12729749 0.12934124 0.13294219 0.1596256  0.1920309  0.17956592
 0.13221347 0.14529182 0.13707889 0.15163491 0.1481497  0.16838548
 0.15839501 0.13160531 0.12751999 0.16913857 0.14170256 0.1621693
 0.12284793 0.15004353 0.12909603 0.17644926 0.16241891 0.13118169
 0.11824833 0.12736576 0.14097728 0.13431223 0.10297271 0.17404641
 0.19089029 0.16684461 0.16500461 0.13230923 0.16905743 0.1385856
 0.14725087 0.15696552 0.17004828 0.14203573 0.13916067 0.12144677
 0.16644862 0.16951557 0.16716906 0.14728192 0.1288276  0.18187393
 0.155793   0.16142701 0.13697412 0.16359563 0.12361849 0.12075461
 0.15949322 0.18863752 0.14432459 0.17037644 0.14251931 0.14334947
 0.16978578 0.19999153 0.16991812 0.1415561  0.1355542  0.137253
 0.1308475  0.15811052 0.17507904 0.11146482 0.15263753 0.16447448
 0.16066163 0.15417934 0.13063131 0.15897792 0.16223794 0.14728675
 0.17275477 0.19069886 0.12248608 0.16338494 0.14251675 0.16318186
 0.17936005 0.14918503 0.1640972  0.14189495 0.15570393 0.18140069
 0.11514058 0.1432765  0.17163509 0.16971399 0.1898512  0.08876343
 0.15913192 0.13308362 0.1349883  0.15313358 0.13061757 0.15873091
 0.17908174 0.13930754 0.1155011  0.15690773 0.1551769  0.18648005
 0.13887056 0.13714223 0.14824678 0.16370829 0.17453369 0.14957034
 0.12015782 0.16027555 0.13245515 0.11485396 0.16050829 0.12777978
 0.15485326 0.12945119 0.11918372 0.17228689 0.14748529 0.1633394
 0.16447088 0.09615439 0.12247562 0.14470556 0.09632946 0.16131074
 0.14038189 0.13067361 0.16326313 0.15440218 0.13627666 0.18707006
 0.13303743 0.16660895 0.15712968 0.15011609 0.16317703 0.14948867
 0.20047787 0.15978172 0.14231393 0.14494589 0.17332206 0.16959566
 0.16579357 0.15928282 0.18040908 0.16561961 0.13080455 0.18752364
 0.17363183 0.18739152]
bravo_repeat-2
BERT
[0.8037902  0.80059266 0.8057545  0.80254644 0.8034763  0.80485165
 0.8134379  0.81241095 0.8062053  0.809399   0.8075639  0.80254346
 0.8056169  0.805511   0.803049   0.79864997 0.8021884  0.80711293
 0.8057478  0.8093019  0.8035896  0.80361056 0.8059484  0.803489
 0.8011306  0.7986399  0.80933315 0.8075417  0.80058336 0.801393
 0.8048385  0.8018915  0.8099178  0.8067841  0.80038565 0.80690604
 0.807431   0.8022751  0.8092669  0.8039239  0.80834913 0.80115545
 0.80455834 0.8021771  0.80168283 0.804531   0.80905396 0.8046293
 0.8094937  0.80417484 0.8062824  0.8080865  0.80265373 0.80979323
 0.8093914  0.8006963  0.8066676  0.8101399  0.80065686 0.8054466
 0.80386716 0.80257    0.8054848  0.80406106 0.8044332  0.80472875
 0.80331105 0.8032007  0.8044304  0.80177456 0.8017057  0.80800515
 0.8070472  0.80862474 0.80500823 0.8057049  0.8073402  0.80371904
 0.8079358  0.80733585 0.80005544 0.80520433 0.79944676 0.80367726
 0.80486995 0.8057621  0.80221474 0.80717206 0.7982899  0.8081189
 0.8010559  0.8033228  0.8018439  0.80268526 0.803572   0.8047863
 0.8085813  0.80850273 0.8035239  0.8116034  0.80529225 0.8110925
 0.8017797  0.80689853 0.8070072  0.8058176  0.80413705 0.8045686
 0.8000916  0.8008809  0.805451   0.8007468  0.8068693  0.8114928
 0.80638504 0.80546105 0.80912066 0.8059346  0.80637413 0.81240916
 0.804556   0.8074689  0.80109686 0.8045336  0.80173886 0.80377597
 0.8127649  0.80731595 0.80889994 0.8040441  0.80460376 0.8090518
 0.80464774 0.8040776  0.80888766 0.81190526 0.8070536  0.8027286
 0.8119544  0.80437255 0.8044573  0.8090268  0.79988015 0.801273
 0.8075341  0.80356467 0.8027299  0.8051869  0.80009097 0.80950946
 0.8041385  0.80390966 0.80280155 0.8053367  0.807287   0.8026949
 0.80398345 0.80648553 0.80523914 0.80476034 0.8040092  0.8036831
 0.80488366 0.7995973  0.80147606 0.8076091  0.8056529  0.8058316
 0.8048197  0.80275494 0.80379254 0.7993794  0.8015292  0.80532473
 0.80231977 0.8000785  0.8040033  0.8070133  0.80976635 0.8102392
 0.80351573 0.8108799  0.8056466  0.7989139  0.80850714 0.8018495
 0.80386996 0.80955505 0.8056508  0.8066207  0.8040747  0.80770445
 0.8124335  0.8020856  0.8077263  0.8080058  0.80586874 0.8044173
 0.80754334 0.80585414]
[nltk_data] Downloading package wordnet to /mnt/iusers01/fse-
[nltk_data]     ugpgt01/compsci01/q12628ct/nltk_data...
[nltk_data]   Package wordnet is already up-to-date!
[nltk_data] Downloading package punkt_tab to /mnt/iusers01/fse-
[nltk_data]     ugpgt01/compsci01/q12628ct/nltk_data...
[nltk_data]   Package punkt_tab is already up-to-date!
[nltk_data] Downloading package omw-1.4 to /mnt/iusers01/fse-
[nltk_data]     ugpgt01/compsci01/q12628ct/nltk_data...
[nltk_data]   Package omw-1.4 is already up-to-date!
/mnt/iusers01/fse-ugpgt01/compsci01/q12628ct/.conda/envs/semantic-decoding/lib/python3.10/site-packages/huggingface_hub/file_download.py:945: FutureWarning: `resume_download` is deprecated and will be removed in version 1.0.0. Downloads always resume when possible. If you want to force a new download, use `force_download=True`.
  warnings.warn(
Some weights of the model checkpoint at roberta-large were not used when initializing RobertaModel: ['lm_head.layer_norm.bias', 'lm_head.dense.bias', 'lm_head.bias', 'lm_head.dense.weight', 'lm_head.layer_norm.weight']
- This IS expected if you are initializing RobertaModel from the checkpoint of a model trained on another task or with another architecture (e.g. initializing a BertForSequenceClassification model from a BertForPreTraining model).
- This IS NOT expected if you are initializing RobertaModel from the checkpoint of a model that you expect to be exactly identical (initializing a BertForSequenceClassification model from a BertForSequenceClassification model).
Some weights of RobertaModel were not initialized from the model checkpoint at roberta-large and are newly initialized: ['roberta.pooler.dense.bias', 'roberta.pooler.dense.weight']
You should probably TRAIN this model on a down-stream task to be able to use it for predictions and inference.
charlie_repeat-1
WER
[-0.13726107 -0.14571547 -0.13098884 -0.14597786 -0.15316984 -0.12334437
 -0.1146611  -0.13016421 -0.1233731  -0.113512   -0.12755188 -0.13303729
 -0.1411114  -0.14970473 -0.14082001 -0.13021761 -0.14736407 -0.12367923
 -0.13562022 -0.14181779 -0.14340068 -0.13807254 -0.13326746 -0.1297164
 -0.14548885 -0.13341546 -0.13764118 -0.12748388 -0.14762765 -0.1352434
 -0.14224302 -0.1209551  -0.13283339 -0.14224344 -0.12394848 -0.14976647
 -0.1376851  -0.13568639 -0.12882422 -0.13959481 -0.14045913 -0.15335538
 -0.13860542 -0.14730309 -0.13371347 -0.14113414 -0.14868479 -0.12489006
 -0.13269425 -0.12276206 -0.14528289 -0.13660152 -0.15984475 -0.13560795
 -0.15549423 -0.14244478 -0.13811848 -0.14695378 -0.13753934 -0.12986978
 -0.16265675 -0.14221395 -0.13115088 -0.15104547 -0.14243837 -0.14853766
 -0.13355743 -0.13926527 -0.15435134 -0.13947294 -0.12211802 -0.14446885
 -0.14677119 -0.11453728 -0.15528164 -0.13495147 -0.13013853 -0.14570898
 -0.13627053 -0.14602883 -0.14806879 -0.13844155 -0.13862657 -0.14264614
 -0.14234147 -0.15484438 -0.12943102 -0.16079688 -0.1235481  -0.15266483
 -0.14393421 -0.12302641 -0.14686744 -0.13045875 -0.15889961 -0.14558307
 -0.12250284 -0.14575969 -0.15216551 -0.13445692 -0.13203903 -0.1625027
 -0.15107493 -0.1490332  -0.11651349 -0.14699462 -0.12596403 -0.11555481
 -0.15001345 -0.12707814 -0.13365736 -0.1625517  -0.13376239 -0.16291967
 -0.15246904 -0.16058148 -0.15316914 -0.14484129 -0.15088935 -0.11673303
 -0.12813344 -0.1517089  -0.13198065 -0.13170894 -0.13711218 -0.15982472
 -0.15488759 -0.11142958 -0.16239775 -0.13824652 -0.14669637 -0.14111106
 -0.14526817 -0.12986036 -0.13448338 -0.11479602 -0.15517094 -0.1291297
 -0.13561395 -0.12189953 -0.12983223 -0.15775113 -0.14500463 -0.12766665
 -0.15425315 -0.15273048 -0.14334368 -0.12753301 -0.14905145 -0.14415364
 -0.11767369 -0.13744133 -0.13300177 -0.14182339 -0.14008656 -0.15021616
 -0.13638016 -0.15718326 -0.13044625 -0.1451939  -0.14075044 -0.14126908
 -0.12764801 -0.14577767 -0.13968772 -0.14783642 -0.126233   -0.13586822
 -0.14396496 -0.13834326 -0.14206492 -0.14062928 -0.13343584 -0.13183499
 -0.14450998 -0.15627565 -0.14873248 -0.13093758 -0.14852405 -0.14560606
 -0.15356017 -0.13771771 -0.14897364 -0.1295424  -0.13294069 -0.15060386
 -0.13732118 -0.10749354 -0.1283233  -0.13142098 -0.15024822 -0.14198825
 -0.14115339 -0.13620662 -0.15003495 -0.13397706 -0.14840202 -0.16034611
 -0.1533661  -0.13506313]
charlie_repeat-1
BLEU
[0.19147549 0.19110085 0.1823736  0.19107452 0.18558457 0.22021429
 0.23913057 0.17882421 0.22583161 0.20355202 0.18320567 0.16807356
 0.19093113 0.15271126 0.20041    0.16722122 0.18668671 0.19707789
 0.16880615 0.19961559 0.1879096  0.16861617 0.16813489 0.20685048
 0.18500592 0.18293097 0.16800507 0.22214136 0.20076225 0.20084621
 0.18399848 0.19540944 0.20671897 0.16462958 0.22929919 0.16928886
 0.19337968 0.18741607 0.16535725 0.17913596 0.1756791  0.16472477
 0.18270831 0.18250342 0.20794214 0.17329993 0.17484866 0.17474437
 0.18347899 0.19550453 0.15368446 0.18599026 0.16153366 0.17004286
 0.15034588 0.17345907 0.17028946 0.15253978 0.19439126 0.18395651
 0.15551238 0.20140762 0.15557814 0.1723994  0.18739972 0.17122153
 0.20484699 0.19750596 0.14071932 0.18005253 0.19755114 0.17000995
 0.14651924 0.17784443 0.18304605 0.16414567 0.18175049 0.17116256
 0.1602959  0.17323023 0.15813349 0.17260792 0.17293358 0.14086314
 0.16994765 0.14323505 0.20826105 0.18003393 0.17885921 0.15265803
 0.19068123 0.20346369 0.17774511 0.19952869 0.16550082 0.17315206
 0.20792066 0.18743949 0.16734641 0.2139564  0.17802975 0.16118455
 0.16225894 0.18267976 0.21243755 0.19732179 0.20801481 0.18936308
 0.16019302 0.19080414 0.17497514 0.17466246 0.20329502 0.15828802
 0.20192105 0.15151107 0.13070475 0.19249027 0.19493254 0.17413067
 0.20872798 0.17198243 0.18959018 0.19572348 0.17478218 0.1681011
 0.17463879 0.18563328 0.16264878 0.17619545 0.16777605 0.15904961
 0.14574315 0.22005775 0.17289221 0.22315008 0.17686437 0.188495
 0.14750002 0.20838286 0.20412243 0.15230988 0.18213858 0.19431483
 0.20163604 0.16778321 0.17963626 0.19880084 0.16391011 0.16274737
 0.2072686  0.20872159 0.1812361  0.17565434 0.1887139  0.18600587
 0.1675643  0.17005311 0.18410869 0.17792088 0.15622951 0.1666233
 0.18953421 0.16544624 0.18313988 0.15990521 0.21419684 0.20016907
 0.19694279 0.19515025 0.1998703  0.20409027 0.19410736 0.16884101
 0.16113605 0.17699004 0.19695656 0.19724519 0.17747845 0.17957017
 0.18155688 0.17938358 0.18410119 0.19223551 0.14974683 0.15185761
 0.21519059 0.20783827 0.20974529 0.20662276 0.18202489 0.16380344
 0.19766699 0.17119803 0.19664696 0.18752533 0.1805782  0.15924911
 0.15642822 0.22309113]
charlie_repeat-1
METEOR
[0.14919923 0.17185616 0.16114721 0.1597227  0.14581159 0.14191726
 0.17855401 0.17152222 0.1932497  0.16746297 0.15724353 0.14528147
 0.1463996  0.12856266 0.17355252 0.14761462 0.12934473 0.17601759
 0.13967048 0.13789016 0.14333631 0.16851277 0.13274549 0.16090382
 0.13055208 0.15986587 0.14148652 0.16634364 0.16415252 0.16037107
 0.15792445 0.16514646 0.15493584 0.14207243 0.18007625 0.15276148
 0.1520314  0.16605907 0.15405704 0.14362132 0.13670045 0.11830253
 0.16177228 0.15274988 0.15818476 0.14284919 0.14236048 0.15073661
 0.17585638 0.15930217 0.1257197  0.15419078 0.13339625 0.13570878
 0.11719115 0.15136034 0.15296715 0.12023238 0.1566067  0.14215847
 0.11817391 0.1722857  0.13566159 0.16021046 0.14050639 0.1535884
 0.17659461 0.16187404 0.1133059  0.14698807 0.16323277 0.14230167
 0.13983639 0.1471495  0.14116099 0.13628487 0.16537467 0.13075718
 0.12759992 0.13643304 0.15677286 0.1552856  0.13149311 0.11405285
 0.13528102 0.1145735  0.17305509 0.13188892 0.16636559 0.13388962
 0.14893331 0.16579335 0.15095371 0.15834791 0.13446521 0.14703122
 0.16499931 0.1673767  0.13647701 0.17227502 0.14868888 0.15362831
 0.14311583 0.1358443  0.18037461 0.16236009 0.1595878  0.14933837
 0.12905403 0.15352745 0.16108676 0.14333635 0.18051537 0.13443193
 0.18171522 0.11279474 0.11845207 0.1581259  0.15701133 0.12411458
 0.15340067 0.14722323 0.13888107 0.17046646 0.13442202 0.14343471
 0.14026445 0.14509427 0.13703295 0.13152614 0.14397649 0.1378324
 0.12838853 0.17578703 0.1451254  0.16790303 0.14769518 0.16816172
 0.13081383 0.18295156 0.17158281 0.13461078 0.15873408 0.15631777
 0.15465091 0.13190169 0.15110812 0.17093936 0.15463117 0.14605904
 0.15485918 0.15845123 0.14774547 0.15348524 0.18599747 0.16604921
 0.13538622 0.15885246 0.17158094 0.17617331 0.1484655  0.14500837
 0.14791163 0.14416907 0.13530734 0.1151863  0.18419676 0.18651919
 0.15420237 0.15434505 0.15874058 0.15892011 0.14864647 0.14315029
 0.12556224 0.13057133 0.15734982 0.18186976 0.12980905 0.17184659
 0.1367172  0.14201163 0.16284238 0.15533905 0.12981882 0.11917053
 0.18382907 0.16228742 0.17699655 0.17550087 0.13576798 0.15822294
 0.16873275 0.17852735 0.15285096 0.16117804 0.15247076 0.11724897
 0.12973454 0.18438282]
charlie_repeat-1
BERT
[0.7865849  0.78629863 0.7851833  0.78321594 0.78818923 0.78302383
 0.7899319  0.7912158  0.7892559  0.78586394 0.78003913 0.781046
 0.78468525 0.78332406 0.78307414 0.78217816 0.78334296 0.7896052
 0.7844497  0.78837985 0.788007   0.7929208  0.78250813 0.7824022
 0.78517514 0.7906604  0.7853269  0.7865634  0.78317124 0.7830657
 0.78145844 0.7821951  0.79132897 0.7811258  0.79147935 0.78290623
 0.78449583 0.78373384 0.7857506  0.78003186 0.78325653 0.7799517
 0.78516823 0.7821184  0.78460294 0.7818386  0.7822002  0.78730124
 0.78321296 0.7886948  0.7796893  0.7875505  0.7840993  0.7847745
 0.78324157 0.7892521  0.7840936  0.7829577  0.78483254 0.78122544
 0.7852599  0.7834315  0.7863309  0.7867284  0.7842828  0.7813062
 0.7887681  0.7933182  0.78358394 0.7862731  0.78025174 0.78028286
 0.7839526  0.78253937 0.7833958  0.7871372  0.78138834 0.781413
 0.79026574 0.7869193  0.78475094 0.7806509  0.78764    0.7788941
 0.78664035 0.7846757  0.78606004 0.7833459  0.7846633  0.78674304
 0.7882924  0.78875685 0.7856281  0.7801447  0.78141105 0.7895934
 0.78367746 0.78671956 0.78822494 0.7837584  0.78715    0.78460026
 0.7797551  0.78636104 0.7932255  0.7825538  0.7858703  0.7836378
 0.7828165  0.7840485  0.78835136 0.78933567 0.7861117  0.78443074
 0.7822828  0.7867473  0.783053   0.78458476 0.7864983  0.78728086
 0.7876289  0.78852963 0.7846262  0.7850423  0.78051656 0.7835562
 0.7811263  0.7830413  0.78260124 0.7853947  0.788462   0.7820693
 0.7874086  0.78697366 0.7784547  0.78603977 0.7843694  0.784252
 0.78663886 0.7898887  0.7842303  0.79208505 0.79054743 0.78098166
 0.78827834 0.7827596  0.789274   0.78004575 0.77925986 0.7841241
 0.7802714  0.78427523 0.7931687  0.78760815 0.79133916 0.78163075
 0.7848874  0.7918462  0.778914   0.78864706 0.7847181  0.7836403
 0.7854422  0.7843591  0.7849881  0.7859539  0.78546625 0.78717834
 0.78477573 0.7833504  0.79121464 0.7879816  0.7831481  0.7885024
 0.78509706 0.7830555  0.7856813  0.78660566 0.7769402  0.78619516
 0.780535   0.784111   0.7830034  0.7836862  0.7883701  0.783868
 0.78704053 0.78551483 0.7846575  0.78437436 0.7859498  0.7821528
 0.78637475 0.78776133 0.7883323  0.7927538  0.7871571  0.78072107
 0.7832612  0.7844282 ]
[nltk_data] Downloading package wordnet to /mnt/iusers01/fse-
[nltk_data]     ugpgt01/compsci01/q12628ct/nltk_data...
[nltk_data]   Package wordnet is already up-to-date!
[nltk_data] Downloading package punkt_tab to /mnt/iusers01/fse-
[nltk_data]     ugpgt01/compsci01/q12628ct/nltk_data...
[nltk_data]   Package punkt_tab is already up-to-date!
[nltk_data] Downloading package omw-1.4 to /mnt/iusers01/fse-
[nltk_data]     ugpgt01/compsci01/q12628ct/nltk_data...
[nltk_data]   Package omw-1.4 is already up-to-date!
/mnt/iusers01/fse-ugpgt01/compsci01/q12628ct/.conda/envs/semantic-decoding/lib/python3.10/site-packages/huggingface_hub/file_download.py:945: FutureWarning: `resume_download` is deprecated and will be removed in version 1.0.0. Downloads always resume when possible. If you want to force a new download, use `force_download=True`.
  warnings.warn(
Some weights of the model checkpoint at roberta-large were not used when initializing RobertaModel: ['lm_head.dense.bias', 'lm_head.layer_norm.weight', 'lm_head.layer_norm.bias', 'lm_head.dense.weight', 'lm_head.bias']
- This IS expected if you are initializing RobertaModel from the checkpoint of a model trained on another task or with another architecture (e.g. initializing a BertForSequenceClassification model from a BertForPreTraining model).
- This IS NOT expected if you are initializing RobertaModel from the checkpoint of a model that you expect to be exactly identical (initializing a BertForSequenceClassification model from a BertForSequenceClassification model).
Some weights of RobertaModel were not initialized from the model checkpoint at roberta-large and are newly initialized: ['roberta.pooler.dense.bias', 'roberta.pooler.dense.weight']
You should probably TRAIN this model on a down-stream task to be able to use it for predictions and inference.
charlie_repeat-2
WER
[-0.15473459 -0.18396951 -0.16793916 -0.17086857 -0.19902611 -0.17275604
 -0.1699629  -0.17451714 -0.17092584 -0.1713844  -0.16806381 -0.16734577
 -0.17646434 -0.15875083 -0.18628182 -0.17019018 -0.17889083 -0.156369
 -0.15212775 -0.17287525 -0.18685545 -0.16699023 -0.15558641 -0.17678053
 -0.19036795 -0.14350596 -0.15904521 -0.17437997 -0.19137611 -0.15689986
 -0.16548889 -0.16281789 -0.1653361  -0.17413302 -0.18005191 -0.16674098
 -0.17163827 -0.17049033 -0.16253052 -0.15478882 -0.16732097 -0.18013775
 -0.15321954 -0.15182809 -0.16555968 -0.16995266 -0.18576897 -0.16745303
 -0.16321597 -0.17463465 -0.15794027 -0.17684262 -0.15808781 -0.18191725
 -0.1775335  -0.17819934 -0.17032525 -0.17062139 -0.1623561  -0.16292891
 -0.16372462 -0.17602852 -0.16591842 -0.1772857  -0.16652108 -0.17495308
 -0.17644865 -0.18086128 -0.16799505 -0.16528529 -0.15535295 -0.15130116
 -0.15754952 -0.17107954 -0.16162977 -0.15913307 -0.16512432 -0.15815985
 -0.16415264 -0.18534258 -0.17113911 -0.17189765 -0.1627053  -0.17724845
 -0.19243559 -0.15922064 -0.17751719 -0.20396568 -0.15999427 -0.17615313
 -0.17357294 -0.18079482 -0.15668664 -0.15743041 -0.15050439 -0.17745509
 -0.16301785 -0.17475419 -0.16175806 -0.17045269 -0.15449359 -0.16893312
 -0.17037934 -0.1708121  -0.17317263 -0.15522883 -0.15926484 -0.15786465
 -0.177763   -0.16780918 -0.17534266 -0.18287768 -0.15561008 -0.15696856
 -0.16618166 -0.16780743 -0.18007873 -0.15812741 -0.15348423 -0.16077758
 -0.16868313 -0.16631709 -0.18979666 -0.17965361 -0.16981097 -0.16861458
 -0.16941187 -0.16487684 -0.16231926 -0.19299923 -0.16854103 -0.17843374
 -0.19871032 -0.15375871 -0.15716766 -0.17720933 -0.17018287 -0.16984962
 -0.15604802 -0.18909573 -0.18568509 -0.17047015 -0.19144282 -0.1616534
 -0.17613995 -0.16754173 -0.19120494 -0.17314826 -0.17433603 -0.17186404
 -0.1644101  -0.14217579 -0.18800628 -0.18378182 -0.16337604 -0.16207801
 -0.15745797 -0.16514712 -0.17399633 -0.17353343 -0.17570597 -0.1727346
 -0.1682304  -0.17277583 -0.17718378 -0.19204385 -0.15768875 -0.15557845
 -0.14973278 -0.17154558 -0.17102006 -0.18145442 -0.17483367 -0.18524055
 -0.16873156 -0.1781317  -0.17683351 -0.16727168 -0.17871562 -0.17519507
 -0.16941389 -0.16161301 -0.16858391 -0.16966281 -0.17337514 -0.16971646
 -0.16736238 -0.18242976 -0.16421095 -0.16170502 -0.17108205 -0.1868011
 -0.16237184 -0.16982974 -0.16980562 -0.19206788 -0.16362344 -0.15605763
 -0.15598713 -0.18944405]
charlie_repeat-2
BLEU
[0.1974074  0.19052585 0.19117063 0.22245573 0.14189296 0.17035087
 0.20231115 0.1839435  0.17516883 0.16331375 0.16979001 0.22321006
 0.19643541 0.22222995 0.14788946 0.18355305 0.19195254 0.20987792
 0.21194698 0.1959469  0.17287001 0.18310678 0.19146713 0.19643402
 0.16521508 0.18495103 0.19112516 0.18939227 0.1544634  0.20624659
 0.19116822 0.16935638 0.22123302 0.1900083  0.18209984 0.18850532
 0.17411799 0.19394379 0.21212466 0.20802515 0.18099555 0.13460179
 0.17098203 0.19422055 0.21235846 0.16056962 0.17873743 0.19198857
 0.19648586 0.18141565 0.19551607 0.17440926 0.18835962 0.18664022
 0.18716182 0.16587853 0.16522142 0.16167403 0.18685945 0.19106882
 0.18503029 0.15783449 0.17251963 0.17665561 0.17120418 0.16945325
 0.18260866 0.14484047 0.18740821 0.20993817 0.1880508  0.17799018
 0.20487897 0.16213156 0.18364119 0.20631424 0.15979678 0.19827945
 0.21164354 0.16648511 0.16819746 0.15518584 0.17141644 0.15284069
 0.1629561  0.19491969 0.16760546 0.16048131 0.20046313 0.1837983
 0.18587757 0.17218647 0.18158747 0.17933571 0.19069958 0.13058501
 0.16779717 0.19358638 0.22662491 0.18267306 0.20307998 0.22196791
 0.18571271 0.17498171 0.18044642 0.2230861  0.17640071 0.23041246
 0.20092381 0.20983013 0.17162575 0.18103167 0.1901447  0.21139999
 0.16116344 0.18959859 0.16816858 0.19716259 0.1978598  0.15506437
 0.17454511 0.18618279 0.14141793 0.16293629 0.18595248 0.19472341
 0.18526414 0.1903767  0.19685645 0.17172016 0.14600031 0.16350992
 0.17476057 0.19664043 0.19474273 0.17161223 0.18073839 0.17467274
 0.19198525 0.14912294 0.16561889 0.18008069 0.19530473 0.16636526
 0.1595535  0.17315585 0.14449618 0.17383729 0.18015413 0.18808886
 0.21719391 0.20350321 0.15246771 0.16486741 0.20353761 0.18297144
 0.2215361  0.20471696 0.19391035 0.17341387 0.17902093 0.16786125
 0.17455851 0.18045866 0.1720874  0.15356347 0.16160438 0.20204008
 0.16964157 0.18626743 0.16181545 0.20185324 0.19868367 0.16351774
 0.17621177 0.15948324 0.19790309 0.20547609 0.15503808 0.16684423
 0.13957713 0.18518364 0.16172906 0.21055266 0.17115289 0.20029326
 0.14959598 0.17190172 0.21338539 0.23346068 0.17361499 0.18613644
 0.18228746 0.17791918 0.16658472 0.18717631 0.1825887  0.19874808
 0.21662144 0.16089129]
charlie_repeat-2
METEOR
[0.16952466 0.16654731 0.16401664 0.17611778 0.13899413 0.12185346
 0.15199892 0.16257679 0.15203778 0.15386064 0.1344523  0.17127067
 0.16307852 0.15223033 0.14231778 0.15329257 0.15999989 0.15839732
 0.18998318 0.13913838 0.14128636 0.14077326 0.15407529 0.14928465
 0.14109797 0.17345688 0.16167365 0.13757422 0.13457151 0.16869081
 0.16251144 0.14822817 0.16906609 0.17887373 0.15182907 0.1554255
 0.15140248 0.14735353 0.17470495 0.21578395 0.13789416 0.13165963
 0.15888691 0.16152054 0.18297594 0.14958175 0.14792787 0.17783306
 0.1634101  0.14692234 0.14504589 0.14483898 0.13897687 0.13354181
 0.14994491 0.15286167 0.14674125 0.14150237 0.14260442 0.16123406
 0.15137563 0.12821025 0.14130276 0.14533201 0.1675821  0.13999414
 0.14030569 0.13487344 0.18051626 0.19546703 0.14592077 0.15667271
 0.14430815 0.1381832  0.13636071 0.14610305 0.15514852 0.14978155
 0.15441343 0.14584427 0.16204371 0.13733099 0.15693739 0.14650583
 0.14359067 0.15694437 0.12727263 0.13561585 0.16453803 0.14594661
 0.16619972 0.14268324 0.14227553 0.19614937 0.17930784 0.13313448
 0.14302549 0.15121487 0.17461064 0.19382516 0.17324256 0.18120864
 0.15553505 0.14959458 0.15387513 0.19217896 0.16706715 0.1845245
 0.14851374 0.17875525 0.13365267 0.13129644 0.1718216  0.14305206
 0.14679484 0.16526081 0.14661782 0.1607501  0.15901771 0.13354548
 0.13397108 0.1297167  0.12353602 0.11171805 0.15559746 0.18853183
 0.15846101 0.15829762 0.14439387 0.13434717 0.13539043 0.13221107
 0.14991321 0.17042461 0.16518272 0.15721739 0.14512457 0.15984533
 0.15821315 0.12584956 0.16044758 0.15132013 0.16110242 0.146404
 0.14681063 0.15234594 0.11862109 0.15048216 0.14433532 0.14720134
 0.17495385 0.17909661 0.11075853 0.15129936 0.158458   0.14547427
 0.18610603 0.18719045 0.15632345 0.15789382 0.14619017 0.15887332
 0.13562995 0.14890398 0.14149362 0.13124692 0.14730787 0.17805418
 0.15063716 0.16919969 0.12858212 0.15375586 0.17647401 0.13871515
 0.1205878  0.12476815 0.15796694 0.17177261 0.12687533 0.12547991
 0.12315313 0.14932452 0.16005541 0.1647783  0.12269651 0.17117595
 0.1343247  0.15005446 0.17194856 0.21559787 0.15737561 0.14563054
 0.15805891 0.14510954 0.14516463 0.18538278 0.15009373 0.1492279
 0.1815082  0.13446588]
charlie_repeat-2
BERT
[0.7858835  0.7835154  0.79091954 0.7815563  0.7799334  0.78417623
 0.7877987  0.7836086  0.78438306 0.7896803  0.7857031  0.7910604
 0.7861531  0.7884669  0.7793573  0.7838827  0.7928596  0.78785557
 0.78627294 0.7898689  0.78563786 0.77664834 0.7838996  0.7828752
 0.7807982  0.78707236 0.78504413 0.78809935 0.7834932  0.7806083
 0.78556603 0.7852242  0.78806174 0.7886454  0.78635126 0.78266895
 0.7864203  0.77948433 0.7875383  0.7915142  0.7814989  0.7855752
 0.7830155  0.7918103  0.7819089  0.78317887 0.7851184  0.7812019
 0.78649634 0.7850003  0.7864565  0.7881545  0.7813279  0.78354675
 0.7855193  0.79224265 0.7824506  0.78620815 0.78770167 0.7810172
 0.78091383 0.7865846  0.7871406  0.7844375  0.78260094 0.78193504
 0.78053117 0.7804749  0.7837241  0.78845996 0.7821196  0.78467166
 0.7882105  0.7816856  0.7845791  0.7793568  0.78035146 0.78286
 0.78383565 0.7816504  0.7859613  0.7841948  0.7819365  0.78841347
 0.7831832  0.7833927  0.7882979  0.785351   0.7882987  0.78311837
 0.78656334 0.79015696 0.7868827  0.7831985  0.7807669  0.7865254
 0.7819184  0.7829578  0.7955273  0.7864591  0.7958397  0.78363603
 0.7831496  0.7820121  0.7884138  0.7910894  0.7924208  0.7871135
 0.7877169  0.780504   0.7879748  0.7814571  0.780235   0.78557867
 0.78073156 0.78901476 0.7828917  0.784055   0.78403157 0.78340876
 0.78005725 0.78601706 0.7888404  0.78155655 0.7882592  0.790942
 0.7808207  0.784027   0.78491163 0.78537506 0.7799409  0.78312266
 0.7861056  0.7852992  0.7824337  0.7865433  0.7840699  0.7839884
 0.7856785  0.78119844 0.78284323 0.7837705  0.7820144  0.77942455
 0.79190946 0.7875808  0.7805732  0.7794875  0.78496265 0.7865251
 0.79236305 0.78527313 0.78566986 0.78087246 0.78519225 0.78407735
 0.7893431  0.78213066 0.7849294  0.7845222  0.7850539  0.78731376
 0.7820327  0.78284186 0.78321004 0.7793151  0.7871714  0.7826435
 0.7882395  0.7799747  0.7812432  0.783068   0.78653663 0.78977966
 0.7832647  0.78191376 0.784703   0.7924     0.7859651  0.7853677
 0.7787386  0.7833302  0.7809625  0.78923714 0.7842279  0.781329
 0.78094316 0.7840518  0.7859859  0.7907861  0.7810311  0.7875996
 0.78140503 0.7846153  0.7842054  0.78330666 0.7861806  0.78314155
 0.78169847 0.78366554]
[nltk_data] Downloading package wordnet to /mnt/iusers01/fse-
[nltk_data]     ugpgt01/compsci01/q12628ct/nltk_data...
[nltk_data]   Package wordnet is already up-to-date!
[nltk_data] Downloading package punkt_tab to /mnt/iusers01/fse-
[nltk_data]     ugpgt01/compsci01/q12628ct/nltk_data...
[nltk_data]   Package punkt_tab is already up-to-date!
[nltk_data] Downloading package omw-1.4 to /mnt/iusers01/fse-
[nltk_data]     ugpgt01/compsci01/q12628ct/nltk_data...
[nltk_data]   Package omw-1.4 is already up-to-date!
/mnt/iusers01/fse-ugpgt01/compsci01/q12628ct/.conda/envs/semantic-decoding/lib/python3.10/site-packages/huggingface_hub/file_download.py:945: FutureWarning: `resume_download` is deprecated and will be removed in version 1.0.0. Downloads always resume when possible. If you want to force a new download, use `force_download=True`.
  warnings.warn(
Some weights of the model checkpoint at roberta-large were not used when initializing RobertaModel: ['lm_head.layer_norm.weight', 'lm_head.layer_norm.bias', 'lm_head.dense.weight', 'lm_head.bias', 'lm_head.dense.bias']
- This IS expected if you are initializing RobertaModel from the checkpoint of a model trained on another task or with another architecture (e.g. initializing a BertForSequenceClassification model from a BertForPreTraining model).
- This IS NOT expected if you are initializing RobertaModel from the checkpoint of a model that you expect to be exactly identical (initializing a BertForSequenceClassification model from a BertForSequenceClassification model).
Some weights of RobertaModel were not initialized from the model checkpoint at roberta-large and are newly initialized: ['roberta.pooler.dense.bias', 'roberta.pooler.dense.weight']
You should probably TRAIN this model on a down-stream task to be able to use it for predictions and inference.
delta_repeat-1
WER
[-0.21863746 -0.24224165 -0.24227288 -0.23980569 -0.21906715 -0.23354641
 -0.21330972 -0.21590749 -0.21667094 -0.20717267 -0.26337227 -0.23149975
 -0.22591974 -0.23397651 -0.24356279 -0.23247434 -0.24174948 -0.25796882
 -0.22576001 -0.24108692 -0.21392495 -0.23317549 -0.23237167 -0.23239207
 -0.23795173 -0.22299006 -0.22478471 -0.23170139 -0.24208097 -0.23014965
 -0.2250747  -0.23220254 -0.23048586 -0.22283794 -0.21933623 -0.19168429
 -0.24137992 -0.24631899 -0.24262553 -0.23127305 -0.26300146 -0.21921605
 -0.21174655 -0.21809767 -0.22086669 -0.21543184 -0.24285837 -0.23404029
 -0.22203722 -0.20400587 -0.23475574 -0.22551967 -0.22653972 -0.2315463
 -0.23957903 -0.22133022 -0.23712696 -0.26082259 -0.22711633 -0.22301578
 -0.20978478 -0.21538943 -0.23482369 -0.22384773 -0.21245572 -0.22550206
 -0.22284949 -0.22145143 -0.23081121 -0.2669906  -0.23631236 -0.21697894
 -0.24649541 -0.23043937 -0.22018207 -0.23832917 -0.22584808 -0.21765122
 -0.22819347 -0.25532426 -0.20725004 -0.22306864 -0.20992814 -0.20036356
 -0.21953087 -0.24722397 -0.23572592 -0.2402175  -0.23567168 -0.19302149
 -0.2285757  -0.24354179 -0.2401657  -0.21804568 -0.23219075 -0.21149358
 -0.24357169 -0.24725264 -0.22259233 -0.2350569  -0.21768595 -0.22877446
 -0.24062324 -0.25240138 -0.22625589 -0.24091157 -0.24601651 -0.22074173
 -0.24605195 -0.23524458 -0.23998355 -0.22789426 -0.23240434 -0.2334805
 -0.23856156 -0.23397433 -0.24157208 -0.23064773 -0.19796896 -0.24407645
 -0.24141878 -0.23899475 -0.23120607 -0.25218625 -0.26562829 -0.24732952
 -0.23007427 -0.21727108 -0.23350778 -0.23942283 -0.22658062 -0.20941402
 -0.24470032 -0.24123857 -0.19225379 -0.22985399 -0.21360478 -0.22127301
 -0.19166457 -0.2440659  -0.22949739 -0.24382902 -0.25760205 -0.23082366
 -0.22842102 -0.22640123 -0.23810641 -0.23844611 -0.23649346 -0.21735782
 -0.24942284 -0.21621256 -0.22579181 -0.23883848 -0.23342617 -0.22944261
 -0.23682407 -0.22485123 -0.22472436 -0.22969695 -0.23812465 -0.2264668
 -0.24015447 -0.21133764 -0.23188787 -0.24215136 -0.21698562 -0.202231
 -0.23304652 -0.21681749 -0.22349015 -0.22012596 -0.22241989 -0.21129533
 -0.22559584 -0.24795268 -0.22052811 -0.21345419 -0.2563839  -0.26272403
 -0.2220268  -0.23130186 -0.23347619 -0.2419432  -0.20128502 -0.24738111
 -0.23052949 -0.23413432 -0.22646205 -0.22842984 -0.2327469  -0.24977355
 -0.22941779 -0.21946141 -0.20743501 -0.24401321 -0.24898024 -0.23203179
 -0.20466686 -0.23710704]
delta_repeat-1
BLEU
[0.20788838 0.15163641 0.16935291 0.17243865 0.18616731 0.16850851
 0.19708165 0.20839583 0.20902499 0.1988383  0.14757585 0.13995261
 0.18815798 0.16217012 0.16758185 0.19157208 0.19875812 0.16998214
 0.1991566  0.14095738 0.18068534 0.19886445 0.20926031 0.20513189
 0.17599937 0.17768464 0.18670822 0.16685287 0.16419448 0.18541051
 0.18367787 0.18387903 0.18212627 0.19760494 0.19809392 0.2059334
 0.1671159  0.15217298 0.15897909 0.14778428 0.13927482 0.19232636
 0.16827087 0.18554822 0.20073865 0.21358742 0.15316557 0.18498342
 0.18897223 0.20468665 0.16856264 0.18856322 0.18606534 0.19337288
 0.16885554 0.21422881 0.15522667 0.16321074 0.18382791 0.20979161
 0.22036221 0.18970175 0.13810789 0.1976194  0.18879897 0.1913717
 0.20926548 0.19544492 0.1685235  0.14498055 0.21154156 0.19387022
 0.1733167  0.174393   0.18288526 0.17226828 0.21310993 0.18986351
 0.18145718 0.14853889 0.20040195 0.20481952 0.20889275 0.21715296
 0.2029404  0.17017266 0.17431025 0.12619148 0.16247544 0.20046456
 0.20292298 0.19465829 0.16849749 0.1954518  0.1748916  0.22536319
 0.17841497 0.16046685 0.16731699 0.17266847 0.19335132 0.20504136
 0.21429764 0.15709539 0.19973422 0.17721815 0.15859953 0.22603405
 0.14451713 0.15680032 0.16996222 0.18274095 0.21728032 0.19621397
 0.15421648 0.19146936 0.18384684 0.19081132 0.19642933 0.13686401
 0.17924233 0.16395167 0.18556027 0.14175282 0.13010032 0.17389127
 0.17105424 0.20577232 0.21632784 0.13257358 0.21963248 0.17803687
 0.17592319 0.16856282 0.21637964 0.18054414 0.19822385 0.17242585
 0.20444913 0.16925563 0.15999761 0.15457515 0.11335978 0.16731393
 0.18167719 0.19453337 0.18412822 0.14845032 0.2009819  0.17643404
 0.13450774 0.18857618 0.17398415 0.15864691 0.15834669 0.18291662
 0.16277607 0.23360353 0.22106049 0.19344064 0.16962688 0.19156183
 0.1769834  0.20571539 0.17623368 0.16868041 0.21401441 0.18101226
 0.179553   0.21485432 0.16237887 0.18830471 0.1591324  0.20093405
 0.1648084  0.1689816  0.18439364 0.19263483 0.14228561 0.14642577
 0.19644271 0.17980816 0.17933765 0.16627718 0.2186293  0.17795962
 0.1725442  0.17540062 0.20302186 0.19811489 0.18380042 0.14610819
 0.18951694 0.19621156 0.20499247 0.13884753 0.17540986 0.17946536
 0.21248348 0.21197437]
delta_repeat-1
METEOR
[0.15825832 0.14521591 0.1517827  0.13757969 0.14199579 0.15392134
 0.17605231 0.18446301 0.18077621 0.17649908 0.12447544 0.13371731
 0.14862671 0.1661578  0.15327722 0.15638682 0.1498359  0.16517867
 0.18645536 0.14232872 0.14619434 0.15877508 0.17562703 0.16883348
 0.1585653  0.13403561 0.16884253 0.16589805 0.14695533 0.16370903
 0.17163221 0.15150121 0.16943918 0.16616944 0.17581549 0.18387605
 0.16502278 0.13516248 0.14928123 0.15352504 0.11581722 0.16838748
 0.15073759 0.17134822 0.16009257 0.18286682 0.13485781 0.14864084
 0.15373303 0.17388807 0.13628472 0.17320354 0.15464546 0.14419014
 0.14774629 0.16874918 0.13427086 0.13969422 0.14970524 0.17331314
 0.18083402 0.16652033 0.13616299 0.15294832 0.14748928 0.1597856
 0.17977948 0.14482554 0.14753757 0.12299361 0.17422822 0.15468798
 0.16229029 0.1664676  0.15521348 0.15579126 0.1588145  0.172133
 0.14833323 0.14289969 0.16743498 0.19511841 0.18029497 0.16980183
 0.18064303 0.15611528 0.14955805 0.12996897 0.15704698 0.16330827
 0.16867892 0.17587634 0.14750848 0.17954308 0.14293512 0.17837164
 0.1674081  0.14461143 0.1429122  0.1478535  0.18253652 0.1631258
 0.15944054 0.14768938 0.18251178 0.14906261 0.1352776  0.19642896
 0.15029477 0.14821645 0.15574266 0.1545603  0.18525209 0.1776198
 0.16084742 0.16286367 0.16510673 0.14774447 0.16689102 0.13145557
 0.14782274 0.16265914 0.15153495 0.11711502 0.12299305 0.14967375
 0.145694   0.1707692  0.17962511 0.14493505 0.18405328 0.15908343
 0.14872043 0.14315288 0.20429416 0.17147059 0.16620601 0.14371132
 0.18784939 0.15004187 0.161147   0.1309875  0.1068289  0.15792112
 0.14347473 0.14606766 0.14971688 0.13179998 0.17590831 0.16671942
 0.11375274 0.15064361 0.14498511 0.1352898  0.16313824 0.14762348
 0.14234146 0.19457561 0.18505692 0.16266696 0.1567475  0.15719255
 0.14371398 0.16419332 0.14169427 0.14431476 0.17909668 0.1604357
 0.16217588 0.17935506 0.15897017 0.13987031 0.13752112 0.17456964
 0.14107932 0.14541524 0.16249827 0.1599971  0.10976629 0.12978272
 0.15563357 0.1445314  0.15236293 0.12564424 0.1893615  0.17626706
 0.15042283 0.14608506 0.18345703 0.17109559 0.15667622 0.14582041
 0.16187855 0.17271995 0.21156149 0.13644279 0.16710464 0.1400048
 0.17142308 0.1868682 ]
delta_repeat-1
BERT
[0.799713   0.80206895 0.7953551  0.7952801  0.79652286 0.80403584
 0.80675006 0.8102883  0.80554366 0.7969164  0.79202855 0.79783916
 0.79855525 0.7940621  0.79437053 0.80702657 0.80258906 0.7948353
 0.8070637  0.79305583 0.79992366 0.8065633  0.8060865  0.79815924
 0.8023944  0.7986674  0.80937606 0.8007169  0.7964124  0.7951086
 0.8053908  0.7995513  0.7988444  0.8108647  0.8033372  0.8029291
 0.8074098  0.7966647  0.7997322  0.7923433  0.7949396  0.8003663
 0.79865164 0.8081947  0.8064781  0.80609065 0.7964882  0.79903823
 0.8025765  0.80875003 0.7990653  0.8041788  0.80791694 0.8028123
 0.8006743  0.8059807  0.79739624 0.7998609  0.8012698  0.8098528
 0.8052692  0.8090328  0.794691   0.8028274  0.80213565 0.8044495
 0.80361474 0.80342466 0.7973417  0.7943988  0.80074525 0.8071813
 0.8007459  0.8023458  0.8041724  0.7986608  0.8093119  0.80057955
 0.79204124 0.79524    0.80415696 0.80273205 0.8023221  0.805362
 0.81390315 0.79145396 0.8028915  0.79470515 0.796538   0.8049955
 0.80085975 0.8043972  0.7940713  0.8051292  0.7994254  0.8064678
 0.80357987 0.79391515 0.7940734  0.80092025 0.8091938  0.80179924
 0.8079517  0.7963134  0.8121855  0.800775   0.79306    0.8031883
 0.7939375  0.79767627 0.79946464 0.7997634  0.80296355 0.79956996
 0.8014613  0.8053826  0.8066313  0.8020205  0.8066499  0.7925768
 0.80019844 0.8017988  0.79679734 0.79555863 0.79451686 0.7996987
 0.7969966  0.8043074  0.8033864  0.79552674 0.80293834 0.8003233
 0.8003427  0.79522955 0.8010814  0.80582494 0.80499583 0.80096036
 0.809858   0.80181813 0.7989912  0.79377747 0.79261065 0.7965298
 0.7956741  0.80473    0.79969853 0.79856503 0.8031062  0.798758
 0.79234034 0.80390745 0.80012417 0.7972641  0.7931268  0.8032953
 0.797688   0.80235326 0.8087334  0.802438   0.79681194 0.80205506
 0.80140555 0.80359596 0.79421395 0.8020585  0.8007144  0.7991865
 0.7996815  0.81290054 0.79853755 0.7960699  0.79963136 0.8043883
 0.7928377  0.7950099  0.802052   0.8054521  0.79727453 0.7953382
 0.8012743  0.7988498  0.80096406 0.8000034  0.8084536  0.80798125
 0.7980395  0.80133486 0.79993904 0.80212665 0.79078424 0.7956167
 0.7966859  0.79734886 0.8113725  0.79591286 0.80030537 0.79720175
 0.81178087 0.8043775 ]
[nltk_data] Downloading package wordnet to /mnt/iusers01/fse-
[nltk_data]     ugpgt01/compsci01/q12628ct/nltk_data...
[nltk_data]   Package wordnet is already up-to-date!
[nltk_data] Downloading package punkt_tab to /mnt/iusers01/fse-
[nltk_data]     ugpgt01/compsci01/q12628ct/nltk_data...
[nltk_data]   Package punkt_tab is already up-to-date!
[nltk_data] Downloading package omw-1.4 to /mnt/iusers01/fse-
[nltk_data]     ugpgt01/compsci01/q12628ct/nltk_data...
[nltk_data]   Package omw-1.4 is already up-to-date!
/mnt/iusers01/fse-ugpgt01/compsci01/q12628ct/.conda/envs/semantic-decoding/lib/python3.10/site-packages/huggingface_hub/file_download.py:945: FutureWarning: `resume_download` is deprecated and will be removed in version 1.0.0. Downloads always resume when possible. If you want to force a new download, use `force_download=True`.
  warnings.warn(
Some weights of the model checkpoint at roberta-large were not used when initializing RobertaModel: ['lm_head.dense.weight', 'lm_head.dense.bias', 'lm_head.bias', 'lm_head.layer_norm.bias', 'lm_head.layer_norm.weight']
- This IS expected if you are initializing RobertaModel from the checkpoint of a model trained on another task or with another architecture (e.g. initializing a BertForSequenceClassification model from a BertForPreTraining model).
- This IS NOT expected if you are initializing RobertaModel from the checkpoint of a model that you expect to be exactly identical (initializing a BertForSequenceClassification model from a BertForSequenceClassification model).
Some weights of RobertaModel were not initialized from the model checkpoint at roberta-large and are newly initialized: ['roberta.pooler.dense.weight', 'roberta.pooler.dense.bias']
You should probably TRAIN this model on a down-stream task to be able to use it for predictions and inference.
delta_repeat-2
WER
[-0.27501389 -0.28316577 -0.27807719 -0.25869128 -0.29058285 -0.26606322
 -0.24876183 -0.27853194 -0.26156422 -0.27843447 -0.26835156 -0.28192004
 -0.26089518 -0.26343795 -0.26041892 -0.29415452 -0.2573338  -0.29137069
 -0.27414338 -0.26045294 -0.26954933 -0.28782832 -0.24853995 -0.26652756
 -0.25609114 -0.27727287 -0.25576222 -0.25448007 -0.28408227 -0.25015473
 -0.26249048 -0.25426622 -0.26188336 -0.28257626 -0.28264173 -0.2581157
 -0.25792745 -0.28404122 -0.27056061 -0.27416236 -0.25927131 -0.27708128
 -0.26077778 -0.26157572 -0.29632062 -0.28093742 -0.26969205 -0.27248624
 -0.23667456 -0.30743898 -0.28095183 -0.28657241 -0.2628997  -0.23362082
 -0.27349457 -0.29447753 -0.22178292 -0.26364383 -0.2844702  -0.24948248
 -0.29506872 -0.27898274 -0.27642397 -0.26295298 -0.26468332 -0.26740258
 -0.25063836 -0.26461979 -0.28352603 -0.25659885 -0.27833851 -0.26944911
 -0.27785    -0.25639104 -0.25429309 -0.26481471 -0.23910646 -0.2483514
 -0.23375336 -0.26579134 -0.26902071 -0.3116283  -0.25818966 -0.2877145
 -0.28243025 -0.28154181 -0.25711    -0.29346598 -0.27116472 -0.25730389
 -0.28374945 -0.24655622 -0.3040785  -0.28931807 -0.27612154 -0.28949915
 -0.25597144 -0.23722078 -0.27512022 -0.26510682 -0.2837212  -0.28868137
 -0.26415857 -0.26668853 -0.30125182 -0.25968498 -0.27249734 -0.28821163
 -0.27362165 -0.25830446 -0.30722491 -0.23426319 -0.2870696  -0.24885409
 -0.29446149 -0.28875703 -0.26506587 -0.27634009 -0.25998912 -0.30618936
 -0.25472598 -0.28916194 -0.261435   -0.25179866 -0.28780577 -0.23800597
 -0.26650722 -0.24566607 -0.24242621 -0.27050823 -0.2404879  -0.25228715
 -0.28124474 -0.26401489 -0.26431957 -0.25500402 -0.28480047 -0.27612825
 -0.28867182 -0.27015532 -0.26928056 -0.28073301 -0.26620226 -0.29225312
 -0.294676   -0.2922854  -0.28942584 -0.2761128  -0.28945225 -0.25467816
 -0.28057767 -0.26321808 -0.27295947 -0.26982297 -0.25776776 -0.28061968
 -0.23171254 -0.27742573 -0.26193785 -0.2429549  -0.28478734 -0.29216166
 -0.26761904 -0.28106693 -0.27046529 -0.2855997  -0.29166531 -0.24573089
 -0.26599021 -0.26192906 -0.26051264 -0.25396142 -0.23776459 -0.26008666
 -0.24566052 -0.26654106 -0.26681823 -0.2630372  -0.2428338  -0.29149126
 -0.27147079 -0.27725361 -0.27383321 -0.29826201 -0.28429198 -0.26091757
 -0.25686459 -0.26835412 -0.28623331 -0.27531673 -0.25817117 -0.25117391
 -0.27035116 -0.23962432 -0.2661471  -0.24549594 -0.27869074 -0.26691226
 -0.26409839 -0.27361158]
delta_repeat-2
BLEU
[0.16394773 0.17781082 0.21329922 0.22134584 0.1666842  0.14338308
 0.19315377 0.20233283 0.21072553 0.16979726 0.17507432 0.20297359
 0.22003482 0.20156486 0.18899915 0.15068159 0.17475224 0.17057737
 0.15027002 0.20666913 0.21119315 0.16755536 0.17787639 0.1798556
 0.20273524 0.18166011 0.16593254 0.18368126 0.15203924 0.19534982
 0.16238653 0.18960222 0.20214052 0.12658652 0.18276242 0.19131634
 0.19316843 0.15361274 0.18574848 0.18503114 0.20612148 0.1783063
 0.17543956 0.2199202  0.18138109 0.13795904 0.21141863 0.18121625
 0.18306585 0.15031622 0.17135993 0.19248929 0.17594687 0.21451646
 0.18854571 0.17853119 0.26639327 0.1570152  0.14411637 0.17750343
 0.11806322 0.18163512 0.18574564 0.16514444 0.17788561 0.19028755
 0.17920699 0.19589872 0.20297497 0.17560787 0.17150852 0.18169637
 0.1748607  0.20129029 0.20762771 0.17437069 0.22221808 0.20830387
 0.20667145 0.1819909  0.15627397 0.11726864 0.21748034 0.19749895
 0.14998351 0.16384634 0.18337226 0.17592135 0.20014739 0.20331956
 0.1864268  0.21996996 0.14152507 0.17439634 0.1533305  0.18465862
 0.18524076 0.22030637 0.18755817 0.188168   0.16510936 0.13721973
 0.16561145 0.20176991 0.17632672 0.19662087 0.15702422 0.16183589
 0.18585109 0.16906429 0.14092152 0.17090069 0.1738769  0.19720983
 0.17132405 0.14228511 0.20246595 0.16713091 0.15775351 0.16068636
 0.18589399 0.12744404 0.17636643 0.17971307 0.20270456 0.20720473
 0.18316906 0.20939231 0.2023264  0.17070575 0.23892843 0.17882384
 0.15842034 0.19305085 0.16072762 0.20208993 0.14087704 0.15551445
 0.19035169 0.16796138 0.18239547 0.17674763 0.1914823  0.15109191
 0.1587214  0.16512626 0.1605946  0.16811128 0.16640269 0.18233244
 0.17936677 0.21488398 0.16997605 0.15396963 0.21431603 0.15945402
 0.20549435 0.18497722 0.17882766 0.23747606 0.16956754 0.16853281
 0.17305558 0.18097053 0.19425648 0.17169913 0.15765023 0.1664602
 0.18091393 0.20443582 0.15571667 0.19331999 0.23044302 0.20008955
 0.19504819 0.16962292 0.19211844 0.17246987 0.18699912 0.15340567
 0.17780666 0.1504915  0.17558712 0.18536721 0.15505719 0.19836007
 0.2252179  0.18994378 0.16970608 0.17242184 0.18245257 0.20778347
 0.19055316 0.22869965 0.17078721 0.22135838 0.17632001 0.21125822
 0.16025177 0.15082006]
delta_repeat-2
METEOR
[0.16588157 0.15713113 0.19510075 0.21286291 0.13610581 0.14186564
 0.16966917 0.16807063 0.19669368 0.14375769 0.1546816  0.17846496
 0.20059834 0.16590397 0.15871247 0.14762708 0.1439564  0.15244404
 0.12749322 0.18952136 0.19624605 0.13323129 0.14641148 0.14790342
 0.19332045 0.1539911  0.135139   0.16348571 0.13819316 0.1539331
 0.16327448 0.16471075 0.16182442 0.11605618 0.15002067 0.19914988
 0.15270712 0.1397776  0.15833201 0.17393459 0.16673865 0.16125308
 0.15462741 0.18653177 0.16480808 0.12728083 0.21063326 0.15897579
 0.14916991 0.15019604 0.14159134 0.14698632 0.15778126 0.20052693
 0.15886232 0.14941303 0.21457717 0.14563382 0.13667001 0.18384346
 0.12216143 0.16620559 0.16516584 0.15317361 0.15068066 0.17517254
 0.14351537 0.1685916  0.17413552 0.15421278 0.15172609 0.16684377
 0.15739197 0.17735395 0.17982923 0.15559417 0.21227888 0.17113228
 0.16364792 0.15290879 0.14232233 0.12329864 0.21386713 0.15834844
 0.13621528 0.15456013 0.1678818  0.13466342 0.16726956 0.17029622
 0.17499843 0.21943519 0.1433666  0.14238251 0.12898866 0.18632106
 0.15301332 0.20411239 0.16926849 0.18181315 0.14868739 0.12156004
 0.1444407  0.1759148  0.15972241 0.17558181 0.14119966 0.1596742
 0.16210813 0.14399843 0.15242349 0.16451256 0.15096478 0.17927503
 0.16451631 0.14015468 0.18389909 0.16504342 0.15953388 0.18784744
 0.17117395 0.12090523 0.15274418 0.16212169 0.17685764 0.1841431
 0.15311022 0.1701637  0.19167525 0.15831222 0.19553806 0.16013351
 0.15293879 0.17582908 0.14135701 0.18107545 0.12948277 0.14401937
 0.17217062 0.13386302 0.17022005 0.17239381 0.18783822 0.13618317
 0.16289342 0.14031835 0.12824667 0.15822571 0.15342131 0.18355624
 0.17046194 0.18856923 0.14580153 0.14431232 0.17878978 0.14491764
 0.20286525 0.16514441 0.15850633 0.21763672 0.13679485 0.16217965
 0.14467151 0.1577106  0.15536574 0.17048948 0.14935314 0.1593814
 0.16751666 0.17553772 0.14359602 0.18956432 0.19498368 0.16875673
 0.17298866 0.16602284 0.13560391 0.13624642 0.17010297 0.13920023
 0.15508785 0.14233531 0.14567537 0.16413495 0.13140047 0.15668066
 0.19204926 0.17590491 0.13780042 0.14545073 0.17441216 0.17729521
 0.17751344 0.20401133 0.17356802 0.21305219 0.14217225 0.17422001
 0.16061169 0.13721368]
delta_repeat-2
BERT
[0.80099535 0.80092555 0.8069231  0.8003142  0.80486345 0.7952586
 0.8096023  0.8035373  0.80656004 0.7999938  0.80695015 0.80837446
 0.8072425  0.8025179  0.8026322  0.7956251  0.80013967 0.8018235
 0.7970652  0.80685127 0.807445   0.8031933  0.7992792  0.79567534
 0.8121659  0.80135506 0.8033693  0.8040101  0.7937411  0.80585766
 0.7979091  0.806986   0.8040833  0.794069   0.80545545 0.80693537
 0.7966824  0.79657924 0.8033724  0.8026443  0.8037106  0.7932787
 0.80549175 0.80511427 0.8000168  0.8003912  0.80817395 0.79908323
 0.8002227  0.79894507 0.7996066  0.79509765 0.796875   0.8065242
 0.7984926  0.7984392  0.8063713  0.79988533 0.7935479  0.80869514
 0.7950644  0.80688095 0.8053919  0.79924655 0.80121684 0.8017571
 0.7963976  0.8057695  0.8061595  0.8033921  0.8042176  0.8077081
 0.7997378  0.80972356 0.8110387  0.79999346 0.8086545  0.8019504
 0.80343425 0.80374694 0.794705   0.7958537  0.8042243  0.79827946
 0.79384565 0.79886115 0.80961794 0.795839   0.79913217 0.8006107
 0.7993003  0.8076863  0.79626584 0.8066567  0.8016702  0.800966
 0.80025303 0.80519634 0.79555595 0.8078773  0.8001205  0.794616
 0.8014384  0.7977595  0.799908   0.80492216 0.7927652  0.7983923
 0.8029006  0.8013607  0.7986324  0.8016084  0.7932257  0.80208516
 0.80045515 0.8015065  0.79680216 0.80085325 0.80225456 0.7959553
 0.7985506  0.7923962  0.802948   0.79957783 0.8068168  0.80879164
 0.7958444  0.8079076  0.8004607  0.79869807 0.8067773  0.79802674
 0.80184484 0.79774165 0.7956705  0.8037846  0.8012533  0.79507285
 0.80653316 0.79558843 0.8057783  0.7913636  0.8054124  0.79549676
 0.7950124  0.8024878  0.8005719  0.8064517  0.80032164 0.79565245
 0.80725974 0.80612767 0.7950695  0.79923874 0.80755866 0.80664396
 0.8092283  0.79851913 0.81095636 0.8131322  0.79344726 0.80500656
 0.79772615 0.80051434 0.8003608  0.80214125 0.80200887 0.796577
 0.79641795 0.80594814 0.79656035 0.8049958  0.8118535  0.8036003
 0.80135494 0.7973885  0.80037487 0.804606   0.7974348  0.800087
 0.7986142  0.7972628  0.7972278  0.7990194  0.79751027 0.8036386
 0.80813766 0.8012002  0.803316   0.79918987 0.8043004  0.8107059
 0.8050517  0.80385774 0.80312014 0.814509   0.79911786 0.8040391
 0.7980697  0.8030122 ]
[nltk_data] Downloading package wordnet to /mnt/iusers01/fse-
[nltk_data]     ugpgt01/compsci01/q12628ct/nltk_data...
[nltk_data]   Package wordnet is already up-to-date!
[nltk_data] Downloading package punkt_tab to /mnt/iusers01/fse-
[nltk_data]     ugpgt01/compsci01/q12628ct/nltk_data...
[nltk_data]   Package punkt_tab is already up-to-date!
[nltk_data] Downloading package omw-1.4 to /mnt/iusers01/fse-
[nltk_data]     ugpgt01/compsci01/q12628ct/nltk_data...
[nltk_data]   Package omw-1.4 is already up-to-date!
/mnt/iusers01/fse-ugpgt01/compsci01/q12628ct/.conda/envs/semantic-decoding/lib/python3.10/site-packages/huggingface_hub/file_download.py:945: FutureWarning: `resume_download` is deprecated and will be removed in version 1.0.0. Downloads always resume when possible. If you want to force a new download, use `force_download=True`.
  warnings.warn(
Some weights of the model checkpoint at roberta-large were not used when initializing RobertaModel: ['lm_head.layer_norm.bias', 'lm_head.bias', 'lm_head.dense.weight', 'lm_head.dense.bias', 'lm_head.layer_norm.weight']
- This IS expected if you are initializing RobertaModel from the checkpoint of a model trained on another task or with another architecture (e.g. initializing a BertForSequenceClassification model from a BertForPreTraining model).
- This IS NOT expected if you are initializing RobertaModel from the checkpoint of a model that you expect to be exactly identical (initializing a BertForSequenceClassification model from a BertForSequenceClassification model).
Some weights of RobertaModel were not initialized from the model checkpoint at roberta-large and are newly initialized: ['roberta.pooler.dense.weight', 'roberta.pooler.dense.bias']
You should probably TRAIN this model on a down-stream task to be able to use it for predictions and inference.
echo_repeat-1
WER
[-0.05544275 -0.07101888 -0.0504577  -0.06572376 -0.06986111 -0.06030585
 -0.06009963 -0.06605712 -0.07019754 -0.06756847 -0.05803342 -0.06738168
 -0.06494885 -0.06170574 -0.0517979  -0.05731235 -0.05035786 -0.05161348
 -0.07277815 -0.06117655 -0.04208236 -0.04670437 -0.04913428 -0.07112689
 -0.0714123  -0.06354865 -0.06057664 -0.0602668  -0.06224665 -0.04237852
 -0.0614653  -0.06333604 -0.05177748 -0.07375353 -0.07781463 -0.0586146
 -0.05753942 -0.05574067 -0.04854396 -0.07401819 -0.08031844 -0.0689411
 -0.07547698 -0.07284499 -0.06801261 -0.05332785 -0.05806619 -0.04861373
 -0.06417412 -0.04758113 -0.05989496 -0.06181855 -0.04595913 -0.05507171
 -0.05825988 -0.05521476 -0.0597197  -0.03898038 -0.05350859 -0.05172702
 -0.07050928 -0.06815419 -0.07224607 -0.05168829 -0.0604197  -0.06530667
 -0.03953021 -0.06957227 -0.06900664 -0.08031401 -0.05296083 -0.07386931
 -0.04693212 -0.06826996 -0.06204033 -0.07265048 -0.085447   -0.04099956
 -0.05550345 -0.0479106  -0.05553232 -0.06908149 -0.0699964  -0.06314644
 -0.04626464 -0.05584006 -0.04874685 -0.07343853 -0.05483006 -0.04809021
 -0.07117847 -0.05814369 -0.074861   -0.05484613 -0.05749337 -0.05214727
 -0.06815724 -0.05109686 -0.06356827 -0.06441359 -0.06910468 -0.04423462
 -0.07179234 -0.05425415 -0.06299957 -0.05947151 -0.04092883 -0.06620797
 -0.05675912 -0.06464295 -0.05311352 -0.06249335 -0.06558654 -0.07376725
 -0.05098385 -0.061067   -0.06054977 -0.06813433 -0.06370399 -0.06591231
 -0.06883276 -0.07014235 -0.05863749 -0.07239496 -0.04885362 -0.05368542
 -0.07880969 -0.05944597 -0.04176222 -0.07166214 -0.06952558 -0.06184324
 -0.07397568 -0.03791794 -0.06398132 -0.04875418 -0.06527788 -0.06689593
 -0.06051345 -0.06828838 -0.05161152 -0.07647173 -0.07400011 -0.05707438
 -0.07721029 -0.0234826  -0.05112059 -0.06944971 -0.05356406 -0.04949842
 -0.06411538 -0.06744266 -0.06639057 -0.05255853 -0.08059866 -0.04922622
 -0.04942294 -0.05661056 -0.05488882 -0.05547631 -0.07411697 -0.05117246
 -0.0685784  -0.06508454 -0.06883621 -0.05746483 -0.07257489 -0.06127707
 -0.06952138 -0.05458443 -0.07671804 -0.06301749 -0.05532611 -0.06553577
 -0.06962697 -0.06713038 -0.08238813 -0.07457927 -0.05910045 -0.079621
 -0.05576653 -0.0576146  -0.06374003 -0.07080174 -0.06444415 -0.07256011
 -0.06313559 -0.08462177 -0.068917   -0.07062244 -0.07251788 -0.06919483
 -0.07069727 -0.0580427  -0.05803038 -0.07239526 -0.06637817 -0.06860224
 -0.07209711 -0.07279194]
echo_repeat-1
BLEU
[0.18150287 0.1364078  0.18995086 0.16418566 0.14895965 0.18237709
 0.18389184 0.14473087 0.13618715 0.16050266 0.18555513 0.14501711
 0.17482004 0.13400243 0.17710565 0.16755894 0.16138909 0.19381229
 0.15543083 0.20284844 0.19660605 0.19700983 0.21567468 0.15546247
 0.11264688 0.192533   0.17159437 0.15431595 0.17808954 0.2005492
 0.18026965 0.13457451 0.16428513 0.14416902 0.14571332 0.17284937
 0.16105304 0.12025741 0.16696696 0.14448764 0.16305478 0.1754997
 0.14338215 0.14688038 0.14473101 0.17496741 0.17549459 0.19247206
 0.14243522 0.14887631 0.15729977 0.15131137 0.16130126 0.15839227
 0.17585834 0.16800512 0.17774561 0.16142864 0.19500836 0.17823875
 0.18167866 0.1626396  0.1572167  0.19598442 0.16909038 0.15257686
 0.1698389  0.17096743 0.14008031 0.15504147 0.18684807 0.13242138
 0.14668616 0.12955523 0.12789431 0.15748192 0.12490832 0.20197373
 0.18453508 0.1834886  0.14476861 0.20333094 0.17328451 0.15110261
 0.18396517 0.153418   0.17904837 0.14094254 0.1424476  0.18939983
 0.14500744 0.18736511 0.14987187 0.16965816 0.1569768  0.20188173
 0.16896256 0.18152786 0.2014983  0.17530448 0.14070058 0.17738811
 0.12293405 0.19890495 0.16036199 0.19570229 0.15562982 0.18709191
 0.18463562 0.17357156 0.1715896  0.18971491 0.17583843 0.14959439
 0.19305701 0.14980366 0.17642573 0.15129161 0.16025598 0.14621572
 0.17911649 0.15681738 0.1893842  0.17384938 0.1593139  0.16932783
 0.13951625 0.16038032 0.16195505 0.11570399 0.13536186 0.18221731
 0.14941977 0.18758613 0.15111437 0.15950441 0.13753544 0.1520791
 0.18113293 0.1842554  0.18390626 0.17699639 0.16129432 0.17300777
 0.11702601 0.21701397 0.15960605 0.16544386 0.16141335 0.1535728
 0.14270694 0.13004006 0.14820054 0.16872755 0.12665933 0.18698551
 0.16196447 0.16041519 0.15840894 0.15161809 0.16249162 0.19049758
 0.16369467 0.16498271 0.16754998 0.15162194 0.19876803 0.16748055
 0.14578572 0.15559317 0.1360073  0.15114474 0.19385645 0.14892276
 0.17747237 0.12202921 0.15119764 0.14028288 0.18781192 0.14841353
 0.18419373 0.18051222 0.16775483 0.17832286 0.17715983 0.14635336
 0.14052178 0.12513514 0.14643187 0.18703765 0.13252264 0.18894299
 0.18797922 0.16449288 0.16760415 0.17209034 0.15951867 0.09711857
 0.15343247 0.12626341]
echo_repeat-1
METEOR
[0.1152739  0.09601983 0.1363172  0.11249292 0.11017488 0.12011437
 0.11881794 0.09316461 0.10036594 0.11706764 0.11663322 0.09248197
 0.10834755 0.10212772 0.12083542 0.10328846 0.10658384 0.1293115
 0.09627532 0.13555383 0.1242952  0.13852586 0.12954296 0.10609088
 0.07752343 0.12579645 0.1159556  0.10434753 0.12372006 0.12946667
 0.11736594 0.09526207 0.1024407  0.10507126 0.0939409  0.11166989
 0.11231992 0.07965861 0.12115169 0.11268657 0.09698742 0.11198843
 0.1029658  0.09651361 0.09157424 0.11149922 0.11285203 0.1342916
 0.09683615 0.10333734 0.10456234 0.13372835 0.10805638 0.12991168
 0.12795636 0.1197559  0.1110996  0.10491665 0.11246405 0.10867559
 0.11582348 0.09756857 0.10750049 0.1303458  0.1121114  0.11200371
 0.11453558 0.11874839 0.09422164 0.12234809 0.11035938 0.08425602
 0.11224938 0.08692354 0.08209713 0.11075724 0.0872687  0.13496191
 0.12607257 0.11199369 0.0941863  0.13617617 0.10776602 0.09844109
 0.13303821 0.10060975 0.1101937  0.08332617 0.09528671 0.11627709
 0.10750427 0.12226262 0.10002389 0.10539076 0.10698722 0.14453371
 0.09859693 0.13685265 0.12234452 0.12915239 0.09293801 0.11873875
 0.09037676 0.12239732 0.10545761 0.12406739 0.10253288 0.11309857
 0.12328049 0.10962294 0.11446505 0.11341597 0.12575488 0.10833968
 0.12971533 0.1012983  0.13769266 0.09443819 0.1038119  0.09632411
 0.12405439 0.10916406 0.12232578 0.10387618 0.11096879 0.11431889
 0.09150865 0.10151863 0.10225423 0.08370902 0.1059417  0.11419564
 0.10158257 0.11067525 0.09240072 0.10179754 0.10379729 0.10757349
 0.11339907 0.11848804 0.11934095 0.11911736 0.10690729 0.123548
 0.07801626 0.16439878 0.11087476 0.10171957 0.1231394  0.11047036
 0.0944769  0.09692902 0.09313699 0.10614632 0.09287685 0.12903087
 0.1111927  0.1044114  0.1014166  0.10674796 0.11611622 0.14004965
 0.11236475 0.10737633 0.12155817 0.11031899 0.12739957 0.10245085
 0.09896595 0.10318094 0.08701456 0.10282997 0.1280014  0.09835398
 0.11636286 0.097808   0.09761771 0.09282192 0.13429922 0.09644225
 0.12270686 0.12849963 0.11304304 0.12588063 0.12501858 0.09601174
 0.1160874  0.09070208 0.10162904 0.12565711 0.09677    0.12885738
 0.13988336 0.11440718 0.11311141 0.1114306  0.10485426 0.06393073
 0.10873718 0.07814836]
echo_repeat-1
BERT
[0.7820231  0.7806762  0.78006595 0.7761394  0.78290224 0.78150016
 0.7859517  0.7797595  0.7854699  0.78304106 0.7810011  0.7780279
 0.787074   0.78432536 0.7814523  0.7786591  0.7835591  0.7769249
 0.7830509  0.78596294 0.7852909  0.78031576 0.7836324  0.7775388
 0.78014684 0.7835101  0.78571373 0.78014547 0.7856737  0.7826959
 0.7847035  0.78079903 0.7799119  0.77962506 0.78022414 0.77737015
 0.7823339  0.77893245 0.78420556 0.7795327  0.77839404 0.78182137
 0.7785872  0.7793851  0.7776757  0.78259593 0.78353465 0.78490484
 0.7778236  0.78056854 0.7766201  0.78077716 0.7793231  0.78192043
 0.7828321  0.7824382  0.7814711  0.78293955 0.7838758  0.78183514
 0.7780771  0.7787561  0.7803125  0.78233284 0.7801644  0.77902955
 0.7811205  0.7842568  0.7807767  0.78347695 0.7845194  0.78701943
 0.7843392  0.78463906 0.7793077  0.7802563  0.7814932  0.77916694
 0.7860718  0.7822233  0.78216153 0.782136   0.7840992  0.7798274
 0.7807368  0.77889305 0.78270966 0.78305024 0.78212386 0.7794707
 0.7782623  0.7836093  0.7761473  0.77946067 0.78199023 0.78298175
 0.7788484  0.78687805 0.7848647  0.7837154  0.7789102  0.78455067
 0.7753868  0.7775289  0.77909124 0.78043866 0.7780278  0.78095025
 0.7920373  0.779269   0.7824738  0.78137684 0.7844258  0.7790395
 0.78074276 0.7851396  0.7827908  0.7774222  0.7797498  0.7827505
 0.78411686 0.7808917  0.77901447 0.7809919  0.7842397  0.7812522
 0.7789327  0.77726126 0.7863065  0.78108615 0.77922904 0.77974004
 0.7831507  0.78467363 0.7792032  0.7821974  0.7776527  0.7822034
 0.7851679  0.78412414 0.7850718  0.782127   0.780143   0.78401256
 0.7835602  0.7857115  0.7805556  0.78381145 0.7787148  0.78113407
 0.77714187 0.78757924 0.7845525  0.78116065 0.7792527  0.7839271
 0.78312844 0.7869739  0.7816043  0.7772025  0.7840365  0.784106
 0.78334975 0.7813692  0.7807987  0.7783533  0.7827008  0.77883923
 0.7791546  0.78247696 0.77829903 0.7790379  0.7807516  0.77699673
 0.7816831  0.7811415  0.77744603 0.7812955  0.7833812  0.77997226
 0.78226733 0.7832678  0.78052235 0.78169197 0.78551483 0.7802136
 0.7772693  0.779546   0.78033966 0.78389525 0.7780942  0.78290194
 0.7799677  0.78022075 0.787082   0.78223705 0.77925426 0.77790505
 0.7856541  0.7826651 ]
[nltk_data] Downloading package wordnet to /mnt/iusers01/fse-
[nltk_data]     ugpgt01/compsci01/q12628ct/nltk_data...
[nltk_data]   Package wordnet is already up-to-date!
[nltk_data] Downloading package punkt_tab to /mnt/iusers01/fse-
[nltk_data]     ugpgt01/compsci01/q12628ct/nltk_data...
[nltk_data]   Package punkt_tab is already up-to-date!
[nltk_data] Downloading package omw-1.4 to /mnt/iusers01/fse-
[nltk_data]     ugpgt01/compsci01/q12628ct/nltk_data...
[nltk_data]   Package omw-1.4 is already up-to-date!
/mnt/iusers01/fse-ugpgt01/compsci01/q12628ct/.conda/envs/semantic-decoding/lib/python3.10/site-packages/huggingface_hub/file_download.py:945: FutureWarning: `resume_download` is deprecated and will be removed in version 1.0.0. Downloads always resume when possible. If you want to force a new download, use `force_download=True`.
  warnings.warn(
Some weights of the model checkpoint at roberta-large were not used when initializing RobertaModel: ['lm_head.layer_norm.bias', 'lm_head.dense.weight', 'lm_head.layer_norm.weight', 'lm_head.bias', 'lm_head.dense.bias']
- This IS expected if you are initializing RobertaModel from the checkpoint of a model trained on another task or with another architecture (e.g. initializing a BertForSequenceClassification model from a BertForPreTraining model).
- This IS NOT expected if you are initializing RobertaModel from the checkpoint of a model that you expect to be exactly identical (initializing a BertForSequenceClassification model from a BertForSequenceClassification model).
Some weights of RobertaModel were not initialized from the model checkpoint at roberta-large and are newly initialized: ['roberta.pooler.dense.weight', 'roberta.pooler.dense.bias']
You should probably TRAIN this model on a down-stream task to be able to use it for predictions and inference.
echo_repeat-2
WER
[-0.11854088 -0.10836056 -0.10662117 -0.12189497 -0.10636065 -0.12552527
 -0.1021494  -0.10758112 -0.1346325  -0.11939194 -0.10599562 -0.10004985
 -0.1155376  -0.11192692 -0.11819376 -0.09598518 -0.10999275 -0.10509115
 -0.12129047 -0.11234127 -0.09899725 -0.1349873  -0.1075222  -0.11365483
 -0.12527095 -0.1100163  -0.11318632 -0.09740635 -0.10410049 -0.11256082
 -0.10248026 -0.10076843 -0.10586689 -0.13801081 -0.10677296 -0.12385725
 -0.09589676 -0.07742002 -0.10987384 -0.11273751 -0.11405455 -0.1100841
 -0.12026874 -0.10775507 -0.10717441 -0.11283821 -0.07984184 -0.10411102
 -0.09701891 -0.10546514 -0.09376547 -0.10506051 -0.09680497 -0.11728598
 -0.11883717 -0.09761904 -0.12125105 -0.11216957 -0.09362366 -0.10763129
 -0.12007486 -0.11524871 -0.09608189 -0.11362567 -0.10510431 -0.10819705
 -0.10416534 -0.1070165  -0.11515726 -0.1283723  -0.12789881 -0.10538042
 -0.11342439 -0.11364179 -0.10590439 -0.13482943 -0.11401682 -0.10259991
 -0.09881011 -0.13884768 -0.11327552 -0.09874472 -0.11549939 -0.11548315
 -0.10543677 -0.09615292 -0.1119723  -0.11350843 -0.10224781 -0.12871205
 -0.10351234 -0.10060961 -0.120752   -0.09752889 -0.10509276 -0.13129087
 -0.13008675 -0.09726663 -0.10843434 -0.1104753  -0.12088931 -0.101918
 -0.09469331 -0.11308772 -0.1138124  -0.10694696 -0.11932203 -0.11748945
 -0.12308893 -0.1107625  -0.08034047 -0.11300117 -0.11001772 -0.12074472
 -0.12319906 -0.12043898 -0.12055582 -0.12805982 -0.12182574 -0.12894228
 -0.10767805 -0.11171124 -0.11590379 -0.09165506 -0.1044556  -0.10049219
 -0.10396065 -0.12060467 -0.11662055 -0.11433549 -0.12627762 -0.11147503
 -0.10478093 -0.12123845 -0.12117932 -0.09558921 -0.09792944 -0.09112968
 -0.0839402  -0.10812212 -0.10280302 -0.1105899  -0.08311374 -0.11174955
 -0.11637694 -0.09913885 -0.11158863 -0.10355671 -0.11984093 -0.08746991
 -0.10931917 -0.10829133 -0.11241954 -0.10478326 -0.10017917 -0.10297571
 -0.10862749 -0.12691013 -0.12677188 -0.11326014 -0.11520197 -0.11199517
 -0.11124253 -0.11331191 -0.09814476 -0.10510288 -0.10887624 -0.08457632
 -0.11676341 -0.09414522 -0.11328468 -0.09016714 -0.12149765 -0.1061241
 -0.11464193 -0.10252179 -0.11358985 -0.13026752 -0.10825707 -0.0958548
 -0.1179941  -0.09550383 -0.10232572 -0.10248483 -0.10425404 -0.12345596
 -0.1218904  -0.07779628 -0.13378643 -0.11042811 -0.11275801 -0.10820445
 -0.09202118 -0.11850313 -0.1090482  -0.12414219 -0.09543754 -0.12985827
 -0.1182306  -0.11268964]
echo_repeat-2
BLEU
[0.14184454 0.17460271 0.18717029 0.14479806 0.14855499 0.15319014
 0.14699797 0.20012157 0.11558605 0.18931215 0.17124488 0.15041831
 0.16705848 0.15884284 0.14836314 0.16624931 0.17995049 0.16806791
 0.16813613 0.14368111 0.17907878 0.14821198 0.1681825  0.15414776
 0.11498052 0.17978597 0.14634993 0.18344441 0.17330965 0.17407833
 0.17844597 0.16428045 0.16535124 0.12966572 0.18978656 0.13238636
 0.15955232 0.18448777 0.17811706 0.18856234 0.14995301 0.15157428
 0.13149609 0.18086461 0.18117163 0.13633745 0.1566582  0.14902972
 0.20302263 0.14260676 0.18308913 0.15393868 0.16045252 0.15506505
 0.15899518 0.16360765 0.13896544 0.17506671 0.15346707 0.19109642
 0.14307258 0.16904117 0.13917377 0.14757403 0.18980878 0.17260287
 0.19118947 0.15217911 0.17530798 0.13824211 0.13486071 0.14711638
 0.12279227 0.15707761 0.11793168 0.11873789 0.15919626 0.16188387
 0.15481092 0.11314108 0.15416347 0.17401673 0.17153805 0.14586836
 0.15985483 0.15307162 0.16528521 0.17737146 0.18047733 0.12926653
 0.15154708 0.15381926 0.14673353 0.17523443 0.15542471 0.12127193
 0.14358351 0.19338606 0.18559045 0.15481332 0.13553282 0.14967319
 0.17235983 0.14264153 0.14167023 0.17731709 0.16140151 0.15189836
 0.16892086 0.15156523 0.19187505 0.15308606 0.17264473 0.15156294
 0.1752066  0.13670748 0.13225459 0.11497211 0.1525064  0.1138435
 0.12005446 0.1856699  0.12681892 0.18765413 0.16192331 0.19077586
 0.17528383 0.1674831  0.1707648  0.14051304 0.19247212 0.14571072
 0.16435013 0.15173146 0.12837284 0.20494914 0.19993252 0.16112054
 0.19700932 0.17986057 0.15330858 0.15237975 0.16949996 0.15790495
 0.14672328 0.19429268 0.16213439 0.16702063 0.16538859 0.20767888
 0.14811157 0.13658391 0.16406797 0.16268079 0.14808779 0.16373149
 0.1790806  0.15623053 0.113192   0.17706268 0.13246311 0.14854134
 0.17292787 0.1697303  0.18446222 0.13469966 0.15363538 0.22169096
 0.17296503 0.17455721 0.16361392 0.15494665 0.14234378 0.15937903
 0.17624057 0.14523476 0.16236688 0.1385118  0.13882493 0.16636626
 0.1663139  0.15382566 0.16052719 0.15412881 0.18252838 0.12898308
 0.14002904 0.20703831 0.13517872 0.1688023  0.14273433 0.14615177
 0.15226703 0.14573199 0.15785339 0.13731793 0.14841725 0.11989113
 0.13827268 0.18179175]
echo_repeat-2
METEOR
[0.10352015 0.10910955 0.12121344 0.1056524  0.10042205 0.10847477
 0.12329199 0.15130467 0.08654875 0.11643958 0.128274   0.10149734
 0.09776776 0.13075876 0.10106836 0.10968608 0.13359826 0.11265698
 0.10733827 0.10135895 0.12230768 0.1055969  0.10287133 0.11293108
 0.08991013 0.11446629 0.11206698 0.13237424 0.12629098 0.12030195
 0.12767028 0.10697024 0.12845201 0.09445695 0.12255155 0.09779134
 0.11447289 0.13423361 0.14158826 0.12580387 0.10826146 0.11710553
 0.09193329 0.12431043 0.1361755  0.09103967 0.11198688 0.1057545
 0.14187549 0.12263129 0.12400211 0.11873733 0.11582677 0.11381571
 0.10264645 0.11281109 0.1098776  0.10791334 0.10486396 0.12700536
 0.10039329 0.11504342 0.11042149 0.09991698 0.14084492 0.11234245
 0.12597432 0.11722789 0.12247077 0.09816171 0.08638155 0.10472826
 0.10368775 0.10865294 0.0824742  0.09864612 0.10928518 0.12136465
 0.10140304 0.08971093 0.11296432 0.12866096 0.11530627 0.09602409
 0.12144014 0.11761376 0.11546264 0.12044765 0.11330567 0.0974991
 0.12499941 0.11925328 0.08751927 0.11105136 0.10676164 0.084137
 0.11212366 0.13832897 0.13172803 0.12257189 0.1053862  0.11705242
 0.12852735 0.11855559 0.10840626 0.13150262 0.10951503 0.11210974
 0.11957835 0.10076154 0.13636042 0.10818822 0.11992758 0.0984434
 0.13659595 0.11973374 0.10743025 0.09348414 0.11266432 0.08415848
 0.09420949 0.11731722 0.09954267 0.13472122 0.13268864 0.12838714
 0.12408044 0.09788707 0.13810295 0.10416246 0.14020267 0.10471588
 0.10399374 0.10040605 0.08914149 0.13379764 0.1477738  0.12291864
 0.1309226  0.12536754 0.12686249 0.11096384 0.11790013 0.10290749
 0.11567557 0.13213869 0.11317446 0.11491469 0.11905439 0.14700504
 0.10608139 0.10628177 0.12283696 0.11807947 0.10318456 0.1289747
 0.120214   0.12392805 0.08447185 0.10220656 0.08920344 0.1085973
 0.1173618  0.10994638 0.12757292 0.09939256 0.10687581 0.14038624
 0.10174568 0.12558777 0.12105128 0.11172513 0.10852821 0.10437303
 0.11315119 0.10190033 0.11000918 0.08900515 0.12251364 0.12254148
 0.10611726 0.11816162 0.10436311 0.11172248 0.12055757 0.08724996
 0.1129326  0.14182058 0.09584114 0.11638637 0.10404334 0.12215202
 0.1096345  0.09319532 0.12243047 0.08572175 0.11113372 0.0874107
 0.10267156 0.11240652]
echo_repeat-2
BERT
[0.77790815 0.7793353  0.78370714 0.7770592  0.7800094  0.7785343
 0.78030896 0.78363204 0.77769035 0.78248817 0.7796215  0.78112954
 0.7797923  0.7795829  0.78339684 0.78028417 0.7791388  0.7842866
 0.78237987 0.7828165  0.7826875  0.7781134  0.7819607  0.7832249
 0.7765673  0.7839934  0.7838707  0.78000784 0.7814223  0.78462964
 0.7779564  0.7811873  0.7844734  0.7790703  0.7821778  0.7827004
 0.7826259  0.78629553 0.7808233  0.78091663 0.782141   0.77646285
 0.78008145 0.78398114 0.7798658  0.7758559  0.7835764  0.7839346
 0.78053945 0.78279775 0.7828585  0.7848628  0.78111815 0.7767993
 0.781249   0.77991223 0.7838665  0.7859416  0.77847934 0.7835234
 0.78073996 0.7797256  0.7777503  0.7827233  0.7803992  0.78661215
 0.7821648  0.7824894  0.7803135  0.7813813  0.7782175  0.77757156
 0.7805698  0.7829248  0.78554356 0.78000885 0.78271854 0.7796485
 0.7827654  0.7767879  0.7814321  0.7830374  0.7823465  0.77991176
 0.78226656 0.7833723  0.7852785  0.78157496 0.7827658  0.78228194
 0.78199565 0.78339803 0.7770936  0.7855128  0.77906233 0.7803136
 0.7793954  0.7830232  0.78405017 0.7859877  0.78229195 0.7829076
 0.78855115 0.77641016 0.7844802  0.7824638  0.7825022  0.7832942
 0.7790212  0.7829072  0.7850292  0.7853453  0.786363   0.77975345
 0.7816233  0.77742195 0.780272   0.7800963  0.78677654 0.78209525
 0.78230685 0.7859875  0.7766818  0.77968764 0.78067714 0.781274
 0.7875562  0.7766186  0.7790505  0.78219867 0.7826647  0.78308934
 0.7827513  0.78005916 0.78247833 0.78282446 0.7795613  0.7844673
 0.7832003  0.7829125  0.78452283 0.78014636 0.78071874 0.7788953
 0.78165305 0.7849914  0.78295547 0.7792225  0.7777198  0.78779083
 0.78115815 0.7805393  0.7803596  0.7791678  0.78031373 0.7861062
 0.78220665 0.783165   0.77456737 0.7838971  0.7816114  0.77454567
 0.77778196 0.7806584  0.7810556  0.77834606 0.77921104 0.7881384
 0.7793083  0.7797903  0.782686   0.77933747 0.7820162  0.7848471
 0.78168786 0.78403527 0.7826392  0.77801335 0.78125995 0.78012097
 0.7808319  0.78204495 0.78140473 0.78296393 0.78490883 0.78199106
 0.7804286  0.78056866 0.78247964 0.7812862  0.77851003 0.78301257
 0.7802248  0.7819064  0.7796689  0.7793573  0.7802313  0.77915525
 0.7831076  0.78130025]
[nltk_data] Downloading package wordnet to /mnt/iusers01/fse-
[nltk_data]     ugpgt01/compsci01/q12628ct/nltk_data...
[nltk_data]   Package wordnet is already up-to-date!
[nltk_data] Downloading package punkt_tab to /mnt/iusers01/fse-
[nltk_data]     ugpgt01/compsci01/q12628ct/nltk_data...
[nltk_data]   Package punkt_tab is already up-to-date!
[nltk_data] Downloading package omw-1.4 to /mnt/iusers01/fse-
[nltk_data]     ugpgt01/compsci01/q12628ct/nltk_data...
[nltk_data]   Package omw-1.4 is already up-to-date!
/mnt/iusers01/fse-ugpgt01/compsci01/q12628ct/.conda/envs/semantic-decoding/lib/python3.10/site-packages/huggingface_hub/file_download.py:945: FutureWarning: `resume_download` is deprecated and will be removed in version 1.0.0. Downloads always resume when possible. If you want to force a new download, use `force_download=True`.
  warnings.warn(
Some weights of the model checkpoint at roberta-large were not used when initializing RobertaModel: ['lm_head.dense.bias', 'lm_head.layer_norm.bias', 'lm_head.layer_norm.weight', 'lm_head.dense.weight', 'lm_head.bias']
- This IS expected if you are initializing RobertaModel from the checkpoint of a model trained on another task or with another architecture (e.g. initializing a BertForSequenceClassification model from a BertForPreTraining model).
- This IS NOT expected if you are initializing RobertaModel from the checkpoint of a model that you expect to be exactly identical (initializing a BertForSequenceClassification model from a BertForSequenceClassification model).
Some weights of RobertaModel were not initialized from the model checkpoint at roberta-large and are newly initialized: ['roberta.pooler.dense.bias', 'roberta.pooler.dense.weight']
You should probably TRAIN this model on a down-stream task to be able to use it for predictions and inference.
wheretheressmoke
WER
[0.03571525 0.03696255 0.03548686 0.03858718 0.03874832 0.03871444
 0.03571407 0.03769459 0.03153601 0.03982427 0.03132717 0.03045091
 0.03396392 0.03827728 0.03781622 0.03549145 0.03565808 0.03931849
 0.03453458 0.03725546 0.03256913 0.03311949 0.03870188 0.03598497
 0.03464714 0.03624483 0.03391812 0.03146788 0.04288291 0.0402492
 0.03368891 0.03543096 0.038785   0.04079044 0.03351471 0.03235735
 0.03942847 0.03893106 0.03765916 0.03549413 0.03328727 0.03593327
 0.03184599 0.03601681 0.03191291 0.04079713 0.03402965 0.03575622
 0.03823001 0.03207629 0.03548887 0.04455071 0.0354273  0.03999467
 0.04388006 0.03398871 0.03779097 0.03751254 0.03856827 0.03949569
 0.03221305 0.03742952 0.04011835 0.03350079 0.04033127 0.04164213
 0.03555636 0.04235799 0.03849934 0.03913983 0.04209101 0.0372669
 0.03387353 0.03183093 0.04096347 0.04172699 0.03308417 0.03900257
 0.03317299 0.03355399 0.03520448 0.0323978  0.03842456 0.03498802
 0.03757044 0.03856714 0.03879199 0.03768467 0.03834226 0.0403728
 0.03398201 0.03468816 0.03685969 0.03748254 0.03535003 0.03587744
 0.03387993 0.03370858 0.03653598 0.04308545 0.0421226  0.03426342
 0.03617254 0.03253535 0.03186891 0.03829106 0.0343183  0.03121133
 0.03840157 0.03434398 0.03611622 0.04203503 0.02916504 0.03749778
 0.03552652 0.04254142 0.0355883  0.03574096 0.04041757 0.03694789
 0.03274024 0.03726678 0.03627584 0.03654295 0.03298024 0.03297232
 0.0428656  0.03295739 0.03758892 0.04161508 0.03621495 0.03594103
 0.03588981 0.03527129 0.03620116 0.03223529 0.03770559 0.03484411
 0.03135085 0.03739096 0.03145811 0.03336738 0.03629801 0.03970341
 0.03455168 0.04151532 0.03896536 0.03815875 0.04169369 0.03446654
 0.03307721 0.03006335 0.032162   0.03032618 0.03922914 0.03510972
 0.03743824 0.04086312 0.03847135 0.03740692 0.03523565 0.03632068
 0.03738839 0.03072632 0.03706299 0.03792273 0.03608127 0.03818598
 0.02986899 0.03867765 0.0377091  0.0390977  0.04090622 0.03442488
 0.03520909 0.03756623 0.03885437 0.03859501 0.04511143 0.03594648
 0.03369914 0.04148568 0.03331152 0.03677516 0.03690267 0.03552145
 0.04003737 0.03867517 0.03563899 0.03840882 0.03576604 0.04124519
 0.03633626 0.03552935 0.03457416 0.04208712 0.03234432 0.03379746
 0.03875128 0.03597515]
wheretheressmoke
BLEU
[0.19340055 0.1816849  0.18358241 0.18868468 0.18399209 0.19040581
 0.18568059 0.19478572 0.18428323 0.20394713 0.18675963 0.18624573
 0.19157101 0.20399757 0.1836992  0.184455   0.16650449 0.19391872
 0.18525089 0.2063451  0.17765854 0.16915712 0.18493598 0.17745728
 0.18726097 0.19047842 0.17388185 0.17362498 0.20665789 0.1909117
 0.17755352 0.17997988 0.18790326 0.19728463 0.19057412 0.17447251
 0.19156703 0.2016209  0.18741676 0.18618536 0.18383394 0.1815383
 0.19336588 0.19822297 0.18614863 0.1959239  0.18648078 0.19031739
 0.19819372 0.18430495 0.17481234 0.19350484 0.18554258 0.19389132
 0.19918949 0.18707401 0.18884633 0.19087527 0.19471214 0.20139076
 0.18904447 0.18494286 0.19906467 0.19057771 0.19375158 0.18665286
 0.18111067 0.1942502  0.19629497 0.19752945 0.18412188 0.18339287
 0.18948949 0.18659256 0.2053788  0.19798929 0.17553104 0.18798187
 0.18948448 0.20017424 0.18692151 0.18007478 0.19171723 0.19596954
 0.19548072 0.19163709 0.19818312 0.1910939  0.18479425 0.19293962
 0.184524   0.18289726 0.19167861 0.18220733 0.1943779  0.18805684
 0.18725014 0.18138301 0.18830376 0.19437634 0.19948567 0.19051623
 0.18319363 0.18139709 0.17411875 0.19928445 0.1774642  0.18020793
 0.19592709 0.17829007 0.2001175  0.18789944 0.17605096 0.18877467
 0.18727418 0.19367202 0.17989485 0.18534332 0.18848112 0.19971195
 0.17569025 0.18948959 0.18170793 0.19159904 0.18445125 0.18660558
 0.19670505 0.19372468 0.18343245 0.19657285 0.19309032 0.19081816
 0.18326362 0.19057927 0.1799877  0.18234548 0.18286598 0.19222266
 0.18371619 0.19091963 0.18573037 0.19878365 0.18176102 0.19452686
 0.18225848 0.19421347 0.19271131 0.19585545 0.19970756 0.19667619
 0.17960346 0.18859444 0.1847888  0.18355223 0.19268677 0.18993901
 0.18853173 0.1869918  0.18766224 0.1853435  0.20044183 0.19342824
 0.18942323 0.18974458 0.18032845 0.18694168 0.19143575 0.1836619
 0.18377842 0.18827109 0.18664097 0.19264343 0.19560983 0.17693429
 0.18971094 0.18583335 0.19370011 0.2008242  0.19751399 0.18053883
 0.18727461 0.19775054 0.18918158 0.19221767 0.19036782 0.18939613
 0.20313946 0.18856791 0.18329776 0.18821541 0.18786203 0.18650174
 0.19130092 0.18994746 0.17474921 0.18938157 0.18650328 0.18619582
 0.19344412 0.19418301]
wheretheressmoke
METEOR
[0.14088816 0.12857523 0.13523616 0.13543035 0.13339603 0.13420987
 0.13626203 0.14507078 0.13534735 0.14404216 0.13710037 0.13958855
 0.13416759 0.14806105 0.13921843 0.1376288  0.12730043 0.1388497
 0.134699   0.14563134 0.13122494 0.1308286  0.13558768 0.1282477
 0.13672703 0.13678156 0.12788497 0.12528372 0.14955177 0.13378052
 0.12752669 0.13668168 0.13875433 0.14290097 0.13769155 0.12758862
 0.14387205 0.14211444 0.14193565 0.13605164 0.13721898 0.13662901
 0.13717712 0.14782629 0.13883751 0.14032401 0.13344667 0.13870856
 0.14402276 0.13228318 0.12951984 0.13758111 0.13561372 0.14196903
 0.13948907 0.14260227 0.13936563 0.14005658 0.13712964 0.14520906
 0.13295756 0.1340052  0.14043457 0.1330897  0.14537555 0.13843728
 0.13184092 0.14326303 0.14073378 0.14463434 0.13866363 0.13382891
 0.13647521 0.13374449 0.14312102 0.14076941 0.13017048 0.13861774
 0.13552996 0.14522268 0.13446293 0.13586964 0.13828826 0.13606256
 0.14113797 0.13477449 0.1420801  0.13770685 0.13523816 0.13865525
 0.13532184 0.13362034 0.13426585 0.13018168 0.14250547 0.13845033
 0.1442744  0.13296526 0.14054372 0.13743113 0.14232531 0.13979599
 0.13494664 0.13359063 0.13399093 0.14862543 0.1251496  0.1331649
 0.13949789 0.12874735 0.14270939 0.13682691 0.13124223 0.13797787
 0.14106616 0.14322923 0.13329707 0.13621196 0.13733216 0.1403415
 0.12360116 0.13508363 0.14014655 0.14068133 0.13850614 0.13998369
 0.14028835 0.14163575 0.13034094 0.1441624  0.14537264 0.14098136
 0.13588273 0.1372183  0.13149529 0.13221084 0.13404055 0.13870967
 0.13862024 0.14130887 0.13606328 0.13699416 0.13133637 0.13778226
 0.12901312 0.14402111 0.13740503 0.14284354 0.1493126  0.14684723
 0.13318362 0.13925142 0.13625315 0.13422532 0.133656   0.1383519
 0.13644574 0.13397508 0.13736492 0.13455034 0.14722729 0.14505941
 0.13701589 0.13898451 0.13172888 0.13548761 0.13512166 0.13089223
 0.132652   0.13505719 0.1339641  0.13829778 0.14018158 0.13248735
 0.13398336 0.13550172 0.1390437  0.14146837 0.1424261  0.13245774
 0.13181597 0.13756419 0.14095174 0.14153179 0.13822363 0.1392638
 0.14410978 0.14158189 0.13563415 0.13098984 0.13505198 0.13682664
 0.13923904 0.13339449 0.13043383 0.1367544  0.13606124 0.13658257
 0.14019806 0.1416943 ]
wheretheressmoke
BERT
[0.7907819  0.78920245 0.78848475 0.7885338  0.79154414 0.7922043
 0.7890793  0.78960496 0.79023725 0.78890175 0.791486   0.7886126
 0.79136324 0.7930068  0.7892125  0.78903246 0.7903212  0.79043895
 0.7890585  0.7903085  0.7880234  0.7893868  0.7893579  0.79008573
 0.7893472  0.78880316 0.7878301  0.789364   0.7916869  0.7894337
 0.7887178  0.79032785 0.7915139  0.7900538  0.7898297  0.78812593
 0.789895   0.7923748  0.7884143  0.7915045  0.7891256  0.7905249
 0.78996795 0.79200864 0.787792   0.7906687  0.7912938  0.788574
 0.7900986  0.7882181  0.78755486 0.7897605  0.78881544 0.790024
 0.7914196  0.7910083  0.79058665 0.79021615 0.7899953  0.79015803
 0.78822166 0.788268   0.7922153  0.78970593 0.7924449  0.7909526
 0.7875156  0.7906077  0.78981614 0.78857034 0.7901339  0.78835297
 0.788812   0.7888835  0.79197246 0.790617   0.78781503 0.78893673
 0.79112774 0.79042727 0.78989756 0.7896898  0.79001194 0.78891724
 0.79056513 0.7888252  0.7902067  0.7912977  0.7910494  0.7894853
 0.7888975  0.7898177  0.7896905  0.7903673  0.78981715 0.78973633
 0.78978205 0.78887105 0.78847414 0.7905803  0.79181105 0.7898903
 0.7906153  0.7896928  0.78840774 0.78900254 0.7871937  0.78951216
 0.7907523  0.7887215  0.7927797  0.790478   0.7896153  0.78807926
 0.7891119  0.7907965  0.79116577 0.7902411  0.7898934  0.7906088
 0.78979033 0.78948015 0.7886     0.789562   0.7917771  0.78854865
 0.7896955  0.78905296 0.7894016  0.7898362  0.7913648  0.79005706
 0.7873206  0.7895585  0.78964955 0.78785294 0.79027    0.7904223
 0.788379   0.79013133 0.788225   0.7915478  0.79037803 0.79042244
 0.79058695 0.7911521  0.7909673  0.7889916  0.7909003  0.7892353
 0.78929484 0.78981704 0.78894985 0.7901247  0.78932476 0.79086965
 0.7918758  0.78989536 0.7895682  0.790005   0.7913034  0.7901415
 0.7904298  0.78984123 0.78929234 0.79016095 0.78950816 0.78905654
 0.7874944  0.79002184 0.79051685 0.78883    0.7907034  0.7884944
 0.7892842  0.7885236  0.78924155 0.7915643  0.7905353  0.7881072
 0.7902771  0.78966224 0.7887349  0.78856885 0.78910685 0.7887045
 0.7898374  0.78978515 0.7905646  0.79071856 0.7903543  0.78915715
 0.7892421  0.7890675  0.78869516 0.78945833 0.7889228  0.7898632
 0.7896253  0.79119253]
[nltk_data] Downloading package wordnet to /mnt/iusers01/fse-
[nltk_data]     ugpgt01/compsci01/q12628ct/nltk_data...
[nltk_data]   Package wordnet is already up-to-date!
[nltk_data] Downloading package punkt_tab to /mnt/iusers01/fse-
[nltk_data]     ugpgt01/compsci01/q12628ct/nltk_data...
[nltk_data]   Package punkt_tab is already up-to-date!
[nltk_data] Downloading package omw-1.4 to /mnt/iusers01/fse-
[nltk_data]     ugpgt01/compsci01/q12628ct/nltk_data...
[nltk_data]   Package omw-1.4 is already up-to-date!
/mnt/iusers01/fse-ugpgt01/compsci01/q12628ct/.conda/envs/semantic-decoding/lib/python3.10/site-packages/huggingface_hub/file_download.py:945: FutureWarning: `resume_download` is deprecated and will be removed in version 1.0.0. Downloads always resume when possible. If you want to force a new download, use `force_download=True`.
  warnings.warn(
Some weights of the model checkpoint at roberta-large were not used when initializing RobertaModel: ['lm_head.bias', 'lm_head.layer_norm.weight', 'lm_head.dense.weight', 'lm_head.dense.bias', 'lm_head.layer_norm.bias']
- This IS expected if you are initializing RobertaModel from the checkpoint of a model trained on another task or with another architecture (e.g. initializing a BertForSequenceClassification model from a BertForPreTraining model).
- This IS NOT expected if you are initializing RobertaModel from the checkpoint of a model that you expect to be exactly identical (initializing a BertForSequenceClassification model from a BertForSequenceClassification model).
Some weights of RobertaModel were not initialized from the model checkpoint at roberta-large and are newly initialized: ['roberta.pooler.dense.weight', 'roberta.pooler.dense.bias']
You should probably TRAIN this model on a down-stream task to be able to use it for predictions and inference.
Traceback (most recent call last):
  File "/net/scratch/q12628ct/semantic-decoding/decoding/evaluate_predictions.py", line 51, in <module>
    ref_data = load_transcript(args.experiment, reference)
  File "/net/scratch/q12628ct/semantic-decoding/decoding/utils_eval.py", line 23, in load_transcript
    with open(grid_path) as f: 
FileNotFoundError: [Errno 2] No such file or directory: '/net/scratch/q12628ct/semantic-decoding/data_test/test_stimulus/perceived_movie/sintel.TextGrid'
[nltk_data] Downloading package wordnet to /mnt/iusers01/fse-
[nltk_data]     ugpgt01/compsci01/q12628ct/nltk_data...
[nltk_data]   Package wordnet is already up-to-date!
[nltk_data] Downloading package punkt_tab to /mnt/iusers01/fse-
[nltk_data]     ugpgt01/compsci01/q12628ct/nltk_data...
[nltk_data]   Package punkt_tab is already up-to-date!
[nltk_data] Downloading package omw-1.4 to /mnt/iusers01/fse-
[nltk_data]     ugpgt01/compsci01/q12628ct/nltk_data...
[nltk_data]   Package omw-1.4 is already up-to-date!
/mnt/iusers01/fse-ugpgt01/compsci01/q12628ct/.conda/envs/semantic-decoding/lib/python3.10/site-packages/huggingface_hub/file_download.py:945: FutureWarning: `resume_download` is deprecated and will be removed in version 1.0.0. Downloads always resume when possible. If you want to force a new download, use `force_download=True`.
  warnings.warn(
Some weights of the model checkpoint at roberta-large were not used when initializing RobertaModel: ['lm_head.layer_norm.bias', 'lm_head.dense.bias', 'lm_head.layer_norm.weight', 'lm_head.bias', 'lm_head.dense.weight']
- This IS expected if you are initializing RobertaModel from the checkpoint of a model trained on another task or with another architecture (e.g. initializing a BertForSequenceClassification model from a BertForPreTraining model).
- This IS NOT expected if you are initializing RobertaModel from the checkpoint of a model that you expect to be exactly identical (initializing a BertForSequenceClassification model from a BertForSequenceClassification model).
Some weights of RobertaModel were not initialized from the model checkpoint at roberta-large and are newly initialized: ['roberta.pooler.dense.weight', 'roberta.pooler.dense.bias']
You should probably TRAIN this model on a down-stream task to be able to use it for predictions and inference.
presto
WER
[0.03332955 0.02897952 0.03495678 0.03279026 0.03355027 0.04123322
 0.02487533 0.03263723 0.0304948  0.02846681 0.02858304 0.03486053
 0.03175614 0.03290601 0.03219815 0.03527339 0.03887146 0.03844052
 0.03143441 0.02790121 0.02479156 0.02573268 0.02622054 0.0367812
 0.03669451 0.02646293 0.03234039 0.03283069 0.02794695 0.02511317
 0.02827493 0.02671474 0.03683345 0.02659514 0.03285846 0.02684183
 0.03397432 0.03077112 0.0279574  0.02870616 0.03857664 0.0307272
 0.03390907 0.03048739 0.03055838 0.02834977 0.03219957 0.03178278
 0.02309155 0.0245389  0.0285132  0.02385445 0.03803463 0.03463162
 0.03282618 0.03013486 0.02995499 0.02650935 0.02988628 0.03462741
 0.03661554 0.02368698 0.03295538 0.03028976 0.03436408 0.03590986
 0.03670928 0.02681366 0.02832337 0.02707813 0.03861215 0.03968735
 0.03048734 0.02634244 0.037246   0.03715262 0.03265904 0.03332352
 0.02685104 0.03469782 0.03636412 0.03117391 0.03468788 0.03296203
 0.03067807 0.02475866 0.02644253 0.02444058 0.03528963 0.03293141
 0.03718475 0.04451287 0.03388874 0.03331485 0.02950758 0.02864314
 0.02835533 0.02930373 0.02838557 0.01712744 0.03003622 0.02764744
 0.02161529 0.03348132 0.0173763  0.03937211 0.03627996 0.03920221
 0.03133569 0.03497857 0.02670645 0.02768084 0.03361486 0.03511887
 0.02621819 0.03016763 0.03450058 0.02969341 0.03074071 0.03156164
 0.03571457 0.02619985 0.03346535 0.03909359 0.0378844  0.02449804
 0.02415199 0.02341415 0.03582131 0.03411334 0.03452764 0.03010421
 0.03269432 0.03882799 0.03403269 0.02867408 0.02788504 0.03538223
 0.02715907 0.04237898 0.03193391 0.03055721 0.02265209 0.03176538
 0.02961037 0.03156297 0.02523905 0.0385839  0.02315385 0.02647573
 0.03092952 0.02678105 0.02709289 0.03057893 0.02335852 0.03218157
 0.03220127 0.02888358 0.03055471 0.03619093 0.02624932 0.04040918
 0.03049064 0.02889549 0.02327321 0.02995019 0.02571636 0.03385138
 0.02636597 0.03040164 0.02464844 0.04052467 0.02643517 0.02781411
 0.02889413 0.03450001 0.03172329 0.03195409 0.03409318 0.03437646
 0.03520542 0.03410011 0.02711419 0.03044314 0.03110651 0.0304038
 0.03703201 0.03504899 0.03707606 0.03146395 0.04191935 0.02919592
 0.03526148 0.02884821 0.0336422  0.03339236 0.03585936 0.03608733
 0.03765739 0.03532953]
presto
BLEU
[0.11839767 0.12161274 0.1179467  0.12771512 0.10766035 0.13470669
 0.11249925 0.12166812 0.1171888  0.1145347  0.10482313 0.13746048
 0.11985716 0.11317276 0.1175725  0.12005311 0.11636881 0.12507659
 0.12990667 0.11693564 0.11411114 0.1122702  0.10398195 0.11648992
 0.12712767 0.12613345 0.12419953 0.11769047 0.11317657 0.10615313
 0.11680459 0.11688177 0.11956468 0.116051   0.11503454 0.09920783
 0.12385054 0.10406037 0.10344916 0.11727412 0.12843622 0.11759798
 0.13458423 0.11437293 0.10600394 0.11806414 0.10697197 0.10368623
 0.10197425 0.09893805 0.10851728 0.10569298 0.12965861 0.11874173
 0.11721635 0.10429257 0.10605072 0.11581027 0.12093318 0.12340725
 0.1234952  0.10453025 0.12082454 0.11260987 0.11721974 0.13037292
 0.13145603 0.11061767 0.10812517 0.10265416 0.14348945 0.12902616
 0.12248088 0.09813851 0.11263073 0.1200517  0.12039011 0.12180202
 0.10855435 0.12751668 0.11577773 0.11055475 0.12434687 0.12344866
 0.10987828 0.115106   0.1166021  0.10454476 0.12270832 0.12882171
 0.11728141 0.13914071 0.10786289 0.122701   0.09843752 0.12033
 0.11390313 0.12061332 0.10956236 0.0982125  0.11350887 0.11431329
 0.09791844 0.1162262  0.09268939 0.13320414 0.12531023 0.1320884
 0.1155555  0.12931067 0.12491138 0.10406783 0.12220837 0.13068074
 0.11221619 0.11472523 0.11061852 0.11104361 0.13283992 0.11776411
 0.12155402 0.1013937  0.12596121 0.13767695 0.13515336 0.1103102
 0.10365496 0.10217092 0.11993679 0.11674997 0.13250445 0.10503051
 0.12359388 0.1442137  0.11993572 0.11623148 0.11128651 0.11869973
 0.10286421 0.14259854 0.12376382 0.11449463 0.09734565 0.12579186
 0.11696209 0.12503234 0.11129292 0.12601975 0.08781488 0.10867083
 0.1215474  0.1042152  0.11788453 0.1207447  0.11141089 0.13334486
 0.12446311 0.1169803  0.12437951 0.12436151 0.10650755 0.13895068
 0.10302686 0.12728586 0.10671682 0.1132026  0.10192778 0.10698066
 0.11393156 0.12961455 0.10223795 0.11566269 0.10228776 0.1227399
 0.1223594  0.10026662 0.11099931 0.10921901 0.13607182 0.12627523
 0.11952416 0.12492451 0.12219487 0.11168776 0.11236217 0.11857041
 0.11180208 0.1291333  0.12318194 0.11492953 0.13946625 0.10280363
 0.13786537 0.11250468 0.12755786 0.11789274 0.11454456 0.11314323
 0.12681184 0.12794899]
presto
METEOR
[0.08172112 0.08598074 0.08395572 0.08338841 0.07624726 0.08823324
 0.08011447 0.08247465 0.08466301 0.08169447 0.08107833 0.09206629
 0.08047515 0.07949031 0.08334136 0.08765277 0.0806571  0.08018772
 0.08552701 0.08052061 0.08044697 0.07985652 0.07523534 0.07820113
 0.09134654 0.08565636 0.08685857 0.08451085 0.07990234 0.07911019
 0.08078884 0.08072405 0.08438385 0.0781576  0.08201552 0.06645848
 0.08848846 0.07312094 0.0756057  0.0821154  0.08721122 0.07751958
 0.08979725 0.0797336  0.07446676 0.08740293 0.08057016 0.0748779
 0.07312037 0.07172885 0.07735495 0.07297327 0.08800874 0.08052801
 0.08714922 0.07544615 0.07459297 0.07879842 0.08908074 0.08543877
 0.08369326 0.06961661 0.08271789 0.08559477 0.08114025 0.09215513
 0.09162857 0.08249591 0.07550311 0.07686022 0.09510669 0.08503971
 0.08381841 0.07324393 0.07925881 0.08265188 0.08316035 0.08389608
 0.07321716 0.08751958 0.08490092 0.07447077 0.08481368 0.0825843
 0.07564939 0.07918055 0.08244694 0.07664974 0.08221236 0.09214466
 0.07998804 0.0895212  0.0767017  0.08598182 0.06911872 0.08370477
 0.08311934 0.08194973 0.07923479 0.07112463 0.07961827 0.08259613
 0.07384582 0.07768309 0.06620973 0.09219833 0.08587422 0.09426131
 0.08439232 0.08636185 0.08577227 0.07517631 0.08284534 0.08693333
 0.08269396 0.07841262 0.07803471 0.07672407 0.09129896 0.08355461
 0.07926685 0.07246046 0.08733548 0.0966189  0.09199642 0.08193067
 0.06985566 0.07571208 0.08533981 0.07897806 0.08997831 0.07351327
 0.08429315 0.09278631 0.08432822 0.08083405 0.07827186 0.08157408
 0.0749218  0.09245938 0.08759734 0.08033953 0.0691357  0.08450618
 0.0851991  0.09040074 0.0819321  0.08289197 0.06532018 0.07220705
 0.08180782 0.07331156 0.08162468 0.08712499 0.08027691 0.08484505
 0.08493036 0.07934574 0.08522946 0.0843603  0.08091864 0.09216473
 0.07472775 0.0926316  0.08144167 0.08408018 0.07441817 0.0778541
 0.07421463 0.09058425 0.07868165 0.08071069 0.06932174 0.08248336
 0.08205613 0.07228728 0.07747321 0.0783278  0.0896364  0.0840088
 0.08146324 0.08101501 0.07926109 0.07935467 0.08411537 0.08020008
 0.0792117  0.08629728 0.08434585 0.07818058 0.09208159 0.07314886
 0.09605824 0.08229919 0.09014592 0.0796496  0.07952125 0.07769972
 0.08327478 0.08859287]
presto
BERT
[0.77136856 0.769527   0.77055264 0.7725029  0.76883274 0.7724543
 0.7735447  0.77343476 0.7697855  0.7739532  0.7717835  0.7729068
 0.77100295 0.7721486  0.7722951  0.7691132  0.77431875 0.77051646
 0.7721958  0.7728879  0.77412874 0.7717662  0.770355   0.77050275
 0.77178735 0.77528787 0.77406716 0.771258   0.7703525  0.7711764
 0.76996064 0.7729123  0.7737137  0.7698933  0.7748073  0.76935136
 0.7719688  0.7667326  0.76937306 0.77144086 0.7707919  0.7717719
 0.77462846 0.77337486 0.77043664 0.77153313 0.77149105 0.7687373
 0.77041715 0.7677868  0.76880467 0.76852113 0.7725426  0.7707881
 0.77136034 0.7678977  0.7699532  0.77273536 0.7709712  0.7733154
 0.7710622  0.76855975 0.7708604  0.76936525 0.76921976 0.7738659
 0.7731147  0.77082247 0.77186704 0.7696024  0.7738698  0.7735988
 0.7722942  0.7741751  0.7698771  0.7738558  0.77048016 0.7723274
 0.7749923  0.77123773 0.769383   0.7717088  0.77342874 0.774433
 0.7702576  0.77260596 0.7708161  0.77007043 0.76993656 0.7722374
 0.7720908  0.77258456 0.7734009  0.7732641  0.7685537  0.77009237
 0.77160966 0.7706135  0.76834553 0.7698049  0.7715528  0.771678
 0.7681824  0.7731132  0.76863986 0.7726996  0.7685467  0.77295625
 0.7712008  0.77144855 0.7703673  0.7707074  0.77539206 0.7755733
 0.77492297 0.77064645 0.772503   0.7709116  0.77072567 0.77241373
 0.7733801  0.771412   0.772271   0.7732739  0.771514   0.77160734
 0.7687152  0.77111876 0.7711892  0.7730628  0.77255416 0.771215
 0.77009004 0.7732758  0.77062714 0.7691173  0.7670118  0.76994014
 0.7714909  0.77475524 0.7689877  0.77180165 0.7721389  0.77393514
 0.7709615  0.77459145 0.77068794 0.7683838  0.76985645 0.7707208
 0.7719351  0.77279544 0.77227926 0.7701001  0.7725524  0.7704134
 0.774927   0.7701951  0.77422583 0.7728324  0.7720221  0.7764854
 0.7709353  0.77245927 0.77444875 0.7717738  0.76896214 0.771308
 0.77003163 0.7695964  0.7702095  0.7673062  0.77076787 0.7724013
 0.77101684 0.76692206 0.77049106 0.7713818  0.7728918  0.7735641
 0.77000475 0.77319545 0.7719101  0.769284   0.772551   0.7732705
 0.7718002  0.77252716 0.7719437  0.7728316  0.7725978  0.771297
 0.77117777 0.77077097 0.7731755  0.7722871  0.76890576 0.7718207
 0.7712184  0.77455264]
[nltk_data] Downloading package wordnet to /mnt/iusers01/fse-
[nltk_data]     ugpgt01/compsci01/q12628ct/nltk_data...
[nltk_data]   Package wordnet is already up-to-date!
[nltk_data] Downloading package punkt_tab to /mnt/iusers01/fse-
[nltk_data]     ugpgt01/compsci01/q12628ct/nltk_data...
[nltk_data]   Package punkt_tab is already up-to-date!
[nltk_data] Downloading package omw-1.4 to /mnt/iusers01/fse-
[nltk_data]     ugpgt01/compsci01/q12628ct/nltk_data...
[nltk_data]   Package omw-1.4 is already up-to-date!
/mnt/iusers01/fse-ugpgt01/compsci01/q12628ct/.conda/envs/semantic-decoding/lib/python3.10/site-packages/huggingface_hub/file_download.py:945: FutureWarning: `resume_download` is deprecated and will be removed in version 1.0.0. Downloads always resume when possible. If you want to force a new download, use `force_download=True`.
  warnings.warn(
Some weights of the model checkpoint at roberta-large were not used when initializing RobertaModel: ['lm_head.layer_norm.bias', 'lm_head.dense.weight', 'lm_head.bias', 'lm_head.dense.bias', 'lm_head.layer_norm.weight']
- This IS expected if you are initializing RobertaModel from the checkpoint of a model trained on another task or with another architecture (e.g. initializing a BertForSequenceClassification model from a BertForPreTraining model).
- This IS NOT expected if you are initializing RobertaModel from the checkpoint of a model that you expect to be exactly identical (initializing a BertForSequenceClassification model from a BertForSequenceClassification model).
Some weights of RobertaModel were not initialized from the model checkpoint at roberta-large and are newly initialized: ['roberta.pooler.dense.weight', 'roberta.pooler.dense.bias']
You should probably TRAIN this model on a down-stream task to be able to use it for predictions and inference.
partlycloudy
WER
[-0.14090954 -0.13084771 -0.13823364 -0.13582175 -0.14165847 -0.1270459
 -0.14404912 -0.1400536  -0.13639052 -0.1438358  -0.13521307 -0.13729125
 -0.13291884 -0.12807552 -0.13624556 -0.13944994 -0.14181154 -0.13889914
 -0.13227069 -0.13340659 -0.13360932 -0.13837681 -0.13937008 -0.13507407
 -0.13530203 -0.12628542 -0.13550516 -0.13179724 -0.13847453 -0.13771503
 -0.13450279 -0.12791544 -0.14890699 -0.14612666 -0.13920345 -0.14526129
 -0.13052091 -0.13036293 -0.14054594 -0.14617847 -0.13674039 -0.14067833
 -0.14831918 -0.13741954 -0.14366509 -0.14223993 -0.14529975 -0.13545187
 -0.14724346 -0.13661392 -0.14155817 -0.12832327 -0.12987484 -0.14166752
 -0.12424817 -0.12944598 -0.13642533 -0.12314044 -0.14146906 -0.14484182
 -0.13708044 -0.14151368 -0.13687296 -0.13689927 -0.13077029 -0.13557179
 -0.13375372 -0.13812063 -0.13848304 -0.14520065 -0.14010545 -0.13689858
 -0.1452212  -0.14901184 -0.1403056  -0.14212517 -0.14170831 -0.1391962
 -0.14495245 -0.14681707 -0.13549068 -0.13799989 -0.13475835 -0.1347746
 -0.13775423 -0.13045975 -0.14325943 -0.1411182  -0.13410332 -0.14295204
 -0.13967724 -0.13379385 -0.14261131 -0.14162518 -0.13996917 -0.12630212
 -0.1442306  -0.13107175 -0.13505936 -0.13790105 -0.13737368 -0.13671119
 -0.13102863 -0.1445329  -0.13162984 -0.14117413 -0.14532296 -0.14121265
 -0.13788743 -0.14498674 -0.14324115 -0.13224115 -0.13465688 -0.1315387
 -0.14039575 -0.13698019 -0.13733627 -0.13218936 -0.14233155 -0.13507211
 -0.14265495 -0.1428088  -0.13728666 -0.14622313 -0.13232932 -0.13830182
 -0.14794165 -0.13268015 -0.12307827 -0.13439707 -0.14188799 -0.14083029
 -0.132517   -0.13309841 -0.13643345 -0.14062584 -0.14015845 -0.14424084
 -0.12745686 -0.13644335 -0.13219881 -0.13966794 -0.13702945 -0.14631088
 -0.13472811 -0.13864169 -0.13863901 -0.13752225 -0.13923055 -0.14235142
 -0.14091065 -0.13884225 -0.1384094  -0.14230867 -0.13633433 -0.14522354
 -0.14083799 -0.13720169 -0.11984442 -0.13522269 -0.12707811 -0.12875107
 -0.13866948 -0.13625212 -0.13822748 -0.13523803 -0.14075834 -0.13001945
 -0.13274617 -0.13102585 -0.12690173 -0.13706377 -0.12502709 -0.14374207
 -0.1341782  -0.13251321 -0.1416102  -0.12713452 -0.13790397 -0.13656129
 -0.13847094 -0.13867552 -0.12860799 -0.1418698  -0.12887792 -0.13477751
 -0.13442891 -0.13347622 -0.14697766 -0.13478574 -0.14574495 -0.13427514
 -0.13555789 -0.14107675 -0.13737285 -0.143829   -0.13059867 -0.14465684
 -0.13262289 -0.14231145]
partlycloudy
BLEU
[0.12006032 0.13299164 0.12781974 0.13337157 0.11507361 0.14796154
 0.12044534 0.12926711 0.11786606 0.1125874  0.13211642 0.13233341
 0.13137546 0.13664564 0.12168702 0.11852007 0.11123059 0.12730603
 0.12831725 0.11573206 0.12265676 0.1169222  0.11244358 0.12174718
 0.13439374 0.14481842 0.12971985 0.12632575 0.12603152 0.11354517
 0.13153576 0.13417376 0.10878026 0.10546765 0.12469009 0.11536981
 0.13745273 0.13865771 0.11964496 0.10752634 0.12214394 0.12025994
 0.10707064 0.13771373 0.11598058 0.11667256 0.12054211 0.12198136
 0.11853306 0.12004447 0.12250509 0.12032673 0.14627596 0.12701057
 0.13980338 0.13264631 0.11691245 0.14890501 0.11723824 0.1151096
 0.120596   0.1221632  0.12583643 0.12425801 0.12714646 0.11617164
 0.12935258 0.11958569 0.10463818 0.11885557 0.11309858 0.11512607
 0.1101713  0.10608209 0.1273274  0.11080387 0.11843136 0.12033478
 0.11621948 0.10082445 0.13059672 0.12249176 0.12652721 0.13477635
 0.13255601 0.14515365 0.11977474 0.12439077 0.13668059 0.13317679
 0.12205694 0.13413202 0.12487525 0.12325458 0.12768233 0.13245729
 0.11071575 0.13389556 0.12684755 0.12273944 0.11619386 0.11723797
 0.12910651 0.11561471 0.14083345 0.12407546 0.12915769 0.1148238
 0.12069927 0.11252591 0.11564701 0.13930064 0.13345604 0.13054551
 0.12117282 0.11742379 0.14136692 0.12955753 0.11776385 0.11613132
 0.11479495 0.13162722 0.11612548 0.10657004 0.12788381 0.12253282
 0.11829101 0.13786563 0.13891756 0.12775922 0.11337521 0.12215601
 0.1238833  0.11558399 0.1287035  0.12810053 0.11695417 0.11531177
 0.15003109 0.12372963 0.13318153 0.12093344 0.11987544 0.11546102
 0.13124854 0.11608502 0.11235891 0.11606483 0.1296876  0.11680421
 0.11686176 0.12971541 0.11829033 0.11586958 0.11967585 0.10915642
 0.12830669 0.12106036 0.14845821 0.1276182  0.12573644 0.12839873
 0.11685944 0.12318834 0.12083264 0.13138836 0.12448473 0.13512875
 0.12676355 0.12971612 0.13572195 0.11878492 0.14282759 0.12683133
 0.12827447 0.13793768 0.12653865 0.12979501 0.12909044 0.11403316
 0.11495511 0.12225468 0.13501351 0.11914239 0.13551331 0.12838493
 0.12360349 0.11951534 0.11441606 0.12284848 0.11163564 0.1211234
 0.13287379 0.12636707 0.13807413 0.11161552 0.14177041 0.11343506
 0.1317148  0.11093568]
partlycloudy
METEOR
[0.09630123 0.10676832 0.10137915 0.10472889 0.10168707 0.11290292
 0.09726251 0.10664196 0.09808751 0.09253571 0.10655656 0.11032895
 0.10753307 0.1089473  0.10302303 0.09677946 0.09872677 0.09831496
 0.10397207 0.09435313 0.10503766 0.0938299  0.09496042 0.09619432
 0.11024583 0.11218561 0.10177956 0.10096631 0.10205134 0.09470279
 0.10498348 0.1161096  0.09200749 0.09305526 0.10454726 0.09110683
 0.11263731 0.11246251 0.09483907 0.08754013 0.10040957 0.09750131
 0.09257939 0.10525321 0.09479649 0.10081965 0.09832116 0.09767479
 0.09781132 0.0967254  0.0995206  0.09975435 0.12063033 0.10266979
 0.10699973 0.10395876 0.09697796 0.11817298 0.09679999 0.0971897
 0.09944099 0.09995255 0.10635142 0.10295052 0.10809891 0.0999814
 0.11117704 0.10529128 0.09207422 0.09767445 0.09719604 0.09511177
 0.09829211 0.09055076 0.1058749  0.09097067 0.09657116 0.09562168
 0.093839   0.09312292 0.10717802 0.10016436 0.11275424 0.10307625
 0.10243591 0.11609045 0.09722642 0.10279695 0.11191686 0.10720137
 0.10149049 0.10978754 0.10243415 0.09466423 0.10604454 0.11116233
 0.10010173 0.11260863 0.10321445 0.10031273 0.09544796 0.0964951
 0.10734766 0.09823708 0.11015977 0.10591154 0.1093822  0.09592049
 0.10052266 0.09828219 0.08963068 0.10689599 0.10700931 0.10336954
 0.0961585  0.10391574 0.11159335 0.10414153 0.09326937 0.09079672
 0.09442407 0.10256408 0.09864979 0.09199397 0.10220778 0.09897131
 0.10121447 0.11613138 0.11718913 0.10666715 0.10152397 0.10157681
 0.10022492 0.09611967 0.10672194 0.10204823 0.10148226 0.09560704
 0.11358472 0.10294903 0.10220366 0.09653848 0.1038372  0.10091333
 0.10696683 0.09732182 0.08956017 0.09722585 0.10288203 0.09939427
 0.09487743 0.10362448 0.10250073 0.09969194 0.09582979 0.09492529
 0.1105088  0.09714051 0.11697568 0.10417965 0.10185141 0.10360964
 0.09817793 0.10138442 0.10151924 0.10276848 0.10315546 0.10454357
 0.10232894 0.10838112 0.10734137 0.09787388 0.11152434 0.10633527
 0.09935852 0.11040226 0.10709642 0.10187922 0.10484849 0.09577484
 0.09470312 0.1030104  0.11132662 0.09934075 0.11125065 0.10700757
 0.10110644 0.09659943 0.10110624 0.10163742 0.08870927 0.10577755
 0.10700482 0.10611058 0.11926258 0.10171588 0.11074021 0.09959493
 0.10389018 0.09274647]
partlycloudy
BERT
[0.77926964 0.77940816 0.7765912  0.77886397 0.7775713  0.7814396
 0.77984875 0.78133297 0.7777078  0.77962595 0.7798665  0.78385377
 0.7781371  0.78152317 0.7827723  0.7783146  0.77936924 0.77990466
 0.7797959  0.77753764 0.7819259  0.7801834  0.78003424 0.7778183
 0.7788608  0.7772693  0.7803046  0.778183   0.77834165 0.7794656
 0.7803397  0.7782699  0.778648   0.77955794 0.7796272  0.77962404
 0.7787688  0.7797116  0.77799004 0.7807079  0.77909964 0.77923435
 0.78068286 0.7804707  0.78050995 0.7784548  0.77894723 0.78030753
 0.77799433 0.77865535 0.77961063 0.779979   0.7829058  0.78194135
 0.7795189  0.77787864 0.7800569  0.78291917 0.78045434 0.7803034
 0.7796438  0.781702   0.7783265  0.7790672  0.78024536 0.7809945
 0.7790351  0.7793389  0.77875346 0.7823038  0.77706504 0.778669
 0.7800162  0.77986276 0.78189987 0.7774844  0.77855444 0.7773805
 0.7798723  0.7766212  0.77973515 0.7790129  0.7814444  0.78086746
 0.7794971  0.7828753  0.7788478  0.7782128  0.77904683 0.7815234
 0.7825033  0.77972203 0.7805693  0.77863824 0.7794318  0.7808678
 0.780749   0.7805458  0.7792248  0.7812353  0.77898455 0.7786443
 0.7796889  0.780567   0.78255737 0.7795695  0.7838798  0.77781683
 0.7815646  0.7801995  0.7794656  0.78229403 0.7834278  0.78236896
 0.7813967  0.7795072  0.78346384 0.7788108  0.7779005  0.78031284
 0.7791182  0.78293085 0.78157806 0.78031415 0.77793115 0.77704227
 0.778994   0.7795076  0.7788593  0.7802851  0.7772184  0.7813988
 0.7796148  0.7799951  0.7822759  0.7793019  0.7774714  0.78041655
 0.780504   0.7780343  0.7811331  0.7812493  0.7806525  0.7796496
 0.78162056 0.77797335 0.7791787  0.77953184 0.77957344 0.7798057
 0.7820422  0.7800772  0.77938336 0.777306   0.7785739  0.77938515
 0.781456   0.7785054  0.77978647 0.77822423 0.7817043  0.782658
 0.7774887  0.7780371  0.78048426 0.7799011  0.7808034  0.7799533
 0.7802856  0.7802431  0.77906847 0.7769757  0.779123   0.7773682
 0.7798151  0.7791646  0.78021216 0.77892554 0.78048986 0.78075314
 0.781517   0.780023   0.7796874  0.7800544  0.77853495 0.77875155
 0.7791861  0.7819207  0.78033084 0.78010774 0.7768262  0.77773464
 0.77932906 0.7797114  0.780692   0.78114766 0.78058636 0.7809966
 0.78126085 0.7786716 ]
[nltk_data] Downloading package wordnet to /mnt/iusers01/fse-
[nltk_data]     ugpgt01/compsci01/q12628ct/nltk_data...
[nltk_data]   Package wordnet is already up-to-date!
[nltk_data] Downloading package punkt_tab to /mnt/iusers01/fse-
[nltk_data]     ugpgt01/compsci01/q12628ct/nltk_data...
[nltk_data]   Package punkt_tab is already up-to-date!
[nltk_data] Downloading package omw-1.4 to /mnt/iusers01/fse-
[nltk_data]     ugpgt01/compsci01/q12628ct/nltk_data...
[nltk_data]   Package omw-1.4 is already up-to-date!
/mnt/iusers01/fse-ugpgt01/compsci01/q12628ct/.conda/envs/semantic-decoding/lib/python3.10/site-packages/huggingface_hub/file_download.py:945: FutureWarning: `resume_download` is deprecated and will be removed in version 1.0.0. Downloads always resume when possible. If you want to force a new download, use `force_download=True`.
  warnings.warn(
Some weights of the model checkpoint at roberta-large were not used when initializing RobertaModel: ['lm_head.dense.weight', 'lm_head.layer_norm.weight', 'lm_head.bias', 'lm_head.layer_norm.bias', 'lm_head.dense.bias']
- This IS expected if you are initializing RobertaModel from the checkpoint of a model trained on another task or with another architecture (e.g. initializing a BertForSequenceClassification model from a BertForPreTraining model).
- This IS NOT expected if you are initializing RobertaModel from the checkpoint of a model that you expect to be exactly identical (initializing a BertForSequenceClassification model from a BertForSequenceClassification model).
Some weights of RobertaModel were not initialized from the model checkpoint at roberta-large and are newly initialized: ['roberta.pooler.dense.weight', 'roberta.pooler.dense.bias']
You should probably TRAIN this model on a down-stream task to be able to use it for predictions and inference.
laluna
WER
[-0.06314351 -0.06373112 -0.05781556 -0.05671492 -0.05312971 -0.05746112
 -0.05998696 -0.0605111  -0.06297203 -0.05561314 -0.06241102 -0.05879204
 -0.05870315 -0.05630024 -0.0485369  -0.05988623 -0.06023281 -0.055566
 -0.05326288 -0.06286991 -0.05491317 -0.05537516 -0.05107513 -0.05832784
 -0.06337219 -0.06441781 -0.06192638 -0.06614816 -0.05504836 -0.05978552
 -0.0625367  -0.0566303  -0.05972006 -0.05031136 -0.05830357 -0.0673784
 -0.04923948 -0.06112526 -0.0632648  -0.06546829 -0.06437825 -0.05462937
 -0.05955771 -0.05902734 -0.05204487 -0.05822914 -0.05355588 -0.06255293
 -0.05446168 -0.04961796 -0.0572602  -0.05827904 -0.05526083 -0.05643107
 -0.06191877 -0.05593464 -0.05712504 -0.06343086 -0.05607944 -0.06058569
 -0.06550499 -0.06565522 -0.0677585  -0.06641909 -0.06185872 -0.06773457
 -0.06574094 -0.05886123 -0.05668459 -0.06871225 -0.05385481 -0.05872612
 -0.06428533 -0.05748338 -0.05231145 -0.05477269 -0.06821317 -0.06606646
 -0.05748822 -0.05868969 -0.06635135 -0.06473378 -0.05907947 -0.05257909
 -0.05930865 -0.0578265  -0.05527787 -0.0597291  -0.06350694 -0.06105401
 -0.05396044 -0.05690991 -0.06142994 -0.05620773 -0.0649972  -0.06145541
 -0.05639058 -0.05460731 -0.05150158 -0.05562804 -0.05865901 -0.05625569
 -0.06851973 -0.05619775 -0.05867394 -0.06146361 -0.05590985 -0.0569818
 -0.06370586 -0.06473394 -0.06145833 -0.0588026  -0.05968418 -0.06083317
 -0.05245342 -0.06397254 -0.05923963 -0.05192498 -0.06327421 -0.06006271
 -0.06265403 -0.05885665 -0.05984143 -0.05606948 -0.05094224 -0.05615733
 -0.05659222 -0.05160458 -0.06045925 -0.05370641 -0.05367574 -0.06136512
 -0.06341039 -0.05842589 -0.05136658 -0.05585199 -0.06066257 -0.06524348
 -0.05859229 -0.05943405 -0.06323907 -0.06555495 -0.05667229 -0.05186611
 -0.05998634 -0.06214218 -0.06241075 -0.05850834 -0.06515048 -0.06045015
 -0.06840562 -0.04630475 -0.06012006 -0.05496563 -0.05523353 -0.05663711
 -0.06229323 -0.05639316 -0.06271496 -0.06060144 -0.058159   -0.05869673
 -0.06464184 -0.06401211 -0.05892406 -0.05911465 -0.06491391 -0.06383812
 -0.05957037 -0.06271415 -0.0589405  -0.05861641 -0.05700354 -0.06099433
 -0.06113388 -0.05623934 -0.06294951 -0.06408027 -0.05263438 -0.0657385
 -0.06244227 -0.06575065 -0.05401479 -0.06263759 -0.06387847 -0.06780464
 -0.06312813 -0.06046313 -0.06189469 -0.06332269 -0.06606922 -0.06124282
 -0.05807339 -0.05888995 -0.06615404 -0.05963607 -0.05065478 -0.05877384
 -0.06916674 -0.06449853]
laluna
BLEU
[0.12070742 0.11815842 0.11415153 0.12683303 0.13987685 0.12880332
 0.11619063 0.1278829  0.12677543 0.11963468 0.12318243 0.12588831
 0.12283886 0.12210829 0.14467295 0.12172692 0.1194433  0.13896848
 0.12694383 0.1137322  0.12528625 0.13669916 0.14526169 0.12223141
 0.12545803 0.11625573 0.11606013 0.11075037 0.13415774 0.14119349
 0.11100163 0.12752266 0.11967519 0.14139257 0.13197816 0.11563498
 0.14319222 0.12366966 0.11004159 0.11404528 0.11999654 0.13797389
 0.13419515 0.12821227 0.13260079 0.12556461 0.13965552 0.13000417
 0.12821777 0.15039585 0.12702684 0.12701136 0.12465552 0.13021037
 0.12190114 0.13101118 0.12009316 0.11183344 0.13898392 0.11895004
 0.1339634  0.11664326 0.10852974 0.12477821 0.12960486 0.116618
 0.11698962 0.12653908 0.12681109 0.11387241 0.13023238 0.13240087
 0.11966755 0.12123894 0.13944602 0.13760333 0.11076249 0.12016092
 0.12666528 0.13545912 0.12182998 0.12034038 0.12314823 0.12692925
 0.12612284 0.12770327 0.12948822 0.1257483  0.12150287 0.12698331
 0.1303851  0.1298684  0.11317899 0.13764126 0.12090115 0.13310296
 0.1249949  0.12554527 0.13141143 0.12996135 0.12458042 0.12290481
 0.11036875 0.13126674 0.11660032 0.12773852 0.13427787 0.13077461
 0.11816819 0.12041363 0.13136738 0.12885593 0.13129666 0.11828014
 0.13753741 0.12162921 0.1428193  0.13551398 0.11761107 0.12213207
 0.12700333 0.140256   0.12486864 0.13072867 0.1445982  0.13001408
 0.13226465 0.1274057  0.12560733 0.12701395 0.13156922 0.13043981
 0.12322851 0.11589576 0.13255634 0.12343156 0.12788693 0.11553898
 0.1186761  0.12919283 0.11808793 0.10945923 0.13070745 0.12918082
 0.13288612 0.12102301 0.12104785 0.12314809 0.10686165 0.13175792
 0.11829053 0.14794359 0.12588881 0.12431315 0.11795973 0.1218409
 0.12345323 0.11923182 0.12277125 0.13581459 0.13764873 0.12137785
 0.11778946 0.11905605 0.12539458 0.11587909 0.10938223 0.12717189
 0.11980409 0.10242265 0.13380389 0.13309313 0.13180756 0.11654417
 0.1207091  0.13237424 0.11459859 0.11839297 0.12963535 0.11528875
 0.12749374 0.11796681 0.13663968 0.12271953 0.113299   0.09997986
 0.10981402 0.12975338 0.12732107 0.11638715 0.11911413 0.13690577
 0.13052626 0.13363887 0.11584316 0.12347501 0.14984459 0.12353424
 0.10974585 0.10594756]
laluna
METEOR
[0.08964581 0.08875893 0.08743618 0.09218235 0.10441496 0.09583405
 0.09075227 0.09481141 0.09533275 0.08875321 0.09323246 0.09898277
 0.08876478 0.0951298  0.10406841 0.09442207 0.09154162 0.10222617
 0.09439787 0.08614286 0.08948926 0.10621907 0.10819958 0.09555928
 0.09497211 0.08291477 0.08796901 0.08378048 0.09879665 0.10519163
 0.08882274 0.09475312 0.09298729 0.10219925 0.09640177 0.08765146
 0.10455723 0.09366016 0.08236342 0.08590381 0.09381718 0.10525171
 0.10100841 0.09154979 0.10086929 0.09543721 0.10300943 0.0970516
 0.09103223 0.1063089  0.09476903 0.09357127 0.09221893 0.09218395
 0.09323535 0.09685776 0.08591122 0.08772277 0.10435047 0.09212871
 0.09566649 0.08383102 0.08605177 0.0954752  0.09579827 0.09121748
 0.09196674 0.09202885 0.09432861 0.08748606 0.09738705 0.10558427
 0.08605576 0.09495367 0.10520096 0.10417966 0.08507771 0.09372428
 0.09513356 0.10227256 0.09323318 0.08969489 0.091648   0.09376675
 0.09167397 0.09340971 0.09670216 0.09478796 0.08852282 0.09702227
 0.09783068 0.09794605 0.08410652 0.09917635 0.08717317 0.10077072
 0.0915387  0.0963285  0.10052026 0.10048015 0.08864764 0.09323004
 0.08214851 0.0963766  0.09095974 0.09960869 0.09866691 0.09714956
 0.09084678 0.09146044 0.09565747 0.09937114 0.09683992 0.08630319
 0.10104966 0.08852116 0.10526255 0.09937586 0.09221793 0.09188475
 0.09752544 0.10695232 0.09230411 0.09409051 0.10651916 0.09855987
 0.09890382 0.09166859 0.09734763 0.09412595 0.09398824 0.09659767
 0.09108    0.08610779 0.09665263 0.0985097  0.09078583 0.08752154
 0.08547296 0.09818487 0.09408369 0.08251441 0.09925013 0.09672943
 0.09711066 0.08785668 0.09024043 0.09414341 0.08524442 0.09738023
 0.09046154 0.10712449 0.09293309 0.09469112 0.08866906 0.09092873
 0.09039232 0.09336142 0.09459246 0.09569043 0.10122923 0.09350357
 0.09152494 0.08658958 0.09185876 0.08558254 0.08361084 0.09439587
 0.09062959 0.07717495 0.09285715 0.10132417 0.09921551 0.08964042
 0.08994227 0.09311645 0.08481106 0.08961045 0.09702361 0.08743632
 0.09210374 0.09101604 0.10166788 0.0939905  0.0831134  0.08019387
 0.08824711 0.09763327 0.09772694 0.09051646 0.092755   0.10390011
 0.09618151 0.10102989 0.09109194 0.0907387  0.10589651 0.09503165
 0.08550329 0.08626772]
laluna
BERT
[0.7834203  0.7859583  0.7865793  0.782351   0.7888765  0.78500706
 0.7843724  0.78695947 0.7831839  0.7841191  0.7826682  0.7840126
 0.78294545 0.78560376 0.7841566  0.78567165 0.7842141  0.7854641
 0.78437936 0.7814751  0.7832718  0.7828018  0.7889406  0.78520936
 0.78560305 0.78423923 0.7823775  0.7816892  0.7842398  0.78573185
 0.7843837  0.7800418  0.7828686  0.7850853  0.78501177 0.78276
 0.7850493  0.784383   0.7814489  0.78390414 0.78149855 0.7871503
 0.7854218  0.7816815  0.7850423  0.78176475 0.787698   0.7846727
 0.781832   0.7860988  0.78427476 0.7825584  0.7818905  0.7850227
 0.7837513  0.7850316  0.784396   0.78251827 0.7840685  0.785366
 0.78261626 0.78253007 0.7822121  0.78486824 0.7832695  0.7841843
 0.78135526 0.78513175 0.78455985 0.7825395  0.78641737 0.7840735
 0.78258187 0.78299224 0.7846196  0.7848674  0.7836924  0.7826149
 0.7815679  0.7837364  0.7831005  0.78322375 0.7835839  0.78629607
 0.78449076 0.7859654  0.78404325 0.7844201  0.78268534 0.78392893
 0.78566986 0.7831161  0.7798648  0.7847678  0.7852169  0.7817299
 0.7833257  0.7843401  0.7849534  0.7846781  0.78432316 0.7829384
 0.78216535 0.7840617  0.78530324 0.7839208  0.7856093  0.785014
 0.7842473  0.7845744  0.78274775 0.78688496 0.7855213  0.78132117
 0.78684133 0.7843733  0.78360677 0.7850735  0.78321034 0.78361505
 0.78461486 0.78456646 0.7821355  0.7831873  0.7858114  0.7852691
 0.78415745 0.7862143  0.7812932  0.7826294  0.786281   0.7863561
 0.78330415 0.7815161  0.7822866  0.78454334 0.7836385  0.7832281
 0.78219146 0.78227395 0.7814012  0.7832413  0.7840866  0.78329384
 0.78582394 0.7840146  0.78092563 0.78274214 0.7812473  0.78318506
 0.78727746 0.7861765  0.7864043  0.7829315  0.7846833  0.7851505
 0.78617114 0.7830171  0.7843832  0.78286815 0.7854621  0.7854891
 0.78504425 0.7852739  0.7842539  0.78269863 0.7835484  0.7849671
 0.78254235 0.7835747  0.78478485 0.7875594  0.7820383  0.784017
 0.78395027 0.7839317  0.7863466  0.78533477 0.785972   0.78441215
 0.78593826 0.78429234 0.7866933  0.7828067  0.7844044  0.78215057
 0.7843016  0.7826715  0.7817642  0.78379464 0.7804641  0.78496087
 0.7837592  0.78506094 0.7849942  0.78378195 0.7858066  0.7870236
 0.7804274  0.7832889 ]
[nltk_data] Downloading package wordnet to /mnt/iusers01/fse-
[nltk_data]     ugpgt01/compsci01/q12628ct/nltk_data...
[nltk_data]   Package wordnet is already up-to-date!
[nltk_data] Downloading package punkt_tab to /mnt/iusers01/fse-
[nltk_data]     ugpgt01/compsci01/q12628ct/nltk_data...
[nltk_data]   Package punkt_tab is already up-to-date!
[nltk_data] Downloading package omw-1.4 to /mnt/iusers01/fse-
[nltk_data]     ugpgt01/compsci01/q12628ct/nltk_data...
[nltk_data]   Package omw-1.4 is already up-to-date!
/mnt/iusers01/fse-ugpgt01/compsci01/q12628ct/.conda/envs/semantic-decoding/lib/python3.10/site-packages/huggingface_hub/file_download.py:945: FutureWarning: `resume_download` is deprecated and will be removed in version 1.0.0. Downloads always resume when possible. If you want to force a new download, use `force_download=True`.
  warnings.warn(
Some weights of the model checkpoint at roberta-large were not used when initializing RobertaModel: ['lm_head.dense.bias', 'lm_head.layer_norm.weight', 'lm_head.dense.weight', 'lm_head.bias', 'lm_head.layer_norm.bias']
- This IS expected if you are initializing RobertaModel from the checkpoint of a model trained on another task or with another architecture (e.g. initializing a BertForSequenceClassification model from a BertForPreTraining model).
- This IS NOT expected if you are initializing RobertaModel from the checkpoint of a model that you expect to be exactly identical (initializing a BertForSequenceClassification model from a BertForSequenceClassification model).
Some weights of RobertaModel were not initialized from the model checkpoint at roberta-large and are newly initialized: ['roberta.pooler.dense.weight', 'roberta.pooler.dense.bias']
You should probably TRAIN this model on a down-stream task to be able to use it for predictions and inference.
alpha_repeat-1
WER
[-0.20651764 -0.16672095 -0.21807166 -0.17309992 -0.18693814 -0.1977153
 -0.15998767 -0.18108039 -0.17603961 -0.185673   -0.15035383 -0.1828939
 -0.20280602 -0.18189789 -0.20157912 -0.16619869 -0.15000871 -0.1744998
 -0.21027931 -0.17417794 -0.1618803  -0.19682424 -0.19043949 -0.18074593
 -0.20253035 -0.19661044 -0.16490691 -0.21347084 -0.19916754 -0.18682011
 -0.19951249 -0.18283665 -0.17325907 -0.19335733 -0.18407726 -0.18215558
 -0.19931572 -0.15421859 -0.21487794 -0.1663276  -0.19231743 -0.19252746
 -0.16508056 -0.17138713 -0.16755301 -0.18772689 -0.18730838 -0.18392996
 -0.19992448 -0.18209208 -0.1736263  -0.19658755 -0.19910777 -0.17269414
 -0.19459851 -0.18061491 -0.19726819 -0.18373112 -0.18407981 -0.16507727
 -0.14522966 -0.19247001 -0.19315203 -0.18447504 -0.19154811 -0.19497283
 -0.17411977 -0.18618472 -0.17148846 -0.17911738 -0.17159451 -0.14200745
 -0.19842811 -0.1792587  -0.22054153 -0.2155669  -0.22204619 -0.18825885
 -0.18694858 -0.18825678 -0.17799907 -0.17729627 -0.19807099 -0.21245329
 -0.21180852 -0.18503753 -0.19313551 -0.20602732 -0.18663109 -0.17713255
 -0.20653614 -0.20074513 -0.1625044  -0.20679279 -0.18607821 -0.19384951
 -0.21749377 -0.20194795 -0.2236258  -0.17119185 -0.18363617 -0.20960189
 -0.15875504 -0.17066788 -0.19350043 -0.20726502 -0.19387718 -0.18290686
 -0.19952563 -0.17974002 -0.19575682 -0.14856504 -0.18922329 -0.19116252
 -0.15150611 -0.23291557 -0.18266407 -0.22485804 -0.17537781 -0.18831665
 -0.19076178 -0.19927189 -0.17459635 -0.19885413 -0.17599087 -0.18636773
 -0.19110921 -0.1948203  -0.17362518 -0.20316976 -0.2000569  -0.19771129
 -0.16880882 -0.18733219 -0.21892422 -0.19258558 -0.19508124 -0.19856969
 -0.15940132 -0.18835766 -0.16743826 -0.15360335 -0.17758709 -0.18915589
 -0.18895676 -0.19953515 -0.1660565  -0.20545963 -0.16256717 -0.19610849
 -0.20762902 -0.19745131 -0.17076092 -0.18990745 -0.16972922 -0.18597231
 -0.16363039 -0.17627786 -0.19472409 -0.19639189 -0.17959868 -0.16238169
 -0.17937025 -0.15740992 -0.17277882 -0.16991601 -0.19460302 -0.14598518
 -0.14828003 -0.1939853  -0.16100048 -0.15455915 -0.18380443 -0.19355332
 -0.17066563 -0.18621122 -0.18001105 -0.19361429 -0.17539392 -0.20966617
 -0.19951462 -0.14364547 -0.17696451 -0.21275841 -0.18320857 -0.15916373
 -0.20034009 -0.17498521 -0.19575521 -0.19111581 -0.17216378 -0.19317725
 -0.18920323 -0.18922893 -0.2129331  -0.19733377 -0.17326306 -0.17722008
 -0.18157903 -0.17455179]
alpha_repeat-1
BLEU
[0.13128782 0.22525292 0.13329334 0.17498238 0.17257697 0.17410687
 0.21442049 0.17782709 0.19655089 0.18459732 0.20943389 0.18199061
 0.14241934 0.14441536 0.11402522 0.22299987 0.24859058 0.20196971
 0.14303823 0.19503526 0.2058964  0.14603614 0.15953382 0.19023404
 0.17855079 0.18859681 0.20282117 0.18856085 0.16922428 0.19383835
 0.21215241 0.20769579 0.19720329 0.13109829 0.17230545 0.15494222
 0.10724761 0.23474218 0.14887811 0.19230536 0.17890956 0.18744259
 0.17191927 0.21211994 0.2444124  0.16377539 0.21817032 0.19665152
 0.16089649 0.15958999 0.18633049 0.14565195 0.20179091 0.18376027
 0.20285829 0.16803766 0.1341452  0.20706957 0.17865804 0.20584755
 0.20600973 0.19892293 0.18437199 0.19903998 0.16726823 0.1736352
 0.211544   0.18825335 0.21433375 0.19770686 0.19146816 0.24936056
 0.21525821 0.21147461 0.13464933 0.15155035 0.17232497 0.18267417
 0.19346728 0.16761648 0.15874601 0.18088069 0.19136287 0.16800251
 0.11706674 0.18835421 0.20335242 0.12905557 0.17555537 0.18557849
 0.12728753 0.19258585 0.16525159 0.17197512 0.21115487 0.21347952
 0.13919289 0.19783758 0.12481682 0.23125614 0.17059175 0.17764568
 0.19522987 0.19559508 0.18441753 0.13346676 0.16081262 0.17363789
 0.17011501 0.22642009 0.19438165 0.2052019  0.17425638 0.23274591
 0.22673701 0.13461593 0.21021767 0.16440902 0.17466205 0.17098602
 0.16638374 0.1962364  0.20468142 0.14994298 0.23766254 0.19217216
 0.17997493 0.1613335  0.24596572 0.17955097 0.17444345 0.16463653
 0.24041459 0.20532715 0.16348902 0.1745143  0.1562431  0.13869808
 0.18987488 0.19827819 0.20637801 0.21833308 0.2291989  0.13881791
 0.17939315 0.17533959 0.22352049 0.19339624 0.18786494 0.18882383
 0.12659355 0.17659634 0.22939033 0.13943926 0.21181062 0.18865128
 0.22785775 0.22664885 0.14093943 0.15748351 0.23398895 0.2387676
 0.20350765 0.22570401 0.20656041 0.22306398 0.14178277 0.22110949
 0.17804126 0.17862166 0.22290273 0.17778189 0.18949832 0.17299897
 0.19554382 0.20531607 0.22172579 0.15408898 0.21061663 0.18197764
 0.16956976 0.20846212 0.2165003  0.13229568 0.18923758 0.21830756
 0.13161745 0.17549157 0.19629836 0.15509771 0.20959746 0.22529024
 0.13833122 0.18839228 0.14046314 0.17622082 0.15412947 0.18832812
 0.20023564 0.16720912]
alpha_repeat-1
METEOR
[0.09549762 0.16075108 0.11615903 0.13402898 0.14696673 0.13207681
 0.15701413 0.12206511 0.1453565  0.15309495 0.1547045  0.12975887
 0.11235783 0.10835502 0.09047348 0.16423605 0.19214526 0.13962598
 0.10342117 0.15717392 0.15189751 0.13198479 0.12086204 0.14284031
 0.13505802 0.14138485 0.16108497 0.14619659 0.14349198 0.12732417
 0.15050455 0.14458245 0.15456602 0.10113995 0.14631503 0.12745553
 0.08702223 0.17127572 0.10723983 0.14104826 0.12657607 0.12207642
 0.13348698 0.16469453 0.17568299 0.12463454 0.16825212 0.15785532
 0.11485717 0.11057138 0.15304145 0.13263712 0.15072605 0.14449549
 0.15285763 0.12491373 0.1132325  0.16208948 0.13083324 0.14439762
 0.15765259 0.15187917 0.14640746 0.13225499 0.12478249 0.16224442
 0.144745   0.1318245  0.15888315 0.14103427 0.14474589 0.19994991
 0.15526655 0.14987404 0.11814201 0.10932614 0.1246342  0.12463847
 0.13463462 0.12812856 0.12372924 0.13438624 0.14217837 0.13528869
 0.08422465 0.14757744 0.15984753 0.10357844 0.13871424 0.14542749
 0.10852946 0.14877438 0.15381517 0.13488815 0.1494595  0.14997413
 0.09841716 0.15178519 0.09742383 0.16770845 0.1240217  0.12937259
 0.14985069 0.14282851 0.12708734 0.10983479 0.14286661 0.13235299
 0.13505139 0.15193553 0.16352949 0.1545185  0.13497529 0.17389703
 0.19248556 0.11998232 0.15905753 0.12344526 0.1305369  0.12401091
 0.11309343 0.14528505 0.14775612 0.10862384 0.16372152 0.1463255
 0.13272039 0.11834938 0.17068498 0.13773484 0.14339991 0.11586711
 0.17839479 0.15472962 0.12322951 0.14713666 0.11706625 0.09959929
 0.14891754 0.14941518 0.16920084 0.16032736 0.16837801 0.10583962
 0.13181624 0.13033179 0.15235371 0.15160207 0.14147313 0.12840406
 0.10074587 0.13548979 0.16597913 0.12515774 0.15213901 0.15206125
 0.1728331  0.15504938 0.10919307 0.11576288 0.17266884 0.18181508
 0.15141604 0.14638539 0.1601     0.16976171 0.09499865 0.16862209
 0.12944589 0.12991962 0.15115153 0.13410834 0.14111132 0.12827614
 0.14266038 0.15185669 0.15122656 0.11668584 0.16479397 0.14268085
 0.13112598 0.16662559 0.15791987 0.11744297 0.13019849 0.16764174
 0.10950937 0.12410233 0.16541908 0.12773356 0.15386097 0.16945766
 0.11752272 0.14697934 0.09821142 0.1282715  0.13571616 0.13130453
 0.13710515 0.12131647]
alpha_repeat-1
BERT
[0.7898156  0.79552627 0.7921378  0.7902343  0.79862416 0.79440236
 0.79514843 0.794215   0.7921269  0.79472035 0.7969561  0.78910816
 0.79296345 0.79261845 0.79133743 0.7990039  0.795372   0.7905319
 0.7877554  0.7980093  0.7934809  0.78978497 0.7881918  0.788632
 0.7945913  0.7875045  0.7973937  0.79570866 0.79422843 0.78860486
 0.79470444 0.789965   0.79696923 0.7901869  0.7961972  0.79544944
 0.790338   0.79796165 0.7899802  0.7926309  0.7889031  0.7917064
 0.79532146 0.79756564 0.79668826 0.7906856  0.7987212  0.79343116
 0.7906489  0.7906232  0.79473597 0.79386765 0.7988179  0.79332983
 0.79564714 0.7877975  0.79354197 0.79369986 0.7908271  0.79180706
 0.7968111  0.7900873  0.7934028  0.79325324 0.7962997  0.7997461
 0.79547465 0.80047244 0.7949002  0.7976439  0.791632   0.79958844
 0.8008071  0.7937811  0.79506516 0.78903764 0.7928958  0.7936808
 0.79432726 0.7939573  0.7993659  0.7926387  0.7965089  0.79112893
 0.78859615 0.79251546 0.7898915  0.79018265 0.79935807 0.7976242
 0.7903193  0.793657   0.79159313 0.7926901  0.7934603  0.7939191
 0.7917676  0.79559505 0.7939418  0.795434   0.79994035 0.79490334
 0.79661477 0.7952632  0.79334605 0.79298437 0.7941049  0.79341656
 0.79430884 0.7987845  0.794353   0.79569066 0.7907555  0.7980139
 0.7983944  0.78910965 0.78849924 0.79455763 0.7868787  0.7939647
 0.79477894 0.7914583  0.7933332  0.79259884 0.79494256 0.7967562
 0.7962266  0.79220015 0.7997503  0.7951303  0.79375046 0.7939704
 0.7987898  0.7957322  0.7934978  0.79891276 0.78906167 0.7906616
 0.79493695 0.7942972  0.7985168  0.79530513 0.79793364 0.7878308
 0.7924047  0.7952277  0.79099965 0.79338723 0.7949212  0.79461485
 0.7866436  0.7985891  0.79569465 0.7928784  0.79370517 0.7998385
 0.79825276 0.7956419  0.7929038  0.7941167  0.7933948  0.78969544
 0.79490745 0.795572   0.79427135 0.7999284  0.7903865  0.7930726
 0.79180443 0.78985316 0.7980257  0.79667765 0.7974908  0.7944979
 0.7936771  0.796219   0.7955569  0.7904479  0.7895131  0.7955168
 0.7937418  0.7999271  0.79658985 0.7914387  0.7912992  0.79421717
 0.79143804 0.79460853 0.79603994 0.7928435  0.79524744 0.7984083
 0.7912815  0.7938441  0.78902406 0.79287684 0.79532707 0.79033035
 0.7923617  0.7902082 ]
[nltk_data] Downloading package wordnet to /mnt/iusers01/fse-
[nltk_data]     ugpgt01/compsci01/q12628ct/nltk_data...
[nltk_data]   Package wordnet is already up-to-date!
[nltk_data] Downloading package punkt_tab to /mnt/iusers01/fse-
[nltk_data]     ugpgt01/compsci01/q12628ct/nltk_data...
[nltk_data]   Package punkt_tab is already up-to-date!
[nltk_data] Downloading package omw-1.4 to /mnt/iusers01/fse-
[nltk_data]     ugpgt01/compsci01/q12628ct/nltk_data...
[nltk_data]   Package omw-1.4 is already up-to-date!
/mnt/iusers01/fse-ugpgt01/compsci01/q12628ct/.conda/envs/semantic-decoding/lib/python3.10/site-packages/huggingface_hub/file_download.py:945: FutureWarning: `resume_download` is deprecated and will be removed in version 1.0.0. Downloads always resume when possible. If you want to force a new download, use `force_download=True`.
  warnings.warn(
Some weights of the model checkpoint at roberta-large were not used when initializing RobertaModel: ['lm_head.layer_norm.weight', 'lm_head.layer_norm.bias', 'lm_head.dense.bias', 'lm_head.dense.weight', 'lm_head.bias']
- This IS expected if you are initializing RobertaModel from the checkpoint of a model trained on another task or with another architecture (e.g. initializing a BertForSequenceClassification model from a BertForPreTraining model).
- This IS NOT expected if you are initializing RobertaModel from the checkpoint of a model that you expect to be exactly identical (initializing a BertForSequenceClassification model from a BertForSequenceClassification model).
Some weights of RobertaModel were not initialized from the model checkpoint at roberta-large and are newly initialized: ['roberta.pooler.dense.weight', 'roberta.pooler.dense.bias']
You should probably TRAIN this model on a down-stream task to be able to use it for predictions and inference.
alpha_repeat-2
WER
[-0.13428258 -0.13907434 -0.12620199 -0.135087   -0.13572809 -0.11468887
 -0.11524147 -0.11860508 -0.14569845 -0.12038214 -0.13852271 -0.12060575
 -0.1319017  -0.11591392 -0.13655238 -0.15162997 -0.14170859 -0.1381182
 -0.13790808 -0.13926858 -0.11137018 -0.13186973 -0.1314136  -0.14180358
 -0.16051557 -0.10988456 -0.13950286 -0.15053093 -0.14177874 -0.12791545
 -0.13301702 -0.12605481 -0.14088333 -0.10817152 -0.12913927 -0.11781371
 -0.10780903 -0.12521749 -0.14065268 -0.13649377 -0.12483075 -0.13103635
 -0.13833648 -0.11104148 -0.15007497 -0.11253513 -0.12339946 -0.13363884
 -0.14480514 -0.13625975 -0.08501641 -0.15992348 -0.1133553  -0.10810387
 -0.08745466 -0.14184446 -0.14959245 -0.1271102  -0.14615215 -0.12614927
 -0.12484797 -0.15094288 -0.13388363 -0.09340522 -0.13127242 -0.10391754
 -0.13084004 -0.12731847 -0.14034024 -0.13642419 -0.10043485 -0.14726531
 -0.13527945 -0.14625876 -0.12901769 -0.14831112 -0.1487067  -0.13439302
 -0.13539164 -0.14513337 -0.13931534 -0.14205902 -0.11863479 -0.15334766
 -0.1431183  -0.15661644 -0.08732157 -0.13402841 -0.11680884 -0.16460575
 -0.11068082 -0.11698742 -0.129586   -0.13581165 -0.13731936 -0.12903769
 -0.12161029 -0.09985809 -0.14431932 -0.13107448 -0.14118429 -0.16239106
 -0.12655929 -0.10104766 -0.13077404 -0.14385366 -0.11312182 -0.13113881
 -0.1329166  -0.13806344 -0.1244597  -0.08929998 -0.14689884 -0.1303785
 -0.12992891 -0.15412112 -0.12553341 -0.13601597 -0.15638191 -0.1605317
 -0.10801459 -0.11887601 -0.16460447 -0.1445268  -0.13471122 -0.13639156
 -0.14905573 -0.09608423 -0.16022661 -0.15014568 -0.10425055 -0.13836085
 -0.10965068 -0.10606684 -0.12308099 -0.12445723 -0.1323721  -0.14766828
 -0.14878952 -0.11903328 -0.1266248  -0.16661081 -0.11864454 -0.11599539
 -0.13348376 -0.14604802 -0.13872195 -0.14458534 -0.14337121 -0.13042169
 -0.13467454 -0.11739726 -0.14749087 -0.10940091 -0.15953391 -0.13359211
 -0.12804932 -0.12904491 -0.09947907 -0.119953   -0.14116923 -0.14965318
 -0.11790901 -0.13789792 -0.1213839  -0.10764335 -0.09680272 -0.10779848
 -0.13414516 -0.13320044 -0.14401679 -0.1297019  -0.10781714 -0.13498133
 -0.13650909 -0.15920271 -0.11320768 -0.12816167 -0.12564638 -0.12661506
 -0.1200188  -0.14096224 -0.13802743 -0.13396879 -0.15548289 -0.08469773
 -0.11370933 -0.12519742 -0.12021172 -0.1172308  -0.14195474 -0.12965684
 -0.12962763 -0.11305992 -0.12584002 -0.14474685 -0.12401941 -0.13604777
 -0.12028537 -0.13748386]
alpha_repeat-2
BLEU
[0.19405633 0.18816203 0.14011881 0.18546828 0.2027295  0.14785053
 0.20639422 0.23578417 0.16348759 0.19838528 0.13769344 0.19276615
 0.1855017  0.1834816  0.21364974 0.13469764 0.1883394  0.14962777
 0.19289312 0.17450579 0.23054364 0.15235433 0.17407524 0.19136558
 0.11270162 0.24203506 0.22388886 0.16531782 0.1429084  0.16232334
 0.17708312 0.21365109 0.14455116 0.21547001 0.19843942 0.19211017
 0.21044027 0.20608387 0.14486898 0.17034216 0.21244016 0.16416385
 0.14681933 0.18551213 0.1066142  0.21029273 0.23132356 0.14416485
 0.19467202 0.1717741  0.20930439 0.13001555 0.19077883 0.25427979
 0.20240987 0.18928489 0.11001202 0.14998226 0.18826516 0.19228589
 0.18028203 0.13973534 0.18580669 0.22937599 0.17649001 0.20540295
 0.18764518 0.17836657 0.18405047 0.13431787 0.22402256 0.14186349
 0.2227749  0.14714246 0.2011756  0.18587177 0.16240499 0.17113953
 0.19355542 0.1695243  0.17631531 0.17254348 0.20292235 0.15046698
 0.19372407 0.15517371 0.22234937 0.19652703 0.18640439 0.18343245
 0.22881777 0.17249956 0.19959591 0.20438769 0.19227081 0.19844597
 0.18784616 0.23898056 0.14810013 0.21626432 0.18415153 0.13307463
 0.20173137 0.19878802 0.1910023  0.20347403 0.17921867 0.1762894
 0.1550557  0.17796997 0.21571291 0.25837074 0.1718339  0.1975413
 0.18108146 0.12245357 0.21853163 0.21294519 0.11414044 0.1519581
 0.23303329 0.19372901 0.12882373 0.16007072 0.22096005 0.20514479
 0.20142739 0.22908123 0.08129794 0.16445254 0.22103275 0.18513137
 0.23857965 0.20288518 0.16815168 0.18653098 0.2054215  0.1402773
 0.18867212 0.1783518  0.1746343  0.10844888 0.19429855 0.17608294
 0.15659314 0.12869822 0.22091227 0.16262528 0.17710403 0.16037176
 0.20650811 0.2127113  0.20342693 0.23678254 0.13948916 0.17560795
 0.20345182 0.16041244 0.21984255 0.22416293 0.19393268 0.1600842
 0.22681372 0.18569616 0.19517503 0.25427025 0.25862868 0.21347285
 0.1912759  0.17075257 0.15148882 0.15488586 0.2277892  0.18079592
 0.22391624 0.1650642  0.2109909  0.19253485 0.16100974 0.17731347
 0.18604588 0.14006969 0.2053284  0.17107279 0.13897625 0.22316699
 0.17819474 0.18925882 0.24280972 0.23745994 0.15233488 0.20333525
 0.16835914 0.19245529 0.18348823 0.15609344 0.22351674 0.23657601
 0.18557414 0.18440823]
alpha_repeat-2
METEOR
[0.14556654 0.12681109 0.09615368 0.13594436 0.18671053 0.10419552
 0.15253673 0.14970019 0.12436356 0.12502272 0.10486333 0.14582624
 0.1234074  0.13703126 0.15794847 0.10240019 0.14230229 0.13289231
 0.14114011 0.12412245 0.17219468 0.1229461  0.10412747 0.14587676
 0.08511208 0.17267353 0.16899528 0.13622012 0.10027823 0.13362527
 0.11453232 0.15908752 0.11173282 0.17936598 0.14865841 0.12292897
 0.15531582 0.16324319 0.10950087 0.12799333 0.14375972 0.11064242
 0.11531738 0.16838131 0.07595647 0.13892905 0.16184475 0.10386088
 0.13493666 0.13354408 0.16323159 0.1125701  0.12679109 0.16619207
 0.1503407  0.13051655 0.0778789  0.12074703 0.1328274  0.1518992
 0.1413442  0.1055706  0.12459433 0.18726008 0.12330853 0.15280443
 0.15521484 0.13254261 0.13596414 0.1131956  0.16155571 0.10859853
 0.15072261 0.11287838 0.15298321 0.12087132 0.12577833 0.14404588
 0.14354939 0.11715513 0.13873792 0.1207986  0.14490151 0.13118865
 0.1310095  0.11479988 0.17941988 0.14413212 0.14222656 0.11893692
 0.16312484 0.14684613 0.14199467 0.14746698 0.12539703 0.13523008
 0.14645323 0.16593613 0.11932547 0.1548215  0.1436981  0.10680484
 0.14471914 0.15676886 0.1340892  0.1558746  0.14556141 0.14780703
 0.12551962 0.12704945 0.1524661  0.18920645 0.13720296 0.13795782
 0.13076659 0.08449199 0.14752667 0.1560872  0.0932079  0.10252932
 0.18908645 0.142741   0.0911971  0.11621592 0.15370177 0.15240722
 0.14859958 0.15487257 0.06355123 0.11545194 0.16685222 0.14232957
 0.15988098 0.15042236 0.11979044 0.11960589 0.15875357 0.11768322
 0.13952088 0.13859739 0.12262495 0.09258721 0.14831172 0.12543351
 0.10904895 0.10801482 0.15493116 0.11855235 0.13256264 0.12362686
 0.14607498 0.1695981  0.14182084 0.15361188 0.10727752 0.15411865
 0.1506263  0.12973454 0.17624255 0.15835299 0.13989041 0.107779
 0.15919027 0.12483562 0.14551171 0.17226314 0.18489432 0.14366362
 0.14065237 0.12442499 0.10955402 0.11484917 0.16868855 0.12651935
 0.16873816 0.11916929 0.14430753 0.14492017 0.11572868 0.13953354
 0.12753114 0.11529242 0.15232017 0.13938662 0.10351516 0.15060951
 0.12808527 0.13525226 0.16610428 0.16817447 0.12481485 0.16408594
 0.13051601 0.15743423 0.1506743  0.1308223  0.15764867 0.17676663
 0.13235206 0.12213535]
alpha_repeat-2
BERT
[0.79387647 0.7911498  0.79025483 0.7950929  0.79289246 0.7903268
 0.7934249  0.79223263 0.79429066 0.7941502  0.78922653 0.79676086
 0.79222405 0.793288   0.7985342  0.7858266  0.7988713  0.79599184
 0.79954517 0.7924295  0.80265796 0.7912392  0.7923324  0.7968438
 0.7881977  0.7985082  0.79618555 0.7924445  0.7891559  0.79304075
 0.79186845 0.79878986 0.7887462  0.79512423 0.7947109  0.7918414
 0.7916658  0.79528946 0.7935808  0.7966422  0.7967265  0.7895178
 0.7923155  0.7943938  0.79135543 0.7980731  0.8032785  0.7883632
 0.7961022  0.7975615  0.7983057  0.78836894 0.7959431  0.7972148
 0.7939363  0.7919836  0.7914022  0.7934322  0.7915727  0.79520994
 0.7906932  0.7937974  0.7943689  0.798041   0.7922302  0.7967874
 0.791178   0.79143155 0.7931716  0.788443   0.7934574  0.79110646
 0.7962577  0.78431034 0.7953116  0.79793566 0.79105663 0.79719424
 0.7990086  0.7906012  0.7898739  0.7962622  0.7966683  0.7973524
 0.79490167 0.7915602  0.797456   0.793198   0.7937518  0.79422563
 0.7930125  0.7927591  0.79539025 0.78960896 0.79200345 0.7940301
 0.79559505 0.7937984  0.79045814 0.7981171  0.7873363  0.7932084
 0.79478467 0.7954833  0.79743195 0.79782385 0.79693854 0.791276
 0.7939336  0.7923863  0.7944799  0.79494727 0.7960902  0.7928258
 0.7934056  0.78373617 0.7960845  0.7963157  0.7898508  0.78657204
 0.7916953  0.79351306 0.7916772  0.7925475  0.7957862  0.7950419
 0.80056566 0.7915308  0.79232043 0.79483926 0.7952143  0.79393786
 0.79597443 0.7940964  0.79786205 0.7944427  0.79575944 0.79055125
 0.80039483 0.7936366  0.79414487 0.7927595  0.79149497 0.792873
 0.79404354 0.79396987 0.7955929  0.80085653 0.79528266 0.7934638
 0.79639864 0.79967004 0.798486   0.7969828  0.7926889  0.8023053
 0.791896   0.792034   0.8031306  0.7918787  0.7932336  0.7908604
 0.7971586  0.79742414 0.7910266  0.7942198  0.800758   0.7911944
 0.7941143  0.791583   0.79179966 0.7943894  0.7951466  0.799342
 0.79642385 0.7882229  0.7986266  0.79550135 0.7926336  0.7950682
 0.79165936 0.7906336  0.79722595 0.79956806 0.7906563  0.79499155
 0.7921288  0.79337746 0.7983687  0.79349685 0.7931671  0.7948836
 0.7971152  0.7965941  0.79925036 0.7949137  0.7905109  0.79830766
 0.7938994  0.7941661 ]
[nltk_data] Downloading package wordnet to /mnt/iusers01/fse-
[nltk_data]     ugpgt01/compsci01/q12628ct/nltk_data...
[nltk_data]   Package wordnet is already up-to-date!
[nltk_data] Downloading package punkt_tab to /mnt/iusers01/fse-
[nltk_data]     ugpgt01/compsci01/q12628ct/nltk_data...
[nltk_data]   Package punkt_tab is already up-to-date!
[nltk_data] Downloading package omw-1.4 to /mnt/iusers01/fse-
[nltk_data]     ugpgt01/compsci01/q12628ct/nltk_data...
[nltk_data]   Package omw-1.4 is already up-to-date!
/mnt/iusers01/fse-ugpgt01/compsci01/q12628ct/.conda/envs/semantic-decoding/lib/python3.10/site-packages/huggingface_hub/file_download.py:945: FutureWarning: `resume_download` is deprecated and will be removed in version 1.0.0. Downloads always resume when possible. If you want to force a new download, use `force_download=True`.
  warnings.warn(
Some weights of the model checkpoint at roberta-large were not used when initializing RobertaModel: ['lm_head.bias', 'lm_head.layer_norm.weight', 'lm_head.dense.weight', 'lm_head.layer_norm.bias', 'lm_head.dense.bias']
- This IS expected if you are initializing RobertaModel from the checkpoint of a model trained on another task or with another architecture (e.g. initializing a BertForSequenceClassification model from a BertForPreTraining model).
- This IS NOT expected if you are initializing RobertaModel from the checkpoint of a model that you expect to be exactly identical (initializing a BertForSequenceClassification model from a BertForSequenceClassification model).
Some weights of RobertaModel were not initialized from the model checkpoint at roberta-large and are newly initialized: ['roberta.pooler.dense.bias', 'roberta.pooler.dense.weight']
You should probably TRAIN this model on a down-stream task to be able to use it for predictions and inference.
bravo_repeat-1
WER
[-0.06760445 -0.0718061  -0.06782621 -0.07970174 -0.07331644 -0.09274937
 -0.05175207 -0.06415563 -0.06618392 -0.07101801 -0.07173871 -0.07775416
 -0.06943413 -0.05930171 -0.08049728 -0.08179159 -0.07176881 -0.04901364
 -0.07875001 -0.07968995 -0.04939157 -0.09628594 -0.06893907 -0.0642432
 -0.06963012 -0.08432777 -0.09225981 -0.09228343 -0.07286333 -0.04944316
 -0.07962995 -0.09493755 -0.10170636 -0.09310281 -0.06813523 -0.09265004
 -0.078389   -0.0795779  -0.07168723 -0.08038502 -0.0736387  -0.08699962
 -0.09165092 -0.06414464 -0.06592761 -0.08146026 -0.05989758 -0.06734903
 -0.06943065 -0.06682216 -0.0855882  -0.07239808 -0.0744677  -0.06560214
 -0.08017235 -0.07923996 -0.05966871 -0.04382195 -0.07234601 -0.04104867
 -0.05475215 -0.08773673 -0.08552832 -0.07674937 -0.09323194 -0.06238733
 -0.08818893 -0.07787254 -0.07110914 -0.07627248 -0.05794304 -0.05516711
 -0.09696647 -0.07082816 -0.08460324 -0.09121113 -0.06028195 -0.09004614
 -0.06687047 -0.06881633 -0.09390482 -0.08673282 -0.06553617 -0.06324155
 -0.06027567 -0.07475789 -0.09554601 -0.0854977  -0.06217269 -0.07492473
 -0.08340867 -0.07389076 -0.07380519 -0.07208138 -0.10306189 -0.07369076
 -0.08924404 -0.09561688 -0.07090977 -0.06509763 -0.08988316 -0.08138089
 -0.07675202 -0.06563672 -0.08134207 -0.0771489  -0.08664393 -0.08933681
 -0.07318232 -0.10316414 -0.04911616 -0.06398715 -0.06997425 -0.0673866
 -0.07259779 -0.09260937 -0.07577274 -0.04814151 -0.08423204 -0.07631471
 -0.06725872 -0.07233593 -0.08556748 -0.06835664 -0.06254408 -0.04677467
 -0.07534903 -0.07776993 -0.08734087 -0.10389717 -0.06694605 -0.07048096
 -0.07902451 -0.07470896 -0.08862171 -0.07856363 -0.0755632  -0.06850216
 -0.07516678 -0.07511297 -0.08284213 -0.092764   -0.06756565 -0.07184067
 -0.09545375 -0.06456074 -0.06091126 -0.07804248 -0.08293657 -0.06475356
 -0.08947979 -0.06732426 -0.06906822 -0.06082718 -0.0794408  -0.07976557
 -0.06715458 -0.0877518  -0.0932565  -0.0646036  -0.06787033 -0.09564144
 -0.07396508 -0.07378787 -0.07764014 -0.08852565 -0.07592198 -0.05968038
 -0.07152672 -0.07636856 -0.07388973 -0.06808923 -0.08053583 -0.0839828
 -0.08003099 -0.08537617 -0.08509153 -0.08701774 -0.08532026 -0.07577926
 -0.09368734 -0.07136897 -0.05676924 -0.07748106 -0.06562699 -0.07393568
 -0.08758214 -0.07666353 -0.09834663 -0.07076987 -0.08387949 -0.08274122
 -0.08731866 -0.06362688 -0.0900016  -0.07371087 -0.06937677 -0.08287543
 -0.0797146  -0.06798997]
bravo_repeat-1
BLEU
[0.20074452 0.24470996 0.24460382 0.2360368  0.21031356 0.20577282
 0.25387206 0.21648593 0.20516176 0.22370474 0.21067964 0.21606643
 0.21063773 0.20569738 0.23644115 0.20711724 0.21060728 0.22462846
 0.15981919 0.25054763 0.23553085 0.21309593 0.21024876 0.23730713
 0.24594051 0.17449022 0.20226626 0.15444524 0.220656   0.29176413
 0.21454956 0.19254142 0.14174547 0.15902032 0.20468069 0.183325
 0.21210777 0.25500676 0.24963327 0.20895536 0.23651428 0.21151845
 0.16170074 0.21294808 0.24207224 0.20993359 0.26376803 0.24381684
 0.24280292 0.21611365 0.21789477 0.21358844 0.20034838 0.22542956
 0.22189835 0.24619676 0.26475176 0.24903647 0.23847958 0.27528003
 0.22532767 0.22059091 0.22478614 0.20155712 0.20349132 0.2139577
 0.13973282 0.19660452 0.23319393 0.21133301 0.2254324  0.21671014
 0.17079053 0.21753347 0.17019212 0.20802481 0.20947991 0.19533493
 0.22888229 0.21150241 0.15300293 0.14500272 0.26162782 0.24374041
 0.2482232  0.21570528 0.15382133 0.21834963 0.24203571 0.23061681
 0.21722459 0.1786387  0.22437408 0.23458813 0.16403596 0.22602685
 0.17215309 0.16078504 0.2102898  0.24467094 0.20371829 0.20292887
 0.19647352 0.21821944 0.1955333  0.22559385 0.18996078 0.19221396
 0.22875755 0.14827419 0.23727863 0.23038738 0.22886175 0.21244566
 0.23796776 0.16985718 0.25500411 0.24742354 0.19632735 0.24551048
 0.24059555 0.2482088  0.14094158 0.24972914 0.2400564  0.2688208
 0.23013691 0.21779173 0.1566315  0.17719667 0.22567177 0.16196793
 0.20974682 0.19964261 0.19727044 0.22251901 0.21041428 0.2297833
 0.2481895  0.18465934 0.19439342 0.16943361 0.22813496 0.22680493
 0.17463571 0.2373804  0.25064257 0.20340838 0.2230934  0.20081765
 0.20338063 0.23326978 0.19395929 0.23443296 0.21272368 0.19970462
 0.20622814 0.1481753  0.19714315 0.23750824 0.21161999 0.18405932
 0.2528118  0.180173   0.18475318 0.14906637 0.21125035 0.23071346
 0.19843479 0.2370528  0.2085789  0.24320542 0.18201475 0.20440886
 0.20432254 0.19052917 0.24509725 0.23885162 0.20017415 0.21190264
 0.19609213 0.22991298 0.21676664 0.21910735 0.24439468 0.24173171
 0.15872278 0.22822954 0.18209105 0.23125045 0.21581308 0.18992695
 0.16489935 0.26369924 0.24711576 0.20531196 0.20340024 0.21403184
 0.24266366 0.23230179]
bravo_repeat-1
METEOR
[0.13425853 0.17335151 0.16377351 0.16837805 0.17237448 0.15214808
 0.1875415  0.15259038 0.1441863  0.17827058 0.14195927 0.13780265
 0.14889707 0.1597921  0.16423098 0.12691042 0.13862984 0.17114119
 0.12806621 0.18074687 0.17345956 0.16013424 0.15873069 0.18543986
 0.17396573 0.12532539 0.15083089 0.10846034 0.15075081 0.20047749
 0.14631205 0.14393966 0.11693582 0.13413747 0.15779712 0.13662824
 0.15104726 0.16916432 0.17166002 0.13983157 0.16254079 0.13194819
 0.12331101 0.14102749 0.18951863 0.14744129 0.19209214 0.16854272
 0.18673779 0.13582028 0.14919827 0.14362763 0.13109032 0.14922788
 0.16250012 0.17663306 0.22205204 0.17338045 0.19248672 0.19039495
 0.16162238 0.1566581  0.16098673 0.14333511 0.14451128 0.15449933
 0.1084893  0.13421868 0.15896941 0.14074442 0.14747702 0.16952026
 0.15047051 0.1373768  0.11369111 0.15037071 0.15462431 0.13717121
 0.16550478 0.15131146 0.11653411 0.09388162 0.19395359 0.16790928
 0.18059283 0.15906549 0.13153    0.14837104 0.17815578 0.17719184
 0.16826391 0.14588199 0.16007371 0.15148005 0.10853096 0.15461009
 0.10566761 0.12500402 0.15884707 0.17654926 0.14923686 0.15091917
 0.14006375 0.16466372 0.16267949 0.1523825  0.13566029 0.14450224
 0.15006971 0.12294383 0.17093641 0.1447968  0.18038659 0.13949835
 0.18128959 0.118825   0.20411126 0.17168538 0.15406967 0.17776722
 0.1544163  0.17817878 0.10159592 0.18156411 0.18013935 0.19922552
 0.15076805 0.17110036 0.10957204 0.12636659 0.1543971  0.1203297
 0.14341511 0.13081408 0.14667498 0.16415865 0.16416447 0.15547567
 0.17424721 0.12998011 0.12393532 0.1217901  0.17417254 0.15094361
 0.12114415 0.18466188 0.1736578  0.13863494 0.16878278 0.14895066
 0.13984796 0.16622532 0.14391548 0.1546281  0.13436174 0.13817667
 0.14212951 0.0979243  0.13392764 0.1667861  0.15156801 0.13261098
 0.20690506 0.12351619 0.15796602 0.10206482 0.16449329 0.16393048
 0.14051581 0.17106898 0.14767286 0.17279233 0.15797679 0.14083081
 0.15109216 0.13911703 0.16377794 0.17267845 0.15041584 0.15823617
 0.13956702 0.16195267 0.14731932 0.14333257 0.20382188 0.16928629
 0.12397888 0.16061354 0.13569782 0.1713498  0.15475115 0.13571365
 0.13118036 0.19633795 0.16235684 0.1586258  0.1471032  0.16990155
 0.16596478 0.15079263]
bravo_repeat-1
BERT
[0.80904025 0.8096639  0.80019677 0.8052363  0.80860984 0.8040805
 0.81080544 0.8097309  0.8042027  0.8060726  0.8039506  0.8055221
 0.8039315  0.81007355 0.8110975  0.80464566 0.80206394 0.81068075
 0.80089307 0.8122905  0.81760556 0.8059861  0.8033747  0.8078107
 0.80807745 0.8032268  0.8043321  0.80130523 0.80470955 0.8058475
 0.8078469  0.8030283  0.8017717  0.8005562  0.807527   0.80626017
 0.80387217 0.8090308  0.80693215 0.80682623 0.8059346  0.80425805
 0.80049115 0.80150026 0.8173855  0.804108   0.80439925 0.80416703
 0.8058256  0.80661356 0.8067655  0.80562395 0.8039322  0.8058016
 0.80850816 0.8091245  0.81024617 0.808308   0.8088588  0.80508953
 0.80935854 0.80388623 0.80395555 0.8062364  0.80439293 0.8065545
 0.80162334 0.80351824 0.8046993  0.8043319  0.80537766 0.8103807
 0.8045709  0.79993767 0.80729425 0.8039211  0.8082173  0.80537164
 0.8068184  0.80122757 0.8039014  0.80275655 0.8120358  0.80481327
 0.80744916 0.8006267  0.8005708  0.80463314 0.80862606 0.8126298
 0.8091985  0.80472165 0.79956204 0.8034572  0.8026002  0.80538243
 0.8041266  0.79829425 0.80896115 0.8059087  0.8065265  0.8096977
 0.80493134 0.8034894  0.8044062  0.810512   0.80322814 0.8047673
 0.8059643  0.80223763 0.8078484  0.80351657 0.8022973  0.8080693
 0.8034298  0.7995508  0.8090018  0.8042994  0.8042466  0.80824625
 0.80678463 0.80925566 0.80294317 0.80847204 0.8102475  0.80610013
 0.80334634 0.80480945 0.800199   0.80356205 0.8030274  0.7995141
 0.807668   0.80189365 0.80533236 0.8029705  0.8102948  0.80509216
 0.8053483  0.80390745 0.79898083 0.8008303  0.81264615 0.812338
 0.8032198  0.8125345  0.8126295  0.8070055  0.80876064 0.80534714
 0.8031895  0.8052526  0.79953986 0.8070154  0.8025217  0.80556923
 0.8041921  0.799942   0.8051426  0.80281895 0.8033152  0.8074757
 0.8062906  0.8005097  0.8067843  0.8016976  0.80951726 0.80803204
 0.80609727 0.80595535 0.8088926  0.808998   0.80572176 0.8034893
 0.8010387  0.80095154 0.8075109  0.8017539  0.8009408  0.8050409
 0.80744004 0.8100251  0.79833937 0.8049285  0.80756944 0.8082349
 0.80486715 0.8126473  0.80080235 0.8075357  0.8105379  0.8015401
 0.8001084  0.8064746  0.80670947 0.8073886  0.80553865 0.8024975
 0.81222653 0.8029236 ]
[nltk_data] Downloading package wordnet to /mnt/iusers01/fse-
[nltk_data]     ugpgt01/compsci01/q12628ct/nltk_data...
[nltk_data]   Package wordnet is already up-to-date!
[nltk_data] Downloading package punkt_tab to /mnt/iusers01/fse-
[nltk_data]     ugpgt01/compsci01/q12628ct/nltk_data...
[nltk_data]   Package punkt_tab is already up-to-date!
[nltk_data] Downloading package omw-1.4 to /mnt/iusers01/fse-
[nltk_data]     ugpgt01/compsci01/q12628ct/nltk_data...
[nltk_data]   Package omw-1.4 is already up-to-date!
/mnt/iusers01/fse-ugpgt01/compsci01/q12628ct/.conda/envs/semantic-decoding/lib/python3.10/site-packages/huggingface_hub/file_download.py:945: FutureWarning: `resume_download` is deprecated and will be removed in version 1.0.0. Downloads always resume when possible. If you want to force a new download, use `force_download=True`.
  warnings.warn(
Some weights of the model checkpoint at roberta-large were not used when initializing RobertaModel: ['lm_head.layer_norm.bias', 'lm_head.layer_norm.weight', 'lm_head.dense.bias', 'lm_head.dense.weight', 'lm_head.bias']
- This IS expected if you are initializing RobertaModel from the checkpoint of a model trained on another task or with another architecture (e.g. initializing a BertForSequenceClassification model from a BertForPreTraining model).
- This IS NOT expected if you are initializing RobertaModel from the checkpoint of a model that you expect to be exactly identical (initializing a BertForSequenceClassification model from a BertForSequenceClassification model).
Some weights of RobertaModel were not initialized from the model checkpoint at roberta-large and are newly initialized: ['roberta.pooler.dense.bias', 'roberta.pooler.dense.weight']
You should probably TRAIN this model on a down-stream task to be able to use it for predictions and inference.
bravo_repeat-2
WER
[-0.09970714 -0.08968109 -0.06329245 -0.08266303 -0.06251062 -0.06892032
 -0.07224155 -0.07225954 -0.08514843 -0.07018913 -0.07207833 -0.07264097
 -0.08036509 -0.07275943 -0.07256286 -0.08830947 -0.07194656 -0.05395277
 -0.0813055  -0.08035926 -0.04848805 -0.08040154 -0.07554994 -0.09292553
 -0.08863465 -0.06963378 -0.06555458 -0.0811362  -0.09089538 -0.05385595
 -0.09049508 -0.07651844 -0.06205977 -0.06849164 -0.08068726 -0.06436964
 -0.05930622 -0.06408941 -0.06314109 -0.08517375 -0.05814389 -0.08701222
 -0.07853685 -0.07344402 -0.07685531 -0.06648383 -0.09345019 -0.07744105
 -0.07368418 -0.08638529 -0.09429946 -0.07149974 -0.07186064 -0.09028047
 -0.0816707  -0.09116783 -0.09381443 -0.07725351 -0.07747491 -0.05044654
 -0.06185034 -0.06240022 -0.0776011  -0.05931884 -0.0689172  -0.06263858
 -0.07746121 -0.05966767 -0.06555917 -0.07409882 -0.07493005 -0.07594974
 -0.08398757 -0.07683799 -0.08001355 -0.08496142 -0.08416781 -0.08048071
 -0.07161775 -0.07406874 -0.09134752 -0.0869504  -0.07306335 -0.08835024
 -0.08153091 -0.08046672 -0.03997171 -0.10061392 -0.09039674 -0.07516706
 -0.06118798 -0.04651797 -0.06989402 -0.04599924 -0.07633017 -0.08211968
 -0.05989969 -0.0789478  -0.08789909 -0.05982377 -0.09011245 -0.07382682
 -0.06718633 -0.08257515 -0.06542738 -0.06868752 -0.0914111  -0.07133198
 -0.07532721 -0.08488441 -0.0786487  -0.07509899 -0.07494534 -0.06980915
 -0.06798797 -0.08211124 -0.07796298 -0.05963255 -0.08073443 -0.09002515
 -0.07676163 -0.08042919 -0.07671074 -0.0651569  -0.06242519 -0.07775448
 -0.06618474 -0.06531424 -0.07196466 -0.0811343  -0.07286552 -0.08314553
 -0.07606979 -0.08024946 -0.09399453 -0.07479583 -0.06973123 -0.08593832
 -0.07433402 -0.07498814 -0.05646605 -0.07263604 -0.08688087 -0.07974668
 -0.08150191 -0.0555579  -0.06200412 -0.08517073 -0.08625467 -0.06978492
 -0.07526583 -0.04827608 -0.05666204 -0.05007969 -0.09085206 -0.08122908
 -0.07592142 -0.07781272 -0.06954145 -0.0802712  -0.06489035 -0.07861127
 -0.07526777 -0.08350869 -0.07369935 -0.08855891 -0.07757185 -0.09397388
 -0.10014031 -0.083363   -0.06117954 -0.07727823 -0.07643889 -0.07883291
 -0.07382657 -0.10370949 -0.0643419  -0.10423214 -0.07953194 -0.09369359
 -0.0856509  -0.05314557 -0.08148981 -0.08271255 -0.07242607 -0.07814692
 -0.07001161 -0.08496059 -0.09584652 -0.08829396 -0.08177292 -0.07993213
 -0.09306004 -0.08120972 -0.07292238 -0.05622673 -0.10204019 -0.08628923
 -0.0785413  -0.07648834]
bravo_repeat-2
BLEU
[0.20110534 0.12456876 0.23769038 0.19858111 0.2176511  0.27377698
 0.2136046  0.27205277 0.18246912 0.22395147 0.18843372 0.2389411
 0.22214012 0.21602462 0.22975254 0.19132127 0.27199901 0.20527979
 0.22140461 0.20360508 0.2147445  0.22393018 0.2329181  0.16756545
 0.17738145 0.23931709 0.16102914 0.16207888 0.20891621 0.2701761
 0.20790474 0.24663631 0.19782001 0.21474375 0.20549986 0.20400704
 0.2500277  0.23550391 0.22725304 0.23421273 0.2239105  0.23087501
 0.22071606 0.22134549 0.22384089 0.19772803 0.1637359  0.22109812
 0.21543169 0.19530723 0.18504747 0.22937651 0.18201323 0.23196258
 0.22172685 0.20661336 0.20251149 0.21099909 0.20975187 0.22687373
 0.25146087 0.21849377 0.26033802 0.24994435 0.22833667 0.24640068
 0.24651808 0.2901635  0.24248175 0.22424359 0.24502858 0.22104953
 0.22931104 0.20350128 0.17758362 0.20227996 0.19065668 0.19793641
 0.24588426 0.24469464 0.15686053 0.14871241 0.26240966 0.16398542
 0.19467122 0.22664773 0.27197249 0.19420999 0.16495651 0.21703199
 0.23268649 0.2507762  0.15105492 0.27275475 0.22053305 0.19913737
 0.19871028 0.22990768 0.18338725 0.246396   0.22303857 0.1887703
 0.23903523 0.1675342  0.20676897 0.24456302 0.22026896 0.25749512
 0.20901826 0.1726516  0.20763311 0.25250123 0.25929003 0.24801923
 0.22486254 0.19640514 0.21878292 0.24240714 0.17437968 0.19395004
 0.23723746 0.2230802  0.21601268 0.22902881 0.21855487 0.22962439
 0.25864886 0.23366833 0.17685784 0.19132066 0.25976886 0.19927256
 0.1977256  0.2331776  0.19724061 0.22937878 0.21900307 0.19575111
 0.18492823 0.19577094 0.1865577  0.23240873 0.15554411 0.2055532
 0.17964478 0.26480958 0.23162083 0.23317797 0.15642299 0.20322649
 0.2285979  0.26026602 0.22390943 0.24456218 0.20316099 0.22418334
 0.19576572 0.15874525 0.23325861 0.21760924 0.20632694 0.21824299
 0.21444415 0.19041633 0.24672732 0.18598096 0.25195838 0.17702329
 0.19453359 0.16036643 0.24556533 0.20688855 0.23952361 0.22223804
 0.19959617 0.13242412 0.23864205 0.13607378 0.19929936 0.22853049
 0.20659548 0.21345478 0.20344975 0.22197593 0.22935177 0.24420397
 0.27073395 0.24693395 0.16019527 0.1713621  0.19556232 0.23598497
 0.19021512 0.22141568 0.25596842 0.20523425 0.14332424 0.19413424
 0.19993588 0.22012215]
bravo_repeat-2
METEOR
[0.1398564  0.10873764 0.17079858 0.13403809 0.15225677 0.18875366
 0.13764706 0.18374346 0.14015819 0.1516015  0.13078814 0.16931419
 0.17109831 0.15306981 0.14842927 0.14395988 0.17862914 0.14545584
 0.15737672 0.14149602 0.15379966 0.14780362 0.17215918 0.11697944
 0.13654091 0.15407877 0.11203623 0.11540883 0.14350135 0.18037686
 0.14643053 0.1776686  0.1472252  0.16335505 0.15559411 0.13417794
 0.16412547 0.15833242 0.14256297 0.16860813 0.14954772 0.15190728
 0.1417388  0.1521154  0.15671571 0.14823315 0.11464435 0.14843631
 0.15795935 0.14341365 0.12339126 0.15878915 0.13555068 0.15145513
 0.13876367 0.15239405 0.13092897 0.14200647 0.15357345 0.16965045
 0.18636185 0.14430962 0.18702044 0.17626302 0.15835175 0.17192444
 0.16519672 0.20312005 0.17405284 0.15238747 0.17861901 0.14940116
 0.14876634 0.14651317 0.13323011 0.13418033 0.13632854 0.14314821
 0.17248931 0.16594492 0.12160622 0.09833673 0.17967362 0.12152732
 0.1712052  0.16884103 0.18886203 0.12630793 0.11196385 0.15358228
 0.15431902 0.17350255 0.11476929 0.20017871 0.18163556 0.12601673
 0.14852841 0.18459816 0.12519663 0.16778055 0.14627968 0.12077553
 0.15439014 0.12083467 0.14625587 0.16089449 0.14898034 0.1726285
 0.13473489 0.13263045 0.14924885 0.16612606 0.18042495 0.1804681
 0.16117997 0.14295796 0.13200376 0.16759667 0.12614362 0.14041407
 0.1555889  0.15194022 0.13477938 0.15870285 0.14899471 0.16818501
 0.19239551 0.16062471 0.13125283 0.13384401 0.1713777  0.12582626
 0.141524   0.15004049 0.14866899 0.153591   0.1561786  0.13741801
 0.15702653 0.1389085  0.14699537 0.17343083 0.10729523 0.1331971
 0.13625963 0.18286982 0.16177353 0.15590357 0.1141315  0.14326687
 0.16122443 0.17153859 0.15674012 0.15028736 0.14486295 0.15538744
 0.13745129 0.13339364 0.15071545 0.1377352  0.1411915  0.14403007
 0.15142891 0.13683635 0.17758747 0.14225168 0.18337046 0.12870157
 0.12424436 0.13287781 0.17043001 0.14559675 0.17234334 0.15456697
 0.14560739 0.11729015 0.15445195 0.11026768 0.16487601 0.15817836
 0.14638237 0.16085654 0.16394221 0.17552777 0.15539608 0.17338952
 0.18084487 0.18395059 0.11727764 0.11891524 0.1408689  0.15522421
 0.13715559 0.14642628 0.1782899  0.15059997 0.10536229 0.13781488
 0.15455883 0.15047739]
bravo_repeat-2
BERT
[0.80434835 0.8006695  0.8046941  0.80463374 0.8035905  0.8077294
 0.80413204 0.809635   0.80294067 0.80533    0.8022659  0.81090724
 0.80685705 0.8031024  0.8059354  0.8055605  0.8096158  0.80509555
 0.8085118  0.80340475 0.80450356 0.80616164 0.8083042  0.80355024
 0.8027065  0.8100545  0.8047533  0.8009193  0.8050849  0.80849373
 0.8056689  0.8071578  0.8045173  0.8035308  0.8079854  0.804507
 0.8045601  0.80795324 0.80435085 0.80848    0.8055652  0.80192995
 0.8031886  0.80317575 0.8037348  0.806585   0.80085427 0.80495715
 0.80747676 0.8051292  0.8044388  0.8052503  0.80546814 0.80422074
 0.8076547  0.8025858  0.8056228  0.81040573 0.80681264 0.8034474
 0.80491036 0.8044581  0.81088734 0.80729747 0.80284745 0.8029749
 0.80468106 0.8128875  0.8091826  0.8101538  0.80696136 0.805384
 0.8009416  0.8020563  0.802543   0.80409104 0.80672985 0.80247116
 0.8076366  0.8040242  0.8035777  0.8011362  0.8036917  0.802
 0.80408317 0.8121379  0.80921304 0.80162543 0.8014311  0.8048137
 0.8078578  0.80625635 0.80171835 0.80767345 0.8137225  0.80026346
 0.8012336  0.81019074 0.80298716 0.8067705  0.80560535 0.80567265
 0.80056083 0.8068869  0.8069634  0.8056519  0.8042661  0.8089487
 0.80105096 0.80148065 0.8047426  0.8044948  0.80837816 0.80910075
 0.8067091  0.8090664  0.8071271  0.80802166 0.79825836 0.8075593
 0.80616516 0.8075804  0.7997563  0.80378956 0.808277   0.8082229
 0.80959713 0.8066333  0.8004225  0.80197936 0.8123384  0.8040468
 0.80332285 0.80888563 0.8026327  0.8044297  0.8013716  0.8051702
 0.8042067  0.80489767 0.80748105 0.8106152  0.8056349  0.80645573
 0.80393183 0.8074996  0.80737656 0.8088645  0.7987523  0.8025611
 0.80506897 0.8045465  0.80838543 0.80270904 0.80330795 0.8029044
 0.8007629  0.8067494  0.80161977 0.8048741  0.8004615  0.8047082
 0.8116749  0.7990822  0.8077432  0.8024065  0.8117608  0.80433524
 0.80210245 0.80440885 0.8070045  0.80649483 0.81273866 0.80216646
 0.8089687  0.8039147  0.8059346  0.802056   0.8070418  0.80377364
 0.7996387  0.80671895 0.8040274  0.8045327  0.80389416 0.80567384
 0.80499965 0.8111401  0.8021841  0.8029951  0.80590105 0.80649936
 0.8058019  0.8069658  0.80720353 0.80639565 0.8005869  0.8028729
 0.8044883  0.8053018 ]
[nltk_data] Downloading package wordnet to /mnt/iusers01/fse-
[nltk_data]     ugpgt01/compsci01/q12628ct/nltk_data...
[nltk_data]   Package wordnet is already up-to-date!
[nltk_data] Downloading package punkt_tab to /mnt/iusers01/fse-
[nltk_data]     ugpgt01/compsci01/q12628ct/nltk_data...
[nltk_data]   Package punkt_tab is already up-to-date!
[nltk_data] Downloading package omw-1.4 to /mnt/iusers01/fse-
[nltk_data]     ugpgt01/compsci01/q12628ct/nltk_data...
[nltk_data]   Package omw-1.4 is already up-to-date!
/mnt/iusers01/fse-ugpgt01/compsci01/q12628ct/.conda/envs/semantic-decoding/lib/python3.10/site-packages/huggingface_hub/file_download.py:945: FutureWarning: `resume_download` is deprecated and will be removed in version 1.0.0. Downloads always resume when possible. If you want to force a new download, use `force_download=True`.
  warnings.warn(
Some weights of the model checkpoint at roberta-large were not used when initializing RobertaModel: ['lm_head.dense.bias', 'lm_head.layer_norm.weight', 'lm_head.bias', 'lm_head.dense.weight', 'lm_head.layer_norm.bias']
- This IS expected if you are initializing RobertaModel from the checkpoint of a model trained on another task or with another architecture (e.g. initializing a BertForSequenceClassification model from a BertForPreTraining model).
- This IS NOT expected if you are initializing RobertaModel from the checkpoint of a model that you expect to be exactly identical (initializing a BertForSequenceClassification model from a BertForSequenceClassification model).
Some weights of RobertaModel were not initialized from the model checkpoint at roberta-large and are newly initialized: ['roberta.pooler.dense.weight', 'roberta.pooler.dense.bias']
You should probably TRAIN this model on a down-stream task to be able to use it for predictions and inference.
charlie_repeat-1
WER
[-0.15784068 -0.13986707 -0.11086777 -0.13910762 -0.14904858 -0.15924192
 -0.14860578 -0.13262538 -0.14658941 -0.1515573  -0.11833181 -0.14666927
 -0.15128088 -0.11946985 -0.15484441 -0.14644685 -0.14128815 -0.12510873
 -0.11490732 -0.15546048 -0.12425241 -0.1385108  -0.13846437 -0.14146236
 -0.14331212 -0.14372248 -0.14888535 -0.1254535  -0.1400838  -0.14456841
 -0.11216293 -0.13399767 -0.1468182  -0.15130532 -0.13694054 -0.15129737
 -0.13988912 -0.15493228 -0.13357326 -0.14670776 -0.14350261 -0.15319378
 -0.15218173 -0.16494106 -0.14158431 -0.14567814 -0.14529642 -0.13077695
 -0.16444524 -0.13903831 -0.14367632 -0.16260046 -0.13660796 -0.14535692
 -0.13715592 -0.1496872  -0.15791411 -0.12337874 -0.14786019 -0.15186646
 -0.16473386 -0.11786768 -0.16306794 -0.13488109 -0.15921055 -0.13363868
 -0.16464653 -0.14747861 -0.14604247 -0.14232514 -0.14461439 -0.14755123
 -0.1338101  -0.15546338 -0.14207067 -0.14430381 -0.13621079 -0.14339249
 -0.12655192 -0.13660396 -0.13927893 -0.1266639  -0.15090852 -0.14210157
 -0.15211847 -0.14263509 -0.14990201 -0.14422695 -0.14146127 -0.14180916
 -0.12959017 -0.12939341 -0.14090404 -0.14055739 -0.1460426  -0.1522512
 -0.1485729  -0.1535441  -0.14663003 -0.12550403 -0.13319752 -0.15645536
 -0.15606311 -0.12617601 -0.1303918  -0.13108228 -0.13627576 -0.1318208
 -0.11744329 -0.14284707 -0.1323804  -0.14283355 -0.13777082 -0.1525965
 -0.15471052 -0.14582688 -0.15403526 -0.14117277 -0.15171521 -0.14613474
 -0.12837133 -0.15131622 -0.14714684 -0.1393425  -0.13981024 -0.15754136
 -0.12612281 -0.15283259 -0.12264096 -0.15114288 -0.14375798 -0.15609049
 -0.12879053 -0.13218239 -0.13379986 -0.14806171 -0.12555334 -0.13577869
 -0.13734751 -0.1449248  -0.16515439 -0.14989738 -0.15035285 -0.14505947
 -0.13712076 -0.15373862 -0.11333512 -0.13018017 -0.11625359 -0.14085232
 -0.12944231 -0.1548548  -0.14574333 -0.1323913  -0.13575236 -0.14949048
 -0.11900293 -0.12813076 -0.13601676 -0.14948929 -0.12945318 -0.13761176
 -0.14608073 -0.12338726 -0.14455308 -0.15156448 -0.13905499 -0.13277693
 -0.12776084 -0.13010689 -0.13766859 -0.1555612  -0.15010786 -0.13584391
 -0.14381512 -0.13688344 -0.14762033 -0.13316907 -0.14147339 -0.15288062
 -0.1401714  -0.11821279 -0.13376936 -0.15242631 -0.14728423 -0.14320527
 -0.15202146 -0.14963206 -0.13355546 -0.14877334 -0.14479318 -0.1307856
 -0.12814943 -0.15286367 -0.15364144 -0.15076353 -0.11834669 -0.15203958
 -0.13374261 -0.15690876]
charlie_repeat-1
BLEU
[0.13878544 0.19262311 0.20895946 0.17254064 0.15319916 0.16964105
 0.1513693  0.18948438 0.16735268 0.18772341 0.21000446 0.14869252
 0.16977781 0.2118788  0.16275372 0.19349921 0.17288567 0.18414178
 0.21620772 0.16336224 0.19574834 0.17918588 0.18175388 0.17748912
 0.19660037 0.1793371  0.16596457 0.18615536 0.178913   0.16824494
 0.22924916 0.15993474 0.16396636 0.14557901 0.1578374  0.13546223
 0.18438131 0.18531957 0.18697775 0.18673784 0.16150161 0.21316249
 0.1276104  0.16533167 0.20461635 0.1798423  0.19427112 0.18710705
 0.18142728 0.20707974 0.17444502 0.12179298 0.17541826 0.18809134
 0.19032623 0.17424605 0.14676881 0.19447216 0.17026591 0.2129979
 0.15127631 0.18185974 0.15235616 0.16452662 0.16623667 0.1849444
 0.15232277 0.16865685 0.17203382 0.16380431 0.17673021 0.1750713
 0.18986406 0.20032928 0.19611494 0.17795022 0.185136   0.18770439
 0.20480311 0.1792259  0.17070179 0.19029718 0.19673109 0.18886677
 0.17804411 0.19205325 0.17897614 0.15823764 0.16257005 0.18824952
 0.20170892 0.19795544 0.1672523  0.17990105 0.16302193 0.16724958
 0.16532622 0.16251283 0.15832536 0.17397005 0.17116407 0.15285552
 0.17062468 0.21856473 0.20200985 0.17686234 0.18120937 0.17821852
 0.19659448 0.1676539  0.17062399 0.16060943 0.21136632 0.14540562
 0.17375107 0.19724346 0.16944037 0.19081006 0.12902226 0.16485404
 0.14373999 0.17972916 0.15319972 0.19017943 0.21320652 0.17806777
 0.19583026 0.16374014 0.19286657 0.17546134 0.16113802 0.17002508
 0.20600722 0.19866223 0.19229309 0.19319057 0.1997749  0.21246359
 0.19128948 0.19333653 0.13131687 0.15500803 0.12629435 0.15392408
 0.2099281  0.1568755  0.20858855 0.20434226 0.22473147 0.18314014
 0.22342009 0.16349983 0.17206582 0.15996008 0.1752775  0.13658286
 0.22233548 0.20681063 0.19094826 0.15225879 0.18120657 0.18846284
 0.17531955 0.23067432 0.16455517 0.15255884 0.18133696 0.19297718
 0.16873861 0.20419248 0.16704806 0.13398099 0.18530087 0.18586008
 0.19863859 0.17518069 0.1838754  0.19999994 0.1786447  0.1846232
 0.19803422 0.19863542 0.20346757 0.15991278 0.21243292 0.18055851
 0.19030312 0.16617115 0.20055592 0.15923803 0.17768242 0.18736578
 0.19082244 0.21340253 0.14936961 0.16873646 0.20803512 0.18000147
 0.20185613 0.17748058]
charlie_repeat-1
METEOR
[0.1051575  0.17330848 0.17434974 0.14857755 0.10753309 0.13325508
 0.12038339 0.15702864 0.13517997 0.14842659 0.18336257 0.1224791
 0.11742513 0.16517474 0.14326898 0.14814616 0.1338321  0.17826346
 0.1595324  0.12938916 0.16056928 0.14185412 0.14637092 0.15218726
 0.15126774 0.1757135  0.13013339 0.14598701 0.16104996 0.14928729
 0.19029039 0.14468659 0.14988022 0.11664686 0.13617846 0.13990227
 0.15079935 0.17539504 0.17077793 0.15111342 0.13156803 0.15254878
 0.12353209 0.12238384 0.14859538 0.15033209 0.14694277 0.14623428
 0.13033349 0.1853934  0.14775108 0.1110558  0.13256584 0.15042735
 0.16447034 0.12865056 0.12374143 0.18470223 0.129571   0.15155963
 0.13366762 0.15659342 0.12516019 0.14806191 0.13529878 0.15673977
 0.14335323 0.12456824 0.13284126 0.13307728 0.14282566 0.15954207
 0.16272592 0.14099182 0.16050519 0.16579787 0.15994422 0.1406308
 0.16324478 0.13125319 0.15251887 0.17785652 0.19188643 0.14153219
 0.14278849 0.14306829 0.14619517 0.12566638 0.13321212 0.17106682
 0.15161663 0.1646149  0.14055316 0.15006297 0.12995936 0.13586835
 0.12490674 0.13054444 0.1459566  0.16047251 0.14461449 0.15680465
 0.12663885 0.1769375  0.18776871 0.1431091  0.17610426 0.14348789
 0.14594699 0.1387671  0.15731005 0.13710703 0.15489869 0.10729911
 0.17344095 0.14721351 0.14243853 0.1538953  0.09950549 0.12434752
 0.1426064  0.14341798 0.13126167 0.15310346 0.15226262 0.13165821
 0.15317582 0.11709435 0.15506414 0.1316061  0.13529968 0.15224175
 0.14071073 0.15208598 0.16195152 0.1576113  0.15558683 0.15520583
 0.15799107 0.14872054 0.11268347 0.12061973 0.11842861 0.13637922
 0.16263272 0.13016407 0.17350353 0.1545138  0.18266649 0.14875193
 0.17953635 0.12606003 0.14816685 0.14544868 0.15297226 0.10197013
 0.16836927 0.16835595 0.14857566 0.12335211 0.16589059 0.14531715
 0.13894318 0.16308444 0.1453799  0.1386235  0.1646269  0.15240349
 0.1474053  0.16109626 0.12404027 0.11222317 0.13523264 0.13952018
 0.16337717 0.16288763 0.15626019 0.16563706 0.16251774 0.1601968
 0.13780656 0.18178848 0.16719675 0.12372919 0.15968037 0.15890641
 0.16141119 0.14739576 0.16565636 0.13526667 0.13116026 0.15454092
 0.15446641 0.17034998 0.13254607 0.1452188  0.17656689 0.14490554
 0.15228948 0.16298655]
charlie_repeat-1
BERT
[0.77893764 0.7837034  0.78389686 0.7830043  0.77894026 0.78382736
 0.7872468  0.78995645 0.7830814  0.78584987 0.78478354 0.7827077
 0.78531367 0.7921843  0.7858769  0.7802025  0.7824956  0.78648746
 0.78594303 0.78205776 0.78721786 0.7883325  0.7796395  0.78043395
 0.78245413 0.7853556  0.7844573  0.7852186  0.7850144  0.7830977
 0.79309    0.782741   0.78598356 0.78815776 0.7848789  0.7837803
 0.7852504  0.78671235 0.78326786 0.7866466  0.7811112  0.7900203
 0.7819564  0.7837747  0.7900762  0.7837375  0.7812059  0.7863298
 0.7855523  0.78638977 0.7829688  0.78186727 0.7841997  0.7794965
 0.78768045 0.7837795  0.78545445 0.7897939  0.7857159  0.7832109
 0.78251797 0.78403443 0.78219086 0.78255475 0.7802159  0.7811238
 0.7819251  0.7843241  0.78701735 0.780775   0.78418    0.78412277
 0.7851247  0.78719616 0.78079194 0.7867886  0.784412   0.78809786
 0.782725   0.78374165 0.78487086 0.7835448  0.79073113 0.78120154
 0.7843986  0.79284173 0.78239024 0.78576165 0.783321   0.7900767
 0.78340447 0.78513557 0.78745353 0.78239125 0.7837234  0.78537416
 0.7832877  0.7795164  0.787819   0.7822325  0.78040314 0.7841489
 0.78350765 0.79102445 0.78255796 0.7855561  0.78459746 0.7818891
 0.79174984 0.78301436 0.7787904  0.7824853  0.7842764  0.7875556
 0.78637624 0.7836674  0.7861348  0.78841114 0.7788757  0.7895825
 0.78705263 0.77948093 0.78161705 0.7951257  0.7890972  0.784455
 0.7910982  0.78268886 0.78400624 0.783015   0.7850977  0.7828037
 0.78511775 0.7827661  0.7856752  0.7826362  0.78321147 0.7823931
 0.7818556  0.7861325  0.7818166  0.7798973  0.7871435  0.7813153
 0.7833388  0.7833546  0.78761756 0.7854753  0.7846511  0.7839715
 0.7873883  0.78683203 0.7858008  0.7788138  0.78755075 0.78301674
 0.78950405 0.78470296 0.78702664 0.783777   0.7845539  0.77759457
 0.7839685  0.78764874 0.78516865 0.78551716 0.78845847 0.78551567
 0.7878839  0.78789973 0.7828653  0.77923006 0.7897659  0.7857601
 0.7873659  0.78164357 0.7882649  0.7919889  0.7884503  0.78478837
 0.7828303  0.78415763 0.7844016  0.7894229  0.78317505 0.7823186
 0.7797049  0.78356457 0.7828719  0.784112   0.7789283  0.78881073
 0.7908181  0.78831875 0.7856397  0.7882183  0.783816   0.78778726
 0.78273576 0.78716207]
[nltk_data] Downloading package wordnet to /mnt/iusers01/fse-
[nltk_data]     ugpgt01/compsci01/q12628ct/nltk_data...
[nltk_data]   Package wordnet is already up-to-date!
[nltk_data] Downloading package punkt_tab to /mnt/iusers01/fse-
[nltk_data]     ugpgt01/compsci01/q12628ct/nltk_data...
[nltk_data]   Package punkt_tab is already up-to-date!
[nltk_data] Downloading package omw-1.4 to /mnt/iusers01/fse-
[nltk_data]     ugpgt01/compsci01/q12628ct/nltk_data...
[nltk_data]   Package omw-1.4 is already up-to-date!
/mnt/iusers01/fse-ugpgt01/compsci01/q12628ct/.conda/envs/semantic-decoding/lib/python3.10/site-packages/huggingface_hub/file_download.py:945: FutureWarning: `resume_download` is deprecated and will be removed in version 1.0.0. Downloads always resume when possible. If you want to force a new download, use `force_download=True`.
  warnings.warn(
Some weights of the model checkpoint at roberta-large were not used when initializing RobertaModel: ['lm_head.layer_norm.bias', 'lm_head.dense.weight', 'lm_head.layer_norm.weight', 'lm_head.dense.bias', 'lm_head.bias']
- This IS expected if you are initializing RobertaModel from the checkpoint of a model trained on another task or with another architecture (e.g. initializing a BertForSequenceClassification model from a BertForPreTraining model).
- This IS NOT expected if you are initializing RobertaModel from the checkpoint of a model that you expect to be exactly identical (initializing a BertForSequenceClassification model from a BertForSequenceClassification model).
Some weights of RobertaModel were not initialized from the model checkpoint at roberta-large and are newly initialized: ['roberta.pooler.dense.weight', 'roberta.pooler.dense.bias']
You should probably TRAIN this model on a down-stream task to be able to use it for predictions and inference.
charlie_repeat-2
WER
[-0.19649697 -0.18121416 -0.19747226 -0.17206167 -0.15997878 -0.16838621
 -0.14764983 -0.15087078 -0.17687598 -0.16198922 -0.18200272 -0.17720648
 -0.16487893 -0.15722922 -0.16417103 -0.15754224 -0.15029946 -0.16866449
 -0.16384176 -0.17901638 -0.16803119 -0.18238402 -0.17320565 -0.16638959
 -0.17586746 -0.16352172 -0.15507385 -0.17846272 -0.16980211 -0.19309567
 -0.1954177  -0.16245643 -0.16102901 -0.18082342 -0.18918061 -0.18389131
 -0.16233411 -0.16709227 -0.17391801 -0.16673253 -0.17053312 -0.18102068
 -0.17879622 -0.19658687 -0.1566165  -0.15823599 -0.17800021 -0.16902289
 -0.16762607 -0.16915407 -0.16791864 -0.18708761 -0.17213975 -0.17774145
 -0.17031816 -0.18439107 -0.15946567 -0.18498861 -0.1709213  -0.1823647
 -0.17735642 -0.15931874 -0.15914433 -0.15378939 -0.16064329 -0.16471225
 -0.17113868 -0.16431307 -0.16982918 -0.18058476 -0.18832447 -0.16124032
 -0.15828622 -0.17002389 -0.15702179 -0.14530655 -0.17095296 -0.16877571
 -0.1533645  -0.17295152 -0.16190143 -0.16578444 -0.17165572 -0.19689756
 -0.16230858 -0.18672482 -0.16934702 -0.1882938  -0.1842795  -0.16126398
 -0.1754202  -0.19986326 -0.18138821 -0.17325584 -0.16736554 -0.16663665
 -0.15637846 -0.16057916 -0.18058822 -0.16863514 -0.16620094 -0.17489259
 -0.15873678 -0.17817983 -0.14544083 -0.1643967  -0.17551981 -0.16075388
 -0.18302156 -0.17283739 -0.17123219 -0.17397474 -0.17808893 -0.17976004
 -0.17075356 -0.17412014 -0.17745298 -0.15624934 -0.17445515 -0.15952834
 -0.16368457 -0.18652477 -0.15764456 -0.17127546 -0.17246533 -0.16939333
 -0.14795335 -0.16873442 -0.17467132 -0.16765591 -0.18896842 -0.1828871
 -0.16771075 -0.17535704 -0.17716959 -0.1636897  -0.17842064 -0.16034632
 -0.14756249 -0.17430704 -0.1683639  -0.18473597 -0.16524277 -0.19942179
 -0.18780975 -0.14967239 -0.16947086 -0.18458167 -0.17467319 -0.16975873
 -0.17045075 -0.16368422 -0.1876863  -0.15853288 -0.16047358 -0.18296274
 -0.16101704 -0.15783284 -0.18535155 -0.16995529 -0.16969569 -0.14894555
 -0.1523834  -0.17805961 -0.17678101 -0.16184818 -0.16780716 -0.17780856
 -0.17319642 -0.13943891 -0.16097883 -0.17213677 -0.17712429 -0.14871272
 -0.17773382 -0.17947712 -0.18468202 -0.18128081 -0.19854718 -0.17851158
 -0.15583437 -0.17896716 -0.16790499 -0.15830551 -0.16124203 -0.17724976
 -0.1811036  -0.15504122 -0.17087703 -0.18223799 -0.16695575 -0.17254555
 -0.18874493 -0.16943711 -0.20106718 -0.16981665 -0.15555719 -0.18056586
 -0.17896309 -0.18767111]
charlie_repeat-2
BLEU
[0.15879781 0.21372397 0.14893881 0.21165058 0.20746084 0.18236939
 0.19324614 0.20126036 0.17761658 0.19854032 0.16090568 0.16840508
 0.19257565 0.18054772 0.17481359 0.18129973 0.20838458 0.18769949
 0.14508563 0.17185927 0.19698951 0.17712298 0.20362035 0.1764237
 0.17396995 0.19372897 0.22701463 0.16618989 0.19997195 0.18211466
 0.15457869 0.205383   0.16920284 0.20588006 0.19037042 0.16583829
 0.15776317 0.19305345 0.19142111 0.17712087 0.17070938 0.16183456
 0.16720191 0.1533296  0.19281167 0.17113232 0.16938866 0.17095185
 0.20094698 0.17476916 0.15942209 0.2168772  0.1943438  0.16863372
 0.15538153 0.15312176 0.18230179 0.16356109 0.18189872 0.17951647
 0.18902502 0.17786761 0.18088094 0.16473026 0.19892338 0.1764469
 0.20080941 0.1789434  0.19132274 0.19214518 0.18808592 0.21595004
 0.20522607 0.19092477 0.21320068 0.1995045  0.18559438 0.18111444
 0.19373309 0.18903289 0.20342346 0.19099268 0.18106576 0.14736195
 0.15611662 0.18785497 0.18497463 0.1508118  0.15715064 0.20128019
 0.17524753 0.12606147 0.1589471  0.17010815 0.21897926 0.17719292
 0.18428548 0.18582994 0.16778947 0.1928075  0.18742251 0.15602823
 0.19893454 0.17068279 0.2109839  0.18100311 0.16247741 0.20304868
 0.15416318 0.16986895 0.15330475 0.13768155 0.1706744  0.17358803
 0.19950687 0.16009988 0.16539556 0.1930563  0.16437755 0.20774138
 0.17920627 0.14861099 0.17762891 0.18629287 0.19731455 0.1802197
 0.21228379 0.19261982 0.17585313 0.19893172 0.15050327 0.16964494
 0.19242078 0.22065991 0.16714789 0.18543676 0.14958181 0.16802544
 0.18767691 0.1994298  0.18919731 0.16304914 0.20997793 0.14383487
 0.16100654 0.18057172 0.18189987 0.15661166 0.18906195 0.19733941
 0.16933197 0.22319254 0.17347869 0.20893867 0.20777004 0.18752999
 0.20821697 0.17801148 0.20092543 0.19310054 0.19040365 0.20696153
 0.16433117 0.16799588 0.16248204 0.15782863 0.19678356 0.17849015
 0.16887108 0.19433323 0.18243998 0.17520359 0.19667495 0.19801187
 0.15046097 0.14341125 0.17586534 0.16850375 0.17471943 0.15733228
 0.18345996 0.16533688 0.17968888 0.23278173 0.19105637 0.15653436
 0.17496637 0.23164405 0.20050751 0.14218073 0.19620406 0.19509758
 0.16527107 0.22254092 0.16316032 0.2142559  0.14759273 0.21052662
 0.17369864 0.14446964]
charlie_repeat-2
METEOR
[0.14470913 0.16569154 0.11624703 0.16272632 0.18137091 0.14703804
 0.14671092 0.18488998 0.15001187 0.16934382 0.15376686 0.15311224
 0.16589209 0.14037511 0.16970182 0.16332732 0.18715573 0.13878098
 0.11850739 0.15436689 0.1495771  0.12617777 0.16406298 0.13164734
 0.1453363  0.14948557 0.20993302 0.14451062 0.1527048  0.17510008
 0.11852072 0.15553035 0.16390927 0.16848409 0.13690748 0.12121626
 0.12919752 0.16521536 0.16395207 0.15199649 0.13307579 0.13778542
 0.13653212 0.13594326 0.15162283 0.15283349 0.1419714  0.13351803
 0.15627134 0.15793942 0.12932514 0.16721437 0.15950796 0.14070209
 0.13066598 0.13404914 0.14322844 0.12921433 0.15798371 0.16074258
 0.15282603 0.14726435 0.14834921 0.16553332 0.16932006 0.13683636
 0.17174939 0.1545514  0.1455024  0.16151158 0.17207527 0.16090389
 0.17261711 0.16576707 0.16316653 0.17914141 0.14800769 0.1482668
 0.14932753 0.15672178 0.14920573 0.15668512 0.14100121 0.12998362
 0.13485729 0.14799612 0.16505457 0.12023042 0.13082174 0.17344121
 0.13874561 0.11079181 0.14586686 0.14453294 0.17830627 0.15657428
 0.15860997 0.15371989 0.14499827 0.15830145 0.15584452 0.16582969
 0.1663661  0.14966823 0.21545875 0.16980578 0.14015991 0.17237767
 0.13214819 0.14482575 0.13091232 0.14033071 0.128983   0.14352384
 0.14040793 0.12558907 0.14718736 0.17651823 0.13442779 0.17424176
 0.1554617  0.12292273 0.1873906  0.16621389 0.17599584 0.18054962
 0.17162997 0.1746831  0.14465924 0.1615822  0.14442359 0.13233637
 0.15487819 0.17879961 0.13645236 0.14539391 0.13682932 0.16754451
 0.15783972 0.15875078 0.15704706 0.15117613 0.17797702 0.14269266
 0.14468162 0.16441389 0.1459892  0.13354274 0.14623796 0.1718557
 0.12970317 0.18807869 0.12905731 0.18550767 0.16812405 0.14866826
 0.20067785 0.14522433 0.15628014 0.14148782 0.15149044 0.15296695
 0.16216401 0.13125698 0.1612192  0.14434747 0.14198729 0.14036223
 0.1402529  0.16050791 0.15050687 0.13803166 0.16613785 0.17169208
 0.14379073 0.12395343 0.14901548 0.13223045 0.14639821 0.14910791
 0.1460342  0.1505307  0.16987639 0.19348726 0.13574669 0.12790219
 0.14097412 0.20140875 0.15089381 0.11008955 0.14253087 0.17918666
 0.14106069 0.18789017 0.130229   0.16145281 0.11464277 0.17956479
 0.16548616 0.14183271]
charlie_repeat-2
BERT
[0.7835078  0.7830671  0.78362817 0.7832444  0.7862829  0.7823412
 0.7819398  0.79063046 0.7810188  0.7846234  0.789806   0.78097695
 0.78434205 0.78781027 0.78574383 0.78247803 0.79204625 0.7851805
 0.7797768  0.7796407  0.79063576 0.7861235  0.78770083 0.77971965
 0.78195924 0.79174966 0.7893755  0.7814479  0.7789363  0.7825714
 0.7862207  0.786578   0.78811246 0.7883211  0.78445166 0.7788053
 0.7843885  0.7830426  0.7867092  0.7834439  0.78373325 0.7874169
 0.7836171  0.7899061  0.7836493  0.7853662  0.7845126  0.7817892
 0.785662   0.789315   0.7805109  0.7838704  0.78448474 0.7826483
 0.7836903  0.78662056 0.7884865  0.7811807  0.78348935 0.78879315
 0.786446   0.7882186  0.7859161  0.7871507  0.7848607  0.784534
 0.7889832  0.78280276 0.7874363  0.7906602  0.78598225 0.7851481
 0.7850252  0.78475624 0.78442454 0.7865561  0.7871975  0.7862146
 0.78340924 0.78413707 0.78629804 0.7841338  0.78281796 0.7816736
 0.7819071  0.78304344 0.7884306  0.7814906  0.7798875  0.78991336
 0.7843084  0.77767545 0.78519875 0.7869482  0.79025745 0.78136605
 0.78592795 0.7854384  0.7839176  0.7810792  0.78667814 0.7893919
 0.7840324  0.7810264  0.7857308  0.78547466 0.7808396  0.78474426
 0.78700006 0.784531   0.7823783  0.78751594 0.78490895 0.7818192
 0.7886915  0.7836272  0.7868674  0.7854218  0.7800582  0.7858029
 0.7834461  0.78355426 0.78586775 0.78341496 0.7796941  0.7828706
 0.78989464 0.7891507  0.7909129  0.78498125 0.7819303  0.78184825
 0.7817416  0.7855089  0.7806313  0.7880604  0.7851519  0.7808432
 0.7829873  0.78046024 0.7846048  0.7824894  0.7822396  0.78273404
 0.78796554 0.7888691  0.78600526 0.7817537  0.7850171  0.78392124
 0.78333485 0.779706   0.7792726  0.78734773 0.7822818  0.7849665
 0.7896166  0.78442645 0.7861143  0.7832422  0.7858935  0.7842009
 0.78368723 0.7820162  0.7882959  0.78472126 0.7854982  0.7853261
 0.78442436 0.7841475  0.79084563 0.7836032  0.7876122  0.78932273
 0.7945965  0.7804358  0.7840686  0.78362024 0.7836407  0.7821609
 0.7885697  0.7851252  0.7902276  0.79002243 0.7812389  0.7847546
 0.7845159  0.78544647 0.7885343  0.78077626 0.77975905 0.7842827
 0.78180265 0.78536236 0.7895937  0.7851763  0.7801909  0.78394455
 0.7828011  0.7856699 ]
[nltk_data] Downloading package wordnet to /mnt/iusers01/fse-
[nltk_data]     ugpgt01/compsci01/q12628ct/nltk_data...
[nltk_data]   Package wordnet is already up-to-date!
[nltk_data] Downloading package punkt_tab to /mnt/iusers01/fse-
[nltk_data]     ugpgt01/compsci01/q12628ct/nltk_data...
[nltk_data]   Package punkt_tab is already up-to-date!
[nltk_data] Downloading package omw-1.4 to /mnt/iusers01/fse-
[nltk_data]     ugpgt01/compsci01/q12628ct/nltk_data...
[nltk_data]   Package omw-1.4 is already up-to-date!
/mnt/iusers01/fse-ugpgt01/compsci01/q12628ct/.conda/envs/semantic-decoding/lib/python3.10/site-packages/huggingface_hub/file_download.py:945: FutureWarning: `resume_download` is deprecated and will be removed in version 1.0.0. Downloads always resume when possible. If you want to force a new download, use `force_download=True`.
  warnings.warn(
Some weights of the model checkpoint at roberta-large were not used when initializing RobertaModel: ['lm_head.layer_norm.bias', 'lm_head.bias', 'lm_head.dense.weight', 'lm_head.dense.bias', 'lm_head.layer_norm.weight']
- This IS expected if you are initializing RobertaModel from the checkpoint of a model trained on another task or with another architecture (e.g. initializing a BertForSequenceClassification model from a BertForPreTraining model).
- This IS NOT expected if you are initializing RobertaModel from the checkpoint of a model that you expect to be exactly identical (initializing a BertForSequenceClassification model from a BertForSequenceClassification model).
Some weights of RobertaModel were not initialized from the model checkpoint at roberta-large and are newly initialized: ['roberta.pooler.dense.bias', 'roberta.pooler.dense.weight']
You should probably TRAIN this model on a down-stream task to be able to use it for predictions and inference.
delta_repeat-1
WER
[-0.24655015 -0.21120992 -0.22476067 -0.21331879 -0.22398549 -0.22982903
 -0.22537159 -0.24480753 -0.23959175 -0.21997404 -0.22996522 -0.24953106
 -0.22936847 -0.25287326 -0.23513703 -0.22965036 -0.24703974 -0.22440242
 -0.24803963 -0.2358391  -0.22302239 -0.21372128 -0.2134528  -0.24296152
 -0.23246054 -0.20921043 -0.24184089 -0.25366478 -0.23535703 -0.2503861
 -0.25678723 -0.22852321 -0.23658602 -0.26959921 -0.23276025 -0.24690891
 -0.24323105 -0.22566437 -0.23872779 -0.22223591 -0.25353424 -0.23464391
 -0.22808655 -0.2321799  -0.25604683 -0.238557   -0.20538197 -0.23724531
 -0.24778622 -0.22925769 -0.22981169 -0.23011507 -0.22566211 -0.21421829
 -0.25477886 -0.22757564 -0.24418763 -0.22263672 -0.22229157 -0.21184773
 -0.25245217 -0.23888516 -0.22178429 -0.24294869 -0.23805968 -0.23644888
 -0.22122866 -0.23159248 -0.22418911 -0.2284021  -0.23590325 -0.22724656
 -0.22129237 -0.24818788 -0.22009856 -0.24967214 -0.21905778 -0.2338337
 -0.22121421 -0.25212133 -0.25185699 -0.24835011 -0.25495004 -0.23106826
 -0.23652544 -0.17495873 -0.20552098 -0.23956347 -0.24167866 -0.25408118
 -0.24737804 -0.22999371 -0.22567658 -0.21958474 -0.24224226 -0.24339123
 -0.23446315 -0.23027282 -0.24072688 -0.21982747 -0.24710818 -0.22588592
 -0.19844948 -0.23404178 -0.24434393 -0.23130596 -0.23476889 -0.21333522
 -0.22023911 -0.23655096 -0.23395508 -0.23947323 -0.22301358 -0.23064839
 -0.24437913 -0.22015598 -0.24112922 -0.21430434 -0.24331683 -0.23367804
 -0.23817591 -0.244913   -0.23183057 -0.24230608 -0.25912594 -0.2220696
 -0.21625901 -0.24466703 -0.21231122 -0.23290459 -0.24056174 -0.23314445
 -0.24641943 -0.23919938 -0.21591844 -0.2289936  -0.24405096 -0.23479532
 -0.24698981 -0.23572529 -0.22432291 -0.21163885 -0.21508575 -0.2155388
 -0.2489692  -0.24520932 -0.23669011 -0.23524724 -0.22464712 -0.21777451
 -0.25317997 -0.208814   -0.19865492 -0.22689285 -0.20866849 -0.22776822
 -0.26763717 -0.23986681 -0.23713716 -0.22967615 -0.2340095  -0.21136894
 -0.23717161 -0.2529814  -0.22509114 -0.20162226 -0.20017124 -0.23455139
 -0.23074479 -0.25049814 -0.24405036 -0.24424123 -0.22269402 -0.23364421
 -0.2380668  -0.23385815 -0.22380355 -0.23885351 -0.23403511 -0.22493376
 -0.25034903 -0.23221715 -0.24608596 -0.21495689 -0.22936569 -0.21461069
 -0.21174836 -0.25786601 -0.22618117 -0.21708805 -0.21823466 -0.19977439
 -0.2268094  -0.25879548 -0.23639179 -0.21989822 -0.23386949 -0.21896915
 -0.22386929 -0.21052574]
delta_repeat-1
BLEU
[0.23231893 0.21140349 0.18192368 0.1752008  0.18267329 0.16607948
 0.21411668 0.16068703 0.20154015 0.19267404 0.17242154 0.14816697
 0.17574793 0.15192107 0.19283871 0.20250007 0.15825016 0.17936559
 0.15414557 0.14750998 0.22199881 0.15664245 0.17383748 0.1644933
 0.15608116 0.15456005 0.14751121 0.15953189 0.20298769 0.17219899
 0.18172599 0.17445673 0.20167139 0.10212429 0.18825406 0.14551263
 0.14177026 0.20548082 0.16330943 0.19289724 0.14713705 0.14267726
 0.18914145 0.16126809 0.13304125 0.14447438 0.24573761 0.17509311
 0.1496457  0.22201007 0.18793481 0.1764666  0.18436601 0.22316323
 0.16134115 0.21586577 0.13029061 0.18666063 0.25166778 0.20464711
 0.17965659 0.15669478 0.21604478 0.14859811 0.19608002 0.15396083
 0.23300769 0.15978873 0.1844139  0.19062806 0.18694704 0.21982096
 0.19326658 0.17833593 0.13788009 0.19422242 0.22092563 0.1712174
 0.19109149 0.12822168 0.17734432 0.16154945 0.14884223 0.18273279
 0.15311667 0.18158135 0.19574799 0.1928538  0.17873499 0.16659408
 0.19781364 0.24961152 0.20680643 0.17951828 0.17873792 0.17207703
 0.22028088 0.19799989 0.19375181 0.19730111 0.14518122 0.17375452
 0.2299946  0.15660123 0.14547098 0.18089592 0.17419501 0.18026946
 0.16335523 0.14656435 0.20841372 0.16302539 0.14229436 0.21385544
 0.16708087 0.15189739 0.15183449 0.18782452 0.14232921 0.18527969
 0.21260155 0.14806131 0.17995975 0.19066648 0.15179988 0.19970824
 0.17469889 0.19923011 0.20442464 0.21560575 0.20823387 0.18875272
 0.17749036 0.17670755 0.19933466 0.17109285 0.2084741  0.17541282
 0.18331774 0.18142331 0.1707472  0.19707447 0.18947925 0.1919517
 0.16936823 0.1912409  0.17011705 0.15259699 0.18906377 0.20620336
 0.15117287 0.19740617 0.2235854  0.19006109 0.16577755 0.18692621
 0.12563388 0.15632736 0.17497579 0.18670656 0.16747014 0.20177268
 0.18394822 0.18801587 0.2161932  0.22059168 0.20130356 0.13799346
 0.19701934 0.15906127 0.19629781 0.19429253 0.17642683 0.15369246
 0.17525848 0.15345361 0.18979561 0.16122618 0.18404105 0.18263446
 0.17782946 0.13790213 0.12959285 0.19101912 0.21959155 0.16534654
 0.21388945 0.15784588 0.19874041 0.20323801 0.21298613 0.23019561
 0.15495043 0.15415353 0.18194264 0.17539482 0.19144261 0.18396979
 0.20048779 0.19151283]
delta_repeat-1
METEOR
[0.19143564 0.16429673 0.16421537 0.15771161 0.14357535 0.15003175
 0.18328036 0.14549584 0.15474257 0.16079864 0.15699151 0.14254029
 0.16177976 0.1451434  0.1541375  0.14871429 0.13666076 0.17542112
 0.13399375 0.13293132 0.17685253 0.16624927 0.14749067 0.1409388
 0.14614798 0.15350548 0.12111816 0.14773207 0.16646384 0.15279214
 0.1358868  0.15948511 0.17553859 0.09289605 0.15754671 0.13118758
 0.13351712 0.18229403 0.16064641 0.1873658  0.11341312 0.12060851
 0.15613524 0.17217065 0.11594144 0.14284236 0.19166442 0.16117153
 0.1374825  0.17706392 0.17355525 0.15133593 0.15452593 0.17699018
 0.14647227 0.18837236 0.11443371 0.15596867 0.22060416 0.17608322
 0.16327391 0.13417966 0.19674593 0.12583236 0.18507653 0.14012684
 0.20337848 0.12057372 0.16327069 0.14404935 0.15120565 0.18818504
 0.15950577 0.17092054 0.14397819 0.16888477 0.18092674 0.14563689
 0.19559627 0.12165894 0.14024362 0.14639584 0.12983086 0.15105541
 0.14229315 0.15946811 0.19376357 0.15750942 0.16538778 0.15900662
 0.17317023 0.21161484 0.16155586 0.16715667 0.15769591 0.16558261
 0.19515762 0.19427996 0.16736557 0.16295696 0.12329132 0.13566171
 0.20274137 0.11380752 0.12021199 0.18708783 0.14138048 0.16082217
 0.14334266 0.13074248 0.20859887 0.14428693 0.12849334 0.16891206
 0.15019568 0.13693049 0.15291197 0.16237798 0.12480653 0.16966133
 0.16810241 0.13105533 0.16788352 0.16148095 0.13354653 0.18199077
 0.15767469 0.16530773 0.17991889 0.17909956 0.16585734 0.16632731
 0.14433396 0.16145133 0.17949414 0.14323327 0.17204122 0.16180731
 0.16149612 0.14006302 0.14199995 0.17811297 0.16244044 0.16194908
 0.14670981 0.18135093 0.12853374 0.14881314 0.15972456 0.17451454
 0.13545779 0.17663526 0.15847455 0.15700907 0.14711472 0.16560776
 0.12480488 0.16517617 0.14646289 0.15552532 0.15139878 0.19166563
 0.16217666 0.15267952 0.17579218 0.1815619  0.16933626 0.14066678
 0.16354836 0.14036856 0.17309972 0.15190336 0.14935929 0.13708031
 0.14596702 0.15288098 0.14496296 0.15573214 0.17312911 0.15155703
 0.15305389 0.13779648 0.11343973 0.16936614 0.18054198 0.15215484
 0.17915536 0.14956514 0.17783829 0.17459861 0.16895852 0.20132361
 0.1311227  0.14275859 0.16480108 0.16962544 0.16998611 0.15306502
 0.19121861 0.16551944]
delta_repeat-1
BERT
[0.80676866 0.80505055 0.79870504 0.7959446  0.80681777 0.799886
 0.8024516  0.80235535 0.80119157 0.8031687  0.79859906 0.8006604
 0.8075573  0.79424953 0.79827946 0.80084854 0.7960908  0.7958291
 0.800093   0.79511344 0.80795324 0.80217415 0.80013525 0.7998712
 0.7961593  0.8017691  0.7973911  0.8027367  0.8038816  0.7935323
 0.7915845  0.80272824 0.7990613  0.7962157  0.7997698  0.79785573
 0.79907066 0.8033013  0.8067685  0.80203116 0.7937841  0.7954776
 0.8061263  0.8002367  0.797209   0.7947711  0.8183763  0.80581826
 0.7971049  0.80445397 0.80382055 0.80098146 0.8012512  0.8038453
 0.8029405  0.8020119  0.7923043  0.80017006 0.8138049  0.8059782
 0.8024183  0.7931991  0.8046681  0.80327594 0.8040644  0.79238987
 0.8134454  0.7975293  0.8013188  0.80641687 0.80742747 0.80736256
 0.80589813 0.80080146 0.79418963 0.8010094  0.8079716  0.80306673
 0.80756694 0.79664326 0.7989592  0.79360265 0.79862875 0.8116255
 0.79899865 0.80252004 0.7970317  0.8121406  0.8021932  0.8030928
 0.8019111  0.8117741  0.80785686 0.8080182  0.79807246 0.7986369
 0.8029017  0.80947375 0.79880774 0.79767704 0.7980396  0.7997294
 0.8041004  0.79771495 0.79717237 0.8031533  0.80207986 0.7958521
 0.7939236  0.7964843  0.8066683  0.80057174 0.79452676 0.8094545
 0.79799855 0.795548   0.795499   0.8055781  0.796165   0.810959
 0.8081008  0.797557   0.79821265 0.8000112  0.79504615 0.7981425
 0.807866   0.8058337  0.80719805 0.79813004 0.7984996  0.80164987
 0.80500317 0.8004868  0.8043596  0.7949242  0.8073754  0.80086064
 0.8142765  0.8018105  0.7997539  0.8121644  0.80970633 0.7994837
 0.7935118  0.806468   0.7975018  0.806745   0.8004077  0.8045673
 0.79593825 0.7986674  0.8010574  0.7983707  0.7925133  0.7975314
 0.79285    0.7915231  0.8073316  0.7967224  0.8083985  0.8022594
 0.80361146 0.79786    0.8019422  0.8027489  0.8073795  0.8019025
 0.8064036  0.7984097  0.80059963 0.80674493 0.79730064 0.7903817
 0.79860485 0.7996442  0.8058691  0.8025389  0.8038219  0.79831094
 0.7922294  0.7982185  0.7962323  0.7996242  0.81119424 0.79321223
 0.8043971  0.79995126 0.8017206  0.8135199  0.804419   0.8164873
 0.80159044 0.79439116 0.798203   0.8070941  0.8016456  0.80080384
 0.7974069  0.8032743 ]
[nltk_data] Downloading package wordnet to /mnt/iusers01/fse-
[nltk_data]     ugpgt01/compsci01/q12628ct/nltk_data...
[nltk_data]   Package wordnet is already up-to-date!
[nltk_data] Downloading package punkt_tab to /mnt/iusers01/fse-
[nltk_data]     ugpgt01/compsci01/q12628ct/nltk_data...
[nltk_data]   Package punkt_tab is already up-to-date!
[nltk_data] Downloading package omw-1.4 to /mnt/iusers01/fse-
[nltk_data]     ugpgt01/compsci01/q12628ct/nltk_data...
[nltk_data]   Package omw-1.4 is already up-to-date!
/mnt/iusers01/fse-ugpgt01/compsci01/q12628ct/.conda/envs/semantic-decoding/lib/python3.10/site-packages/huggingface_hub/file_download.py:945: FutureWarning: `resume_download` is deprecated and will be removed in version 1.0.0. Downloads always resume when possible. If you want to force a new download, use `force_download=True`.
  warnings.warn(
Some weights of the model checkpoint at roberta-large were not used when initializing RobertaModel: ['lm_head.dense.weight', 'lm_head.dense.bias', 'lm_head.bias', 'lm_head.layer_norm.weight', 'lm_head.layer_norm.bias']
- This IS expected if you are initializing RobertaModel from the checkpoint of a model trained on another task or with another architecture (e.g. initializing a BertForSequenceClassification model from a BertForPreTraining model).
- This IS NOT expected if you are initializing RobertaModel from the checkpoint of a model that you expect to be exactly identical (initializing a BertForSequenceClassification model from a BertForSequenceClassification model).
Some weights of RobertaModel were not initialized from the model checkpoint at roberta-large and are newly initialized: ['roberta.pooler.dense.bias', 'roberta.pooler.dense.weight']
You should probably TRAIN this model on a down-stream task to be able to use it for predictions and inference.
delta_repeat-2
WER
[-0.27071419 -0.27590065 -0.27004236 -0.28900378 -0.28737143 -0.29792878
 -0.27335888 -0.29649877 -0.30341655 -0.28712694 -0.25983528 -0.25975505
 -0.2888751  -0.26654451 -0.27227197 -0.23930168 -0.28291264 -0.27470637
 -0.27558396 -0.27321001 -0.27041432 -0.26335767 -0.26114831 -0.26532828
 -0.26100772 -0.24784633 -0.23969608 -0.28906261 -0.30012443 -0.29765603
 -0.28286875 -0.26871055 -0.27765144 -0.2833782  -0.29416417 -0.28576203
 -0.25769406 -0.27388569 -0.25730143 -0.27316464 -0.28520907 -0.2972154
 -0.27396155 -0.28296072 -0.27319183 -0.2760542  -0.25338783 -0.26047313
 -0.26808961 -0.27791975 -0.26367409 -0.26949524 -0.2534066  -0.23451718
 -0.28582002 -0.27417567 -0.24492499 -0.27687784 -0.26157679 -0.22382021
 -0.28531287 -0.25413213 -0.26422435 -0.2657505  -0.24857622 -0.28631012
 -0.22766855 -0.26197252 -0.2936567  -0.24906272 -0.28635345 -0.27949434
 -0.27542615 -0.26056892 -0.25360876 -0.26815797 -0.24293444 -0.27200602
 -0.28993104 -0.26516358 -0.26459341 -0.27039632 -0.28702801 -0.28238826
 -0.30081852 -0.28086028 -0.26290662 -0.2793216  -0.26331506 -0.28327959
 -0.27470892 -0.28491719 -0.28639743 -0.25774518 -0.26591264 -0.2917683
 -0.29850556 -0.266686   -0.26185728 -0.27939969 -0.26872636 -0.27283663
 -0.25569686 -0.25337107 -0.2649472  -0.27676424 -0.25191025 -0.26970042
 -0.2669858  -0.27518164 -0.27282863 -0.27018848 -0.27654818 -0.2574108
 -0.25433312 -0.28069882 -0.26268512 -0.28616188 -0.25839105 -0.28402798
 -0.28055918 -0.26121763 -0.26132023 -0.26348666 -0.25568344 -0.27770186
 -0.25110718 -0.26575171 -0.2805997  -0.27018926 -0.27068306 -0.27120708
 -0.26471401 -0.24041176 -0.27636216 -0.28680002 -0.27193373 -0.29452671
 -0.23926145 -0.2692542  -0.26919818 -0.27127823 -0.25697539 -0.25318549
 -0.26446405 -0.27560368 -0.27012696 -0.28615811 -0.27885679 -0.30082092
 -0.25106149 -0.2810045  -0.27681506 -0.29052209 -0.28071455 -0.27003415
 -0.283367   -0.27174025 -0.27555056 -0.24847721 -0.25396807 -0.26956973
 -0.23015972 -0.29042134 -0.286419   -0.30218615 -0.31239057 -0.25696201
 -0.25532404 -0.29751288 -0.26882987 -0.30150332 -0.28414825 -0.26407263
 -0.2629782  -0.30341156 -0.25921899 -0.27398416 -0.26159495 -0.25477463
 -0.2739586  -0.23850639 -0.26190172 -0.27795883 -0.26321101 -0.27394882
 -0.28668419 -0.24526129 -0.26885333 -0.28370965 -0.26464012 -0.25027124
 -0.28421619 -0.25411696 -0.26277885 -0.29346675 -0.27112237 -0.28262401
 -0.28312113 -0.25308641]
delta_repeat-2
BLEU
[0.17623227 0.19346641 0.18730957 0.16648561 0.17048035 0.14911516
 0.18134429 0.14466866 0.13420528 0.12930837 0.18810834 0.1906797
 0.18357375 0.17652108 0.18524603 0.19875902 0.17634965 0.19565617
 0.20653894 0.19940522 0.19170659 0.18725581 0.20133617 0.21130743
 0.16124473 0.1709269  0.22132975 0.18242795 0.15005173 0.15317104
 0.18413399 0.17858267 0.14593581 0.15879805 0.15357208 0.16013352
 0.18845101 0.19372246 0.18650014 0.18116275 0.15981603 0.17011076
 0.18702545 0.17138053 0.16185877 0.1537521  0.20534045 0.18902911
 0.15698429 0.15065156 0.18475677 0.19002234 0.17074166 0.20881118
 0.17303542 0.17950716 0.1973043  0.15715738 0.20960675 0.21831249
 0.19010084 0.19098133 0.1444154  0.18721177 0.21238554 0.15697515
 0.23253333 0.17779001 0.17173207 0.18491839 0.13536974 0.18821029
 0.18160234 0.16597468 0.18728418 0.16520792 0.23687412 0.21574104
 0.16108847 0.17618871 0.17735568 0.19434273 0.17006307 0.16002349
 0.13810203 0.15427873 0.22956588 0.16088311 0.19452604 0.19544142
 0.17874513 0.16991437 0.15858154 0.17676973 0.20078589 0.13025221
 0.14285846 0.194887   0.17723528 0.20524664 0.17613081 0.19206911
 0.18662175 0.19997648 0.19278052 0.20214897 0.17957593 0.1772909
 0.17675765 0.17462988 0.18680001 0.18256445 0.12347318 0.21980635
 0.19076924 0.17239846 0.19271803 0.15137973 0.19400586 0.14627803
 0.17606688 0.19551719 0.16148981 0.19215253 0.19469617 0.17594579
 0.16031347 0.16431414 0.15343416 0.18041952 0.19751682 0.16634523
 0.17850399 0.21794173 0.19218792 0.16538396 0.19575698 0.14168673
 0.22714727 0.18102863 0.17961649 0.16923225 0.18641055 0.21471374
 0.18606377 0.13719707 0.17646722 0.16911304 0.16717903 0.13654961
 0.18446391 0.16897238 0.16280702 0.15082479 0.14835228 0.14645973
 0.14038993 0.17340635 0.17795635 0.20179755 0.183883   0.16994709
 0.20813881 0.16947638 0.17399136 0.12461921 0.15956997 0.1837707
 0.19324187 0.15130572 0.20022808 0.15572291 0.18189278 0.1933171
 0.19584788 0.14932631 0.17497979 0.20384987 0.19417744 0.20615799
 0.18819309 0.1987649  0.21011873 0.18820582 0.18498394 0.17814119
 0.12971129 0.19574049 0.19705558 0.19128187 0.2046854  0.18202478
 0.18279452 0.18376863 0.19541261 0.14203727 0.18861796 0.15093403
 0.15445144 0.16895715]
delta_repeat-2
METEOR
[0.17168707 0.16941078 0.16440583 0.13857496 0.14024401 0.16100569
 0.15385792 0.1393074  0.12660834 0.12804514 0.17277271 0.13690705
 0.15865076 0.15866136 0.17951346 0.17899011 0.15824031 0.17683629
 0.17532422 0.17535711 0.17986368 0.16494482 0.17670199 0.17628556
 0.15600756 0.14931452 0.21424704 0.14755222 0.1537441  0.14105248
 0.17264202 0.14227461 0.14888772 0.15986805 0.1536698  0.14298263
 0.18796407 0.16639647 0.17641166 0.18196212 0.15512841 0.15710996
 0.15757336 0.13925702 0.16246138 0.14504568 0.15808923 0.15319639
 0.14269981 0.13923453 0.18667549 0.17417496 0.16954839 0.16913779
 0.13720119 0.17930899 0.18638116 0.14396057 0.17408418 0.17527013
 0.17323035 0.17226337 0.14368753 0.15711245 0.18297954 0.1499279
 0.19445906 0.16648003 0.16232553 0.17418505 0.12749258 0.18350861
 0.16126691 0.15127433 0.17036773 0.1515301  0.23335213 0.18088392
 0.15447235 0.14775197 0.16106313 0.17456146 0.14162692 0.15031294
 0.11761529 0.13734707 0.21090467 0.1548698  0.1761949  0.19047731
 0.16164285 0.14797879 0.14046958 0.16455787 0.18413102 0.10799756
 0.13614175 0.17201047 0.16201761 0.16965736 0.17304457 0.18385785
 0.15803539 0.15970091 0.163265   0.17292732 0.15611109 0.14704682
 0.16850801 0.15837374 0.16505916 0.16589273 0.12655573 0.19942233
 0.19269148 0.15158298 0.15971657 0.15032288 0.16312762 0.14081591
 0.17120364 0.1892734  0.14832721 0.16709303 0.17083409 0.16195074
 0.14275399 0.15706937 0.15065886 0.15260255 0.16698966 0.14149321
 0.16166064 0.1866684  0.1576293  0.15144825 0.19169569 0.14469347
 0.19325479 0.15227088 0.16094193 0.16556914 0.16477613 0.18503483
 0.16486892 0.12748232 0.15786771 0.15274892 0.16388474 0.1191797
 0.17084625 0.16358554 0.14975655 0.14105623 0.13067882 0.15527742
 0.12842883 0.16480337 0.15626344 0.17008818 0.14326276 0.16529003
 0.15886349 0.15848284 0.15843958 0.11696083 0.14456679 0.15028259
 0.19046976 0.15071187 0.17205593 0.14861296 0.17177434 0.20231732
 0.19012956 0.12482612 0.16862604 0.19144901 0.16966523 0.18960927
 0.16024811 0.17195287 0.16198574 0.16223349 0.15506676 0.15885363
 0.13334931 0.17031087 0.15102631 0.16477532 0.17949181 0.16216094
 0.17912713 0.15235052 0.17539144 0.13225994 0.14490105 0.14687953
 0.13051936 0.16259623]
delta_repeat-2
BERT
[0.8019183  0.8044109  0.8003948  0.8003195  0.79584    0.7979516
 0.80019546 0.79646844 0.79425514 0.79398364 0.8000269  0.80384666
 0.80807906 0.80000573 0.80276036 0.80447006 0.80146724 0.80909944
 0.8049663  0.79496115 0.8071904  0.8071425  0.81343067 0.80640864
 0.7993195  0.793842   0.809815   0.80444205 0.79725045 0.7918637
 0.79870176 0.7966574  0.796391   0.79543555 0.79829776 0.80120754
 0.7986928  0.8006416  0.8021474  0.8102296  0.79926884 0.80272275
 0.8024758  0.80076283 0.801757   0.79940194 0.80669457 0.80203366
 0.7972561  0.79718745 0.8034131  0.8023675  0.79998875 0.8098052
 0.80420554 0.80443287 0.8016818  0.8018857  0.80968076 0.8078164
 0.8025107  0.80602145 0.80067295 0.7968211  0.81053776 0.80174917
 0.80799764 0.79449916 0.79855084 0.8018086  0.7958661  0.7970682
 0.80657566 0.80622137 0.79887205 0.79953235 0.8148945  0.80392593
 0.79525125 0.8009773  0.80298114 0.8007735  0.8000452  0.79691666
 0.7965267  0.7935885  0.80934364 0.80029696 0.8005588  0.7979688
 0.79803234 0.79650766 0.8008721  0.8017386  0.8032129  0.79557437
 0.7975967  0.8063839  0.803251   0.8048239  0.7972248  0.8004893
 0.798742   0.8023221  0.80209464 0.80379987 0.8076792  0.8066121
 0.80097246 0.7950557  0.8015359  0.80988955 0.79232144 0.8086032
 0.7995664  0.8039667  0.7971773  0.8018785  0.80417037 0.7973794
 0.8083805  0.80920726 0.7990383  0.8014705  0.80569494 0.79967993
 0.80104077 0.7916019  0.7953146  0.80325466 0.8042865  0.79577005
 0.7973888  0.80678207 0.809371   0.79745936 0.80175495 0.79471374
 0.80520415 0.80546105 0.8003406  0.7941702  0.80399567 0.8051048
 0.8020832  0.79650563 0.81149644 0.7958197  0.7980532  0.7945223
 0.80776644 0.80005217 0.79781425 0.7997024  0.792747   0.803767
 0.7948162  0.7949826  0.8039491  0.7968936  0.8062578  0.80001926
 0.8119705  0.799708   0.8007629  0.79244596 0.7948048  0.80066
 0.8045523  0.7983791  0.794321   0.8027239  0.7993889  0.8097974
 0.80597717 0.7940672  0.8010841  0.80745083 0.8011402  0.8025831
 0.8056919  0.8114682  0.8035987  0.8021201  0.80170685 0.80634
 0.79680085 0.7912147  0.80148214 0.7975286  0.79821956 0.79846585
 0.8014807  0.8057951  0.80154455 0.7936496  0.80225307 0.7908144
 0.80107117 0.80185235]
[nltk_data] Downloading package wordnet to /mnt/iusers01/fse-
[nltk_data]     ugpgt01/compsci01/q12628ct/nltk_data...
[nltk_data]   Package wordnet is already up-to-date!
[nltk_data] Downloading package punkt_tab to /mnt/iusers01/fse-
[nltk_data]     ugpgt01/compsci01/q12628ct/nltk_data...
[nltk_data]   Package punkt_tab is already up-to-date!
[nltk_data] Downloading package omw-1.4 to /mnt/iusers01/fse-
[nltk_data]     ugpgt01/compsci01/q12628ct/nltk_data...
[nltk_data]   Package omw-1.4 is already up-to-date!
/mnt/iusers01/fse-ugpgt01/compsci01/q12628ct/.conda/envs/semantic-decoding/lib/python3.10/site-packages/huggingface_hub/file_download.py:945: FutureWarning: `resume_download` is deprecated and will be removed in version 1.0.0. Downloads always resume when possible. If you want to force a new download, use `force_download=True`.
  warnings.warn(
Some weights of the model checkpoint at roberta-large were not used when initializing RobertaModel: ['lm_head.layer_norm.bias', 'lm_head.bias', 'lm_head.dense.bias', 'lm_head.dense.weight', 'lm_head.layer_norm.weight']
- This IS expected if you are initializing RobertaModel from the checkpoint of a model trained on another task or with another architecture (e.g. initializing a BertForSequenceClassification model from a BertForPreTraining model).
- This IS NOT expected if you are initializing RobertaModel from the checkpoint of a model that you expect to be exactly identical (initializing a BertForSequenceClassification model from a BertForSequenceClassification model).
Some weights of RobertaModel were not initialized from the model checkpoint at roberta-large and are newly initialized: ['roberta.pooler.dense.bias', 'roberta.pooler.dense.weight']
You should probably TRAIN this model on a down-stream task to be able to use it for predictions and inference.
echo_repeat-1
WER
[-0.06722423 -0.07130039 -0.05491143 -0.0793254  -0.08108126 -0.07664749
 -0.07026421 -0.06845635 -0.04949174 -0.0509095  -0.08887027 -0.06145854
 -0.06549869 -0.05945179 -0.0471241  -0.06376006 -0.07732443 -0.06874489
 -0.05481825 -0.07737301 -0.06125567 -0.06670638 -0.0620694  -0.05640542
 -0.06430087 -0.06451483 -0.04949682 -0.0389288  -0.05941175 -0.06166451
 -0.06419357 -0.06040473 -0.06465733 -0.05842982 -0.06197831 -0.05810153
 -0.03886021 -0.0638222  -0.06021661 -0.06759249 -0.06743577 -0.06270462
 -0.07050782 -0.06769327 -0.05487161 -0.07569821 -0.06454185 -0.07046228
 -0.08276381 -0.06885826 -0.05376581 -0.04932902 -0.05853719 -0.05785443
 -0.0655176  -0.05349172 -0.05706232 -0.06400727 -0.06346002 -0.06258368
 -0.07674414 -0.06216998 -0.03282862 -0.06412311 -0.05756939 -0.07127699
 -0.06871028 -0.06168788 -0.06028696 -0.06530342 -0.06582112 -0.06344179
 -0.06931924 -0.07243714 -0.04562441 -0.06974689 -0.06029074 -0.0666219
 -0.06590736 -0.08113975 -0.06619669 -0.05619408 -0.07037068 -0.04178385
 -0.04197988 -0.05585705 -0.07236999 -0.05499945 -0.05143686 -0.06017791
 -0.06714006 -0.05019181 -0.07520877 -0.06487367 -0.0648045  -0.0413781
 -0.07041569 -0.06770302 -0.06676887 -0.07756633 -0.06305001 -0.07031832
 -0.07373719 -0.07236107 -0.07164652 -0.04135158 -0.05572656 -0.06565157
 -0.05651962 -0.03659654 -0.04353163 -0.06461732 -0.04498143 -0.06027742
 -0.06470964 -0.04499924 -0.06604794 -0.07087733 -0.06562394 -0.05288262
 -0.07484193 -0.05027956 -0.07334684 -0.07852151 -0.06552233 -0.05828081
 -0.07355124 -0.03085828 -0.06709992 -0.04322625 -0.06847551 -0.06906547
 -0.06179436 -0.05777307 -0.06147353 -0.06386369 -0.06917056 -0.05413963
 -0.04091933 -0.07015791 -0.07150923 -0.06994796 -0.06636206 -0.047151
 -0.06684659 -0.05485423 -0.04228491 -0.0721123  -0.0588683  -0.06045983
 -0.07148473 -0.06390091 -0.06403015 -0.06415368 -0.07711076 -0.07351938
 -0.06236875 -0.08038186 -0.07329385 -0.05772411 -0.07027344 -0.06947275
 -0.06317031 -0.07308701 -0.07589054 -0.06175497 -0.05992081 -0.05286289
 -0.04864744 -0.07493237 -0.05299173 -0.05892271 -0.05825951 -0.0453951
 -0.06222538 -0.05303384 -0.05493788 -0.05621385 -0.06249159 -0.05448625
 -0.05729643 -0.06203618 -0.04998113 -0.05689581 -0.05642949 -0.0721585
 -0.04920563 -0.04684982 -0.05551503 -0.06509799 -0.07402935 -0.06293214
 -0.06498525 -0.07883074 -0.05946447 -0.06463605 -0.06271133 -0.05669601
 -0.06957812 -0.04206309]
echo_repeat-1
BLEU
[0.17663325 0.14266765 0.17697695 0.15899889 0.13934136 0.13635948
 0.16030355 0.14407166 0.17209195 0.16484199 0.14472475 0.15242701
 0.13241443 0.15708208 0.18356797 0.16902015 0.13137288 0.16007499
 0.16644777 0.16354256 0.17105196 0.13851764 0.18618408 0.16692159
 0.161961   0.16287253 0.21273365 0.17631618 0.1811531  0.16387472
 0.15635216 0.14583508 0.14402021 0.17110411 0.14851502 0.17408058
 0.15061735 0.18093291 0.1719956  0.13666866 0.14720072 0.13850761
 0.17003305 0.14196659 0.19869151 0.15674427 0.16038319 0.13315528
 0.1489605  0.18706105 0.16978503 0.1800487  0.15695507 0.15421623
 0.16707148 0.14439174 0.14663981 0.16232209 0.15310757 0.19097129
 0.12735632 0.17118412 0.19399787 0.15881275 0.14068481 0.12381101
 0.1583665  0.14680467 0.13817023 0.15256333 0.14926164 0.15324838
 0.13755919 0.1447194  0.19149848 0.16067902 0.18489714 0.12052608
 0.15616531 0.16788676 0.15652973 0.19154057 0.1641935  0.16725113
 0.16591651 0.16144513 0.13965828 0.15459515 0.18236881 0.17712065
 0.15457808 0.14414072 0.14941382 0.15997783 0.11981873 0.1651125
 0.13154008 0.14054645 0.1440145  0.14324672 0.14572322 0.15602406
 0.13185744 0.14522492 0.13755269 0.17071356 0.17135084 0.16104965
 0.18693145 0.2018212  0.1799734  0.17117224 0.19986022 0.18120012
 0.15116133 0.13343877 0.16813083 0.14321251 0.19095144 0.19582684
 0.17385076 0.19625035 0.14516325 0.14444957 0.10914373 0.17007241
 0.15493235 0.21826581 0.14567769 0.18560923 0.16638715 0.159508
 0.15984683 0.14594336 0.17913873 0.15453212 0.12157536 0.18402346
 0.18072076 0.18576793 0.1267767  0.18757505 0.1523698  0.18972447
 0.15053534 0.14706483 0.18964957 0.14651686 0.1631513  0.18127601
 0.15022787 0.15127487 0.18179583 0.17177493 0.14168012 0.15401018
 0.14475931 0.10962931 0.16714595 0.15959974 0.14846842 0.17934202
 0.18001409 0.12952943 0.13204    0.15019369 0.16449796 0.15442648
 0.19497337 0.14783123 0.16297537 0.17860385 0.1542802  0.1762176
 0.14458488 0.14313627 0.18485945 0.1274188  0.17228911 0.15902037
 0.18678932 0.18864246 0.15722075 0.178065   0.18413784 0.15266495
 0.16785009 0.18254942 0.17984625 0.1569091  0.14762203 0.19033764
 0.15345758 0.14441434 0.15473928 0.14004218 0.16878507 0.21034413
 0.13629017 0.17405349]
echo_repeat-1
METEOR
[0.11306753 0.10995525 0.10552504 0.10646237 0.09858894 0.10149601
 0.10846739 0.11839166 0.1384291  0.11237195 0.09159307 0.09946612
 0.10708222 0.10884376 0.12268293 0.1055695  0.08898885 0.10982085
 0.09714376 0.12091923 0.12038152 0.101506   0.1376618  0.11878063
 0.10734305 0.10762223 0.12712593 0.12244112 0.10623087 0.10734242
 0.11202054 0.09578539 0.09552739 0.11100147 0.09156386 0.11650543
 0.09941517 0.1216728  0.100728   0.10374142 0.09827688 0.08683171
 0.11155434 0.08418163 0.12162107 0.10737633 0.09954844 0.0970873
 0.11365016 0.12525126 0.113355   0.11566157 0.10782443 0.10398479
 0.11352776 0.09121915 0.11437072 0.10551054 0.09524385 0.13840524
 0.08188798 0.10918302 0.12876804 0.09774806 0.09680003 0.09186344
 0.10913768 0.11559787 0.08918971 0.10028309 0.10758203 0.10372893
 0.09320735 0.09767014 0.13291105 0.10758174 0.12660121 0.0910434
 0.0963426  0.11499969 0.10181659 0.11372735 0.11133778 0.11104791
 0.11022103 0.1165406  0.10526277 0.10928824 0.11846613 0.12074793
 0.10147314 0.09402994 0.09710304 0.124216   0.08466899 0.11666484
 0.09973747 0.0973367  0.09072307 0.09697971 0.09543278 0.10701815
 0.08748311 0.10289199 0.08819567 0.09877356 0.11511959 0.1034758
 0.12525627 0.12733706 0.12877004 0.11878069 0.13920019 0.11361089
 0.09474426 0.09015892 0.104784   0.09852337 0.12298138 0.13523926
 0.11236812 0.12198638 0.08618056 0.12470351 0.09182021 0.11990947
 0.12397159 0.13918567 0.103702   0.11151256 0.12325407 0.10120035
 0.1176921  0.10153482 0.12799446 0.10192293 0.07888293 0.12549564
 0.11593963 0.11694252 0.0785882  0.13373811 0.09958575 0.11711928
 0.09736684 0.10733229 0.12799439 0.09183697 0.11501108 0.10944811
 0.10307454 0.11414577 0.12218083 0.11139731 0.10437515 0.10446078
 0.10526135 0.08316176 0.11810004 0.11367424 0.09328597 0.10422212
 0.11501212 0.08433338 0.08102731 0.11251369 0.11994308 0.11858901
 0.12058657 0.10361384 0.12011298 0.11759502 0.10582172 0.11681906
 0.11894778 0.10102863 0.12433842 0.08102594 0.11581833 0.09876362
 0.11735526 0.12453902 0.10449863 0.11964754 0.11155034 0.09982939
 0.10242294 0.12261076 0.11658285 0.10572243 0.08796876 0.12460687
 0.11264169 0.10920739 0.11876505 0.09994063 0.11228893 0.15139093
 0.08842247 0.12221178]
echo_repeat-1
BERT
[0.78475624 0.780489   0.7805775  0.7805846  0.7761048  0.7783538
 0.77875036 0.7813512  0.7856563  0.7788977  0.78208274 0.779913
 0.7795979  0.7811429  0.779856   0.7878275  0.7857688  0.7805198
 0.7814895  0.78010017 0.7814689  0.7825447  0.78422767 0.7855744
 0.7758281  0.7817192  0.7814311  0.7831982  0.7818638  0.78054714
 0.78513753 0.7788781  0.7791915  0.78529936 0.7816862  0.78422034
 0.78158337 0.7808879  0.78335786 0.7783234  0.7796001  0.78137624
 0.78427255 0.78088695 0.78136283 0.7856258  0.78336334 0.78010577
 0.7817398  0.78650934 0.78145736 0.78341496 0.7805604  0.78006035
 0.7806222  0.7834136  0.7806779  0.78204113 0.78160995 0.78933746
 0.77953935 0.7823518  0.78324455 0.77606416 0.7828998  0.7830429
 0.7845295  0.7804463  0.78124666 0.78303343 0.78318965 0.7801398
 0.77837074 0.78090185 0.7816818  0.7840846  0.78056735 0.7776995
 0.7864966  0.78032994 0.7828986  0.78356653 0.7798416  0.7811261
 0.7806319  0.7864488  0.7807909  0.7790533  0.78010386 0.7882564
 0.7770814  0.7813062  0.7781229  0.7851702  0.78511447 0.7856258
 0.78436875 0.7824773  0.78284144 0.7822164  0.7807568  0.78128165
 0.778157   0.77908295 0.7808009  0.77795815 0.78284705 0.77928644
 0.78673273 0.78464174 0.78181785 0.78401494 0.78491175 0.7827624
 0.78445846 0.78063405 0.7848268  0.7796014  0.7844709  0.7837275
 0.7826916  0.78485584 0.781554   0.77869296 0.7813361  0.7807421
 0.7774298  0.78012806 0.7782206  0.7811671  0.7784732  0.7842192
 0.78652155 0.7822224  0.78706706 0.78109974 0.7790595  0.7816792
 0.7863506  0.77914566 0.7795937  0.78174645 0.78012615 0.78429615
 0.78617656 0.7777586  0.78498673 0.77999806 0.7807211  0.7836673
 0.78109723 0.7785978  0.7862194  0.7816789  0.7813268  0.77766097
 0.78064066 0.7769662  0.7832754  0.7811153  0.7821385  0.77733034
 0.7814829  0.7773316  0.7786662  0.78195506 0.77697784 0.7808924
 0.78491277 0.7774363  0.7782128  0.78402746 0.78392166 0.78289276
 0.78434724 0.78059334 0.7805081  0.78021246 0.7832907  0.7822669
 0.7854779  0.78297955 0.7814773  0.7849365  0.78278804 0.7809356
 0.78750247 0.7787198  0.7829094  0.7834254  0.7820309  0.78166926
 0.78056324 0.783031   0.7808287  0.7846094  0.785658   0.7830617
 0.77714    0.7799718 ]
[nltk_data] Downloading package wordnet to /mnt/iusers01/fse-
[nltk_data]     ugpgt01/compsci01/q12628ct/nltk_data...
[nltk_data]   Package wordnet is already up-to-date!
[nltk_data] Downloading package punkt_tab to /mnt/iusers01/fse-
[nltk_data]     ugpgt01/compsci01/q12628ct/nltk_data...
[nltk_data]   Package punkt_tab is already up-to-date!
[nltk_data] Downloading package omw-1.4 to /mnt/iusers01/fse-
[nltk_data]     ugpgt01/compsci01/q12628ct/nltk_data...
[nltk_data]   Package omw-1.4 is already up-to-date!
/mnt/iusers01/fse-ugpgt01/compsci01/q12628ct/.conda/envs/semantic-decoding/lib/python3.10/site-packages/huggingface_hub/file_download.py:945: FutureWarning: `resume_download` is deprecated and will be removed in version 1.0.0. Downloads always resume when possible. If you want to force a new download, use `force_download=True`.
  warnings.warn(
Some weights of the model checkpoint at roberta-large were not used when initializing RobertaModel: ['lm_head.layer_norm.weight', 'lm_head.bias', 'lm_head.layer_norm.bias', 'lm_head.dense.bias', 'lm_head.dense.weight']
- This IS expected if you are initializing RobertaModel from the checkpoint of a model trained on another task or with another architecture (e.g. initializing a BertForSequenceClassification model from a BertForPreTraining model).
- This IS NOT expected if you are initializing RobertaModel from the checkpoint of a model that you expect to be exactly identical (initializing a BertForSequenceClassification model from a BertForSequenceClassification model).
Some weights of RobertaModel were not initialized from the model checkpoint at roberta-large and are newly initialized: ['roberta.pooler.dense.bias', 'roberta.pooler.dense.weight']
You should probably TRAIN this model on a down-stream task to be able to use it for predictions and inference.
echo_repeat-2
WER
[-0.09564631 -0.08648269 -0.10278828 -0.12480673 -0.1122188  -0.11566846
 -0.1292462  -0.09865139 -0.12559453 -0.1154182  -0.12054553 -0.10317874
 -0.11535801 -0.08182856 -0.1124608  -0.11775421 -0.11652427 -0.113967
 -0.11006632 -0.10064034 -0.10820275 -0.12175239 -0.09993167 -0.11584381
 -0.11740169 -0.11315653 -0.11151303 -0.11663087 -0.11140009 -0.09830071
 -0.10205797 -0.11466151 -0.12066107 -0.13983169 -0.10400281 -0.09836552
 -0.09770564 -0.12526892 -0.11593691 -0.11765061 -0.11723145 -0.10980861
 -0.10986054 -0.10780022 -0.10514193 -0.1114572  -0.11280601 -0.10412108
 -0.10032121 -0.1139487  -0.10419591 -0.12395854 -0.1240608  -0.11040837
 -0.11434866 -0.10578982 -0.12706831 -0.11733928 -0.11815791 -0.11878244
 -0.10362519 -0.10068747 -0.12037909 -0.10522951 -0.10851984 -0.12018474
 -0.10604641 -0.12493795 -0.12127141 -0.12562459 -0.11767307 -0.11567005
 -0.11649659 -0.10145055 -0.1240899  -0.12995514 -0.10479564 -0.11669793
 -0.11502058 -0.13065286 -0.10059356 -0.1248697  -0.11170956 -0.12757652
 -0.11526519 -0.11998232 -0.10920656 -0.09820004 -0.10480547 -0.10741584
 -0.12628533 -0.08907359 -0.10489019 -0.11081995 -0.08814977 -0.10877814
 -0.12658919 -0.11435692 -0.12359949 -0.12312445 -0.11543348 -0.11364844
 -0.08979145 -0.10416967 -0.12159224 -0.115668   -0.10145896 -0.11824995
 -0.11881067 -0.12795431 -0.10059177 -0.11294767 -0.12414789 -0.1089135
 -0.09491797 -0.10796971 -0.09362823 -0.11266225 -0.11375592 -0.11658546
 -0.10974074 -0.11351094 -0.11801112 -0.10236746 -0.09477147 -0.11214007
 -0.10821353 -0.09942747 -0.1183447  -0.09703051 -0.09550196 -0.11978388
 -0.11614641 -0.09722699 -0.11576764 -0.09334528 -0.08858169 -0.0842156
 -0.11579528 -0.10563481 -0.10715891 -0.099392   -0.11031057 -0.10026505
 -0.10444179 -0.1252743  -0.12082605 -0.12138731 -0.1192492  -0.10831845
 -0.11122542 -0.11089066 -0.12286879 -0.10247816 -0.08748918 -0.11223683
 -0.11572981 -0.10694305 -0.102055   -0.1174005  -0.09151917 -0.13006965
 -0.10081844 -0.11260188 -0.12568648 -0.11285076 -0.13000316 -0.13267473
 -0.13519338 -0.10709479 -0.10624126 -0.11835103 -0.10847184 -0.10463226
 -0.10317073 -0.10998215 -0.11983946 -0.11622447 -0.10513903 -0.09389767
 -0.11424559 -0.12394074 -0.11427553 -0.10753211 -0.10958288 -0.11549754
 -0.1136105  -0.10334842 -0.11943808 -0.13168149 -0.11587349 -0.09246011
 -0.08480454 -0.1281249  -0.12098166 -0.10432622 -0.10692934 -0.10814046
 -0.12534711 -0.11496782]
echo_repeat-2
BLEU
[0.17460749 0.17566017 0.17995969 0.13767784 0.1395691  0.1396736
 0.15438303 0.17888953 0.1245431  0.17296869 0.15272598 0.14333846
 0.17161268 0.17095578 0.15948585 0.12179833 0.13281499 0.15768111
 0.16045326 0.19263303 0.14658401 0.11869526 0.15478492 0.12871607
 0.16128472 0.13744198 0.14829489 0.2047429  0.16561964 0.15411493
 0.13802221 0.17420776 0.17524137 0.13121964 0.16410956 0.1653665
 0.17555585 0.15403771 0.16716853 0.13339473 0.1510148  0.189985
 0.15907096 0.14559397 0.14883747 0.16754926 0.16913196 0.1390789
 0.15717685 0.12213118 0.15806102 0.12912388 0.15400869 0.16334881
 0.18456327 0.15662358 0.14522225 0.18764387 0.14053562 0.19510854
 0.12499955 0.16918325 0.17461722 0.18292284 0.14565061 0.13836398
 0.15880104 0.17932346 0.14566555 0.14037076 0.11654985 0.20266863
 0.16248988 0.16538595 0.15196163 0.13088159 0.17368078 0.14843132
 0.13624965 0.16193516 0.1628466  0.13125413 0.14208152 0.12477176
 0.13847279 0.18020885 0.16041112 0.15922927 0.17338739 0.16044475
 0.14881518 0.17050668 0.1530188  0.17209695 0.16719742 0.14386476
 0.15640858 0.14149789 0.15878621 0.14484825 0.13476459 0.18859953
 0.18166024 0.14628392 0.17240698 0.13671698 0.15384249 0.16828033
 0.13387759 0.14902164 0.20345528 0.15389746 0.14094295 0.1733249
 0.17124582 0.18686568 0.18316545 0.17738585 0.15035983 0.16820088
 0.16202421 0.14949582 0.16319271 0.16341597 0.16076092 0.15000706
 0.16190492 0.15957105 0.12640919 0.14612825 0.18709493 0.14062095
 0.15966548 0.18225469 0.15416706 0.16010287 0.17074728 0.17002234
 0.15179988 0.18884332 0.15615935 0.16755647 0.1480054  0.17652777
 0.19819367 0.14642473 0.11486056 0.13526469 0.12206419 0.16286446
 0.19263415 0.14314243 0.15656146 0.15637972 0.18113502 0.14607028
 0.10695115 0.15765012 0.17248941 0.16100311 0.19359243 0.14269338
 0.1690712  0.17089293 0.14615116 0.17222726 0.15609962 0.14238315
 0.13784821 0.16715481 0.2225193  0.15783782 0.16181047 0.17872164
 0.18130956 0.14975971 0.15340351 0.13610192 0.16253322 0.17730222
 0.15987419 0.15456399 0.15999987 0.16775232 0.16369664 0.1744609
 0.14686326 0.14348071 0.14595155 0.1477227  0.14529641 0.17161726
 0.17650414 0.11535825 0.13783931 0.122643   0.13202091 0.17107899
 0.14853925 0.17713506]
echo_repeat-2
METEOR
[0.11450976 0.14077225 0.13840225 0.10375159 0.10293452 0.08782541
 0.10467743 0.11293326 0.1027255  0.12466229 0.09807962 0.09728464
 0.11746705 0.10774333 0.11190715 0.08115202 0.10013563 0.11151259
 0.10904412 0.13862858 0.10639742 0.09806923 0.11222321 0.09020687
 0.1126806  0.08916004 0.09093527 0.13572272 0.11746631 0.10036239
 0.09883873 0.1118069  0.13732294 0.08942544 0.126414   0.10501676
 0.12538964 0.11444814 0.11243024 0.09949967 0.11076298 0.14720313
 0.10371355 0.09993193 0.10878646 0.11749074 0.10816867 0.10479003
 0.10119658 0.08623675 0.11366622 0.09478473 0.10182861 0.10942851
 0.12579375 0.10705973 0.09807546 0.13136346 0.09939611 0.14112599
 0.10025008 0.10671937 0.14705699 0.13332378 0.11743072 0.0979814
 0.12721577 0.12232717 0.11418228 0.105697   0.08860816 0.13386039
 0.10334769 0.11410318 0.11564867 0.09793934 0.11140263 0.10970552
 0.0979536  0.12740386 0.12838235 0.09916274 0.10212393 0.08938111
 0.10132267 0.12399915 0.11371078 0.1134964  0.13041125 0.1177089
 0.1008067  0.11563883 0.10480523 0.11594546 0.12081109 0.10329635
 0.11309846 0.09435341 0.12134583 0.1066379  0.09687068 0.12528971
 0.11960499 0.10414183 0.12645543 0.10331116 0.10418162 0.13218207
 0.09049072 0.10956696 0.13430729 0.11912849 0.08886099 0.12162667
 0.10951118 0.14272923 0.11352619 0.11485576 0.10465605 0.11492448
 0.11016677 0.11517788 0.10404376 0.11460718 0.10742171 0.1037331
 0.1258373  0.11653378 0.09106898 0.10353253 0.13488504 0.11412312
 0.10665809 0.11173149 0.11862019 0.11619052 0.13055218 0.12666352
 0.10596236 0.1427141  0.12028602 0.11086446 0.10640182 0.11896211
 0.13448675 0.10233397 0.0951294  0.09228544 0.09635782 0.10977945
 0.12523262 0.10051287 0.11716301 0.12647    0.13951037 0.09494249
 0.08319487 0.11256201 0.11027434 0.11788876 0.13100466 0.11313529
 0.10339508 0.12372269 0.10767861 0.11808252 0.10849583 0.10296018
 0.10366427 0.11046329 0.15630127 0.1099687  0.10678339 0.10831973
 0.11886669 0.11620842 0.10104769 0.11403956 0.10642057 0.12250762
 0.10346027 0.11036398 0.11855295 0.12817343 0.11194116 0.11738122
 0.09946069 0.09922277 0.11861595 0.09524207 0.09155522 0.11962696
 0.12176145 0.09721888 0.10627599 0.090098   0.10951457 0.11733779
 0.11241739 0.12410931]
echo_repeat-2
BERT
[0.7784278  0.7866042  0.7809263  0.78209144 0.78334945 0.78019696
 0.7823375  0.77832264 0.784173   0.78231245 0.78168243 0.78225756
 0.77978224 0.78149676 0.7808959  0.7801459  0.77971876 0.77861845
 0.78133    0.7827329  0.7785659  0.7784827  0.78142345 0.77653635
 0.7812619  0.77710974 0.7777434  0.78424805 0.78271717 0.7842934
 0.7825751  0.78376985 0.7817416  0.7798326  0.78151274 0.78457046
 0.7831161  0.78015125 0.77895766 0.77785784 0.78151685 0.7818015
 0.7770617  0.779868   0.78161037 0.7824034  0.7828626  0.77534926
 0.7805008  0.78114885 0.7830779  0.7788263  0.7815023  0.7795062
 0.782984   0.78389424 0.7801807  0.7864328  0.782954   0.78545094
 0.7776458  0.7798231  0.78147686 0.77921945 0.7803903  0.78313875
 0.77695113 0.7805039  0.7813533  0.78155124 0.7801043  0.78153545
 0.779068   0.78060246 0.78259957 0.77888936 0.7804937  0.78191787
 0.78426147 0.77687955 0.7796874  0.7841714  0.7788162  0.7827031
 0.78357136 0.7792792  0.78395444 0.77927774 0.78877974 0.78026587
 0.779803   0.7836987  0.7810687  0.78134465 0.7805934  0.7825233
 0.77847826 0.77988    0.779435   0.7808364  0.7816983  0.78310114
 0.78167504 0.785982   0.78154707 0.7805285  0.782472   0.77813256
 0.77923304 0.779358   0.78349376 0.78224045 0.7839314  0.7794166
 0.78106654 0.78271914 0.7847728  0.7823928  0.7787092  0.77926964
 0.77982754 0.7808311  0.7794169  0.7822156  0.7817043  0.77978647
 0.78132117 0.7882609  0.78002477 0.78072685 0.7815512  0.78066623
 0.7839655  0.7797133  0.7839496  0.78204876 0.78313315 0.78051406
 0.7803314  0.7860285  0.7770505  0.78358805 0.78075224 0.78266925
 0.78683054 0.7788186  0.7823962  0.77940726 0.7790779  0.78345436
 0.7873578  0.78466135 0.7822392  0.78508705 0.7816174  0.7787016
 0.7797649  0.77879536 0.787709   0.7822941  0.7858536  0.78116757
 0.78498805 0.78161293 0.7795674  0.78501374 0.78082097 0.7808839
 0.77687025 0.78510547 0.78093094 0.7850355  0.77880275 0.7800084
 0.7829824  0.78483236 0.78133225 0.7790365  0.7831069  0.78539944
 0.781611   0.7769251  0.7805221  0.77691054 0.7857542  0.777998
 0.7806849  0.78292686 0.78365487 0.78217584 0.7781396  0.78055423
 0.7853869  0.7771314  0.7850129  0.7817048  0.78198785 0.7850085
 0.7852793  0.78559077]
[nltk_data] Downloading package wordnet to /mnt/iusers01/fse-
[nltk_data]     ugpgt01/compsci01/q12628ct/nltk_data...
[nltk_data]   Package wordnet is already up-to-date!
[nltk_data] Downloading package punkt_tab to /mnt/iusers01/fse-
[nltk_data]     ugpgt01/compsci01/q12628ct/nltk_data...
[nltk_data]   Package punkt_tab is already up-to-date!
[nltk_data] Downloading package omw-1.4 to /mnt/iusers01/fse-
[nltk_data]     ugpgt01/compsci01/q12628ct/nltk_data...
[nltk_data]   Package omw-1.4 is already up-to-date!
/mnt/iusers01/fse-ugpgt01/compsci01/q12628ct/.conda/envs/semantic-decoding/lib/python3.10/site-packages/huggingface_hub/file_download.py:945: FutureWarning: `resume_download` is deprecated and will be removed in version 1.0.0. Downloads always resume when possible. If you want to force a new download, use `force_download=True`.
  warnings.warn(
Some weights of the model checkpoint at roberta-large were not used when initializing RobertaModel: ['lm_head.layer_norm.bias', 'lm_head.layer_norm.weight', 'lm_head.bias', 'lm_head.dense.weight', 'lm_head.dense.bias']
- This IS expected if you are initializing RobertaModel from the checkpoint of a model trained on another task or with another architecture (e.g. initializing a BertForSequenceClassification model from a BertForPreTraining model).
- This IS NOT expected if you are initializing RobertaModel from the checkpoint of a model that you expect to be exactly identical (initializing a BertForSequenceClassification model from a BertForSequenceClassification model).
Some weights of RobertaModel were not initialized from the model checkpoint at roberta-large and are newly initialized: ['roberta.pooler.dense.weight', 'roberta.pooler.dense.bias']
You should probably TRAIN this model on a down-stream task to be able to use it for predictions and inference.
wheretheressmoke
WER
[0.03465377 0.03923197 0.03977111 0.03435312 0.03759798 0.03228758
 0.03428185 0.03586623 0.03846225 0.03755704 0.03752    0.03651129
 0.03438143 0.03818663 0.03823725 0.04091792 0.03289629 0.0416115
 0.03790828 0.03418452 0.03779107 0.03914131 0.03937269 0.04047074
 0.03420753 0.03428639 0.03511177 0.03263476 0.03532198 0.03346839
 0.0332533  0.0363483  0.03186493 0.04248109 0.03478923 0.04185872
 0.03844751 0.04076204 0.03669081 0.03758137 0.03919554 0.03827189
 0.03110588 0.04201196 0.039568   0.03557583 0.04089143 0.04253819
 0.03705792 0.03898622 0.03584575 0.03827876 0.04016018 0.03992007
 0.03582591 0.03980087 0.03386338 0.03967452 0.02813425 0.03195889
 0.03846128 0.03842753 0.03459624 0.03811785 0.03486998 0.03516965
 0.0341012  0.03610204 0.03161969 0.03818336 0.03624385 0.03540837
 0.0339774  0.03450418 0.04330426 0.04453394 0.03840305 0.0436873
 0.03747064 0.03738823 0.04047643 0.03929152 0.03254549 0.03705612
 0.0368554  0.03593957 0.03586295 0.03275271 0.03606464 0.04169378
 0.03649996 0.03922799 0.04024892 0.03319198 0.03853152 0.04347023
 0.0416942  0.03272331 0.03481423 0.03272061 0.02686445 0.03519383
 0.03625654 0.033423   0.03821449 0.04202717 0.03134955 0.03985466
 0.03618725 0.03485454 0.04264183 0.03861928 0.03389121 0.03787252
 0.03971274 0.03959377 0.0395308  0.03242053 0.03583638 0.03828294
 0.03920411 0.0327756  0.03837204 0.03949678 0.0365935  0.03151649
 0.03423345 0.038104   0.0365798  0.0369215  0.03231054 0.04133296
 0.03749053 0.03353421 0.0371098  0.04211996 0.03902089 0.03517193
 0.03893012 0.03578449 0.0358103  0.03227246 0.03995498 0.02867982
 0.03889525 0.04446866 0.03862852 0.03391447 0.04018276 0.03207269
 0.04251623 0.03482043 0.03496828 0.04235117 0.03540008 0.03765907
 0.0393331  0.03772924 0.03509248 0.03678961 0.03766113 0.03454682
 0.04073949 0.0436294  0.03145    0.03693189 0.03812535 0.0352869
 0.03765698 0.03327452 0.03236521 0.03904766 0.03733371 0.03307219
 0.03432139 0.04239585 0.03969072 0.04067682 0.03844958 0.03471743
 0.03422417 0.03400681 0.03660254 0.03951806 0.03511783 0.03697368
 0.04116434 0.03816596 0.04034109 0.0361343  0.0382145  0.03641054
 0.03796483 0.03364524 0.0356124  0.03146069 0.04084308 0.04298714
 0.03507659 0.03685254]
wheretheressmoke
BLEU
[0.18621457 0.19355357 0.1971371  0.18349858 0.18360769 0.18021824
 0.18336902 0.1910577  0.18859304 0.18744146 0.1863355  0.18864028
 0.19516778 0.19022818 0.20118023 0.19420775 0.17810804 0.19467175
 0.19239698 0.18382424 0.1937694  0.19754775 0.18243861 0.19504915
 0.18228492 0.18309249 0.18491748 0.1867969  0.191296   0.18859244
 0.18902371 0.19103203 0.18552023 0.20447199 0.19410666 0.19299173
 0.18317356 0.20355569 0.19281506 0.19353142 0.18602954 0.19076575
 0.18536496 0.21339009 0.19942673 0.18402553 0.20183955 0.1990939
 0.19542247 0.19525257 0.18414779 0.19887075 0.18265979 0.17834945
 0.18949671 0.19329273 0.18235016 0.19590659 0.17626582 0.18560672
 0.19147783 0.18907749 0.18755958 0.19569754 0.18214754 0.19476485
 0.17872774 0.18561893 0.17985789 0.1850532  0.18324038 0.18747885
 0.17935924 0.19176342 0.19953063 0.20126233 0.19079635 0.20217219
 0.19991447 0.18588193 0.19754886 0.18949245 0.17948674 0.18427789
 0.18521173 0.1998294  0.1827036  0.18434573 0.19054351 0.19375512
 0.18780926 0.19926182 0.18826275 0.18617853 0.18800931 0.20786857
 0.19724999 0.17900179 0.17510269 0.18773865 0.178336   0.17670481
 0.18805462 0.18102355 0.19869464 0.20194717 0.18362507 0.18900898
 0.1952508  0.19000267 0.1963919  0.1897476  0.19155103 0.19050736
 0.19784128 0.19746628 0.19446358 0.18163848 0.19162624 0.19466952
 0.19452978 0.1977663  0.19064773 0.18989275 0.19047    0.17800177
 0.18262079 0.19819975 0.1809552  0.19190433 0.19154887 0.19359923
 0.18435404 0.18908499 0.17836729 0.19102019 0.19392704 0.17155702
 0.19918558 0.19121468 0.18475327 0.1874766  0.18943669 0.18936113
 0.19190057 0.19261902 0.19469275 0.18365797 0.18754031 0.18035121
 0.19386394 0.19302665 0.19652721 0.19398604 0.19089377 0.17903138
 0.18619017 0.17957053 0.18652898 0.19822083 0.18415065 0.19144253
 0.1904867  0.20188497 0.18859054 0.20205292 0.1889483  0.18981917
 0.19028161 0.18823599 0.18752077 0.18163873 0.19329105 0.19488529
 0.17997591 0.18748462 0.1999229  0.19696779 0.19139665 0.18611814
 0.1817952  0.19194399 0.19130892 0.19825211 0.17677594 0.19594388
 0.19027477 0.18783051 0.189182   0.18494509 0.20142991 0.1890484
 0.19890395 0.18854112 0.18850878 0.19392925 0.19372714 0.18714902
 0.19282278 0.18209848]
wheretheressmoke
METEOR
[0.13611467 0.14367893 0.14342818 0.13490853 0.1285523  0.13140948
 0.13733697 0.13655596 0.13598912 0.13529905 0.13681631 0.13493151
 0.14119561 0.13454832 0.13676029 0.14095968 0.13185742 0.13974865
 0.13864776 0.13795145 0.13841954 0.14281373 0.13460346 0.14111026
 0.12904462 0.13150467 0.13491999 0.13866546 0.13760348 0.13141548
 0.13309487 0.13891147 0.13637942 0.14804212 0.14335076 0.14059191
 0.13607412 0.15241216 0.14519538 0.14080541 0.13899309 0.13646094
 0.13323164 0.14762548 0.14348701 0.13028989 0.14823945 0.1410666
 0.13712687 0.14273164 0.136659   0.14260929 0.12939551 0.13345474
 0.134536   0.14462638 0.13430322 0.14070595 0.12657766 0.13664896
 0.14319913 0.13524561 0.13677484 0.13986441 0.13747094 0.13954785
 0.13705362 0.13423286 0.12896408 0.13418792 0.1327863  0.13615497
 0.13422368 0.14036648 0.14486112 0.14227352 0.13799749 0.13968267
 0.14200165 0.13470841 0.14217753 0.14249138 0.13137119 0.13780473
 0.13765916 0.14540048 0.13150866 0.13652977 0.13252691 0.13978769
 0.13851836 0.14613524 0.13639122 0.13706902 0.13790649 0.15248947
 0.13967204 0.13744792 0.13097905 0.13583173 0.13177363 0.12889342
 0.13376744 0.13179798 0.13933718 0.14677888 0.136944   0.13555713
 0.14473224 0.14206537 0.14559354 0.13931017 0.13836627 0.13619326
 0.14699342 0.14763364 0.13808456 0.13539012 0.136036   0.14497362
 0.14094986 0.13920641 0.14075766 0.14184329 0.14084168 0.13335659
 0.1346192  0.14475077 0.13617155 0.14081389 0.13896841 0.13916549
 0.13097351 0.13181138 0.1325154  0.13884902 0.14080166 0.12796332
 0.14552927 0.13997512 0.13949419 0.14569295 0.14065521 0.13495202
 0.13869704 0.14251473 0.1424633  0.13079951 0.13643101 0.13051569
 0.14163816 0.14270961 0.13895377 0.14232534 0.13967086 0.13200091
 0.13257182 0.13496847 0.13543864 0.14240346 0.13771987 0.13939273
 0.13973839 0.14066794 0.13814586 0.14504548 0.13323622 0.14124166
 0.13352907 0.14042086 0.13697074 0.13679417 0.13965691 0.13984276
 0.12966126 0.13356124 0.14320023 0.13977122 0.13898821 0.13668948
 0.1293734  0.13981702 0.14022089 0.14223077 0.132903   0.13911474
 0.14117773 0.13452469 0.13895493 0.13729741 0.14289004 0.13931315
 0.14011906 0.14362015 0.13774155 0.14183995 0.13703512 0.13510456
 0.13855868 0.13512547]
wheretheressmoke
BERT
[0.78920203 0.7896311  0.79138726 0.7893555  0.78923833 0.78934395
 0.7898029  0.7904956  0.7909426  0.79001963 0.789068   0.7901425
 0.7892017  0.79043424 0.79145277 0.79122907 0.7885474  0.79037625
 0.7923378  0.7914419  0.7901737  0.7921481  0.78930265 0.7895185
 0.788994   0.78851336 0.791673   0.7878337  0.7906716  0.7884895
 0.78977305 0.79062635 0.789252   0.7927931  0.79078376 0.78924733
 0.7877029  0.7912128  0.79068357 0.7888768  0.78998816 0.7891071
 0.78814906 0.79331225 0.7892776  0.7896123  0.79034543 0.78839177
 0.7895038  0.79223317 0.79041433 0.79184675 0.7878883  0.7901864
 0.78945655 0.7916128  0.7884074  0.7914642  0.7874643  0.78890574
 0.78827477 0.78933007 0.79032725 0.7916477  0.78889084 0.7905317
 0.7885634  0.78855383 0.78907746 0.78964216 0.78804624 0.7890934
 0.7904726  0.790096   0.7910195  0.7904647  0.790871   0.79123163
 0.79248726 0.78938234 0.7899684  0.7895388  0.79034066 0.7886505
 0.7896964  0.7886942  0.78957385 0.7906794  0.79095167 0.7922603
 0.7899379  0.79187924 0.790094   0.78949267 0.790422   0.79165345
 0.79009414 0.7875276  0.78767073 0.79064876 0.78963614 0.78945374
 0.7897281  0.78916675 0.7896481  0.7897173  0.7879799  0.7893321
 0.7885721  0.7892216  0.7912911  0.79159135 0.79060936 0.7870076
 0.7899653  0.7899715  0.7891035  0.78765434 0.789121   0.7897621
 0.7929767  0.7895394  0.788732   0.78982675 0.7900768  0.7894654
 0.78896475 0.7906363  0.78982574 0.79064596 0.78948855 0.7910909
 0.7883905  0.7897122  0.7889433  0.7893927  0.79078805 0.7898798
 0.79043496 0.7890192  0.7891155  0.7903273  0.7894715  0.7888566
 0.79143906 0.7915826  0.7909183  0.7896954  0.7910254  0.7876653
 0.790798   0.78809667 0.79005694 0.7890641  0.7890517  0.7889784
 0.78960675 0.79111636 0.79023325 0.7906428  0.7885716  0.79000765
 0.7917426  0.7915758  0.7888761  0.7907272  0.7882406  0.7906982
 0.78907996 0.790559   0.7892929  0.7901752  0.7893463  0.7885172
 0.79054934 0.7882697  0.7908708  0.7903182  0.79039705 0.7901389
 0.7878648  0.79011726 0.7895581  0.78968835 0.7897811  0.7886953
 0.79079956 0.7880617  0.79019266 0.790786   0.79103136 0.79138935
 0.79236794 0.79031205 0.79044086 0.7885481  0.79001313 0.78976625
 0.7903701  0.7888962 ]
[nltk_data] Downloading package wordnet to /mnt/iusers01/fse-
[nltk_data]     ugpgt01/compsci01/q12628ct/nltk_data...
[nltk_data]   Package wordnet is already up-to-date!
[nltk_data] Downloading package punkt_tab to /mnt/iusers01/fse-
[nltk_data]     ugpgt01/compsci01/q12628ct/nltk_data...
[nltk_data]   Package punkt_tab is already up-to-date!
[nltk_data] Downloading package omw-1.4 to /mnt/iusers01/fse-
[nltk_data]     ugpgt01/compsci01/q12628ct/nltk_data...
[nltk_data]   Package omw-1.4 is already up-to-date!
/mnt/iusers01/fse-ugpgt01/compsci01/q12628ct/.conda/envs/semantic-decoding/lib/python3.10/site-packages/huggingface_hub/file_download.py:945: FutureWarning: `resume_download` is deprecated and will be removed in version 1.0.0. Downloads always resume when possible. If you want to force a new download, use `force_download=True`.
  warnings.warn(
Some weights of the model checkpoint at roberta-large were not used when initializing RobertaModel: ['lm_head.dense.weight', 'lm_head.dense.bias', 'lm_head.layer_norm.bias', 'lm_head.bias', 'lm_head.layer_norm.weight']
- This IS expected if you are initializing RobertaModel from the checkpoint of a model trained on another task or with another architecture (e.g. initializing a BertForSequenceClassification model from a BertForPreTraining model).
- This IS NOT expected if you are initializing RobertaModel from the checkpoint of a model that you expect to be exactly identical (initializing a BertForSequenceClassification model from a BertForSequenceClassification model).
Some weights of RobertaModel were not initialized from the model checkpoint at roberta-large and are newly initialized: ['roberta.pooler.dense.weight', 'roberta.pooler.dense.bias']
You should probably TRAIN this model on a down-stream task to be able to use it for predictions and inference.
Traceback (most recent call last):
  File "/net/scratch/q12628ct/semantic-decoding/decoding/evaluate_predictions.py", line 51, in <module>
    ref_data = load_transcript(args.experiment, reference)
  File "/net/scratch/q12628ct/semantic-decoding/decoding/utils_eval.py", line 23, in load_transcript
    with open(grid_path) as f: 
FileNotFoundError: [Errno 2] No such file or directory: '/net/scratch/q12628ct/semantic-decoding/data_test/test_stimulus/perceived_movie/sintel.TextGrid'
[nltk_data] Downloading package wordnet to /mnt/iusers01/fse-
[nltk_data]     ugpgt01/compsci01/q12628ct/nltk_data...
[nltk_data]   Package wordnet is already up-to-date!
[nltk_data] Downloading package punkt_tab to /mnt/iusers01/fse-
[nltk_data]     ugpgt01/compsci01/q12628ct/nltk_data...
[nltk_data]   Package punkt_tab is already up-to-date!
[nltk_data] Downloading package omw-1.4 to /mnt/iusers01/fse-
[nltk_data]     ugpgt01/compsci01/q12628ct/nltk_data...
[nltk_data]   Package omw-1.4 is already up-to-date!
/mnt/iusers01/fse-ugpgt01/compsci01/q12628ct/.conda/envs/semantic-decoding/lib/python3.10/site-packages/huggingface_hub/file_download.py:945: FutureWarning: `resume_download` is deprecated and will be removed in version 1.0.0. Downloads always resume when possible. If you want to force a new download, use `force_download=True`.
  warnings.warn(
Some weights of the model checkpoint at roberta-large were not used when initializing RobertaModel: ['lm_head.bias', 'lm_head.layer_norm.bias', 'lm_head.dense.bias', 'lm_head.layer_norm.weight', 'lm_head.dense.weight']
- This IS expected if you are initializing RobertaModel from the checkpoint of a model trained on another task or with another architecture (e.g. initializing a BertForSequenceClassification model from a BertForPreTraining model).
- This IS NOT expected if you are initializing RobertaModel from the checkpoint of a model that you expect to be exactly identical (initializing a BertForSequenceClassification model from a BertForSequenceClassification model).
Some weights of RobertaModel were not initialized from the model checkpoint at roberta-large and are newly initialized: ['roberta.pooler.dense.bias', 'roberta.pooler.dense.weight']
You should probably TRAIN this model on a down-stream task to be able to use it for predictions and inference.
presto
WER
[0.02178455 0.03124195 0.03609464 0.02570415 0.02910043 0.02398848
 0.02886192 0.03225916 0.03140705 0.03980205 0.03024706 0.04423308
 0.02888427 0.030819   0.03263828 0.032432   0.03681825 0.02537692
 0.026082   0.02760036 0.03619034 0.02565949 0.03065757 0.03274118
 0.02936478 0.03074735 0.03060893 0.03613217 0.02328966 0.03285298
 0.03223281 0.03556913 0.0284047  0.03607674 0.02347237 0.0335669
 0.03092454 0.03436844 0.02853667 0.03577894 0.02897244 0.03219569
 0.03997426 0.03153814 0.04383482 0.03341242 0.04072302 0.03115862
 0.03279089 0.03891278 0.0289809  0.03953519 0.03601131 0.03004683
 0.03227278 0.02677171 0.02211647 0.02650416 0.03438799 0.01905687
 0.03344294 0.03251504 0.03086982 0.03528942 0.02363738 0.02561443
 0.0366175  0.02872169 0.02469931 0.03312249 0.02640061 0.0384408
 0.02862927 0.03283444 0.02880574 0.04583286 0.02569358 0.04351932
 0.03073719 0.03101018 0.03212896 0.03760136 0.02488709 0.03689606
 0.03587356 0.02890562 0.03040185 0.03284163 0.03382443 0.03221369
 0.02702106 0.02214158 0.02862665 0.03419554 0.03153907 0.0403903
 0.02785765 0.03542606 0.03155927 0.02671486 0.02380065 0.03376993
 0.03411373 0.0263114  0.03188834 0.03432501 0.03122869 0.02748891
 0.02603318 0.02879472 0.03622161 0.03734967 0.0308531  0.03190132
 0.02674121 0.03252326 0.03263073 0.03501474 0.02404059 0.02558331
 0.03528062 0.04127841 0.024257   0.03131711 0.02843873 0.02623987
 0.02426477 0.02695465 0.03157685 0.02289878 0.02871668 0.03007159
 0.03386083 0.04253702 0.02525357 0.03084139 0.03311879 0.03531417
 0.02988328 0.03190727 0.03004505 0.02941557 0.04656262 0.03248711
 0.02978328 0.02487724 0.03307888 0.03798414 0.02929311 0.03459686
 0.03242877 0.02742024 0.03146112 0.03271827 0.02125778 0.02916
 0.02817414 0.03189108 0.02576201 0.03126461 0.03005931 0.02790415
 0.02898146 0.02680305 0.03210363 0.02836509 0.03554408 0.0306626
 0.02959196 0.04015549 0.02904873 0.03554796 0.02985793 0.03238437
 0.02900785 0.04200379 0.03496246 0.02785237 0.03144494 0.02722055
 0.02907735 0.02283272 0.0266269  0.03358342 0.02939592 0.0269607
 0.03856681 0.04244253 0.02871109 0.03233227 0.03198756 0.03415505
 0.03339304 0.0272287  0.02745822 0.03186165 0.03548428 0.03401565
 0.02994996 0.03241704]
presto
BLEU
[0.09719931 0.10794516 0.12346448 0.09911413 0.11207675 0.09323844
 0.12057888 0.12227277 0.12252474 0.11827873 0.10127148 0.14414104
 0.1072563  0.12431258 0.12806386 0.12245678 0.12616932 0.10495788
 0.11072014 0.1115729  0.12666873 0.09286504 0.11109071 0.12215084
 0.1103381  0.11474413 0.12036304 0.12683523 0.10294171 0.11615302
 0.11491058 0.12296247 0.09950649 0.11399064 0.10576592 0.11839148
 0.10872487 0.12035652 0.12497096 0.12220373 0.11361731 0.12729752
 0.11863964 0.11782783 0.1270319  0.12679558 0.12779221 0.12036893
 0.10964098 0.13033784 0.11464198 0.11680346 0.1265886  0.11204667
 0.10995383 0.10230607 0.11025873 0.09865084 0.12163492 0.10336289
 0.11012668 0.12822803 0.10949257 0.12574176 0.10182133 0.09818055
 0.12125555 0.11362848 0.11331413 0.11264715 0.09665821 0.13244405
 0.10551508 0.12784829 0.12129474 0.14416795 0.10664425 0.12265005
 0.12436347 0.10995256 0.12325834 0.13160797 0.11217856 0.13973954
 0.12013344 0.09946042 0.11739808 0.11567691 0.11905726 0.11879686
 0.10720854 0.10486926 0.09279473 0.11530477 0.11929204 0.1550698
 0.11321458 0.12928036 0.12517615 0.11248277 0.10944285 0.11919123
 0.13253567 0.11344438 0.10758093 0.12950864 0.11211382 0.1205746
 0.1063056  0.09799426 0.12778518 0.11347794 0.11885741 0.11994802
 0.10555346 0.1265723  0.12137459 0.13372063 0.10494133 0.11783984
 0.11632654 0.13589876 0.09323704 0.12868715 0.11066416 0.11056769
 0.10941783 0.10930991 0.11548632 0.11346315 0.11383756 0.11661802
 0.11490209 0.14296046 0.10295814 0.1254954  0.10933684 0.13880544
 0.12653022 0.10933815 0.10501132 0.12617558 0.1354077  0.10422849
 0.1327775  0.11310776 0.12934539 0.11840994 0.11507437 0.12665929
 0.12601819 0.10840182 0.11163132 0.12168908 0.09894193 0.10607387
 0.12370993 0.11855998 0.11409375 0.11134215 0.10175171 0.1009154
 0.12134531 0.10386446 0.10557968 0.11801606 0.13372347 0.10749048
 0.11364593 0.13499878 0.12122611 0.12039014 0.11400769 0.12257455
 0.10955032 0.130806   0.12280256 0.11970377 0.11791501 0.09883615
 0.12685741 0.09716565 0.10834611 0.11192245 0.11207823 0.10422227
 0.13724316 0.12770353 0.11125868 0.12365684 0.11305419 0.11498693
 0.11675765 0.11154269 0.12179529 0.11324014 0.14564589 0.13942117
 0.1075276  0.12261697]
presto
METEOR
[0.07028187 0.07954591 0.08420374 0.06948549 0.08391289 0.07066098
 0.08057014 0.08495639 0.08632299 0.08534153 0.07757776 0.09761752
 0.07622793 0.08604692 0.08987573 0.08412695 0.08497352 0.07401533
 0.08154385 0.07746669 0.08290601 0.06764952 0.07636094 0.08370948
 0.08141934 0.08070455 0.08611846 0.08196524 0.0734111  0.08212183
 0.079666   0.08534173 0.07205797 0.08220508 0.07420805 0.0849807
 0.07585257 0.08349114 0.08825872 0.08160744 0.07818661 0.08391393
 0.08098538 0.08243623 0.08838777 0.09338793 0.08285808 0.07832513
 0.07715966 0.08523809 0.07946629 0.08744095 0.08515958 0.07850452
 0.0790926  0.07444554 0.07868361 0.07117235 0.08464863 0.07863226
 0.07523969 0.08664585 0.07723232 0.08810862 0.07462144 0.07169261
 0.08042933 0.07977683 0.07866219 0.07767712 0.0683918  0.08637636
 0.0731452  0.08627034 0.0841845  0.09987835 0.07653006 0.08643143
 0.08809867 0.07783645 0.08515276 0.08905041 0.07762757 0.09106221
 0.08172655 0.07349549 0.07897708 0.07879249 0.08902872 0.07935853
 0.0802869  0.07239205 0.06830434 0.07772176 0.08222031 0.10243649
 0.08169496 0.09036892 0.07863426 0.08160609 0.07977439 0.08474779
 0.08629901 0.0804815  0.08195196 0.08412461 0.08211141 0.08756064
 0.07733792 0.07456348 0.08603147 0.07808433 0.08547035 0.08406764
 0.07784117 0.08617041 0.08259695 0.08631104 0.07728699 0.08241127
 0.08282904 0.0913811  0.07187662 0.08594815 0.07478739 0.08199013
 0.08207528 0.07745711 0.07959647 0.0769423  0.08044513 0.08024756
 0.08061    0.09603623 0.07087951 0.08382137 0.08055353 0.09593965
 0.08826918 0.07405268 0.0727005  0.08694015 0.08764341 0.07674487
 0.09278015 0.0808671  0.08920375 0.07975442 0.0787482  0.0835087
 0.0866152  0.07497638 0.08055012 0.08385514 0.0641957  0.07446479
 0.08688904 0.07956312 0.08656859 0.07377784 0.06975518 0.07682417
 0.08151998 0.06754324 0.0769624  0.08858224 0.08832207 0.07265544
 0.07850007 0.09113324 0.08224495 0.08296468 0.07932045 0.08167966
 0.07692738 0.08828356 0.08094611 0.08768873 0.07866416 0.06831825
 0.08488395 0.0686818  0.0761799  0.07425903 0.07659527 0.07408208
 0.09024507 0.08602984 0.0734542  0.08496254 0.08168664 0.08275483
 0.07804907 0.08053165 0.08191889 0.07617394 0.09760271 0.09396844
 0.07551141 0.07993341]
presto
BERT
[0.7713674  0.77102923 0.77189523 0.77172005 0.7708888  0.76841444
 0.769956   0.77253664 0.7765048  0.76880234 0.7705006  0.7723859
 0.7713224  0.77095366 0.77181214 0.7720898  0.7696725  0.76972985
 0.7691191  0.7708716  0.7692305  0.76907706 0.7694613  0.77147734
 0.7726695  0.77015316 0.77026945 0.77015716 0.76903635 0.7699695
 0.7688535  0.7735715  0.76815337 0.7697514  0.7708964  0.7737844
 0.77242523 0.7727281  0.7746869  0.76965463 0.772296   0.7737237
 0.7715863  0.773574   0.7757872  0.769341   0.77111804 0.77242124
 0.77165896 0.77414984 0.7713678  0.7696295  0.77335674 0.76853794
 0.77162075 0.76874644 0.7724699  0.7680586  0.7776255  0.7686477
 0.7689927  0.7736437  0.76919997 0.7737428  0.77032757 0.76923853
 0.77194923 0.77122176 0.7690102  0.7716876  0.7674719  0.77270675
 0.769613   0.77126986 0.7711371  0.77545875 0.77168304 0.7731117
 0.77248794 0.77245134 0.7689722  0.77316195 0.7702994  0.7742702
 0.7716206  0.770204   0.7710209  0.76931643 0.77320254 0.7721701
 0.77023077 0.76966625 0.76889247 0.77203757 0.7732885  0.7765558
 0.7734855  0.7777167  0.76865846 0.76911634 0.7715884  0.77235496
 0.77319324 0.769207   0.7727199  0.77018654 0.7696833  0.77395177
 0.7689944  0.7737799  0.7718343  0.77135754 0.77209735 0.7722449
 0.7689405  0.77518076 0.7720502  0.77345866 0.7738362  0.7723264
 0.7707771  0.77358097 0.76776564 0.7737419  0.77013975 0.7716914
 0.7696924  0.76982826 0.76884985 0.771502   0.76866    0.7768358
 0.76837873 0.77349865 0.767826   0.7706991  0.76939803 0.773643
 0.77087456 0.76915145 0.7708486  0.7734514  0.77148    0.7660968
 0.77261144 0.769562   0.77116096 0.7724623  0.77399117 0.7729715
 0.7727605  0.77123296 0.77083695 0.7711221  0.7686414  0.7693172
 0.7725961  0.7722594  0.77152985 0.7720194  0.7728067  0.7700646
 0.77340573 0.7719954  0.7707918  0.77368283 0.7737758  0.7680935
 0.7696005  0.7703147  0.770928   0.7732086  0.7713546  0.7698523
 0.7691048  0.7741033  0.7701782  0.77147406 0.77142453 0.77216977
 0.77448446 0.7680086  0.77105737 0.7721117  0.7683673  0.76832974
 0.7736306  0.7728999  0.77263635 0.7731091  0.7718159  0.7717754
 0.77097523 0.77273196 0.7725323  0.7711916  0.7759094  0.7739093
 0.76901674 0.7728926 ]
[nltk_data] Downloading package wordnet to /mnt/iusers01/fse-
[nltk_data]     ugpgt01/compsci01/q12628ct/nltk_data...
[nltk_data]   Package wordnet is already up-to-date!
[nltk_data] Downloading package punkt_tab to /mnt/iusers01/fse-
[nltk_data]     ugpgt01/compsci01/q12628ct/nltk_data...
[nltk_data]   Package punkt_tab is already up-to-date!
[nltk_data] Downloading package omw-1.4 to /mnt/iusers01/fse-
[nltk_data]     ugpgt01/compsci01/q12628ct/nltk_data...
[nltk_data]   Package omw-1.4 is already up-to-date!
/mnt/iusers01/fse-ugpgt01/compsci01/q12628ct/.conda/envs/semantic-decoding/lib/python3.10/site-packages/huggingface_hub/file_download.py:945: FutureWarning: `resume_download` is deprecated and will be removed in version 1.0.0. Downloads always resume when possible. If you want to force a new download, use `force_download=True`.
  warnings.warn(
Some weights of the model checkpoint at roberta-large were not used when initializing RobertaModel: ['lm_head.bias', 'lm_head.dense.weight', 'lm_head.layer_norm.bias', 'lm_head.layer_norm.weight', 'lm_head.dense.bias']
- This IS expected if you are initializing RobertaModel from the checkpoint of a model trained on another task or with another architecture (e.g. initializing a BertForSequenceClassification model from a BertForPreTraining model).
- This IS NOT expected if you are initializing RobertaModel from the checkpoint of a model that you expect to be exactly identical (initializing a BertForSequenceClassification model from a BertForSequenceClassification model).
Some weights of RobertaModel were not initialized from the model checkpoint at roberta-large and are newly initialized: ['roberta.pooler.dense.bias', 'roberta.pooler.dense.weight']
You should probably TRAIN this model on a down-stream task to be able to use it for predictions and inference.
partlycloudy
WER
[-0.1376162  -0.13856883 -0.13549418 -0.13836318 -0.13850102 -0.13006488
 -0.12947193 -0.12933032 -0.13292994 -0.13444444 -0.13382158 -0.14278229
 -0.14537928 -0.14064005 -0.14222764 -0.13074978 -0.12600363 -0.13192911
 -0.13613308 -0.13826657 -0.13886251 -0.14288505 -0.12224694 -0.13232499
 -0.1371125  -0.13684159 -0.12986436 -0.13534294 -0.1307267  -0.14066164
 -0.14034437 -0.14195877 -0.13201775 -0.13629194 -0.14136938 -0.13955926
 -0.14008441 -0.14349358 -0.13660026 -0.13465779 -0.13874963 -0.13552294
 -0.13684872 -0.13674102 -0.1364904  -0.14537977 -0.13613524 -0.13974026
 -0.14360877 -0.12447404 -0.14079186 -0.13824762 -0.14263538 -0.13892951
 -0.13469378 -0.13706344 -0.13177938 -0.13980791 -0.13861323 -0.1306147
 -0.13627851 -0.12312928 -0.13647562 -0.13625071 -0.13444832 -0.13820966
 -0.13983034 -0.13254778 -0.12757925 -0.14137127 -0.13530223 -0.13105309
 -0.1385698  -0.13454393 -0.13774354 -0.13386369 -0.13149825 -0.14670158
 -0.13170612 -0.1385049  -0.13959191 -0.13257017 -0.14030395 -0.12945872
 -0.13820103 -0.13581092 -0.12898525 -0.14099736 -0.1443574  -0.12938466
 -0.13361179 -0.1372675  -0.13348226 -0.1350997  -0.13436346 -0.1344303
 -0.13892318 -0.13573173 -0.14186612 -0.13854426 -0.14001412 -0.13712702
 -0.13398119 -0.1298128  -0.14241469 -0.13641386 -0.13507763 -0.12498809
 -0.13468283 -0.13977489 -0.13563498 -0.14161882 -0.13871341 -0.12551927
 -0.13959948 -0.14335682 -0.13940139 -0.13722492 -0.1360466  -0.13077625
 -0.14064411 -0.14745018 -0.129532   -0.13370062 -0.13715344 -0.13156901
 -0.13093425 -0.13180681 -0.14138066 -0.13340886 -0.13295575 -0.14098662
 -0.13934135 -0.13705318 -0.13133522 -0.12908387 -0.14155659 -0.12678334
 -0.13072468 -0.13332716 -0.1409803  -0.13670013 -0.13411851 -0.139316
 -0.14386927 -0.1325588  -0.13367572 -0.14037078 -0.14626022 -0.1416463
 -0.13884061 -0.13660013 -0.13242329 -0.12566642 -0.13585907 -0.124357
 -0.14156302 -0.13375084 -0.13363399 -0.13343658 -0.13546338 -0.13611357
 -0.13620608 -0.14245558 -0.13293734 -0.13453765 -0.12768403 -0.1368764
 -0.14398493 -0.14455875 -0.13143426 -0.1311097  -0.13478696 -0.13943957
 -0.14042816 -0.13669916 -0.14035159 -0.12746386 -0.14853982 -0.12924296
 -0.12996131 -0.13182328 -0.13443083 -0.13705335 -0.14049193 -0.13042743
 -0.13772719 -0.13924354 -0.13326052 -0.13580198 -0.13395144 -0.13338892
 -0.14045198 -0.13685692 -0.13741297 -0.13885189 -0.14271839 -0.13467344
 -0.14097985 -0.14056648]
partlycloudy
BLEU
[0.12118802 0.12621423 0.1275983  0.12294924 0.10905519 0.12772242
 0.1416997  0.14047651 0.13105311 0.13093276 0.12898156 0.13575293
 0.1203682  0.11732151 0.13101559 0.1364384  0.14217603 0.12628568
 0.11965457 0.11601124 0.12063526 0.12541344 0.14123248 0.14605298
 0.11957677 0.12669676 0.12291903 0.11647539 0.13742096 0.11370736
 0.11969903 0.12784494 0.12629633 0.12759662 0.12193629 0.1123139
 0.11577682 0.11971396 0.11509499 0.11865425 0.12401073 0.13648232
 0.12462342 0.12330057 0.12082048 0.11084665 0.1232527  0.12098547
 0.11291434 0.13965519 0.11075803 0.12539301 0.11980241 0.11098176
 0.13163342 0.11721718 0.12292053 0.11751414 0.11486339 0.1194386
 0.12869551 0.14015321 0.13194991 0.11303506 0.12618316 0.11469058
 0.11438046 0.13185578 0.12997923 0.12546477 0.12772084 0.13914851
 0.122564   0.13057639 0.12599427 0.12975814 0.11360673 0.10542216
 0.12933088 0.13358926 0.11733931 0.13697827 0.12341207 0.13676676
 0.11893166 0.11906537 0.12912001 0.10930804 0.11875704 0.12254985
 0.13630793 0.12107657 0.13152004 0.13740684 0.13180769 0.12888913
 0.12014666 0.1280071  0.11854481 0.12153021 0.12525255 0.11572588
 0.1264772  0.13384537 0.11148006 0.12886734 0.13373174 0.1410442
 0.12217909 0.11405538 0.1328967  0.10875947 0.1259713  0.14235091
 0.12617158 0.11347536 0.11003718 0.12771259 0.12898339 0.13324964
 0.12081829 0.10183391 0.1321794  0.14502722 0.12449711 0.14066739
 0.14335093 0.12900556 0.12698608 0.12090091 0.12552643 0.1231152
 0.13855183 0.13981587 0.1274724  0.13216803 0.11653332 0.13204676
 0.13485214 0.13009853 0.11807007 0.12871094 0.13623801 0.12287882
 0.11311563 0.13014546 0.13386238 0.1188627  0.11835711 0.12173102
 0.13416633 0.12552238 0.12473375 0.12542742 0.11799018 0.13187174
 0.12754884 0.13213886 0.12099401 0.12222517 0.12899011 0.12527296
 0.12414479 0.12959683 0.1247229  0.12724063 0.14388078 0.1496362
 0.10926837 0.12478484 0.12141775 0.1353531  0.12188698 0.11763029
 0.1250531  0.12293721 0.10799612 0.12765898 0.10128901 0.13691428
 0.12608734 0.14649697 0.1302695  0.12997394 0.13070747 0.13704313
 0.12425714 0.12239551 0.1386724  0.12207136 0.13646346 0.12444246
 0.12472628 0.11844107 0.1256075  0.12231753 0.11531295 0.14343796
 0.1354227  0.11624966]
partlycloudy
METEOR
[0.09287887 0.10079954 0.10455657 0.09923352 0.09013063 0.10839147
 0.10714962 0.11477309 0.10344845 0.10495152 0.10406977 0.11824148
 0.09617401 0.09189803 0.10073943 0.11311437 0.10476591 0.10307091
 0.09744897 0.09539425 0.10217487 0.09608535 0.11687513 0.11412547
 0.10021025 0.1022205  0.10341483 0.09188176 0.11405368 0.09933868
 0.10119123 0.10664035 0.10551579 0.10496087 0.0990787  0.09294974
 0.095788   0.10423981 0.094103   0.09634552 0.09344198 0.10990349
 0.09936399 0.10308755 0.10178817 0.09798718 0.10429094 0.10031309
 0.0983276  0.11014655 0.09917197 0.10212608 0.10273265 0.10327018
 0.11543432 0.1026564  0.10342628 0.10727944 0.09933142 0.10028831
 0.10726947 0.10982246 0.1031956  0.09523859 0.10090416 0.09582978
 0.09789929 0.10788026 0.10411655 0.10236632 0.10565587 0.11091218
 0.09919802 0.103179   0.10702694 0.10246395 0.10108677 0.09519068
 0.10591238 0.11081453 0.09730429 0.10715771 0.10742262 0.10536512
 0.09509235 0.09763078 0.10625313 0.0923595  0.1016614  0.10189033
 0.11199797 0.10314784 0.10610228 0.11690427 0.10723318 0.10412039
 0.10341603 0.1036937  0.09122616 0.10113121 0.10561908 0.09339432
 0.10388149 0.10746467 0.0919191  0.10371092 0.10555732 0.11952904
 0.09942286 0.09282278 0.10881884 0.09647124 0.10264074 0.11220704
 0.10800351 0.09770603 0.0875136  0.09810371 0.10884174 0.10536617
 0.10813018 0.08512903 0.10730829 0.12012379 0.10215854 0.11846966
 0.11568983 0.10749427 0.10242629 0.10021473 0.10934975 0.09832078
 0.11122102 0.10627347 0.10427563 0.10332791 0.09894032 0.10796993
 0.11045842 0.09775293 0.0975545  0.1034235  0.10470196 0.10131861
 0.09528254 0.10582067 0.10756322 0.09785345 0.0997497  0.09790192
 0.104222   0.09976337 0.10302688 0.1015778  0.09869021 0.10646544
 0.10314051 0.10940317 0.10800865 0.09940632 0.10321644 0.10613116
 0.10337896 0.10721198 0.10348384 0.10645897 0.11593458 0.11665357
 0.09263235 0.09940885 0.10263887 0.10784217 0.0999607  0.09555322
 0.10085236 0.09708688 0.09310044 0.10604945 0.09100363 0.10737189
 0.1004605  0.11625945 0.10735715 0.10785564 0.10651401 0.11073618
 0.10247464 0.10340877 0.11299132 0.10146228 0.10522743 0.10606425
 0.10752634 0.10052736 0.10645547 0.09521168 0.09573017 0.11165914
 0.11436008 0.09464071]
partlycloudy
BERT
[0.77701324 0.78140193 0.78045774 0.7802401  0.77937573 0.7798676
 0.7796138  0.77973366 0.780257   0.77968675 0.7808401  0.77721775
 0.7819264  0.7823566  0.78056014 0.78216785 0.77924454 0.7799735
 0.7804709  0.7796928  0.7802606  0.7787809  0.7806097  0.7819543
 0.77833647 0.7795914  0.7812594  0.7773448  0.7803157  0.77967376
 0.7803175  0.780608   0.7808245  0.78097016 0.7813752  0.7804178
 0.77691495 0.77779084 0.7790807  0.78064626 0.78277177 0.78027076
 0.7792839  0.77782553 0.77764976 0.7788118  0.7807233  0.7767142
 0.77877903 0.7788635  0.77864826 0.78039974 0.78035307 0.77857906
 0.7790661  0.7782971  0.78217554 0.777707   0.7776004  0.77972865
 0.78130394 0.7817766  0.781011   0.77914405 0.7811496  0.77752036
 0.7795386  0.77602607 0.7803087  0.77891046 0.77933276 0.7791789
 0.7783919  0.7796972  0.7789392  0.78061855 0.7789012  0.78236246
 0.78132945 0.7798629  0.7793713  0.780356   0.7809091  0.78267235
 0.78140557 0.7794084  0.78074414 0.7805662  0.77902997 0.7798203
 0.7824792  0.7809705  0.77761626 0.7813511  0.78002745 0.78146213
 0.78085107 0.7765672  0.7792885  0.7758353  0.7798036  0.77967954
 0.78073376 0.7788838  0.7800656  0.7769551  0.7799541  0.7794913
 0.7799173  0.7791697  0.779832   0.7778225  0.7800981  0.77820545
 0.7828652  0.7796748  0.7762525  0.78127956 0.7808529  0.7778992
 0.7782651  0.7794525  0.77785444 0.77952045 0.7832153  0.77906257
 0.7825151  0.77845746 0.77557325 0.78294164 0.7820694  0.78245795
 0.778328   0.7808266  0.78095967 0.7817367  0.78123367 0.7824119
 0.7787087  0.7759285  0.7831563  0.78134525 0.7791234  0.780157
 0.7795412  0.78132266 0.7795765  0.7804822  0.78103966 0.78102493
 0.77980834 0.7806958  0.7802262  0.779423   0.7810503  0.779036
 0.7792417  0.7773023  0.7805393  0.77688956 0.7799257  0.7779186
 0.77910227 0.7807309  0.7795596  0.7775173  0.78136903 0.78109217
 0.7782724  0.7772545  0.7793601  0.7795611  0.7788915  0.77744293
 0.7782682  0.7801232  0.77836347 0.7824197  0.7775507  0.7794302
 0.78161186 0.78071636 0.77888054 0.7817617  0.77974117 0.7829165
 0.78211164 0.7820003  0.7796667  0.7809665  0.781196   0.78055644
 0.7794855  0.7820431  0.78192943 0.77953255 0.78019816 0.7818458
 0.7793307  0.7770089 ]
[nltk_data] Downloading package wordnet to /mnt/iusers01/fse-
[nltk_data]     ugpgt01/compsci01/q12628ct/nltk_data...
[nltk_data]   Package wordnet is already up-to-date!
[nltk_data] Downloading package punkt_tab to /mnt/iusers01/fse-
[nltk_data]     ugpgt01/compsci01/q12628ct/nltk_data...
[nltk_data]   Package punkt_tab is already up-to-date!
[nltk_data] Downloading package omw-1.4 to /mnt/iusers01/fse-
[nltk_data]     ugpgt01/compsci01/q12628ct/nltk_data...
[nltk_data]   Package omw-1.4 is already up-to-date!
/mnt/iusers01/fse-ugpgt01/compsci01/q12628ct/.conda/envs/semantic-decoding/lib/python3.10/site-packages/huggingface_hub/file_download.py:945: FutureWarning: `resume_download` is deprecated and will be removed in version 1.0.0. Downloads always resume when possible. If you want to force a new download, use `force_download=True`.
  warnings.warn(
Some weights of the model checkpoint at roberta-large were not used when initializing RobertaModel: ['lm_head.layer_norm.weight', 'lm_head.dense.weight', 'lm_head.layer_norm.bias', 'lm_head.dense.bias', 'lm_head.bias']
- This IS expected if you are initializing RobertaModel from the checkpoint of a model trained on another task or with another architecture (e.g. initializing a BertForSequenceClassification model from a BertForPreTraining model).
- This IS NOT expected if you are initializing RobertaModel from the checkpoint of a model that you expect to be exactly identical (initializing a BertForSequenceClassification model from a BertForSequenceClassification model).
Some weights of RobertaModel were not initialized from the model checkpoint at roberta-large and are newly initialized: ['roberta.pooler.dense.weight', 'roberta.pooler.dense.bias']
You should probably TRAIN this model on a down-stream task to be able to use it for predictions and inference.
laluna
WER
[-0.05770373 -0.05504546 -0.05623233 -0.06735533 -0.05091348 -0.06628886
 -0.06697788 -0.06081527 -0.06101688 -0.05409474 -0.05733169 -0.05414056
 -0.0592555  -0.06374133 -0.05730701 -0.06245793 -0.05116807 -0.06475353
 -0.05610826 -0.06396596 -0.05825189 -0.05124941 -0.06167709 -0.05985299
 -0.07053504 -0.05567061 -0.06247163 -0.05559421 -0.06476767 -0.06411185
 -0.05644083 -0.06710632 -0.06251171 -0.06232917 -0.06233195 -0.05656784
 -0.05499966 -0.05298694 -0.06032095 -0.06050327 -0.05282855 -0.05305875
 -0.06253735 -0.0625916  -0.06546616 -0.06039514 -0.06204253 -0.06097645
 -0.05330066 -0.06327424 -0.05902065 -0.06102829 -0.06174421 -0.06361237
 -0.04789254 -0.0662372  -0.06453971 -0.06511753 -0.05330325 -0.07098035
 -0.05533201 -0.05435939 -0.06037242 -0.06343424 -0.0612082  -0.05824967
 -0.05694487 -0.06518266 -0.05152544 -0.0503777  -0.06072652 -0.05862044
 -0.05768084 -0.06699627 -0.06525861 -0.06168319 -0.05122735 -0.06203862
 -0.06977991 -0.05314152 -0.05455052 -0.05725075 -0.05322558 -0.06538469
 -0.05969847 -0.0602566  -0.05867017 -0.06287409 -0.06963806 -0.05775713
 -0.06275258 -0.05763499 -0.06576461 -0.05824299 -0.06044864 -0.05124557
 -0.0679039  -0.06327874 -0.06405812 -0.05670106 -0.0562994  -0.05705239
 -0.05256196 -0.0572229  -0.05845252 -0.06380239 -0.05985376 -0.05812875
 -0.05084619 -0.06466699 -0.0550206  -0.05591518 -0.06753991 -0.05633469
 -0.06303048 -0.05847937 -0.0502384  -0.06014319 -0.05999993 -0.05679456
 -0.05560261 -0.06211222 -0.06070583 -0.0629604  -0.06228329 -0.06052601
 -0.05837429 -0.05895614 -0.05885655 -0.0544796  -0.05392322 -0.05591239
 -0.0600358  -0.06020166 -0.06090328 -0.0601829  -0.06166934 -0.05898183
 -0.057835   -0.05915862 -0.05502087 -0.06102561 -0.0619048  -0.06322652
 -0.05809061 -0.05653588 -0.0571912  -0.06159668 -0.05829133 -0.0652277
 -0.06410876 -0.06670997 -0.0546083  -0.0629057  -0.05671341 -0.06004017
 -0.06221068 -0.06034241 -0.05778929 -0.06757458 -0.05863309 -0.05764126
 -0.06564258 -0.05707683 -0.05270056 -0.05699224 -0.05770988 -0.05262937
 -0.05969124 -0.0643541  -0.0521754  -0.05407616 -0.06103454 -0.05610712
 -0.06163315 -0.05526684 -0.06166087 -0.06075469 -0.05495013 -0.0583946
 -0.05852421 -0.06660693 -0.06138327 -0.06326234 -0.05484172 -0.0552896
 -0.06234316 -0.05930021 -0.06694448 -0.06121701 -0.05744132 -0.0545737
 -0.05774564 -0.05868226 -0.05888539 -0.06119792 -0.0528691  -0.06360706
 -0.05679722 -0.05400852]
laluna
BLEU
[0.1346562  0.12564676 0.14154938 0.12343742 0.13997878 0.12531514
 0.10809792 0.12405244 0.12131988 0.13440141 0.13653417 0.13180507
 0.13271778 0.11505845 0.11926537 0.12124484 0.14220827 0.11816857
 0.12730744 0.11327411 0.12626913 0.14163622 0.12041713 0.11975058
 0.11734188 0.12875877 0.12818429 0.1280292  0.11381739 0.10818062
 0.13000879 0.11156059 0.11669182 0.12920775 0.13254931 0.1331205
 0.11621905 0.13350965 0.12214757 0.13326963 0.13741865 0.13672161
 0.12594354 0.1296865  0.12332222 0.11717042 0.11676518 0.12831644
 0.14001195 0.11328737 0.13555877 0.11877993 0.12927627 0.11184908
 0.1584607  0.11686742 0.12445963 0.10686837 0.12329794 0.10342405
 0.13242608 0.13003457 0.12138425 0.11779814 0.11672503 0.12209715
 0.13041714 0.10698934 0.14453647 0.13323786 0.13320939 0.11618847
 0.12331886 0.10580853 0.11916406 0.11969169 0.12326327 0.1235529
 0.1064961  0.14567521 0.12492805 0.13089762 0.13314126 0.11769568
 0.130294   0.12543242 0.12612708 0.12730446 0.1108959  0.12573087
 0.13994743 0.1225182  0.10845638 0.13532605 0.13552345 0.13884716
 0.11166704 0.12215304 0.11444232 0.11995425 0.1275134  0.13941189
 0.13670995 0.13095988 0.13057856 0.12141311 0.13135959 0.13179118
 0.13364594 0.10484057 0.13974681 0.12449051 0.12183587 0.13988658
 0.11306975 0.12129634 0.14124821 0.11758902 0.1174105  0.12191184
 0.13482224 0.12189093 0.12566407 0.12807579 0.11923129 0.12610946
 0.14197845 0.12743928 0.12814124 0.1321812  0.14870169 0.13726282
 0.12624453 0.11535629 0.11576652 0.12343275 0.11871916 0.12201142
 0.13274176 0.1204622  0.14053386 0.12981307 0.11657602 0.11997128
 0.1170498  0.1341192  0.12329121 0.12692166 0.12784366 0.11610023
 0.13152935 0.11066828 0.13426521 0.11708403 0.12469489 0.12763554
 0.12747687 0.11847017 0.1263235  0.12150672 0.11489882 0.13447506
 0.11653308 0.12203793 0.14273485 0.12720395 0.12782784 0.13572949
 0.12161742 0.1130843  0.1339686  0.1281885  0.10887244 0.13017286
 0.1205833  0.13200391 0.11828466 0.1258098  0.13902723 0.12607846
 0.12064713 0.11109832 0.12629684 0.11655853 0.12424773 0.11360756
 0.12310541 0.1279973  0.11917068 0.12988375 0.12666648 0.12455904
 0.12097101 0.12643261 0.12105542 0.12868833 0.14361739 0.12903408
 0.134628   0.13640467]
laluna
METEOR
[0.09575566 0.09350149 0.09823012 0.09126724 0.10099067 0.09307686
 0.08366463 0.08832757 0.09343484 0.10296886 0.09968276 0.09715774
 0.10018849 0.08531717 0.09690263 0.09254567 0.10313539 0.09413059
 0.09775843 0.0902357  0.09725799 0.10592674 0.09037052 0.08921104
 0.08942151 0.08995563 0.09620858 0.09521424 0.08865189 0.08208671
 0.09269356 0.08904673 0.08960999 0.09798281 0.09583519 0.10024314
 0.08985545 0.10070563 0.09478688 0.09957287 0.10155595 0.10005594
 0.09202538 0.09185016 0.09339532 0.08586494 0.08871656 0.09357071
 0.10286658 0.08570352 0.0993317  0.0900712  0.10069927 0.08344671
 0.11136629 0.08549081 0.09157057 0.08382695 0.09373459 0.08465977
 0.09420835 0.09470547 0.09507262 0.09058508 0.08944338 0.09234515
 0.09376316 0.08384826 0.10458095 0.09972939 0.0945097  0.08547157
 0.09530981 0.08467985 0.08784335 0.0899254  0.09262578 0.09668699
 0.08253297 0.10686683 0.0941838  0.10058101 0.1001241  0.0888028
 0.09650237 0.09594792 0.09155353 0.09257113 0.08985374 0.09811945
 0.10060563 0.09284999 0.08922189 0.10160932 0.103217   0.10201735
 0.08652302 0.09035333 0.08737304 0.09001695 0.09271969 0.1039924
 0.10325057 0.09474931 0.09756178 0.0900924  0.10019353 0.09493546
 0.10031843 0.08458475 0.10068163 0.090276   0.09123408 0.09991759
 0.08748723 0.08846125 0.10237564 0.09025477 0.08884152 0.08961222
 0.09785124 0.09304069 0.09375429 0.09242694 0.08457225 0.09152507
 0.1041189  0.08959875 0.09776024 0.09823253 0.10163265 0.10125334
 0.09411238 0.08795696 0.09162217 0.0922065  0.08596677 0.09540577
 0.09370559 0.09414731 0.09812379 0.09405901 0.08538327 0.08885064
 0.0910925  0.10001636 0.08650799 0.09896096 0.09943988 0.08915986
 0.10030989 0.08460078 0.0974725  0.09256039 0.09050823 0.09725455
 0.0928364  0.08583647 0.09367786 0.09122463 0.0899944  0.10525602
 0.09032337 0.0929568  0.10250459 0.09673432 0.09724768 0.09977838
 0.08951703 0.08656199 0.09922445 0.09317639 0.08418253 0.09801257
 0.0932526  0.09763067 0.08516585 0.09490785 0.10418556 0.09477003
 0.08497127 0.09116543 0.09374897 0.08967618 0.08654799 0.08747937
 0.08926916 0.09477696 0.09076759 0.09687389 0.09297909 0.09398036
 0.09322433 0.09193939 0.08837447 0.09614733 0.10088799 0.09100325
 0.09734477 0.10051506]
laluna
BERT
[0.7858598  0.7824611  0.7858988  0.7814921  0.785209   0.7838502
 0.78423166 0.78405946 0.7839694  0.7839831  0.78337646 0.7836368
 0.7831279  0.78366596 0.7811305  0.7840185  0.78487045 0.7832897
 0.7851045  0.77966845 0.7863763  0.7809816  0.78109974 0.78267914
 0.78371197 0.7855154  0.7864958  0.78608674 0.7822936  0.78341776
 0.78604543 0.78352916 0.7835141  0.7859216  0.7868195  0.78336465
 0.78205025 0.78703266 0.783743   0.78706753 0.7866565  0.78470796
 0.7816334  0.7820656  0.7856877  0.78183055 0.78354806 0.78710216
 0.78759044 0.78195494 0.7854028  0.7851677  0.78655285 0.7827283
 0.7875993  0.78435254 0.7841867  0.78161913 0.7836088  0.7807759
 0.7843739  0.78493977 0.78210336 0.7837838  0.78151876 0.7825902
 0.7852121  0.7838799  0.78535116 0.7865999  0.7844574  0.782394
 0.7836282  0.78186494 0.7824281  0.7856157  0.78657997 0.78343177
 0.7811104  0.7879115  0.78396237 0.7842667  0.7870753  0.784177
 0.78299755 0.7856725  0.7864815  0.7823481  0.7809024  0.781959
 0.78301686 0.78571403 0.7823306  0.7844491  0.7832935  0.78620917
 0.7837895  0.78351957 0.78403825 0.78268015 0.7843045  0.7852858
 0.78538454 0.7854557  0.7848322  0.7841627  0.786494   0.784266
 0.786919   0.7819981  0.7857675  0.7831817  0.78283703 0.7847362
 0.7863443  0.78020114 0.7843798  0.7817595  0.7829794  0.7816295
 0.78393686 0.78216803 0.7845166  0.7884115  0.7836708  0.7830264
 0.7846975  0.7863139  0.7834095  0.78481823 0.7852584  0.7867506
 0.786573   0.7817769  0.7843023  0.7850438  0.78224176 0.7828416
 0.7841839  0.7829718  0.78565824 0.78230256 0.78218067 0.7872508
 0.7856085  0.7839416  0.782987   0.7818469  0.78502274 0.7813085
 0.7881951  0.7842103  0.7868234  0.78433293 0.784861   0.7834672
 0.7823455  0.7836964  0.782846   0.78586286 0.78287345 0.78291756
 0.7822179  0.78479004 0.7876763  0.7854584  0.78626263 0.7873338
 0.78522044 0.7810398  0.78650665 0.78692037 0.7820525  0.7846484
 0.78397804 0.7856501  0.783614   0.7812509  0.7875049  0.781822
 0.7859553  0.7830686  0.78484905 0.78290033 0.7850895  0.78380996
 0.78162324 0.7849728  0.7813679  0.7861714  0.7838175  0.7857862
 0.78249264 0.7845591  0.7833901  0.78496814 0.7861841  0.7842525
 0.7843045  0.78569895]
[nltk_data] Downloading package wordnet to /mnt/iusers01/fse-
[nltk_data]     ugpgt01/compsci01/q12628ct/nltk_data...
[nltk_data]   Package wordnet is already up-to-date!
[nltk_data] Downloading package punkt_tab to /mnt/iusers01/fse-
[nltk_data]     ugpgt01/compsci01/q12628ct/nltk_data...
[nltk_data]   Package punkt_tab is already up-to-date!
[nltk_data] Downloading package omw-1.4 to /mnt/iusers01/fse-
[nltk_data]     ugpgt01/compsci01/q12628ct/nltk_data...
[nltk_data]   Package omw-1.4 is already up-to-date!
/mnt/iusers01/fse-ugpgt01/compsci01/q12628ct/.conda/envs/semantic-decoding/lib/python3.10/site-packages/huggingface_hub/file_download.py:945: FutureWarning: `resume_download` is deprecated and will be removed in version 1.0.0. Downloads always resume when possible. If you want to force a new download, use `force_download=True`.
  warnings.warn(
Some weights of the model checkpoint at roberta-large were not used when initializing RobertaModel: ['lm_head.layer_norm.weight', 'lm_head.dense.weight', 'lm_head.layer_norm.bias', 'lm_head.dense.bias', 'lm_head.bias']
- This IS expected if you are initializing RobertaModel from the checkpoint of a model trained on another task or with another architecture (e.g. initializing a BertForSequenceClassification model from a BertForPreTraining model).
- This IS NOT expected if you are initializing RobertaModel from the checkpoint of a model that you expect to be exactly identical (initializing a BertForSequenceClassification model from a BertForSequenceClassification model).
Some weights of RobertaModel were not initialized from the model checkpoint at roberta-large and are newly initialized: ['roberta.pooler.dense.weight', 'roberta.pooler.dense.bias']
You should probably TRAIN this model on a down-stream task to be able to use it for predictions and inference.
alpha_repeat-1
WER
[-0.18845047 -0.16883903 -0.16257986 -0.18911029 -0.18695509 -0.16075731
 -0.19615591 -0.18651327 -0.18770146 -0.18025191 -0.18823337 -0.15572809
 -0.20437881 -0.1819197  -0.17820887 -0.16399728 -0.18161985 -0.13844299
 -0.18636151 -0.17100538 -0.19708632 -0.17897752 -0.19901749 -0.20496691
 -0.19696058 -0.192289   -0.18669214 -0.17605756 -0.18554101 -0.15941932
 -0.19433458 -0.15292792 -0.22514914 -0.18680874 -0.20790753 -0.21393983
 -0.18617067 -0.19510981 -0.16271819 -0.17728977 -0.18497443 -0.16892575
 -0.17654676 -0.16954788 -0.18296756 -0.17225326 -0.15963074 -0.19351226
 -0.16083174 -0.20439889 -0.18985104 -0.2033264  -0.19169322 -0.18356024
 -0.2075281  -0.17965816 -0.20044718 -0.1747506  -0.17616012 -0.16576812
 -0.17739181 -0.15906302 -0.20484406 -0.19614474 -0.19337271 -0.17887574
 -0.17550589 -0.17836885 -0.21420111 -0.17093798 -0.15289925 -0.20924855
 -0.15942424 -0.17238343 -0.20184602 -0.18063943 -0.18825211 -0.16204604
 -0.17601036 -0.19692395 -0.18467091 -0.20223487 -0.18433842 -0.18398122
 -0.1755942  -0.18877913 -0.17419604 -0.14975042 -0.16806342 -0.20360517
 -0.1921506  -0.18434379 -0.18551062 -0.1763399  -0.19610423 -0.16487206
 -0.15089607 -0.19554443 -0.19900791 -0.2176484  -0.20450693 -0.1818592
 -0.16691322 -0.18912605 -0.19203221 -0.18626376 -0.17388866 -0.18440192
 -0.2152846  -0.19388152 -0.1847357  -0.19349365 -0.1707624  -0.16789422
 -0.19921058 -0.18301834 -0.21308414 -0.16981976 -0.20920261 -0.16426345
 -0.19836179 -0.207904   -0.20691215 -0.21370076 -0.1986473  -0.17729548
 -0.16983854 -0.15098177 -0.18909353 -0.14998749 -0.16886424 -0.20008177
 -0.20961841 -0.19143629 -0.16497903 -0.20019666 -0.19326094 -0.16602259
 -0.16636605 -0.18262686 -0.20506563 -0.16789873 -0.16615078 -0.19239118
 -0.19295944 -0.16345661 -0.21629338 -0.18580561 -0.19527756 -0.1925129
 -0.16651298 -0.19078114 -0.17635553 -0.18017846 -0.18871026 -0.22348507
 -0.15808312 -0.19015771 -0.19242166 -0.19077927 -0.1788231  -0.17730968
 -0.19943952 -0.18386603 -0.17456055 -0.17137252 -0.17444582 -0.16763713
 -0.18189348 -0.15371178 -0.16299894 -0.18377232 -0.18823549 -0.17697117
 -0.1664159  -0.18287965 -0.18776692 -0.18238364 -0.20002195 -0.18331353
 -0.16176374 -0.17555373 -0.19090248 -0.14938038 -0.18445181 -0.19440337
 -0.1975726  -0.18069962 -0.17851688 -0.19548857 -0.17059089 -0.20173954
 -0.16823557 -0.17230576 -0.17973639 -0.16091723 -0.17818093 -0.19381323
 -0.19835444 -0.19925243]
alpha_repeat-1
BLEU
[0.19376908 0.20718422 0.17351233 0.17808705 0.16985785 0.19455018
 0.19985407 0.20749376 0.15326052 0.19175597 0.2141884  0.23059787
 0.14522572 0.2392464  0.21341545 0.19755616 0.19064902 0.23698624
 0.20129805 0.20300266 0.19470321 0.19870339 0.14428602 0.12330598
 0.20789877 0.20160378 0.19029093 0.20822648 0.18101921 0.22138059
 0.2243791  0.21471899 0.12142938 0.23438927 0.13154005 0.14156064
 0.17252163 0.19464275 0.19805095 0.22080591 0.18293874 0.20900789
 0.20262196 0.17979494 0.16960639 0.18981227 0.21156646 0.18536724
 0.24107407 0.15260743 0.16675085 0.15474575 0.21543631 0.18516654
 0.13521372 0.18205295 0.1616044  0.21449688 0.15306772 0.22803036
 0.24176506 0.20000418 0.17703849 0.16854667 0.1761061  0.21613044
 0.20097008 0.20671923 0.14776565 0.16247402 0.20202106 0.14318156
 0.17210791 0.17562252 0.14038704 0.22716674 0.15518643 0.23863737
 0.19927915 0.1366492  0.18636831 0.18737351 0.23882134 0.1867277
 0.17924133 0.14300282 0.20722132 0.25660463 0.21128536 0.1600161
 0.14891061 0.21810009 0.16418661 0.23489687 0.15634776 0.22818605
 0.2240299  0.1535614  0.20870999 0.19361795 0.14362995 0.18492616
 0.19500771 0.15773909 0.16582418 0.1716672  0.20281708 0.17097403
 0.15645988 0.15651209 0.21064713 0.21681914 0.20050965 0.2304821
 0.1501941  0.17360958 0.11666021 0.21757293 0.12786082 0.23248609
 0.16456604 0.1769971  0.13206136 0.17831033 0.19203032 0.15049438
 0.20534107 0.22289381 0.18897579 0.2115879  0.1849957  0.19650328
 0.15435276 0.13092204 0.23846323 0.17266371 0.17324326 0.19698773
 0.21500941 0.16196141 0.16516003 0.23638569 0.21782702 0.17936032
 0.15993809 0.22938539 0.11913031 0.18260543 0.14685096 0.18619794
 0.18267138 0.18543421 0.25048189 0.1711573  0.15308502 0.08597351
 0.20834132 0.13540588 0.19321655 0.17028046 0.20389948 0.20960018
 0.19746187 0.18716849 0.18467311 0.1770046  0.18339566 0.20815642
 0.18587744 0.21521431 0.23940542 0.19225833 0.18809128 0.20950826
 0.23929787 0.23918943 0.19219236 0.16634655 0.16125559 0.22637807
 0.19548822 0.21009649 0.16960331 0.24220567 0.20402811 0.16348112
 0.18985739 0.23765774 0.21169751 0.17814111 0.19542436 0.14618928
 0.21139715 0.22216404 0.22977464 0.19011109 0.17895759 0.16712692
 0.13869629 0.22960945]
alpha_repeat-1
METEOR
[0.14461    0.15349656 0.13753372 0.13256575 0.13003307 0.14308559
 0.15510058 0.14571057 0.12448266 0.14690979 0.1483657  0.1599607
 0.11215137 0.17353916 0.16543659 0.14037969 0.14236787 0.1799373
 0.15710465 0.15292119 0.15940293 0.1403535  0.11390093 0.09133666
 0.15432189 0.15608698 0.1270398  0.16449496 0.1373874  0.17552712
 0.16693909 0.16029348 0.09946257 0.16725023 0.10868673 0.11160168
 0.15685668 0.144843   0.13795176 0.14295496 0.13317214 0.16645991
 0.15619457 0.1461116  0.12910759 0.13272298 0.15035866 0.13342858
 0.15353262 0.10026141 0.14267635 0.12064016 0.15850633 0.13523605
 0.10047822 0.129874   0.12472949 0.16832775 0.11861163 0.18142206
 0.17850591 0.13610562 0.14152335 0.13619054 0.1407373  0.13960461
 0.14152742 0.14925678 0.10197252 0.13374388 0.14901024 0.11580287
 0.1349393  0.13006593 0.09636867 0.17929051 0.12211059 0.17261545
 0.1581179  0.11475341 0.14131192 0.14467971 0.16163983 0.13185901
 0.12660012 0.10933958 0.13029005 0.18504195 0.16331743 0.12723964
 0.09984977 0.15437164 0.12338962 0.17537477 0.116948   0.15285522
 0.17287139 0.10478214 0.14026097 0.13671266 0.11034009 0.13309229
 0.15030527 0.12609861 0.12769044 0.14083715 0.1542984  0.13100633
 0.1129751  0.11775064 0.16293245 0.15850855 0.13745415 0.15508937
 0.12443757 0.15563981 0.09372131 0.15442638 0.10679659 0.15339731
 0.12692387 0.14428716 0.11195343 0.12696461 0.14057581 0.13563179
 0.15760496 0.1769237  0.13402071 0.14902092 0.12645374 0.1297421
 0.12263976 0.09447758 0.16526968 0.13144988 0.14302368 0.16046284
 0.15248664 0.11347057 0.1370952  0.1808472  0.16775269 0.11545158
 0.1185557  0.17873597 0.09313206 0.13302346 0.12919655 0.13073196
 0.14512732 0.13028274 0.16954675 0.13315904 0.12108716 0.06658417
 0.14469709 0.10110002 0.14860516 0.13573598 0.15472019 0.14446262
 0.15235357 0.12919597 0.13551818 0.12897217 0.1299704  0.15299635
 0.15756541 0.15149478 0.19045036 0.13351354 0.13050755 0.1649593
 0.17797914 0.16109244 0.14250653 0.13744158 0.11160597 0.16317397
 0.13889132 0.15259975 0.11867529 0.18822703 0.15727935 0.11873991
 0.12550798 0.16575313 0.15473024 0.13883543 0.14130531 0.12433223
 0.14972365 0.17519092 0.15984276 0.1405617  0.14600311 0.13033741
 0.09940542 0.14867963]
alpha_repeat-1
BERT
[0.7957926  0.79939747 0.78802156 0.7918454  0.79332036 0.7937568
 0.79100597 0.7950376  0.7892569  0.79549396 0.7931833  0.7989485
 0.79190797 0.7937504  0.79599196 0.7923398  0.79634047 0.79735583
 0.79922354 0.79261017 0.7963421  0.7926273  0.7927495  0.7908133
 0.7975406  0.7894123  0.7948686  0.79759496 0.7971266  0.79623216
 0.7958976  0.79689014 0.78935474 0.7957996  0.79105896 0.79226613
 0.7928634  0.7953657  0.79049367 0.7945863  0.79207444 0.794419
 0.7914832  0.79451686 0.7953758  0.7957589  0.7932666  0.7921499
 0.7966237  0.7922239  0.7913011  0.796667   0.79359215 0.7898921
 0.7910473  0.78851634 0.7967803  0.7937543  0.7951385  0.7957345
 0.79474396 0.79361296 0.79605615 0.7923104  0.79824615 0.7925073
 0.7991401  0.7973339  0.7925795  0.7917497  0.7930246  0.7873979
 0.7898379  0.7927551  0.7960034  0.7966977  0.79158306 0.80193776
 0.79537237 0.7935484  0.79451567 0.7938921  0.7909198  0.7891964
 0.79558116 0.7899934  0.7976215  0.80105704 0.7925828  0.7927993
 0.7912258  0.79650825 0.79134786 0.7928873  0.79370487 0.796202
 0.79417634 0.7918945  0.7916233  0.79129547 0.7884769  0.7965607
 0.7975902  0.7900761  0.7921307  0.79419094 0.7942999  0.7930484
 0.79141587 0.7913719  0.7977561  0.798858   0.79698163 0.79279643
 0.79124236 0.7922355  0.7891995  0.79347014 0.792713   0.7959872
 0.7950464  0.79761153 0.79599893 0.79859114 0.7910916  0.79507095
 0.79380864 0.79246557 0.79128295 0.79819155 0.7964576  0.79986304
 0.78954    0.7912364  0.7945734  0.79012597 0.7938619  0.79645294
 0.79442084 0.7922771  0.79553956 0.794139   0.7947358  0.79717755
 0.795674   0.80164355 0.7940813  0.7940793  0.7959089  0.80054677
 0.7923798  0.78763914 0.79742163 0.798073   0.7917867  0.7924831
 0.79652923 0.7912696  0.79687035 0.79221416 0.79000735 0.79406327
 0.7968552  0.79338706 0.7938378  0.7885792  0.7948169  0.7961897
 0.7980635  0.79616976 0.7960741  0.786358   0.79191834 0.7932933
 0.7953045  0.79536575 0.7936464  0.79054147 0.7944535  0.79563624
 0.7969438  0.7959741  0.79633164 0.79999    0.7950123  0.7958616
 0.7939304  0.7976955  0.7984794  0.7978507  0.79288894 0.78997177
 0.79335237 0.794443   0.79723006 0.7936363  0.7951757  0.79613465
 0.7873028  0.79623944]
[nltk_data] Downloading package wordnet to /mnt/iusers01/fse-
[nltk_data]     ugpgt01/compsci01/q12628ct/nltk_data...
[nltk_data]   Package wordnet is already up-to-date!
[nltk_data] Downloading package punkt_tab to /mnt/iusers01/fse-
[nltk_data]     ugpgt01/compsci01/q12628ct/nltk_data...
[nltk_data]   Package punkt_tab is already up-to-date!
[nltk_data] Downloading package omw-1.4 to /mnt/iusers01/fse-
[nltk_data]     ugpgt01/compsci01/q12628ct/nltk_data...
[nltk_data]   Package omw-1.4 is already up-to-date!
/mnt/iusers01/fse-ugpgt01/compsci01/q12628ct/.conda/envs/semantic-decoding/lib/python3.10/site-packages/huggingface_hub/file_download.py:945: FutureWarning: `resume_download` is deprecated and will be removed in version 1.0.0. Downloads always resume when possible. If you want to force a new download, use `force_download=True`.
  warnings.warn(
Some weights of the model checkpoint at roberta-large were not used when initializing RobertaModel: ['lm_head.dense.bias', 'lm_head.layer_norm.bias', 'lm_head.layer_norm.weight', 'lm_head.bias', 'lm_head.dense.weight']
- This IS expected if you are initializing RobertaModel from the checkpoint of a model trained on another task or with another architecture (e.g. initializing a BertForSequenceClassification model from a BertForPreTraining model).
- This IS NOT expected if you are initializing RobertaModel from the checkpoint of a model that you expect to be exactly identical (initializing a BertForSequenceClassification model from a BertForSequenceClassification model).
Some weights of RobertaModel were not initialized from the model checkpoint at roberta-large and are newly initialized: ['roberta.pooler.dense.bias', 'roberta.pooler.dense.weight']
You should probably TRAIN this model on a down-stream task to be able to use it for predictions and inference.
alpha_repeat-2
WER
[-0.17206568 -0.1181675  -0.13025503 -0.1361261  -0.14125265 -0.1512454
 -0.1229448  -0.13332733 -0.10896154 -0.11814617 -0.13516579 -0.1359182
 -0.13212427 -0.1444681  -0.12514345 -0.12761766 -0.12246288 -0.14574309
 -0.15049274 -0.11587793 -0.11862274 -0.12876328 -0.13234738 -0.11852634
 -0.14746238 -0.14688848 -0.16068638 -0.14605203 -0.10090391 -0.16717285
 -0.11366336 -0.10414695 -0.1147573  -0.15013751 -0.14131997 -0.14896641
 -0.12907547 -0.13823859 -0.15290802 -0.1021746  -0.13659227 -0.13610295
 -0.12367107 -0.11150835 -0.10915265 -0.13516644 -0.12278492 -0.13055042
 -0.11591476 -0.11770513 -0.12852618 -0.11838124 -0.11722362 -0.12889031
 -0.13442172 -0.13524399 -0.14623501 -0.14193809 -0.10486229 -0.14116705
 -0.11249449 -0.13923003 -0.13745173 -0.11701991 -0.09986049 -0.13070046
 -0.12508239 -0.15261797 -0.13014054 -0.14748488 -0.13449305 -0.14813264
 -0.115758   -0.10705477 -0.12438048 -0.1387282  -0.12902317 -0.13016782
 -0.14587558 -0.11868969 -0.13987161 -0.12846005 -0.14868905 -0.13468801
 -0.13027714 -0.07720816 -0.13942453 -0.13576795 -0.14256044 -0.12088916
 -0.12596756 -0.14063859 -0.15383962 -0.13342499 -0.10018853 -0.13099419
 -0.15035078 -0.15116965 -0.152355   -0.13691454 -0.14994343 -0.13095565
 -0.12970254 -0.13202352 -0.13849113 -0.11735125 -0.11964188 -0.13193543
 -0.15689391 -0.12165303 -0.11132972 -0.14583709 -0.15104211 -0.10987041
 -0.14875063 -0.13674104 -0.13328662 -0.13780607 -0.12510622 -0.1195503
 -0.14705197 -0.12867461 -0.08837498 -0.14953712 -0.12879317 -0.13357617
 -0.10528203 -0.14569663 -0.12038617 -0.10670223 -0.1225836  -0.13318565
 -0.14046431 -0.14136661 -0.14145048 -0.12104292 -0.13111837 -0.12534478
 -0.12054026 -0.10997495 -0.14205744 -0.12569651 -0.1540876  -0.13902586
 -0.14244853 -0.12894258 -0.14088675 -0.14804473 -0.11807887 -0.12206127
 -0.09887838 -0.11154482 -0.16182977 -0.10778558 -0.16257883 -0.14825352
 -0.14063987 -0.14489872 -0.13362675 -0.11480712 -0.12098359 -0.10421299
 -0.12035617 -0.14527454 -0.1412496  -0.14315372 -0.08186253 -0.13900667
 -0.11532906 -0.13411609 -0.11889601 -0.12989419 -0.11710724 -0.12496167
 -0.13258479 -0.13058699 -0.11787392 -0.13407755 -0.11911911 -0.13385286
 -0.10811933 -0.15155668 -0.101105   -0.12926085 -0.0899676  -0.13495365
 -0.14094704 -0.11957982 -0.17516938 -0.11040284 -0.11962495 -0.15423232
 -0.12880712 -0.11910439 -0.08893357 -0.12091423 -0.15966825 -0.14436284
 -0.13018063 -0.10886447]
alpha_repeat-2
BLEU
[0.12494715 0.18590308 0.18843849 0.1637613  0.17144303 0.17139349
 0.15901851 0.17318424 0.2161195  0.17485944 0.21883738 0.2135241
 0.16800344 0.14676228 0.17111051 0.17557999 0.20752901 0.15606657
 0.20811692 0.20107419 0.18033105 0.17863228 0.18191301 0.22022069
 0.16486289 0.13369448 0.15683294 0.14635954 0.25076385 0.12570303
 0.2082312  0.17873311 0.20324355 0.19077402 0.17814117 0.17566211
 0.19981819 0.20216806 0.198166   0.21930265 0.14305699 0.15733734
 0.15342281 0.19878235 0.19437911 0.18117742 0.21192856 0.19486014
 0.17755911 0.17391147 0.1538218  0.2302586  0.23076787 0.18409451
 0.15637286 0.21111967 0.184001   0.1628034  0.22653958 0.14296698
 0.1815185  0.1095214  0.22960065 0.18394336 0.1774787  0.20323037
 0.2114171  0.16020338 0.20837487 0.20276038 0.20727    0.14915397
 0.20372991 0.21439084 0.19338133 0.14920328 0.19939345 0.16303433
 0.19963164 0.22634395 0.23555251 0.18354493 0.15624992 0.17049283
 0.16815483 0.22580001 0.17313586 0.16235528 0.17361176 0.182325
 0.19813179 0.19833416 0.17263301 0.20273979 0.22597655 0.18368259
 0.14196282 0.14478256 0.15438657 0.16144856 0.14809492 0.17681797
 0.17729146 0.16448248 0.16466512 0.20016209 0.21759737 0.18716043
 0.16117012 0.22359683 0.17922635 0.15986324 0.17675837 0.20663244
 0.19728055 0.12702346 0.14715298 0.19188127 0.19553433 0.17776882
 0.13108561 0.17271156 0.2828838  0.16044509 0.21392172 0.15282744
 0.23402104 0.14692047 0.20911652 0.20569336 0.16757266 0.1702106
 0.15429013 0.19639756 0.20339724 0.22692701 0.18430073 0.23850407
 0.18132913 0.21560674 0.20293214 0.19301424 0.14698053 0.16089756
 0.21083589 0.15806748 0.11646134 0.16941537 0.17891622 0.18486681
 0.20018069 0.20566728 0.13996105 0.20044059 0.11153633 0.16096979
 0.15267055 0.18957096 0.16373241 0.18197361 0.21247185 0.20051464
 0.2278807  0.15509964 0.1398408  0.218075   0.20392997 0.18074533
 0.18043048 0.19385131 0.21008116 0.21352894 0.17804558 0.19382713
 0.2239802  0.16446355 0.22476321 0.14658775 0.23353918 0.19679384
 0.21534295 0.19284365 0.2150589  0.15924119 0.21985768 0.16090771
 0.22119286 0.2103028  0.15581097 0.17525399 0.18946687 0.1264259
 0.16904656 0.18893444 0.20588376 0.20004302 0.12242471 0.16271327
 0.19443545 0.19970467]
alpha_repeat-2
METEOR
[0.09225487 0.15446831 0.14506278 0.12408649 0.12582936 0.11876746
 0.11946299 0.12981049 0.14929228 0.14040118 0.16298682 0.13583092
 0.12897817 0.1185425  0.12023995 0.11231798 0.15435213 0.12057613
 0.14921883 0.1473515  0.1324277  0.1210998  0.12678824 0.17015803
 0.13548813 0.11090558 0.11017299 0.11484367 0.17899121 0.09787645
 0.15276997 0.13549069 0.1571839  0.13118    0.1154805  0.11887879
 0.14078456 0.143425   0.14945875 0.15067694 0.11307692 0.1084237
 0.1250918  0.1352421  0.13593117 0.13912367 0.15318741 0.14510631
 0.13822179 0.13655893 0.12606005 0.15867689 0.15598344 0.13443151
 0.12523829 0.14867423 0.12766333 0.1239931  0.15942648 0.1182552
 0.14118493 0.09220613 0.15541225 0.1347275  0.14015878 0.14053823
 0.14835768 0.11241852 0.14694109 0.15284678 0.15402424 0.12209337
 0.15107112 0.15548011 0.13882232 0.11430271 0.14081619 0.1231786
 0.1385809  0.160778   0.17516943 0.14961415 0.12266922 0.11748131
 0.13200575 0.17086189 0.13386401 0.13168746 0.13175798 0.14767321
 0.13701628 0.15416412 0.12016243 0.14821328 0.16460621 0.13868333
 0.12180682 0.10607486 0.11485543 0.11898025 0.10422973 0.12384769
 0.13348548 0.13310354 0.10711883 0.14725653 0.17258986 0.12058814
 0.11194898 0.17735096 0.13908135 0.12673085 0.15905862 0.13870959
 0.13081873 0.10694017 0.09291995 0.13099643 0.14613105 0.14306723
 0.10585356 0.13073532 0.19369356 0.1209607  0.14834145 0.1075872
 0.15716922 0.1068254  0.14655453 0.14242258 0.12638249 0.13009323
 0.10591676 0.14246016 0.14168581 0.15828977 0.12647486 0.18305931
 0.15526612 0.14929576 0.13797704 0.14043361 0.10540647 0.12887247
 0.15930216 0.10738542 0.09540666 0.12103849 0.14144336 0.13646393
 0.15883247 0.14327205 0.09795724 0.13970631 0.08764789 0.11263019
 0.11626918 0.15243317 0.12342439 0.13353695 0.15555773 0.13332375
 0.17187699 0.11656959 0.10050311 0.14497185 0.15044176 0.11932452
 0.12810816 0.13468765 0.15621956 0.14166516 0.12692726 0.14384203
 0.16708227 0.12853064 0.15153186 0.10120378 0.16246731 0.14433379
 0.16001855 0.12994711 0.15588239 0.1138209  0.15434787 0.11254031
 0.1551837  0.16485998 0.12003202 0.12394574 0.14911377 0.09420549
 0.1287709  0.13348066 0.15257195 0.14418682 0.08370646 0.13180865
 0.13035868 0.15709831]
alpha_repeat-2
BERT
[0.79134053 0.79463226 0.79226565 0.7955949  0.79507    0.7953039
 0.7908256  0.7908831  0.7934413  0.78786206 0.78906846 0.7940512
 0.7907755  0.7911062  0.791075   0.79478997 0.79732114 0.79263616
 0.7978021  0.7900527  0.7924278  0.78937465 0.7921686  0.79536366
 0.79553986 0.79657924 0.79569113 0.7893836  0.79968977 0.78872967
 0.80449015 0.798477   0.79854965 0.7944543  0.79143924 0.79340225
 0.79815555 0.78814614 0.79600793 0.7951627  0.78879493 0.79245687
 0.7931348  0.7926767  0.79645103 0.79291254 0.79742503 0.7934497
 0.79432076 0.7964668  0.7944653  0.79724175 0.8000568  0.79581887
 0.794923   0.79221016 0.7947877  0.794936   0.7959288  0.79433405
 0.7923863  0.7905457  0.79949385 0.7906305  0.7953143  0.795217
 0.7934303  0.7916083  0.7899095  0.7947476  0.80155313 0.7939274
 0.7945905  0.7978497  0.7915907  0.7936833  0.7955276  0.79393685
 0.79841214 0.7981731  0.7978993  0.7920615  0.7916522  0.7948666
 0.7950856  0.7927609  0.7907896  0.79298055 0.78797495 0.7922916
 0.7936994  0.798004   0.7917127  0.7973658  0.7955073  0.7923742
 0.79179394 0.7912107  0.7913531  0.7916021  0.78793895 0.79357666
 0.7885268  0.79492104 0.79701483 0.7973859  0.7974603  0.7916572
 0.78919125 0.7950004  0.79461086 0.7980369  0.7910193  0.7920511
 0.7951022  0.7934656  0.79115605 0.79299194 0.7967521  0.79948074
 0.79415613 0.79390436 0.80590385 0.79415214 0.7942089  0.7899291
 0.79707664 0.7944467  0.79310274 0.79488045 0.7961571  0.79930615
 0.7888349  0.7948478  0.79212636 0.7951691  0.79082733 0.7946212
 0.79066104 0.7951514  0.788973   0.79139084 0.7886046  0.7903298
 0.79512703 0.78823936 0.78763163 0.78783417 0.7960961  0.79550284
 0.7961257  0.7944515  0.7941274  0.79556775 0.79224044 0.7923685
 0.7925578  0.7910535  0.79218507 0.7975058  0.7959479  0.79464585
 0.797447   0.7929786  0.7873298  0.7941595  0.7958029  0.7931087
 0.7956853  0.7939098  0.79746264 0.7997961  0.79458666 0.79331124
 0.79870856 0.79407895 0.8010616  0.7894741  0.7950697  0.7982788
 0.80032486 0.7917659  0.798551   0.7904262  0.79635054 0.7917716
 0.7963927  0.7909959  0.79198474 0.79301125 0.7985906  0.7932429
 0.7893436  0.79081017 0.7977612  0.7924342  0.7908639  0.7936
 0.8013218  0.7987764 ]
[nltk_data] Downloading package wordnet to /mnt/iusers01/fse-
[nltk_data]     ugpgt01/compsci01/q12628ct/nltk_data...
[nltk_data]   Package wordnet is already up-to-date!
[nltk_data] Downloading package punkt_tab to /mnt/iusers01/fse-
[nltk_data]     ugpgt01/compsci01/q12628ct/nltk_data...
[nltk_data]   Package punkt_tab is already up-to-date!
[nltk_data] Downloading package omw-1.4 to /mnt/iusers01/fse-
[nltk_data]     ugpgt01/compsci01/q12628ct/nltk_data...
[nltk_data]   Package omw-1.4 is already up-to-date!
/mnt/iusers01/fse-ugpgt01/compsci01/q12628ct/.conda/envs/semantic-decoding/lib/python3.10/site-packages/huggingface_hub/file_download.py:945: FutureWarning: `resume_download` is deprecated and will be removed in version 1.0.0. Downloads always resume when possible. If you want to force a new download, use `force_download=True`.
  warnings.warn(
Some weights of the model checkpoint at roberta-large were not used when initializing RobertaModel: ['lm_head.dense.weight', 'lm_head.layer_norm.bias', 'lm_head.bias', 'lm_head.dense.bias', 'lm_head.layer_norm.weight']
- This IS expected if you are initializing RobertaModel from the checkpoint of a model trained on another task or with another architecture (e.g. initializing a BertForSequenceClassification model from a BertForPreTraining model).
- This IS NOT expected if you are initializing RobertaModel from the checkpoint of a model that you expect to be exactly identical (initializing a BertForSequenceClassification model from a BertForSequenceClassification model).
Some weights of RobertaModel were not initialized from the model checkpoint at roberta-large and are newly initialized: ['roberta.pooler.dense.weight', 'roberta.pooler.dense.bias']
You should probably TRAIN this model on a down-stream task to be able to use it for predictions and inference.
bravo_repeat-1
WER
[-0.06045205 -0.0833211  -0.06196464 -0.0737332  -0.06844748 -0.04206599
 -0.07406968 -0.06903124 -0.04201609 -0.07782483 -0.07210007 -0.07888846
 -0.05544826 -0.0668527  -0.09370056 -0.07857921 -0.06920778 -0.0879696
 -0.05937625 -0.0729923  -0.09215067 -0.05918958 -0.07691778 -0.08323985
 -0.07894491 -0.06432658 -0.09306388 -0.08337347 -0.09568544 -0.0554583
 -0.07691429 -0.06154968 -0.08055068 -0.0514759  -0.06226515 -0.07803578
 -0.05871919 -0.05915011 -0.08882393 -0.05234337 -0.06721723 -0.07514172
 -0.08034832 -0.09607344 -0.06880221 -0.07450957 -0.08624216 -0.08778198
 -0.07335    -0.08586094 -0.08646026 -0.07864562 -0.10216878 -0.08650723
 -0.07555516 -0.09290348 -0.08281616 -0.06623639 -0.08880121 -0.06211891
 -0.06306671 -0.07461265 -0.07746422 -0.05572493 -0.06276406 -0.08434471
 -0.09804951 -0.082858   -0.07251288 -0.06750771 -0.08649224 -0.07848908
 -0.08169433 -0.08424865 -0.07259626 -0.07203551 -0.10159686 -0.06688302
 -0.08270855 -0.09242216 -0.07881042 -0.08520627 -0.07133824 -0.0901468
 -0.04646532 -0.07692203 -0.08998864 -0.08077371 -0.06551962 -0.05973534
 -0.10623905 -0.07161813 -0.09113188 -0.07647823 -0.09161307 -0.05381967
 -0.0965114  -0.06840237 -0.08061314 -0.07183212 -0.07227891 -0.08239312
 -0.0939225  -0.08901183 -0.08263687 -0.06328398 -0.08851815 -0.08410667
 -0.07252339 -0.07044864 -0.09798273 -0.08600082 -0.09169269 -0.08649391
 -0.0727442  -0.07287801 -0.07074576 -0.07929371 -0.07358965 -0.07261691
 -0.04955984 -0.07607545 -0.05802225 -0.04299407 -0.08213324 -0.07316594
 -0.08846959 -0.08801793 -0.06765665 -0.06011885 -0.08741571 -0.07590729
 -0.07401143 -0.09058077 -0.05238364 -0.06901114 -0.09701044 -0.10155775
 -0.07738464 -0.05432805 -0.09614368 -0.09238077 -0.08696516 -0.0958725
 -0.09720019 -0.07961854 -0.08954838 -0.10116849 -0.06802445 -0.07512632
 -0.04174794 -0.06338256 -0.0522789  -0.08864078 -0.09470636 -0.07136584
 -0.0826977  -0.06181767 -0.06996296 -0.08780984 -0.06348556 -0.06406528
 -0.07762061 -0.05846554 -0.06275526 -0.06521904 -0.07195514 -0.0894907
 -0.06885355 -0.06225883 -0.06990104 -0.07509338 -0.06573662 -0.06397551
 -0.08332928 -0.0930222  -0.09223745 -0.08477444 -0.08353901 -0.07507251
 -0.0778821  -0.06365755 -0.08331297 -0.07770104 -0.08677756 -0.06650062
 -0.07054    -0.07624084 -0.06746729 -0.08999912 -0.08642794 -0.10523136
 -0.07891059 -0.10151742 -0.07376517 -0.08426234 -0.06433788 -0.05912106
 -0.05789857 -0.0692295 ]
bravo_repeat-1
BLEU
[0.22023017 0.23977403 0.21011227 0.18550165 0.22673183 0.27314127
 0.21902154 0.2299449  0.24013594 0.187387   0.21156914 0.21829116
 0.21648918 0.21212614 0.16127016 0.18844682 0.20236718 0.18147422
 0.2380155  0.21169653 0.16350394 0.23617797 0.24045768 0.22679784
 0.2223057  0.23767984 0.2149028  0.20040339 0.23980889 0.22453032
 0.23690004 0.21552988 0.20575512 0.23130534 0.21132045 0.22219819
 0.21795519 0.24889556 0.17609135 0.25019477 0.21432138 0.22112456
 0.21273468 0.17056547 0.24719332 0.22781134 0.18920047 0.18749177
 0.22702075 0.21223136 0.20461439 0.21937643 0.16289767 0.18429991
 0.19835204 0.15677773 0.22572807 0.27867905 0.20770638 0.21984982
 0.26320249 0.20657769 0.22231012 0.26104638 0.24730812 0.21819672
 0.15195749 0.24407906 0.20034268 0.21328406 0.14407967 0.21751816
 0.21522151 0.23586329 0.16981034 0.22483842 0.15556595 0.19634075
 0.16361853 0.22464692 0.17328806 0.19123222 0.21017754 0.20145098
 0.25362678 0.20839109 0.22672729 0.21078004 0.24379682 0.24898591
 0.16515859 0.24300648 0.21768695 0.23271683 0.18364567 0.2157926
 0.18846078 0.20646195 0.19510694 0.23415373 0.19937837 0.19208751
 0.15711261 0.22135989 0.20026734 0.21032681 0.18978286 0.20055118
 0.23450749 0.2241946  0.17337073 0.22802942 0.18421288 0.21763949
 0.20798536 0.22833559 0.23943838 0.22283237 0.21539238 0.18937633
 0.25396904 0.19982283 0.2540881  0.25699832 0.20696351 0.19957547
 0.23605728 0.1768205  0.22608917 0.18289592 0.21236018 0.19949163
 0.25185208 0.17765158 0.25787215 0.2287119  0.20791962 0.14613705
 0.23034788 0.25356796 0.15013873 0.20070658 0.21514779 0.21102779
 0.12294171 0.21156735 0.1521943  0.16131726 0.21086231 0.21763875
 0.25359993 0.18931076 0.26143331 0.18721263 0.15380928 0.22017012
 0.16309534 0.20224137 0.22690804 0.21506177 0.20029985 0.25683738
 0.23253206 0.23195928 0.24067709 0.15309698 0.2545603  0.18945457
 0.25683274 0.19092603 0.22199578 0.19055358 0.26841344 0.20960106
 0.20964952 0.21941743 0.24283265 0.19879998 0.2012854  0.19765559
 0.26555468 0.25019827 0.21333808 0.20932908 0.18717187 0.23460221
 0.23048746 0.22742988 0.21801013 0.1781066  0.20446359 0.20942405
 0.19789654 0.16304049 0.22982367 0.20724088 0.25531518 0.22591552
 0.23177612 0.25013463]
bravo_repeat-1
METEOR
[0.1645665  0.16862618 0.14773374 0.14723011 0.15609624 0.21133618
 0.15507893 0.17135169 0.19240808 0.14434489 0.13885815 0.15222354
 0.14097598 0.15475982 0.13329604 0.13276301 0.12802233 0.13287118
 0.17059166 0.15630264 0.11425417 0.17612791 0.17133054 0.15522995
 0.16917126 0.16842374 0.15434182 0.16265242 0.16839505 0.15788167
 0.16211847 0.14842821 0.15509932 0.17345337 0.15353672 0.16029869
 0.16625835 0.17893416 0.11365795 0.20108609 0.14712048 0.14672839
 0.14197071 0.11112362 0.18622722 0.16989575 0.14531003 0.13216918
 0.16240649 0.15281229 0.13931349 0.13963976 0.11015708 0.13285862
 0.15130403 0.10535743 0.15933244 0.20169228 0.14933638 0.16202527
 0.17738214 0.1499017  0.14008428 0.19937494 0.18411027 0.15163116
 0.12192107 0.15012327 0.12332677 0.17437823 0.10362097 0.15450577
 0.14329443 0.155371   0.1203659  0.14233358 0.13525809 0.1415562
 0.11030631 0.1494127  0.13498901 0.12772559 0.15704601 0.1352424
 0.18845591 0.1446464  0.15901724 0.14985108 0.17520339 0.18520201
 0.12338275 0.17894115 0.16280568 0.16404752 0.13398194 0.13764685
 0.1442534  0.15422091 0.16414162 0.15998318 0.13524449 0.143706
 0.11306109 0.14550418 0.15464626 0.15445927 0.12670606 0.14660757
 0.16169373 0.15785015 0.12720062 0.14912744 0.12331078 0.15165523
 0.15956418 0.15707308 0.170346   0.15092993 0.14832106 0.14400824
 0.17775522 0.13208633 0.17578715 0.176383   0.15666782 0.14685887
 0.14607152 0.11083899 0.14188138 0.15095467 0.16167453 0.1584
 0.18005206 0.13077383 0.17386365 0.17469949 0.15347893 0.10352639
 0.17787572 0.18983718 0.11774867 0.14196306 0.14311187 0.15900685
 0.09197293 0.15713039 0.11282644 0.11789001 0.15520074 0.14205536
 0.19244679 0.13710205 0.17242114 0.16331441 0.10508498 0.16633465
 0.11700153 0.13358476 0.17118962 0.16935936 0.14640315 0.16466282
 0.16091945 0.18028593 0.17292168 0.11148978 0.16182489 0.13392873
 0.17962676 0.13393282 0.15413099 0.14164075 0.18778752 0.16530659
 0.14538544 0.14236086 0.16048265 0.12619316 0.15109041 0.13918415
 0.17590437 0.17404308 0.13861014 0.142097   0.13890807 0.1701409
 0.16305148 0.1503313  0.14475243 0.12666071 0.15519385 0.14180347
 0.13924917 0.13634265 0.15901686 0.1574488  0.18313957 0.15858528
 0.17136291 0.18127221]
bravo_repeat-1
BERT
[0.8037854  0.81028515 0.8078965  0.8053173  0.81101376 0.80985904
 0.8046113  0.8060406  0.80414844 0.8024375  0.7993927  0.8037217
 0.8038388  0.80161417 0.80410504 0.8015417  0.80397546 0.8031359
 0.80615216 0.80480504 0.79975957 0.801136   0.80357075 0.8141428
 0.80749565 0.80728614 0.80249655 0.8080202  0.8114513  0.805778
 0.80556774 0.8040972  0.80366486 0.8066184  0.80373865 0.8063803
 0.809669   0.8062086  0.8005343  0.8069448  0.8032011  0.80454963
 0.8034978  0.8019583  0.8073085  0.80780745 0.8085518  0.8069526
 0.8037221  0.80281544 0.805782   0.80518836 0.806526   0.8034326
 0.807556   0.79908276 0.8068533  0.80454767 0.80443096 0.8122058
 0.8076756  0.804614   0.80924785 0.8095992  0.8161112  0.8046861
 0.8034877  0.80576885 0.800311   0.80852395 0.80153626 0.8087002
 0.80387896 0.8075157  0.8032762  0.8020898  0.80301654 0.80729806
 0.80450475 0.80318886 0.8039043  0.80046415 0.80563617 0.80200756
 0.81117564 0.8043049  0.80814195 0.8088525  0.8041493  0.8076585
 0.80513966 0.80901    0.8055259  0.8039199  0.80167305 0.8059444
 0.80230033 0.8039819  0.8061051  0.80523187 0.8007305  0.81121093
 0.8028966  0.8082601  0.8025282  0.8042991  0.8020006  0.8067408
 0.8081874  0.8093231  0.8085101  0.80040455 0.8025643  0.80355006
 0.80659705 0.8067539  0.80665404 0.80511    0.8010997  0.8013576
 0.8068357  0.80246    0.80601054 0.8061007  0.81124145 0.8002581
 0.80498177 0.804033   0.8038518  0.80810684 0.812491   0.8059899
 0.80714834 0.80542445 0.8037811  0.8117978  0.8053507  0.7974631
 0.803977   0.8052691  0.80392253 0.8050013  0.8030827  0.8048452
 0.8008221  0.8087723  0.8013694  0.8018916  0.8070932  0.80347496
 0.8095881  0.8075633  0.8079428  0.8029414  0.7984412  0.80975413
 0.79943943 0.80484825 0.8058385  0.80788517 0.80037373 0.80879545
 0.7998845  0.8066195  0.8115868  0.7998525  0.80419576 0.8019834
 0.80811656 0.8069871  0.8022942  0.8042608  0.8069549  0.80780506
 0.80013925 0.81147766 0.81108373 0.80364805 0.8044707  0.80646014
 0.80378246 0.8067891  0.8027266  0.8020527  0.8035111  0.8071097
 0.80402505 0.8115774  0.8044908  0.8047396  0.80325764 0.8020487
 0.8042049  0.7987551  0.8071836  0.80566394 0.80978614 0.80622613
 0.808714   0.80559   ]
[nltk_data] Downloading package wordnet to /mnt/iusers01/fse-
[nltk_data]     ugpgt01/compsci01/q12628ct/nltk_data...
[nltk_data]   Package wordnet is already up-to-date!
[nltk_data] Downloading package punkt_tab to /mnt/iusers01/fse-
[nltk_data]     ugpgt01/compsci01/q12628ct/nltk_data...
[nltk_data]   Package punkt_tab is already up-to-date!
[nltk_data] Downloading package omw-1.4 to /mnt/iusers01/fse-
[nltk_data]     ugpgt01/compsci01/q12628ct/nltk_data...
[nltk_data]   Package omw-1.4 is already up-to-date!
/mnt/iusers01/fse-ugpgt01/compsci01/q12628ct/.conda/envs/semantic-decoding/lib/python3.10/site-packages/huggingface_hub/file_download.py:945: FutureWarning: `resume_download` is deprecated and will be removed in version 1.0.0. Downloads always resume when possible. If you want to force a new download, use `force_download=True`.
  warnings.warn(
Some weights of the model checkpoint at roberta-large were not used when initializing RobertaModel: ['lm_head.dense.weight', 'lm_head.layer_norm.weight', 'lm_head.dense.bias', 'lm_head.layer_norm.bias', 'lm_head.bias']
- This IS expected if you are initializing RobertaModel from the checkpoint of a model trained on another task or with another architecture (e.g. initializing a BertForSequenceClassification model from a BertForPreTraining model).
- This IS NOT expected if you are initializing RobertaModel from the checkpoint of a model that you expect to be exactly identical (initializing a BertForSequenceClassification model from a BertForSequenceClassification model).
Some weights of RobertaModel were not initialized from the model checkpoint at roberta-large and are newly initialized: ['roberta.pooler.dense.bias', 'roberta.pooler.dense.weight']
You should probably TRAIN this model on a down-stream task to be able to use it for predictions and inference.
bravo_repeat-2
WER
[-0.07198569 -0.09291714 -0.09626551 -0.07805296 -0.06143132 -0.08072683
 -0.08802867 -0.07447599 -0.06854482 -0.06003555 -0.08053397 -0.06008643
 -0.07732809 -0.07936847 -0.08815606 -0.0776596  -0.08948863 -0.08850659
 -0.09250071 -0.0856363  -0.09049143 -0.07532386 -0.05573708 -0.08976844
 -0.09394909 -0.07567649 -0.0624677  -0.07676272 -0.07974605 -0.07080516
 -0.09439886 -0.06776251 -0.07537406 -0.05981676 -0.08335665 -0.05886124
 -0.06782208 -0.07786683 -0.07094596 -0.077929   -0.07943122 -0.07035825
 -0.0874916  -0.06415808 -0.07164419 -0.0463138  -0.07967171 -0.07991461
 -0.08348921 -0.05677987 -0.07851385 -0.08653382 -0.07229467 -0.08402156
 -0.06205605 -0.04911931 -0.0837459  -0.05130615 -0.06901157 -0.07319574
 -0.06908127 -0.07156172 -0.09324915 -0.06032555 -0.06946342 -0.07094597
 -0.06606077 -0.10218536 -0.06457508 -0.07688602 -0.0777683  -0.0831547
 -0.06764719 -0.08386805 -0.09424909 -0.07203294 -0.06070294 -0.08202263
 -0.07912896 -0.0849918  -0.07125637 -0.07689593 -0.09561059 -0.07577179
 -0.08979079 -0.07237786 -0.05684193 -0.10220933 -0.07951156 -0.08642124
 -0.06823875 -0.07128956 -0.08405722 -0.08243048 -0.07438504 -0.06568726
 -0.07337368 -0.08113234 -0.0762939  -0.07395511 -0.09361611 -0.06928694
 -0.0602337  -0.09049678 -0.08459287 -0.08674626 -0.09104294 -0.0748976
 -0.06473077 -0.0830177  -0.07949881 -0.09011075 -0.06098586 -0.07124047
 -0.09122224 -0.07839877 -0.06979136 -0.0797088  -0.05959577 -0.07765109
 -0.0835872  -0.07854514 -0.06802709 -0.07246845 -0.0814015  -0.07954836
 -0.09213033 -0.05525404 -0.06382983 -0.06232602 -0.06444213 -0.05703919
 -0.07175488 -0.09034256 -0.08685492 -0.06452436 -0.07834241 -0.09885707
 -0.08557138 -0.0743018  -0.05911721 -0.08721422 -0.07096541 -0.07630352
 -0.07043499 -0.07857217 -0.09074164 -0.08653644 -0.04969219 -0.05974128
 -0.09999378 -0.09819597 -0.08865477 -0.09097137 -0.07882588 -0.07358547
 -0.10081424 -0.06834458 -0.07762029 -0.10008182 -0.0693364  -0.08771998
 -0.08792933 -0.08009397 -0.08568811 -0.08439646 -0.06616987 -0.07001762
 -0.07161894 -0.06958961 -0.08465123 -0.09464763 -0.04607106 -0.08833179
 -0.08181979 -0.08581309 -0.09059991 -0.08349683 -0.07724411 -0.08539725
 -0.06011185 -0.08851737 -0.0920854  -0.07722766 -0.06902934 -0.07434445
 -0.05061718 -0.09207064 -0.08834394 -0.07358144 -0.0629766  -0.06147
 -0.06795457 -0.08141128 -0.07387789 -0.08242041 -0.08973995 -0.08023193
 -0.05131807 -0.08987323]
bravo_repeat-2
BLEU
[0.20336365 0.1781249  0.18817298 0.20298457 0.21284802 0.15748932
 0.22189851 0.24129607 0.24547584 0.24083354 0.23536959 0.23344761
 0.2255738  0.23036473 0.15305463 0.20710304 0.20613291 0.20958522
 0.1681092  0.17715258 0.18646517 0.22317941 0.21961014 0.19211279
 0.1999012  0.22188231 0.23494443 0.1886581  0.19752869 0.23199739
 0.18769009 0.28092129 0.223896   0.19795964 0.22483966 0.20720261
 0.19781535 0.20804217 0.24637988 0.22047388 0.24497201 0.22366206
 0.18636536 0.22466908 0.23111624 0.2558631  0.22750603 0.21088464
 0.22591223 0.23111794 0.20480998 0.22846013 0.2707395  0.22936726
 0.22146682 0.28204401 0.20247632 0.24490159 0.22658206 0.24405333
 0.22963785 0.23546629 0.23811844 0.20649971 0.21791034 0.24376876
 0.22009988 0.19598103 0.18463308 0.28264436 0.1924132  0.14918749
 0.16713112 0.18448211 0.18353248 0.22819516 0.23772065 0.22975915
 0.22963992 0.17238307 0.24194593 0.22690878 0.16653335 0.21924704
 0.19071021 0.21774119 0.21364007 0.19089429 0.19099925 0.21890782
 0.23233452 0.23069659 0.22773174 0.16292628 0.14911395 0.22243856
 0.2117089  0.22406693 0.20381787 0.18159415 0.2040011  0.17443582
 0.2110226  0.13338395 0.172244   0.23290667 0.16450695 0.24578102
 0.24599677 0.15914799 0.26198416 0.17096526 0.23014233 0.23495534
 0.14455642 0.18674238 0.24467491 0.21969021 0.22607519 0.22662318
 0.19635552 0.28569778 0.21587712 0.2369633  0.22936344 0.19838288
 0.16275721 0.25671439 0.22223127 0.16871503 0.26152541 0.23120497
 0.19863416 0.17015651 0.22461691 0.1945152  0.19823356 0.19394249
 0.17787373 0.23780029 0.24801205 0.20205112 0.2307734  0.26201593
 0.21765545 0.16778781 0.18653925 0.18657869 0.22859814 0.22133928
 0.21602809 0.14957393 0.17420149 0.22172838 0.23007295 0.22682565
 0.21586042 0.23384932 0.20583788 0.14570243 0.22871764 0.24493358
 0.16356723 0.16674406 0.1920152  0.2103306  0.20029705 0.22422876
 0.20882482 0.21164881 0.19576652 0.15933183 0.26979884 0.18767057
 0.2251874  0.21900651 0.17412724 0.17730817 0.20652416 0.24691627
 0.25452611 0.19914601 0.169866   0.21865739 0.2527997  0.2298594
 0.23300307 0.17559077 0.19131386 0.21143607 0.21464409 0.20811068
 0.2438407  0.15213898 0.22139648 0.25516052 0.18820096 0.2040623
 0.22985901 0.19401879]
bravo_repeat-2
METEOR
[0.14243837 0.13710329 0.13150116 0.15780435 0.14610482 0.11307242
 0.15630048 0.1884078  0.17547561 0.16786246 0.17483716 0.15208602
 0.14877597 0.15540954 0.12328399 0.14022711 0.14873924 0.14430706
 0.12894574 0.13755217 0.1479914  0.15068092 0.14373184 0.13810223
 0.15457933 0.14599353 0.17932363 0.1377704  0.14895248 0.17310604
 0.15558907 0.17848773 0.16480182 0.13266446 0.15502458 0.14757171
 0.15343603 0.13795138 0.17373499 0.13317383 0.16529467 0.17655499
 0.13333594 0.17606326 0.16219514 0.18388319 0.17640525 0.14582789
 0.18715526 0.17361954 0.14668579 0.1513108  0.20067694 0.16479368
 0.16101114 0.19495876 0.15512304 0.16093711 0.17569798 0.17005435
 0.1656523  0.16596506 0.14547024 0.14289224 0.1686899  0.18025856
 0.15925615 0.13010288 0.12550033 0.18249941 0.137329   0.1048854
 0.13791089 0.12405089 0.15019332 0.17138946 0.16220444 0.15060337
 0.16030493 0.10891156 0.19097045 0.17064377 0.11974916 0.17385134
 0.1466801  0.15222849 0.15937265 0.13634055 0.13942423 0.16136764
 0.15827257 0.15596005 0.13566903 0.13160117 0.11187908 0.14655006
 0.14508772 0.14995601 0.13067253 0.14104635 0.13988549 0.11427101
 0.14470511 0.10496946 0.13565202 0.15121645 0.12947728 0.1634116
 0.17233101 0.10579974 0.16481743 0.12558719 0.15211521 0.16055115
 0.11562949 0.13496331 0.15916826 0.15832942 0.1599611  0.1721982
 0.13424064 0.19841145 0.14934426 0.15066936 0.14918499 0.16187005
 0.11854227 0.19345803 0.17079203 0.11627578 0.18836182 0.1882921
 0.14696249 0.12810001 0.16738044 0.12477665 0.14100474 0.17617141
 0.10926113 0.18218378 0.17474027 0.13905851 0.15899789 0.17787542
 0.15014235 0.12640153 0.13243956 0.13482954 0.178098   0.1487155
 0.16096445 0.11411429 0.13334952 0.15717163 0.16546779 0.14830751
 0.14320124 0.16191992 0.15935633 0.11308094 0.16554272 0.19323915
 0.12526671 0.11785671 0.14859142 0.144431   0.1349084  0.16347877
 0.14506028 0.15386669 0.13351609 0.11623395 0.20602405 0.13418458
 0.15346625 0.1410909  0.12979691 0.11968168 0.16034952 0.18695102
 0.18471928 0.13226869 0.12795107 0.14172235 0.17817306 0.16284481
 0.17262608 0.13368663 0.15337414 0.15219288 0.15718603 0.1581302
 0.16754559 0.11284021 0.16170873 0.17942477 0.12832044 0.13652473
 0.16737884 0.13715211]
bravo_repeat-2
BERT
[0.80508685 0.8045898  0.80326325 0.8035737  0.81203926 0.8042879
 0.805274   0.8099077  0.80438894 0.8043638  0.80863124 0.80385244
 0.8004835  0.80727404 0.80123466 0.80660695 0.80787873 0.8075863
 0.80031633 0.805848   0.808106   0.80533254 0.806627   0.8017817
 0.80638754 0.8036574  0.80891764 0.8064243  0.804745   0.8044568
 0.8055999  0.8085095  0.80642223 0.80106765 0.8059779  0.80219966
 0.80285364 0.80237746 0.8057775  0.80389905 0.80850285 0.80562854
 0.8058775  0.8083926  0.80769235 0.8075304  0.806796   0.8059721
 0.80952954 0.807221   0.80163544 0.80767924 0.80836433 0.8027864
 0.80348915 0.8103527  0.79896116 0.80444896 0.80258447 0.8091943
 0.8084519  0.8074588  0.8064167  0.8027686  0.81153417 0.8025397
 0.8123993  0.80525607 0.8069949  0.8063557  0.80229616 0.79761624
 0.8033717  0.80244344 0.8115418  0.81174016 0.8066866  0.804766
 0.808022   0.8073876  0.80803514 0.8047874  0.8012618  0.8137461
 0.8059619  0.8079621  0.8043873  0.8076082  0.80262536 0.8091746
 0.80946565 0.8053067  0.80238456 0.8037889  0.80171174 0.8102749
 0.80729306 0.8074002  0.80576205 0.80321515 0.8061986  0.8027173
 0.80401856 0.7999397  0.80130035 0.8072244  0.80119395 0.81065816
 0.8030683  0.8003433  0.8118355  0.80264795 0.8056969  0.8110906
 0.8025503  0.8036191  0.80179465 0.8056248  0.8089526  0.8050043
 0.8069513  0.8100238  0.8097737  0.80571    0.8050376  0.8122161
 0.8035205  0.80993056 0.8084191  0.80666566 0.80954224 0.80651206
 0.80805105 0.8031242  0.8053622  0.80349433 0.8040687  0.7998903
 0.8005172  0.8086395  0.80473423 0.8048187  0.8085367  0.81075835
 0.81153286 0.80425924 0.80238163 0.8051318  0.80895627 0.80626607
 0.80711883 0.8025488  0.80047154 0.80554104 0.80600953 0.8014029
 0.8046558  0.79886556 0.8080022  0.7992862  0.805705   0.8102462
 0.8028288  0.8041057  0.80599016 0.80132693 0.8032431  0.80585766
 0.8045751  0.8101704  0.8041881  0.80092674 0.8102148  0.80289143
 0.8051043  0.8040662  0.8036894  0.8002067  0.80700964 0.8067201
 0.80508626 0.8060973  0.8022756  0.80438036 0.80454534 0.8082229
 0.8033141  0.8020574  0.80399543 0.8026311  0.80537033 0.8045296
 0.80200994 0.8062134  0.8103676  0.8101966  0.8000265  0.80628324
 0.80935615 0.80593073]
[nltk_data] Downloading package wordnet to /mnt/iusers01/fse-
[nltk_data]     ugpgt01/compsci01/q12628ct/nltk_data...
[nltk_data]   Package wordnet is already up-to-date!
[nltk_data] Downloading package punkt_tab to /mnt/iusers01/fse-
[nltk_data]     ugpgt01/compsci01/q12628ct/nltk_data...
[nltk_data]   Package punkt_tab is already up-to-date!
[nltk_data] Downloading package omw-1.4 to /mnt/iusers01/fse-
[nltk_data]     ugpgt01/compsci01/q12628ct/nltk_data...
[nltk_data]   Package omw-1.4 is already up-to-date!
/mnt/iusers01/fse-ugpgt01/compsci01/q12628ct/.conda/envs/semantic-decoding/lib/python3.10/site-packages/huggingface_hub/file_download.py:945: FutureWarning: `resume_download` is deprecated and will be removed in version 1.0.0. Downloads always resume when possible. If you want to force a new download, use `force_download=True`.
  warnings.warn(
Some weights of the model checkpoint at roberta-large were not used when initializing RobertaModel: ['lm_head.dense.bias', 'lm_head.dense.weight', 'lm_head.layer_norm.weight', 'lm_head.layer_norm.bias', 'lm_head.bias']
- This IS expected if you are initializing RobertaModel from the checkpoint of a model trained on another task or with another architecture (e.g. initializing a BertForSequenceClassification model from a BertForPreTraining model).
- This IS NOT expected if you are initializing RobertaModel from the checkpoint of a model that you expect to be exactly identical (initializing a BertForSequenceClassification model from a BertForSequenceClassification model).
Some weights of RobertaModel were not initialized from the model checkpoint at roberta-large and are newly initialized: ['roberta.pooler.dense.weight', 'roberta.pooler.dense.bias']
You should probably TRAIN this model on a down-stream task to be able to use it for predictions and inference.
charlie_repeat-1
WER
[-0.14474344 -0.14351957 -0.13628409 -0.13392524 -0.13723272 -0.13793574
 -0.13403658 -0.13777985 -0.1426522  -0.11677591 -0.13717969 -0.13164388
 -0.15995758 -0.15574879 -0.13469545 -0.14111117 -0.15137124 -0.15740574
 -0.1540701  -0.1280439  -0.15273641 -0.13042784 -0.13917028 -0.13986438
 -0.15667386 -0.12873547 -0.14802233 -0.14439297 -0.12770621 -0.14963171
 -0.1458561  -0.1329698  -0.13094297 -0.13469365 -0.10799213 -0.15921974
 -0.14594183 -0.14212895 -0.13434459 -0.13433205 -0.14751981 -0.13466892
 -0.14047313 -0.1465048  -0.13275369 -0.1646845  -0.14426137 -0.13771188
 -0.12410435 -0.12532993 -0.15015993 -0.12369435 -0.14694749 -0.162768
 -0.15310279 -0.1521672  -0.12470831 -0.13493986 -0.1327346  -0.14443929
 -0.1511433  -0.14752402 -0.14758039 -0.12689842 -0.16640429 -0.15153853
 -0.13103388 -0.15258427 -0.14376002 -0.15884802 -0.14808163 -0.12561408
 -0.14907263 -0.12124861 -0.15145598 -0.14575194 -0.14563583 -0.15010828
 -0.14741089 -0.12156529 -0.14842291 -0.12650486 -0.14180773 -0.15478749
 -0.14008037 -0.12208833 -0.13739274 -0.13301963 -0.14930062 -0.15195822
 -0.14790731 -0.1524044  -0.14743832 -0.1357518  -0.12703959 -0.13617795
 -0.15652158 -0.12688884 -0.12933003 -0.15375112 -0.13425545 -0.14449868
 -0.13744494 -0.14591894 -0.13039536 -0.13964398 -0.12084783 -0.13848811
 -0.14683849 -0.13098399 -0.13507535 -0.13940862 -0.13229758 -0.14039093
 -0.14985082 -0.13657557 -0.15360305 -0.13544192 -0.14643554 -0.14396854
 -0.13559263 -0.14728533 -0.13190463 -0.15456063 -0.13553713 -0.1362281
 -0.15030256 -0.14599607 -0.14777756 -0.14609541 -0.14290327 -0.12692439
 -0.12529973 -0.15844568 -0.1412738  -0.13243088 -0.14945069 -0.14870353
 -0.12386688 -0.14950621 -0.15319755 -0.15017434 -0.14234426 -0.14626476
 -0.13173897 -0.13316362 -0.14276484 -0.1415738  -0.12795738 -0.11420532
 -0.12428974 -0.15797333 -0.14570052 -0.13759037 -0.13921378 -0.12440548
 -0.13108564 -0.12749207 -0.1499442  -0.15264209 -0.16168605 -0.14349899
 -0.143696   -0.1394772  -0.13501338 -0.15012615 -0.14999759 -0.13725038
 -0.1523153  -0.1312911  -0.14429817 -0.13361494 -0.14574369 -0.14467809
 -0.12630683 -0.13908316 -0.12824771 -0.14282686 -0.14620098 -0.13736168
 -0.12914934 -0.13984505 -0.15607019 -0.14328665 -0.15120686 -0.13200517
 -0.13400643 -0.13779664 -0.15142873 -0.13544791 -0.13403108 -0.13833108
 -0.14395533 -0.15074409 -0.13079018 -0.11865297 -0.13280988 -0.14220284
 -0.12086289 -0.13351742]
charlie_repeat-1
BLEU
[0.1786025  0.17053095 0.17140314 0.20855952 0.17055474 0.17946894
 0.14700293 0.18759071 0.18169971 0.22921433 0.20412602 0.17663656
 0.14454557 0.13791565 0.17702964 0.17252952 0.18508635 0.15986524
 0.14838861 0.20573556 0.18547458 0.18442745 0.15025127 0.15651511
 0.15999539 0.19472503 0.17536128 0.16223525 0.20564366 0.18142157
 0.17746231 0.19520783 0.16901191 0.17215122 0.20996294 0.14951633
 0.1514885  0.19490364 0.20504493 0.18916857 0.18426205 0.16526215
 0.16844068 0.17672938 0.18106091 0.13386529 0.17044082 0.1909547
 0.22003255 0.1965244  0.19347519 0.18617323 0.17580527 0.17384429
 0.18267274 0.14543425 0.1974773  0.20901765 0.19704123 0.17760142
 0.18354019 0.14615737 0.17505124 0.19505423 0.17918874 0.13748089
 0.21279964 0.15501076 0.16322555 0.19174112 0.16552044 0.1913265
 0.15259471 0.19635395 0.16332125 0.18618237 0.20107233 0.18436934
 0.17026039 0.19099022 0.18271619 0.18126948 0.22171667 0.16552653
 0.20087861 0.17307302 0.15512065 0.17556554 0.18079009 0.17088302
 0.17229645 0.20298994 0.1771141  0.17953057 0.21822993 0.19514518
 0.17757169 0.21287442 0.21515585 0.16917885 0.17513691 0.18273745
 0.19250416 0.15606809 0.17960655 0.18335082 0.19157285 0.17885887
 0.18744979 0.20621474 0.1604373  0.19517742 0.18220753 0.16984762
 0.17774053 0.16709745 0.16033112 0.18957329 0.22447753 0.19475526
 0.17788615 0.17557086 0.20224101 0.17179131 0.16365967 0.2081695
 0.16857938 0.18284276 0.20343788 0.17367022 0.1686268  0.17439918
 0.17382408 0.15806677 0.19637543 0.23162054 0.15522095 0.18034523
 0.17083011 0.17895791 0.18654372 0.1568407  0.16914637 0.1989375
 0.19306925 0.17411079 0.1824324  0.17913562 0.20117174 0.19056137
 0.17042788 0.1792018  0.18604876 0.18110345 0.18268271 0.1690635
 0.181667   0.17107715 0.17667666 0.17817656 0.12765003 0.15628061
 0.19581906 0.2023195  0.15019474 0.15629511 0.16729363 0.18039503
 0.1693489  0.18394151 0.18827602 0.184123   0.17217996 0.17684844
 0.1930702  0.19422042 0.17996373 0.18967139 0.12551865 0.1966241
 0.18169584 0.20262942 0.1593016  0.17912681 0.19166389 0.1744085
 0.18306559 0.17813752 0.1330906  0.15912674 0.19081934 0.18417965
 0.18934735 0.18637991 0.17540479 0.17478041 0.19323486 0.18168692
 0.19012543 0.19515116]
charlie_repeat-1
METEOR
[0.13408188 0.12178968 0.13950393 0.16763052 0.15883928 0.14307474
 0.12813555 0.17090869 0.14133538 0.2037173  0.17967286 0.14884909
 0.11845445 0.12235466 0.14044885 0.14066958 0.17597349 0.15261597
 0.129306   0.14238216 0.14073493 0.17397981 0.14678289 0.13278056
 0.13274359 0.15946996 0.14316377 0.13425356 0.162517   0.13531436
 0.1617658  0.1645998  0.15645426 0.12922712 0.16126126 0.14056255
 0.1252756  0.16795756 0.16387662 0.14200518 0.13521004 0.16824322
 0.12745105 0.13619031 0.14880494 0.12941546 0.17014    0.15628156
 0.17585183 0.1701909  0.13471342 0.15856376 0.14272413 0.15430228
 0.15651342 0.14783774 0.1509073  0.14490467 0.16404091 0.15844745
 0.14675685 0.11762241 0.15257724 0.16013163 0.13247048 0.12339639
 0.15175342 0.14559394 0.15395294 0.15126886 0.16286147 0.16093413
 0.11769914 0.1584044  0.13047003 0.161058   0.15821533 0.14554278
 0.13385936 0.15300909 0.13011672 0.12948098 0.16107051 0.13671237
 0.17519754 0.14316831 0.12996175 0.14978264 0.14712502 0.12614069
 0.1234385  0.13794519 0.1437928  0.15188209 0.16168682 0.1429458
 0.13446164 0.15675507 0.17565959 0.11796428 0.14743081 0.15700289
 0.17753102 0.14028657 0.13983424 0.14786782 0.15373774 0.14249719
 0.14834497 0.15112593 0.15459987 0.15497096 0.14766335 0.13723106
 0.13590812 0.16049897 0.14259101 0.17677558 0.1715183  0.14432154
 0.13480976 0.13977973 0.16021734 0.12747404 0.14293179 0.17744928
 0.12464794 0.14429059 0.14991563 0.16057359 0.12679877 0.1407071
 0.15022439 0.1280717  0.15510476 0.17200928 0.15362384 0.1515372
 0.14715939 0.14533118 0.14951357 0.13968488 0.15256551 0.17155165
 0.15471324 0.15802558 0.15199246 0.14854603 0.1794305  0.15882523
 0.15303195 0.13861608 0.15703308 0.16953173 0.14877009 0.13635317
 0.15040233 0.13330375 0.14590613 0.13418289 0.1231212  0.13748051
 0.17766945 0.1635966  0.14854069 0.12624198 0.16333754 0.15820351
 0.12992362 0.16959319 0.16151556 0.14157398 0.14745621 0.15262265
 0.16714663 0.14119225 0.13553343 0.19777013 0.13203332 0.1580897
 0.15704237 0.1634349  0.12514809 0.14158814 0.15619251 0.15079567
 0.15574064 0.14768627 0.11804467 0.13586159 0.16627818 0.15730531
 0.16018886 0.15547451 0.15169184 0.15615234 0.15924258 0.13700588
 0.18303222 0.16924606]
charlie_repeat-1
BERT
[0.7849777  0.77974373 0.7890648  0.78406835 0.78604263 0.78222775
 0.77957886 0.7833707  0.78769004 0.79378825 0.78654927 0.78106356
 0.77969056 0.7815573  0.77995473 0.7828024  0.7828449  0.78237665
 0.7863325  0.7865155  0.78344566 0.7841308  0.7844752  0.77774173
 0.7832783  0.78336614 0.7800944  0.78421944 0.7873056  0.78603774
 0.7847867  0.7891799  0.7821453  0.7831004  0.78928655 0.78142345
 0.7901532  0.7882687  0.7884832  0.78450525 0.7839175  0.78671867
 0.78102016 0.7893217  0.7852624  0.78465605 0.78431773 0.7813351
 0.7843311  0.7909412  0.7865849  0.78201926 0.7853403  0.78093904
 0.7865335  0.78720784 0.7886065  0.78338104 0.7874759  0.78235066
 0.7857349  0.7808447  0.78849673 0.7831262  0.7834642  0.7823597
 0.78601885 0.78361076 0.78770286 0.7814241  0.7826895  0.7842102
 0.7827273  0.78571635 0.77979136 0.7864156  0.79129076 0.78278184
 0.78494716 0.782074   0.7819791  0.7896117  0.78319055 0.7832059
 0.781733   0.78448683 0.7826531  0.7820073  0.7872172  0.7872278
 0.7817755  0.78223616 0.79227585 0.77944773 0.7914644  0.78006184
 0.7851466  0.7819569  0.7861824  0.78386056 0.7824037  0.7858724
 0.7858411  0.7932975  0.7863317  0.78738767 0.7850314  0.78337246
 0.78328824 0.7827228  0.7867986  0.7927356  0.7874204  0.7876332
 0.78189236 0.7864841  0.7834909  0.78488344 0.7872454  0.78502685
 0.78493035 0.77980745 0.7837126  0.78726894 0.7820001  0.78554904
 0.786641   0.78228015 0.7839014  0.7861429  0.7843784  0.7870872
 0.7791139  0.7835667  0.7901484  0.7829256  0.78238076 0.78363305
 0.78170925 0.78482324 0.78461325 0.7814145  0.7890715  0.7863882
 0.7832113  0.7862308  0.79003257 0.7814009  0.7843626  0.7916439
 0.78108746 0.7831392  0.78755623 0.7831031  0.78025764 0.7830542
 0.7862803  0.78312236 0.7845434  0.78272617 0.7825873  0.78257823
 0.78645587 0.78363687 0.78619695 0.785264   0.78437674 0.78236103
 0.78472084 0.78138804 0.78575367 0.7861997  0.7850232  0.78483665
 0.7870359  0.7883497  0.7868004  0.79098415 0.783804   0.79005134
 0.79037577 0.7857265  0.7878138  0.783224   0.7934645  0.7825563
 0.78838336 0.78152335 0.7830001  0.78104216 0.78293043 0.78432727
 0.7814078  0.7810171  0.7824055  0.78271854 0.7860097  0.7870037
 0.78362423 0.7859502 ]
[nltk_data] Downloading package wordnet to /mnt/iusers01/fse-
[nltk_data]     ugpgt01/compsci01/q12628ct/nltk_data...
[nltk_data]   Package wordnet is already up-to-date!
[nltk_data] Downloading package punkt_tab to /mnt/iusers01/fse-
[nltk_data]     ugpgt01/compsci01/q12628ct/nltk_data...
[nltk_data]   Package punkt_tab is already up-to-date!
[nltk_data] Downloading package omw-1.4 to /mnt/iusers01/fse-
[nltk_data]     ugpgt01/compsci01/q12628ct/nltk_data...
[nltk_data]   Package omw-1.4 is already up-to-date!
/mnt/iusers01/fse-ugpgt01/compsci01/q12628ct/.conda/envs/semantic-decoding/lib/python3.10/site-packages/huggingface_hub/file_download.py:945: FutureWarning: `resume_download` is deprecated and will be removed in version 1.0.0. Downloads always resume when possible. If you want to force a new download, use `force_download=True`.
  warnings.warn(
Some weights of the model checkpoint at roberta-large were not used when initializing RobertaModel: ['lm_head.dense.bias', 'lm_head.layer_norm.bias', 'lm_head.layer_norm.weight', 'lm_head.dense.weight', 'lm_head.bias']
- This IS expected if you are initializing RobertaModel from the checkpoint of a model trained on another task or with another architecture (e.g. initializing a BertForSequenceClassification model from a BertForPreTraining model).
- This IS NOT expected if you are initializing RobertaModel from the checkpoint of a model that you expect to be exactly identical (initializing a BertForSequenceClassification model from a BertForSequenceClassification model).
Some weights of RobertaModel were not initialized from the model checkpoint at roberta-large and are newly initialized: ['roberta.pooler.dense.bias', 'roberta.pooler.dense.weight']
You should probably TRAIN this model on a down-stream task to be able to use it for predictions and inference.
charlie_repeat-2
WER
[-0.16991082 -0.19520661 -0.18346903 -0.18001307 -0.15470609 -0.18097362
 -0.17925378 -0.16187738 -0.16539576 -0.19736484 -0.17621717 -0.18084612
 -0.17282186 -0.14692427 -0.18231536 -0.17147463 -0.16619447 -0.13540193
 -0.19092332 -0.17915744 -0.17835689 -0.17260694 -0.180119   -0.16087541
 -0.16563658 -0.14074397 -0.17661989 -0.13845411 -0.16146466 -0.18323607
 -0.14256392 -0.18103859 -0.17468571 -0.17928153 -0.16037697 -0.15758304
 -0.14155064 -0.1603633  -0.15607858 -0.17717706 -0.16183684 -0.1599558
 -0.18136131 -0.14729851 -0.17030358 -0.17224884 -0.17547268 -0.15500352
 -0.15844864 -0.16467544 -0.14992959 -0.16534131 -0.17007688 -0.17308875
 -0.16891101 -0.16943124 -0.14756711 -0.16576053 -0.14149227 -0.14421833
 -0.16162313 -0.15129979 -0.17612966 -0.17026607 -0.16007913 -0.17104166
 -0.15866135 -0.16228963 -0.17469231 -0.17622501 -0.16836951 -0.17461513
 -0.16892152 -0.14533847 -0.15558228 -0.17519967 -0.18520444 -0.15786079
 -0.15415928 -0.19103455 -0.15966596 -0.17990399 -0.17866615 -0.14860952
 -0.1937422  -0.15985644 -0.19390666 -0.18673861 -0.16841102 -0.15850389
 -0.1757249  -0.14829417 -0.17264421 -0.16678151 -0.13829589 -0.17613978
 -0.16946307 -0.15096    -0.16902039 -0.14785523 -0.18448914 -0.15681566
 -0.16861565 -0.18546131 -0.16532439 -0.18347949 -0.16318806 -0.14999005
 -0.17695125 -0.16606252 -0.16832247 -0.16266781 -0.17022766 -0.17736608
 -0.17354874 -0.18202249 -0.15241314 -0.19016293 -0.17598707 -0.15832598
 -0.17191478 -0.18552848 -0.17005355 -0.17264752 -0.16348244 -0.14642948
 -0.18722789 -0.15683914 -0.16460158 -0.18230647 -0.17393185 -0.18502107
 -0.15156023 -0.16585081 -0.18091866 -0.15382336 -0.1554336  -0.16460269
 -0.1701571  -0.16010698 -0.16353946 -0.18505506 -0.1817279  -0.1543332
 -0.17272238 -0.16014498 -0.15751968 -0.14170106 -0.17447329 -0.1710736
 -0.17571565 -0.15446149 -0.13747132 -0.16465678 -0.1616937  -0.16112091
 -0.16917111 -0.17082338 -0.17696108 -0.17092984 -0.18954403 -0.15101767
 -0.18786348 -0.18006905 -0.17842593 -0.17358624 -0.15984177 -0.17465334
 -0.18546773 -0.17529465 -0.1713216  -0.16309455 -0.16864367 -0.16911247
 -0.17923981 -0.16330718 -0.17711637 -0.18364008 -0.17100328 -0.16854379
 -0.17038375 -0.16081953 -0.18630153 -0.1687848  -0.18325062 -0.17607908
 -0.17602704 -0.14985969 -0.17600999 -0.16925618 -0.16585766 -0.16007249
 -0.17186272 -0.17098423 -0.14414343 -0.17702879 -0.16809539 -0.16479936
 -0.16535791 -0.1795375 ]
charlie_repeat-2
BLEU
[0.18106885 0.13584331 0.19121442 0.1690265  0.19849526 0.15257229
 0.18160478 0.17879547 0.18785877 0.17006709 0.16581808 0.19196135
 0.17353092 0.17908123 0.19447589 0.18774869 0.16083092 0.21265902
 0.16974033 0.15692233 0.13261125 0.19001942 0.17731174 0.18191649
 0.2015052  0.19346856 0.19348253 0.18940654 0.20799602 0.17072951
 0.21408046 0.16953805 0.17850932 0.13084531 0.20757468 0.20041556
 0.20873557 0.22321826 0.19555601 0.17991574 0.19216401 0.1896593
 0.17293603 0.18094958 0.22186366 0.18951229 0.14810856 0.20093253
 0.18813496 0.19615416 0.18446757 0.17593099 0.18802635 0.13941878
 0.17882573 0.17294571 0.20404634 0.20984157 0.20252533 0.21415789
 0.19706004 0.17567929 0.16801701 0.17594493 0.20223077 0.19115268
 0.20623694 0.17322183 0.17544041 0.20770027 0.16344653 0.18100415
 0.19857969 0.18275551 0.19174335 0.1720682  0.11436113 0.16929064
 0.19103485 0.16113472 0.19597283 0.18822237 0.18427227 0.16236205
 0.16101899 0.15578985 0.14302726 0.18440533 0.18575769 0.18834315
 0.16042504 0.19476639 0.18164903 0.21408877 0.21755336 0.17694758
 0.16279553 0.21428959 0.17708626 0.21450343 0.17808239 0.17741292
 0.15438473 0.16121571 0.20046995 0.16538969 0.17724702 0.24024072
 0.18144015 0.17665081 0.1680964  0.17997977 0.18654154 0.17435559
 0.20926761 0.18720922 0.20273698 0.12273437 0.17600988 0.1963123
 0.22212694 0.16851231 0.18760784 0.18241975 0.20060213 0.21334025
 0.18212099 0.20505141 0.19526035 0.16436982 0.20031724 0.15602056
 0.20434134 0.18116413 0.14117591 0.17481908 0.20790529 0.1970594
 0.17752417 0.19783403 0.18281763 0.16039463 0.17956589 0.19713771
 0.17231591 0.17619539 0.1777787  0.21397911 0.12470668 0.18185296
 0.20378264 0.20370922 0.23836949 0.18362409 0.166277   0.18249842
 0.19653411 0.17149481 0.17477445 0.1933971  0.15641    0.18940594
 0.17440139 0.16451089 0.21401473 0.20331129 0.17916637 0.18111174
 0.18495727 0.16925747 0.17575901 0.15158944 0.17079327 0.15751751
 0.18550884 0.1992133  0.17762972 0.17646554 0.19937906 0.20589342
 0.20253282 0.18170247 0.17452967 0.16845258 0.16822373 0.17866783
 0.1862149  0.182433   0.19076327 0.17220627 0.15096201 0.17548435
 0.19493851 0.14914413 0.2246657  0.18658274 0.17647269 0.18621374
 0.20119581 0.1489458 ]
charlie_repeat-2
METEOR
[0.163975   0.12829086 0.13873366 0.16041483 0.16305497 0.1230553
 0.15766158 0.13762849 0.14997803 0.12978132 0.13543277 0.15227117
 0.15471101 0.14029248 0.14701192 0.16289655 0.14904404 0.19749797
 0.14319053 0.1324904  0.12676877 0.16111767 0.14282571 0.17496386
 0.16729559 0.16432112 0.15138695 0.15149104 0.18421309 0.14190194
 0.18076052 0.135284   0.15569097 0.12673319 0.17360358 0.16001194
 0.16677557 0.16820628 0.15697764 0.16246048 0.1520616  0.18986996
 0.13885747 0.15584862 0.16535086 0.14551478 0.10482769 0.15094747
 0.15575517 0.1501931  0.16399967 0.14855758 0.14702871 0.11297319
 0.16492092 0.15043423 0.16082612 0.15476117 0.14021739 0.21387516
 0.17746384 0.15360665 0.14889312 0.16448613 0.17235698 0.15336753
 0.14641    0.18837681 0.15635031 0.16062174 0.13573902 0.15819909
 0.17472598 0.18345801 0.17087125 0.14362842 0.11977482 0.15099522
 0.16957939 0.12788195 0.15075251 0.13592958 0.13812773 0.14138412
 0.1338958  0.15128551 0.1212934  0.14907996 0.16354    0.16150056
 0.11871376 0.18499854 0.15051733 0.17144151 0.1956243  0.14047888
 0.15789076 0.19156578 0.15200809 0.18681612 0.13686594 0.15282571
 0.12460343 0.1302933  0.15215372 0.12373815 0.13099212 0.18767104
 0.16532784 0.13103368 0.16058221 0.14401287 0.15703984 0.15539919
 0.16873409 0.14135679 0.1691364  0.11022391 0.12546729 0.17690914
 0.17576615 0.14036813 0.15050569 0.14377715 0.14818211 0.16944511
 0.13489581 0.15964102 0.15260376 0.1333769  0.16799603 0.13995591
 0.15935523 0.15883011 0.11773731 0.14714216 0.14881937 0.14192721
 0.15085011 0.16365486 0.14818438 0.15320508 0.14235215 0.16046828
 0.15814262 0.16049852 0.15951233 0.17516742 0.1092059  0.13452916
 0.15231893 0.18974509 0.19532264 0.15025439 0.15363053 0.15251952
 0.18109149 0.14834479 0.1447002  0.14526759 0.13334423 0.14573367
 0.14899582 0.13377326 0.16282732 0.15223963 0.17110841 0.16180071
 0.15294984 0.14375715 0.14780557 0.14945389 0.12658587 0.11841509
 0.14561102 0.15919262 0.13211678 0.15850532 0.1678213  0.15996849
 0.15279812 0.13829251 0.15506412 0.13061531 0.13840992 0.18771452
 0.17909268 0.16077797 0.1571348  0.15478719 0.10689328 0.15351263
 0.1639624  0.12990467 0.17682354 0.15075235 0.1548919  0.16046077
 0.18190149 0.12570065]
charlie_repeat-2
BERT
[0.782753   0.78613526 0.7914004  0.78458816 0.7880068  0.7810493
 0.7861557  0.78352046 0.7834857  0.77912235 0.78501546 0.78334445
 0.78435487 0.7875539  0.7834139  0.78394336 0.78074    0.7876131
 0.779877   0.7832466  0.7810189  0.786307   0.7831248  0.78341395
 0.78998387 0.7894983  0.7846113  0.78351754 0.7861507  0.78456485
 0.78374946 0.7879392  0.78264785 0.78614694 0.78219473 0.78653747
 0.7868418  0.7903808  0.7860045  0.7825095  0.785078   0.7903731
 0.7815213  0.78050894 0.7865216  0.78238964 0.7849232  0.78179264
 0.78933555 0.7856394  0.7883874  0.7885517  0.78658146 0.78134376
 0.79405266 0.78210545 0.7816312  0.7834122  0.78412426 0.78286624
 0.78782433 0.7833892  0.7820992  0.7901519  0.7895113  0.7881422
 0.7827514  0.7849497  0.78611207 0.7870156  0.77981156 0.7813406
 0.7959538  0.7915294  0.79136413 0.7849194  0.7840861  0.78221905
 0.79655886 0.7841886  0.78815126 0.78579295 0.7812234  0.7892527
 0.78186315 0.7828544  0.7815937  0.7874582  0.78220254 0.7819092
 0.78393394 0.7857561  0.7835086  0.7828531  0.78998727 0.78756154
 0.7822222  0.7919854  0.7830353  0.79245347 0.7870971  0.7855296
 0.78407836 0.78154254 0.7856156  0.78396124 0.7835156  0.7857784
 0.7865116  0.7864416  0.78332436 0.78276896 0.783257   0.787161
 0.7855248  0.7846948  0.7856364  0.7877948  0.7812865  0.7902833
 0.7879554  0.7859325  0.786293   0.7844885  0.78330344 0.7846117
 0.7833453  0.7907685  0.78582484 0.7829101  0.7779296  0.7817316
 0.7841898  0.7859746  0.7830043  0.7855185  0.786838   0.782347
 0.7821652  0.7827065  0.7867802  0.79156923 0.7824823  0.7857689
 0.7853893  0.7891174  0.78849226 0.7883306  0.7818869  0.78588855
 0.7841158  0.7902424  0.78634113 0.7808745  0.78649735 0.7878146
 0.78018165 0.7891461  0.782179   0.78363156 0.78316516 0.7826794
 0.7815682  0.7839772  0.78665596 0.78760594 0.78927946 0.7817861
 0.7862955  0.78207415 0.77764416 0.7822387  0.78271896 0.78504956
 0.7833813  0.78440446 0.785125   0.7891156  0.78890425 0.7929724
 0.788782   0.7823387  0.7824826  0.78303444 0.78080165 0.78734756
 0.78356415 0.7888177  0.7913294  0.7867035  0.7788087  0.78359175
 0.78618824 0.7880663  0.78716266 0.78175175 0.78491455 0.7888172
 0.79006755 0.7795062 ]
[nltk_data] Downloading package wordnet to /mnt/iusers01/fse-
[nltk_data]     ugpgt01/compsci01/q12628ct/nltk_data...
[nltk_data]   Package wordnet is already up-to-date!
[nltk_data] Downloading package punkt_tab to /mnt/iusers01/fse-
[nltk_data]     ugpgt01/compsci01/q12628ct/nltk_data...
[nltk_data]   Package punkt_tab is already up-to-date!
[nltk_data] Downloading package omw-1.4 to /mnt/iusers01/fse-
[nltk_data]     ugpgt01/compsci01/q12628ct/nltk_data...
[nltk_data]   Package omw-1.4 is already up-to-date!
/mnt/iusers01/fse-ugpgt01/compsci01/q12628ct/.conda/envs/semantic-decoding/lib/python3.10/site-packages/huggingface_hub/file_download.py:945: FutureWarning: `resume_download` is deprecated and will be removed in version 1.0.0. Downloads always resume when possible. If you want to force a new download, use `force_download=True`.
  warnings.warn(
Some weights of the model checkpoint at roberta-large were not used when initializing RobertaModel: ['lm_head.layer_norm.weight', 'lm_head.dense.weight', 'lm_head.dense.bias', 'lm_head.layer_norm.bias', 'lm_head.bias']
- This IS expected if you are initializing RobertaModel from the checkpoint of a model trained on another task or with another architecture (e.g. initializing a BertForSequenceClassification model from a BertForPreTraining model).
- This IS NOT expected if you are initializing RobertaModel from the checkpoint of a model that you expect to be exactly identical (initializing a BertForSequenceClassification model from a BertForSequenceClassification model).
Some weights of RobertaModel were not initialized from the model checkpoint at roberta-large and are newly initialized: ['roberta.pooler.dense.weight', 'roberta.pooler.dense.bias']
You should probably TRAIN this model on a down-stream task to be able to use it for predictions and inference.
delta_repeat-1
WER
[-0.22490831 -0.21110257 -0.21072341 -0.22881576 -0.21744437 -0.24033092
 -0.23180611 -0.23512531 -0.19089054 -0.23864915 -0.23461449 -0.2016394
 -0.20861733 -0.24243292 -0.26650545 -0.24026703 -0.25302971 -0.22986903
 -0.21507985 -0.20589604 -0.22920494 -0.21424464 -0.25286379 -0.23741737
 -0.2488927  -0.2224277  -0.25511402 -0.23028296 -0.22681056 -0.24359951
 -0.22372231 -0.23472659 -0.20708146 -0.22781779 -0.2275652  -0.22331078
 -0.24429805 -0.23123617 -0.24280217 -0.21344134 -0.24158024 -0.21613368
 -0.23711969 -0.21649782 -0.22264476 -0.23600308 -0.25258154 -0.21416476
 -0.21600032 -0.2133953  -0.22695402 -0.22436711 -0.22702152 -0.23531905
 -0.21974097 -0.23512838 -0.22873254 -0.23127616 -0.24326296 -0.21431705
 -0.21950708 -0.2284494  -0.25341157 -0.22264242 -0.23236428 -0.19349503
 -0.22689681 -0.21304504 -0.20035915 -0.24592259 -0.2261902  -0.20772528
 -0.21065274 -0.27875805 -0.23177924 -0.25078275 -0.23412957 -0.21983151
 -0.24581762 -0.20381206 -0.24048521 -0.2675843  -0.2467209  -0.22589208
 -0.21007243 -0.23474107 -0.23885385 -0.23042143 -0.22859149 -0.22479287
 -0.20728315 -0.18761784 -0.25115176 -0.22673254 -0.23641054 -0.24739674
 -0.21664514 -0.22885249 -0.21573922 -0.2364261  -0.22636173 -0.22845438
 -0.21594413 -0.24145916 -0.202082   -0.21102423 -0.22173562 -0.24231342
 -0.22273205 -0.23665976 -0.23922295 -0.20042535 -0.24663013 -0.22398578
 -0.23705015 -0.22959667 -0.22624017 -0.21420671 -0.22790467 -0.2220352
 -0.21009847 -0.24417661 -0.24464597 -0.20681678 -0.22437952 -0.21696192
 -0.2234404  -0.22740908 -0.23979347 -0.21733881 -0.23371409 -0.23733581
 -0.22865037 -0.24078895 -0.23988326 -0.22309843 -0.20361146 -0.19335864
 -0.24161384 -0.25406581 -0.21951519 -0.22299333 -0.24357491 -0.2200295
 -0.24097727 -0.21954728 -0.24301419 -0.20873763 -0.21976134 -0.19796443
 -0.23578006 -0.21040288 -0.23508088 -0.23451455 -0.23715402 -0.20815683
 -0.2173907  -0.22578319 -0.23626921 -0.22875959 -0.23651143 -0.24736979
 -0.22836263 -0.22819006 -0.25432475 -0.22781019 -0.2335235  -0.22010297
 -0.24210735 -0.23778643 -0.21760106 -0.24869285 -0.23672028 -0.24012558
 -0.24262925 -0.23400856 -0.24581891 -0.21674292 -0.2451595  -0.2344341
 -0.24925051 -0.26813739 -0.23168533 -0.26557126 -0.20856592 -0.23571722
 -0.24449891 -0.22630841 -0.2338429  -0.20880643 -0.21927599 -0.21314261
 -0.22118698 -0.21774039 -0.26233778 -0.21795496 -0.22795656 -0.24841041
 -0.1944895  -0.25060327]
delta_repeat-1
BLEU
[0.17905836 0.19105938 0.18588443 0.16851313 0.17847815 0.16813872
 0.17657708 0.17084012 0.19298002 0.18816286 0.16112327 0.19076112
 0.1943054  0.13871862 0.14524936 0.15438808 0.14082274 0.20656958
 0.20677679 0.18894164 0.17458217 0.19078286 0.12981964 0.18720009
 0.16079976 0.20771819 0.15635793 0.19390668 0.15734653 0.19085881
 0.20609361 0.17537225 0.22411905 0.17859919 0.17681718 0.20340069
 0.17799282 0.17466157 0.16588118 0.20682532 0.15542689 0.20203517
 0.19172758 0.18705903 0.17707026 0.17827491 0.15439859 0.21947163
 0.20088694 0.22299334 0.21168147 0.17823309 0.21894576 0.1498095
 0.20124901 0.16489519 0.16395646 0.15739316 0.18575733 0.22772776
 0.18470906 0.1740374  0.14526768 0.18068342 0.21344163 0.2223114
 0.15622752 0.18732799 0.20950174 0.18291071 0.16431554 0.20343852
 0.21898751 0.10072298 0.18065756 0.16249611 0.19698458 0.21908558
 0.18145109 0.18689934 0.18118327 0.12812131 0.17611291 0.18347747
 0.20630356 0.13424917 0.19449048 0.19277647 0.20777305 0.18532738
 0.21121871 0.21968104 0.14901332 0.16558999 0.19110708 0.17536322
 0.20882307 0.2181954  0.19528514 0.21514746 0.21637461 0.15583332
 0.15338564 0.16854218 0.19983819 0.1948095  0.16865167 0.16206993
 0.19704648 0.171058   0.16149363 0.22350158 0.17517708 0.17279629
 0.18503629 0.21409709 0.13619763 0.21776786 0.16094191 0.1894748
 0.22451832 0.16592335 0.16036397 0.21689118 0.2000807  0.18840497
 0.17082169 0.21505959 0.1516612  0.18280282 0.15355146 0.13689598
 0.17312486 0.19017462 0.14935168 0.198035   0.21443514 0.25247248
 0.19038682 0.13809776 0.22145705 0.19351951 0.18447287 0.21395906
 0.18866204 0.20111574 0.18782666 0.18591703 0.17906737 0.20016165
 0.17008906 0.21506545 0.16085069 0.17240837 0.1777126  0.19904459
 0.20332703 0.19745449 0.18570765 0.19197198 0.19053984 0.14331654
 0.17505459 0.17998252 0.15196683 0.17982656 0.1797463  0.20036924
 0.15968849 0.19195018 0.18844429 0.16071257 0.16310126 0.1742908
 0.19193605 0.1896306  0.17859019 0.2024099  0.16057723 0.1948487
 0.16620701 0.14236566 0.17093863 0.13849822 0.19142792 0.18073369
 0.17343663 0.19456961 0.21147294 0.18373508 0.22771315 0.20492146
 0.18296332 0.18439865 0.11831324 0.20901104 0.16557322 0.16101424
 0.21776461 0.16916412]
delta_repeat-1
METEOR
[0.1490874  0.15473135 0.16435495 0.16672133 0.14269806 0.13738125
 0.14188419 0.13930262 0.16687571 0.16691561 0.15325434 0.15409181
 0.14843527 0.14149099 0.14499898 0.14267922 0.14558759 0.19188203
 0.16964393 0.15220841 0.16184186 0.15618119 0.13337275 0.16643122
 0.12868087 0.164016   0.1399569  0.17231597 0.15224457 0.16865314
 0.17856521 0.15369389 0.17704194 0.15686869 0.14718786 0.15878064
 0.16448236 0.14116935 0.15933587 0.17059012 0.14055388 0.15652568
 0.15228102 0.15355068 0.13929984 0.17558819 0.12364535 0.19485798
 0.16962842 0.17856214 0.1888922  0.16678704 0.17571857 0.14252266
 0.17815378 0.15940563 0.15749804 0.14376508 0.15733212 0.20057234
 0.16381395 0.14783293 0.12162321 0.17241603 0.18253089 0.19808779
 0.14677682 0.17492576 0.19812581 0.16282064 0.14522858 0.18209096
 0.18024688 0.09111248 0.153834   0.14373701 0.16943431 0.19295456
 0.16275771 0.15426862 0.17066906 0.12625129 0.1416632  0.16178559
 0.18892264 0.13066641 0.16070659 0.16582202 0.17837711 0.14287566
 0.17432537 0.18825179 0.13460497 0.14094309 0.1660949  0.16291247
 0.17286952 0.19484302 0.18242568 0.19032102 0.17028264 0.12780777
 0.13073339 0.15856508 0.16147278 0.16893297 0.14778623 0.13318232
 0.16524088 0.15320631 0.14262358 0.19260175 0.15003374 0.16242447
 0.1452488  0.1928627  0.12109061 0.18841585 0.14556772 0.16577866
 0.2024767  0.15155935 0.16663289 0.19345036 0.16735131 0.16248746
 0.15912802 0.19606027 0.11987091 0.13646655 0.13636639 0.13247907
 0.15815731 0.17188301 0.1480061  0.17808134 0.17737842 0.21755316
 0.16011487 0.14592247 0.18114661 0.16915589 0.16882231 0.18713711
 0.1537063  0.15839817 0.16105486 0.163988   0.15005842 0.16169695
 0.14522292 0.18373887 0.13352678 0.14593923 0.15687506 0.1602927
 0.17896366 0.17850542 0.1384458  0.16346899 0.16877204 0.13328097
 0.157265   0.16459969 0.13692404 0.16697586 0.14160858 0.18614569
 0.13728503 0.17080319 0.15367273 0.15232342 0.14538728 0.17346132
 0.16261672 0.176491   0.15322347 0.17374147 0.16942701 0.16327675
 0.13857687 0.13086661 0.15778391 0.12850077 0.1658397  0.14345004
 0.1533113  0.1676043  0.18474797 0.174308   0.1837953  0.1649894
 0.14812632 0.15785846 0.13533288 0.1809051  0.1473787  0.13436798
 0.19286687 0.14543648]
delta_repeat-1
BERT
[0.8058708  0.80092204 0.7978237  0.80295116 0.7929394  0.7948258
 0.8036466  0.80124104 0.8009755  0.80025434 0.80306697 0.8086833
 0.79938453 0.7911573  0.7960166  0.799993   0.79411733 0.8078286
 0.80108374 0.80033016 0.7979673  0.7973046  0.7939372  0.79944175
 0.79307485 0.80385023 0.80642784 0.800835   0.7997531  0.7960829
 0.8036859  0.79815686 0.8061265  0.79559094 0.7997841  0.79518837
 0.79572743 0.80053526 0.8042201  0.80406487 0.79299843 0.7998326
 0.8021653  0.80199933 0.8004104  0.8042983  0.8036378  0.79960054
 0.8040707  0.80538875 0.79973805 0.80322385 0.8010359  0.798101
 0.8077673  0.80502135 0.7970551  0.79212093 0.804647   0.81404907
 0.79968864 0.79934514 0.79359424 0.8036578  0.79874986 0.8009614
 0.80163985 0.7957873  0.80432725 0.80223453 0.7953709  0.8044108
 0.8085408  0.7903265  0.79859406 0.7990577  0.800493   0.79766315
 0.7974049  0.80454105 0.8014621  0.7986572  0.79657376 0.8063028
 0.7999345  0.7968027  0.8054917  0.79815495 0.8064287  0.8074339
 0.8044324  0.80650944 0.7947527  0.8084631  0.79959095 0.79105216
 0.80420667 0.8101319  0.8048172  0.8000208  0.8051869  0.79523253
 0.8044793  0.7958963  0.800584   0.80266654 0.79872733 0.79406124
 0.8037969  0.800826   0.7990363  0.8059613  0.7990288  0.8016369
 0.8070402  0.7976822  0.79852116 0.80526316 0.80306745 0.8042422
 0.8056677  0.8025776  0.79780465 0.80553687 0.8029636  0.80396
 0.79784465 0.8013849  0.7932197  0.7998574  0.7974232  0.7904171
 0.7970969  0.80193084 0.7950607  0.810429   0.8058042  0.8124456
 0.8012953  0.79341924 0.799446   0.8026279  0.8058644  0.813727
 0.8021197  0.8071485  0.798455   0.8095831  0.7988791  0.7989179
 0.7972805  0.80329907 0.79813784 0.79451156 0.79476964 0.80364543
 0.808276   0.80168813 0.8075971  0.80486727 0.8138154  0.8017369
 0.8062759  0.79953414 0.793707   0.79707587 0.80165875 0.8097929
 0.795086   0.8146355  0.81519264 0.79636437 0.7952836  0.803024
 0.81090766 0.79931754 0.7940111  0.8039826  0.7921383  0.79870474
 0.79514116 0.79496837 0.8036071  0.79131156 0.80697036 0.79704803
 0.7992663  0.80692047 0.7982813  0.80241877 0.81253517 0.8002676
 0.8013742  0.8004834  0.79257935 0.8096879  0.80288583 0.8002152
 0.806276   0.7970021 ]
[nltk_data] Downloading package wordnet to /mnt/iusers01/fse-
[nltk_data]     ugpgt01/compsci01/q12628ct/nltk_data...
[nltk_data]   Package wordnet is already up-to-date!
[nltk_data] Downloading package punkt_tab to /mnt/iusers01/fse-
[nltk_data]     ugpgt01/compsci01/q12628ct/nltk_data...
[nltk_data]   Package punkt_tab is already up-to-date!
[nltk_data] Downloading package omw-1.4 to /mnt/iusers01/fse-
[nltk_data]     ugpgt01/compsci01/q12628ct/nltk_data...
[nltk_data]   Package omw-1.4 is already up-to-date!
/mnt/iusers01/fse-ugpgt01/compsci01/q12628ct/.conda/envs/semantic-decoding/lib/python3.10/site-packages/huggingface_hub/file_download.py:945: FutureWarning: `resume_download` is deprecated and will be removed in version 1.0.0. Downloads always resume when possible. If you want to force a new download, use `force_download=True`.
  warnings.warn(
Some weights of the model checkpoint at roberta-large were not used when initializing RobertaModel: ['lm_head.dense.weight', 'lm_head.layer_norm.weight', 'lm_head.bias', 'lm_head.layer_norm.bias', 'lm_head.dense.bias']
- This IS expected if you are initializing RobertaModel from the checkpoint of a model trained on another task or with another architecture (e.g. initializing a BertForSequenceClassification model from a BertForPreTraining model).
- This IS NOT expected if you are initializing RobertaModel from the checkpoint of a model that you expect to be exactly identical (initializing a BertForSequenceClassification model from a BertForSequenceClassification model).
Some weights of RobertaModel were not initialized from the model checkpoint at roberta-large and are newly initialized: ['roberta.pooler.dense.bias', 'roberta.pooler.dense.weight']
You should probably TRAIN this model on a down-stream task to be able to use it for predictions and inference.
delta_repeat-2
WER
[-0.27079761 -0.30776973 -0.30262629 -0.28362908 -0.24932702 -0.29334045
 -0.27306604 -0.27081332 -0.24873689 -0.26451796 -0.26405396 -0.27873309
 -0.25833638 -0.27555768 -0.24580871 -0.24921515 -0.27062783 -0.29387374
 -0.25295332 -0.26732135 -0.26767983 -0.30527949 -0.25676333 -0.27394973
 -0.29125764 -0.29375412 -0.28026383 -0.27487482 -0.26492019 -0.26612236
 -0.26779276 -0.28158541 -0.23824367 -0.26910001 -0.25097941 -0.27950017
 -0.27465018 -0.26335146 -0.29147804 -0.24458503 -0.2854772  -0.29488459
 -0.27989235 -0.26510403 -0.25666716 -0.26667506 -0.2753215  -0.26426384
 -0.28264684 -0.27020184 -0.2749614  -0.25790082 -0.29776846 -0.26462958
 -0.28231426 -0.27297801 -0.2674836  -0.27981113 -0.26194268 -0.28049674
 -0.26869822 -0.28907946 -0.285304   -0.2858799  -0.24723088 -0.26670386
 -0.2540133  -0.26376261 -0.28889073 -0.26302381 -0.27712912 -0.29463567
 -0.29256284 -0.28399675 -0.27742205 -0.30303469 -0.29415723 -0.25455253
 -0.27222747 -0.27611859 -0.25103336 -0.27699569 -0.3011791  -0.24887362
 -0.26033148 -0.2837027  -0.28717762 -0.29392737 -0.25918375 -0.26079306
 -0.27710231 -0.27321309 -0.29820618 -0.27961099 -0.27299635 -0.28217977
 -0.26797638 -0.22240573 -0.26794801 -0.24929471 -0.27480322 -0.26282813
 -0.25555515 -0.25479107 -0.25425847 -0.2828515  -0.23388003 -0.2580139
 -0.27904953 -0.2861208  -0.26282154 -0.27496074 -0.25008721 -0.25078594
 -0.27462466 -0.29612097 -0.26772412 -0.25787891 -0.27923521 -0.25682059
 -0.29392995 -0.30295498 -0.26162074 -0.27231097 -0.28592105 -0.25797055
 -0.29430297 -0.29343906 -0.28624924 -0.26901315 -0.26519899 -0.26959849
 -0.24800934 -0.29088957 -0.24427159 -0.27931965 -0.27314803 -0.24172347
 -0.26700633 -0.27787506 -0.28089551 -0.27015136 -0.24131258 -0.26701747
 -0.26732656 -0.2740706  -0.25710016 -0.28163803 -0.26084649 -0.28205617
 -0.2718393  -0.28366712 -0.24345322 -0.26089302 -0.26082591 -0.28762505
 -0.27543077 -0.27164917 -0.28739646 -0.25664466 -0.25467393 -0.26616835
 -0.2784507  -0.26046058 -0.28553897 -0.25504661 -0.25303961 -0.27285039
 -0.25858119 -0.26291702 -0.25531926 -0.25537317 -0.29115242 -0.29178798
 -0.24910699 -0.27263092 -0.26937047 -0.29323276 -0.29422657 -0.29304805
 -0.24701014 -0.24223365 -0.29874905 -0.25512304 -0.28849326 -0.26300325
 -0.28997882 -0.2789276  -0.27169007 -0.27277511 -0.29475354 -0.2786274
 -0.23336388 -0.26165325 -0.2717989  -0.27872603 -0.27228427 -0.2691761
 -0.27944116 -0.27995535]
delta_repeat-2
BLEU
[0.16960456 0.1280083  0.15123419 0.19669166 0.19796779 0.17573687
 0.16260533 0.17895466 0.1951389  0.21131243 0.16160087 0.20696673
 0.20252136 0.13015886 0.16855831 0.21203992 0.20797758 0.1438609
 0.21270485 0.17100418 0.18383641 0.13157498 0.20156885 0.20229623
 0.14876558 0.17121338 0.1716294  0.16695722 0.19043221 0.17520228
 0.19199632 0.1861618  0.22653411 0.18790295 0.17896225 0.15525183
 0.18287747 0.16404486 0.16506112 0.19736663 0.16221665 0.14725362
 0.18379224 0.17936867 0.15640338 0.17379488 0.18633159 0.17774887
 0.15142398 0.18936151 0.16261617 0.1942958  0.16353914 0.17443363
 0.15504786 0.19101835 0.16454076 0.17780429 0.19424701 0.18131429
 0.18951354 0.17225496 0.16104133 0.18391472 0.1959382  0.19272603
 0.19060197 0.22299735 0.17022634 0.18985285 0.16212503 0.14684539
 0.1560022  0.16784861 0.14882458 0.13110228 0.1385043  0.2236057
 0.22689209 0.19081824 0.1838059  0.16919537 0.11515111 0.20782492
 0.18416122 0.15209445 0.1647752  0.15948569 0.18219074 0.1729415
 0.1738877  0.17749462 0.17070234 0.18643482 0.14363592 0.18293265
 0.18879266 0.23316729 0.2007975  0.18756509 0.19135741 0.18426151
 0.21832772 0.21183212 0.18724105 0.15313586 0.20615746 0.17894425
 0.16453162 0.19265838 0.16239482 0.17521358 0.189875   0.18137385
 0.14824271 0.15689437 0.19517257 0.22521115 0.17679121 0.16548118
 0.16793123 0.16417568 0.23772586 0.22138569 0.16232791 0.17325078
 0.15242977 0.16093386 0.17113818 0.17422677 0.21946005 0.21261103
 0.20636932 0.17314183 0.17426603 0.17067913 0.18389829 0.20025839
 0.17494223 0.15166768 0.15154611 0.1720659  0.18892187 0.1783441
 0.2073476  0.16448974 0.18568542 0.14329441 0.19420999 0.15162969
 0.17986499 0.19013509 0.20696151 0.19978081 0.19387464 0.15318769
 0.20660205 0.18145092 0.16217879 0.19985214 0.21192541 0.18624249
 0.16321704 0.21665064 0.18053327 0.16902578 0.19399018 0.17574635
 0.23235887 0.17387346 0.17971634 0.20014245 0.14504716 0.18007129
 0.21906489 0.20915792 0.16747124 0.17687145 0.17698649 0.18298825
 0.20461701 0.21187327 0.15299959 0.1711063  0.13206    0.19387903
 0.16131404 0.18215393 0.16293309 0.17976329 0.17134407 0.16167223
 0.23978415 0.18667941 0.14407375 0.1577436  0.1791819  0.19714764
 0.18187289 0.17782147]
delta_repeat-2
METEOR
[0.15558652 0.12119697 0.13657364 0.16745169 0.17019817 0.17023348
 0.14114501 0.17725724 0.16928376 0.19185247 0.14695877 0.18196533
 0.15614888 0.11685157 0.15387035 0.20908756 0.17746358 0.14882741
 0.17779814 0.16601198 0.19034542 0.1197036  0.1737508  0.17084917
 0.12864908 0.15261378 0.14481217 0.13787262 0.18050076 0.16432534
 0.15750976 0.18300554 0.19404292 0.16598272 0.16720056 0.13428891
 0.17353875 0.15549913 0.14701647 0.17377586 0.14621822 0.12338331
 0.16018069 0.1718757  0.13794908 0.16165689 0.18169253 0.14518804
 0.1523745  0.16322004 0.14165943 0.16742945 0.15611373 0.15683203
 0.13569383 0.16287847 0.1479046  0.14393565 0.16843121 0.16758651
 0.1624708  0.15562685 0.1592261  0.17267096 0.14707912 0.16729302
 0.17152095 0.17815242 0.13410353 0.1709115  0.14926431 0.1161417
 0.14584737 0.17070012 0.1325263  0.11687538 0.14592214 0.20226093
 0.20840066 0.16996959 0.14010582 0.15842802 0.1177917  0.18688796
 0.16673859 0.14449897 0.15068175 0.1494373  0.16393987 0.1528881
 0.17367267 0.15672388 0.16534733 0.17898409 0.13609047 0.16938768
 0.16185335 0.19227473 0.1945639  0.16712099 0.1488203  0.16096586
 0.20499793 0.17607816 0.15992327 0.16066146 0.16574071 0.16427518
 0.14609754 0.16285046 0.15931015 0.14198051 0.1733049  0.1677471
 0.13871067 0.12249305 0.18106195 0.17387063 0.1609185  0.17030742
 0.17380829 0.14835943 0.21485941 0.19100048 0.13961882 0.16347464
 0.14483515 0.1575886  0.15759429 0.15479812 0.19783719 0.1688658
 0.17437677 0.14154853 0.16325265 0.16480269 0.17020268 0.16406138
 0.14170408 0.14666917 0.13990549 0.15494034 0.20240308 0.16003378
 0.185691   0.14928589 0.171408   0.15827059 0.16734423 0.13344722
 0.17459203 0.17720405 0.18630741 0.17698841 0.16634443 0.13948658
 0.17265122 0.15035481 0.14192296 0.18441298 0.18826674 0.17685767
 0.16298303 0.17635612 0.15287789 0.15762725 0.1703438  0.15873799
 0.19380472 0.16319238 0.1627555  0.17568568 0.13505925 0.15703309
 0.17162651 0.18514425 0.1507754  0.15125375 0.15582499 0.15548076
 0.19900592 0.20135133 0.14328431 0.14558683 0.12570731 0.18146637
 0.17692921 0.17569772 0.15444145 0.16035515 0.16147601 0.13674343
 0.22754438 0.17309569 0.13912503 0.13395369 0.14730125 0.18946552
 0.16207277 0.16948877]
delta_repeat-2
BERT
[0.7990029  0.7978784  0.7948884  0.8099263  0.8003958  0.80183375
 0.8046797  0.7974848  0.80786234 0.8041727  0.8019834  0.80630326
 0.80816853 0.7954188  0.7945227  0.8039024  0.7991213  0.79057825
 0.8009328  0.7928092  0.8078307  0.79726726 0.8068733  0.80408627
 0.7936753  0.7954571  0.792373   0.79826784 0.8057496  0.8013453
 0.80893654 0.8056942  0.80843306 0.80496943 0.8084012  0.80190206
 0.7961484  0.79758006 0.79444253 0.8069232  0.79890025 0.7996931
 0.8065487  0.796855   0.79466665 0.7979124  0.8041025  0.80251217
 0.7976692  0.804336   0.7956533  0.81148016 0.80560005 0.7973242
 0.8009627  0.79757106 0.79131913 0.8016352  0.8086709  0.7989607
 0.8005001  0.79770994 0.80987096 0.802813   0.808449   0.8034319
 0.8000223  0.8044312  0.79488456 0.79185134 0.80044186 0.80520344
 0.7982229  0.7995655  0.79605347 0.79406387 0.800437   0.80459625
 0.8044636  0.80313855 0.8006432  0.8070756  0.79437554 0.80521804
 0.8089485  0.8016281  0.7930364  0.79568595 0.80659324 0.7994354
 0.8077741  0.79953456 0.80221856 0.80283636 0.7906843  0.8023708
 0.7957266  0.8067385  0.8058581  0.7996153  0.8066236  0.8060278
 0.8095518  0.80487776 0.7989071  0.80069995 0.8064414  0.8014277
 0.794377   0.801718   0.80171454 0.79176015 0.79914    0.8026898
 0.80090714 0.7940486  0.8017167  0.80582994 0.7999691  0.8019829
 0.80134    0.79512376 0.8084622  0.8083264  0.79425144 0.80190206
 0.79722947 0.80095905 0.8009952  0.79565746 0.80510247 0.80463326
 0.8095642  0.7951758  0.8033706  0.79771405 0.8004381  0.8022602
 0.80162674 0.7994368  0.7949658  0.7984836  0.8082766  0.79354423
 0.8013901  0.7997611  0.80650914 0.7947691  0.7967672  0.79856014
 0.81000733 0.7980138  0.8043986  0.8106468  0.7969911  0.8024199
 0.81098723 0.80402243 0.7932557  0.810494   0.7986933  0.8064482
 0.8060661  0.8058545  0.8046782  0.8052622  0.8069863  0.799162
 0.8046601  0.7982991  0.80140704 0.79798627 0.7943761  0.812566
 0.8111324  0.80935174 0.79752004 0.7994584  0.8025367  0.79961795
 0.8055398  0.8077572  0.8043878  0.80052197 0.79953396 0.8043306
 0.8027797  0.80363816 0.80203956 0.79882246 0.8019633  0.79875165
 0.81502914 0.79837155 0.801068   0.79604286 0.8075578  0.8052721
 0.80470055 0.7970033 ]
[nltk_data] Downloading package wordnet to /mnt/iusers01/fse-
[nltk_data]     ugpgt01/compsci01/q12628ct/nltk_data...
[nltk_data]   Package wordnet is already up-to-date!
[nltk_data] Downloading package punkt_tab to /mnt/iusers01/fse-
[nltk_data]     ugpgt01/compsci01/q12628ct/nltk_data...
[nltk_data]   Package punkt_tab is already up-to-date!
[nltk_data] Downloading package omw-1.4 to /mnt/iusers01/fse-
[nltk_data]     ugpgt01/compsci01/q12628ct/nltk_data...
[nltk_data]   Package omw-1.4 is already up-to-date!
/mnt/iusers01/fse-ugpgt01/compsci01/q12628ct/.conda/envs/semantic-decoding/lib/python3.10/site-packages/huggingface_hub/file_download.py:945: FutureWarning: `resume_download` is deprecated and will be removed in version 1.0.0. Downloads always resume when possible. If you want to force a new download, use `force_download=True`.
  warnings.warn(
Some weights of the model checkpoint at roberta-large were not used when initializing RobertaModel: ['lm_head.dense.weight', 'lm_head.bias', 'lm_head.dense.bias', 'lm_head.layer_norm.bias', 'lm_head.layer_norm.weight']
- This IS expected if you are initializing RobertaModel from the checkpoint of a model trained on another task or with another architecture (e.g. initializing a BertForSequenceClassification model from a BertForPreTraining model).
- This IS NOT expected if you are initializing RobertaModel from the checkpoint of a model that you expect to be exactly identical (initializing a BertForSequenceClassification model from a BertForSequenceClassification model).
Some weights of RobertaModel were not initialized from the model checkpoint at roberta-large and are newly initialized: ['roberta.pooler.dense.bias', 'roberta.pooler.dense.weight']
You should probably TRAIN this model on a down-stream task to be able to use it for predictions and inference.
echo_repeat-1
WER
[-0.07201052 -0.07603443 -0.05519551 -0.06242727 -0.06860097 -0.06473472
 -0.06289505 -0.04789503 -0.07122302 -0.05701049 -0.07030137 -0.0838737
 -0.06372499 -0.0640155  -0.07267372 -0.06254325 -0.06602857 -0.05884126
 -0.06168956 -0.0513294  -0.05198866 -0.08305451 -0.06794625 -0.06811571
 -0.06210479 -0.06531664 -0.05685371 -0.06976154 -0.05199462 -0.04530114
 -0.05220232 -0.05564071 -0.06757188 -0.0587176  -0.06481856 -0.07336082
 -0.06684966 -0.0613597  -0.07475    -0.06097499 -0.06483669 -0.05831255
 -0.06238628 -0.06585432 -0.06999174 -0.04686238 -0.06057686 -0.07084903
 -0.07265475 -0.05895721 -0.06206447 -0.06377621 -0.05194935 -0.04877437
 -0.06620958 -0.04999126 -0.07024072 -0.05570197 -0.06298027 -0.05205492
 -0.04678348 -0.06499671 -0.04743696 -0.04676579 -0.06746719 -0.06564269
 -0.06955514 -0.05622963 -0.07670964 -0.0530854  -0.05606816 -0.05352132
 -0.06796117 -0.06569473 -0.07314216 -0.08014116 -0.0747488  -0.05199565
 -0.07068247 -0.06162946 -0.06110305 -0.0588193  -0.07148919 -0.0617695
 -0.06349298 -0.07031153 -0.0674101  -0.05302526 -0.06927223 -0.05317936
 -0.05775884 -0.07879982 -0.05080702 -0.05135167 -0.06767711 -0.06212179
 -0.07640987 -0.05735002 -0.06297697 -0.06477639 -0.06721814 -0.05635777
 -0.05259884 -0.06193928 -0.07336573 -0.06025422 -0.06376634 -0.06527996
 -0.05063357 -0.07308694 -0.06250393 -0.05765498 -0.07135206 -0.07899769
 -0.07550493 -0.05710604 -0.06595126 -0.0610184  -0.05485889 -0.05264979
 -0.07522673 -0.07002168 -0.04515016 -0.04054421 -0.05721808 -0.06647863
 -0.07108921 -0.07752201 -0.08412609 -0.06796191 -0.06925744 -0.07087695
 -0.07304434 -0.07316355 -0.07625576 -0.05377756 -0.05890731 -0.06025301
 -0.07171412 -0.06767136 -0.04880508 -0.05801727 -0.06397031 -0.06582276
 -0.06437978 -0.071828   -0.08390983 -0.04317432 -0.07329608 -0.05690707
 -0.06760856 -0.06624754 -0.06668504 -0.06371176 -0.06920885 -0.05597256
 -0.07072734 -0.04969401 -0.06690002 -0.060195   -0.06942043 -0.06099049
 -0.05778112 -0.05944943 -0.07317571 -0.06470895 -0.07522469 -0.06573459
 -0.06354459 -0.05844447 -0.07388678 -0.06739138 -0.06720697 -0.07012623
 -0.05655385 -0.05142055 -0.05450902 -0.06446463 -0.0623004  -0.05420588
 -0.07632226 -0.07378531 -0.05377179 -0.06086107 -0.06561923 -0.0715803
 -0.05357259 -0.06797038 -0.06481868 -0.06667356 -0.06971372 -0.05682931
 -0.06966319 -0.06426964 -0.05271659 -0.05789217 -0.0599573  -0.07228859
 -0.07797955 -0.06845772]
echo_repeat-1
BLEU
[0.18580024 0.13977077 0.16146164 0.14662235 0.10897225 0.15848656
 0.19489384 0.17521051 0.17412718 0.17790533 0.14303654 0.11384983
 0.17198136 0.14964994 0.11342383 0.16060216 0.14995085 0.16585237
 0.15537318 0.15861562 0.17980805 0.12042225 0.16763882 0.15383064
 0.16541701 0.14724152 0.16921746 0.16799137 0.16800635 0.16448238
 0.16015297 0.15919808 0.15323028 0.17751574 0.15605781 0.16663503
 0.1417541  0.16104502 0.14570974 0.16795644 0.12795287 0.15171636
 0.18644813 0.15249374 0.13907641 0.14855277 0.15630258 0.15883916
 0.15896572 0.17873748 0.15068182 0.14929357 0.16679973 0.15907707
 0.14283638 0.17014188 0.13327321 0.20619909 0.16239622 0.2014888
 0.17834978 0.16432225 0.17156113 0.19590732 0.16435528 0.15132087
 0.13006949 0.16327499 0.19674768 0.15090377 0.18497683 0.18264578
 0.16176627 0.13974446 0.12753045 0.14134785 0.13571564 0.15756736
 0.16884456 0.16309284 0.15310542 0.18686825 0.18152058 0.16153862
 0.16565482 0.14515999 0.17751115 0.15639745 0.16293966 0.15563947
 0.16561698 0.12111047 0.17125761 0.18043596 0.14718848 0.1749178
 0.15171887 0.14509805 0.15076781 0.12676575 0.13299978 0.16465349
 0.18963896 0.1811615  0.14280682 0.15452385 0.16397661 0.17912395
 0.21187395 0.14422607 0.14779377 0.13743563 0.16593321 0.12532453
 0.1573927  0.1536987  0.15338764 0.16200932 0.16146448 0.16405979
 0.12814775 0.13851647 0.19057526 0.17013406 0.15034295 0.15598092
 0.15329632 0.13150041 0.17049899 0.14703067 0.13992202 0.17466783
 0.15570672 0.17175589 0.14604105 0.15578575 0.17142355 0.13726444
 0.14006372 0.16118851 0.16976516 0.14328699 0.15350216 0.17102611
 0.19193619 0.13756203 0.10922018 0.16323313 0.15229626 0.15315187
 0.15155679 0.173804   0.15164256 0.17299332 0.13846645 0.14445608
 0.17543649 0.18271146 0.17298998 0.16504324 0.17335621 0.16072211
 0.18733234 0.19380418 0.14755963 0.17729028 0.15357004 0.18836434
 0.18187453 0.17439919 0.12562072 0.16379648 0.17823324 0.17834641
 0.13783557 0.1761183  0.1815742  0.14623661 0.13928937 0.1584364
 0.14135412 0.12595905 0.18382424 0.14362071 0.13913667 0.1643845
 0.15581807 0.14734572 0.16193265 0.16133953 0.14092613 0.17279196
 0.17555233 0.15124608 0.16073274 0.1550354  0.16511048 0.15795327
 0.16676904 0.15626446]
echo_repeat-1
METEOR
[0.1327706  0.09950441 0.1109252  0.11087722 0.06687373 0.09473747
 0.12752633 0.1233891  0.10804398 0.11013654 0.09170481 0.08308968
 0.11681883 0.11136531 0.07967336 0.10205229 0.09910595 0.11291465
 0.10728946 0.12100796 0.10489912 0.1158568  0.10575915 0.10188773
 0.10719411 0.09786563 0.1285153  0.10867827 0.1137492  0.09522705
 0.10238834 0.10182466 0.09272268 0.12435633 0.10098878 0.11368372
 0.09642137 0.10030168 0.0957592  0.11221012 0.08750818 0.09780053
 0.11574126 0.0985722  0.10615032 0.10271041 0.09968027 0.1140529
 0.10951621 0.1202005  0.10956787 0.10986061 0.11316736 0.12505411
 0.09902987 0.11944149 0.10227731 0.12870371 0.14134844 0.12977006
 0.12533897 0.10491578 0.10369706 0.11509548 0.11693116 0.09983724
 0.08253427 0.12170031 0.13120866 0.10691275 0.11710503 0.11161971
 0.10559149 0.11174901 0.10450078 0.0926771  0.09198033 0.09953462
 0.10919374 0.11925063 0.10403671 0.12069377 0.11349812 0.11091641
 0.11815039 0.09347219 0.10825047 0.10308922 0.12280984 0.11108938
 0.10821334 0.0965969  0.10663345 0.12167482 0.11718471 0.13024856
 0.10365991 0.095832   0.10098049 0.08841758 0.08317484 0.1169417
 0.12715521 0.12096607 0.09985476 0.10512511 0.11270991 0.10863084
 0.1607029  0.10402754 0.11022443 0.09724952 0.11626709 0.08438984
 0.10908103 0.09080904 0.09194321 0.10884632 0.10060277 0.10177568
 0.08672964 0.09038989 0.12745443 0.09932218 0.08941505 0.10838528
 0.10717639 0.08941459 0.12880857 0.09609931 0.1042351  0.11305098
 0.11794546 0.11222952 0.10838429 0.1099879  0.11581312 0.09001239
 0.10084379 0.10485095 0.11166389 0.10369864 0.09567896 0.11082741
 0.13117969 0.09172431 0.08872022 0.12992023 0.10117446 0.11532935
 0.11437105 0.12520382 0.11892023 0.10868055 0.09614572 0.09845814
 0.12275361 0.11692915 0.11416757 0.10548835 0.11431809 0.10513281
 0.11583868 0.11215282 0.10380413 0.10329998 0.11488436 0.12553305
 0.1133362  0.11634346 0.08728204 0.11672507 0.11931936 0.11704311
 0.09268327 0.12633483 0.1076539  0.09754136 0.09533608 0.11373121
 0.08569348 0.08937528 0.12632181 0.10277223 0.08050028 0.1123509
 0.11180778 0.09330463 0.10282673 0.1112649  0.10572803 0.11347885
 0.11321633 0.10109333 0.10958057 0.10105807 0.11127295 0.11286981
 0.10873357 0.10284067]
echo_repeat-1
BERT
[0.7843917  0.7784277  0.7854351  0.7805758  0.7807936  0.7801841
 0.7808218  0.7823977  0.7834562  0.7833922  0.7834675  0.7788278
 0.77974766 0.7789739  0.7750049  0.7766377  0.78095895 0.7791946
 0.78363067 0.7817388  0.78577936 0.78106755 0.7854565  0.78262085
 0.78138316 0.77925545 0.78220636 0.78074336 0.783579   0.77565885
 0.77892506 0.7793428  0.777426   0.7813779  0.7827595  0.7836483
 0.78348637 0.7805586  0.778823   0.7815875  0.7795311  0.7819834
 0.78530586 0.7850982  0.7837027  0.7814667  0.77894723 0.7757555
 0.78200597 0.77857995 0.7797379  0.7799264  0.78402996 0.78367263
 0.78261214 0.7837221  0.780054   0.782197   0.7858764  0.7840052
 0.78175807 0.78287137 0.7822607  0.7788126  0.7809558  0.78324926
 0.7805063  0.7800691  0.7811753  0.7777773  0.7822425  0.78449696
 0.78594756 0.77876973 0.77912277 0.7787697  0.78217983 0.7851353
 0.7814157  0.782069   0.7791791  0.7837727  0.7819796  0.7822234
 0.78033686 0.7793295  0.78242016 0.78371674 0.7793791  0.77979904
 0.7796684  0.77783656 0.782205   0.7837126  0.7807669  0.78044474
 0.7806123  0.7768201  0.7796173  0.7827621  0.78106624 0.78067166
 0.7828152  0.7825203  0.7782624  0.7822475  0.7803356  0.7826058
 0.78252846 0.7850617  0.78172815 0.7834804  0.7829744  0.7795274
 0.7813689  0.78276813 0.78050095 0.7840017  0.7843658  0.77847123
 0.7792684  0.7800184  0.7846645  0.78453195 0.78334844 0.77898616
 0.7847632  0.7819101  0.7798921  0.77879685 0.7809627  0.7778528
 0.7858752  0.78621006 0.77696913 0.7800391  0.78417474 0.77714556
 0.7801707  0.7804232  0.7872558  0.77629024 0.78100383 0.781905
 0.78320897 0.7822717  0.78070235 0.78361297 0.7803174  0.7782808
 0.77993524 0.77998394 0.7808623  0.7814947  0.77836794 0.77710265
 0.786709   0.7864572  0.7825843  0.7844095  0.78309566 0.7791594
 0.782776   0.7824644  0.78087664 0.78364813 0.77733386 0.7836854
 0.7805741  0.7845743  0.7813167  0.78281516 0.78115493 0.7821098
 0.78159595 0.78397954 0.77946174 0.77948445 0.7810093  0.7841635
 0.78087234 0.78031385 0.7852476  0.7821252  0.781391   0.7786164
 0.7812887  0.7796491  0.7861223  0.7824808  0.7797052  0.7850178
 0.7800615  0.7826002  0.7848141  0.7831753  0.7792582  0.7797443
 0.7822466  0.7767746 ]
[nltk_data] Downloading package wordnet to /mnt/iusers01/fse-
[nltk_data]     ugpgt01/compsci01/q12628ct/nltk_data...
[nltk_data]   Package wordnet is already up-to-date!
[nltk_data] Downloading package punkt_tab to /mnt/iusers01/fse-
[nltk_data]     ugpgt01/compsci01/q12628ct/nltk_data...
[nltk_data]   Package punkt_tab is already up-to-date!
[nltk_data] Downloading package omw-1.4 to /mnt/iusers01/fse-
[nltk_data]     ugpgt01/compsci01/q12628ct/nltk_data...
[nltk_data]   Package omw-1.4 is already up-to-date!
/mnt/iusers01/fse-ugpgt01/compsci01/q12628ct/.conda/envs/semantic-decoding/lib/python3.10/site-packages/huggingface_hub/file_download.py:945: FutureWarning: `resume_download` is deprecated and will be removed in version 1.0.0. Downloads always resume when possible. If you want to force a new download, use `force_download=True`.
  warnings.warn(
Some weights of the model checkpoint at roberta-large were not used when initializing RobertaModel: ['lm_head.layer_norm.weight', 'lm_head.dense.weight', 'lm_head.layer_norm.bias', 'lm_head.bias', 'lm_head.dense.bias']
- This IS expected if you are initializing RobertaModel from the checkpoint of a model trained on another task or with another architecture (e.g. initializing a BertForSequenceClassification model from a BertForPreTraining model).
- This IS NOT expected if you are initializing RobertaModel from the checkpoint of a model that you expect to be exactly identical (initializing a BertForSequenceClassification model from a BertForSequenceClassification model).
Some weights of RobertaModel were not initialized from the model checkpoint at roberta-large and are newly initialized: ['roberta.pooler.dense.weight', 'roberta.pooler.dense.bias']
You should probably TRAIN this model on a down-stream task to be able to use it for predictions and inference.
echo_repeat-2
WER
[-0.08681501 -0.12612909 -0.10271737 -0.10428019 -0.11235383 -0.11727777
 -0.11359424 -0.10997346 -0.10553122 -0.1153182  -0.08830761 -0.1321259
 -0.10070274 -0.10726918 -0.1145693  -0.1096412  -0.09819446 -0.12171648
 -0.09523095 -0.1221462  -0.11420222 -0.11234582 -0.11404471 -0.10453108
 -0.1044613  -0.09918331 -0.12521605 -0.11630708 -0.10390343 -0.09137455
 -0.09424946 -0.10976706 -0.09120801 -0.10997242 -0.0950267  -0.12511462
 -0.08306546 -0.10177319 -0.1145682  -0.10914685 -0.08421952 -0.10792171
 -0.12299981 -0.11852044 -0.11057422 -0.08694712 -0.10063153 -0.10046487
 -0.10136914 -0.11058805 -0.09592698 -0.09878546 -0.11243877 -0.12100126
 -0.12285821 -0.10717932 -0.11518198 -0.11527505 -0.11251738 -0.11998702
 -0.1034078  -0.09776915 -0.11503109 -0.09863986 -0.12947323 -0.11561458
 -0.12046332 -0.12267754 -0.10838437 -0.09887551 -0.11481707 -0.13095793
 -0.09846867 -0.11853032 -0.10599242 -0.11907415 -0.13155148 -0.10373055
 -0.09048566 -0.1148969  -0.09904943 -0.09297302 -0.09983292 -0.1179922
 -0.09994929 -0.12683038 -0.12775483 -0.11486716 -0.09980117 -0.09735806
 -0.12064876 -0.11997219 -0.0950121  -0.09649647 -0.11721762 -0.09079732
 -0.12026941 -0.11007995 -0.10794339 -0.10883775 -0.1155202  -0.11357261
 -0.10163212 -0.10610082 -0.08540091 -0.10495342 -0.10336477 -0.11136789
 -0.1035316  -0.10908824 -0.09425089 -0.11491893 -0.11112533 -0.11894672
 -0.12781357 -0.09309716 -0.10844225 -0.11826466 -0.11557971 -0.10707014
 -0.11534782 -0.08639073 -0.1225807  -0.09793079 -0.12557924 -0.11017267
 -0.11401997 -0.12565417 -0.0891044  -0.10545486 -0.13025782 -0.10301523
 -0.09981998 -0.10441409 -0.12423193 -0.11045952 -0.11689242 -0.11834465
 -0.09794056 -0.11402214 -0.11387872 -0.12735991 -0.11184075 -0.12529236
 -0.10135028 -0.11664522 -0.11204624 -0.11189081 -0.12829698 -0.10922811
 -0.09981515 -0.1243732  -0.13856071 -0.12757695 -0.10646621 -0.10227043
 -0.11183058 -0.12720315 -0.11663337 -0.10544259 -0.0870958  -0.10421553
 -0.11946224 -0.12122003 -0.12802951 -0.09983152 -0.11382328 -0.12374173
 -0.11422846 -0.10357447 -0.1115481  -0.11153167 -0.1181402  -0.12163309
 -0.1207413  -0.11279762 -0.10571987 -0.11622617 -0.12293079 -0.10188674
 -0.1175184  -0.10716741 -0.10553398 -0.11519799 -0.10828007 -0.11666473
 -0.09990674 -0.10535566 -0.11459007 -0.11518616 -0.06722135 -0.11282712
 -0.10439943 -0.10560862 -0.09640779 -0.11336381 -0.11521292 -0.11068113
 -0.1208282  -0.11216195]
echo_repeat-2
BLEU
[0.1754263  0.15975319 0.17651725 0.17072657 0.15117807 0.13561389
 0.13863146 0.14426157 0.16434508 0.17282177 0.16582837 0.12453554
 0.17736345 0.14552476 0.15923758 0.18947806 0.16339389 0.14978676
 0.18853275 0.18883226 0.12947548 0.17744837 0.16812058 0.18312982
 0.16676302 0.16261986 0.13481241 0.11588856 0.16234836 0.1407516
 0.125478   0.12106826 0.17916295 0.15202976 0.17595983 0.14388055
 0.19263832 0.18799193 0.13872786 0.15524508 0.19306176 0.18797861
 0.11653566 0.13830773 0.16214565 0.14855436 0.19934588 0.18084516
 0.15999865 0.18355197 0.15087087 0.16198834 0.17153933 0.09359673
 0.10301119 0.12259638 0.16788944 0.15173452 0.14080341 0.13450337
 0.16157928 0.15203664 0.17170849 0.17065961 0.13928658 0.12908491
 0.1586487  0.1505407  0.16735315 0.15293277 0.14795999 0.12604861
 0.14911005 0.1463797  0.15780052 0.13529886 0.14432628 0.17233529
 0.19553587 0.17553705 0.15481284 0.13318106 0.17582084 0.12798098
 0.20213373 0.11536062 0.15713464 0.14380471 0.16877398 0.21122665
 0.1642531  0.12362571 0.16764204 0.16625591 0.2032774  0.19422971
 0.12589016 0.16203838 0.19861321 0.16359596 0.16061834 0.12606297
 0.16895286 0.18618665 0.1971951  0.16058582 0.16892028 0.16540466
 0.16128035 0.19549023 0.19958686 0.13924367 0.14104918 0.16884605
 0.11422496 0.17339759 0.15898852 0.15104956 0.15592636 0.19739173
 0.12166919 0.18340984 0.17611746 0.16217121 0.14268601 0.1625274
 0.15919657 0.14344426 0.17358911 0.14766826 0.14536498 0.15780039
 0.14087546 0.18349657 0.12748197 0.14863507 0.13291996 0.1289666
 0.17903626 0.17105054 0.14104997 0.14555557 0.13810474 0.13171592
 0.14652999 0.13835218 0.16388402 0.14971355 0.15063226 0.16047162
 0.16578412 0.16665077 0.11964346 0.12638382 0.19053833 0.14590388
 0.13872824 0.14601311 0.12414316 0.19071156 0.15680763 0.14468267
 0.13154805 0.12954792 0.13658013 0.15444981 0.16350108 0.14172171
 0.1689865  0.15974278 0.17393292 0.17909264 0.16196981 0.13582591
 0.15307316 0.17414231 0.14893673 0.16064466 0.13399647 0.16274754
 0.18247476 0.15288203 0.15301984 0.1565502  0.14103767 0.15629765
 0.17458096 0.17442073 0.15117428 0.14454097 0.17873188 0.13842833
 0.15494357 0.18204151 0.16426815 0.13828294 0.14816251 0.15848388
 0.16367215 0.17510604]
echo_repeat-2
METEOR
[0.12199257 0.10717719 0.11772978 0.12214769 0.1101827  0.09038095
 0.10207675 0.09610017 0.11789739 0.12725827 0.12866058 0.0815867
 0.13261386 0.09998101 0.10768017 0.12644407 0.13274604 0.10469578
 0.13186726 0.11766689 0.09456403 0.11971074 0.12401616 0.13130828
 0.11361941 0.11780104 0.09693136 0.09147065 0.10659707 0.09535309
 0.09424608 0.08082249 0.12352311 0.11803891 0.1346943  0.10642994
 0.13953071 0.1346958  0.11153644 0.11515159 0.12842373 0.13112479
 0.09456069 0.09514686 0.11021332 0.10699357 0.1350042  0.1264481
 0.10068141 0.11870876 0.10843737 0.11394897 0.10962522 0.07146471
 0.08511049 0.09886244 0.12322555 0.11607896 0.09877726 0.10086713
 0.11011156 0.11786116 0.11344358 0.11261267 0.10870759 0.1025315
 0.11927454 0.09958293 0.11239348 0.10392881 0.08682619 0.08614346
 0.1078747  0.10129205 0.11889128 0.09908173 0.11757348 0.13010709
 0.14402067 0.12652488 0.09529242 0.10495402 0.12391892 0.0930882
 0.13743057 0.09337193 0.12937167 0.09038852 0.11383961 0.14622357
 0.11037446 0.08974771 0.11088214 0.1178054  0.13329781 0.12670029
 0.09235252 0.11024287 0.12183347 0.11384069 0.10901079 0.09834792
 0.10466143 0.13633883 0.14436194 0.10249536 0.11094361 0.11723669
 0.09781858 0.11996216 0.14070047 0.09948099 0.10639663 0.13661448
 0.08537227 0.1148218  0.13345639 0.12481873 0.1115166  0.1456332
 0.08444989 0.13141584 0.12902257 0.1328493  0.10449705 0.11376747
 0.11771997 0.10417348 0.13218621 0.10351112 0.09991866 0.12503578
 0.10573551 0.12443163 0.10232819 0.10056362 0.09310387 0.10515594
 0.12545755 0.11586825 0.09922597 0.10918599 0.10008501 0.08662364
 0.11133829 0.09568945 0.11472917 0.12099945 0.0929719  0.11715818
 0.11726786 0.120784   0.09862359 0.09134402 0.12649736 0.11219128
 0.1085303  0.10541359 0.09723376 0.12004319 0.10002635 0.11091635
 0.09939779 0.10503873 0.10039877 0.1095216  0.11555901 0.10864691
 0.11640643 0.11180865 0.12170514 0.12301598 0.10171024 0.10483834
 0.09935646 0.12860645 0.10771047 0.10703503 0.09844363 0.12138434
 0.13039582 0.10518224 0.10254634 0.11444188 0.10827847 0.11236245
 0.12171436 0.1240098  0.10463134 0.1027301  0.14684904 0.09944059
 0.10062762 0.12120936 0.12716883 0.09268314 0.10910793 0.11285833
 0.13059701 0.12036011]
echo_repeat-2
BERT
[0.7847378  0.7822332  0.7809788  0.78077793 0.7800816  0.78181803
 0.7848967  0.7813084  0.7808555  0.7850743  0.78222203 0.78187597
 0.78195095 0.78115445 0.78045624 0.77982897 0.78231883 0.7778027
 0.7848483  0.7781962  0.7784645  0.78106976 0.7770676  0.77730656
 0.78192854 0.78305763 0.78126264 0.7769704  0.78298384 0.7846953
 0.7805816  0.7800427  0.77879477 0.77972215 0.78294253 0.7845139
 0.78089684 0.78716046 0.7793529  0.7822657  0.7855361  0.78196067
 0.7797467  0.780907   0.7838752  0.78281784 0.7828505  0.7790044
 0.78395194 0.7838458  0.7857333  0.7791917  0.7808904  0.7800608
 0.77464986 0.77920985 0.78170085 0.7793867  0.7803138  0.7807055
 0.78452814 0.78255814 0.778826   0.78140074 0.78124505 0.77870166
 0.78054756 0.78183997 0.7860874  0.778629   0.7761017  0.77688324
 0.77955157 0.782742   0.783088   0.7796179  0.7784884  0.7844623
 0.7816553  0.7826672  0.7846247  0.77795506 0.7874727  0.78008485
 0.7801889  0.77630633 0.78224313 0.7797041  0.7775736  0.78494465
 0.7868982  0.7797853  0.78239405 0.7837223  0.77957034 0.78403556
 0.78047514 0.7825549  0.78652227 0.7852833  0.78155535 0.7778567
 0.77887225 0.7869166  0.77977115 0.78040993 0.7820522  0.7794084
 0.7828331  0.7862682  0.7801401  0.7852104  0.78088295 0.78202194
 0.77507263 0.78033805 0.78197694 0.78320444 0.78162605 0.7852637
 0.7853402  0.78135234 0.7840073  0.7842677  0.781866   0.776579
 0.7787586  0.7821523  0.7782833  0.775861   0.7789132  0.7807241
 0.78039736 0.7843651  0.77861655 0.78049034 0.7797725  0.78414285
 0.7882498  0.77864385 0.77944434 0.7821151  0.7810352  0.78343964
 0.78562236 0.78627163 0.78180265 0.78150225 0.78214896 0.7760805
 0.78142875 0.7780621  0.7821654  0.78232974 0.77980185 0.782443
 0.78560257 0.78167343 0.77798456 0.77735394 0.7820964  0.7814076
 0.7808335  0.7787457  0.78095657 0.78683835 0.7818079  0.7817326
 0.7821979  0.7826125  0.7841716  0.78403056 0.7823129  0.7836501
 0.78109694 0.7843366  0.78257155 0.7833857  0.7834187  0.78124964
 0.7811085  0.7788503  0.7835954  0.78348255 0.7850076  0.7821435
 0.7858538  0.7832408  0.7781019  0.7794485  0.7824433  0.782828
 0.78107035 0.782828   0.78290343 0.7826764  0.78512204 0.7854644
 0.78311855 0.78036976]
[nltk_data] Downloading package wordnet to /mnt/iusers01/fse-
[nltk_data]     ugpgt01/compsci01/q12628ct/nltk_data...
[nltk_data]   Package wordnet is already up-to-date!
[nltk_data] Downloading package punkt_tab to /mnt/iusers01/fse-
[nltk_data]     ugpgt01/compsci01/q12628ct/nltk_data...
[nltk_data]   Package punkt_tab is already up-to-date!
[nltk_data] Downloading package omw-1.4 to /mnt/iusers01/fse-
[nltk_data]     ugpgt01/compsci01/q12628ct/nltk_data...
[nltk_data]   Package omw-1.4 is already up-to-date!
/mnt/iusers01/fse-ugpgt01/compsci01/q12628ct/.conda/envs/semantic-decoding/lib/python3.10/site-packages/huggingface_hub/file_download.py:945: FutureWarning: `resume_download` is deprecated and will be removed in version 1.0.0. Downloads always resume when possible. If you want to force a new download, use `force_download=True`.
  warnings.warn(
Some weights of the model checkpoint at roberta-large were not used when initializing RobertaModel: ['lm_head.dense.weight', 'lm_head.layer_norm.weight', 'lm_head.layer_norm.bias', 'lm_head.dense.bias', 'lm_head.bias']
- This IS expected if you are initializing RobertaModel from the checkpoint of a model trained on another task or with another architecture (e.g. initializing a BertForSequenceClassification model from a BertForPreTraining model).
- This IS NOT expected if you are initializing RobertaModel from the checkpoint of a model that you expect to be exactly identical (initializing a BertForSequenceClassification model from a BertForSequenceClassification model).
Some weights of RobertaModel were not initialized from the model checkpoint at roberta-large and are newly initialized: ['roberta.pooler.dense.weight', 'roberta.pooler.dense.bias']
You should probably TRAIN this model on a down-stream task to be able to use it for predictions and inference.
wheretheressmoke
WER
[0.03749854 0.0421233  0.03199714 0.03666626 0.03871819 0.03607142
 0.04193097 0.03513569 0.03322715 0.03921544 0.03620581 0.03609509
 0.04099176 0.03766693 0.0355252  0.03350877 0.03401826 0.03580132
 0.03763103 0.03857084 0.04100597 0.03436989 0.04452005 0.03587579
 0.0356879  0.03664017 0.03908604 0.03742868 0.03939027 0.03672617
 0.03340424 0.03296113 0.03397521 0.03375259 0.0382533  0.03650308
 0.03442216 0.03596847 0.03605803 0.03224055 0.03519073 0.03904088
 0.03599736 0.03570785 0.03097723 0.03668278 0.04223561 0.03956306
 0.04226144 0.03314415 0.04450186 0.0369954  0.03554112 0.03278173
 0.03102395 0.03601555 0.03810183 0.03940176 0.03588554 0.04094106
 0.03743654 0.0350564  0.03823703 0.04075632 0.04146505 0.03714684
 0.03551725 0.03122396 0.03476042 0.03885964 0.03834683 0.04189791
 0.03298911 0.03484355 0.04025551 0.03298375 0.0365011  0.03854059
 0.0421988  0.03446612 0.04431016 0.0385763  0.03840972 0.03325477
 0.0377014  0.03776553 0.03756061 0.04049504 0.03599268 0.03957352
 0.03652986 0.03598791 0.0325135  0.04032692 0.03095229 0.04038458
 0.03634342 0.03426183 0.03399192 0.03783116 0.03846973 0.03305652
 0.03029322 0.03545858 0.0320669  0.04062115 0.03629269 0.03311223
 0.03641582 0.03276376 0.03754789 0.0380203  0.03715054 0.03576559
 0.03914981 0.0348743  0.03776943 0.04226476 0.03904568 0.03337914
 0.03359217 0.03561617 0.03633581 0.04183851 0.03752784 0.03693632
 0.03425446 0.04195942 0.03997471 0.03744015 0.03120522 0.04004403
 0.03054518 0.0379315  0.03722531 0.03458152 0.04034581 0.03318509
 0.03100166 0.03607334 0.03791979 0.03676383 0.03111247 0.03886498
 0.0301426  0.0310463  0.0371572  0.03399695 0.04338444 0.03728432
 0.03733826 0.03630306 0.03868905 0.03649919 0.03814419 0.03479371
 0.03571708 0.03701406 0.0346593  0.03592269 0.03724927 0.03813825
 0.03668966 0.03507581 0.03342756 0.04180956 0.03579181 0.03358688
 0.03038058 0.03348755 0.03489802 0.03842532 0.03792649 0.04002685
 0.03468084 0.03774404 0.03554846 0.03448056 0.03995404 0.03954167
 0.03404619 0.03769163 0.03758031 0.03221538 0.03963197 0.03430959
 0.03558993 0.03579563 0.03557337 0.03507754 0.03831515 0.03449446
 0.03920421 0.03415198 0.03477025 0.03428339 0.0378129  0.03203487
 0.04154404 0.03618448]
wheretheressmoke
BLEU
[0.18307166 0.18900462 0.19019318 0.19488874 0.1850598  0.19316958
 0.19655648 0.19098762 0.18131136 0.19259941 0.19469521 0.1916677
 0.19981514 0.18599134 0.19229831 0.19090319 0.18169538 0.18412108
 0.19232111 0.19291718 0.18915408 0.18724671 0.2041406  0.18513548
 0.18489583 0.18860994 0.19186661 0.191429   0.20318926 0.18770321
 0.18834086 0.19429344 0.19408104 0.18226038 0.20206976 0.20105586
 0.19720014 0.18725524 0.18119097 0.1847421  0.18421339 0.18750226
 0.18211585 0.19100435 0.19006852 0.20306738 0.1979264  0.19447535
 0.19359324 0.17909032 0.19943712 0.18905313 0.18613453 0.18855531
 0.18883758 0.19226363 0.18553621 0.19923099 0.18783173 0.19031427
 0.1916887  0.1952119  0.19214558 0.19049829 0.19605733 0.18888928
 0.18263772 0.18292723 0.18827205 0.19486423 0.19025508 0.19816973
 0.17615083 0.19245333 0.1928774  0.18523149 0.18452899 0.18932922
 0.19478548 0.19158288 0.20528108 0.19062599 0.19921587 0.18394018
 0.19286111 0.19436152 0.1848963  0.19502454 0.17954555 0.19118858
 0.19403719 0.19886079 0.18529253 0.19536321 0.18499846 0.19040998
 0.19805319 0.18311589 0.18723986 0.18705356 0.17996863 0.17947959
 0.18183051 0.18796781 0.17421758 0.19147864 0.18910335 0.18636985
 0.18548687 0.18695742 0.18729573 0.20365521 0.19749586 0.18804529
 0.19251938 0.18147783 0.18444286 0.2012556  0.1925748  0.18377017
 0.17269057 0.19375139 0.19130659 0.18996519 0.18464961 0.19362065
 0.19606693 0.20420256 0.19191994 0.20172716 0.18243824 0.20214956
 0.17458157 0.1880974  0.19722184 0.19277774 0.19173265 0.191827
 0.17457718 0.18955432 0.19232654 0.17974518 0.18867954 0.19321923
 0.1689436  0.18558778 0.19808532 0.20073031 0.19554692 0.19265877
 0.20540987 0.1916355  0.18873395 0.19684202 0.18393253 0.19243868
 0.18242735 0.18226092 0.18106376 0.18912142 0.19466548 0.18887352
 0.19275263 0.1769561  0.18526885 0.20767951 0.18750247 0.1918156
 0.17860551 0.17684055 0.1933229  0.18665112 0.18619218 0.18782754
 0.18950917 0.18778413 0.18887004 0.18180019 0.19486211 0.20140975
 0.19020295 0.18754587 0.1863752  0.18685765 0.18035048 0.18833013
 0.17924498 0.18618544 0.18471777 0.19575473 0.18013825 0.18958826
 0.18359505 0.18874869 0.19287667 0.19116551 0.19532773 0.18532293
 0.19432819 0.18435822]
wheretheressmoke
METEOR
[0.1307694  0.13561638 0.13780536 0.1402005  0.1354375  0.13795676
 0.14069234 0.13634699 0.13248378 0.14207303 0.13925432 0.1394275
 0.13883546 0.1378386  0.13995202 0.14528191 0.13030661 0.13742078
 0.14556633 0.13528274 0.13871566 0.13482039 0.14294351 0.14099212
 0.1358308  0.13690675 0.1360319  0.1398871  0.1427962  0.13601338
 0.1428201  0.13886548 0.13897983 0.13326024 0.15138577 0.14150261
 0.14165691 0.13814616 0.12991003 0.13407539 0.13275822 0.13272119
 0.1346478  0.13972802 0.13762854 0.14268854 0.14581927 0.14556888
 0.13845695 0.12968598 0.14622241 0.13535152 0.13457187 0.14064815
 0.13543856 0.14437875 0.13587225 0.14021823 0.13555509 0.13999737
 0.13667522 0.1387079  0.14024779 0.14080845 0.14520611 0.14332248
 0.13460657 0.13449541 0.13908905 0.13776209 0.14048574 0.14136831
 0.13279408 0.13880727 0.14048155 0.13532028 0.13477572 0.13617696
 0.138943   0.13864333 0.14770207 0.14484551 0.14102883 0.12856007
 0.13645391 0.14318509 0.13669744 0.13838961 0.13449594 0.13603606
 0.14166581 0.13995348 0.13437608 0.14122097 0.13255864 0.14016728
 0.13713268 0.13443902 0.13381028 0.14138477 0.13040292 0.12804553
 0.13231979 0.13855325 0.1337638  0.14271213 0.14044194 0.14017455
 0.13690795 0.13574534 0.1373778  0.14292568 0.14058635 0.1380323
 0.13705758 0.13557451 0.13808501 0.1443241  0.13429391 0.13106235
 0.12893626 0.13838884 0.13981015 0.1367737  0.13333717 0.14228188
 0.14012655 0.14897499 0.13829838 0.14363382 0.13611356 0.14616735
 0.13210987 0.13749878 0.14732642 0.14326244 0.13641542 0.13814609
 0.13003884 0.13768126 0.13387945 0.13053608 0.13691542 0.1347348
 0.12297958 0.13210252 0.14016364 0.14133562 0.13685557 0.13809733
 0.14944623 0.13801298 0.13585238 0.14010126 0.13408627 0.14056627
 0.13439691 0.13391144 0.13129618 0.13405921 0.13961393 0.13473285
 0.14191954 0.12824554 0.13239294 0.14919241 0.13769899 0.1373662
 0.13079452 0.13355721 0.13938465 0.13632084 0.13069023 0.13684293
 0.13587772 0.13435593 0.1377295  0.13393927 0.14385816 0.14746065
 0.13982369 0.13260864 0.1377806  0.13348427 0.13076396 0.13955495
 0.13316189 0.13194884 0.13548438 0.14395536 0.12925615 0.1348532
 0.13785049 0.13406981 0.14334272 0.13746354 0.13973878 0.14250349
 0.14429087 0.13607844]
wheretheressmoke
BERT
[0.789939   0.7907273  0.78823036 0.7896499  0.7900499  0.7885074
 0.79131144 0.7892064  0.7906382  0.7922518  0.78978103 0.7901965
 0.7900988  0.79055345 0.7920828  0.79086506 0.79000074 0.78923637
 0.7893554  0.78999484 0.79033166 0.79055434 0.7898511  0.7916351
 0.79060465 0.7906147  0.7886705  0.7911071  0.7908921  0.7906778
 0.79085845 0.79157025 0.78824824 0.790018   0.7905688  0.79082423
 0.78908986 0.79005307 0.7875889  0.7905495  0.78853947 0.78988105
 0.79090965 0.78877014 0.7904708  0.7928133  0.791942   0.7892338
 0.7912812  0.7870173  0.7917389  0.7887731  0.79166543 0.79035634
 0.78919184 0.7914336  0.7900679  0.79119974 0.78981316 0.78919435
 0.7880784  0.7907037  0.79039633 0.791525   0.792069   0.79147065
 0.78830594 0.7890633  0.7899606  0.7913002  0.792179   0.7909247
 0.7892086  0.78901577 0.791608   0.790078   0.78860027 0.7892497
 0.79178476 0.78925973 0.79172724 0.7900915  0.791676   0.78940636
 0.79086643 0.791477   0.78994876 0.7903088  0.7895333  0.78872573
 0.7898006  0.790058   0.78923047 0.7927446  0.78849435 0.79126346
 0.79077595 0.7891691  0.78964245 0.791294   0.78867066 0.7884758
 0.78887373 0.78895116 0.7906753  0.7918879  0.7888956  0.7900588
 0.7881414  0.79051834 0.7912518  0.7906072  0.79016566 0.7903911
 0.7883783  0.7879145  0.78917    0.7905079  0.79019976 0.7892261
 0.78985447 0.7917868  0.7907423  0.7899895  0.7875812  0.78951967
 0.7905664  0.7912324  0.7898564  0.790752   0.7911737  0.7921042
 0.7898822  0.790907   0.78906655 0.7896696  0.78945136 0.787022
 0.7896045  0.7873483  0.7886407  0.7884384  0.7889437  0.7902207
 0.786442   0.7873718  0.78886896 0.7901428  0.79044163 0.7900462
 0.79280627 0.7886818  0.790657   0.7902105  0.79117554 0.7908388
 0.78945714 0.7884018  0.79080915 0.7888238  0.7903101  0.79212654
 0.7892094  0.7883134  0.78933895 0.7910519  0.7900328  0.7872428
 0.79069674 0.7894596  0.788946   0.7884081  0.7909202  0.79062825
 0.79066795 0.79019755 0.79004407 0.78882235 0.79156643 0.79152083
 0.7922366  0.7900262  0.79049367 0.790228   0.7897391  0.7900961
 0.78979963 0.7891241  0.7875819  0.79059815 0.7904636  0.7907014
 0.7917822  0.79149204 0.79157263 0.78992265 0.7909859  0.78918576
 0.78960973 0.788954  ]
[nltk_data] Downloading package wordnet to /mnt/iusers01/fse-
[nltk_data]     ugpgt01/compsci01/q12628ct/nltk_data...
[nltk_data]   Package wordnet is already up-to-date!
[nltk_data] Downloading package punkt_tab to /mnt/iusers01/fse-
[nltk_data]     ugpgt01/compsci01/q12628ct/nltk_data...
[nltk_data]   Package punkt_tab is already up-to-date!
[nltk_data] Downloading package omw-1.4 to /mnt/iusers01/fse-
[nltk_data]     ugpgt01/compsci01/q12628ct/nltk_data...
[nltk_data]   Package omw-1.4 is already up-to-date!
/mnt/iusers01/fse-ugpgt01/compsci01/q12628ct/.conda/envs/semantic-decoding/lib/python3.10/site-packages/huggingface_hub/file_download.py:945: FutureWarning: `resume_download` is deprecated and will be removed in version 1.0.0. Downloads always resume when possible. If you want to force a new download, use `force_download=True`.
  warnings.warn(
Some weights of the model checkpoint at roberta-large were not used when initializing RobertaModel: ['lm_head.layer_norm.weight', 'lm_head.bias', 'lm_head.layer_norm.bias', 'lm_head.dense.weight', 'lm_head.dense.bias']
- This IS expected if you are initializing RobertaModel from the checkpoint of a model trained on another task or with another architecture (e.g. initializing a BertForSequenceClassification model from a BertForPreTraining model).
- This IS NOT expected if you are initializing RobertaModel from the checkpoint of a model that you expect to be exactly identical (initializing a BertForSequenceClassification model from a BertForSequenceClassification model).
Some weights of RobertaModel were not initialized from the model checkpoint at roberta-large and are newly initialized: ['roberta.pooler.dense.bias', 'roberta.pooler.dense.weight']
You should probably TRAIN this model on a down-stream task to be able to use it for predictions and inference.
Traceback (most recent call last):
  File "/net/scratch/q12628ct/semantic-decoding/decoding/evaluate_predictions.py", line 51, in <module>
    ref_data = load_transcript(args.experiment, reference)
  File "/net/scratch/q12628ct/semantic-decoding/decoding/utils_eval.py", line 23, in load_transcript
    with open(grid_path) as f: 
FileNotFoundError: [Errno 2] No such file or directory: '/net/scratch/q12628ct/semantic-decoding/data_test/test_stimulus/perceived_movie/sintel.TextGrid'
[nltk_data] Downloading package wordnet to /mnt/iusers01/fse-
[nltk_data]     ugpgt01/compsci01/q12628ct/nltk_data...
[nltk_data]   Package wordnet is already up-to-date!
[nltk_data] Downloading package punkt_tab to /mnt/iusers01/fse-
[nltk_data]     ugpgt01/compsci01/q12628ct/nltk_data...
[nltk_data]   Package punkt_tab is already up-to-date!
[nltk_data] Downloading package omw-1.4 to /mnt/iusers01/fse-
[nltk_data]     ugpgt01/compsci01/q12628ct/nltk_data...
[nltk_data]   Package omw-1.4 is already up-to-date!
/mnt/iusers01/fse-ugpgt01/compsci01/q12628ct/.conda/envs/semantic-decoding/lib/python3.10/site-packages/huggingface_hub/file_download.py:945: FutureWarning: `resume_download` is deprecated and will be removed in version 1.0.0. Downloads always resume when possible. If you want to force a new download, use `force_download=True`.
  warnings.warn(
Some weights of the model checkpoint at roberta-large were not used when initializing RobertaModel: ['lm_head.dense.weight', 'lm_head.bias', 'lm_head.layer_norm.bias', 'lm_head.layer_norm.weight', 'lm_head.dense.bias']
- This IS expected if you are initializing RobertaModel from the checkpoint of a model trained on another task or with another architecture (e.g. initializing a BertForSequenceClassification model from a BertForPreTraining model).
- This IS NOT expected if you are initializing RobertaModel from the checkpoint of a model that you expect to be exactly identical (initializing a BertForSequenceClassification model from a BertForSequenceClassification model).
Some weights of RobertaModel were not initialized from the model checkpoint at roberta-large and are newly initialized: ['roberta.pooler.dense.weight', 'roberta.pooler.dense.bias']
You should probably TRAIN this model on a down-stream task to be able to use it for predictions and inference.
presto
WER
[0.03687634 0.03828394 0.02443955 0.03438635 0.03069995 0.03480012
 0.03889087 0.03106895 0.02959563 0.03222233 0.02877399 0.02426287
 0.03354731 0.03938117 0.02621091 0.03672483 0.03237229 0.02449056
 0.02404328 0.03244631 0.03304708 0.03469023 0.03890987 0.0357155
 0.03185672 0.02915556 0.02567835 0.03814531 0.02819332 0.02556252
 0.03230044 0.02694031 0.02692977 0.02022992 0.03943359 0.03192824
 0.02918472 0.04134502 0.03250664 0.03355292 0.03544072 0.03214374
 0.02959278 0.02772298 0.03471307 0.02829885 0.03610453 0.02894729
 0.03826575 0.02962627 0.02878046 0.02651935 0.02734299 0.0329784
 0.02599003 0.03403818 0.02821717 0.02671814 0.03526827 0.03632935
 0.03739084 0.03265034 0.03917114 0.03127922 0.03377121 0.02952422
 0.03514742 0.03298671 0.03398131 0.02800754 0.03070731 0.03617042
 0.03604867 0.03412894 0.02770191 0.0280994  0.03355152 0.03374871
 0.0280939  0.03320476 0.0305977  0.02264412 0.03388812 0.03670506
 0.04042889 0.02397999 0.03016686 0.03878355 0.02532283 0.02706441
 0.0315699  0.02523227 0.02109633 0.02275653 0.03245233 0.02029679
 0.03485256 0.03720265 0.03923241 0.02865072 0.03279326 0.03344877
 0.03946965 0.02816257 0.03332222 0.03094489 0.03956722 0.02264776
 0.03165825 0.02847121 0.02131892 0.02925307 0.02528546 0.03580547
 0.03960364 0.03290408 0.02526457 0.03003436 0.02892502 0.03482691
 0.0401835  0.02830169 0.02650516 0.03533063 0.03940497 0.03765093
 0.02505383 0.03818868 0.03214994 0.0313516  0.02882981 0.03121287
 0.03053623 0.03925658 0.03617434 0.02778582 0.03912551 0.02743762
 0.03772303 0.03358127 0.02741206 0.03807189 0.0380901  0.02230324
 0.04209094 0.03692648 0.02781951 0.03764503 0.02877591 0.0372572
 0.02614826 0.03691332 0.02854986 0.03392823 0.03718873 0.03193055
 0.0331679  0.0326509  0.03484193 0.03347256 0.04063453 0.03223598
 0.02579388 0.03139437 0.02752978 0.02974851 0.03166575 0.03316982
 0.03232071 0.02657392 0.03091133 0.03913907 0.03631292 0.04238774
 0.02526877 0.03651744 0.03822145 0.02910916 0.02713752 0.03796553
 0.02910387 0.04046685 0.04023468 0.03532773 0.02898046 0.02885467
 0.03404923 0.0229045  0.03123508 0.0358801  0.03055774 0.02827291
 0.02517281 0.02854767 0.03372127 0.03296078 0.02434553 0.03872892
 0.02583929 0.0277313 ]
presto
BLEU
[0.12185096 0.13547447 0.11541053 0.12718034 0.11819574 0.12919572
 0.12889206 0.11444346 0.12434819 0.12931024 0.11893727 0.10676243
 0.12175648 0.13060324 0.10011578 0.12386308 0.11377046 0.10841135
 0.10905962 0.12518774 0.11931689 0.1213422  0.12158282 0.11942528
 0.10987822 0.10526303 0.10892158 0.13061974 0.12626672 0.10759668
 0.11427433 0.10318804 0.1049898  0.10035882 0.13228096 0.12623853
 0.12138592 0.13157707 0.12108758 0.11642311 0.12783357 0.11397139
 0.11496142 0.10832429 0.13434776 0.1136821  0.13515959 0.11533075
 0.12683006 0.1123379  0.10682123 0.10050007 0.11548727 0.11794497
 0.09744944 0.11867711 0.11107993 0.09916975 0.13109322 0.11958123
 0.10665534 0.12716133 0.13150495 0.10588511 0.1304043  0.09849688
 0.12335721 0.13345135 0.13130472 0.10811784 0.11076914 0.12055355
 0.12157668 0.12638036 0.10548392 0.10233798 0.12569806 0.12647533
 0.1004917  0.11574264 0.11945797 0.09587567 0.12362431 0.12901332
 0.13619396 0.08524553 0.09942669 0.13261846 0.12780741 0.11740472
 0.11063688 0.10196256 0.107522   0.10318316 0.11704293 0.08810806
 0.13009094 0.12298699 0.1330085  0.12225645 0.12606916 0.11784344
 0.13059188 0.11855793 0.11879411 0.12430965 0.13665202 0.10949252
 0.12091935 0.10645306 0.10903642 0.12453757 0.09779035 0.11180998
 0.11739961 0.11208874 0.10370042 0.12357706 0.11837071 0.13398112
 0.13071905 0.12646046 0.10798556 0.12027861 0.12219181 0.12845907
 0.11695693 0.12068049 0.13311591 0.09905451 0.10976601 0.11721828
 0.11623863 0.13404298 0.12496886 0.1231246  0.13055622 0.10314984
 0.11657646 0.12842181 0.09468329 0.14294327 0.11414921 0.09832868
 0.13877435 0.10908655 0.10722324 0.11756767 0.11947036 0.12701041
 0.10169324 0.13592131 0.10346135 0.10473172 0.13380948 0.1180126
 0.12983704 0.11848639 0.11453571 0.11526528 0.13643362 0.11925863
 0.10097538 0.11510359 0.11811069 0.12185345 0.10968845 0.12383185
 0.11225706 0.1123938  0.12155111 0.13703992 0.13158319 0.13620204
 0.11371607 0.12431055 0.12617515 0.11553116 0.09894778 0.12242134
 0.10526521 0.14008372 0.1287008  0.10867345 0.09242757 0.1221521
 0.12155352 0.10202007 0.12684273 0.13649321 0.1140014  0.11376115
 0.09085257 0.10263053 0.10726585 0.12024378 0.10090935 0.12331797
 0.1100907  0.11966124]
presto
METEOR
[0.08362476 0.09012289 0.07881275 0.09124914 0.07728853 0.08803369
 0.09096809 0.07918202 0.08124518 0.08693596 0.08271914 0.07245189
 0.08429726 0.08284515 0.06961519 0.08062698 0.08380831 0.07317166
 0.07683027 0.08454055 0.08199601 0.08076617 0.07875786 0.08278667
 0.07639406 0.07886598 0.08058923 0.08189058 0.08512979 0.07529879
 0.08033146 0.07613368 0.07558542 0.07461516 0.08663844 0.08658871
 0.08118287 0.08801375 0.07878334 0.08241196 0.08590452 0.08097643
 0.07648324 0.07751538 0.0904582  0.0781968  0.08830181 0.08112873
 0.08546021 0.0784247  0.0751561  0.06638163 0.08033147 0.08187785
 0.06921957 0.07950755 0.07607142 0.07162677 0.08807612 0.08138919
 0.07462013 0.08684213 0.0859525  0.07596256 0.09212859 0.06807852
 0.07830847 0.09254391 0.0928173  0.0742216  0.07878676 0.08403523
 0.08327668 0.09032848 0.07374001 0.07238717 0.08352865 0.08517513
 0.07712608 0.07759108 0.08135455 0.06948814 0.08628869 0.08751003
 0.08854447 0.06924698 0.07428068 0.08802959 0.08137858 0.08260224
 0.07724508 0.07376922 0.07563083 0.07817692 0.08166411 0.07077028
 0.08416072 0.08507665 0.08889012 0.08606367 0.08776689 0.08451783
 0.08828337 0.08374566 0.08155805 0.08549284 0.0956399  0.0754487
 0.08033655 0.07318192 0.07552082 0.08272927 0.0706734  0.08349207
 0.07709877 0.07721985 0.07748589 0.08532796 0.08378908 0.08706881
 0.09136693 0.0865063  0.07282107 0.087542   0.08368606 0.08467988
 0.08019828 0.08524889 0.09108925 0.07097449 0.08009637 0.08171964
 0.0890314  0.09135932 0.08805515 0.08737217 0.09233988 0.07710732
 0.08150103 0.08528115 0.06580579 0.09411263 0.0815519  0.07305653
 0.08905026 0.07476719 0.08053592 0.08524671 0.08398378 0.08808797
 0.07769174 0.09049018 0.07848329 0.07115191 0.09158963 0.08309363
 0.08531339 0.08109966 0.07870717 0.07848505 0.09128717 0.08298844
 0.07152886 0.08287734 0.07968003 0.08781116 0.07220431 0.08378494
 0.07907489 0.07456578 0.07907369 0.09741506 0.08261178 0.08566119
 0.08150853 0.08580026 0.09153758 0.07915119 0.07233417 0.08592642
 0.07153058 0.09497573 0.08798759 0.07438806 0.07087059 0.08605176
 0.08024273 0.0744572  0.08832345 0.08639357 0.07962559 0.07661556
 0.06826005 0.07494699 0.07742743 0.08519577 0.07162585 0.08433242
 0.07437144 0.07557586]
presto
BERT
[0.77145237 0.77455056 0.77168244 0.76939255 0.77277803 0.77252656
 0.77573085 0.77329266 0.77202004 0.77705    0.7711683  0.76898867
 0.77196485 0.7715784  0.7685555  0.77573735 0.76851916 0.76952964
 0.7690147  0.7728385  0.76911914 0.7737958  0.7691153  0.7722651
 0.7708282  0.7711089  0.7714909  0.77404267 0.7711878  0.7743748
 0.7726908  0.7749867  0.77075565 0.7698452  0.77269053 0.7732462
 0.7709688  0.7709729  0.7724943  0.77137595 0.7701059  0.7759771
 0.76830935 0.77194566 0.7720445  0.76874727 0.7736991  0.773739
 0.77074134 0.77067155 0.7700031  0.77081114 0.76989967 0.7715713
 0.77225184 0.77130395 0.7683014  0.7684356  0.76997864 0.770096
 0.77226204 0.7738653  0.77211535 0.76966524 0.7735579  0.7708343
 0.7738976  0.77508426 0.77039015 0.7689135  0.7715387  0.77562684
 0.77112454 0.77037704 0.77103454 0.77047914 0.7725817  0.7727865
 0.76920587 0.7691995  0.77202815 0.7708444  0.7720703  0.7712182
 0.77337515 0.77045196 0.7694521  0.770536   0.76902896 0.77403885
 0.7705207  0.769381   0.769822   0.7713122  0.7743904  0.7702526
 0.7765977  0.77115697 0.7748592  0.7701625  0.7693649  0.7729145
 0.77424616 0.77372926 0.7739324  0.7723613  0.77277297 0.7728546
 0.7727601  0.77187264 0.77432734 0.7701157  0.7692654  0.77215195
 0.771424   0.76898605 0.7717517  0.7729383  0.7739195  0.77054155
 0.77087486 0.77163166 0.7701025  0.7713514  0.7687874  0.7744267
 0.7714732  0.77247864 0.7738655  0.7707783  0.76996565 0.7719058
 0.7741043  0.77358824 0.77507716 0.7739284  0.7724216  0.7725147
 0.77169704 0.7721821  0.7672037  0.7731849  0.7704504  0.76996654
 0.7718493  0.76984423 0.77158296 0.7710417  0.7701247  0.7748678
 0.76967704 0.7770432  0.7693226  0.7688673  0.77175975 0.7699275
 0.77414465 0.7726683  0.7688471  0.7710578  0.7723228  0.77372944
 0.76883507 0.77253574 0.7746874  0.7709213  0.7699936  0.7742334
 0.77217567 0.77108884 0.7701518  0.7717728  0.7744067  0.7748501
 0.7712827  0.77132946 0.77529377 0.76976424 0.7694358  0.77039534
 0.7689157  0.7787421  0.7738628  0.7693567  0.77110374 0.7712954
 0.77346516 0.7740313  0.77275395 0.7774298  0.77144504 0.77111983
 0.76952475 0.7725978  0.77184093 0.77484995 0.77031857 0.7729373
 0.76939297 0.7723742 ]
[nltk_data] Downloading package wordnet to /mnt/iusers01/fse-
[nltk_data]     ugpgt01/compsci01/q12628ct/nltk_data...
[nltk_data]   Package wordnet is already up-to-date!
[nltk_data] Downloading package punkt_tab to /mnt/iusers01/fse-
[nltk_data]     ugpgt01/compsci01/q12628ct/nltk_data...
[nltk_data]   Package punkt_tab is already up-to-date!
[nltk_data] Downloading package omw-1.4 to /mnt/iusers01/fse-
[nltk_data]     ugpgt01/compsci01/q12628ct/nltk_data...
[nltk_data]   Package omw-1.4 is already up-to-date!
/mnt/iusers01/fse-ugpgt01/compsci01/q12628ct/.conda/envs/semantic-decoding/lib/python3.10/site-packages/huggingface_hub/file_download.py:945: FutureWarning: `resume_download` is deprecated and will be removed in version 1.0.0. Downloads always resume when possible. If you want to force a new download, use `force_download=True`.
  warnings.warn(
Some weights of the model checkpoint at roberta-large were not used when initializing RobertaModel: ['lm_head.layer_norm.weight', 'lm_head.dense.weight', 'lm_head.dense.bias', 'lm_head.layer_norm.bias', 'lm_head.bias']
- This IS expected if you are initializing RobertaModel from the checkpoint of a model trained on another task or with another architecture (e.g. initializing a BertForSequenceClassification model from a BertForPreTraining model).
- This IS NOT expected if you are initializing RobertaModel from the checkpoint of a model that you expect to be exactly identical (initializing a BertForSequenceClassification model from a BertForSequenceClassification model).
Some weights of RobertaModel were not initialized from the model checkpoint at roberta-large and are newly initialized: ['roberta.pooler.dense.weight', 'roberta.pooler.dense.bias']
You should probably TRAIN this model on a down-stream task to be able to use it for predictions and inference.
partlycloudy
WER
[-0.14701564 -0.13358622 -0.13996813 -0.13394994 -0.12784319 -0.13626131
 -0.14792999 -0.13677145 -0.13820714 -0.13855012 -0.1325727  -0.13493043
 -0.12425604 -0.13885129 -0.14574542 -0.1380861  -0.13947463 -0.13397659
 -0.12733202 -0.14244445 -0.1341583  -0.130456   -0.13804361 -0.13581063
 -0.14056538 -0.14397879 -0.14995554 -0.13356927 -0.142964   -0.14338031
 -0.1366467  -0.1388384  -0.13730771 -0.13349557 -0.13589308 -0.13411736
 -0.13047482 -0.14676629 -0.13468168 -0.13159257 -0.13546091 -0.13990066
 -0.13629407 -0.13309222 -0.1420806  -0.13564812 -0.13706053 -0.13782032
 -0.13068576 -0.13128868 -0.13920212 -0.1482833  -0.14540146 -0.12899826
 -0.13282753 -0.13775727 -0.1419305  -0.13956204 -0.13461063 -0.13755872
 -0.13685399 -0.13155775 -0.12837018 -0.13531671 -0.14537819 -0.1343785
 -0.12331921 -0.14112639 -0.1283816  -0.13685952 -0.13299175 -0.12820114
 -0.13447085 -0.1390878  -0.12915151 -0.13489346 -0.13936774 -0.13916395
 -0.14055192 -0.13430729 -0.13452811 -0.14480087 -0.13241237 -0.13077747
 -0.13498406 -0.13217244 -0.1301547  -0.13004978 -0.12883476 -0.14283766
 -0.13967526 -0.12071115 -0.13018559 -0.13384856 -0.14283244 -0.1405054
 -0.14349248 -0.1380029  -0.14509893 -0.13406041 -0.14185442 -0.13368981
 -0.14832657 -0.13639138 -0.15143804 -0.13888311 -0.13830487 -0.13882789
 -0.13969891 -0.1380804  -0.13935208 -0.13956837 -0.13081565 -0.13964552
 -0.13862605 -0.13659299 -0.13074857 -0.13430437 -0.13393113 -0.13244978
 -0.13405029 -0.13891449 -0.13310625 -0.1285122  -0.13854148 -0.13462971
 -0.13437277 -0.14373994 -0.13515374 -0.14257417 -0.14387876 -0.13170984
 -0.13934009 -0.14043887 -0.13753987 -0.12366549 -0.12954947 -0.13237518
 -0.14426537 -0.13388866 -0.13799232 -0.13386011 -0.13599323 -0.13618969
 -0.13588033 -0.13533562 -0.13634886 -0.13346547 -0.14144882 -0.13606995
 -0.13484055 -0.13604357 -0.12674019 -0.141501   -0.13040894 -0.14105823
 -0.1436897  -0.13523764 -0.14153051 -0.13203876 -0.13777677 -0.14372186
 -0.12570228 -0.13257229 -0.13115368 -0.13494956 -0.13760747 -0.13517698
 -0.14228307 -0.12353298 -0.13391227 -0.13314326 -0.14180922 -0.13176996
 -0.13294819 -0.14889332 -0.14104302 -0.14013957 -0.13395023 -0.13972138
 -0.14025888 -0.14039426 -0.12993926 -0.14166771 -0.13681481 -0.12675255
 -0.13971337 -0.14151563 -0.13326934 -0.13883651 -0.12702062 -0.14220348
 -0.13312365 -0.13441588 -0.14428277 -0.13615357 -0.13876711 -0.12682481
 -0.14148305 -0.13646654]
partlycloudy
BLEU
[0.11856486 0.12279959 0.12046113 0.13402467 0.14927962 0.13309724
 0.10160267 0.13055146 0.11753306 0.12030552 0.13474572 0.13311471
 0.14461265 0.13415758 0.11288625 0.12793518 0.13821954 0.12384597
 0.128665   0.11159626 0.12925299 0.13122041 0.11766293 0.1229104
 0.12277412 0.10559201 0.10661927 0.1265794  0.11130855 0.12066359
 0.12484839 0.11814313 0.11513327 0.12892966 0.13236367 0.12327828
 0.1362374  0.11727359 0.12254776 0.14464843 0.13030909 0.12056936
 0.14165282 0.13525667 0.12412541 0.13021644 0.12626373 0.13735754
 0.13932138 0.13317733 0.10793233 0.09616763 0.12431722 0.1470614
 0.11611048 0.13237674 0.10887404 0.12062938 0.12256155 0.12286097
 0.12050345 0.13142351 0.13845768 0.12822959 0.1144832  0.11731118
 0.14190104 0.128702   0.12154971 0.12758477 0.12343163 0.14136945
 0.13148282 0.11671215 0.12581514 0.13359915 0.11677147 0.12423926
 0.12253684 0.12785869 0.12718196 0.11479375 0.12698474 0.12923801
 0.1402484  0.134499   0.13128169 0.14193271 0.13225568 0.1157567
 0.11242316 0.14869945 0.14267314 0.12672306 0.11571617 0.11912268
 0.1197533  0.10800829 0.10615906 0.13748002 0.12130283 0.1386791
 0.11631784 0.12662715 0.11237808 0.10733217 0.11871748 0.129198
 0.12869998 0.11851423 0.12654225 0.12144862 0.12139824 0.1108944
 0.12470113 0.1275634  0.14189231 0.13254795 0.129176   0.12899653
 0.12132468 0.13314923 0.13949962 0.13259312 0.11955011 0.13285264
 0.12095433 0.1166068  0.13944636 0.11782929 0.11960693 0.1207684
 0.11359904 0.13180083 0.12365932 0.1321718  0.13745805 0.13443544
 0.1250311  0.14216675 0.11645143 0.13672052 0.1227102  0.1078055
 0.13300053 0.14172734 0.11588178 0.13012173 0.11230708 0.11437681
 0.11510702 0.11856902 0.13318955 0.12440375 0.10807237 0.11195835
 0.12427796 0.12643122 0.10885998 0.14012272 0.14285244 0.11311037
 0.138962   0.11835247 0.13634292 0.13118522 0.13095282 0.13170581
 0.10902488 0.14432262 0.12531535 0.12958308 0.12042445 0.12450767
 0.12714995 0.11497583 0.13091713 0.1172725  0.11847731 0.11628209
 0.13722445 0.12196804 0.14273079 0.12391494 0.12829508 0.14918517
 0.12303241 0.11498575 0.13091891 0.1281267  0.13680182 0.1113946
 0.12682027 0.12921521 0.10890279 0.13206075 0.11236894 0.15074522
 0.11616799 0.12664495]
partlycloudy
METEOR
[0.09662191 0.10337806 0.09871739 0.10821722 0.12237845 0.106108
 0.08255935 0.10716844 0.09760489 0.10462319 0.10307435 0.10794344
 0.11323749 0.11229922 0.09222779 0.10277958 0.1064455  0.09900645
 0.10446539 0.09861891 0.10449595 0.10895378 0.09954538 0.10870837
 0.10221049 0.09212146 0.09072184 0.10347702 0.10576612 0.09169236
 0.10459782 0.09865645 0.09933358 0.1066486  0.10362639 0.0968101
 0.10906707 0.09235676 0.10172987 0.11341328 0.10446348 0.09817676
 0.1090487  0.11344981 0.09921529 0.10255405 0.10754073 0.11654385
 0.10644193 0.10706322 0.09435282 0.07732115 0.10556593 0.10968922
 0.09305533 0.1034298  0.09102777 0.09737373 0.09558266 0.10526673
 0.09581249 0.10878489 0.10900651 0.10777713 0.09368304 0.0901204
 0.11190007 0.10102459 0.10619135 0.10092093 0.10272977 0.1154471
 0.10458676 0.09436924 0.10766023 0.10769152 0.09535408 0.09860937
 0.10106148 0.10231152 0.10619085 0.0917107  0.10273885 0.10036921
 0.11409866 0.10784303 0.10484686 0.11507356 0.10300445 0.09912151
 0.09403943 0.11889308 0.11397146 0.10232893 0.09582377 0.10700253
 0.10270444 0.08761753 0.0894178  0.11073911 0.10069081 0.10962045
 0.09299877 0.10135061 0.09368841 0.09234477 0.09901902 0.10650039
 0.10894586 0.0945201  0.1017913  0.10232161 0.09850352 0.09034369
 0.10241097 0.11040285 0.11084002 0.120142   0.10701223 0.1049641
 0.10012635 0.10619589 0.10987969 0.11038983 0.08862764 0.10795609
 0.09188306 0.09735164 0.10642388 0.09962378 0.09123576 0.10427447
 0.09380151 0.11143266 0.09766195 0.10045773 0.10807678 0.10607861
 0.10204516 0.10761703 0.09669284 0.10537547 0.09904243 0.09205717
 0.10493514 0.1099978  0.10210807 0.10755207 0.09244843 0.09838288
 0.09747261 0.09728284 0.10735047 0.09864822 0.09296072 0.09695997
 0.09628759 0.09884314 0.09730687 0.11668013 0.10686961 0.09591751
 0.10954568 0.1025969  0.10952889 0.10803371 0.10701756 0.10353289
 0.09697719 0.11265666 0.10262762 0.10536208 0.09432496 0.10494371
 0.1068418  0.09215997 0.10661963 0.09092298 0.09746796 0.09747858
 0.10906867 0.10274501 0.11740302 0.10035273 0.09897938 0.11487385
 0.09682123 0.09482849 0.10274917 0.10099007 0.10785012 0.0885767
 0.10687887 0.10764324 0.09083713 0.10735566 0.09539674 0.11560933
 0.09552775 0.10570227]
partlycloudy
BERT
[0.7779204  0.7809725  0.77678436 0.78014827 0.7812095  0.78104913
 0.777726   0.7808537  0.7800817  0.77860016 0.78195304 0.78061956
 0.7783817  0.7797643  0.77951634 0.78134525 0.78059995 0.78042555
 0.77814806 0.77671075 0.78278494 0.78062683 0.7797742  0.77883124
 0.77854925 0.7787555  0.7788308  0.77805424 0.77793795 0.78028536
 0.7792941  0.7808998  0.7796994  0.7827524  0.7789637  0.78120464
 0.7798711  0.7782587  0.7802948  0.77901083 0.77984405 0.7794362
 0.77903557 0.7783023  0.77868456 0.7796074  0.7776412  0.7815574
 0.77899367 0.7797477  0.7764569  0.7792169  0.7765314  0.7810945
 0.7788528  0.7814962  0.7774882  0.7798923  0.78032684 0.7828023
 0.77962583 0.7799516  0.7823528  0.77875566 0.77909994 0.7776099
 0.7803261  0.77652776 0.7780844  0.77971613 0.77886754 0.77932775
 0.78141034 0.77792615 0.7807414  0.7804449  0.7785939  0.7754306
 0.7790386  0.78081405 0.7819368  0.78080344 0.7780599  0.77914846
 0.7828525  0.77827823 0.7800179  0.7789818  0.7803479  0.7793291
 0.77986664 0.7818378  0.7823793  0.778601   0.7803274  0.7823926
 0.78086823 0.777902   0.7775936  0.7797075  0.7803051  0.7791107
 0.77900565 0.78152364 0.7806536  0.77763236 0.7785462  0.7800605
 0.7801732  0.7772402  0.7808791  0.778834   0.7793568  0.7798855
 0.7805999  0.78212214 0.7809504  0.77983564 0.7808439  0.7824707
 0.7792155  0.77969533 0.781962   0.78146535 0.78020394 0.779274
 0.7781994  0.7780967  0.78158915 0.7804481  0.7798196  0.7796638
 0.77905446 0.77735686 0.78093195 0.7775525  0.7825952  0.7791067
 0.77735686 0.77927    0.77837497 0.7775525  0.7793808  0.7788269
 0.7786209  0.78160447 0.7785486  0.78139573 0.7792092  0.7781905
 0.7803274  0.77975184 0.7816972  0.77644145 0.7809158  0.7772393
 0.7817561  0.7811006  0.77753454 0.78105736 0.7821531  0.7784066
 0.7767986  0.78163236 0.78167665 0.7794907  0.780975   0.78223014
 0.77902025 0.7802139  0.77882165 0.7800483  0.776809   0.7797491
 0.7784206  0.7820796  0.78032684 0.78145695 0.7786309  0.78067285
 0.77954197 0.7802807  0.77884215 0.7774803  0.77982783 0.7820308
 0.7804414  0.7764547  0.7791265  0.7808409  0.7806022  0.7772826
 0.7815054  0.783248   0.7783865  0.77901316 0.7769018  0.7799582
 0.779104   0.7792761 ]
[nltk_data] Downloading package wordnet to /mnt/iusers01/fse-
[nltk_data]     ugpgt01/compsci01/q12628ct/nltk_data...
[nltk_data]   Package wordnet is already up-to-date!
[nltk_data] Downloading package punkt_tab to /mnt/iusers01/fse-
[nltk_data]     ugpgt01/compsci01/q12628ct/nltk_data...
[nltk_data]   Package punkt_tab is already up-to-date!
[nltk_data] Downloading package omw-1.4 to /mnt/iusers01/fse-
[nltk_data]     ugpgt01/compsci01/q12628ct/nltk_data...
[nltk_data]   Package omw-1.4 is already up-to-date!
/mnt/iusers01/fse-ugpgt01/compsci01/q12628ct/.conda/envs/semantic-decoding/lib/python3.10/site-packages/huggingface_hub/file_download.py:945: FutureWarning: `resume_download` is deprecated and will be removed in version 1.0.0. Downloads always resume when possible. If you want to force a new download, use `force_download=True`.
  warnings.warn(
Some weights of the model checkpoint at roberta-large were not used when initializing RobertaModel: ['lm_head.dense.weight', 'lm_head.dense.bias', 'lm_head.layer_norm.weight', 'lm_head.layer_norm.bias', 'lm_head.bias']
- This IS expected if you are initializing RobertaModel from the checkpoint of a model trained on another task or with another architecture (e.g. initializing a BertForSequenceClassification model from a BertForPreTraining model).
- This IS NOT expected if you are initializing RobertaModel from the checkpoint of a model that you expect to be exactly identical (initializing a BertForSequenceClassification model from a BertForSequenceClassification model).
Some weights of RobertaModel were not initialized from the model checkpoint at roberta-large and are newly initialized: ['roberta.pooler.dense.bias', 'roberta.pooler.dense.weight']
You should probably TRAIN this model on a down-stream task to be able to use it for predictions and inference.
laluna
WER
[-0.05886742 -0.06195213 -0.05932629 -0.06241159 -0.05655743 -0.06681985
 -0.06174169 -0.05575741 -0.06355174 -0.06146527 -0.05124607 -0.05661297
 -0.06632046 -0.05558209 -0.05701091 -0.05605097 -0.05530061 -0.06175868
 -0.06143438 -0.06286394 -0.06544364 -0.06720509 -0.06375282 -0.06144903
 -0.05937236 -0.0643031  -0.05962152 -0.06085642 -0.05898783 -0.05907696
 -0.05926073 -0.06157139 -0.05749133 -0.05440143 -0.06458383 -0.06479157
 -0.06136199 -0.05048128 -0.05769516 -0.04909151 -0.05788618 -0.05737661
 -0.06439233 -0.06438953 -0.0632713  -0.06040181 -0.05824395 -0.0565392
 -0.05976402 -0.06321902 -0.05400521 -0.05486616 -0.05244015 -0.05519441
 -0.06216565 -0.05982961 -0.05602921 -0.06116313 -0.06231158 -0.05770213
 -0.05500219 -0.0565931  -0.0599842  -0.0592249  -0.05718145 -0.05671751
 -0.05669668 -0.05943539 -0.05138495 -0.05629496 -0.05460931 -0.06672019
 -0.06117354 -0.06526902 -0.06381407 -0.06112368 -0.05889091 -0.06477814
 -0.05431283 -0.05807084 -0.06202461 -0.05804911 -0.06237652 -0.05591506
 -0.06036334 -0.05933443 -0.05932484 -0.04975941 -0.05443544 -0.05480395
 -0.06046276 -0.05618744 -0.06393354 -0.0644981  -0.06310115 -0.06258427
 -0.05436343 -0.05252392 -0.05941626 -0.06261518 -0.06242706 -0.05857563
 -0.06169763 -0.05248439 -0.05503688 -0.06242515 -0.05401788 -0.0597092
 -0.05694126 -0.06579952 -0.06436075 -0.05988979 -0.06256845 -0.06162335
 -0.0660471  -0.06416409 -0.05479149 -0.0577361  -0.06099247 -0.06010308
 -0.05834826 -0.05986893 -0.05766248 -0.05925387 -0.05334669 -0.06078734
 -0.05808445 -0.0552889  -0.06763618 -0.0621194  -0.05442314 -0.06090994
 -0.05955227 -0.06373219 -0.05224    -0.06717291 -0.04893253 -0.0654168
 -0.05523406 -0.06206722 -0.04680504 -0.06194748 -0.06535218 -0.06032363
 -0.06194892 -0.05425045 -0.05162939 -0.05784316 -0.06307011 -0.06459666
 -0.05666099 -0.06149162 -0.06451435 -0.05632132 -0.06608801 -0.06256894
 -0.05954544 -0.05563346 -0.06183642 -0.06467329 -0.0659879  -0.06317089
 -0.06036732 -0.06409379 -0.06673391 -0.05547861 -0.05686391 -0.05528022
 -0.05020927 -0.05806898 -0.0591866  -0.06125497 -0.05652955 -0.05597079
 -0.06100384 -0.05733614 -0.05954211 -0.05950957 -0.06424895 -0.06172869
 -0.05691848 -0.06264027 -0.06506911 -0.04970829 -0.06125573 -0.04852708
 -0.05656972 -0.06441267 -0.06025814 -0.06314558 -0.05389388 -0.05933974
 -0.06512898 -0.05487129 -0.05972027 -0.06582831 -0.05776329 -0.05431205
 -0.05983943 -0.05298545]
laluna
BLEU
[0.12576476 0.11384012 0.11743014 0.12449974 0.12817677 0.11163437
 0.11711868 0.1239633  0.12193712 0.1169992  0.13660152 0.12787487
 0.12075418 0.13968085 0.1395286  0.1299421  0.13144906 0.11626427
 0.12975537 0.11494855 0.12659729 0.12013133 0.12396414 0.1174385
 0.13281583 0.12228673 0.12850659 0.11830512 0.13732682 0.12269814
 0.12891211 0.12875884 0.12702    0.13552052 0.12097465 0.10729194
 0.11961261 0.13625809 0.12932839 0.13864915 0.12066871 0.13124013
 0.10569332 0.1192512  0.11780262 0.13083944 0.1238039  0.14009625
 0.13288647 0.11383549 0.14174125 0.13982069 0.1404385  0.14555788
 0.11084972 0.12784905 0.13479859 0.11853037 0.11587794 0.13415279
 0.13020944 0.13234219 0.12519939 0.11153117 0.12823678 0.13636924
 0.12837941 0.12378342 0.14265501 0.12989423 0.12943672 0.10728325
 0.13474768 0.11879597 0.11486513 0.12450684 0.13952179 0.11839653
 0.12837494 0.13077054 0.11245509 0.1383707  0.11977332 0.1170785
 0.12545921 0.12512163 0.13560366 0.13669047 0.12964802 0.12729828
 0.11980643 0.14008121 0.12368181 0.11818527 0.12999668 0.13206226
 0.14625163 0.12598998 0.11186384 0.11851514 0.11223136 0.13471647
 0.12493881 0.13758142 0.12326111 0.12313188 0.13492408 0.12621019
 0.13744441 0.11074802 0.12390629 0.12145864 0.12299454 0.12181516
 0.12587655 0.11624649 0.12480852 0.1289027  0.14134917 0.12194652
 0.11801755 0.11886912 0.14443818 0.12451133 0.13703632 0.12593134
 0.13647954 0.13352808 0.12396708 0.12576285 0.13932293 0.1226165
 0.12454303 0.11500989 0.14251543 0.11362043 0.1441768  0.10158958
 0.13143439 0.11784091 0.15476862 0.12554286 0.11727691 0.13199364
 0.1262315  0.13444438 0.14082663 0.12697223 0.11446017 0.10820375
 0.13225015 0.12022541 0.11893721 0.13981188 0.11217053 0.11933184
 0.12883617 0.13724492 0.11881658 0.11920385 0.10428358 0.11905017
 0.12511027 0.11248355 0.10626321 0.13933127 0.11775918 0.12078153
 0.1394654  0.13201182 0.10942479 0.11823421 0.12851369 0.13915581
 0.12453787 0.13507001 0.13486036 0.11706183 0.11968976 0.13025648
 0.13402873 0.12557355 0.12879002 0.15262894 0.12246525 0.13941381
 0.13466397 0.11953653 0.11736289 0.12781734 0.12701702 0.12704016
 0.11421602 0.13529931 0.12378279 0.12308329 0.12896259 0.12994487
 0.12600966 0.13028326]
laluna
METEOR
[0.09495729 0.08901861 0.09044561 0.09333753 0.09562655 0.08770238
 0.08716382 0.09247922 0.09224052 0.09404384 0.09924561 0.09652575
 0.09415673 0.10346565 0.09782421 0.09930669 0.09755489 0.08981868
 0.09571507 0.08457169 0.08998015 0.0934624  0.09239783 0.09238224
 0.09614875 0.09268859 0.09555203 0.09014804 0.09937777 0.09116721
 0.09452847 0.09435047 0.09399964 0.09964418 0.09165946 0.08684317
 0.09244373 0.10091988 0.09521453 0.09760812 0.08411633 0.09718922
 0.08317369 0.09002651 0.08901012 0.09662641 0.09050807 0.10263046
 0.09870068 0.08910902 0.10321677 0.10481166 0.10791153 0.10131326
 0.08702247 0.0935242  0.10176272 0.0932288  0.08166434 0.09685449
 0.09859961 0.09318788 0.09349269 0.07992673 0.09259324 0.09679473
 0.09436947 0.09615088 0.10127388 0.09536989 0.09324885 0.08411669
 0.09919636 0.09236929 0.08853563 0.08880813 0.09674281 0.08894425
 0.09847151 0.09855287 0.08330366 0.10136251 0.08833967 0.08877834
 0.09539371 0.09329263 0.1011913  0.10340546 0.09629031 0.09595115
 0.08340234 0.10230696 0.09273973 0.08630029 0.09735059 0.09685753
 0.10484483 0.10060488 0.08750512 0.08821766 0.08389172 0.10021424
 0.09360833 0.09351913 0.09469646 0.09459406 0.10025215 0.09644547
 0.10031322 0.08857421 0.09107414 0.09140549 0.09435255 0.08814685
 0.09090337 0.09201471 0.09926428 0.10015034 0.10550755 0.08708119
 0.08666063 0.08859688 0.10277193 0.09210113 0.10344688 0.09215132
 0.10063367 0.09798479 0.08996613 0.09267021 0.10546902 0.08958246
 0.09347915 0.08770603 0.10622047 0.09060439 0.10185776 0.07927132
 0.09627333 0.08498676 0.1128049  0.10216438 0.09422016 0.09757413
 0.09379532 0.09633883 0.10377023 0.09223696 0.08747681 0.08512189
 0.09636238 0.09089235 0.09131291 0.1044539  0.08621657 0.08917917
 0.09586744 0.09672595 0.09299875 0.09042381 0.08151704 0.08860021
 0.09155251 0.08382911 0.08281101 0.10223652 0.08744007 0.09141848
 0.10405381 0.09503645 0.08920669 0.08987931 0.09865696 0.10193679
 0.0932793  0.10279125 0.09887647 0.08964037 0.09652439 0.09443189
 0.09913765 0.09211832 0.09029791 0.11024401 0.08937034 0.09852631
 0.09615978 0.09265966 0.0945534  0.09831385 0.09518547 0.09428091
 0.08869011 0.09926121 0.09108451 0.09372458 0.09859011 0.09836022
 0.09094463 0.09200108]
laluna
BERT
[0.7863923  0.7811382  0.7834561  0.7834493  0.7866152  0.7841084
 0.78219855 0.78785104 0.78023267 0.7834231  0.78395474 0.78293854
 0.78453815 0.7849755  0.78492033 0.7856668  0.78397346 0.7844951
 0.7867558  0.78214175 0.7855132  0.7831554  0.7848076  0.78492814
 0.7849895  0.78183764 0.782686   0.7832033  0.78434324 0.7817229
 0.78320056 0.7810858  0.78359205 0.7840224  0.78505343 0.78192174
 0.78180814 0.7852628  0.7830613  0.7833915  0.7852184  0.78718555
 0.78553313 0.7850219  0.7823508  0.7869143  0.78325015 0.7879792
 0.783058   0.7846199  0.78352386 0.78460884 0.7866997  0.78664285
 0.78173083 0.78588223 0.7835806  0.7811602  0.78414834 0.7820986
 0.78602844 0.7853543  0.78524274 0.78240764 0.78212374 0.7833404
 0.7849865  0.78293604 0.7883115  0.7839335  0.78537524 0.78055286
 0.7836655  0.7837519  0.78380114 0.78539217 0.78357625 0.7841632
 0.7843424  0.7878063  0.7829069  0.7839021  0.7828334  0.78085834
 0.7902473  0.7853427  0.7884468  0.7855835  0.78326815 0.7847315
 0.78204364 0.78761464 0.7851131  0.78471076 0.7847288  0.78652334
 0.78536904 0.7839507  0.7822354  0.78708524 0.7826659  0.78481936
 0.7863038  0.7845368  0.7847584  0.78579354 0.78664804 0.7830065
 0.7842754  0.78236073 0.7813606  0.78566074 0.78424037 0.7828959
 0.7830436  0.78396875 0.7872665  0.7838536  0.7849645  0.78238493
 0.7821192  0.78152955 0.785629   0.78365177 0.7838231  0.78232414
 0.78729165 0.78297013 0.78225625 0.7857796  0.7844666  0.7833621
 0.7843324  0.7804705  0.7855906  0.7832507  0.7859605  0.7827101
 0.7888266  0.7828413  0.7872274  0.78661263 0.78378123 0.7855413
 0.78844845 0.7845238  0.7856246  0.785848   0.7803844  0.7824731
 0.78517485 0.7835533  0.78209645 0.7877924  0.7828177  0.78240347
 0.7842921  0.7861101  0.78338844 0.7844216  0.78175884 0.78463495
 0.78580487 0.7808647  0.7853255  0.78298795 0.7845612  0.7850586
 0.78684413 0.7844156  0.78094757 0.7838349  0.78326225 0.7863727
 0.7851866  0.7890876  0.7880207  0.77991873 0.78313303 0.7825776
 0.7846523  0.783989   0.7838811  0.784906   0.78098243 0.78639966
 0.7896546  0.7837885  0.7822474  0.7822878  0.7857893  0.783425
 0.7822913  0.7846469  0.7839999  0.7838629  0.7836962  0.78664505
 0.78130937 0.7819227 ]
[nltk_data] Downloading package wordnet to /mnt/iusers01/fse-
[nltk_data]     ugpgt01/compsci01/q12628ct/nltk_data...
[nltk_data]   Package wordnet is already up-to-date!
[nltk_data] Downloading package punkt_tab to /mnt/iusers01/fse-
[nltk_data]     ugpgt01/compsci01/q12628ct/nltk_data...
[nltk_data]   Package punkt_tab is already up-to-date!
[nltk_data] Downloading package omw-1.4 to /mnt/iusers01/fse-
[nltk_data]     ugpgt01/compsci01/q12628ct/nltk_data...
[nltk_data]   Package omw-1.4 is already up-to-date!
/mnt/iusers01/fse-ugpgt01/compsci01/q12628ct/.conda/envs/semantic-decoding/lib/python3.10/site-packages/huggingface_hub/file_download.py:945: FutureWarning: `resume_download` is deprecated and will be removed in version 1.0.0. Downloads always resume when possible. If you want to force a new download, use `force_download=True`.
  warnings.warn(
Some weights of the model checkpoint at roberta-large were not used when initializing RobertaModel: ['lm_head.layer_norm.weight', 'lm_head.bias', 'lm_head.dense.weight', 'lm_head.dense.bias', 'lm_head.layer_norm.bias']
- This IS expected if you are initializing RobertaModel from the checkpoint of a model trained on another task or with another architecture (e.g. initializing a BertForSequenceClassification model from a BertForPreTraining model).
- This IS NOT expected if you are initializing RobertaModel from the checkpoint of a model that you expect to be exactly identical (initializing a BertForSequenceClassification model from a BertForSequenceClassification model).
Some weights of RobertaModel were not initialized from the model checkpoint at roberta-large and are newly initialized: ['roberta.pooler.dense.bias', 'roberta.pooler.dense.weight']
You should probably TRAIN this model on a down-stream task to be able to use it for predictions and inference.
alpha_repeat-1
WER
[-0.17286596 -0.18295    -0.16381865 -0.197953   -0.20303506 -0.19691127
 -0.17615847 -0.18082714 -0.18671448 -0.1902958  -0.19664724 -0.19320589
 -0.19692206 -0.1972368  -0.19889936 -0.16745787 -0.21085366 -0.18981297
 -0.19989138 -0.19977677 -0.19032043 -0.19658801 -0.14229231 -0.18358658
 -0.19165185 -0.17086735 -0.20734331 -0.21501454 -0.17439309 -0.1808333
 -0.17307915 -0.17002708 -0.18117772 -0.19482962 -0.20127387 -0.19403021
 -0.20218387 -0.20539555 -0.16235347 -0.18113683 -0.18762466 -0.17093374
 -0.21237317 -0.15168434 -0.18701038 -0.22237072 -0.19331119 -0.20597639
 -0.17022813 -0.17409623 -0.18519401 -0.1911969  -0.18445618 -0.18932007
 -0.18072793 -0.18949654 -0.17545505 -0.18902879 -0.17739169 -0.18184834
 -0.21199365 -0.19868867 -0.17811032 -0.17702885 -0.18190212 -0.18790224
 -0.20303659 -0.18842985 -0.18562459 -0.18210556 -0.18531738 -0.15103013
 -0.18708701 -0.19435251 -0.17421503 -0.17799088 -0.18603996 -0.17692334
 -0.21563482 -0.16603247 -0.21861182 -0.20027157 -0.18459148 -0.19741182
 -0.18072592 -0.16175354 -0.18988436 -0.19760369 -0.18955956 -0.19928096
 -0.20011299 -0.1863983  -0.16050534 -0.21240889 -0.18661098 -0.18617978
 -0.20011844 -0.22099435 -0.17848004 -0.20706371 -0.18437178 -0.19434743
 -0.20531338 -0.19158563 -0.18939777 -0.17824873 -0.17526926 -0.15709324
 -0.20526505 -0.16928552 -0.19248818 -0.18585531 -0.19066176 -0.1891211
 -0.18896814 -0.15646439 -0.18083685 -0.18722749 -0.18412592 -0.18543281
 -0.16207635 -0.17556333 -0.18748326 -0.16279496 -0.1684151  -0.20681239
 -0.17048945 -0.19889713 -0.1783782  -0.18619535 -0.17554427 -0.18887217
 -0.21111395 -0.19015933 -0.19503774 -0.18559031 -0.20590927 -0.19366122
 -0.16127683 -0.193675   -0.20410923 -0.14871718 -0.16535346 -0.17774056
 -0.15282073 -0.16381583 -0.19485689 -0.18011265 -0.19668171 -0.19593096
 -0.18651828 -0.21009561 -0.16575615 -0.18617222 -0.1982653  -0.20611564
 -0.19248428 -0.18350529 -0.19929434 -0.1969806  -0.18669485 -0.18824223
 -0.18896604 -0.19078464 -0.19764969 -0.20480089 -0.18702417 -0.15044274
 -0.17555018 -0.1749362  -0.19464459 -0.20418738 -0.16539014 -0.17755978
 -0.18217731 -0.17338206 -0.17766539 -0.1581059  -0.17892312 -0.21454208
 -0.19376973 -0.16274144 -0.17276764 -0.1647578  -0.2017827  -0.1751666
 -0.19358862 -0.20391447 -0.18976787 -0.20979334 -0.19848772 -0.19702852
 -0.17872345 -0.19424179 -0.17469802 -0.20589156 -0.1850297  -0.19359649
 -0.19810326 -0.14910923]
alpha_repeat-1
BLEU
[0.20612739 0.18089041 0.20278036 0.18836503 0.19313262 0.16010324
 0.20297628 0.16930204 0.22292895 0.18205248 0.15811137 0.19092588
 0.18999343 0.17008978 0.1398936  0.22816246 0.20097036 0.18936036
 0.16117539 0.16416462 0.18312855 0.16157408 0.20634802 0.19026883
 0.13512208 0.13835306 0.22738356 0.12611009 0.19604442 0.20758426
 0.18458695 0.22001478 0.17979487 0.13248488 0.1440244  0.19063111
 0.20080002 0.14249981 0.21884825 0.182916   0.2038195  0.16832677
 0.13208901 0.20437143 0.19199123 0.16432597 0.18007545 0.16828175
 0.23291663 0.18043512 0.1726951  0.16410096 0.20075835 0.19608409
 0.19294845 0.15900064 0.18630937 0.14383342 0.20403694 0.20329353
 0.16409305 0.14476921 0.19976357 0.18126679 0.20368203 0.19332375
 0.12966391 0.16860007 0.21023451 0.15683826 0.18971132 0.2263299
 0.15916887 0.1813735  0.21318497 0.19926871 0.15017184 0.2040771
 0.17636596 0.19755486 0.15671976 0.14547273 0.21278411 0.17129924
 0.19118698 0.21327867 0.18221692 0.16436486 0.19621151 0.14789597
 0.17342245 0.17166077 0.23745833 0.19798361 0.19022222 0.21065867
 0.17257692 0.14677188 0.20302973 0.14546078 0.19018987 0.16635013
 0.12807402 0.21308439 0.18536758 0.22635916 0.20822464 0.21672036
 0.15522345 0.19334553 0.17364826 0.19786693 0.18622701 0.15362641
 0.15885697 0.20391877 0.20349145 0.20435628 0.20176497 0.19833092
 0.20137122 0.19641384 0.17146897 0.14855397 0.23544666 0.1805145
 0.23211993 0.19170773 0.17804868 0.18436473 0.18323041 0.17933411
 0.14398786 0.21482817 0.19556922 0.19609231 0.12819233 0.17609158
 0.21505498 0.17731886 0.14419336 0.23034156 0.21933391 0.18475275
 0.23145962 0.21972387 0.15015127 0.19953677 0.20916105 0.17145923
 0.18260612 0.14894546 0.18011776 0.18405075 0.11801988 0.17027648
 0.1668868  0.1870043  0.17915422 0.1866108  0.20386996 0.16332374
 0.17265733 0.14961175 0.17365644 0.1504636  0.20221485 0.24020786
 0.20494864 0.21049862 0.17126022 0.1693669  0.20709923 0.1940116
 0.17829091 0.202736   0.17820748 0.23199219 0.18653364 0.10926363
 0.19420431 0.24765542 0.18878237 0.22043844 0.13387517 0.21388096
 0.14058012 0.13733856 0.16394545 0.12569233 0.17843338 0.18242758
 0.17286862 0.1573513  0.20721295 0.15102016 0.19379242 0.18179873
 0.17091167 0.24530592]
alpha_repeat-1
METEOR
[0.15278598 0.13884556 0.13945764 0.14732556 0.14182049 0.13531662
 0.17259053 0.1472767  0.15636579 0.13750383 0.11706939 0.14030251
 0.14062697 0.12388878 0.10416836 0.15840225 0.16208272 0.14538627
 0.11582555 0.14557084 0.13925814 0.11655691 0.16232208 0.14797294
 0.10413479 0.10204008 0.15548974 0.10629431 0.13736892 0.15339329
 0.14735151 0.16141203 0.14536365 0.11204067 0.11625979 0.12811107
 0.17030642 0.10461779 0.17245989 0.12652369 0.16474091 0.12877526
 0.09873756 0.14679278 0.13868515 0.11175293 0.13653936 0.1283657
 0.16610397 0.14654072 0.12002122 0.13273622 0.16186099 0.13591366
 0.14655046 0.12278377 0.14152142 0.10701354 0.14480742 0.15600087
 0.12776031 0.12195568 0.15136052 0.13936322 0.15218718 0.1371375
 0.09999698 0.12634157 0.14385751 0.14574052 0.1410497  0.17089586
 0.12167758 0.13350858 0.14814569 0.14697068 0.1251382  0.15494655
 0.13599013 0.14182253 0.11950607 0.11639003 0.14866092 0.12191543
 0.15005816 0.14571454 0.1449859  0.12017408 0.15785042 0.11877341
 0.15040552 0.13488111 0.17597513 0.15802661 0.13952237 0.14500699
 0.14066365 0.10886371 0.15026551 0.10538911 0.1452069  0.12005777
 0.09031028 0.16045558 0.14328212 0.17165277 0.17014161 0.15811272
 0.13450275 0.13267895 0.13826378 0.15874735 0.1567058  0.1159132
 0.12382708 0.14851296 0.16356745 0.14478332 0.14472075 0.14055252
 0.14047312 0.16219904 0.13989924 0.12191089 0.15989612 0.13380586
 0.15771681 0.15103495 0.12975053 0.14573477 0.13117593 0.14145178
 0.10825281 0.16856647 0.14132847 0.14970257 0.09338653 0.12228324
 0.16368681 0.1399765  0.11747338 0.19183689 0.16700963 0.1350135
 0.15997963 0.16819508 0.11502053 0.1305676  0.14433323 0.13265175
 0.14340164 0.11372113 0.12743247 0.14108847 0.0956952  0.11952345
 0.11352709 0.12710984 0.14045895 0.15239379 0.14992637 0.13336241
 0.13118953 0.14042986 0.13988783 0.11579263 0.13119967 0.17499102
 0.13971389 0.16885085 0.15541826 0.14423549 0.1698515  0.14716051
 0.12380038 0.16052889 0.1284833  0.16204659 0.13498692 0.07792688
 0.13848606 0.17457201 0.15453874 0.1579562  0.10385488 0.15650631
 0.10471076 0.10880576 0.11734263 0.11979358 0.15395851 0.12951788
 0.12574411 0.09993905 0.14146956 0.10855351 0.14914711 0.12990418
 0.12576089 0.15699838]
alpha_repeat-1
BERT
[0.7952607  0.79074097 0.7968082  0.788085   0.79475945 0.7944401
 0.79669785 0.79384303 0.79405576 0.79006064 0.79448897 0.7987066
 0.79733115 0.7968713  0.7955128  0.7969393  0.79656845 0.7932076
 0.7914142  0.79165685 0.7962214  0.7918016  0.7969614  0.79390335
 0.7931068  0.7915683  0.7909999  0.7917583  0.792211   0.79005164
 0.79701513 0.7913616  0.79446113 0.7922355  0.7945396  0.7901282
 0.7997485  0.7919947  0.7966493  0.7942771  0.7973606  0.79637367
 0.7900905  0.7945643  0.7907488  0.7910685  0.7975397  0.7921006
 0.7991792  0.792879   0.7974784  0.7899249  0.7926775  0.7906337
 0.79989314 0.7933374  0.7956279  0.79090965 0.7914826  0.7923543
 0.7850373  0.7893784  0.79095113 0.7951371  0.7951529  0.7960742
 0.79404545 0.7954147  0.79466766 0.7974474  0.78994304 0.7974084
 0.79268634 0.79573804 0.7948018  0.79325306 0.7947688  0.7950617
 0.78818184 0.79097867 0.79595715 0.7943248  0.79957396 0.7982299
 0.79466957 0.7934597  0.7972775  0.7929284  0.7945009  0.78704804
 0.78965896 0.79207325 0.79416543 0.7974878  0.7943132  0.7937352
 0.7948854  0.7913331  0.79178905 0.7896191  0.7931693  0.7900829
 0.7918996  0.7944326  0.7956654  0.7951259  0.7997961  0.7971422
 0.7991139  0.7939334  0.7942067  0.79580146 0.79488176 0.7950945
 0.79545605 0.7978832  0.79592496 0.7942364  0.7953624  0.79332453
 0.7899062  0.79659325 0.79319644 0.7932172  0.7930623  0.7953851
 0.79226387 0.7949508  0.7927312  0.79609185 0.7907099  0.7977832
 0.78983504 0.79615355 0.796796   0.792748   0.7905459  0.78985614
 0.79743165 0.79488003 0.795324   0.80245197 0.7988979  0.7958719
 0.79465634 0.7917787  0.7914506  0.796639   0.7916925  0.7944505
 0.7988212  0.79237586 0.79645324 0.79589975 0.7894776  0.7956302
 0.79004955 0.7933222  0.7957264  0.80240184 0.7967997  0.792098
 0.794328   0.7942595  0.79726493 0.79014325 0.7921358  0.7987649
 0.7938104  0.7922538  0.7972694  0.7966433  0.796117   0.7952973
 0.7911738  0.79479635 0.7933264  0.79756296 0.79413277 0.7932885
 0.78969145 0.79389095 0.78947395 0.800523   0.790733   0.792064
 0.79183    0.7889562  0.79397833 0.7932427  0.79456514 0.79403055
 0.7959447  0.7890096  0.7955778  0.7894662  0.79248714 0.79512906
 0.79272974 0.7961996 ]
[nltk_data] Downloading package wordnet to /mnt/iusers01/fse-
[nltk_data]     ugpgt01/compsci01/q12628ct/nltk_data...
[nltk_data]   Package wordnet is already up-to-date!
[nltk_data] Downloading package punkt_tab to /mnt/iusers01/fse-
[nltk_data]     ugpgt01/compsci01/q12628ct/nltk_data...
[nltk_data]   Package punkt_tab is already up-to-date!
[nltk_data] Downloading package omw-1.4 to /mnt/iusers01/fse-
[nltk_data]     ugpgt01/compsci01/q12628ct/nltk_data...
[nltk_data]   Package omw-1.4 is already up-to-date!
/mnt/iusers01/fse-ugpgt01/compsci01/q12628ct/.conda/envs/semantic-decoding/lib/python3.10/site-packages/huggingface_hub/file_download.py:945: FutureWarning: `resume_download` is deprecated and will be removed in version 1.0.0. Downloads always resume when possible. If you want to force a new download, use `force_download=True`.
  warnings.warn(
Some weights of the model checkpoint at roberta-large were not used when initializing RobertaModel: ['lm_head.layer_norm.weight', 'lm_head.dense.weight', 'lm_head.bias', 'lm_head.dense.bias', 'lm_head.layer_norm.bias']
- This IS expected if you are initializing RobertaModel from the checkpoint of a model trained on another task or with another architecture (e.g. initializing a BertForSequenceClassification model from a BertForPreTraining model).
- This IS NOT expected if you are initializing RobertaModel from the checkpoint of a model that you expect to be exactly identical (initializing a BertForSequenceClassification model from a BertForSequenceClassification model).
Some weights of RobertaModel were not initialized from the model checkpoint at roberta-large and are newly initialized: ['roberta.pooler.dense.bias', 'roberta.pooler.dense.weight']
You should probably TRAIN this model on a down-stream task to be able to use it for predictions and inference.
alpha_repeat-2
WER
[-0.13166126 -0.12614739 -0.15550609 -0.12979286 -0.13164243 -0.13351463
 -0.13781206 -0.12184158 -0.1287044  -0.09617945 -0.14823832 -0.12790995
 -0.11048495 -0.15007492 -0.12326089 -0.11841175 -0.13931732 -0.12364871
 -0.11413065 -0.14275472 -0.13733055 -0.13141406 -0.11422693 -0.1093397
 -0.118206   -0.13005646 -0.12088101 -0.09295084 -0.14808862 -0.13407875
 -0.16436923 -0.13708724 -0.15674605 -0.11806203 -0.12008646 -0.14605227
 -0.12343898 -0.11941302 -0.1230245  -0.11598262 -0.11606501 -0.15502122
 -0.12387331 -0.12187143 -0.12078377 -0.12834391 -0.13266744 -0.10964842
 -0.12212877 -0.11687289 -0.14062127 -0.15558142 -0.12956596 -0.15680293
 -0.15260392 -0.13152175 -0.10019587 -0.16900503 -0.11976038 -0.14462905
 -0.10131268 -0.13044247 -0.12565116 -0.09241137 -0.10974133 -0.14624902
 -0.1512071  -0.15280696 -0.12254553 -0.09780588 -0.12471861 -0.15362124
 -0.1240939  -0.12615506 -0.15601279 -0.15821992 -0.12392411 -0.1404781
 -0.13380489 -0.11452732 -0.13427544 -0.12899528 -0.10952555 -0.12397999
 -0.14744851 -0.12744257 -0.12947672 -0.13975331 -0.13762486 -0.11440858
 -0.12522491 -0.12959079 -0.13583865 -0.13169005 -0.13499181 -0.08846887
 -0.11856124 -0.15172677 -0.12287027 -0.12099071 -0.12449287 -0.14479664
 -0.11534936 -0.10718242 -0.1506607  -0.09488527 -0.13978089 -0.13135295
 -0.12956799 -0.10031602 -0.12915053 -0.12513771 -0.13694914 -0.132657
 -0.12950825 -0.13653051 -0.12824457 -0.10918059 -0.11376183 -0.11816581
 -0.11564658 -0.11581315 -0.15001626 -0.14960989 -0.13442011 -0.14139931
 -0.12316031 -0.13175038 -0.12413415 -0.11134963 -0.14172008 -0.10736563
 -0.15576419 -0.13141531 -0.11210203 -0.12829529 -0.12869856 -0.12361832
 -0.11218216 -0.12006619 -0.13353717 -0.13175912 -0.1252019  -0.11863638
 -0.14844633 -0.11965009 -0.09781695 -0.11421498 -0.1414723  -0.1414732
 -0.11478338 -0.10755591 -0.12508324 -0.136889   -0.09837561 -0.15316469
 -0.12468766 -0.14695962 -0.13284284 -0.11956297 -0.11300408 -0.13701963
 -0.12991481 -0.14265753 -0.14748118 -0.13874232 -0.12899344 -0.12970675
 -0.17849206 -0.12780581 -0.10248673 -0.11475226 -0.11562993 -0.12606764
 -0.12740938 -0.1286544  -0.13111567 -0.15051784 -0.08769572 -0.14437937
 -0.13375672 -0.11274911 -0.1117752  -0.15905692 -0.13652316 -0.10367074
 -0.17160708 -0.14557357 -0.0957762  -0.14763725 -0.13470229 -0.13697185
 -0.10922151 -0.11652611 -0.09311489 -0.11002458 -0.11865324 -0.14504335
 -0.11516978 -0.15838266]
alpha_repeat-2
BLEU
[0.17239571 0.17556119 0.15276453 0.24401224 0.19795215 0.19276145
 0.15912045 0.19634543 0.21275893 0.23555384 0.13506318 0.19657008
 0.2319753  0.17733267 0.18275888 0.19891725 0.15864273 0.20451071
 0.19287417 0.17341661 0.16989934 0.13758059 0.2068267  0.20290155
 0.18948861 0.16438771 0.24256969 0.22817189 0.17648182 0.1767706
 0.16411843 0.13201758 0.18214501 0.21600834 0.24183846 0.14470192
 0.19120639 0.21907704 0.21156426 0.19536895 0.22872381 0.13269744
 0.20907898 0.19881336 0.19795397 0.18974517 0.19520586 0.2168675
 0.24448943 0.20626896 0.17894715 0.11726743 0.16026101 0.09673239
 0.12163773 0.20058599 0.22475723 0.11957738 0.15863486 0.13556486
 0.24851382 0.17599629 0.21066635 0.24095345 0.18596453 0.17680423
 0.20899208 0.17525798 0.18840859 0.20437124 0.16004125 0.14359137
 0.17846684 0.16829674 0.1693174  0.16707445 0.1895011  0.21018923
 0.17671051 0.18945334 0.17192417 0.21410907 0.21495788 0.19650028
 0.19199698 0.20318774 0.17117333 0.14210812 0.16866657 0.19348111
 0.19684525 0.16406656 0.14853421 0.18015278 0.15303546 0.21405063
 0.16668077 0.16480569 0.19817339 0.19122225 0.16916295 0.19291032
 0.26780765 0.2144824  0.1680986  0.21195172 0.19709335 0.22422926
 0.20717965 0.22631686 0.22360188 0.17237348 0.15536923 0.18799022
 0.16675886 0.23629941 0.1681622  0.20848544 0.25273061 0.20490838
 0.20080746 0.19632836 0.16949634 0.17721832 0.15087553 0.16502577
 0.17505188 0.22486268 0.20782341 0.24089697 0.15239753 0.23456928
 0.17055594 0.22009462 0.1721574  0.1862841  0.16923978 0.18489258
 0.22631359 0.23120635 0.17673146 0.1836339  0.19208288 0.1981763
 0.14131016 0.20446326 0.23879339 0.22427663 0.16027672 0.20815658
 0.22616856 0.22089441 0.22616117 0.21187207 0.21517483 0.13937114
 0.19670575 0.17658695 0.17570232 0.16957443 0.25885635 0.2037428
 0.2045258  0.19817404 0.17690341 0.17961071 0.17843971 0.15869193
 0.13086246 0.18957574 0.21057062 0.2045253  0.17732298 0.21499467
 0.19963472 0.22521241 0.17452572 0.14194374 0.2441669  0.1940826
 0.21217577 0.23734986 0.15764178 0.11165199 0.18210652 0.22456205
 0.10894491 0.15267393 0.22283801 0.1655605  0.19287762 0.19830163
 0.20916094 0.23523393 0.2112261  0.25726425 0.18545288 0.14630514
 0.2186679  0.15234982]
alpha_repeat-2
METEOR
[0.12803888 0.13385201 0.1151577  0.1797112  0.1408549  0.14226338
 0.11460432 0.1288912  0.1563385  0.16714571 0.10563679 0.15945036
 0.15877427 0.12885132 0.14454398 0.14943921 0.1316288  0.15222811
 0.13672992 0.11930872 0.12535005 0.11093094 0.15332321 0.15846065
 0.15315722 0.11925195 0.18216503 0.16563314 0.13550963 0.14824733
 0.13688153 0.1057187  0.12894319 0.14220806 0.18941399 0.10878798
 0.1339947  0.15931897 0.16138596 0.15766292 0.15372778 0.11363204
 0.15442573 0.16334026 0.1613277  0.14344329 0.15903384 0.16731756
 0.16935233 0.14088654 0.11877596 0.1110457  0.11838521 0.08007913
 0.09107953 0.14818372 0.17308652 0.09673032 0.12673219 0.10344424
 0.16809629 0.12861834 0.14616747 0.18887714 0.14479591 0.12633162
 0.15602433 0.12974765 0.14120022 0.15389979 0.13065527 0.10399678
 0.14025255 0.12063152 0.12746509 0.12955108 0.13973408 0.15072182
 0.12132751 0.14202428 0.13511349 0.15089874 0.15305475 0.14701204
 0.14963025 0.14035034 0.13179327 0.11163211 0.1340422  0.14086853
 0.16206227 0.12129877 0.10525995 0.13908122 0.10828456 0.14752464
 0.11194196 0.1431639  0.16483497 0.13149264 0.12197762 0.12869591
 0.19263554 0.15158603 0.11958811 0.16396899 0.15515678 0.16046916
 0.15894977 0.16469276 0.14515627 0.11155103 0.12261065 0.14210158
 0.13394745 0.17078199 0.11846624 0.14725422 0.16716898 0.16169764
 0.13399528 0.14793751 0.11108089 0.12762931 0.11020111 0.11049473
 0.15003919 0.15997041 0.16024341 0.17569428 0.1072659  0.1757812
 0.15101757 0.16089292 0.13592554 0.14268231 0.13342112 0.13045924
 0.14503954 0.15953481 0.13570881 0.15724377 0.13600531 0.1386338
 0.10741892 0.1500519  0.16948896 0.16428323 0.13284154 0.14722678
 0.16646151 0.17696807 0.14827657 0.15571309 0.13929999 0.10770967
 0.13156588 0.1351653  0.12878411 0.13123322 0.18007053 0.15491576
 0.14858707 0.143002   0.13999129 0.1356601  0.13792367 0.11259096
 0.10157986 0.13724673 0.16075646 0.13787166 0.12901838 0.15137917
 0.15456758 0.15169895 0.11638743 0.11109823 0.16031959 0.13250315
 0.16783071 0.16339436 0.11933736 0.0821807  0.13571969 0.16471931
 0.08490743 0.11146788 0.14326098 0.13606893 0.1339483  0.14317186
 0.15753979 0.1688492  0.13545525 0.17184777 0.13535873 0.12289487
 0.16791309 0.12255812]
alpha_repeat-2
BERT
[0.79391026 0.795984   0.79359716 0.7988553  0.79756033 0.79792285
 0.7917259  0.79649043 0.7929857  0.80032134 0.78665274 0.79461724
 0.79563874 0.7885616  0.79063576 0.79662454 0.79036117 0.7981866
 0.7933577  0.7932492  0.7935259  0.7918867  0.7972803  0.7927074
 0.79533666 0.7940232  0.79625386 0.79897124 0.7940972  0.7958434
 0.79533106 0.7927351  0.7968232  0.7981507  0.7956145  0.7929547
 0.7939309  0.79556453 0.7960656  0.79901654 0.7953519  0.79209274
 0.7942347  0.79566956 0.7963985  0.7925153  0.7958381  0.79550225
 0.79193944 0.79409623 0.7976749  0.79084176 0.79187375 0.7937826
 0.7932378  0.79501736 0.79861134 0.78880525 0.7922528  0.7900371
 0.79254967 0.7931368  0.79529005 0.79864866 0.7963942  0.7968987
 0.7937297  0.7906098  0.7907497  0.8003943  0.7938569  0.7953982
 0.7978631  0.79535073 0.7904086  0.7940979  0.7998782  0.8030084
 0.7909345  0.79129446 0.79568726 0.79917693 0.8022955  0.7956873
 0.7884926  0.79218155 0.7927167  0.7963927  0.7929797  0.7905917
 0.79711086 0.7938599  0.7979864  0.792591   0.79143196 0.7957399
 0.7915187  0.7932462  0.7977262  0.7934709  0.7937583  0.79886764
 0.79742    0.7986435  0.79260457 0.79555905 0.79354024 0.7985747
 0.7921606  0.7967342  0.79560786 0.79135364 0.78925425 0.7915669
 0.7984911  0.79285884 0.7914802  0.79383665 0.79517996 0.79742366
 0.7929372  0.7977044  0.793195   0.7967441  0.7945704  0.79095876
 0.7997277  0.7959604  0.79527414 0.7982251  0.7953825  0.7977119
 0.79809517 0.7896951  0.7954836  0.8008259  0.7968727  0.7936063
 0.7942584  0.79517996 0.78964    0.7987484  0.79424685 0.79360694
 0.7918062  0.7914343  0.79795384 0.79707515 0.7909208  0.7943061
 0.7952587  0.796095   0.7946547  0.7977464  0.79144984 0.7939984
 0.78931093 0.7941281  0.79514325 0.79148364 0.7940332  0.7902318
 0.792361   0.794872   0.7960935  0.79636246 0.79758334 0.790484
 0.79100204 0.7928449  0.79512775 0.7948396  0.79290307 0.7935504
 0.7917046  0.7951765  0.79560935 0.7920801  0.79236174 0.7962456
 0.7906979  0.79736525 0.79023576 0.79122895 0.7914468  0.801442
 0.78666556 0.79557854 0.79265314 0.7962599  0.79242206 0.79380006
 0.79520744 0.79337573 0.79739183 0.8037665  0.7994375  0.7943961
 0.79154474 0.79190546]
[nltk_data] Downloading package wordnet to /mnt/iusers01/fse-
[nltk_data]     ugpgt01/compsci01/q12628ct/nltk_data...
[nltk_data]   Package wordnet is already up-to-date!
[nltk_data] Downloading package punkt_tab to /mnt/iusers01/fse-
[nltk_data]     ugpgt01/compsci01/q12628ct/nltk_data...
[nltk_data]   Package punkt_tab is already up-to-date!
[nltk_data] Downloading package omw-1.4 to /mnt/iusers01/fse-
[nltk_data]     ugpgt01/compsci01/q12628ct/nltk_data...
[nltk_data]   Package omw-1.4 is already up-to-date!
/mnt/iusers01/fse-ugpgt01/compsci01/q12628ct/.conda/envs/semantic-decoding/lib/python3.10/site-packages/huggingface_hub/file_download.py:945: FutureWarning: `resume_download` is deprecated and will be removed in version 1.0.0. Downloads always resume when possible. If you want to force a new download, use `force_download=True`.
  warnings.warn(
Some weights of the model checkpoint at roberta-large were not used when initializing RobertaModel: ['lm_head.bias', 'lm_head.dense.bias', 'lm_head.dense.weight', 'lm_head.layer_norm.weight', 'lm_head.layer_norm.bias']
- This IS expected if you are initializing RobertaModel from the checkpoint of a model trained on another task or with another architecture (e.g. initializing a BertForSequenceClassification model from a BertForPreTraining model).
- This IS NOT expected if you are initializing RobertaModel from the checkpoint of a model that you expect to be exactly identical (initializing a BertForSequenceClassification model from a BertForSequenceClassification model).
Some weights of RobertaModel were not initialized from the model checkpoint at roberta-large and are newly initialized: ['roberta.pooler.dense.bias', 'roberta.pooler.dense.weight']
You should probably TRAIN this model on a down-stream task to be able to use it for predictions and inference.
bravo_repeat-1
WER
[-0.09148891 -0.07568635 -0.09366523 -0.08267326 -0.07530353 -0.07023895
 -0.0903142  -0.05789345 -0.07438541 -0.0662557  -0.08940262 -0.06791042
 -0.08294588 -0.08951502 -0.07145941 -0.07318304 -0.07538442 -0.06524777
 -0.0428701  -0.06866644 -0.07409992 -0.07914731 -0.08438377 -0.07273848
 -0.07425416 -0.08028719 -0.07549882 -0.08498885 -0.06145497 -0.09646384
 -0.07250994 -0.07320275 -0.07147106 -0.07509141 -0.04889466 -0.07917615
 -0.07452299 -0.08472873 -0.07540792 -0.0581374  -0.0732362  -0.07334868
 -0.08329298 -0.06675321 -0.09776985 -0.07881102 -0.07995115 -0.08193231
 -0.07536485 -0.084671   -0.09162797 -0.06754074 -0.04317071 -0.06389032
 -0.07380595 -0.07555671 -0.0523519  -0.07714356 -0.06288778 -0.09966333
 -0.07156315 -0.08385675 -0.08006408 -0.08806233 -0.06755699 -0.08427777
 -0.07933841 -0.07345714 -0.06670229 -0.07966395 -0.06846291 -0.07601313
 -0.07298096 -0.0930969  -0.09862199 -0.05928053 -0.08188221 -0.06033282
 -0.09309657 -0.06062078 -0.10626607 -0.08353115 -0.08545909 -0.08652126
 -0.06975888 -0.09111647 -0.08813073 -0.07626624 -0.06723388 -0.07081418
 -0.06896468 -0.05441859 -0.06529744 -0.08437421 -0.08960157 -0.07153947
 -0.08897524 -0.0862971  -0.08063676 -0.09459921 -0.07754969 -0.05702966
 -0.07371211 -0.07408272 -0.08608658 -0.07601624 -0.07289202 -0.07761763
 -0.04796926 -0.08227022 -0.08191308 -0.08394446 -0.09492338 -0.06880587
 -0.10699208 -0.074188   -0.07764086 -0.06206564 -0.06953237 -0.06320037
 -0.09165279 -0.0924486  -0.07810605 -0.0478687  -0.07411483 -0.09818462
 -0.07394614 -0.0831374  -0.07622579 -0.07611017 -0.06500632 -0.06850251
 -0.0596421  -0.08428622 -0.0664809  -0.08655347 -0.06885674 -0.06588668
 -0.07828357 -0.07915332 -0.08744757 -0.07181866 -0.07666441 -0.06929325
 -0.06582094 -0.07661524 -0.07717141 -0.06366052 -0.0782579  -0.10130224
 -0.07568293 -0.07053606 -0.08289216 -0.05579479 -0.08902794 -0.07858975
 -0.09642172 -0.07148502 -0.0831595  -0.06671874 -0.06799234 -0.09685903
 -0.08914515 -0.07465914 -0.06948741 -0.05810057 -0.09004889 -0.06332667
 -0.08087453 -0.05121932 -0.06680011 -0.09513115 -0.08089281 -0.07281738
 -0.06891834 -0.07940604 -0.08052511 -0.09128287 -0.0929496  -0.09336442
 -0.10031245 -0.0846254  -0.09244332 -0.06043831 -0.06934745 -0.08380198
 -0.08184444 -0.09483894 -0.07560167 -0.07252162 -0.09500833 -0.08309332
 -0.07755904 -0.06287895 -0.0778586  -0.07244812 -0.08936783 -0.07607646
 -0.08411633 -0.07455166]
bravo_repeat-1
BLEU
[0.12990743 0.23667899 0.19524795 0.1955086  0.24012347 0.21377969
 0.20446078 0.24838298 0.24536438 0.2307095  0.22556422 0.2138575
 0.23686006 0.2062394  0.18250109 0.22266391 0.21949954 0.23049488
 0.25219259 0.20982177 0.22814411 0.23179173 0.23476715 0.24338171
 0.22416355 0.21424438 0.1593706  0.23965002 0.25246504 0.21501211
 0.25415573 0.26639769 0.23850728 0.2226593  0.2386722  0.22824645
 0.20622967 0.19555939 0.21465968 0.26368325 0.19855269 0.21035366
 0.21834538 0.24934889 0.17404621 0.16464039 0.24265639 0.1842236
 0.179181   0.23605115 0.17158902 0.25189651 0.18569775 0.23080752
 0.20721568 0.20421308 0.21802814 0.1975589  0.22916271 0.13643138
 0.17929271 0.22051813 0.21388566 0.14778298 0.20483652 0.22158873
 0.20820933 0.21015257 0.19559707 0.20658801 0.18407371 0.20305232
 0.2510424  0.21524586 0.20464965 0.21681534 0.21750987 0.2462084
 0.19854698 0.23415392 0.15763929 0.23448732 0.22989468 0.22122238
 0.2177088  0.20176584 0.19531696 0.26524595 0.22033312 0.26529942
 0.20146303 0.25466404 0.18980266 0.2020056  0.20419482 0.20468086
 0.20192723 0.20950653 0.22925861 0.14942623 0.19838337 0.22935193
 0.22363246 0.23935224 0.20653376 0.21707603 0.24026616 0.24547605
 0.24045757 0.21970873 0.22718451 0.19182873 0.19483261 0.23087925
 0.17684854 0.24020152 0.24342883 0.20900035 0.21486141 0.2460878
 0.12857533 0.19125982 0.20132672 0.2536834  0.23817342 0.18341367
 0.1871323  0.15381867 0.19827521 0.2341154  0.24884342 0.25043709
 0.21965252 0.18418453 0.27482365 0.2168763  0.1843988  0.24724794
 0.14803607 0.19377997 0.23707507 0.25857934 0.2238131  0.21515654
 0.23434761 0.19892293 0.18768576 0.24263492 0.2281328  0.14157142
 0.2016767  0.21172286 0.16926919 0.23519551 0.19415623 0.20422549
 0.17494485 0.1838242  0.23058934 0.23244514 0.22587683 0.1581619
 0.20640691 0.19875249 0.1968213  0.27863943 0.20114281 0.29175259
 0.18599062 0.25633274 0.24069496 0.20358266 0.22647339 0.2384428
 0.21867438 0.22188289 0.21852313 0.19903975 0.22448747 0.15651848
 0.1469311  0.23143281 0.16679476 0.2272791  0.23021465 0.19250674
 0.25183152 0.20219747 0.19870209 0.23736182 0.19293559 0.17977746
 0.23289587 0.24445491 0.21465637 0.22431171 0.22352546 0.22299472
 0.18805856 0.24862534]
bravo_repeat-1
METEOR
[0.10644924 0.1498894  0.1301756  0.17247205 0.16615685 0.16565976
 0.15179639 0.15804948 0.18008861 0.15696802 0.17389156 0.15979048
 0.17093497 0.15425175 0.12174441 0.15801561 0.18206475 0.14960115
 0.19610586 0.14177077 0.15613134 0.16464717 0.17508796 0.15141288
 0.1564577  0.15801191 0.11245155 0.16612536 0.17478492 0.15933503
 0.17585971 0.18398007 0.16731771 0.15637101 0.16653564 0.15439792
 0.17192552 0.14545228 0.15843791 0.18648532 0.14259264 0.14908929
 0.17609683 0.18143347 0.12268111 0.11577148 0.18459251 0.12277797
 0.12115028 0.16101438 0.13022061 0.18437509 0.15514328 0.17206005
 0.14092254 0.15488318 0.15642084 0.14006817 0.18278705 0.10051082
 0.13530581 0.16231382 0.15214777 0.1175666  0.12869166 0.15035184
 0.13869098 0.15327952 0.14381316 0.12719148 0.12815934 0.16875268
 0.2042648  0.15057842 0.14739658 0.16529836 0.14877588 0.17239101
 0.16063466 0.16153818 0.11597624 0.16809905 0.15742158 0.17425204
 0.14495307 0.14169145 0.14629744 0.18410099 0.15120648 0.19587174
 0.14736989 0.16515031 0.14659549 0.12993867 0.14988067 0.15570574
 0.16051649 0.14192965 0.15929567 0.10768529 0.14103279 0.15741733
 0.16433499 0.17240978 0.15565942 0.15084291 0.16865712 0.17797786
 0.16590405 0.15664615 0.16092377 0.12948683 0.13716095 0.17057252
 0.12623651 0.17233568 0.16956716 0.15126796 0.16826841 0.16626675
 0.0837803  0.14779178 0.13474852 0.19812609 0.17743078 0.13135499
 0.14282863 0.12487639 0.13951613 0.17065973 0.17390877 0.17740228
 0.15179083 0.12748903 0.18168182 0.15846819 0.140205   0.16692616
 0.15019275 0.1324243  0.17048739 0.18270413 0.14904166 0.14829277
 0.14844774 0.14570213 0.1361894  0.18682792 0.17548694 0.09914452
 0.13897398 0.15488731 0.11365736 0.17793412 0.14449093 0.14211764
 0.13119992 0.12873209 0.15434052 0.16857971 0.15679026 0.10735992
 0.14379251 0.15065689 0.14015473 0.19859715 0.15129077 0.20081835
 0.12930982 0.17586479 0.16106662 0.15498288 0.1500039  0.16934213
 0.16486681 0.14957825 0.16490678 0.16260675 0.1752709  0.11608664
 0.10782867 0.15796555 0.11872038 0.18054612 0.15451068 0.13035954
 0.1695839  0.13143419 0.13620949 0.17388283 0.14220427 0.12423004
 0.17047394 0.17910997 0.15579389 0.15195384 0.1576962  0.16370652
 0.14324813 0.16589725]
bravo_repeat-1
BERT
[0.8023721  0.80958223 0.80468416 0.8042059  0.80448186 0.80893844
 0.805075   0.80924344 0.8075936  0.80566007 0.80649835 0.80781054
 0.81116635 0.80488557 0.8039705  0.80286247 0.80648386 0.80196947
 0.8072465  0.8029674  0.8049784  0.8100904  0.80686027 0.8061205
 0.80822736 0.8043758  0.80248475 0.80485123 0.8085961  0.8054881
 0.80792207 0.80881286 0.81013227 0.80245006 0.8034799  0.8054106
 0.80629563 0.80744517 0.8029498  0.8041991  0.8074175  0.8037405
 0.8106348  0.80587685 0.7999691  0.80039364 0.8103185  0.79984653
 0.8048736  0.803722   0.807441   0.801471   0.8116225  0.80303293
 0.8057585  0.8103288  0.80563223 0.80497944 0.8087274  0.79958427
 0.8067476  0.80803204 0.8096308  0.7995254  0.8007351  0.80456173
 0.80292696 0.8049616  0.8095484  0.8028394  0.8106775  0.8060036
 0.80347556 0.8069302  0.80630225 0.810771   0.8037405  0.804725
 0.8019693  0.8014573  0.80034834 0.803494   0.8060429  0.8043699
 0.8087776  0.8064587  0.80926216 0.8102304  0.8061984  0.80922884
 0.80705655 0.80844384 0.8031253  0.8004344  0.8075157  0.8027966
 0.8063038  0.8043345  0.8091455  0.8048167  0.8020331  0.8085052
 0.8027946  0.80576164 0.80814606 0.8038952  0.8058863  0.8030603
 0.8045246  0.8082746  0.805884   0.80434847 0.80167985 0.8001643
 0.80177194 0.80969566 0.80507475 0.803059   0.81076103 0.80303854
 0.8018272  0.8070461  0.79969823 0.8110946  0.7987389  0.80235934
 0.80716985 0.80744004 0.80738896 0.80656004 0.8073669  0.8153133
 0.8033056  0.80161846 0.8090553  0.80469    0.8018177  0.8084431
 0.8035207  0.80488384 0.805192   0.80940026 0.8054085  0.80728316
 0.804717   0.80364525 0.8017842  0.80363774 0.806257   0.81080407
 0.80861163 0.8050575  0.803229   0.8068522  0.8070415  0.80220634
 0.80909795 0.8001775  0.8040193  0.80802006 0.8069123  0.80269355
 0.8069692  0.81025726 0.80046815 0.80791354 0.803155   0.8117528
 0.8007887  0.80508506 0.8048955  0.8044672  0.804988   0.81461215
 0.80288315 0.80687696 0.80408794 0.80741733 0.8050712  0.80342895
 0.79833585 0.8047998  0.80644745 0.80606645 0.8013276  0.8061246
 0.80676883 0.80151135 0.80557984 0.8063593  0.7999309  0.802431
 0.80374527 0.8083027  0.80403453 0.80371624 0.80719656 0.80300653
 0.8033827  0.80984133]
[nltk_data] Downloading package wordnet to /mnt/iusers01/fse-
[nltk_data]     ugpgt01/compsci01/q12628ct/nltk_data...
[nltk_data]   Package wordnet is already up-to-date!
[nltk_data] Downloading package punkt_tab to /mnt/iusers01/fse-
[nltk_data]     ugpgt01/compsci01/q12628ct/nltk_data...
[nltk_data]   Package punkt_tab is already up-to-date!
[nltk_data] Downloading package omw-1.4 to /mnt/iusers01/fse-
[nltk_data]     ugpgt01/compsci01/q12628ct/nltk_data...
[nltk_data]   Package omw-1.4 is already up-to-date!
/mnt/iusers01/fse-ugpgt01/compsci01/q12628ct/.conda/envs/semantic-decoding/lib/python3.10/site-packages/huggingface_hub/file_download.py:945: FutureWarning: `resume_download` is deprecated and will be removed in version 1.0.0. Downloads always resume when possible. If you want to force a new download, use `force_download=True`.
  warnings.warn(
Some weights of the model checkpoint at roberta-large were not used when initializing RobertaModel: ['lm_head.layer_norm.bias', 'lm_head.layer_norm.weight', 'lm_head.dense.weight', 'lm_head.dense.bias', 'lm_head.bias']
- This IS expected if you are initializing RobertaModel from the checkpoint of a model trained on another task or with another architecture (e.g. initializing a BertForSequenceClassification model from a BertForPreTraining model).
- This IS NOT expected if you are initializing RobertaModel from the checkpoint of a model that you expect to be exactly identical (initializing a BertForSequenceClassification model from a BertForSequenceClassification model).
Some weights of RobertaModel were not initialized from the model checkpoint at roberta-large and are newly initialized: ['roberta.pooler.dense.bias', 'roberta.pooler.dense.weight']
You should probably TRAIN this model on a down-stream task to be able to use it for predictions and inference.
bravo_repeat-2
WER
[-0.07318121 -0.06726154 -0.09073011 -0.06176049 -0.08130353 -0.07717273
 -0.08801606 -0.07569935 -0.08495246 -0.07944333 -0.07997551 -0.08684724
 -0.08339506 -0.0843248  -0.10085206 -0.06214242 -0.07645805 -0.09248379
 -0.08342948 -0.07904417 -0.08199852 -0.07572553 -0.08992828 -0.0661611
 -0.06998146 -0.08035692 -0.07906335 -0.07390708 -0.0517292  -0.07682158
 -0.08380835 -0.10517644 -0.06010429 -0.07631997 -0.03190752 -0.06260102
 -0.09345014 -0.08334374 -0.08171916 -0.07034354 -0.06294158 -0.07092197
 -0.05748409 -0.08720347 -0.08654276 -0.06667493 -0.08061968 -0.05357298
 -0.0595156  -0.07727989 -0.05006535 -0.06980364 -0.05999573 -0.07523193
 -0.08794928 -0.05965793 -0.07441201 -0.08426067 -0.06450366 -0.08101754
 -0.09657168 -0.09017651 -0.06038295 -0.07860757 -0.05776987 -0.09095957
 -0.07598614 -0.09400026 -0.06262378 -0.08913315 -0.09065358 -0.08726861
 -0.10375812 -0.06850437 -0.07662938 -0.08524333 -0.08547934 -0.09599314
 -0.07820726 -0.08793557 -0.08085679 -0.07387396 -0.0622013  -0.08141857
 -0.09460532 -0.08992336 -0.06066843 -0.03704329 -0.08373111 -0.08290785
 -0.08501843 -0.08103527 -0.09000225 -0.07367993 -0.08351377 -0.09359734
 -0.07539507 -0.06890749 -0.06488159 -0.07262599 -0.07470182 -0.06584181
 -0.09273297 -0.04588041 -0.06071956 -0.09332487 -0.05621863 -0.07300583
 -0.07028585 -0.07024061 -0.06042943 -0.08184171 -0.06498339 -0.06959496
 -0.07080289 -0.09009799 -0.0970337  -0.06327441 -0.07510557 -0.0781528
 -0.07120367 -0.07524348 -0.09071732 -0.06306447 -0.05909502 -0.07007911
 -0.07773942 -0.08280284 -0.07428729 -0.06051407 -0.09500138 -0.06549692
 -0.07676245 -0.0657913  -0.0681867  -0.07303135 -0.08537874 -0.07992104
 -0.07677442 -0.07127353 -0.09377732 -0.08269056 -0.08684247 -0.05333548
 -0.09485716 -0.06860483 -0.0845433  -0.08075552 -0.07789111 -0.07112582
 -0.03561157 -0.0676102  -0.0703918  -0.07462584 -0.06224575 -0.08054738
 -0.08387271 -0.07816829 -0.07968565 -0.0763475  -0.07219128 -0.06405395
 -0.09727884 -0.09806143 -0.09219293 -0.06716909 -0.08508887 -0.06596557
 -0.07673278 -0.09608856 -0.09156625 -0.08407623 -0.09218216 -0.08599212
 -0.09190184 -0.08346184 -0.08060268 -0.10497701 -0.04992421 -0.07894283
 -0.06918623 -0.08018217 -0.05608084 -0.08403852 -0.07492988 -0.06875572
 -0.06418025 -0.07310106 -0.06740374 -0.07102932 -0.06639003 -0.08596299
 -0.08327846 -0.06767235 -0.08193416 -0.087847   -0.07980293 -0.08423907
 -0.10416641 -0.08200004]
bravo_repeat-2
BLEU
[0.25639564 0.22136806 0.19809901 0.25070746 0.22247595 0.2263068
 0.18149633 0.22974365 0.23486169 0.20961982 0.23701307 0.1965126
 0.1832435  0.22670516 0.13134448 0.24875699 0.22154346 0.21365385
 0.21268262 0.23356689 0.19984567 0.23435542 0.20654708 0.21720376
 0.2196671  0.21817471 0.22199345 0.25509295 0.20174511 0.19705194
 0.20113048 0.16166384 0.21784454 0.17920887 0.26256297 0.23967316
 0.18782866 0.16104952 0.17484658 0.19863278 0.26211846 0.24393126
 0.25390341 0.18584305 0.18899519 0.21901356 0.1836709  0.24854382
 0.22852414 0.17012272 0.23323267 0.21295737 0.2214758  0.20555597
 0.18887489 0.21692732 0.22297371 0.20145859 0.253149   0.25330899
 0.14020348 0.21264423 0.22413983 0.20923773 0.23678038 0.16443283
 0.23696593 0.19506466 0.25395868 0.22333757 0.16662631 0.22034701
 0.11599613 0.24145469 0.23689061 0.24208358 0.22279454 0.16853489
 0.15071683 0.17262647 0.21361593 0.21689747 0.20156538 0.23605971
 0.17779875 0.20316648 0.21268089 0.26747365 0.2433337  0.24126121
 0.17266198 0.23740193 0.22949914 0.21785699 0.185471   0.21676604
 0.19374381 0.20245967 0.22944597 0.24365766 0.24387305 0.21061168
 0.18154196 0.20494591 0.24964623 0.21826236 0.24024339 0.18297775
 0.22260696 0.24821617 0.20498028 0.21093336 0.23943791 0.21580914
 0.16992229 0.17818934 0.19222863 0.18513991 0.17840801 0.24192456
 0.20481787 0.16912166 0.21186817 0.23066826 0.20847687 0.22860314
 0.25586872 0.22543968 0.23024981 0.20199439 0.21999882 0.23859805
 0.22093623 0.25008542 0.24300788 0.23447159 0.17698383 0.19183151
 0.2131182  0.26637822 0.16220772 0.22851988 0.22074132 0.24426426
 0.16463112 0.22221568 0.18840051 0.25667001 0.1769912  0.21039593
 0.24972726 0.2575548  0.18733714 0.2081786  0.23059842 0.21574027
 0.20666797 0.22054123 0.23726092 0.22756154 0.24939858 0.24156129
 0.12589444 0.14913907 0.21985854 0.23617344 0.21393815 0.23225024
 0.18754869 0.16880142 0.23781797 0.24926519 0.13706399 0.17136984
 0.22032653 0.25855077 0.20964332 0.12143666 0.213563   0.27878111
 0.25683137 0.17057213 0.25234643 0.17396423 0.18857779 0.22082105
 0.24159636 0.23726304 0.23979426 0.24554013 0.22820968 0.1557747
 0.19007971 0.25317799 0.22797732 0.25004565 0.18418048 0.17843543
 0.16553722 0.19359896]
bravo_repeat-2
METEOR
[0.17306243 0.16189006 0.13603982 0.16737501 0.15856525 0.15877719
 0.12302509 0.16380463 0.17351472 0.13846153 0.16770024 0.15737287
 0.12151231 0.16793651 0.11647055 0.17264522 0.15169452 0.14228639
 0.15579022 0.16669246 0.15152735 0.15216235 0.14002791 0.15344578
 0.16040646 0.14359304 0.13562789 0.17462691 0.14129611 0.1387879
 0.14953874 0.10696765 0.15065886 0.12011031 0.16314751 0.19156286
 0.14510543 0.12874832 0.13413553 0.14371865 0.1830904  0.15982178
 0.16240367 0.14354777 0.14207496 0.14891257 0.13941223 0.17202256
 0.15322723 0.12746023 0.18255166 0.14979752 0.16842071 0.13516672
 0.13778091 0.15723679 0.15023284 0.1367933  0.18674841 0.175691
 0.10357142 0.15918919 0.15516669 0.13231598 0.16813379 0.10598519
 0.17476176 0.13632304 0.18904487 0.15492051 0.11676666 0.16596887
 0.08071069 0.16572657 0.14818418 0.15747144 0.14740487 0.13274738
 0.10709872 0.13002354 0.14624084 0.15815604 0.15042959 0.17436124
 0.11190687 0.14209572 0.1448719  0.19160898 0.17095679 0.15440955
 0.12570413 0.1676633  0.17143565 0.16478694 0.13977287 0.14378632
 0.14151654 0.13847828 0.16400901 0.15548056 0.16586556 0.14789999
 0.12529302 0.16215519 0.17002642 0.16033349 0.16818192 0.13292886
 0.17415486 0.17224811 0.13291812 0.16662103 0.16184537 0.16153713
 0.11268496 0.11789792 0.14658098 0.14237871 0.14839663 0.16085227
 0.14839411 0.12640044 0.14655554 0.14531472 0.14299675 0.1519505
 0.17530751 0.15129383 0.16089858 0.14046462 0.15022116 0.19071206
 0.15186914 0.18355505 0.18278759 0.16423177 0.11874286 0.14242224
 0.15169745 0.18037629 0.11108372 0.14856328 0.16271779 0.16985731
 0.11538913 0.17185549 0.15231207 0.18329377 0.11898326 0.1681421
 0.19620919 0.16704345 0.13081891 0.15840551 0.17302487 0.1627637
 0.14927915 0.15569921 0.1639306  0.15378161 0.18598498 0.17977758
 0.09738482 0.11166902 0.16494368 0.1797217  0.15179055 0.16715899
 0.14610533 0.13487458 0.15523367 0.17715029 0.10512795 0.13096671
 0.15151298 0.20178989 0.17332417 0.0959507  0.1817725  0.20156713
 0.17553564 0.13133839 0.16011608 0.13700108 0.15825901 0.16640046
 0.15481979 0.16520911 0.15888566 0.16578164 0.15555037 0.10241279
 0.12619132 0.16338028 0.16588361 0.18168503 0.13459662 0.12054723
 0.11527262 0.15214521]
bravo_repeat-2
BERT
[0.80748665 0.80380714 0.8054418  0.80335903 0.8057782  0.80430174
 0.80277604 0.8118382  0.8079454  0.80151635 0.81047934 0.80678105
 0.79925865 0.80854684 0.8041778  0.8114339  0.8017109  0.80484176
 0.80071187 0.8082721  0.8064796  0.8051032  0.80352604 0.80665076
 0.80825645 0.8026146  0.8056864  0.8052524  0.8056873  0.8032235
 0.8052878  0.8017081  0.8082201  0.80415726 0.80757457 0.79779834
 0.80392045 0.8036539  0.8030427  0.80578846 0.80344063 0.80600274
 0.8075139  0.8054656  0.80864084 0.80696416 0.80452037 0.8065982
 0.80232334 0.8117513  0.8095429  0.8053027  0.8024026  0.8046074
 0.80459183 0.81139046 0.80951786 0.799536   0.8091278  0.81091726
 0.79996586 0.7992348  0.8095179  0.80429393 0.80504906 0.8030736
 0.80523133 0.80313575 0.8082111  0.8047049  0.80021    0.80498886
 0.801245   0.80720687 0.8091585  0.8084475  0.7992063  0.79929894
 0.8001402  0.80465984 0.8084201  0.80477893 0.80354655 0.8080129
 0.80350226 0.803113   0.8070596  0.80730575 0.8063794  0.8043229
 0.80452085 0.80675876 0.81035894 0.80999935 0.8049429  0.80761963
 0.8018759  0.80465585 0.8036426  0.80315083 0.80355704 0.80732876
 0.80064994 0.8080086  0.80532    0.8079844  0.80716974 0.80270034
 0.8054647  0.8061169  0.8080249  0.8089261  0.8035934  0.8086123
 0.8014425  0.80138946 0.80148566 0.80505866 0.80968875 0.80219066
 0.80351204 0.8034794  0.80701613 0.8000998  0.80463654 0.8105054
 0.8058015  0.8075104  0.80487776 0.8093804  0.80700713 0.808476
 0.8084982  0.80787826 0.8041634  0.8066197  0.79967934 0.8053901
 0.8099939  0.80631906 0.80201787 0.8048558  0.8110325  0.8091387
 0.8038907  0.8096037  0.805507   0.8054632  0.8054965  0.80922985
 0.8121835  0.8034179  0.8035629  0.80223453 0.8084745  0.8044174
 0.81116605 0.8103505  0.80782264 0.80711335 0.8020471  0.81192833
 0.8012548  0.8034031  0.80103034 0.80920875 0.8067562  0.80954295
 0.8020734  0.8073098  0.8064248  0.81288135 0.80246454 0.80463296
 0.8040838  0.8054287  0.805885   0.7995814  0.8062104  0.80978
 0.8077428  0.80311036 0.8083826  0.8010151  0.8060644  0.807868
 0.8065194  0.8024672  0.8056528  0.8034001  0.8137318  0.79688627
 0.8033044  0.81243134 0.80495715 0.8029646  0.8015025  0.8010367
 0.7992104  0.80495024]
[nltk_data] Downloading package wordnet to /mnt/iusers01/fse-
[nltk_data]     ugpgt01/compsci01/q12628ct/nltk_data...
[nltk_data]   Package wordnet is already up-to-date!
[nltk_data] Downloading package punkt_tab to /mnt/iusers01/fse-
[nltk_data]     ugpgt01/compsci01/q12628ct/nltk_data...
[nltk_data]   Package punkt_tab is already up-to-date!
[nltk_data] Downloading package omw-1.4 to /mnt/iusers01/fse-
[nltk_data]     ugpgt01/compsci01/q12628ct/nltk_data...
[nltk_data]   Package omw-1.4 is already up-to-date!
/mnt/iusers01/fse-ugpgt01/compsci01/q12628ct/.conda/envs/semantic-decoding/lib/python3.10/site-packages/huggingface_hub/file_download.py:945: FutureWarning: `resume_download` is deprecated and will be removed in version 1.0.0. Downloads always resume when possible. If you want to force a new download, use `force_download=True`.
  warnings.warn(
Some weights of the model checkpoint at roberta-large were not used when initializing RobertaModel: ['lm_head.layer_norm.bias', 'lm_head.dense.bias', 'lm_head.dense.weight', 'lm_head.bias', 'lm_head.layer_norm.weight']
- This IS expected if you are initializing RobertaModel from the checkpoint of a model trained on another task or with another architecture (e.g. initializing a BertForSequenceClassification model from a BertForPreTraining model).
- This IS NOT expected if you are initializing RobertaModel from the checkpoint of a model that you expect to be exactly identical (initializing a BertForSequenceClassification model from a BertForSequenceClassification model).
Some weights of RobertaModel were not initialized from the model checkpoint at roberta-large and are newly initialized: ['roberta.pooler.dense.weight', 'roberta.pooler.dense.bias']
You should probably TRAIN this model on a down-stream task to be able to use it for predictions and inference.
charlie_repeat-1
WER
[-0.14773556 -0.16298398 -0.14083341 -0.12449642 -0.14538259 -0.14210716
 -0.16576787 -0.14938668 -0.13044377 -0.12631537 -0.12306013 -0.16504784
 -0.13813134 -0.14154764 -0.13156728 -0.14577074 -0.12993843 -0.14302814
 -0.13320216 -0.14309429 -0.12451182 -0.14804123 -0.14476397 -0.1553153
 -0.11286051 -0.14205114 -0.13666339 -0.12223135 -0.15246594 -0.15241066
 -0.12689505 -0.13094879 -0.1204001  -0.15551528 -0.13941933 -0.1460316
 -0.09737666 -0.12031292 -0.12223294 -0.13545831 -0.13145997 -0.14371954
 -0.12420504 -0.1442789  -0.13836588 -0.14003349 -0.14232386 -0.14061086
 -0.1430081  -0.15189208 -0.139888   -0.13944875 -0.15124151 -0.12749167
 -0.12275806 -0.13616057 -0.14551819 -0.15520149 -0.14917367 -0.15743235
 -0.16888773 -0.15323377 -0.15056862 -0.11622411 -0.13995528 -0.13099268
 -0.15926332 -0.14938178 -0.14980878 -0.15796085 -0.12938235 -0.16226183
 -0.13131608 -0.1377732  -0.13733161 -0.10758215 -0.14141426 -0.13189848
 -0.14269616 -0.14618141 -0.16077648 -0.13922371 -0.1422975  -0.13763765
 -0.14206074 -0.15696317 -0.14280442 -0.16166697 -0.15448797 -0.1473797
 -0.13490451 -0.13250009 -0.1377231  -0.14046302 -0.14399689 -0.13410939
 -0.16010036 -0.13328074 -0.13598267 -0.13213547 -0.13266931 -0.14225342
 -0.14790781 -0.14912668 -0.14525708 -0.14146193 -0.1469005  -0.14010402
 -0.14268613 -0.13134257 -0.15048382 -0.14692857 -0.12609005 -0.12541712
 -0.14484797 -0.14164932 -0.13168529 -0.14880588 -0.14883408 -0.13807602
 -0.13758471 -0.1383788  -0.1285749  -0.14235647 -0.13553039 -0.1318408
 -0.14482806 -0.14182286 -0.14768116 -0.12936593 -0.13246894 -0.1411774
 -0.13171681 -0.13883368 -0.15012344 -0.15941225 -0.13950216 -0.14090208
 -0.157413   -0.15479963 -0.13113448 -0.14845067 -0.15401531 -0.15668114
 -0.14605225 -0.14067912 -0.1414249  -0.13317098 -0.15330606 -0.14901872
 -0.14478506 -0.11685891 -0.13289427 -0.1531691  -0.15693854 -0.13588526
 -0.14503093 -0.14108241 -0.14001242 -0.13389855 -0.14058134 -0.11448672
 -0.13490487 -0.14826157 -0.15379138 -0.13966082 -0.1622521  -0.14486396
 -0.13707841 -0.14105664 -0.12322632 -0.13049546 -0.13898636 -0.13640482
 -0.14429875 -0.13899502 -0.13374199 -0.123324   -0.13699907 -0.13078041
 -0.1418288  -0.15101502 -0.1316445  -0.11810565 -0.133213   -0.12832379
 -0.14111024 -0.13397833 -0.14818808 -0.13101192 -0.13113851 -0.12699835
 -0.14268606 -0.139481   -0.13382186 -0.16489565 -0.14398992 -0.15033717
 -0.16070821 -0.15413066]
charlie_repeat-1
BLEU
[0.1568454  0.15894662 0.18196255 0.21477913 0.17395009 0.16889246
 0.13923875 0.17633939 0.20683492 0.19075293 0.16912785 0.18084914
 0.18792649 0.18889301 0.15763476 0.17163663 0.18304921 0.16601456
 0.22349337 0.19380936 0.18737283 0.19982628 0.18290841 0.18455355
 0.20476471 0.1789294  0.205704   0.18358294 0.15915977 0.16568592
 0.15594182 0.20295355 0.19368084 0.16602702 0.18988039 0.16836163
 0.23292602 0.1929327  0.20409703 0.21045662 0.17241686 0.19071886
 0.18325164 0.17389336 0.16140638 0.16408755 0.19323752 0.16626316
 0.1541875  0.12395972 0.19110893 0.18982498 0.18034065 0.20950974
 0.2246177  0.1844117  0.1511003  0.16226239 0.18076803 0.16432859
 0.14983049 0.18834564 0.1689411  0.20789442 0.18565404 0.19301881
 0.13893926 0.20461546 0.17564133 0.17000833 0.20212412 0.1390847
 0.19382325 0.18993023 0.16603959 0.21049317 0.16769415 0.20311882
 0.1588245  0.15459485 0.16408806 0.16831715 0.17188456 0.17142065
 0.1592282  0.16620688 0.15869721 0.13012698 0.15081809 0.16171136
 0.19511709 0.16816123 0.15960928 0.18103519 0.19596297 0.21375321
 0.14535182 0.20321978 0.19231453 0.18749685 0.18662278 0.16511574
 0.18207391 0.19231613 0.19778992 0.15183371 0.18310116 0.18222944
 0.16535277 0.18550887 0.17199977 0.16660164 0.21302301 0.20719982
 0.17769922 0.20276102 0.21750241 0.18876338 0.14686228 0.19442962
 0.17103569 0.17032225 0.18245896 0.17462777 0.22005843 0.18147281
 0.18707191 0.17919348 0.15666282 0.17342591 0.19624639 0.16148589
 0.19747891 0.18634003 0.16446338 0.15089491 0.16586718 0.18081373
 0.1958994  0.17654842 0.20658671 0.19071349 0.15669296 0.1442626
 0.17763181 0.21077187 0.13259383 0.18801508 0.18895115 0.13859377
 0.17908023 0.17808042 0.21754748 0.13880561 0.19079024 0.20512497
 0.1716322  0.16241843 0.16178126 0.17138451 0.17008178 0.19674323
 0.18593644 0.19921722 0.19283944 0.19061278 0.13848377 0.18896459
 0.19345931 0.19207004 0.19420454 0.20545423 0.16145248 0.16588819
 0.20831486 0.16990356 0.16750204 0.20633621 0.17874334 0.17960894
 0.15913883 0.18854448 0.21949805 0.2040531  0.18741162 0.18063497
 0.19158417 0.20295817 0.16366715 0.17008458 0.19958948 0.21835407
 0.17646898 0.18105678 0.16130602 0.16162254 0.16534111 0.17965214
 0.16342308 0.15161933]
charlie_repeat-1
METEOR
[0.14882782 0.11929487 0.13789105 0.15994375 0.13797931 0.12607845
 0.11289272 0.16501769 0.15154111 0.17192935 0.15097636 0.13364276
 0.14236337 0.15142095 0.14697169 0.13986125 0.14953508 0.15874295
 0.17188687 0.15488779 0.16262624 0.15806177 0.17257435 0.13176531
 0.1519392  0.1323179  0.18355139 0.14319517 0.12868419 0.12892341
 0.14064726 0.16787675 0.16065218 0.12555428 0.16453004 0.14543608
 0.16760551 0.17350048 0.16892276 0.18347754 0.15618799 0.14336245
 0.15786028 0.1515968  0.13392466 0.13484913 0.15133003 0.13786358
 0.14851469 0.10251336 0.15847771 0.15916049 0.13930076 0.15715225
 0.18216623 0.14732243 0.14181559 0.14283589 0.14023326 0.13352894
 0.12831234 0.153217   0.16251965 0.16923704 0.16171391 0.15730574
 0.12010035 0.14671676 0.1339898  0.12777016 0.17745292 0.11265509
 0.1568699  0.14303264 0.16199473 0.14723883 0.16206176 0.15774482
 0.14017863 0.10658886 0.11775998 0.14871524 0.15789536 0.15983722
 0.11576666 0.13609318 0.14170272 0.11529185 0.12226514 0.14478006
 0.14807082 0.15519184 0.11320582 0.17840594 0.16802255 0.20135043
 0.11099261 0.1754935  0.17063956 0.15645003 0.1512193  0.12951403
 0.134847   0.13674007 0.15892068 0.13298065 0.1351072  0.15707015
 0.13052952 0.16460194 0.13437733 0.13548357 0.17602229 0.15398884
 0.15035603 0.15740831 0.18123989 0.13953904 0.1026925  0.16174924
 0.15820748 0.14320644 0.12193416 0.1444225  0.18775583 0.14026167
 0.15833177 0.13948591 0.15236578 0.163299   0.16631906 0.12325994
 0.16738483 0.15423136 0.13131752 0.12964437 0.14600142 0.13998181
 0.14542245 0.12556991 0.16294928 0.15370515 0.14548882 0.12264283
 0.14416548 0.17330053 0.1260822  0.16037953 0.13462938 0.11730722
 0.13100561 0.14601206 0.17388723 0.13469007 0.15665946 0.18850804
 0.13473362 0.12799347 0.14038397 0.13391482 0.13967965 0.15235252
 0.14523153 0.16021896 0.14081336 0.1525271  0.11658738 0.16553764
 0.13061494 0.15012317 0.15671987 0.17010774 0.13539005 0.14030065
 0.16163973 0.15922272 0.16323847 0.14910995 0.15903048 0.15905524
 0.11552194 0.15285986 0.1659     0.16946907 0.15814196 0.14742348
 0.15228813 0.1640895  0.13100498 0.15157933 0.16534227 0.17594807
 0.16507036 0.1499865  0.13913978 0.12177257 0.12720918 0.15150907
 0.14200919 0.1231591 ]
charlie_repeat-1
BERT
[0.79247546 0.77898246 0.78557837 0.7894139  0.7871062  0.78581077
 0.78607225 0.79250085 0.78369194 0.78585017 0.7820798  0.7831026
 0.7846986  0.78407127 0.78251547 0.7805758  0.7848917  0.78087413
 0.7884672  0.7820963  0.7881778  0.7842771  0.78473    0.7813274
 0.7849088  0.7814386  0.78612274 0.7830807  0.7818708  0.7802849
 0.78576523 0.78891903 0.78770715 0.7805338  0.79561013 0.78772557
 0.7912173  0.7833277  0.78922504 0.7864443  0.78361994 0.78396356
 0.7809707  0.78746086 0.78378695 0.7827085  0.78404033 0.7804942
 0.7862068  0.7819506  0.784697   0.7848063  0.78035384 0.78311634
 0.7906302  0.7832738  0.7851622  0.7815307  0.7877715  0.7797665
 0.7848842  0.7838591  0.78800863 0.791134   0.78861755 0.78522986
 0.78117126 0.7880678  0.7833691  0.78140837 0.78766733 0.78698444
 0.7843535  0.7832925  0.78468907 0.78276795 0.7846451  0.7884616
 0.78290296 0.78795886 0.78012055 0.7823355  0.7824259  0.79021
 0.78225255 0.7854166  0.7832836  0.77888227 0.7831668  0.78237504
 0.7929513  0.7832558  0.7838151  0.78241515 0.78293675 0.78556687
 0.7878456  0.78792644 0.7858979  0.7806266  0.7844252  0.7823996
 0.78155136 0.7841825  0.7891988  0.78514385 0.78021276 0.7849214
 0.78052074 0.77764624 0.7861408  0.7850549  0.7839327  0.7836881
 0.7821275  0.7831083  0.78736895 0.7840435  0.7807496  0.7831419
 0.7795723  0.78338045 0.77624625 0.786235   0.78755057 0.78645426
 0.78421414 0.7864196  0.7858305  0.7880591  0.7865649  0.7795545
 0.78317124 0.78551894 0.78834987 0.7875238  0.78449816 0.78579366
 0.78844017 0.7842603  0.78788507 0.783011   0.78259873 0.7854712
 0.7828626  0.78235936 0.78141683 0.78636897 0.78074425 0.7781151
 0.7834927  0.7831771  0.78477234 0.7860662  0.7850858  0.7885203
 0.7810617  0.78446925 0.78908974 0.79225576 0.78528297 0.78333265
 0.7849136  0.78469515 0.7856872  0.78069437 0.77941304 0.78860444
 0.7850745  0.78982496 0.7858981  0.79005486 0.7878421  0.7797598
 0.78981596 0.7822098  0.7851843  0.78762186 0.7854196  0.7827384
 0.7806013  0.7844809  0.7932343  0.7928958  0.7867227  0.7815815
 0.7827702  0.7905361  0.7866846  0.7810178  0.7866359  0.7871571
 0.78860885 0.78232735 0.7898753  0.7783492  0.7825065  0.78468806
 0.7843464  0.7792591 ]
[nltk_data] Downloading package wordnet to /mnt/iusers01/fse-
[nltk_data]     ugpgt01/compsci01/q12628ct/nltk_data...
[nltk_data]   Package wordnet is already up-to-date!
[nltk_data] Downloading package punkt_tab to /mnt/iusers01/fse-
[nltk_data]     ugpgt01/compsci01/q12628ct/nltk_data...
[nltk_data]   Package punkt_tab is already up-to-date!
[nltk_data] Downloading package omw-1.4 to /mnt/iusers01/fse-
[nltk_data]     ugpgt01/compsci01/q12628ct/nltk_data...
[nltk_data]   Package omw-1.4 is already up-to-date!
/mnt/iusers01/fse-ugpgt01/compsci01/q12628ct/.conda/envs/semantic-decoding/lib/python3.10/site-packages/huggingface_hub/file_download.py:945: FutureWarning: `resume_download` is deprecated and will be removed in version 1.0.0. Downloads always resume when possible. If you want to force a new download, use `force_download=True`.
  warnings.warn(
Some weights of the model checkpoint at roberta-large were not used when initializing RobertaModel: ['lm_head.layer_norm.weight', 'lm_head.bias', 'lm_head.layer_norm.bias', 'lm_head.dense.weight', 'lm_head.dense.bias']
- This IS expected if you are initializing RobertaModel from the checkpoint of a model trained on another task or with another architecture (e.g. initializing a BertForSequenceClassification model from a BertForPreTraining model).
- This IS NOT expected if you are initializing RobertaModel from the checkpoint of a model that you expect to be exactly identical (initializing a BertForSequenceClassification model from a BertForSequenceClassification model).
Some weights of RobertaModel were not initialized from the model checkpoint at roberta-large and are newly initialized: ['roberta.pooler.dense.weight', 'roberta.pooler.dense.bias']
You should probably TRAIN this model on a down-stream task to be able to use it for predictions and inference.
charlie_repeat-2
WER
[-0.16343405 -0.16951382 -0.17306327 -0.17192853 -0.16952862 -0.17087388
 -0.16162507 -0.17050346 -0.16639699 -0.17246155 -0.17417794 -0.1775056
 -0.16800939 -0.17969328 -0.17669412 -0.17804052 -0.15785273 -0.14907419
 -0.15495941 -0.1666545  -0.17605615 -0.16244699 -0.17502974 -0.17438958
 -0.14206587 -0.18448855 -0.16038188 -0.16326265 -0.16835668 -0.15033262
 -0.15538499 -0.18656163 -0.18019714 -0.16980529 -0.18980219 -0.17869895
 -0.18862422 -0.18900321 -0.19129849 -0.17545969 -0.15836995 -0.19960778
 -0.15037574 -0.18279472 -0.17266277 -0.16611758 -0.17410042 -0.16554588
 -0.16490298 -0.15119407 -0.15715529 -0.18424468 -0.16575046 -0.17654199
 -0.16763137 -0.18196634 -0.17272288 -0.17023981 -0.19209409 -0.16571181
 -0.17676817 -0.18222494 -0.17568452 -0.17217788 -0.19410741 -0.16348518
 -0.16751815 -0.14661892 -0.17060118 -0.17670972 -0.16455695 -0.17286382
 -0.16970784 -0.14575991 -0.17065119 -0.18794073 -0.16743381 -0.18340316
 -0.17810502 -0.18103867 -0.15592104 -0.14692712 -0.16453386 -0.17204376
 -0.18774128 -0.17441334 -0.17403932 -0.15237464 -0.16015224 -0.18025163
 -0.16629492 -0.13982792 -0.15393732 -0.16442099 -0.16797098 -0.17989412
 -0.15740838 -0.15685041 -0.17582957 -0.1735465  -0.17360854 -0.16323611
 -0.17574473 -0.16896568 -0.14808762 -0.16604769 -0.16530463 -0.16855927
 -0.16565196 -0.16493938 -0.13371599 -0.15873253 -0.16634446 -0.1604421
 -0.17006067 -0.1569421  -0.17248945 -0.15783681 -0.15595102 -0.17922332
 -0.17141443 -0.15462854 -0.18622718 -0.17651415 -0.17177593 -0.15536959
 -0.16060525 -0.15665374 -0.16296186 -0.18422063 -0.17979132 -0.17604494
 -0.16956548 -0.17529406 -0.18023992 -0.15552124 -0.16846368 -0.1807007
 -0.1637578  -0.16205535 -0.17979389 -0.18008375 -0.17581991 -0.17222367
 -0.15157163 -0.15701748 -0.17165768 -0.1671295  -0.16814553 -0.15794493
 -0.17920187 -0.19419134 -0.17645151 -0.17281893 -0.18724421 -0.16240616
 -0.17863965 -0.16045741 -0.17515264 -0.16580609 -0.15395086 -0.17842176
 -0.17071191 -0.1574521  -0.16778506 -0.1596332  -0.16146738 -0.16469227
 -0.17167957 -0.18006471 -0.16211457 -0.15600553 -0.18422303 -0.16512104
 -0.20026817 -0.15308345 -0.17292693 -0.16867163 -0.19239591 -0.17829107
 -0.14677899 -0.17148371 -0.14989125 -0.15186461 -0.18817433 -0.17740438
 -0.15612556 -0.16165479 -0.18186949 -0.17537995 -0.18082056 -0.16089332
 -0.16348174 -0.17303524 -0.15170064 -0.18284893 -0.19557165 -0.17214677
 -0.17361029 -0.17523162]
charlie_repeat-2
BLEU
[0.19304082 0.20356237 0.19951019 0.16856411 0.18675654 0.1831682
 0.19341383 0.16766019 0.18999626 0.17418806 0.15290798 0.18733093
 0.17937985 0.1398095  0.17600786 0.20247762 0.19941804 0.19184468
 0.18733379 0.18639286 0.18773081 0.19690493 0.17732752 0.20169437
 0.14760711 0.17413126 0.17556863 0.19628711 0.18440622 0.22757015
 0.19791975 0.12785258 0.15931683 0.17815016 0.16018319 0.1468377
 0.16592174 0.1892441  0.13873462 0.16798085 0.20801967 0.12990083
 0.20795299 0.17338846 0.17926415 0.16203911 0.16099706 0.1839986
 0.17761291 0.24538519 0.18257054 0.13696617 0.16454951 0.16706674
 0.19571218 0.1831569  0.18001339 0.20563591 0.17736715 0.19459044
 0.20186773 0.14808113 0.17653634 0.19463623 0.15937009 0.19595636
 0.1547225  0.233052   0.20081248 0.204316   0.17540334 0.17788829
 0.17555394 0.22008666 0.17990914 0.14486225 0.18302766 0.14867838
 0.14710933 0.14745055 0.21032634 0.1871019  0.20520235 0.18957376
 0.17928473 0.15165552 0.18830577 0.18234167 0.21390177 0.17289293
 0.19524108 0.20612744 0.20827375 0.19169114 0.16710157 0.20666347
 0.1976404  0.16083506 0.16557838 0.21057491 0.18390743 0.19505324
 0.18671126 0.19180139 0.20443165 0.19025376 0.20133552 0.19417
 0.1953572  0.17653981 0.22167279 0.17811553 0.18680893 0.21165773
 0.20328497 0.19939113 0.1856413  0.20683557 0.17097255 0.15362586
 0.20233288 0.20015114 0.15331794 0.20378    0.17817302 0.21491525
 0.19158635 0.18685535 0.19156278 0.16307767 0.17361979 0.16871094
 0.17363684 0.19571128 0.14991678 0.19267275 0.17976649 0.17949983
 0.19000239 0.21061871 0.14368438 0.16009453 0.18329114 0.15472761
 0.18243212 0.18764109 0.15712697 0.20775198 0.15471175 0.19396593
 0.18077709 0.16261623 0.18098543 0.19887951 0.14962331 0.19836934
 0.18042246 0.18021465 0.17008991 0.18899782 0.21703636 0.18045207
 0.1723543  0.22318921 0.2037887  0.16067712 0.19929438 0.19790214
 0.15035897 0.17102917 0.19629067 0.18279903 0.12706507 0.20973129
 0.12808314 0.18974399 0.19819506 0.17992652 0.14979568 0.17313664
 0.2096151  0.17001846 0.21852466 0.1989116  0.13707487 0.16050037
 0.17083372 0.20697082 0.16754843 0.15564708 0.19389989 0.19537343
 0.1588324  0.17507249 0.21639087 0.16100001 0.16316405 0.18146704
 0.15490068 0.1673425 ]
charlie_repeat-2
METEOR
[0.16337164 0.15356361 0.16543199 0.13980722 0.13614514 0.15189439
 0.18316392 0.13570881 0.15295008 0.13343949 0.13277958 0.14668909
 0.14532908 0.1315675  0.18159232 0.17438848 0.19720635 0.16229048
 0.17401728 0.16457229 0.14132441 0.15254319 0.14025457 0.14360903
 0.13346818 0.14348756 0.16124308 0.15355377 0.1691646  0.19960344
 0.16275174 0.12067436 0.13922512 0.15079231 0.12801322 0.12523143
 0.14570794 0.14932184 0.10938977 0.14141461 0.17869754 0.10674287
 0.16834222 0.15678918 0.1456658  0.14402248 0.14963962 0.15574356
 0.14367265 0.18718453 0.17164121 0.14035154 0.15238777 0.13693004
 0.1650961  0.15008089 0.13993148 0.1689596  0.13915278 0.14700184
 0.15995681 0.1199976  0.14424877 0.17449245 0.12995404 0.1619853
 0.13968851 0.17381987 0.15168666 0.14677565 0.14158966 0.15891014
 0.14327831 0.17420787 0.13891327 0.14178209 0.14524679 0.12341149
 0.10873953 0.15466672 0.18875316 0.13435776 0.169302   0.16807309
 0.14652265 0.12899911 0.16877725 0.15564619 0.18395725 0.14481481
 0.1664534  0.16813857 0.16796939 0.15935421 0.15423002 0.17805534
 0.15526089 0.14516053 0.13447689 0.16556653 0.14427561 0.18033555
 0.18142264 0.1701507  0.17472326 0.15660147 0.15182724 0.1498933
 0.15670075 0.15256417 0.1893671  0.15035074 0.15759829 0.16949154
 0.1476464  0.17830177 0.17016775 0.16313866 0.14663242 0.14331124
 0.16185011 0.16517348 0.13134219 0.16576383 0.15568729 0.19370918
 0.15211419 0.15769105 0.14025043 0.15161843 0.15521393 0.14050129
 0.1348492  0.14695354 0.15140886 0.14949806 0.15656713 0.14614057
 0.16028078 0.1816252  0.12789123 0.14083043 0.13790442 0.14585403
 0.13986854 0.17014105 0.14354782 0.15948799 0.14531499 0.1603471
 0.17479305 0.13061301 0.15338225 0.17201901 0.11546163 0.17433628
 0.16222515 0.14505329 0.15681411 0.17886861 0.19207378 0.14657071
 0.13857441 0.19009249 0.1638884  0.16815413 0.14709014 0.16631525
 0.12791139 0.13270938 0.15080606 0.13833731 0.13684068 0.16694883
 0.11712001 0.17028582 0.1555124  0.14421374 0.12317993 0.14192566
 0.16706212 0.16989648 0.16704699 0.15173338 0.12047925 0.1532466
 0.13093059 0.1663014  0.13995572 0.12385371 0.14780913 0.16227812
 0.14545397 0.14063055 0.16583632 0.14063546 0.14405118 0.14599057
 0.1390201  0.14584596]
charlie_repeat-2
BERT
[0.78470516 0.7846794  0.7816219  0.78884435 0.7811825  0.7823972
 0.7920709  0.78273344 0.78145105 0.7841553  0.7818255  0.7933436
 0.78077793 0.7830131  0.78594345 0.78836256 0.7889708  0.7861662
 0.78329754 0.782686   0.785078   0.7795107  0.7842545  0.785949
 0.7796813  0.78349847 0.78302103 0.7846505  0.78106326 0.7887494
 0.786674   0.77878964 0.7810795  0.7821096  0.78136516 0.7869764
 0.78543305 0.7841434  0.7818649  0.78203183 0.7838156  0.7803264
 0.786642   0.78601867 0.7862287  0.7814826  0.7850617  0.78322846
 0.78777695 0.7884062  0.78559566 0.78168535 0.7874313  0.78453994
 0.7877391  0.7846434  0.7800961  0.7852181  0.7815043  0.7817605
 0.78757364 0.77999765 0.7864488  0.78651446 0.77864254 0.7839332
 0.7821884  0.78447884 0.78496665 0.78323567 0.7826191  0.7865778
 0.7842084  0.7837019  0.78368133 0.78831965 0.7797211  0.77849257
 0.7789685  0.7859431  0.7883246  0.7800448  0.7849883  0.7828721
 0.7893307  0.7915913  0.79026425 0.7849561  0.78945476 0.78100705
 0.7840685  0.78892505 0.78221315 0.78353304 0.7894975  0.78574026
 0.7880408  0.7897213  0.7818278  0.78838485 0.7845154  0.79467106
 0.79253805 0.7855898  0.7825241  0.78573155 0.78517985 0.7822775
 0.78929704 0.780712   0.7839173  0.7831392  0.7861963  0.7862892
 0.7874299  0.7852327  0.7822909  0.78507495 0.78163713 0.78774714
 0.7859384  0.79179764 0.7799995  0.78560954 0.7903411  0.7838583
 0.7827474  0.7841766  0.78172994 0.78809273 0.7827067  0.78310084
 0.79169464 0.78161716 0.78452396 0.7808473  0.7856533  0.78770924
 0.78588533 0.78439015 0.7865114  0.7866019  0.78274655 0.7788015
 0.78542626 0.7837038  0.78277403 0.77957416 0.78078926 0.7827253
 0.78428036 0.783368   0.78581107 0.7835849  0.7844568  0.78588
 0.7813932  0.78268    0.78322583 0.7842688  0.78911936 0.78753066
 0.7810052  0.7901226  0.78609204 0.7829441  0.786265   0.7831837
 0.7821868  0.78472316 0.7835241  0.78310114 0.78106046 0.7872294
 0.7809251  0.7892685  0.784622   0.7815661  0.7821055  0.78185254
 0.78876996 0.7885807  0.78458506 0.78907    0.78226185 0.7891415
 0.7849171  0.78256905 0.77733123 0.78373367 0.7849069  0.79208195
 0.7818799  0.7857177  0.7889839  0.7905131  0.7821843  0.780733
 0.78238964 0.78417355]
[nltk_data] Downloading package wordnet to /mnt/iusers01/fse-
[nltk_data]     ugpgt01/compsci01/q12628ct/nltk_data...
[nltk_data]   Package wordnet is already up-to-date!
[nltk_data] Downloading package punkt_tab to /mnt/iusers01/fse-
[nltk_data]     ugpgt01/compsci01/q12628ct/nltk_data...
[nltk_data]   Package punkt_tab is already up-to-date!
[nltk_data] Downloading package omw-1.4 to /mnt/iusers01/fse-
[nltk_data]     ugpgt01/compsci01/q12628ct/nltk_data...
[nltk_data]   Package omw-1.4 is already up-to-date!
/mnt/iusers01/fse-ugpgt01/compsci01/q12628ct/.conda/envs/semantic-decoding/lib/python3.10/site-packages/huggingface_hub/file_download.py:945: FutureWarning: `resume_download` is deprecated and will be removed in version 1.0.0. Downloads always resume when possible. If you want to force a new download, use `force_download=True`.
  warnings.warn(
Some weights of the model checkpoint at roberta-large were not used when initializing RobertaModel: ['lm_head.dense.bias', 'lm_head.layer_norm.weight', 'lm_head.bias', 'lm_head.layer_norm.bias', 'lm_head.dense.weight']
- This IS expected if you are initializing RobertaModel from the checkpoint of a model trained on another task or with another architecture (e.g. initializing a BertForSequenceClassification model from a BertForPreTraining model).
- This IS NOT expected if you are initializing RobertaModel from the checkpoint of a model that you expect to be exactly identical (initializing a BertForSequenceClassification model from a BertForSequenceClassification model).
Some weights of RobertaModel were not initialized from the model checkpoint at roberta-large and are newly initialized: ['roberta.pooler.dense.bias', 'roberta.pooler.dense.weight']
You should probably TRAIN this model on a down-stream task to be able to use it for predictions and inference.
delta_repeat-1
WER
[-0.24576841 -0.21741244 -0.2320527  -0.22418444 -0.235711   -0.23819922
 -0.21621023 -0.24132501 -0.24647415 -0.21988497 -0.23412746 -0.24271212
 -0.24593725 -0.23334396 -0.20722919 -0.22955888 -0.22881855 -0.22337723
 -0.21117822 -0.22167958 -0.24628475 -0.19978728 -0.23572026 -0.23366811
 -0.22891989 -0.20692434 -0.24405589 -0.23270331 -0.21410748 -0.23375058
 -0.23429836 -0.21343749 -0.21329577 -0.25016603 -0.24158907 -0.24263192
 -0.2079287  -0.23991358 -0.23830816 -0.23894659 -0.22885877 -0.22734931
 -0.23274915 -0.23276472 -0.23717909 -0.22015322 -0.2215093  -0.21486777
 -0.25801254 -0.23267086 -0.23419156 -0.20423379 -0.21423933 -0.21787567
 -0.24051749 -0.2346693  -0.22486484 -0.23151747 -0.22729472 -0.24236763
 -0.21312158 -0.20345451 -0.27801745 -0.23610033 -0.23327263 -0.21135276
 -0.26047481 -0.225718   -0.22959769 -0.23110213 -0.22713329 -0.21946928
 -0.23197192 -0.24221658 -0.19434002 -0.2494754  -0.24295767 -0.22917529
 -0.22790261 -0.22095732 -0.21361727 -0.21431679 -0.22957655 -0.22198323
 -0.23124689 -0.25898505 -0.23580189 -0.22027818 -0.2406166  -0.23913513
 -0.23420747 -0.2200851  -0.2350073  -0.23819293 -0.21525371 -0.22742752
 -0.24255464 -0.24230574 -0.21484678 -0.22419485 -0.21890419 -0.21991958
 -0.25865615 -0.21700389 -0.21757033 -0.2293284  -0.24230101 -0.19838959
 -0.25351716 -0.20833631 -0.22477748 -0.23765034 -0.1938342  -0.22446143
 -0.21853008 -0.2483482  -0.22359829 -0.234491   -0.18037743 -0.21745976
 -0.2130231  -0.25488964 -0.22352046 -0.21564754 -0.19209713 -0.24562668
 -0.22117933 -0.2173083  -0.24262956 -0.2358496  -0.2352922  -0.23771805
 -0.21481381 -0.25046256 -0.260182   -0.24412659 -0.24559558 -0.23465667
 -0.22433167 -0.23372139 -0.24395931 -0.23942271 -0.23402891 -0.23410225
 -0.23268685 -0.2385299  -0.23011893 -0.23475249 -0.21785105 -0.23070687
 -0.24559009 -0.23298581 -0.23057063 -0.23397075 -0.21218024 -0.23352922
 -0.22216826 -0.24522946 -0.23780765 -0.23712051 -0.2302083  -0.2339806
 -0.19213362 -0.22417619 -0.2515681  -0.21077695 -0.21988459 -0.22026325
 -0.22113627 -0.21247516 -0.22168943 -0.23208015 -0.23840663 -0.21074066
 -0.20054389 -0.22222394 -0.2488532  -0.25239237 -0.24552075 -0.25737702
 -0.24611652 -0.23876012 -0.21717971 -0.24844602 -0.21299348 -0.2326584
 -0.18565637 -0.21498935 -0.24802606 -0.24094659 -0.23974822 -0.21763485
 -0.21554709 -0.2389859  -0.22994138 -0.25619628 -0.22152604 -0.22865109
 -0.23700969 -0.2130789 ]
delta_repeat-1
BLEU
[0.18717761 0.19699838 0.20825337 0.21440755 0.181871   0.16002715
 0.16741391 0.15175876 0.17965674 0.16108591 0.17750065 0.16645118
 0.17618117 0.16644705 0.20011777 0.19544334 0.18316908 0.19259505
 0.20127196 0.16484195 0.17432223 0.19656657 0.17076415 0.1861737
 0.22036569 0.19802769 0.12722391 0.19403587 0.20579003 0.21062168
 0.19822078 0.19530132 0.1821532  0.16224701 0.19295981 0.18333555
 0.18126602 0.15161954 0.1623777  0.19394996 0.16912477 0.18245118
 0.18586242 0.20333246 0.15847282 0.20889929 0.20906713 0.171822
 0.14314816 0.21071844 0.17335001 0.19555764 0.20813394 0.21704735
 0.15112987 0.17155613 0.16937355 0.15437195 0.20158568 0.1866483
 0.19469527 0.20167522 0.13834346 0.18000944 0.15814616 0.16972209
 0.16985035 0.22056286 0.19990472 0.16081768 0.19890474 0.20169807
 0.16839555 0.1663828  0.22220884 0.14064117 0.19783277 0.17679419
 0.17340661 0.15605074 0.18688247 0.20050467 0.17936541 0.19354089
 0.16996979 0.12582046 0.14723121 0.20114459 0.20941304 0.19929149
 0.16578175 0.19064499 0.21093784 0.15128767 0.19506825 0.22718952
 0.1833238  0.18373288 0.18230892 0.1976431  0.22378509 0.18432522
 0.12507897 0.17955018 0.20609993 0.18844913 0.18423714 0.19703769
 0.14864831 0.16572367 0.17969359 0.18495013 0.26057085 0.16721982
 0.17663274 0.14402445 0.1406609  0.16281695 0.2222724  0.20108626
 0.21580705 0.13273988 0.16832367 0.16171004 0.17812596 0.19073492
 0.16629593 0.22397338 0.17396967 0.16245802 0.16573975 0.17379865
 0.21627002 0.13526842 0.15137083 0.17166534 0.18831638 0.2013991
 0.20693845 0.18294694 0.15036015 0.1950225  0.18140133 0.16005155
 0.17381223 0.17351112 0.16404825 0.19583459 0.18389275 0.21653054
 0.14015635 0.20319343 0.15894665 0.197212   0.19828543 0.20079733
 0.17957773 0.18906364 0.17779186 0.20858594 0.19077021 0.16778632
 0.22887542 0.17692488 0.14988174 0.18404315 0.1994589  0.14243543
 0.16844934 0.2042867  0.19035942 0.17790462 0.1843832  0.18363772
 0.16654305 0.2162417  0.16883412 0.17631777 0.1785799  0.14161392
 0.18661292 0.12789848 0.21932131 0.1899435  0.16148771 0.19688694
 0.25182215 0.18955492 0.15620924 0.15991358 0.14484043 0.20876857
 0.19229073 0.15990336 0.15974742 0.14864479 0.19532453 0.16077324
 0.1654327  0.19435828]
delta_repeat-1
METEOR
[0.16106657 0.16784688 0.15757887 0.16847165 0.15389371 0.14794906
 0.13370999 0.13806577 0.14544546 0.1482935  0.17449538 0.1432667
 0.15546016 0.14229879 0.16497515 0.17136889 0.15944109 0.14967515
 0.16712837 0.14573166 0.16341342 0.16305754 0.16470147 0.17003309
 0.20728905 0.16362972 0.12330585 0.1537606  0.1636707  0.19271933
 0.17499464 0.17414314 0.16175458 0.13938261 0.16630409 0.15632796
 0.16427811 0.14240126 0.1520437  0.15002972 0.15993491 0.14928895
 0.16676492 0.16692526 0.13630084 0.18913378 0.16939746 0.1632237
 0.12991429 0.19503246 0.1514719  0.17224856 0.18121244 0.18014503
 0.13192383 0.15210788 0.12803864 0.13645106 0.17058091 0.16123596
 0.18622505 0.1891727  0.12320586 0.14138789 0.15163401 0.14365358
 0.13401813 0.18754194 0.15982974 0.13555407 0.16986181 0.18619799
 0.14925305 0.13100169 0.18321909 0.13552879 0.15466408 0.15410926
 0.14947308 0.13976774 0.16551005 0.18731962 0.14475768 0.1585423
 0.14379965 0.12379026 0.1306835  0.18715262 0.18767514 0.16920463
 0.15452015 0.15439621 0.17471887 0.14698339 0.17114585 0.20207371
 0.1752096  0.15248435 0.16380422 0.17123347 0.16003696 0.15767492
 0.11330147 0.16606525 0.16410874 0.16937194 0.15805112 0.17602612
 0.11538877 0.15932105 0.15007458 0.15106597 0.22886218 0.15312965
 0.16954728 0.12166111 0.12004139 0.14638198 0.16241063 0.16441648
 0.18901416 0.13901248 0.13543368 0.14114549 0.16384503 0.16328155
 0.1471356  0.20033941 0.15377797 0.14184814 0.14723491 0.15157755
 0.17209841 0.12546058 0.12437867 0.14047135 0.14866987 0.18047758
 0.17763816 0.14523061 0.15070155 0.18541931 0.16076419 0.14449585
 0.15942717 0.1404612  0.1395707  0.16832472 0.16030832 0.17304387
 0.13494359 0.16303809 0.14753768 0.18416605 0.18485025 0.18535248
 0.15477633 0.16763797 0.14702153 0.16265011 0.15845479 0.16481201
 0.19701623 0.14904928 0.13173793 0.18128848 0.18391355 0.1227977
 0.16325528 0.16830981 0.16643072 0.14224723 0.16074937 0.14490483
 0.16543412 0.17450985 0.15151957 0.14638798 0.16111821 0.11950322
 0.15370366 0.12700612 0.19629154 0.14343712 0.15093293 0.17028516
 0.22057978 0.14531942 0.13520455 0.14032854 0.12571359 0.19850441
 0.18734546 0.16258527 0.15000503 0.14470432 0.17159016 0.13505994
 0.13033671 0.16566101]
delta_repeat-1
BERT
[0.8013815  0.79819816 0.8086962  0.80536234 0.80294967 0.7993471
 0.7984421  0.80046165 0.80819565 0.8003931  0.7973829  0.7963778
 0.80436724 0.7957686  0.80313194 0.80210924 0.8022446  0.8003393
 0.8039348  0.7958998  0.79729015 0.8062223  0.8033883  0.8085142
 0.80334026 0.8020454  0.79498476 0.80219364 0.8029291  0.80223054
 0.79964846 0.8037555  0.80318    0.79435664 0.80165696 0.7998246
 0.80052215 0.79178554 0.8072737  0.79955405 0.7969349  0.80323
 0.80324006 0.79942816 0.7920965  0.8068518  0.8096957  0.7974643
 0.7936645  0.8030507  0.79478806 0.80508983 0.81541777 0.8034985
 0.8014278  0.79615605 0.79620564 0.7963816  0.81199116 0.79772586
 0.80392206 0.8067353  0.7953302  0.80059314 0.7992935  0.79700136
 0.79981965 0.803869   0.7950048  0.79630893 0.7942502  0.8051421
 0.7973898  0.800049   0.814051   0.79347473 0.8061054  0.7940088
 0.80763    0.793675   0.80165046 0.8038654  0.7986639  0.80163026
 0.79564214 0.7931498  0.7968558  0.80806    0.80908483 0.8024772
 0.7921635  0.80027354 0.80679256 0.7977099  0.80677146 0.805407
 0.80958545 0.80360895 0.8006843  0.7965191  0.8064414  0.8000747
 0.7963106  0.7991514  0.80258214 0.8044503  0.80395025 0.81214917
 0.7971128  0.79802126 0.79989976 0.8032476  0.80782354 0.8036083
 0.8026266  0.80035836 0.79671645 0.7936445  0.8114523  0.8026349
 0.8104315  0.79486895 0.7921635  0.7919814  0.79615134 0.80375355
 0.7985866  0.8140889  0.8032476  0.7965051  0.79840386 0.80066717
 0.8044415  0.7940329  0.7959832  0.80115443 0.7948721  0.80859494
 0.796454   0.798169   0.8019185  0.79939866 0.7967224  0.80119693
 0.79987    0.7988431  0.80101997 0.80409735 0.80592114 0.8125308
 0.7951688  0.8008597  0.7951939  0.80938625 0.80037254 0.8088338
 0.7984493  0.80373216 0.7914306  0.7996665  0.8053745  0.7921481
 0.8063182  0.8004925  0.7920194  0.8074099  0.799065   0.80257636
 0.79809624 0.8033794  0.8064535  0.807474   0.8003867  0.80661297
 0.7975859  0.8012153  0.79223233 0.7936209  0.7982838  0.79533756
 0.8062741  0.79433686 0.8055264  0.8031193  0.8035734  0.80358887
 0.8071141  0.79932255 0.79591584 0.79643846 0.79297256 0.80624634
 0.7976777  0.79580957 0.80471855 0.79810864 0.8023914  0.79883164
 0.79265213 0.7981306 ]
[nltk_data] Downloading package wordnet to /mnt/iusers01/fse-
[nltk_data]     ugpgt01/compsci01/q12628ct/nltk_data...
[nltk_data]   Package wordnet is already up-to-date!
[nltk_data] Downloading package punkt_tab to /mnt/iusers01/fse-
[nltk_data]     ugpgt01/compsci01/q12628ct/nltk_data...
[nltk_data]   Package punkt_tab is already up-to-date!
[nltk_data] Downloading package omw-1.4 to /mnt/iusers01/fse-
[nltk_data]     ugpgt01/compsci01/q12628ct/nltk_data...
[nltk_data]   Package omw-1.4 is already up-to-date!
/mnt/iusers01/fse-ugpgt01/compsci01/q12628ct/.conda/envs/semantic-decoding/lib/python3.10/site-packages/huggingface_hub/file_download.py:945: FutureWarning: `resume_download` is deprecated and will be removed in version 1.0.0. Downloads always resume when possible. If you want to force a new download, use `force_download=True`.
  warnings.warn(
Some weights of the model checkpoint at roberta-large were not used when initializing RobertaModel: ['lm_head.layer_norm.bias', 'lm_head.layer_norm.weight', 'lm_head.dense.weight', 'lm_head.dense.bias', 'lm_head.bias']
- This IS expected if you are initializing RobertaModel from the checkpoint of a model trained on another task or with another architecture (e.g. initializing a BertForSequenceClassification model from a BertForPreTraining model).
- This IS NOT expected if you are initializing RobertaModel from the checkpoint of a model that you expect to be exactly identical (initializing a BertForSequenceClassification model from a BertForSequenceClassification model).
Some weights of RobertaModel were not initialized from the model checkpoint at roberta-large and are newly initialized: ['roberta.pooler.dense.weight', 'roberta.pooler.dense.bias']
You should probably TRAIN this model on a down-stream task to be able to use it for predictions and inference.
delta_repeat-2
WER
[-0.27169665 -0.26433648 -0.26781559 -0.24594259 -0.261632   -0.24818909
 -0.27853605 -0.28224124 -0.27120593 -0.24749369 -0.27535254 -0.26574115
 -0.24658869 -0.27552248 -0.27048491 -0.25828932 -0.27360705 -0.23712025
 -0.27205367 -0.26017014 -0.27460245 -0.28053103 -0.27320501 -0.28370592
 -0.27477379 -0.25113594 -0.25735279 -0.27722151 -0.29281442 -0.28163162
 -0.26237333 -0.27833704 -0.27929959 -0.24123578 -0.27125267 -0.26071291
 -0.27766492 -0.26956204 -0.28097697 -0.2831887  -0.24668188 -0.27483173
 -0.25680061 -0.26643146 -0.2612699  -0.28145403 -0.2564708  -0.27274089
 -0.28092234 -0.25797325 -0.26269376 -0.27534391 -0.26898361 -0.24864638
 -0.260733   -0.29091148 -0.26079288 -0.27724492 -0.25972537 -0.27437465
 -0.27813307 -0.29098369 -0.26409297 -0.27687724 -0.26121237 -0.3003678
 -0.26389539 -0.28856478 -0.28323419 -0.25831723 -0.26207841 -0.28366412
 -0.30347956 -0.25382953 -0.27358818 -0.27874907 -0.24507608 -0.29616306
 -0.25376531 -0.27218785 -0.26573108 -0.25895606 -0.27964638 -0.26071201
 -0.28611894 -0.24823946 -0.26539724 -0.27166388 -0.25630793 -0.28695659
 -0.29462189 -0.25847762 -0.29011156 -0.23756157 -0.25221924 -0.26437303
 -0.26845921 -0.23933847 -0.30858295 -0.29098515 -0.2573598  -0.27377322
 -0.2801567  -0.26611486 -0.2451688  -0.30019892 -0.27540339 -0.29317509
 -0.29127357 -0.28849701 -0.25378244 -0.24625022 -0.26095221 -0.29113147
 -0.25797334 -0.24522021 -0.27520328 -0.27225778 -0.2868861  -0.28733297
 -0.28976217 -0.25870244 -0.26126546 -0.26625363 -0.27835602 -0.23980218
 -0.24427586 -0.28220386 -0.2711793  -0.29754651 -0.27736953 -0.28163762
 -0.26682858 -0.27227152 -0.25982112 -0.28753155 -0.26664545 -0.27212295
 -0.31191514 -0.27018635 -0.27652044 -0.28245262 -0.24552036 -0.29123234
 -0.29397683 -0.24967188 -0.25389591 -0.25522133 -0.26621103 -0.28637976
 -0.26707191 -0.29968754 -0.25773159 -0.26160236 -0.27627751 -0.26630032
 -0.28572587 -0.26748591 -0.26169149 -0.27288937 -0.27911444 -0.26580619
 -0.2781096  -0.29519136 -0.28829906 -0.27590688 -0.2651145  -0.27328881
 -0.24920293 -0.29127722 -0.27856023 -0.28318182 -0.25145875 -0.28681511
 -0.28173864 -0.28478998 -0.28937654 -0.26942772 -0.2987272  -0.30232847
 -0.27800685 -0.25397165 -0.27627    -0.2705887  -0.24462077 -0.27312499
 -0.30258451 -0.25683255 -0.29571745 -0.28154353 -0.2605714  -0.29121676
 -0.30614522 -0.28043707 -0.28727592 -0.26684441 -0.27246483 -0.2719145
 -0.23741442 -0.28621843]
delta_repeat-2
BLEU
[0.16037277 0.14836175 0.16219271 0.2112088  0.20040835 0.18602974
 0.1411651  0.12726663 0.19866777 0.20094073 0.16120615 0.14222914
 0.1838876  0.16020025 0.1636199  0.18209503 0.15547859 0.2252279
 0.21581799 0.19307124 0.15105088 0.16830827 0.16562666 0.13911522
 0.1768855  0.18790077 0.18514072 0.16484503 0.14680945 0.17654389
 0.17837217 0.19116248 0.14966386 0.19825525 0.19950221 0.21294736
 0.15262026 0.20733311 0.1676808  0.16088891 0.19152422 0.20187475
 0.19759959 0.14027988 0.19951641 0.17464064 0.21356861 0.15410115
 0.15918669 0.17623973 0.16161467 0.17291698 0.17833316 0.19761156
 0.20318994 0.14357397 0.1790531  0.18034826 0.22500642 0.18119473
 0.14980825 0.14908685 0.1985424  0.15497989 0.21539448 0.17958074
 0.18856644 0.15582062 0.16736528 0.19303761 0.21252723 0.15997418
 0.14549556 0.20595344 0.21684059 0.18455675 0.19571043 0.14169778
 0.17984402 0.21316309 0.2068559  0.19696989 0.17102162 0.17702887
 0.14727221 0.20696652 0.18645822 0.20178238 0.21532602 0.14790665
 0.16223102 0.16038696 0.20244497 0.19857248 0.1996343  0.19617939
 0.18188446 0.22921832 0.13273453 0.132127   0.18649434 0.17765599
 0.17774082 0.20264708 0.19764215 0.14768574 0.20995715 0.15380327
 0.16441383 0.16014314 0.17312009 0.21433434 0.21112568 0.1693809
 0.19204297 0.19582397 0.18988838 0.19518109 0.14642688 0.17358506
 0.16540725 0.19824376 0.18042496 0.17580874 0.17290198 0.18775947
 0.20317279 0.14284445 0.18393438 0.18405222 0.17257379 0.18989446
 0.18264124 0.15754716 0.18459702 0.17625101 0.16341829 0.1462973
 0.1343035  0.18395019 0.1399425  0.17560614 0.18158575 0.16195209
 0.14466711 0.19221258 0.19080292 0.16859265 0.19950424 0.13116981
 0.20018505 0.1619468  0.1847818  0.18715613 0.15248322 0.18293806
 0.16577176 0.17459576 0.16983124 0.18924944 0.165239   0.1944589
 0.18955524 0.14079662 0.17902121 0.17065312 0.15435053 0.18157582
 0.19123868 0.13516539 0.15368533 0.17496882 0.20993762 0.19045384
 0.17354507 0.1396012  0.17846485 0.1762309  0.15440967 0.11743637
 0.18247841 0.20267363 0.16554722 0.16445544 0.21844044 0.1669788
 0.14860485 0.20166307 0.16106731 0.16620994 0.16834799 0.15335944
 0.12079072 0.16254519 0.15919469 0.2046634  0.20347603 0.20296554
 0.20674186 0.17059036]
delta_repeat-2
METEOR
[0.15256892 0.15832398 0.14333098 0.19174879 0.17056131 0.17936553
 0.1148753  0.12030815 0.18778557 0.19393436 0.15595622 0.14393623
 0.1673007  0.15072845 0.15243973 0.15660353 0.13178153 0.19670663
 0.20063974 0.1883876  0.13227852 0.15683105 0.16820459 0.12578646
 0.15675964 0.16138844 0.17591854 0.16079619 0.13573642 0.15722568
 0.1654563  0.15190594 0.14499665 0.18715016 0.1705969  0.1893072
 0.14446192 0.16541003 0.15750528 0.15953469 0.16860751 0.18098763
 0.18606171 0.12839816 0.16533214 0.16857664 0.19309238 0.12845891
 0.15157204 0.16755737 0.13302573 0.16245361 0.18077426 0.17045163
 0.15292508 0.11476133 0.16761567 0.18132563 0.19943916 0.15809828
 0.12640922 0.1246743  0.19369579 0.16071869 0.20476905 0.15722178
 0.17152252 0.14749804 0.1578554  0.16217158 0.20248956 0.12727024
 0.13704581 0.18181998 0.21447023 0.18344202 0.18177089 0.15462669
 0.17148485 0.19502438 0.1849909  0.16549203 0.16339841 0.17101531
 0.12939673 0.18795336 0.15675121 0.17836264 0.16501856 0.13667552
 0.14761974 0.15645838 0.19354249 0.16733909 0.17754555 0.15932234
 0.15861677 0.18287306 0.11349174 0.13127663 0.15317087 0.1630722
 0.17344533 0.16562906 0.1903111  0.13330062 0.16454861 0.14501586
 0.15318995 0.13439403 0.15572104 0.17393442 0.17227683 0.14119303
 0.15819348 0.16633427 0.16793535 0.18148661 0.14109809 0.14611601
 0.15582875 0.16503182 0.16262043 0.1549903  0.15109777 0.14678564
 0.17435621 0.13232965 0.16372833 0.16916256 0.15351863 0.16782079
 0.15257378 0.1550446  0.17082779 0.1533936  0.16824989 0.13705438
 0.13780796 0.15531635 0.13416092 0.14942576 0.1545194  0.14625323
 0.13979878 0.17529001 0.17293077 0.14131265 0.18454678 0.1270849
 0.18458548 0.1594684  0.16503065 0.16088318 0.14218956 0.16690299
 0.15250676 0.17782084 0.14865077 0.15592038 0.14693218 0.1627273
 0.16726707 0.11764614 0.15084115 0.15734485 0.15678271 0.16968474
 0.17089398 0.12619825 0.1444092  0.14293408 0.15533905 0.16342209
 0.16015284 0.14828023 0.16808729 0.16175079 0.13041853 0.10689568
 0.17207834 0.17700778 0.14957533 0.14507658 0.170166   0.15803376
 0.15330672 0.1649568  0.15399327 0.15040243 0.14923299 0.13270957
 0.11026509 0.16914079 0.14209682 0.18500244 0.16720829 0.18960312
 0.19730204 0.14675389]
delta_repeat-2
BERT
[0.79667264 0.7991403  0.78981894 0.81218225 0.80325    0.80632836
 0.8004079  0.79307026 0.8095819  0.8080892  0.79647774 0.7944988
 0.8046026  0.8033676  0.7962446  0.79556286 0.7969423  0.8116468
 0.80440176 0.8009381  0.793358   0.8052249  0.79618984 0.7933202
 0.8005023  0.80743736 0.8009916  0.7999861  0.79758835 0.8011373
 0.8019744  0.809908   0.7984817  0.8044784  0.8055592  0.80666053
 0.79549456 0.81028086 0.79617786 0.8005652  0.7935861  0.80154747
 0.80876374 0.7938237  0.79986835 0.7930867  0.80947065 0.80236554
 0.79749346 0.79845643 0.8039012  0.80145216 0.8030538  0.8101055
 0.80384344 0.79705906 0.8021699  0.7988954  0.80615914 0.7973369
 0.7934692  0.7912872  0.8079113  0.79928803 0.80820155 0.8002324
 0.80209184 0.79408294 0.79662013 0.7993685  0.8094155  0.8036794
 0.79569083 0.80318546 0.8069193  0.79951316 0.80214727 0.7931787
 0.8006748  0.80360824 0.8021895  0.8084758  0.8023217  0.7954869
 0.79397184 0.8143208  0.802547   0.802874   0.80639446 0.79442084
 0.7975571  0.8070888  0.7953611  0.80557877 0.80356514 0.80821496
 0.80184585 0.8036018  0.78872234 0.7968766  0.8008089  0.80932206
 0.8082693  0.8061756  0.7996868  0.80435246 0.8061236  0.7953078
 0.79476446 0.7976096  0.8023774  0.80380434 0.8070052  0.7974899
 0.79464906 0.8013344  0.8024969  0.8066386  0.7988072  0.7968506
 0.79791224 0.8068967  0.806836   0.800022   0.7919749  0.8053571
 0.80542374 0.7940505  0.8050874  0.80027825 0.79688656 0.8067733
 0.8000566  0.7978277  0.80241555 0.7935824  0.80544716 0.79615504
 0.7954624  0.8087399  0.7964083  0.79474276 0.8018789  0.7985957
 0.79494244 0.804321   0.8028199  0.79857945 0.8015729  0.79898506
 0.80904883 0.79426223 0.79729426 0.80877554 0.79607123 0.80649155
 0.799883   0.8028704  0.7945238  0.8034391  0.80270416 0.80183953
 0.79817647 0.7908979  0.8040702  0.8024856  0.79561585 0.8033835
 0.7989799  0.7939679  0.7967829  0.79607743 0.81254244 0.803768
 0.8020678  0.7972686  0.7966365  0.8022365  0.8005643  0.7931144
 0.8059886  0.81134695 0.7984583  0.79558367 0.8036517  0.8014357
 0.79826087 0.80664593 0.7979585  0.8008216  0.80174816 0.80136395
 0.79311985 0.80183613 0.7986478  0.8130909  0.8058682  0.805879
 0.8115647  0.7995524 ]
[nltk_data] Downloading package wordnet to /mnt/iusers01/fse-
[nltk_data]     ugpgt01/compsci01/q12628ct/nltk_data...
[nltk_data]   Package wordnet is already up-to-date!
[nltk_data] Downloading package punkt_tab to /mnt/iusers01/fse-
[nltk_data]     ugpgt01/compsci01/q12628ct/nltk_data...
[nltk_data]   Package punkt_tab is already up-to-date!
[nltk_data] Downloading package omw-1.4 to /mnt/iusers01/fse-
[nltk_data]     ugpgt01/compsci01/q12628ct/nltk_data...
[nltk_data]   Package omw-1.4 is already up-to-date!
/mnt/iusers01/fse-ugpgt01/compsci01/q12628ct/.conda/envs/semantic-decoding/lib/python3.10/site-packages/huggingface_hub/file_download.py:945: FutureWarning: `resume_download` is deprecated and will be removed in version 1.0.0. Downloads always resume when possible. If you want to force a new download, use `force_download=True`.
  warnings.warn(
Some weights of the model checkpoint at roberta-large were not used when initializing RobertaModel: ['lm_head.bias', 'lm_head.layer_norm.weight', 'lm_head.dense.bias', 'lm_head.dense.weight', 'lm_head.layer_norm.bias']
- This IS expected if you are initializing RobertaModel from the checkpoint of a model trained on another task or with another architecture (e.g. initializing a BertForSequenceClassification model from a BertForPreTraining model).
- This IS NOT expected if you are initializing RobertaModel from the checkpoint of a model that you expect to be exactly identical (initializing a BertForSequenceClassification model from a BertForSequenceClassification model).
Some weights of RobertaModel were not initialized from the model checkpoint at roberta-large and are newly initialized: ['roberta.pooler.dense.weight', 'roberta.pooler.dense.bias']
You should probably TRAIN this model on a down-stream task to be able to use it for predictions and inference.
echo_repeat-1
WER
[-0.07219593 -0.05602272 -0.08738473 -0.05685753 -0.0712474  -0.05824442
 -0.0597686  -0.04344959 -0.06681199 -0.06599581 -0.04428893 -0.06229755
 -0.07515665 -0.06430905 -0.05632078 -0.04752802 -0.06685264 -0.06589059
 -0.05941091 -0.06519088 -0.08183591 -0.06660947 -0.06405436 -0.07653808
 -0.04550096 -0.06773504 -0.05440611 -0.06840324 -0.04941267 -0.06728381
 -0.07583619 -0.06284265 -0.04856385 -0.07057566 -0.05984931 -0.07650812
 -0.06064241 -0.07967229 -0.06603552 -0.08376482 -0.07870164 -0.05538141
 -0.07088389 -0.07501472 -0.05642428 -0.05812726 -0.04528808 -0.07311251
 -0.06917995 -0.06813356 -0.06445903 -0.04828516 -0.07107727 -0.07546682
 -0.07379787 -0.05841918 -0.06509262 -0.07944856 -0.04535583 -0.06926965
 -0.06259076 -0.07591754 -0.05331851 -0.06779654 -0.07444692 -0.05584738
 -0.07070315 -0.06688472 -0.06727285 -0.04121177 -0.03570281 -0.08576463
 -0.05762738 -0.07565225 -0.06534965 -0.05103092 -0.06311411 -0.05278303
 -0.07108535 -0.04150115 -0.06264151 -0.07270019 -0.07288131 -0.06060933
 -0.06148341 -0.07314598 -0.05747363 -0.0594947  -0.05076096 -0.05406552
 -0.07440985 -0.06601758 -0.06503813 -0.0748031  -0.05182878 -0.06330229
 -0.04157432 -0.076608   -0.06136715 -0.06166455 -0.06536056 -0.07071903
 -0.06260072 -0.06522085 -0.06518844 -0.07868486 -0.0589013  -0.06283709
 -0.07468882 -0.06010044 -0.06571141 -0.07884143 -0.07046026 -0.056
 -0.07017945 -0.06047232 -0.06607698 -0.067296   -0.05622872 -0.06487524
 -0.04992633 -0.05155689 -0.08096376 -0.05583564 -0.07136991 -0.08055472
 -0.05688275 -0.05090829 -0.0717251  -0.06041114 -0.06605354 -0.06696916
 -0.06222572 -0.07110424 -0.07280699 -0.04952464 -0.04405263 -0.06029269
 -0.07012143 -0.0663522  -0.07221475 -0.0707121  -0.05737949 -0.0604837
 -0.04316549 -0.05793216 -0.06418117 -0.07847366 -0.06637696 -0.05973025
 -0.06489067 -0.06031916 -0.0714174  -0.06625622 -0.06126117 -0.06644107
 -0.06811638 -0.06346528 -0.08295733 -0.07179614 -0.06671544 -0.06112336
 -0.0626177  -0.06040898 -0.07448172 -0.05351544 -0.0550173  -0.05782364
 -0.05480006 -0.04600607 -0.05808093 -0.06020246 -0.06228777 -0.05130732
 -0.03888601 -0.05338831 -0.04261754 -0.0654767  -0.06981271 -0.06281724
 -0.0600089  -0.05285488 -0.0577471  -0.0644368  -0.05443737 -0.05962776
 -0.07086497 -0.077145   -0.07893835 -0.06752184 -0.07535203 -0.05800667
 -0.04437043 -0.07785862 -0.0520019  -0.04414331 -0.0565889  -0.0706826
 -0.06893104 -0.05532891]
echo_repeat-1
BLEU
[0.15512198 0.16442726 0.12899504 0.18162977 0.15111877 0.15973389
 0.18235665 0.16627024 0.16082172 0.16851436 0.13339342 0.19333466
 0.15582311 0.14265383 0.1708188  0.14778538 0.16845182 0.16230519
 0.1588483  0.15435693 0.12466655 0.14607806 0.1607386  0.18480883
 0.14151703 0.16462724 0.18496929 0.13921067 0.16272036 0.18282763
 0.16181812 0.14655476 0.15140247 0.11721409 0.15927315 0.12225206
 0.16116054 0.15541658 0.15007951 0.12082577 0.14627909 0.1596759
 0.14506967 0.16937737 0.1776288  0.17825493 0.18026204 0.12864852
 0.16030479 0.1185498  0.12968414 0.14295689 0.13825295 0.15062516
 0.12901473 0.15771359 0.18260512 0.1441731  0.20173386 0.17218287
 0.15221433 0.16024301 0.17339899 0.16522109 0.11918071 0.14825648
 0.17724135 0.2007685  0.15203042 0.16898995 0.19747973 0.12967122
 0.16323499 0.19525658 0.17027111 0.18485426 0.17407431 0.1355784
 0.1411642  0.2207577  0.14147862 0.13470943 0.14430566 0.18306526
 0.15749584 0.13822105 0.19925294 0.18010187 0.16689735 0.17147908
 0.15309167 0.15586446 0.16678001 0.16169417 0.16930995 0.18842606
 0.18836622 0.16570111 0.15611556 0.16099249 0.1550174  0.18204957
 0.1636883  0.15145021 0.16273138 0.14593626 0.20133758 0.168163
 0.14561343 0.16736    0.17240588 0.12146667 0.14946922 0.14692389
 0.17670608 0.15289658 0.14342059 0.16578371 0.17685383 0.12680081
 0.16022415 0.17763602 0.1507871  0.15198869 0.15718397 0.15216546
 0.15029472 0.15570707 0.17996457 0.15551151 0.13308798 0.1567892
 0.18816251 0.16529342 0.16569941 0.20048629 0.17666421 0.16545878
 0.13688294 0.1540834  0.18681955 0.19065467 0.17986847 0.1443048
 0.17041769 0.18209901 0.14445848 0.15529923 0.17212644 0.16560235
 0.15972527 0.17008907 0.11407835 0.15106991 0.19268318 0.14195385
 0.14744113 0.17004193 0.14685844 0.12314636 0.16944053 0.17713066
 0.15632255 0.15043997 0.14076336 0.1622982  0.19482338 0.19875385
 0.15615568 0.13104148 0.1839782  0.17386116 0.14209126 0.16485678
 0.2137173  0.17934895 0.21154387 0.12446678 0.15159005 0.17072456
 0.13161925 0.14494157 0.15010133 0.15170559 0.16557568 0.16679055
 0.15426662 0.12553698 0.12581797 0.15001847 0.13333825 0.15628993
 0.18913419 0.14447725 0.18420037 0.17447789 0.15620294 0.15498081
 0.12033807 0.1597013 ]
echo_repeat-1
METEOR
[0.09862472 0.11189441 0.09246021 0.11633264 0.11718829 0.10767054
 0.13092115 0.12009087 0.10008087 0.10992442 0.09758484 0.13928494
 0.09021567 0.10566422 0.10049936 0.10691911 0.11477572 0.10627157
 0.11276047 0.10322854 0.08539069 0.09844437 0.09493589 0.1283576
 0.08995314 0.10113451 0.11050272 0.08927752 0.12416874 0.11546394
 0.11752754 0.0910282  0.09306534 0.08409665 0.10965264 0.09321902
 0.1080246  0.11839208 0.11162641 0.07411809 0.09779687 0.1055967
 0.10131658 0.11242112 0.11413062 0.105546   0.11000795 0.10614048
 0.11647401 0.09271495 0.10037511 0.10071141 0.11668829 0.09213831
 0.07849303 0.11292608 0.12560082 0.10385971 0.12773949 0.10170342
 0.10861036 0.09184471 0.11434222 0.12063537 0.08252672 0.10472137
 0.13249342 0.13033263 0.11041853 0.12026196 0.1231671  0.08941584
 0.12104333 0.1257101  0.10956719 0.11538454 0.11072711 0.09083947
 0.09190321 0.12460372 0.08215073 0.10573108 0.08785346 0.12609761
 0.10895237 0.09990798 0.15018881 0.1307189  0.12085461 0.12816248
 0.0998904  0.11347199 0.10851047 0.11643677 0.10686372 0.1331949
 0.1163538  0.10474225 0.11471873 0.11064155 0.10038474 0.13691132
 0.10594894 0.10130221 0.12524767 0.09560113 0.13722385 0.12943216
 0.1032571  0.10904796 0.10195185 0.08702389 0.09333657 0.0953096
 0.12156233 0.10727001 0.09320237 0.13191495 0.11770058 0.08735648
 0.09989611 0.12222643 0.10275431 0.09145548 0.10759134 0.10678939
 0.10041033 0.09711327 0.11097898 0.0988894  0.09620243 0.10099168
 0.11925033 0.1135964  0.10120837 0.13458553 0.10705741 0.11296329
 0.11420296 0.11188238 0.12452954 0.12270899 0.12163132 0.09005341
 0.11909371 0.11163897 0.09862214 0.11373483 0.1182134  0.11616114
 0.10914544 0.09799182 0.08646151 0.09732047 0.12659639 0.10044393
 0.09660776 0.10672185 0.10768532 0.07579839 0.11962989 0.10974013
 0.09298386 0.08848867 0.10437939 0.12502258 0.12151647 0.13002581
 0.1143538  0.09853373 0.11647718 0.11227473 0.0923806  0.1055261
 0.12093888 0.1158502  0.13675534 0.09401826 0.10858724 0.11492545
 0.1074318  0.08995823 0.09523192 0.1097518  0.1016407  0.108258
 0.11069602 0.08351231 0.09590216 0.09190154 0.09723601 0.10885431
 0.11752673 0.09312775 0.11899475 0.12330135 0.11164883 0.10427826
 0.07528101 0.11861689]
echo_repeat-1
BERT
[0.78207046 0.77925515 0.7774568  0.7843852  0.78214574 0.7821777
 0.7834936  0.78015    0.7807354  0.78040236 0.78186613 0.780301
 0.7825276  0.77906126 0.78471124 0.7827299  0.7800843  0.77917296
 0.78483546 0.7815776  0.778747   0.7812185  0.78073955 0.77921736
 0.77870643 0.7809569  0.78374565 0.77820027 0.78389907 0.7829701
 0.78277767 0.77878475 0.77993786 0.7785096  0.78370863 0.7778332
 0.7783631  0.78155714 0.78151226 0.7786183  0.77761483 0.78274137
 0.7811664  0.78297937 0.7796433  0.78158003 0.7847519  0.7781956
 0.7822848  0.77812403 0.77919126 0.78154767 0.7818116  0.78165364
 0.77560574 0.77920747 0.7835756  0.7825536  0.7840429  0.7763751
 0.78133744 0.7784828  0.78074443 0.7811276  0.7804006  0.780535
 0.78056747 0.7815562  0.7807381  0.7786931  0.78219223 0.7816871
 0.7839     0.7783691  0.7827538  0.7813008  0.7813143  0.78222245
 0.7798804  0.7828548  0.7781433  0.77594185 0.78225625 0.78264076
 0.78357166 0.77785146 0.78395313 0.783404   0.78065807 0.78049254
 0.7807327  0.780566   0.77892125 0.7803464  0.7837661  0.78214866
 0.7818912  0.7789653  0.78305554 0.78315705 0.783241   0.7787964
 0.7817091  0.7840327  0.78557175 0.779812   0.78089654 0.77806294
 0.77923423 0.78077495 0.78078824 0.7794167  0.7810185  0.7815134
 0.78093386 0.7813359  0.7796206  0.7837782  0.7845651  0.77843744
 0.7781119  0.7827742  0.77880406 0.7849708  0.7806843  0.7805857
 0.7827784  0.7831778  0.7787909  0.77824056 0.7796503  0.7783667
 0.7846033  0.78019696 0.78114635 0.7816865  0.78308284 0.7815905
 0.7795661  0.7808116  0.7821083  0.77996325 0.7810621  0.77793807
 0.7791684  0.78180593 0.781516   0.77997977 0.7813218  0.7851768
 0.7802186  0.7805161  0.77733177 0.78216076 0.7813228  0.78285795
 0.78238595 0.78186107 0.7791356  0.7775067  0.779534   0.7862935
 0.78054494 0.78095496 0.78318286 0.78225076 0.78427887 0.7853938
 0.7791499  0.77967167 0.77981603 0.7825603  0.7817628  0.7833637
 0.7829416  0.7827649  0.7824609  0.7833743  0.7809913  0.78139716
 0.7865524  0.789466   0.7812278  0.7803676  0.7776737  0.7798787
 0.78116596 0.77841675 0.77719367 0.78129464 0.776525   0.7812868
 0.78037363 0.7783498  0.7812639  0.7767077  0.78699315 0.7824156
 0.77859014 0.7823412 ]
[nltk_data] Downloading package wordnet to /mnt/iusers01/fse-
[nltk_data]     ugpgt01/compsci01/q12628ct/nltk_data...
[nltk_data]   Package wordnet is already up-to-date!
[nltk_data] Downloading package punkt_tab to /mnt/iusers01/fse-
[nltk_data]     ugpgt01/compsci01/q12628ct/nltk_data...
[nltk_data]   Package punkt_tab is already up-to-date!
[nltk_data] Downloading package omw-1.4 to /mnt/iusers01/fse-
[nltk_data]     ugpgt01/compsci01/q12628ct/nltk_data...
[nltk_data]   Package omw-1.4 is already up-to-date!
/mnt/iusers01/fse-ugpgt01/compsci01/q12628ct/.conda/envs/semantic-decoding/lib/python3.10/site-packages/huggingface_hub/file_download.py:945: FutureWarning: `resume_download` is deprecated and will be removed in version 1.0.0. Downloads always resume when possible. If you want to force a new download, use `force_download=True`.
  warnings.warn(
Some weights of the model checkpoint at roberta-large were not used when initializing RobertaModel: ['lm_head.dense.weight', 'lm_head.bias', 'lm_head.layer_norm.bias', 'lm_head.layer_norm.weight', 'lm_head.dense.bias']
- This IS expected if you are initializing RobertaModel from the checkpoint of a model trained on another task or with another architecture (e.g. initializing a BertForSequenceClassification model from a BertForPreTraining model).
- This IS NOT expected if you are initializing RobertaModel from the checkpoint of a model that you expect to be exactly identical (initializing a BertForSequenceClassification model from a BertForSequenceClassification model).
Some weights of RobertaModel were not initialized from the model checkpoint at roberta-large and are newly initialized: ['roberta.pooler.dense.weight', 'roberta.pooler.dense.bias']
You should probably TRAIN this model on a down-stream task to be able to use it for predictions and inference.
echo_repeat-2
WER
[-0.11812725 -0.10237132 -0.11045934 -0.11218784 -0.11141555 -0.10852883
 -0.10598719 -0.09929138 -0.10213774 -0.12028312 -0.08543334 -0.10255382
 -0.11145603 -0.0990397  -0.13039758 -0.11004958 -0.10728135 -0.10534544
 -0.12220118 -0.12491722 -0.10073424 -0.10855898 -0.1188762  -0.1082576
 -0.12325167 -0.11556086 -0.08996425 -0.11322591 -0.11779099 -0.10852236
 -0.11532513 -0.10076312 -0.12542402 -0.11952811 -0.09261343 -0.10679753
 -0.11124478 -0.12358679 -0.10337575 -0.11826672 -0.10508035 -0.1042939
 -0.09707464 -0.11584412 -0.11633256 -0.11684411 -0.13013134 -0.12178212
 -0.10724605 -0.12601069 -0.13628396 -0.10975877 -0.12462173 -0.10137103
 -0.11555007 -0.13208744 -0.11397808 -0.09881766 -0.10844144 -0.11523685
 -0.09387093 -0.10880853 -0.08955245 -0.10029349 -0.11974916 -0.10611055
 -0.09559872 -0.13195322 -0.1087711  -0.09739434 -0.11063336 -0.10893965
 -0.10227412 -0.10071996 -0.09526351 -0.09532939 -0.10808876 -0.10607517
 -0.13008223 -0.10250867 -0.1134419  -0.09970378 -0.1000788  -0.10523169
 -0.12652433 -0.12755533 -0.10414365 -0.10555844 -0.12995944 -0.12780193
 -0.10341432 -0.13199961 -0.08560859 -0.10758831 -0.11976106 -0.10007616
 -0.10974411 -0.12395489 -0.13293042 -0.13115186 -0.12442351 -0.11472444
 -0.1132643  -0.10779245 -0.10239045 -0.08039649 -0.06559072 -0.1263923
 -0.12691727 -0.11391818 -0.10511105 -0.09857695 -0.11001553 -0.11902344
 -0.11767946 -0.11745719 -0.1121688  -0.10914425 -0.10782353 -0.13163279
 -0.09149076 -0.11863675 -0.11563931 -0.10642251 -0.10022876 -0.11523887
 -0.12631245 -0.1258997  -0.08332904 -0.10719676 -0.10977472 -0.11122381
 -0.09736054 -0.11436103 -0.11956449 -0.11935711 -0.11120571 -0.09981701
 -0.08593228 -0.12167544 -0.12894715 -0.09948468 -0.1220299  -0.09868134
 -0.08988386 -0.11341346 -0.11686548 -0.11488027 -0.11741941 -0.11513392
 -0.11493255 -0.09413029 -0.1075511  -0.1294962  -0.11023363 -0.10356059
 -0.11276421 -0.10931092 -0.1261013  -0.10644167 -0.13285338 -0.10929956
 -0.10867342 -0.10641119 -0.13286859 -0.10614689 -0.10350623 -0.10659724
 -0.0941539  -0.11281916 -0.1057881  -0.08881303 -0.10861816 -0.1163497
 -0.1130866  -0.11946758 -0.09900733 -0.11120569 -0.11179753 -0.12635954
 -0.10938304 -0.10828018 -0.09252492 -0.12229116 -0.09221337 -0.09455011
 -0.11968332 -0.11910019 -0.11738758 -0.10902258 -0.10990723 -0.10296582
 -0.13214762 -0.12428076 -0.12312699 -0.09991515 -0.11930846 -0.10916278
 -0.13014497 -0.1068537 ]
echo_repeat-2
BLEU
[0.15310069 0.16427118 0.14453187 0.16969559 0.15650919 0.16283914
 0.14573228 0.14979177 0.19987034 0.18135994 0.20242364 0.17716977
 0.16097674 0.18906687 0.14173784 0.17443138 0.16719814 0.12762744
 0.15691099 0.12523083 0.15582694 0.14311552 0.15701405 0.17969105
 0.16453766 0.16154314 0.19038397 0.15252598 0.15659801 0.17235971
 0.17148082 0.19507438 0.11452368 0.15601588 0.14442385 0.16809025
 0.14184376 0.1397207  0.17291175 0.12455243 0.15491636 0.13354013
 0.17317219 0.14760506 0.17534654 0.14679    0.13979329 0.15909897
 0.17136748 0.12223336 0.12375816 0.18200482 0.13241796 0.16024892
 0.15266308 0.13595477 0.146975   0.1657268  0.14080873 0.13116646
 0.16745107 0.15401854 0.16111763 0.17466087 0.15434776 0.13862705
 0.16355423 0.13177906 0.20153814 0.17560497 0.13872352 0.15920851
 0.15202424 0.18894709 0.17442899 0.13411832 0.1405159  0.15944394
 0.14683878 0.16889948 0.16291044 0.17976818 0.13751594 0.16657833
 0.12422651 0.14895222 0.15807127 0.14774274 0.13487876 0.14337204
 0.16799051 0.13575136 0.17384476 0.17840295 0.16642289 0.17621934
 0.12544865 0.12320699 0.15764035 0.14545705 0.1471344  0.14823696
 0.16122165 0.14447934 0.14659592 0.17463664 0.20239022 0.14051978
 0.15695244 0.14712328 0.17745348 0.18593247 0.14109272 0.1777654
 0.14871649 0.13036672 0.17180299 0.15699447 0.1808544  0.15763326
 0.16854135 0.12838156 0.14848322 0.17708969 0.15772126 0.16017138
 0.16098939 0.15358702 0.1972576  0.13589077 0.15392347 0.1388528
 0.17049544 0.19306551 0.1733705  0.14576137 0.17842045 0.14280451
 0.20038948 0.14921348 0.12334598 0.19334365 0.11995211 0.1539603
 0.17486262 0.14519032 0.13158916 0.17967839 0.14921374 0.15299206
 0.14718484 0.15350347 0.15153983 0.14404302 0.1595455  0.1702744
 0.17127794 0.14982888 0.10802923 0.17880161 0.15504052 0.14917109
 0.18078306 0.17939002 0.12491101 0.16435857 0.16674559 0.16471932
 0.17954736 0.1711195  0.17800921 0.16356515 0.11864884 0.13628231
 0.13499648 0.13872529 0.18107446 0.14452438 0.15354404 0.12054093
 0.1602375  0.1428981  0.19746985 0.14905709 0.18835141 0.17702683
 0.14622206 0.15630441 0.11656837 0.1308481  0.12308989 0.15847121
 0.15030304 0.17245033 0.14896654 0.17306024 0.15505116 0.17103572
 0.1279194  0.17061409]
echo_repeat-2
METEOR
[0.1045097  0.12214992 0.09808492 0.10350767 0.11251519 0.10733622
 0.09691465 0.10283045 0.13049883 0.12139089 0.13655323 0.12432413
 0.12707446 0.13668052 0.09781444 0.12305874 0.11978653 0.08901599
 0.11221741 0.09294446 0.10340044 0.0954199  0.11486102 0.12350938
 0.11535992 0.09861653 0.12285915 0.09816415 0.10398332 0.11583896
 0.12430486 0.12675849 0.08233078 0.10716496 0.12204539 0.10991067
 0.09352082 0.09769371 0.118173   0.08703521 0.12556195 0.10165865
 0.10917388 0.10781624 0.12619475 0.11501899 0.10830654 0.11149796
 0.14135449 0.08365233 0.09692102 0.11670793 0.09238214 0.10942156
 0.09412164 0.10243568 0.10338289 0.10997384 0.10036564 0.09251283
 0.11950486 0.10356345 0.11625549 0.10942078 0.11805056 0.10847911
 0.1168405  0.09759489 0.13379613 0.12196862 0.10463656 0.09573717
 0.10382687 0.11700795 0.12023273 0.09815223 0.09922633 0.11711741
 0.11334628 0.12073735 0.11799384 0.11792214 0.0910782  0.1210632
 0.08253839 0.12551898 0.12696014 0.09351115 0.09244049 0.10225455
 0.11565777 0.09436846 0.1321111  0.12531092 0.10520091 0.13047634
 0.1005281  0.08645909 0.12629584 0.10398884 0.10989871 0.10117105
 0.11366596 0.1161189  0.09681844 0.12859728 0.13042797 0.11029745
 0.11050287 0.09388383 0.12141624 0.12708606 0.10684513 0.11832027
 0.10277707 0.11024428 0.12126812 0.10638728 0.12720066 0.11230485
 0.11209963 0.10175661 0.09646994 0.1405055  0.10689479 0.10531036
 0.13087621 0.11032283 0.14520999 0.09830535 0.1083012  0.08450736
 0.12392004 0.14399347 0.11824699 0.09669932 0.12090855 0.11129812
 0.14937617 0.10495354 0.1115787  0.1304332  0.08856321 0.10481827
 0.13146397 0.1096296  0.09285383 0.12015523 0.10484487 0.10541216
 0.11358997 0.10819878 0.1178516  0.10888879 0.10184035 0.12401726
 0.10875949 0.11153628 0.08740745 0.13282961 0.10898407 0.11734036
 0.12719662 0.12545366 0.0929744  0.11749931 0.12970267 0.10563861
 0.11136097 0.12563978 0.12977052 0.10829584 0.08129071 0.08876974
 0.09639208 0.10300392 0.12565649 0.11247373 0.09688133 0.0819171
 0.10979817 0.10131106 0.13085703 0.11161039 0.12169581 0.12550661
 0.10330869 0.11770531 0.0787947  0.08420468 0.07887517 0.11440497
 0.10704521 0.11369359 0.09611304 0.11314981 0.09745254 0.13013337
 0.09441954 0.11086021]
echo_repeat-2
BERT
[0.7801477  0.7789155  0.78153545 0.77911395 0.78289044 0.78125215
 0.7783219  0.7831033  0.7860741  0.7783155  0.7880712  0.7826366
 0.781859   0.7804177  0.78301126 0.7821584  0.7850767  0.7824956
 0.7848857  0.78010285 0.78400326 0.78019047 0.7819552  0.78368247
 0.7883219  0.7805121  0.77826595 0.77987635 0.78111285 0.7813941
 0.7817209  0.77953607 0.7792767  0.78065205 0.7815403  0.7761179
 0.78031075 0.7815293  0.7804336  0.77708405 0.7830341  0.78204995
 0.7821915  0.77784115 0.7818297  0.77944887 0.7794243  0.78233355
 0.781618   0.77648854 0.7810575  0.78188676 0.78133446 0.7819229
 0.7764725  0.7813351  0.7856203  0.7807194  0.77629226 0.7802549
 0.77981776 0.78526443 0.78351456 0.782139   0.7827849  0.78119177
 0.78324145 0.7800661  0.78168505 0.7791255  0.7819431  0.77804744
 0.7833799  0.78319085 0.78286195 0.7829295  0.7787093  0.77964514
 0.780459   0.78492093 0.78165597 0.7828512  0.7825017  0.78476405
 0.77775854 0.7818079  0.7798133  0.77763814 0.7809655  0.78004074
 0.78619075 0.78023434 0.78129166 0.7838986  0.779337   0.7803763
 0.77609706 0.7787627  0.7812565  0.7812384  0.7777044  0.7792135
 0.78292465 0.78037035 0.78058505 0.7820406  0.78158236 0.7806562
 0.7815865  0.77987003 0.781504   0.7797344  0.7819444  0.7803706
 0.77767426 0.7849695  0.7812699  0.7812014  0.7834736  0.78074425
 0.781459   0.78002894 0.7823191  0.7843343  0.77991974 0.77974147
 0.77945    0.7804506  0.78083503 0.7804131  0.78024924 0.7789236
 0.7789482  0.7801699  0.7845237  0.78422695 0.7837383  0.7805692
 0.7819783  0.7834622  0.7803424  0.78338593 0.78107846 0.7809193
 0.7841153  0.7794576  0.7786524  0.778753   0.7808188  0.78494847
 0.7800294  0.78626037 0.7819654  0.7826001  0.78004175 0.78545594
 0.779061   0.7783125  0.7796454  0.78279865 0.7810226  0.78118813
 0.78108716 0.7818342  0.78001904 0.78258514 0.77738756 0.783196
 0.7832026  0.7790297  0.78574055 0.7829415  0.7784429  0.7831212
 0.7778757  0.7766006  0.7817598  0.77906984 0.7816554  0.77890027
 0.7826238  0.7805562  0.7785332  0.7793908  0.7800985  0.7857235
 0.7761574  0.7778341  0.7786702  0.7781919  0.78169155 0.77809536
 0.7783859  0.7815534  0.77985764 0.7848319  0.78115326 0.7803697
 0.7839556  0.78162074]
[nltk_data] Downloading package wordnet to /mnt/iusers01/fse-
[nltk_data]     ugpgt01/compsci01/q12628ct/nltk_data...
[nltk_data]   Package wordnet is already up-to-date!
[nltk_data] Downloading package punkt_tab to /mnt/iusers01/fse-
[nltk_data]     ugpgt01/compsci01/q12628ct/nltk_data...
[nltk_data]   Package punkt_tab is already up-to-date!
[nltk_data] Downloading package omw-1.4 to /mnt/iusers01/fse-
[nltk_data]     ugpgt01/compsci01/q12628ct/nltk_data...
[nltk_data]   Package omw-1.4 is already up-to-date!
/mnt/iusers01/fse-ugpgt01/compsci01/q12628ct/.conda/envs/semantic-decoding/lib/python3.10/site-packages/huggingface_hub/file_download.py:945: FutureWarning: `resume_download` is deprecated and will be removed in version 1.0.0. Downloads always resume when possible. If you want to force a new download, use `force_download=True`.
  warnings.warn(
Some weights of the model checkpoint at roberta-large were not used when initializing RobertaModel: ['lm_head.dense.weight', 'lm_head.layer_norm.bias', 'lm_head.bias', 'lm_head.dense.bias', 'lm_head.layer_norm.weight']
- This IS expected if you are initializing RobertaModel from the checkpoint of a model trained on another task or with another architecture (e.g. initializing a BertForSequenceClassification model from a BertForPreTraining model).
- This IS NOT expected if you are initializing RobertaModel from the checkpoint of a model that you expect to be exactly identical (initializing a BertForSequenceClassification model from a BertForSequenceClassification model).
Some weights of RobertaModel were not initialized from the model checkpoint at roberta-large and are newly initialized: ['roberta.pooler.dense.weight', 'roberta.pooler.dense.bias']
You should probably TRAIN this model on a down-stream task to be able to use it for predictions and inference.
wheretheressmoke
WER
[0.03735005 0.03035818 0.03980723 0.03488761 0.03944177 0.0351676
 0.02979873 0.04064731 0.03051746 0.03812142 0.03200255 0.03288973
 0.04341106 0.03408254 0.03887588 0.03458786 0.03572473 0.04248105
 0.03568625 0.03773594 0.03917619 0.04161103 0.02770864 0.03549691
 0.03565205 0.04052465 0.03937579 0.03922585 0.03585082 0.04123546
 0.03797014 0.0398639  0.03344581 0.03824042 0.03860512 0.04161236
 0.04249454 0.04182228 0.03547915 0.04123181 0.04370036 0.03216651
 0.03406926 0.03564077 0.03748185 0.0379672  0.04186447 0.03414832
 0.03517031 0.04083761 0.03906128 0.03295814 0.03611605 0.03991142
 0.03553753 0.03560694 0.03464609 0.03697694 0.03756577 0.0318838
 0.03808445 0.04034905 0.03367801 0.03585652 0.03859726 0.03825352
 0.03501    0.03701246 0.03840138 0.03205347 0.0346136  0.03860204
 0.03968523 0.03346788 0.03248945 0.03552112 0.0404191  0.03883227
 0.04341136 0.02653995 0.03469116 0.03471546 0.03859201 0.03493161
 0.03498848 0.03650559 0.03407794 0.03387131 0.03959043 0.03604726
 0.03120156 0.03768509 0.03374203 0.03340637 0.03646701 0.03481766
 0.0397798  0.03338259 0.03622615 0.03371843 0.03725131 0.0417052
 0.03649562 0.02890707 0.02808808 0.0306346  0.03700461 0.03358351
 0.03266234 0.03388265 0.03589072 0.0331727  0.03543785 0.03458361
 0.03516086 0.03159962 0.04222739 0.02729284 0.03640682 0.03897993
 0.04091485 0.03643687 0.03508846 0.03530542 0.03165346 0.03621831
 0.03457218 0.03993997 0.03293209 0.03927971 0.03492301 0.03719467
 0.03512583 0.03201111 0.03068823 0.03931452 0.04091171 0.03526045
 0.03572749 0.03535834 0.0379241  0.03380709 0.0401052  0.03746333
 0.03532635 0.03642295 0.02943836 0.03771605 0.03599272 0.03263719
 0.03832428 0.03595398 0.03163517 0.03719735 0.04346831 0.03872121
 0.03643305 0.03774388 0.03812264 0.03567436 0.03843266 0.03752139
 0.04114472 0.03720147 0.03850219 0.03942123 0.03355366 0.0368904
 0.03575054 0.0367784  0.03909235 0.03663978 0.04232132 0.03782313
 0.03789365 0.03699548 0.04255339 0.03449199 0.03087091 0.03544853
 0.03691279 0.03630822 0.03331775 0.04044509 0.03713288 0.03042157
 0.03644964 0.03716603 0.03679027 0.03536774 0.03795949 0.03760242
 0.03862578 0.03233378 0.03947522 0.03302471 0.03390028 0.03502938
 0.03461159 0.03763427]
wheretheressmoke
BLEU
[0.18666626 0.18487392 0.18934496 0.18602319 0.18536552 0.19412011
 0.17569218 0.19868189 0.18873362 0.19349737 0.1852681  0.18171207
 0.19985657 0.19230746 0.20454644 0.18549128 0.19266507 0.19174466
 0.17500157 0.1978774  0.19436776 0.19373868 0.17624047 0.20368827
 0.19541218 0.19080994 0.19850154 0.19298847 0.1927061  0.20537869
 0.20365617 0.19848514 0.19186812 0.19578691 0.1911247  0.21582826
 0.19878843 0.20313487 0.18850943 0.19448682 0.19546189 0.1783698
 0.18946354 0.18589527 0.18398313 0.19533204 0.19325717 0.18548498
 0.18874616 0.20022319 0.19330204 0.18308592 0.18342102 0.1948437
 0.19081325 0.18657497 0.19070418 0.19631189 0.19047602 0.18252877
 0.1922124  0.19240078 0.18872379 0.20506625 0.1971877  0.18684234
 0.19128511 0.19542591 0.18758927 0.19037267 0.1874205  0.19165767
 0.20269968 0.17995906 0.18200809 0.1919875  0.20431765 0.18631975
 0.19652637 0.17732602 0.19164954 0.18708862 0.18813438 0.18944446
 0.18626252 0.1995851  0.18369949 0.18924165 0.19277772 0.19332228
 0.17340041 0.1881597  0.18925979 0.18238217 0.18487214 0.1893242
 0.19602353 0.19597407 0.18182726 0.18355929 0.1926874  0.19373627
 0.18421781 0.16528852 0.17966164 0.18296902 0.18650073 0.18124842
 0.19160851 0.18904221 0.18416703 0.18054514 0.19109463 0.17922051
 0.18871645 0.19242647 0.19194143 0.17839473 0.19572749 0.19416611
 0.19793465 0.1980041  0.18347034 0.18719897 0.18174342 0.19098022
 0.19083948 0.18801498 0.18830519 0.20064203 0.19066568 0.19514681
 0.18479906 0.18458434 0.18134514 0.19101935 0.196183   0.18954835
 0.18584503 0.1936199  0.19227698 0.18517883 0.19689564 0.19332169
 0.19902523 0.18817686 0.18639431 0.19828943 0.18641374 0.17651749
 0.18673128 0.20010309 0.18015847 0.18034609 0.19281881 0.1967067
 0.19223644 0.19800051 0.19259653 0.18724948 0.18934632 0.1858603
 0.19974135 0.18065615 0.19356413 0.19408099 0.1794911  0.1767585
 0.19111408 0.18264581 0.19071418 0.18450627 0.19624809 0.1954626
 0.18997326 0.19068839 0.19283349 0.19006153 0.17239624 0.19233545
 0.18590269 0.19308912 0.19108838 0.19003683 0.18189687 0.17810897
 0.19359073 0.18740586 0.19370106 0.18425417 0.19486286 0.19472941
 0.18922447 0.1847941  0.18941705 0.17630435 0.18716503 0.1853113
 0.18477988 0.1868224 ]
wheretheressmoke
METEOR
[0.13532777 0.13226727 0.13630251 0.13298013 0.13854122 0.14017568
 0.12850304 0.14051818 0.13412503 0.13637213 0.13894122 0.13687505
 0.13910772 0.14160299 0.15169668 0.14001105 0.13673976 0.13847551
 0.12735888 0.14391456 0.14428612 0.13374269 0.12773242 0.14253524
 0.14282879 0.13873273 0.14242631 0.13855948 0.13412461 0.1417719
 0.14607469 0.13957551 0.13621517 0.14130915 0.13739796 0.15067916
 0.14496309 0.14241505 0.13849748 0.14413934 0.14392469 0.12727569
 0.14166726 0.13791739 0.13645201 0.13676037 0.13467446 0.13381681
 0.1357982  0.14440732 0.1456232  0.13339657 0.13569464 0.13752397
 0.13758104 0.13344088 0.13979895 0.14148997 0.13321296 0.13043343
 0.14256624 0.13268786 0.13975675 0.14583464 0.14011957 0.13675938
 0.14254144 0.13964694 0.13386613 0.14038205 0.14080565 0.13915756
 0.14834991 0.13447903 0.132146   0.14178472 0.14566799 0.13128067
 0.13739125 0.12937075 0.13655762 0.13909658 0.13469065 0.13388525
 0.13539545 0.14040158 0.13974579 0.13444628 0.13679129 0.1400852
 0.12675228 0.13173003 0.13656995 0.13455748 0.14051635 0.13857839
 0.13677501 0.14239666 0.13616497 0.13437548 0.1401789  0.1409718
 0.13230872 0.12389452 0.13041348 0.1392215  0.14570149 0.13216638
 0.13783983 0.13537123 0.13259239 0.13135957 0.13845999 0.13040126
 0.13769706 0.1390221  0.13918404 0.13274235 0.13598161 0.13953185
 0.14417272 0.14427668 0.13628791 0.1407189  0.13466193 0.14027652
 0.13730774 0.13803827 0.13322204 0.14100156 0.14118147 0.14529541
 0.13143479 0.13656548 0.13258254 0.13724122 0.14020951 0.13543487
 0.13446138 0.13823583 0.13322018 0.13332663 0.1470856  0.14250028
 0.13911423 0.13356434 0.13504586 0.14086194 0.1368915  0.13062781
 0.13659763 0.14507887 0.12975948 0.13382719 0.14466723 0.14145084
 0.13680121 0.13900304 0.14349021 0.14290337 0.13697888 0.13444017
 0.1392652  0.13028222 0.142742   0.14007698 0.13275912 0.12528667
 0.14078719 0.13144126 0.13864065 0.13523243 0.14500336 0.13672266
 0.13445767 0.13800473 0.13856341 0.13712698 0.12730807 0.14224958
 0.13446796 0.13743113 0.13834735 0.13663062 0.13631052 0.13477247
 0.14393877 0.13889116 0.14024619 0.13670924 0.14597378 0.13596537
 0.14248041 0.13810784 0.13644933 0.13172159 0.1334343  0.13815043
 0.13670495 0.13633018]
wheretheressmoke
BERT
[0.7876935  0.79058456 0.7898532  0.78827775 0.79009503 0.7920781
 0.7897441  0.7916759  0.78957736 0.7909176  0.78898555 0.78868294
 0.7900681  0.7903154  0.790009   0.79054785 0.7895743  0.7876217
 0.7868558  0.78923595 0.790811   0.79056114 0.7878253  0.7889064
 0.7886788  0.79178417 0.79200673 0.7903523  0.7881663  0.7913209
 0.78924394 0.78900415 0.7896983  0.79081213 0.7897877  0.79083586
 0.7881531  0.7907466  0.79123735 0.79097587 0.79045105 0.79008263
 0.79019076 0.7890497  0.79039276 0.7882876  0.7892763  0.78998494
 0.7908022  0.7904172  0.79029584 0.7895511  0.7892441  0.7874767
 0.7909899  0.7887955  0.7882906  0.7901448  0.79135853 0.7881138
 0.7907328  0.7896703  0.7893975  0.7909727  0.79060495 0.7884649
 0.78924876 0.7888963  0.7901626  0.7872936  0.7883736  0.78867185
 0.7912439  0.7886828  0.7891718  0.7888728  0.79043704 0.78839564
 0.78789294 0.789131   0.791597   0.79043627 0.79010713 0.78906286
 0.78911424 0.7898966  0.7881047  0.7914618  0.78999686 0.7901876
 0.7894536  0.7899522  0.7904231  0.78933203 0.7904821  0.79021794
 0.7915257  0.7888973  0.79021955 0.7874243  0.79020095 0.7908544
 0.7904283  0.7871069  0.78728324 0.7895445  0.79096013 0.7886876
 0.78941625 0.78943783 0.7894871  0.7900249  0.7908182  0.78980213
 0.7885962  0.79038423 0.7894997  0.78882295 0.78939444 0.790229
 0.79025644 0.79006976 0.7893478  0.7904754  0.7919495  0.791074
 0.7895275  0.7910662  0.79049116 0.788277   0.79083496 0.79098797
 0.78829247 0.78824997 0.7893098  0.7898585  0.7901541  0.7891982
 0.7914222  0.79150534 0.78988594 0.7896741  0.7889849  0.78939193
 0.79169124 0.7906995  0.78846526 0.7891442  0.79141545 0.7863333
 0.7902469  0.7887874  0.78809613 0.7885917  0.7900242  0.790264
 0.78861946 0.78991646 0.7912521  0.7896326  0.7895881  0.7898165
 0.79066885 0.78879666 0.78903097 0.7912378  0.7884774  0.7893006
 0.7887953  0.78937566 0.79181224 0.7893668  0.7915684  0.789662
 0.79141414 0.7896604  0.79017466 0.79046124 0.78822684 0.7897558
 0.7896905  0.7912385  0.78986865 0.78979397 0.79004955 0.7877988
 0.79119396 0.78769815 0.78952575 0.7905581  0.792817   0.7894976
 0.7910634  0.7904533  0.7900625  0.7880685  0.78900415 0.78995264
 0.7896764  0.7904817 ]
[nltk_data] Downloading package wordnet to /mnt/iusers01/fse-
[nltk_data]     ugpgt01/compsci01/q12628ct/nltk_data...
[nltk_data]   Package wordnet is already up-to-date!
[nltk_data] Downloading package punkt_tab to /mnt/iusers01/fse-
[nltk_data]     ugpgt01/compsci01/q12628ct/nltk_data...
[nltk_data]   Package punkt_tab is already up-to-date!
[nltk_data] Downloading package omw-1.4 to /mnt/iusers01/fse-
[nltk_data]     ugpgt01/compsci01/q12628ct/nltk_data...
[nltk_data]   Package omw-1.4 is already up-to-date!
/mnt/iusers01/fse-ugpgt01/compsci01/q12628ct/.conda/envs/semantic-decoding/lib/python3.10/site-packages/huggingface_hub/file_download.py:945: FutureWarning: `resume_download` is deprecated and will be removed in version 1.0.0. Downloads always resume when possible. If you want to force a new download, use `force_download=True`.
  warnings.warn(
Some weights of the model checkpoint at roberta-large were not used when initializing RobertaModel: ['lm_head.dense.bias', 'lm_head.dense.weight', 'lm_head.bias', 'lm_head.layer_norm.bias', 'lm_head.layer_norm.weight']
- This IS expected if you are initializing RobertaModel from the checkpoint of a model trained on another task or with another architecture (e.g. initializing a BertForSequenceClassification model from a BertForPreTraining model).
- This IS NOT expected if you are initializing RobertaModel from the checkpoint of a model that you expect to be exactly identical (initializing a BertForSequenceClassification model from a BertForSequenceClassification model).
Some weights of RobertaModel were not initialized from the model checkpoint at roberta-large and are newly initialized: ['roberta.pooler.dense.bias', 'roberta.pooler.dense.weight']
You should probably TRAIN this model on a down-stream task to be able to use it for predictions and inference.
Traceback (most recent call last):
  File "/net/scratch/q12628ct/semantic-decoding/decoding/evaluate_predictions.py", line 51, in <module>
    ref_data = load_transcript(args.experiment, reference)
  File "/net/scratch/q12628ct/semantic-decoding/decoding/utils_eval.py", line 23, in load_transcript
    with open(grid_path) as f: 
FileNotFoundError: [Errno 2] No such file or directory: '/net/scratch/q12628ct/semantic-decoding/data_test/test_stimulus/perceived_movie/sintel.TextGrid'
[nltk_data] Downloading package wordnet to /mnt/iusers01/fse-
[nltk_data]     ugpgt01/compsci01/q12628ct/nltk_data...
[nltk_data]   Package wordnet is already up-to-date!
[nltk_data] Downloading package punkt_tab to /mnt/iusers01/fse-
[nltk_data]     ugpgt01/compsci01/q12628ct/nltk_data...
[nltk_data]   Package punkt_tab is already up-to-date!
[nltk_data] Downloading package omw-1.4 to /mnt/iusers01/fse-
[nltk_data]     ugpgt01/compsci01/q12628ct/nltk_data...
[nltk_data]   Package omw-1.4 is already up-to-date!
/mnt/iusers01/fse-ugpgt01/compsci01/q12628ct/.conda/envs/semantic-decoding/lib/python3.10/site-packages/huggingface_hub/file_download.py:945: FutureWarning: `resume_download` is deprecated and will be removed in version 1.0.0. Downloads always resume when possible. If you want to force a new download, use `force_download=True`.
  warnings.warn(
Some weights of the model checkpoint at roberta-large were not used when initializing RobertaModel: ['lm_head.dense.bias', 'lm_head.layer_norm.bias', 'lm_head.layer_norm.weight', 'lm_head.dense.weight', 'lm_head.bias']
- This IS expected if you are initializing RobertaModel from the checkpoint of a model trained on another task or with another architecture (e.g. initializing a BertForSequenceClassification model from a BertForPreTraining model).
- This IS NOT expected if you are initializing RobertaModel from the checkpoint of a model that you expect to be exactly identical (initializing a BertForSequenceClassification model from a BertForSequenceClassification model).
Some weights of RobertaModel were not initialized from the model checkpoint at roberta-large and are newly initialized: ['roberta.pooler.dense.weight', 'roberta.pooler.dense.bias']
You should probably TRAIN this model on a down-stream task to be able to use it for predictions and inference.
presto
WER
[0.03227885 0.0291499  0.03607807 0.03231745 0.03464953 0.0280959
 0.02762813 0.0313244  0.02930234 0.02709752 0.03246052 0.03360396
 0.03000095 0.03933443 0.02810822 0.03256773 0.02798468 0.03628379
 0.0369509  0.0276828  0.03517991 0.0278167  0.02807315 0.02934356
 0.0179039  0.02028371 0.03445146 0.03937919 0.02737327 0.03504268
 0.02883834 0.0224793  0.03707205 0.03405507 0.02638943 0.03137319
 0.03232542 0.03225388 0.03234523 0.03387655 0.02793799 0.04178827
 0.03737108 0.04075709 0.03551733 0.02510016 0.02986426 0.03344687
 0.0352866  0.03454595 0.03262982 0.02598648 0.0313397  0.0257336
 0.02689251 0.02186595 0.02729692 0.03506008 0.03076472 0.0429184
 0.02650939 0.02705658 0.03444145 0.02758572 0.03490614 0.03225753
 0.02746294 0.03614937 0.03996849 0.0392807  0.03894789 0.034493
 0.02460792 0.02979914 0.03207249 0.03408986 0.03035439 0.03101127
 0.02900149 0.02479027 0.03362166 0.03507132 0.03756103 0.0318729
 0.02781254 0.03284244 0.03918032 0.0343345  0.03650293 0.02342119
 0.02348581 0.03915426 0.03889369 0.03484551 0.02643339 0.03227464
 0.04034547 0.0302572  0.03952355 0.03097817 0.03633868 0.0255267
 0.03206344 0.02829088 0.03315956 0.03833897 0.0394752  0.03119209
 0.02381546 0.02741063 0.03156409 0.04152307 0.03900122 0.02894058
 0.02567976 0.03410506 0.03555184 0.03073744 0.02842697 0.03045748
 0.03014097 0.03126893 0.02781175 0.02420225 0.02639717 0.02864966
 0.04120272 0.0343407  0.02891024 0.03585838 0.03401431 0.03944229
 0.02771471 0.0329562  0.02684532 0.03088366 0.02787572 0.03392365
 0.02499594 0.02633159 0.0477587  0.03055681 0.0303767  0.03897327
 0.02990831 0.03288565 0.0343803  0.03977621 0.02421301 0.03032368
 0.02525322 0.03853692 0.039861   0.03873763 0.03984772 0.03237464
 0.04345378 0.03882036 0.03117184 0.03491501 0.02379959 0.04238958
 0.0296383  0.02508991 0.03430422 0.03216155 0.03325004 0.04027344
 0.02377375 0.02876145 0.02863296 0.03169794 0.02796942 0.02443149
 0.02892592 0.02968477 0.03967955 0.02973856 0.02623167 0.03515021
 0.03118996 0.02965072 0.03312913 0.03040049 0.02897752 0.03117319
 0.02948495 0.02686742 0.03310081 0.03623884 0.02976707 0.03416489
 0.02199969 0.04183442 0.02866625 0.02987809 0.0314087  0.02951179
 0.03346327 0.03166474]
presto
BLEU
[0.12663987 0.11314794 0.13630083 0.1142084  0.11653172 0.11965061
 0.1072094  0.11972193 0.12215124 0.11389586 0.10472568 0.12325678
 0.11231152 0.13713035 0.09834687 0.1060645  0.11448298 0.12667501
 0.12206522 0.10621668 0.12673548 0.11507486 0.11542497 0.12586828
 0.09933742 0.10331637 0.12814811 0.1387543  0.1053541  0.13144667
 0.11237257 0.1152205  0.13140345 0.10496527 0.10546812 0.11662265
 0.12145705 0.1217967  0.13334907 0.11954512 0.10718921 0.13200357
 0.13556322 0.1309667  0.12671694 0.10724467 0.11406914 0.11264451
 0.12106281 0.11987764 0.11612926 0.1038361  0.11852709 0.11182691
 0.12132264 0.09983762 0.111246   0.13191089 0.12520959 0.14654484
 0.10273458 0.10400662 0.133674   0.11929597 0.12230272 0.11293205
 0.12043333 0.12681651 0.13205165 0.11523517 0.13300589 0.12265594
 0.11261256 0.1095577  0.11512096 0.12251727 0.11324924 0.11356508
 0.11354686 0.10292142 0.12226309 0.12727462 0.11859944 0.11512876
 0.09863514 0.13437381 0.13952939 0.13034196 0.13348141 0.09603602
 0.1011758  0.13972069 0.12971134 0.13636344 0.09978049 0.1269667
 0.13733699 0.1082718  0.13482797 0.11360773 0.12793822 0.10761958
 0.10995142 0.10493116 0.12347018 0.1358767  0.12077213 0.11412457
 0.11032327 0.12069135 0.1144032  0.1372834  0.13024769 0.10288786
 0.10893968 0.12749452 0.13518514 0.10878398 0.12320367 0.11778435
 0.11386474 0.1147392  0.11137886 0.10134137 0.1149884  0.11916659
 0.12017329 0.12253654 0.12254513 0.12402605 0.12260162 0.13972985
 0.10141736 0.12056588 0.10343841 0.13153225 0.10189299 0.11222132
 0.10457634 0.11840982 0.14284032 0.12312682 0.11520866 0.13585029
 0.10576871 0.11052963 0.11415378 0.13581019 0.11032433 0.1091853
 0.10737366 0.11021271 0.13877151 0.13491312 0.14307538 0.12111407
 0.13973488 0.1326218  0.12647142 0.11377751 0.0989897  0.12618415
 0.11795857 0.10753042 0.12667523 0.11761973 0.13141332 0.12520865
 0.09822261 0.11535857 0.11415911 0.10393791 0.11144856 0.09728025
 0.11127385 0.12554109 0.12987025 0.11285837 0.10731202 0.13878826
 0.12750786 0.1087873  0.11783182 0.11465641 0.12340793 0.10961443
 0.1144222  0.09994809 0.13647332 0.11755488 0.11011261 0.12609429
 0.09242443 0.12038146 0.11751154 0.11366016 0.12321505 0.1172252
 0.12790775 0.1244497 ]
presto
METEOR
[0.09190976 0.0777347  0.09130543 0.07995082 0.08008119 0.08278348
 0.07791864 0.07731867 0.08655481 0.07574267 0.0759644  0.08259319
 0.07541327 0.09261874 0.07360742 0.07385864 0.07738332 0.08703944
 0.07829199 0.07266551 0.08410266 0.08036972 0.07934632 0.08698818
 0.07077987 0.07301886 0.08599003 0.09155421 0.07494692 0.09004395
 0.07988657 0.07440311 0.08649702 0.07492682 0.07713951 0.08071086
 0.0809518  0.08187141 0.09273258 0.08026212 0.07433553 0.08696514
 0.09039493 0.08749378 0.08378298 0.08120537 0.08410853 0.07821981
 0.08301469 0.08086531 0.08347328 0.07452193 0.08352078 0.07788665
 0.08634422 0.07986421 0.07761278 0.08726559 0.08382406 0.0949156
 0.07878013 0.07668953 0.09414863 0.08618797 0.08686234 0.07813542
 0.08475787 0.08649963 0.09386937 0.07980176 0.09079537 0.08925678
 0.08230826 0.08105276 0.08038692 0.08267726 0.08326783 0.07762741
 0.08373932 0.0713654  0.08217382 0.08502947 0.07764818 0.07695286
 0.06859599 0.09429542 0.09124377 0.08562814 0.08979894 0.07128216
 0.07186719 0.09165144 0.08883125 0.0913469  0.07125457 0.08609079
 0.09331368 0.07379858 0.09010392 0.08046827 0.08441835 0.07461706
 0.07562736 0.07760522 0.08177341 0.08649491 0.08195138 0.0857513
 0.07316668 0.07914139 0.07139635 0.09094688 0.08682634 0.07283326
 0.08037209 0.08605455 0.08937737 0.07259943 0.08070038 0.08627046
 0.08527398 0.07653636 0.08012264 0.07532127 0.08372373 0.08687828
 0.08058373 0.08614493 0.08553138 0.08505022 0.08382464 0.09138851
 0.07542721 0.08408883 0.07096747 0.08934037 0.07593123 0.08132849
 0.07487578 0.08040203 0.09112775 0.08712303 0.07769964 0.09357073
 0.07553442 0.07787124 0.07733552 0.08886366 0.08250082 0.07761135
 0.07058306 0.07903745 0.09530805 0.08906194 0.09931531 0.08619148
 0.0970564  0.09269217 0.0812102  0.08003113 0.07446409 0.08228409
 0.08223999 0.0744811  0.08924327 0.0806906  0.09073952 0.08274964
 0.06727245 0.08300582 0.07684269 0.07725217 0.07819142 0.07330898
 0.07494585 0.08799295 0.09040033 0.08032473 0.07146463 0.09472283
 0.08364816 0.07480546 0.08651367 0.08231722 0.08513152 0.07799347
 0.08161053 0.0707344  0.09194436 0.08447848 0.07353654 0.08927978
 0.07178886 0.08059726 0.08104116 0.07813    0.08991522 0.08518232
 0.09125601 0.09159926]
presto
BERT
[0.77133685 0.7686975  0.77151567 0.7705291  0.7737179  0.7725887
 0.7693501  0.7702887  0.7726002  0.77317345 0.76920307 0.7688143
 0.76954985 0.77219456 0.76958984 0.77160203 0.7723118  0.7747427
 0.7706121  0.77227175 0.7772663  0.771167   0.7747325  0.77353644
 0.7717737  0.7713001  0.77123296 0.77659667 0.77032745 0.77739924
 0.77277285 0.77003396 0.7750305  0.77202696 0.7695975  0.7725534
 0.77009666 0.7702548  0.7735339  0.77286106 0.77041715 0.7753493
 0.7707441  0.7726455  0.7707892  0.77255446 0.77079207 0.77080846
 0.77574176 0.7726187  0.77048063 0.770359   0.7724651  0.7706369
 0.76965094 0.76833755 0.77169335 0.7734625  0.7719329  0.77630085
 0.77349955 0.76884633 0.7723723  0.7723878  0.7699219  0.77081794
 0.7730097  0.77216643 0.7741201  0.7727143  0.77308625 0.7721136
 0.7721424  0.772403   0.7726678  0.7687116  0.772116   0.77090496
 0.769742   0.7691627  0.7701246  0.77354425 0.77010655 0.76989454
 0.7702143  0.7749596  0.7735513  0.77150273 0.7716801  0.7693839
 0.77089006 0.77515066 0.7731412  0.77362436 0.77093625 0.77050376
 0.773954   0.77039796 0.77473444 0.77009094 0.76917416 0.7690914
 0.770978   0.7694039  0.7721456  0.77437264 0.7725547  0.77313423
 0.7726245  0.77208084 0.7701883  0.7739504  0.7692172  0.7710199
 0.7698909  0.77222055 0.7732484  0.76996917 0.77051085 0.7694676
 0.77131844 0.77248406 0.7726675  0.7675721  0.77124935 0.7697455
 0.76899415 0.7720306  0.7702585  0.7746287  0.7733179  0.7726216
 0.76742464 0.7709214  0.76974714 0.77242666 0.7694849  0.76916504
 0.76873106 0.7732952  0.7739368  0.7739789  0.770738   0.7744212
 0.76835793 0.7694156  0.7701697  0.77127814 0.77140397 0.77044964
 0.7705566  0.77320385 0.7722686  0.7731418  0.77585316 0.7719525
 0.7724655  0.77383107 0.7726889  0.76986575 0.7705783  0.7716171
 0.77453613 0.76719147 0.7741568  0.7704992  0.77528334 0.7718119
 0.7726347  0.7712916  0.7710192  0.7709212  0.7738397  0.76888084
 0.76968914 0.7732292  0.77729493 0.7715849  0.77297133 0.7729248
 0.7709875  0.7709313  0.76911396 0.77355325 0.7703993  0.77148527
 0.7730974  0.76958114 0.77238584 0.7744198  0.7729513  0.7736988
 0.77200824 0.7758475  0.77120805 0.7729774  0.77005196 0.7710617
 0.77403665 0.7738276 ]
[nltk_data] Downloading package wordnet to /mnt/iusers01/fse-
[nltk_data]     ugpgt01/compsci01/q12628ct/nltk_data...
[nltk_data]   Package wordnet is already up-to-date!
[nltk_data] Downloading package punkt_tab to /mnt/iusers01/fse-
[nltk_data]     ugpgt01/compsci01/q12628ct/nltk_data...
[nltk_data]   Package punkt_tab is already up-to-date!
[nltk_data] Downloading package omw-1.4 to /mnt/iusers01/fse-
[nltk_data]     ugpgt01/compsci01/q12628ct/nltk_data...
[nltk_data]   Package omw-1.4 is already up-to-date!
/mnt/iusers01/fse-ugpgt01/compsci01/q12628ct/.conda/envs/semantic-decoding/lib/python3.10/site-packages/huggingface_hub/file_download.py:945: FutureWarning: `resume_download` is deprecated and will be removed in version 1.0.0. Downloads always resume when possible. If you want to force a new download, use `force_download=True`.
  warnings.warn(
Some weights of the model checkpoint at roberta-large were not used when initializing RobertaModel: ['lm_head.dense.bias', 'lm_head.bias', 'lm_head.layer_norm.weight', 'lm_head.layer_norm.bias', 'lm_head.dense.weight']
- This IS expected if you are initializing RobertaModel from the checkpoint of a model trained on another task or with another architecture (e.g. initializing a BertForSequenceClassification model from a BertForPreTraining model).
- This IS NOT expected if you are initializing RobertaModel from the checkpoint of a model that you expect to be exactly identical (initializing a BertForSequenceClassification model from a BertForSequenceClassification model).
Some weights of RobertaModel were not initialized from the model checkpoint at roberta-large and are newly initialized: ['roberta.pooler.dense.bias', 'roberta.pooler.dense.weight']
You should probably TRAIN this model on a down-stream task to be able to use it for predictions and inference.
partlycloudy
WER
[-0.13454637 -0.13676188 -0.1385774  -0.13088682 -0.14547788 -0.14195843
 -0.14001033 -0.1475483  -0.13499358 -0.13964513 -0.1412075  -0.13050293
 -0.13418244 -0.13594453 -0.13190796 -0.14576087 -0.14135532 -0.13333604
 -0.14354501 -0.13350752 -0.13823555 -0.14621009 -0.13727214 -0.13761859
 -0.14254247 -0.13347444 -0.1387166  -0.14158757 -0.13930537 -0.13688178
 -0.13428514 -0.14682662 -0.13716115 -0.14005552 -0.13759117 -0.13057649
 -0.13857336 -0.13618229 -0.14075942 -0.14881774 -0.13665617 -0.127347
 -0.12725158 -0.14913997 -0.14314187 -0.13864135 -0.13986397 -0.13386231
 -0.12801531 -0.14180184 -0.14425523 -0.14085201 -0.14425178 -0.12875562
 -0.14055982 -0.13910894 -0.1321638  -0.13134778 -0.14765164 -0.13434427
 -0.12837573 -0.13925545 -0.13646624 -0.14338074 -0.13904508 -0.13665005
 -0.13386722 -0.14092509 -0.13846206 -0.13358184 -0.13191578 -0.13637946
 -0.14199244 -0.13025801 -0.13158212 -0.12834894 -0.13246744 -0.13638886
 -0.13975601 -0.13671266 -0.12960014 -0.127686   -0.13016476 -0.12118033
 -0.13916285 -0.13792192 -0.13497811 -0.13552145 -0.13566207 -0.13797916
 -0.13153059 -0.14529317 -0.13494428 -0.13241427 -0.13377623 -0.13204257
 -0.14031848 -0.13507426 -0.14023833 -0.1382305  -0.13551275 -0.12892097
 -0.12840828 -0.13469325 -0.13616345 -0.13850483 -0.13615171 -0.13369073
 -0.1341722  -0.13297699 -0.13558936 -0.14453497 -0.13773054 -0.13866432
 -0.12805377 -0.13419081 -0.12984342 -0.13473581 -0.13460914 -0.14122832
 -0.13885754 -0.1311383  -0.13128096 -0.13662434 -0.1383205  -0.13948176
 -0.14000483 -0.13645592 -0.14004543 -0.14234209 -0.13433664 -0.12959807
 -0.13803393 -0.13238681 -0.1364146  -0.1372903  -0.1418754  -0.14176371
 -0.13103492 -0.13585033 -0.13544177 -0.14647975 -0.13158398 -0.13354395
 -0.14396152 -0.14343881 -0.13407911 -0.129363   -0.14169948 -0.14698616
 -0.1395337  -0.13581069 -0.14508545 -0.14292789 -0.13293797 -0.13294624
 -0.13823573 -0.13944796 -0.14403999 -0.14475259 -0.1319616  -0.13745724
 -0.14354141 -0.13619184 -0.13138278 -0.14073864 -0.13999871 -0.13003898
 -0.13161624 -0.13596557 -0.14198524 -0.14815843 -0.13421157 -0.13744598
 -0.14226093 -0.13538206 -0.143446   -0.12402385 -0.13731338 -0.13391247
 -0.14527192 -0.14121359 -0.14070567 -0.13222757 -0.13549734 -0.12029165
 -0.13820943 -0.12630771 -0.13494633 -0.14234367 -0.13425828 -0.14135862
 -0.13782285 -0.13176946 -0.13577761 -0.12883343 -0.14268839 -0.14104225
 -0.13246344 -0.13011212]
partlycloudy
BLEU
[0.13043211 0.14435951 0.12160663 0.13952195 0.11804334 0.11437982
 0.12232031 0.11181777 0.12782399 0.13368611 0.13245651 0.137926
 0.11634242 0.12370975 0.14610826 0.11369778 0.1203378  0.12758964
 0.1160028  0.11875355 0.12121322 0.12074247 0.11354304 0.11007218
 0.1187602  0.13127677 0.12353878 0.1248774  0.1224658  0.14201669
 0.13802708 0.11158568 0.14178573 0.11691444 0.13056406 0.13220962
 0.12545735 0.11415093 0.10728971 0.10377607 0.12703731 0.1444535
 0.13668567 0.11423529 0.11694495 0.11528672 0.13024833 0.13392325
 0.13412018 0.11705434 0.12144884 0.121513   0.12238791 0.11834876
 0.11981004 0.12736026 0.12070836 0.1376448  0.11110543 0.11428189
 0.13921092 0.11322151 0.11002584 0.10401913 0.12221642 0.12750726
 0.1261145  0.113756   0.12464682 0.1257067  0.13536031 0.12744108
 0.11682913 0.13342942 0.12343814 0.13155762 0.13401772 0.12684659
 0.11449139 0.12879536 0.13044287 0.13694502 0.1334937  0.1367224
 0.12202258 0.12228064 0.13412916 0.12312752 0.142619   0.12294472
 0.13043846 0.11352737 0.13213631 0.13301209 0.13070762 0.12518626
 0.12576581 0.12767392 0.11724179 0.11480401 0.12040482 0.12904206
 0.12602812 0.12839327 0.14388673 0.12109727 0.11587845 0.12025812
 0.1331675  0.13053924 0.12735533 0.11675709 0.12389036 0.13005704
 0.12040911 0.12607243 0.1376208  0.12312472 0.11777854 0.12364881
 0.12098226 0.13468503 0.13990324 0.12483847 0.12724108 0.10512522
 0.11334131 0.11703767 0.12566559 0.11191211 0.13505246 0.13124548
 0.11897344 0.13772228 0.135882   0.1346816  0.11009096 0.11617557
 0.12553131 0.12155258 0.13885988 0.10737056 0.14445705 0.13718519
 0.12486171 0.10511505 0.14075597 0.12810583 0.12414361 0.1170122
 0.11943999 0.11201086 0.12319344 0.11294437 0.12622538 0.12253706
 0.12554952 0.1303536  0.12664258 0.11097502 0.12478304 0.12189967
 0.11481846 0.12448481 0.13585392 0.12334459 0.11389503 0.14390541
 0.1322128  0.13448067 0.11661183 0.10333838 0.11470058 0.12388907
 0.11150394 0.12785738 0.11302825 0.14885965 0.12295283 0.12299119
 0.12477776 0.12403975 0.1124766  0.12420424 0.12970336 0.14860714
 0.129179   0.14017812 0.11932479 0.1082221  0.130954   0.12321082
 0.13144769 0.12770103 0.13206694 0.13987886 0.11649533 0.12468505
 0.13352033 0.14009737]
partlycloudy
METEOR
[0.10503548 0.11355014 0.09775332 0.11304414 0.09494117 0.09737877
 0.10032422 0.09442296 0.09896163 0.1081151  0.10764299 0.10894103
 0.09489137 0.10671617 0.11183423 0.09812878 0.09413757 0.10221797
 0.09517485 0.09833457 0.09400112 0.09993458 0.09441767 0.09630211
 0.10248295 0.10706284 0.10740597 0.10309767 0.10073962 0.11163444
 0.1101577  0.0923515  0.11255614 0.09310947 0.10858138 0.11009137
 0.10076762 0.09264292 0.09417229 0.08544731 0.1079297  0.11552362
 0.10478142 0.09728986 0.10403857 0.0925554  0.10111006 0.10438661
 0.10642392 0.09455382 0.10298202 0.0972648  0.09077539 0.09461017
 0.10112753 0.10310569 0.100243   0.11419885 0.09553697 0.09513963
 0.11269937 0.09430646 0.0911589  0.09758408 0.10303872 0.10397192
 0.10494185 0.09475922 0.10346635 0.09974372 0.11008319 0.10270497
 0.09967601 0.11223834 0.09917907 0.10642113 0.10972397 0.09856081
 0.09730327 0.10342823 0.10489335 0.11458026 0.11093825 0.11725131
 0.1020922  0.10171097 0.11439209 0.09744728 0.11449397 0.10387795
 0.10102678 0.09459945 0.1049553  0.10345356 0.10858685 0.10402262
 0.10063449 0.10931903 0.09350702 0.09545555 0.10089968 0.10894434
 0.10377855 0.10796059 0.11165641 0.10219944 0.09395546 0.10031635
 0.1067694  0.10804607 0.11095873 0.0937648  0.09935314 0.11829013
 0.09991528 0.1013344  0.11113478 0.10024619 0.09637524 0.10408157
 0.09562387 0.1115423  0.11393237 0.10638018 0.09743525 0.08840633
 0.09471644 0.1031869  0.1016826  0.09383607 0.10635703 0.10382726
 0.09919914 0.10941449 0.10458588 0.10733591 0.0959288  0.09442637
 0.10137883 0.09806866 0.11030211 0.09556356 0.11017892 0.11113282
 0.10229873 0.08714451 0.10468261 0.10685813 0.09813527 0.09695205
 0.09924178 0.10146448 0.10330218 0.09880202 0.10032366 0.10542413
 0.09763649 0.0999872  0.10171007 0.08992731 0.10871244 0.10481319
 0.09913563 0.10487887 0.10747089 0.09677862 0.09210802 0.10998547
 0.10790329 0.10807956 0.1018832  0.08204081 0.09505228 0.10554929
 0.09571461 0.09966449 0.09429034 0.11239167 0.09824309 0.10232676
 0.0990117  0.10350561 0.10020547 0.10888995 0.10630052 0.11766885
 0.10564695 0.11715872 0.10399478 0.08704585 0.11185505 0.10229422
 0.11102878 0.09907234 0.10244481 0.1135233  0.09535738 0.09969603
 0.10354983 0.11496136]
partlycloudy
BERT
[0.78194076 0.78075117 0.7812462  0.78112966 0.77995676 0.77851117
 0.779969   0.7797379  0.78185385 0.7822386  0.78113914 0.7812326
 0.77794766 0.78031474 0.78091013 0.7785199  0.7790175  0.7781514
 0.7788839  0.7778754  0.7794375  0.7784331  0.77841926 0.7804685
 0.78050154 0.77613103 0.78047335 0.78090054 0.77844226 0.7777086
 0.7822566  0.7787032  0.7822753  0.7805469  0.7792979  0.7801663
 0.7811648  0.7802885  0.7779236  0.78087527 0.7822795  0.781081
 0.7796887  0.7774598  0.7792337  0.7821609  0.78051144 0.77975494
 0.7802739  0.7798977  0.7786311  0.77915406 0.7774649  0.78030777
 0.7787396  0.78114116 0.77986336 0.7793086  0.78038216 0.77965194
 0.7810012  0.78027123 0.7782117  0.7804048  0.77974117 0.7792846
 0.7816393  0.77967954 0.7770873  0.7804592  0.77957904 0.7785947
 0.77873015 0.7777107  0.7800121  0.7830205  0.7779047  0.78085804
 0.77826184 0.7816144  0.77986246 0.7801844  0.7801852  0.7786326
 0.7794353  0.7780295  0.78334385 0.78366125 0.7812949  0.77741194
 0.78055215 0.7805859  0.78041035 0.78077924 0.77922124 0.7780388
 0.7784386  0.78021246 0.7776614  0.7779492  0.78059715 0.7817546
 0.7803981  0.78036755 0.7803164  0.7787927  0.7813068  0.7813189
 0.7792716  0.7791341  0.7787809  0.780766   0.7766751  0.7791401
 0.78186756 0.77924514 0.7798506  0.7814761  0.7772814  0.7819883
 0.7792302  0.78116137 0.77892256 0.78022885 0.7804709  0.77748
 0.77875113 0.7788717  0.7793672  0.77611506 0.7781835  0.7830543
 0.7788532  0.7821934  0.77777064 0.7816913  0.7782473  0.77879065
 0.7826951  0.78104013 0.7810065  0.77620614 0.7799003  0.78140587
 0.7812359  0.78179103 0.7804769  0.77973133 0.7834292  0.77665544
 0.78257036 0.7788546  0.77941626 0.7773728  0.7795286  0.78066343
 0.7788991  0.78171444 0.7798909  0.7813576  0.7832025  0.77831054
 0.77979594 0.77886987 0.78127646 0.77991813 0.7778037  0.78004324
 0.7800066  0.7802492  0.77938986 0.7773985  0.7795011  0.7784258
 0.7775893  0.7829773  0.77830106 0.77938    0.7807167  0.77871716
 0.7798005  0.77686316 0.7792275  0.77803385 0.7834712  0.78406507
 0.78190476 0.7806427  0.7796533  0.7789401  0.77945226 0.780746
 0.779996   0.7784523  0.77976984 0.77938056 0.779289   0.7810879
 0.7802323  0.7809614 ]
[nltk_data] Downloading package wordnet to /mnt/iusers01/fse-
[nltk_data]     ugpgt01/compsci01/q12628ct/nltk_data...
[nltk_data]   Package wordnet is already up-to-date!
[nltk_data] Downloading package punkt_tab to /mnt/iusers01/fse-
[nltk_data]     ugpgt01/compsci01/q12628ct/nltk_data...
[nltk_data]   Package punkt_tab is already up-to-date!
[nltk_data] Downloading package omw-1.4 to /mnt/iusers01/fse-
[nltk_data]     ugpgt01/compsci01/q12628ct/nltk_data...
[nltk_data]   Package omw-1.4 is already up-to-date!
/mnt/iusers01/fse-ugpgt01/compsci01/q12628ct/.conda/envs/semantic-decoding/lib/python3.10/site-packages/huggingface_hub/file_download.py:945: FutureWarning: `resume_download` is deprecated and will be removed in version 1.0.0. Downloads always resume when possible. If you want to force a new download, use `force_download=True`.
  warnings.warn(
Some weights of the model checkpoint at roberta-large were not used when initializing RobertaModel: ['lm_head.bias', 'lm_head.dense.weight', 'lm_head.dense.bias', 'lm_head.layer_norm.weight', 'lm_head.layer_norm.bias']
- This IS expected if you are initializing RobertaModel from the checkpoint of a model trained on another task or with another architecture (e.g. initializing a BertForSequenceClassification model from a BertForPreTraining model).
- This IS NOT expected if you are initializing RobertaModel from the checkpoint of a model that you expect to be exactly identical (initializing a BertForSequenceClassification model from a BertForSequenceClassification model).
Some weights of RobertaModel were not initialized from the model checkpoint at roberta-large and are newly initialized: ['roberta.pooler.dense.bias', 'roberta.pooler.dense.weight']
You should probably TRAIN this model on a down-stream task to be able to use it for predictions and inference.
laluna
WER
[-0.05617996 -0.05116931 -0.06123364 -0.05833116 -0.05962134 -0.06134213
 -0.05257319 -0.06389127 -0.05355282 -0.06294247 -0.0577547  -0.06097273
 -0.06190246 -0.05009154 -0.05937524 -0.06069429 -0.06269611 -0.05786012
 -0.06149188 -0.06217244 -0.06158221 -0.05361302 -0.06411713 -0.06809821
 -0.06122867 -0.05934052 -0.06058473 -0.06081482 -0.05920815 -0.06871493
 -0.06139921 -0.05602166 -0.05952754 -0.06328643 -0.0543243  -0.05646649
 -0.05988691 -0.06034912 -0.06283289 -0.06051739 -0.06019414 -0.05981591
 -0.05204321 -0.06176173 -0.05728037 -0.06600795 -0.06508653 -0.0611362
 -0.0587102  -0.05714118 -0.05875731 -0.05826955 -0.06163467 -0.05997494
 -0.06307574 -0.06185221 -0.06064886 -0.05735834 -0.0620504  -0.05988065
 -0.0584199  -0.06214599 -0.06466372 -0.07076152 -0.06197072 -0.06186466
 -0.06477629 -0.06713728 -0.05645846 -0.06499882 -0.05708533 -0.06232467
 -0.06713332 -0.05604583 -0.06341152 -0.04718895 -0.05934986 -0.05548103
 -0.05752265 -0.06339967 -0.06395271 -0.05764633 -0.06225859 -0.06459542
 -0.06156675 -0.05711116 -0.05510271 -0.05903318 -0.06040098 -0.05738114
 -0.05633297 -0.05394971 -0.06851711 -0.06279176 -0.06318934 -0.06705658
 -0.0551368  -0.0651237  -0.05948162 -0.05884017 -0.05450378 -0.05930823
 -0.0523055  -0.05024921 -0.05252024 -0.05883151 -0.06085401 -0.05867271
 -0.05929842 -0.05999547 -0.05292437 -0.0608242  -0.05415345 -0.0604882
 -0.06327097 -0.05583335 -0.06362788 -0.05990102 -0.06481275 -0.06197737
 -0.05904395 -0.05918484 -0.05439094 -0.05481789 -0.05448264 -0.05391479
 -0.05561954 -0.05649818 -0.05660878 -0.05527698 -0.05708361 -0.06431275
 -0.05998786 -0.05919163 -0.06846326 -0.06736513 -0.06050564 -0.06079675
 -0.05581998 -0.06037901 -0.06156751 -0.06118639 -0.06100214 -0.05932339
 -0.05618445 -0.0602065  -0.06126656 -0.0637629  -0.06346528 -0.05675917
 -0.0662558  -0.06234997 -0.05873334 -0.05414254 -0.06112931 -0.05789504
 -0.0578423  -0.05789299 -0.05529494 -0.06505158 -0.06293366 -0.0549391
 -0.06414722 -0.06000774 -0.05789012 -0.05744278 -0.05846982 -0.0562161
 -0.06567477 -0.06097545 -0.06829359 -0.06122438 -0.06021049 -0.05530174
 -0.06192558 -0.06042541 -0.05834115 -0.05281647 -0.05765698 -0.0572656
 -0.05947163 -0.06702759 -0.06494912 -0.05713634 -0.0584088  -0.06050092
 -0.05597324 -0.05992905 -0.06584874 -0.05784108 -0.0596025  -0.06575517
 -0.04746311 -0.05298862 -0.05039485 -0.06132805 -0.06065455 -0.06170168
 -0.051794   -0.04901485]
laluna
BLEU
[0.12747763 0.13985892 0.12257988 0.13205363 0.11665847 0.11899725
 0.14722468 0.11703948 0.13641062 0.11301514 0.13380493 0.11336009
 0.12299324 0.13989399 0.12209723 0.12228993 0.1180083  0.12012441
 0.12261727 0.11661331 0.13151132 0.14176941 0.13031718 0.10970719
 0.13162638 0.12559536 0.12020551 0.12416583 0.12567919 0.09969556
 0.13567076 0.12378069 0.12977682 0.12333699 0.13775241 0.1398978
 0.13612299 0.12131096 0.12570224 0.12479989 0.1275418  0.11296983
 0.13708098 0.13034299 0.12539958 0.10890635 0.11026192 0.12646247
 0.12817216 0.11421552 0.1331013  0.13170456 0.11900374 0.12929212
 0.11979922 0.1131324  0.12947113 0.14233967 0.13746248 0.12329869
 0.13508486 0.12383311 0.1187287  0.10638242 0.12019696 0.1226601
 0.12637392 0.11615927 0.13134737 0.11794816 0.12285714 0.11971861
 0.10621414 0.14531054 0.10756245 0.14349879 0.120058   0.13536596
 0.13277634 0.13034458 0.11965003 0.13095213 0.10926377 0.11888091
 0.13983939 0.13010299 0.14419302 0.1312752  0.13036465 0.12690125
 0.13593017 0.1373459  0.11043643 0.11964888 0.11778075 0.10842033
 0.12919374 0.12172349 0.1159378  0.13060514 0.1401215  0.13107188
 0.13377938 0.13651849 0.14181961 0.12177221 0.13774377 0.11681591
 0.13170663 0.11848489 0.13203646 0.12353966 0.13248252 0.12211485
 0.11792509 0.12818857 0.12356699 0.12072196 0.10541397 0.13033088
 0.11697292 0.12379174 0.13088844 0.12499525 0.1228949  0.13531563
 0.12950053 0.13960779 0.13640124 0.13212982 0.13521876 0.120677
 0.11886374 0.12350268 0.10328882 0.10950069 0.12018704 0.12441706
 0.1406045  0.12324477 0.12273581 0.11657581 0.13375116 0.13285308
 0.12742128 0.1174364  0.12437217 0.11610217 0.124712   0.12959455
 0.10967168 0.12219965 0.12899276 0.1407678  0.11821067 0.1265072
 0.12782678 0.12758448 0.13726398 0.12384779 0.11612308 0.12794602
 0.12497248 0.11611348 0.12708123 0.12499825 0.13337738 0.13013708
 0.12058068 0.1225891  0.10723371 0.12600258 0.12640679 0.12179062
 0.11856595 0.12762986 0.12186751 0.14614561 0.1300796  0.13223684
 0.12039512 0.11647709 0.11718816 0.12665962 0.13320312 0.12447715
 0.12939712 0.12571993 0.11777397 0.12633193 0.11613463 0.1157734
 0.13764318 0.1254943  0.14237907 0.12371196 0.12332014 0.1231669
 0.1367356  0.14942289]
laluna
METEOR
[0.09646963 0.10358515 0.09321926 0.10045052 0.09294705 0.08879008
 0.10531825 0.08802294 0.09823393 0.08429618 0.1020104  0.08737925
 0.09008278 0.10552004 0.0905929  0.0936679  0.08991096 0.09034002
 0.08976251 0.08745677 0.09577673 0.10473115 0.09777339 0.08097547
 0.09178036 0.09412677 0.08955591 0.09432018 0.09256435 0.08376078
 0.0968639  0.09460932 0.09818944 0.09251075 0.10009511 0.10364415
 0.10363322 0.08980735 0.09197055 0.09582426 0.0914213  0.08773543
 0.10282382 0.09468878 0.09298014 0.08398583 0.07765777 0.09611849
 0.09370384 0.08553435 0.09869672 0.09671127 0.0905202  0.09911902
 0.0864524  0.08789679 0.09748634 0.10139699 0.09388037 0.08855167
 0.10252298 0.09627107 0.09046954 0.08012096 0.0917002  0.08989327
 0.09434218 0.0855448  0.09468004 0.09062138 0.08843363 0.09428485
 0.08218698 0.10074339 0.08651598 0.10909042 0.09158036 0.10129151
 0.09601339 0.09605346 0.08916639 0.10061574 0.08479215 0.08571869
 0.09894213 0.09777322 0.10453597 0.10040225 0.09648533 0.09993635
 0.10295935 0.10330758 0.08550738 0.09422222 0.0902801  0.0882093
 0.09561578 0.08912347 0.08884051 0.09413918 0.10127664 0.09455553
 0.09898282 0.09849047 0.10637979 0.08703688 0.102826   0.08622916
 0.10154105 0.09113944 0.09867197 0.09149841 0.09367131 0.08766153
 0.09000894 0.10053283 0.08898634 0.08747966 0.08148326 0.09653247
 0.08794791 0.08766845 0.09398024 0.09710551 0.09196576 0.09876677
 0.09411955 0.10408946 0.10772803 0.09298434 0.09728774 0.08970187
 0.08630843 0.09259617 0.07892785 0.0833889  0.09277451 0.08677999
 0.10466189 0.09028315 0.09323594 0.08857356 0.09682297 0.10048189
 0.09111558 0.08972472 0.09353623 0.08626881 0.09617622 0.09576189
 0.08491512 0.09094625 0.09727693 0.09935509 0.09019872 0.09381184
 0.09261439 0.09597299 0.09974077 0.09597459 0.09160651 0.09626192
 0.09242399 0.092624   0.09157342 0.08890264 0.09757644 0.09240887
 0.09022488 0.08813122 0.08750848 0.09021442 0.09362421 0.09299639
 0.08553364 0.09402554 0.09467405 0.10865088 0.09902589 0.09501536
 0.09320234 0.08977842 0.09434431 0.09421255 0.09567926 0.0945919
 0.09618102 0.09139631 0.08864117 0.09157211 0.08878919 0.08748883
 0.1013894  0.0961817  0.10082466 0.09338868 0.09761968 0.09176672
 0.0967992  0.10455538]
laluna
BERT
[0.78481865 0.785002   0.78427815 0.7853891  0.78355664 0.78290385
 0.78632975 0.78675485 0.78469634 0.7833684  0.7869585  0.7806909
 0.78528625 0.7891461  0.7843731  0.78323853 0.78121275 0.7850473
 0.78139716 0.78191817 0.78469294 0.7867262  0.7850131  0.78360707
 0.783467   0.7834563  0.78214246 0.78594935 0.78740865 0.7820939
 0.7837267  0.7812301  0.7842718  0.78532666 0.7870072  0.78593117
 0.7856454  0.78493774 0.7837415  0.7853989  0.7836385  0.78265697
 0.7837106  0.78234744 0.7830406  0.7838531  0.7815078  0.78202105
 0.78217196 0.7821221  0.78633416 0.7834009  0.78560156 0.78629506
 0.7806651  0.7843888  0.78732586 0.7830959  0.78528947 0.7817556
 0.7853486  0.7864149  0.7812593  0.78192085 0.7846799  0.7858836
 0.7844775  0.78344476 0.784263   0.78341186 0.78583264 0.7832154
 0.78081006 0.78591114 0.7861866  0.78719413 0.7837875  0.7854144
 0.7837491  0.7847185  0.78503215 0.7825378  0.7826409  0.7814724
 0.78433126 0.7834801  0.7840497  0.78582746 0.786077   0.7830133
 0.7860963  0.78317964 0.7816462  0.78122205 0.78441    0.7854737
 0.7845845  0.78172714 0.7846648  0.7829996  0.7824572  0.78552175
 0.78730905 0.78554755 0.78665394 0.7842848  0.78609437 0.7828024
 0.7860444  0.7843063  0.78228444 0.78811514 0.7830654  0.78077906
 0.7841011  0.7840672  0.78646916 0.78404796 0.7839587  0.7846071
 0.78298473 0.7836264  0.7841922  0.78432584 0.7843588  0.7844179
 0.7822061  0.7852653  0.7876228  0.78269696 0.7833729  0.7828664
 0.7811858  0.7851687  0.7824727  0.78040457 0.783265   0.78402865
 0.7870357  0.7838476  0.7816306  0.7839259  0.7884233  0.7841451
 0.7826717  0.7806815  0.7858861  0.7815797  0.7840896  0.7839831
 0.78150594 0.7858996  0.7863235  0.7860119  0.7837637  0.7800064
 0.78407824 0.7843604  0.7832168  0.7862654  0.7813395  0.78420293
 0.7837479  0.78457594 0.7839398  0.7842753  0.7864845  0.7856755
 0.7833949  0.78439564 0.78460187 0.78509486 0.7821282  0.7834864
 0.78249985 0.7839175  0.7848835  0.7861406  0.7826291  0.78733593
 0.7839903  0.7817728  0.78268    0.78113043 0.782845   0.7839831
 0.78593993 0.7843934  0.7838231  0.7832291  0.78708327 0.7814027
 0.784715   0.78026026 0.7847681  0.7815653  0.7830036  0.7845624
 0.7858499  0.78325856]
[nltk_data] Downloading package wordnet to /mnt/iusers01/fse-
[nltk_data]     ugpgt01/compsci01/q12628ct/nltk_data...
[nltk_data]   Package wordnet is already up-to-date!
[nltk_data] Downloading package punkt_tab to /mnt/iusers01/fse-
[nltk_data]     ugpgt01/compsci01/q12628ct/nltk_data...
[nltk_data]   Package punkt_tab is already up-to-date!
[nltk_data] Downloading package omw-1.4 to /mnt/iusers01/fse-
[nltk_data]     ugpgt01/compsci01/q12628ct/nltk_data...
[nltk_data]   Package omw-1.4 is already up-to-date!
/mnt/iusers01/fse-ugpgt01/compsci01/q12628ct/.conda/envs/semantic-decoding/lib/python3.10/site-packages/huggingface_hub/file_download.py:945: FutureWarning: `resume_download` is deprecated and will be removed in version 1.0.0. Downloads always resume when possible. If you want to force a new download, use `force_download=True`.
  warnings.warn(
Some weights of the model checkpoint at roberta-large were not used when initializing RobertaModel: ['lm_head.bias', 'lm_head.layer_norm.bias', 'lm_head.dense.weight', 'lm_head.dense.bias', 'lm_head.layer_norm.weight']
- This IS expected if you are initializing RobertaModel from the checkpoint of a model trained on another task or with another architecture (e.g. initializing a BertForSequenceClassification model from a BertForPreTraining model).
- This IS NOT expected if you are initializing RobertaModel from the checkpoint of a model that you expect to be exactly identical (initializing a BertForSequenceClassification model from a BertForSequenceClassification model).
Some weights of RobertaModel were not initialized from the model checkpoint at roberta-large and are newly initialized: ['roberta.pooler.dense.weight', 'roberta.pooler.dense.bias']
You should probably TRAIN this model on a down-stream task to be able to use it for predictions and inference.
alpha_repeat-1
WER
[-0.1699689  -0.21791881 -0.20390985 -0.17607092 -0.1501209  -0.14377466
 -0.16917024 -0.17962458 -0.16743726 -0.14944307 -0.18868924 -0.17921721
 -0.19030488 -0.15707735 -0.20460294 -0.1480516  -0.18466847 -0.18961864
 -0.20564362 -0.20919004 -0.19768989 -0.18541199 -0.19747686 -0.18520053
 -0.16813697 -0.2098836  -0.20491733 -0.20189642 -0.19492784 -0.18965301
 -0.15070667 -0.18250863 -0.18843981 -0.20011075 -0.16257279 -0.18697992
 -0.17709428 -0.18326678 -0.1955732  -0.1760516  -0.17208024 -0.16993777
 -0.17525675 -0.20625953 -0.2150093  -0.19490419 -0.1750638  -0.16850511
 -0.20097004 -0.18807549 -0.21520193 -0.18342096 -0.17772785 -0.18764254
 -0.21092752 -0.17216896 -0.21177541 -0.2185644  -0.1625503  -0.15999373
 -0.156601   -0.17922235 -0.17353973 -0.16384603 -0.19985452 -0.21094594
 -0.166305   -0.16917283 -0.16403373 -0.15872581 -0.15910218 -0.15605347
 -0.1622075  -0.22051179 -0.17914104 -0.18720611 -0.2022562  -0.20827522
 -0.16960305 -0.18746674 -0.18135842 -0.20359303 -0.15764983 -0.20257117
 -0.19231031 -0.21446378 -0.17650692 -0.20796931 -0.18474979 -0.20341432
 -0.18110176 -0.18918422 -0.19517133 -0.19203502 -0.18148454 -0.21194496
 -0.20004617 -0.20318785 -0.2094765  -0.17145809 -0.17092871 -0.19672279
 -0.15806401 -0.16451551 -0.1947779  -0.15845804 -0.18720938 -0.19572119
 -0.20320431 -0.19148823 -0.17861713 -0.19620065 -0.17813036 -0.19194416
 -0.18180666 -0.16706518 -0.18220912 -0.20698624 -0.19663177 -0.15345243
 -0.19757041 -0.1951617  -0.19560006 -0.20152294 -0.18930114 -0.16479415
 -0.21844647 -0.19653276 -0.18058236 -0.19502422 -0.18742874 -0.19509972
 -0.18768269 -0.16755762 -0.22164993 -0.18118351 -0.17064071 -0.19921447
 -0.17347964 -0.22202033 -0.18940777 -0.21014662 -0.1725411  -0.1760693
 -0.20216111 -0.17077634 -0.17986731 -0.1998225  -0.1757977  -0.20666673
 -0.16177318 -0.2040762  -0.19443494 -0.14951557 -0.19631681 -0.18332999
 -0.2028685  -0.19190715 -0.15598825 -0.16493468 -0.16279934 -0.2013356
 -0.16676352 -0.16972597 -0.20730265 -0.16233409 -0.19703046 -0.19494362
 -0.18648459 -0.18820497 -0.19725715 -0.15557471 -0.1984734  -0.20004301
 -0.21510304 -0.19322421 -0.15357622 -0.19244002 -0.18537209 -0.18662641
 -0.19585238 -0.17972552 -0.16816636 -0.19998117 -0.16699258 -0.19651469
 -0.19384968 -0.21148663 -0.17983797 -0.18811183 -0.1763004  -0.20318725
 -0.15364693 -0.19748909 -0.17581191 -0.20081841 -0.1787564  -0.18259322
 -0.17186913 -0.19850509]
alpha_repeat-1
BLEU
[0.20892419 0.15147282 0.17085308 0.1636589  0.19417929 0.20281071
 0.19128496 0.19262618 0.22738938 0.25808122 0.18597226 0.14721273
 0.18446817 0.22212418 0.17549983 0.23832382 0.23873488 0.17435388
 0.1649419  0.1459325  0.19154009 0.15855935 0.20871552 0.19135505
 0.18343779 0.19357614 0.16649001 0.17533484 0.18751536 0.14287602
 0.26891833 0.18298736 0.16608894 0.17034153 0.23846923 0.2204337
 0.18693705 0.19851777 0.16343591 0.19370156 0.19024735 0.1813464
 0.23051805 0.20322616 0.14818041 0.22941044 0.21556309 0.22471341
 0.1621612  0.14740029 0.18444847 0.17993829 0.22803395 0.2187571
 0.12768252 0.19946797 0.12405049 0.13508656 0.23720274 0.20614787
 0.20931536 0.16745747 0.2102305  0.18753475 0.18873414 0.1521353
 0.20407751 0.17344994 0.17067316 0.2263831  0.22752257 0.23509784
 0.19956723 0.11875504 0.2162108  0.17053701 0.12771811 0.13890686
 0.19874933 0.20870499 0.13763779 0.14793098 0.22043352 0.13248348
 0.18438518 0.1172193  0.18697737 0.14915112 0.20499276 0.16091151
 0.1941723  0.18498103 0.19123574 0.18269147 0.18430295 0.10687296
 0.17265944 0.09612702 0.16115439 0.21996216 0.22607668 0.15973587
 0.23525148 0.22490578 0.21397686 0.26578079 0.20551892 0.18871661
 0.1678699  0.19936784 0.2214327  0.21797511 0.19076416 0.13137214
 0.20214821 0.22030165 0.19310662 0.15983533 0.20415914 0.24021468
 0.16577808 0.20861817 0.16685801 0.11500798 0.20898534 0.21102437
 0.15502532 0.13755208 0.20703313 0.14690555 0.20241324 0.17540484
 0.17877734 0.21065261 0.11174425 0.18433283 0.18545269 0.16239366
 0.20959085 0.11247229 0.2452999  0.15975115 0.21815955 0.18350708
 0.20227557 0.19259348 0.2187141  0.14202274 0.20225684 0.12506196
 0.19748651 0.18325409 0.19051745 0.2566994  0.1802094  0.19528313
 0.17090617 0.19390161 0.22366725 0.24463379 0.20592769 0.16347424
 0.22556835 0.21019042 0.14101774 0.21604255 0.14002261 0.15897261
 0.20052613 0.18908979 0.17975033 0.24685683 0.16024075 0.16312509
 0.15519362 0.18776797 0.2113944  0.20627356 0.19152961 0.19494146
 0.21163873 0.18508333 0.20787333 0.18399139 0.21140631 0.14136997
 0.13410283 0.12141052 0.19163483 0.19499337 0.17080712 0.17280974
 0.17957364 0.19745744 0.21259606 0.16190614 0.22856606 0.1670563
 0.18648175 0.18501612]
alpha_repeat-1
METEOR
[0.14507841 0.13391892 0.11957989 0.1241852  0.14424424 0.17139727
 0.13647917 0.13635636 0.15274071 0.19558058 0.14756589 0.12599997
 0.13324624 0.16073189 0.13867932 0.16695354 0.17178631 0.1410273
 0.12643864 0.10898404 0.13917303 0.12356819 0.15787819 0.13595749
 0.14630422 0.15095903 0.12553086 0.12941776 0.14127177 0.11903385
 0.20253506 0.13790911 0.12220286 0.13839489 0.16306629 0.15338349
 0.13312327 0.14431281 0.11984867 0.14943799 0.14489332 0.13468744
 0.17384515 0.13430843 0.11904723 0.16228652 0.15818547 0.15817283
 0.13182963 0.11966543 0.14833229 0.14088088 0.16106837 0.16677357
 0.09384132 0.15523451 0.10122053 0.09423336 0.16811596 0.14980224
 0.15920101 0.11485236 0.15309059 0.1399655  0.13047849 0.13983356
 0.15458894 0.14643803 0.13585357 0.17396167 0.16419992 0.17087002
 0.14507096 0.09012372 0.14723167 0.12595234 0.09893671 0.12271466
 0.1363082  0.15046567 0.12206736 0.1172908  0.16470082 0.10711719
 0.13027307 0.10377557 0.14491874 0.10792995 0.13731442 0.12762957
 0.1434797  0.13223205 0.13545312 0.13038845 0.13760126 0.08654156
 0.11623916 0.07995664 0.11123712 0.14667536 0.15574925 0.1308703
 0.16834297 0.16801118 0.15251645 0.19501864 0.16615178 0.13128399
 0.11941385 0.14588008 0.17667141 0.16343689 0.15349208 0.11025107
 0.16140641 0.16300798 0.16338806 0.12693583 0.16337514 0.1746652
 0.11170216 0.13866561 0.1273114  0.09078154 0.16184198 0.14757358
 0.13048252 0.11534549 0.1606623  0.11588519 0.15475034 0.13874957
 0.12547074 0.14687573 0.09603902 0.13429382 0.1375508  0.12474417
 0.15627358 0.10100446 0.16532393 0.14228036 0.15494476 0.14359785
 0.1567143  0.14384154 0.14067827 0.11894172 0.1493387  0.10505603
 0.15159972 0.13617785 0.14561032 0.19825835 0.12431881 0.14658094
 0.12118732 0.16956726 0.15632068 0.18594071 0.14569485 0.14057827
 0.16256847 0.1638235  0.12068291 0.16593008 0.11725567 0.13293006
 0.19394461 0.15658963 0.14074877 0.16994087 0.1305761  0.12354874
 0.10783445 0.13299072 0.16395485 0.14674286 0.13808981 0.16415669
 0.1487607  0.15111823 0.15311006 0.14995326 0.15670681 0.09127405
 0.10187382 0.10187421 0.14450262 0.14818382 0.12908305 0.12799626
 0.12996731 0.12518581 0.14357715 0.12524099 0.16688253 0.12323278
 0.13390391 0.14615074]
alpha_repeat-1
BERT
[0.79323876 0.7985727  0.7935151  0.7922146  0.79603904 0.8001883
 0.79415065 0.795899   0.7922944  0.7985044  0.7913233  0.792776
 0.7971077  0.80022115 0.7924304  0.79860556 0.7981446  0.7932713
 0.7919588  0.7895869  0.7974295  0.7921423  0.7969856  0.79474324
 0.79564446 0.79169816 0.7952237  0.79213864 0.798569   0.79186195
 0.79946405 0.7977242  0.7965922  0.7981625  0.7978133  0.7950932
 0.7926482  0.795181   0.79327637 0.79618937 0.7959844  0.7924573
 0.7967906  0.79453415 0.7913674  0.79549986 0.78782487 0.7945577
 0.7939113  0.7931676  0.7920909  0.79012996 0.7941885  0.79541695
 0.7870488  0.7905577  0.7913978  0.78644276 0.7955226  0.7956355
 0.79538924 0.7914145  0.7915159  0.79213345 0.7928037  0.7948542
 0.79356897 0.7974368  0.7891381  0.7940389  0.79668856 0.798619
 0.7935635  0.792056   0.7957264  0.7884414  0.7930248  0.79430294
 0.7870969  0.7902142  0.7942548  0.7956492  0.79586625 0.791624
 0.79720473 0.7917129  0.7929651  0.7942167  0.7970919  0.7969634
 0.7901321  0.7941633  0.7921622  0.7958945  0.79657096 0.79362303
 0.7907006  0.7900737  0.7920043  0.79147965 0.7900734  0.79934824
 0.7961637  0.797323   0.798367   0.797481   0.7935262  0.79310364
 0.79558915 0.79570055 0.7930482  0.7951262  0.79281116 0.7877817
 0.7964287  0.7972583  0.7932611  0.79250115 0.79513365 0.7948832
 0.7903388  0.7948296  0.7895908  0.79332685 0.79811    0.79596996
 0.7975927  0.7932327  0.79656833 0.7889018  0.7950074  0.79271466
 0.79318374 0.7912684  0.7877063  0.7947217  0.7948762  0.7897082
 0.795604   0.787945   0.79731333 0.79275924 0.798649   0.79860306
 0.79454243 0.79594606 0.7961944  0.79013497 0.79467785 0.789906
 0.7974175  0.791139   0.7942225  0.7980887  0.79466945 0.7969528
 0.7917144  0.7969431  0.80260915 0.7975517  0.7932647  0.79521644
 0.80053747 0.799872   0.79172313 0.7961386  0.7964479  0.794549
 0.79747355 0.7934569  0.7902343  0.7967934  0.7888567  0.7937176
 0.7928249  0.79622716 0.79608715 0.7942677  0.7913961  0.7978633
 0.7937519  0.79035634 0.7992949  0.7985501  0.79471385 0.7888807
 0.7933494  0.7901068  0.792027   0.79572165 0.79689074 0.78981453
 0.79384816 0.7933768  0.7940846  0.789531   0.79626864 0.79344106
 0.7905747  0.79614425]
[nltk_data] Downloading package wordnet to /mnt/iusers01/fse-
[nltk_data]     ugpgt01/compsci01/q12628ct/nltk_data...
[nltk_data]   Package wordnet is already up-to-date!
[nltk_data] Downloading package punkt_tab to /mnt/iusers01/fse-
[nltk_data]     ugpgt01/compsci01/q12628ct/nltk_data...
[nltk_data]   Package punkt_tab is already up-to-date!
[nltk_data] Downloading package omw-1.4 to /mnt/iusers01/fse-
[nltk_data]     ugpgt01/compsci01/q12628ct/nltk_data...
[nltk_data]   Package omw-1.4 is already up-to-date!
/mnt/iusers01/fse-ugpgt01/compsci01/q12628ct/.conda/envs/semantic-decoding/lib/python3.10/site-packages/huggingface_hub/file_download.py:945: FutureWarning: `resume_download` is deprecated and will be removed in version 1.0.0. Downloads always resume when possible. If you want to force a new download, use `force_download=True`.
  warnings.warn(
Some weights of the model checkpoint at roberta-large were not used when initializing RobertaModel: ['lm_head.bias', 'lm_head.layer_norm.weight', 'lm_head.dense.bias', 'lm_head.dense.weight', 'lm_head.layer_norm.bias']
- This IS expected if you are initializing RobertaModel from the checkpoint of a model trained on another task or with another architecture (e.g. initializing a BertForSequenceClassification model from a BertForPreTraining model).
- This IS NOT expected if you are initializing RobertaModel from the checkpoint of a model that you expect to be exactly identical (initializing a BertForSequenceClassification model from a BertForSequenceClassification model).
Some weights of RobertaModel were not initialized from the model checkpoint at roberta-large and are newly initialized: ['roberta.pooler.dense.bias', 'roberta.pooler.dense.weight']
You should probably TRAIN this model on a down-stream task to be able to use it for predictions and inference.
alpha_repeat-2
WER
[-0.10455336 -0.1367891  -0.12237659 -0.15080332 -0.10986095 -0.13184185
 -0.13983714 -0.11837511 -0.13224214 -0.15038186 -0.14940887 -0.12354869
 -0.11231323 -0.10857321 -0.10220195 -0.15207377 -0.14091441 -0.14852438
 -0.15976627 -0.1309606  -0.10171824 -0.12843053 -0.1369265  -0.14732504
 -0.15226938 -0.11055096 -0.15566338 -0.13890265 -0.12343149 -0.14297018
 -0.11421556 -0.14775969 -0.12156859 -0.13528441 -0.10423383 -0.09717433
 -0.15400264 -0.11255858 -0.11745694 -0.14362464 -0.10947945 -0.12442238
 -0.14145572 -0.12278487 -0.13689217 -0.15364114 -0.12671519 -0.16407992
 -0.12105311 -0.13994072 -0.15860782 -0.13553866 -0.14012902 -0.13105891
 -0.12426478 -0.12474114 -0.12000043 -0.12979863 -0.110914   -0.13199295
 -0.11341367 -0.13388578 -0.14859661 -0.11089911 -0.14158186 -0.12276657
 -0.11370227 -0.13254453 -0.13166415 -0.13088714 -0.11310974 -0.15119717
 -0.13475974 -0.13627003 -0.12601437 -0.16835697 -0.13739733 -0.11677619
 -0.14564375 -0.16220456 -0.13783716 -0.1464838  -0.14160449 -0.13056688
 -0.14726912 -0.11885434 -0.15102127 -0.11510213 -0.14248659 -0.12839326
 -0.11522266 -0.12561191 -0.09959446 -0.13391527 -0.15184208 -0.09838384
 -0.10731996 -0.1258454  -0.13266497 -0.13830953 -0.10538265 -0.1072685
 -0.14508464 -0.09670409 -0.16294573 -0.15449033 -0.09064774 -0.12437576
 -0.10491885 -0.11779501 -0.11848051 -0.12946648 -0.13541413 -0.13900398
 -0.12582657 -0.12666896 -0.12437165 -0.11570657 -0.11598539 -0.1181194
 -0.1288952  -0.13093508 -0.13703723 -0.14286678 -0.10222002 -0.13418165
 -0.14888784 -0.15887106 -0.15557229 -0.14279899 -0.15145564 -0.12457004
 -0.14468069 -0.13695435 -0.1244427  -0.1473303  -0.11246192 -0.15303981
 -0.12486849 -0.13329939 -0.13127191 -0.15209505 -0.13937431 -0.13936387
 -0.10930626 -0.10095065 -0.11427145 -0.13139248 -0.10830883 -0.10953324
 -0.12229514 -0.14908985 -0.15450588 -0.09025196 -0.12984107 -0.12796026
 -0.14957414 -0.1409454  -0.15081907 -0.11605736 -0.14791933 -0.15419741
 -0.11237531 -0.1312008  -0.1621273  -0.12072078 -0.14348575 -0.13576131
 -0.12246279 -0.15216351 -0.1287192  -0.14143839 -0.14093344 -0.14452103
 -0.11399938 -0.12243437 -0.10784847 -0.11880264 -0.15962238 -0.11952307
 -0.13261454 -0.14067408 -0.13697928 -0.12727254 -0.12833452 -0.14140824
 -0.13680061 -0.14866336 -0.09397928 -0.13192515 -0.14506805 -0.13383542
 -0.13094023 -0.12935076 -0.1264761  -0.12592763 -0.13165468 -0.13048806
 -0.12044148 -0.12347941]
alpha_repeat-2
BLEU
[0.1980284  0.16402182 0.20476004 0.14176285 0.24568425 0.1649043
 0.17798696 0.16181622 0.16040633 0.17401889 0.15452326 0.20634231
 0.16111069 0.23064508 0.23779759 0.12612674 0.16598169 0.17069942
 0.15793194 0.17975776 0.19288312 0.21629504 0.1632857  0.17044265
 0.12938444 0.22865955 0.17716215 0.19517811 0.21147013 0.18585411
 0.20336934 0.13196366 0.17290588 0.15678718 0.22906271 0.22974939
 0.16136669 0.22813177 0.19097799 0.1521101  0.22722465 0.19217973
 0.1574326  0.18075846 0.20771986 0.20170219 0.20551814 0.13957089
 0.19768736 0.19799374 0.1867902  0.18605191 0.14862778 0.18368164
 0.17377609 0.20084049 0.2294664  0.17444047 0.21682417 0.19778022
 0.21303285 0.20480917 0.14835626 0.20720199 0.21159889 0.19969875
 0.22206468 0.16111894 0.18578944 0.20138508 0.17128965 0.11122216
 0.16337234 0.19020947 0.21063445 0.11871266 0.17919455 0.19435832
 0.18661326 0.11703112 0.20125532 0.20357695 0.16032686 0.20524654
 0.14536486 0.21713669 0.15219065 0.19571839 0.16043296 0.17279905
 0.18635487 0.17999904 0.21814961 0.14562202 0.1700116  0.23187288
 0.23280654 0.19478974 0.17104001 0.21154775 0.22406936 0.23500298
 0.18327758 0.2320852  0.14528926 0.19510876 0.22676226 0.21915592
 0.24235986 0.22713087 0.1549846  0.20788948 0.16536307 0.18315126
 0.15628243 0.20471039 0.18550178 0.22856154 0.21766529 0.18844727
 0.1808644  0.17192887 0.12044913 0.202963   0.19204926 0.22445598
 0.14399305 0.17106012 0.10742744 0.14817823 0.12651351 0.22506556
 0.17051942 0.16355042 0.21284563 0.19018289 0.19260157 0.18015784
 0.18060031 0.19313847 0.17475118 0.15947943 0.14626314 0.2054105
 0.18300226 0.17039354 0.2164551  0.15841734 0.18696014 0.2337992
 0.17841355 0.15438833 0.20263903 0.2204386  0.20147865 0.18248695
 0.1631935  0.16383046 0.15885104 0.22693193 0.13276701 0.15944948
 0.22723332 0.18388108 0.10357344 0.18542001 0.13769682 0.14101155
 0.19776512 0.15283337 0.16852055 0.20457772 0.19957369 0.17817601
 0.20309553 0.16779827 0.2394197  0.17214421 0.12682744 0.19840414
 0.22222157 0.172445   0.17239286 0.18962995 0.1599843  0.2140326
 0.20197551 0.16488191 0.22848855 0.21020348 0.11910813 0.17650964
 0.20762372 0.23866091 0.1662555  0.22524502 0.18377762 0.21995364
 0.18656304 0.17748086]
alpha_repeat-2
METEOR
[0.15486787 0.13473354 0.15246634 0.11029528 0.1643234  0.11559062
 0.12458952 0.15914621 0.11245525 0.12282222 0.09889228 0.14648733
 0.12148588 0.15616277 0.16675185 0.10444166 0.12309328 0.13442142
 0.12164192 0.14194199 0.15384446 0.15239261 0.11747287 0.1246095
 0.08673406 0.15762026 0.12170738 0.1451836  0.15789819 0.13744835
 0.14417239 0.09610653 0.13530772 0.11515796 0.17017499 0.15964476
 0.10383262 0.1876716  0.13014903 0.11261338 0.15778689 0.1441146
 0.10661909 0.13666498 0.14950345 0.14555345 0.14987325 0.09784561
 0.13709107 0.13359865 0.15153629 0.13238932 0.11383067 0.14205897
 0.12378862 0.15190402 0.15102673 0.12528048 0.15344959 0.13510633
 0.15461545 0.13962599 0.11812248 0.13951227 0.15734152 0.13965661
 0.15700347 0.12002308 0.13658178 0.14626951 0.14255522 0.08591914
 0.11517661 0.13851037 0.14630157 0.11278381 0.11730472 0.13930487
 0.11857431 0.08435065 0.15777754 0.15037412 0.12443    0.14665787
 0.10757798 0.15621559 0.11311652 0.14098256 0.11867374 0.13389421
 0.14453328 0.12925965 0.14076697 0.11666085 0.13408388 0.15873251
 0.1772013  0.13563241 0.12514682 0.15265459 0.16048082 0.16852664
 0.13664264 0.18252305 0.09188587 0.14982582 0.14429731 0.16470992
 0.17935814 0.16091085 0.12989006 0.1542861  0.11432416 0.13612873
 0.12476799 0.1470657  0.13351332 0.1543847  0.16270098 0.1507477
 0.14046413 0.11798892 0.09960978 0.13010112 0.15771458 0.13963099
 0.10861569 0.12538284 0.07561545 0.12766896 0.09584776 0.15271257
 0.12625415 0.12964367 0.16871797 0.13958402 0.13536956 0.12047431
 0.13858619 0.12898143 0.11167668 0.10952739 0.12594517 0.14745734
 0.14197927 0.12609081 0.15208222 0.12910961 0.12873303 0.15613042
 0.12507174 0.09804265 0.16238534 0.17599237 0.14790968 0.15650917
 0.13613884 0.11299563 0.12300663 0.15698194 0.11169734 0.11761484
 0.16987376 0.12579408 0.07040403 0.14007605 0.10718764 0.10470679
 0.12945229 0.11351912 0.13473458 0.14745492 0.14702481 0.13648735
 0.15440375 0.11850424 0.17350886 0.12599604 0.08543417 0.13207483
 0.15027829 0.11896117 0.13659862 0.15363487 0.12336287 0.15482682
 0.13750505 0.11386025 0.18864962 0.13904808 0.10351424 0.14167364
 0.151537   0.17593633 0.12122667 0.15132035 0.13221669 0.14734109
 0.14309151 0.11288882]
alpha_repeat-2
BERT
[0.79349566 0.80299807 0.79918766 0.7917824  0.79414564 0.79008603
 0.79299    0.79342586 0.7932365  0.79379475 0.79266375 0.79370797
 0.7945883  0.794215   0.7987901  0.7911578  0.796466   0.7955213
 0.7877481  0.79688126 0.79522884 0.7948175  0.7974069  0.7967669
 0.78796285 0.79442906 0.78993934 0.79090947 0.79392123 0.7934842
 0.79066235 0.79314804 0.7917681  0.7912397  0.7936537  0.7940685
 0.7868671  0.7983876  0.79561776 0.790568   0.79801923 0.79487544
 0.7877423  0.7981076  0.7936891  0.7966999  0.79754394 0.79011667
 0.79234385 0.79474455 0.79418236 0.7944789  0.7918396  0.79364496
 0.7949033  0.79761916 0.79079306 0.79199207 0.79671115 0.7934185
 0.79603755 0.7958012  0.7935247  0.7926337  0.7980541  0.79500496
 0.7966297  0.79162365 0.7972706  0.7958534  0.7933756  0.7935902
 0.7939861  0.79706836 0.7913797  0.7903594  0.793703   0.791757
 0.789738   0.78971237 0.7981908  0.79683256 0.79141104 0.791599
 0.7889366  0.79264814 0.79055285 0.79915714 0.7879663  0.7990487
 0.7957291  0.79537237 0.79978275 0.79272246 0.7931454  0.7967584
 0.8005893  0.7911407  0.79155964 0.79632896 0.791728   0.8025946
 0.79332215 0.8003397  0.7902084  0.7961759  0.79587483 0.79192454
 0.797623   0.7983327  0.79844815 0.79888755 0.7947061  0.7927049
 0.7909368  0.79472446 0.7884109  0.7997231  0.7920534  0.79691845
 0.793731   0.7955972  0.78851116 0.79376704 0.7918128  0.79242355
 0.7908269  0.7920705  0.78830135 0.79291373 0.79063976 0.79770976
 0.79781944 0.7926311  0.79772115 0.7989542  0.79485965 0.7977279
 0.7968884  0.7988031  0.7935768  0.79439896 0.7997574  0.7995422
 0.79621375 0.78964883 0.7942286  0.791969   0.79284596 0.7945659
 0.7911806  0.79205734 0.80002326 0.79247594 0.7940238  0.7933558
 0.7969337  0.79081273 0.790528   0.7919919  0.7895435  0.7930907
 0.79482204 0.7916737  0.79337347 0.7938048  0.7907015  0.7905393
 0.7949441  0.79187256 0.7935332  0.79903877 0.7928188  0.7932925
 0.78910065 0.79031754 0.80186325 0.7965441  0.7898669  0.7952521
 0.7938579  0.7882856  0.7919656  0.78833824 0.79069406 0.7947758
 0.7987757  0.79260635 0.7952999  0.7925196  0.78789353 0.78971964
 0.79592216 0.80203277 0.7933225  0.79344827 0.7940552  0.79405993
 0.79304665 0.78973526]
[nltk_data] Downloading package wordnet to /mnt/iusers01/fse-
[nltk_data]     ugpgt01/compsci01/q12628ct/nltk_data...
[nltk_data]   Package wordnet is already up-to-date!
[nltk_data] Downloading package punkt_tab to /mnt/iusers01/fse-
[nltk_data]     ugpgt01/compsci01/q12628ct/nltk_data...
[nltk_data]   Package punkt_tab is already up-to-date!
[nltk_data] Downloading package omw-1.4 to /mnt/iusers01/fse-
[nltk_data]     ugpgt01/compsci01/q12628ct/nltk_data...
[nltk_data]   Package omw-1.4 is already up-to-date!
/mnt/iusers01/fse-ugpgt01/compsci01/q12628ct/.conda/envs/semantic-decoding/lib/python3.10/site-packages/huggingface_hub/file_download.py:945: FutureWarning: `resume_download` is deprecated and will be removed in version 1.0.0. Downloads always resume when possible. If you want to force a new download, use `force_download=True`.
  warnings.warn(
Some weights of the model checkpoint at roberta-large were not used when initializing RobertaModel: ['lm_head.layer_norm.bias', 'lm_head.dense.bias', 'lm_head.bias', 'lm_head.dense.weight', 'lm_head.layer_norm.weight']
- This IS expected if you are initializing RobertaModel from the checkpoint of a model trained on another task or with another architecture (e.g. initializing a BertForSequenceClassification model from a BertForPreTraining model).
- This IS NOT expected if you are initializing RobertaModel from the checkpoint of a model that you expect to be exactly identical (initializing a BertForSequenceClassification model from a BertForSequenceClassification model).
Some weights of RobertaModel were not initialized from the model checkpoint at roberta-large and are newly initialized: ['roberta.pooler.dense.bias', 'roberta.pooler.dense.weight']
You should probably TRAIN this model on a down-stream task to be able to use it for predictions and inference.
bravo_repeat-1
WER
[-0.07420263 -0.07387564 -0.06820599 -0.07542259 -0.06869087 -0.09200581
 -0.07851778 -0.07294616 -0.06425777 -0.07673762 -0.08460864 -0.08425562
 -0.0842166  -0.09351462 -0.09005155 -0.06520334 -0.08362795 -0.06627278
 -0.06650098 -0.04571667 -0.06605766 -0.07321745 -0.06722209 -0.07408747
 -0.07435574 -0.06771024 -0.08005953 -0.09841884 -0.06327236 -0.07070376
 -0.06165748 -0.03897186 -0.06702355 -0.07292041 -0.08650193 -0.069664
 -0.07120087 -0.06806951 -0.08334467 -0.07379063 -0.07654393 -0.08322325
 -0.07012439 -0.08464955 -0.06726913 -0.0790262  -0.09490658 -0.07992696
 -0.0792635  -0.07223697 -0.05632816 -0.09971943 -0.0900097  -0.06635284
 -0.07860158 -0.08545167 -0.05659711 -0.0595405  -0.0810452  -0.07241481
 -0.07967258 -0.06381112 -0.08641947 -0.08986929 -0.06029751 -0.06804336
 -0.06397571 -0.08459533 -0.0804242  -0.0764591  -0.09880462 -0.09563504
 -0.07959003 -0.07895176 -0.08647764 -0.06980903 -0.07772092 -0.06786517
 -0.06889093 -0.06518348 -0.09138098 -0.07849525 -0.07889826 -0.10062446
 -0.07155185 -0.0923488  -0.08627463 -0.07631379 -0.08867337 -0.08729524
 -0.04584407 -0.07258101 -0.07430987 -0.07293519 -0.07127643 -0.09436052
 -0.06918842 -0.08894447 -0.06187628 -0.07506898 -0.07765989 -0.07658386
 -0.078505   -0.077081   -0.07553006 -0.07064759 -0.07474314 -0.08427502
 -0.08642439 -0.09110156 -0.08037188 -0.09878031 -0.08586438 -0.08243779
 -0.06256319 -0.09710256 -0.09211578 -0.06924916 -0.0867019  -0.09141762
 -0.06132367 -0.07166999 -0.08106127 -0.07367031 -0.06680996 -0.08466906
 -0.09367887 -0.07337687 -0.09007411 -0.09254162 -0.07103384 -0.07902163
 -0.08679802 -0.07176588 -0.07045092 -0.08856011 -0.07213211 -0.08742929
 -0.09989026 -0.08394144 -0.06845745 -0.0788276  -0.07968337 -0.06556487
 -0.06346308 -0.07288449 -0.06277947 -0.06892279 -0.08026824 -0.09500533
 -0.09573421 -0.078856   -0.08648197 -0.06851516 -0.07262734 -0.08031203
 -0.07335671 -0.07652028 -0.07863209 -0.06447757 -0.09556728 -0.08630978
 -0.08224706 -0.06172937 -0.06874517 -0.08872143 -0.04755997 -0.0806412
 -0.08673778 -0.11475233 -0.07208693 -0.0647463  -0.07272159 -0.08226697
 -0.07542927 -0.08865661 -0.0653238  -0.0796141  -0.05874537 -0.08546099
 -0.05568294 -0.0648714  -0.07413256 -0.07786404 -0.08933417 -0.06264262
 -0.08610999 -0.07069699 -0.09402291 -0.09641547 -0.10343501 -0.08110082
 -0.07400904 -0.05900112 -0.06362058 -0.04565852 -0.08922059 -0.06805764
 -0.07872609 -0.08774444]
bravo_repeat-1
BLEU
[0.21995638 0.1960937  0.21962885 0.24396547 0.2534241  0.2126611
 0.27112467 0.22153423 0.22563237 0.18865982 0.2249984  0.19579665
 0.20846926 0.17777661 0.16307222 0.22553963 0.20934091 0.23712241
 0.23454649 0.22535764 0.23971781 0.24653614 0.25939879 0.19061042
 0.15949073 0.23303229 0.20438031 0.17141991 0.22460488 0.18910593
 0.26163675 0.20684758 0.21547178 0.23726343 0.14269981 0.23094477
 0.25969883 0.18309242 0.17765767 0.21818646 0.20431859 0.22450566
 0.23519384 0.21304636 0.22086307 0.19303929 0.15839209 0.22686229
 0.21051842 0.23367673 0.26286109 0.15979531 0.19417607 0.24198169
 0.23338565 0.18274148 0.24021375 0.26231007 0.17933862 0.2044574
 0.19821132 0.20839686 0.25366277 0.1920851  0.20757817 0.24679233
 0.25008615 0.23109803 0.20283505 0.19740157 0.14235076 0.20954937
 0.16492897 0.19666167 0.15877336 0.25007787 0.21966641 0.27147849
 0.21693624 0.22500574 0.14828132 0.18516709 0.2045003  0.15769445
 0.25110206 0.14491188 0.2040309  0.22657722 0.22927924 0.20586722
 0.23096878 0.24299569 0.23389361 0.21708826 0.2395913  0.17453824
 0.21194378 0.17338187 0.23336122 0.24077432 0.19369877 0.19927173
 0.2248401  0.21735059 0.18012037 0.18910099 0.21888199 0.22049333
 0.23041586 0.21229348 0.20770977 0.18468236 0.20760087 0.18166767
 0.25821052 0.15315776 0.19803862 0.2228087  0.18686417 0.18309752
 0.24860986 0.2220251  0.19420589 0.15190392 0.24156168 0.17972148
 0.18273225 0.22864924 0.21265872 0.16200078 0.21395252 0.22635745
 0.16633809 0.24154317 0.23849939 0.14871543 0.22103861 0.20086946
 0.18362065 0.2106888  0.21007896 0.21067011 0.19150899 0.21816052
 0.22107057 0.19383644 0.24358742 0.22996269 0.15127093 0.24089457
 0.14686094 0.1992595  0.23185652 0.21321957 0.17021811 0.13310645
 0.22911071 0.26394532 0.22621717 0.2620214  0.15309997 0.20801879
 0.22753094 0.21857499 0.18350778 0.2034073  0.25983962 0.19151753
 0.17663754 0.20837535 0.21958216 0.24527345 0.2243395  0.17636869
 0.21214431 0.21052822 0.19485619 0.24802672 0.22435292 0.18309808
 0.23604744 0.22488107 0.20870132 0.18562578 0.20402679 0.22243131
 0.16911491 0.2059459  0.21406534 0.14562898 0.19377962 0.21651189
 0.20576722 0.25640306 0.20947469 0.274863   0.2137694  0.22227423
 0.19549145 0.19110325]
bravo_repeat-1
METEOR
[0.14808449 0.13646807 0.15435799 0.18872387 0.16114965 0.14838306
 0.17750153 0.13708804 0.15538831 0.13373312 0.16225671 0.13488717
 0.15881634 0.13946057 0.12016152 0.14658302 0.13922668 0.18980617
 0.16096846 0.14721694 0.18146292 0.16199569 0.19231208 0.13952705
 0.12342794 0.16798929 0.14835639 0.13221074 0.15470373 0.13766663
 0.18211785 0.14878599 0.16038513 0.1635158  0.10953477 0.15711236
 0.17337264 0.1428893  0.120547   0.15706638 0.14581402 0.16082507
 0.17939646 0.14562069 0.15516157 0.13634341 0.10836992 0.15534724
 0.13162027 0.15023804 0.18215863 0.10858359 0.12061577 0.16142989
 0.17062411 0.1303473  0.14465035 0.18627182 0.11489692 0.13788812
 0.14419895 0.158837   0.16893546 0.14695937 0.15342927 0.17164982
 0.1633597  0.14839432 0.1515116  0.1326099  0.11283909 0.15493116
 0.11081102 0.1383909  0.11054858 0.16771141 0.16226472 0.19055797
 0.14437817 0.16584847 0.10363027 0.15739882 0.14055802 0.12285405
 0.16327876 0.10684754 0.1503917  0.16970556 0.15030019 0.14243529
 0.15466888 0.16300267 0.15759802 0.14943384 0.16094219 0.13184183
 0.14497183 0.14551897 0.17682527 0.1721706  0.15942909 0.13312832
 0.15206794 0.1615687  0.13145688 0.13140388 0.15270483 0.152641
 0.15177887 0.15355726 0.15067314 0.12345155 0.13558082 0.13276824
 0.1664786  0.10687094 0.13652573 0.14815467 0.13824392 0.12493219
 0.16777586 0.15052978 0.1311342  0.11344718 0.15468809 0.13115734
 0.13304974 0.14850737 0.14698723 0.10795756 0.15168018 0.18654336
 0.11195407 0.16415874 0.15336794 0.10850062 0.13998268 0.16264837
 0.13993623 0.16423551 0.15130053 0.14350604 0.12646961 0.15377295
 0.14630754 0.13543001 0.19176728 0.14559648 0.1006368  0.15890667
 0.10661895 0.14420654 0.16814908 0.14146257 0.11289908 0.1015779
 0.17847418 0.17981415 0.1589857  0.16292497 0.11169949 0.15013745
 0.15626786 0.14593858 0.14783813 0.14878107 0.17464446 0.14966068
 0.1340577  0.15871869 0.15766923 0.16532779 0.13709501 0.13036767
 0.15177758 0.14476214 0.15438487 0.18308642 0.14186049 0.14219873
 0.16880025 0.15963438 0.14452508 0.13978984 0.14170009 0.17693767
 0.1258292  0.13278002 0.16193642 0.11184411 0.13456477 0.1499034
 0.13571991 0.20266609 0.13999129 0.18613286 0.15314462 0.16464596
 0.12778052 0.16176479]
bravo_repeat-1
BERT
[0.8065856  0.8034845  0.80548847 0.80838    0.8049197  0.80404294
 0.8076966  0.8057487  0.8031568  0.80057645 0.8074062  0.8047836
 0.8088054  0.807424   0.80555993 0.80110204 0.8018215  0.80756515
 0.80339545 0.80978906 0.810449   0.8059543  0.80505604 0.80693454
 0.80283403 0.8067033  0.80442864 0.80140847 0.8081944  0.8051106
 0.8096952  0.8141     0.8086943  0.804786   0.79976153 0.8062411
 0.80850655 0.80332947 0.80306226 0.80745417 0.80142146 0.80823946
 0.8117969  0.80525887 0.8050448  0.8059233  0.8041307  0.80753654
 0.80388904 0.8044601  0.80798006 0.80126685 0.8018451  0.80219764
 0.8055143  0.8015706  0.804886   0.8089036  0.79790664 0.80451435
 0.8053677  0.8108247  0.80436593 0.8025389  0.8068094  0.80694467
 0.8052708  0.80642813 0.80221623 0.80550504 0.8003855  0.80963206
 0.8044735  0.80691856 0.8023769  0.8037502  0.8087642  0.8099682
 0.8043626  0.8057116  0.7993593  0.8072261  0.80201805 0.801273
 0.8050394  0.7934904  0.80071187 0.80531496 0.8066466  0.8041961
 0.80652803 0.8076315  0.80814576 0.80558443 0.8099118  0.7955045
 0.8041928  0.8019152  0.806767   0.80651027 0.80692786 0.80489486
 0.8031266  0.8045762  0.80237794 0.803765   0.80745435 0.8053169
 0.80499434 0.8055148  0.8021421  0.8037784  0.80804527 0.8018908
 0.80192983 0.80328107 0.8025305  0.80360043 0.8066912  0.7998367
 0.8068977  0.81117344 0.80577374 0.8019759  0.8131238  0.81095254
 0.80568916 0.80501425 0.8075158  0.8040995  0.8004205  0.813294
 0.8037302  0.80737716 0.8048477  0.79692525 0.80746365 0.81123066
 0.8042317  0.802389   0.8062141  0.80510575 0.80529803 0.8054634
 0.8019975  0.80344343 0.80615604 0.80609894 0.80262524 0.80901754
 0.8012873  0.8045564  0.80247766 0.80334145 0.7995022  0.8012322
 0.80455345 0.8048275  0.8024601  0.8017726  0.7956449  0.80311954
 0.80444884 0.8128757  0.80471987 0.80555457 0.80536026 0.80449116
 0.80447257 0.80750525 0.80770373 0.80614686 0.8079587  0.80075705
 0.8015639  0.80887353 0.80939263 0.8086032  0.80343795 0.80263
 0.805092   0.8094113  0.8023113  0.8089422  0.80176115 0.8047281
 0.8083529  0.8071961  0.8020895  0.8009818  0.80354726 0.8086185
 0.80460155 0.806094   0.80148    0.8128     0.8075198  0.8047782
 0.805302   0.8096778 ]
[nltk_data] Downloading package wordnet to /mnt/iusers01/fse-
[nltk_data]     ugpgt01/compsci01/q12628ct/nltk_data...
[nltk_data]   Package wordnet is already up-to-date!
[nltk_data] Downloading package punkt_tab to /mnt/iusers01/fse-
[nltk_data]     ugpgt01/compsci01/q12628ct/nltk_data...
[nltk_data]   Package punkt_tab is already up-to-date!
[nltk_data] Downloading package omw-1.4 to /mnt/iusers01/fse-
[nltk_data]     ugpgt01/compsci01/q12628ct/nltk_data...
[nltk_data]   Package omw-1.4 is already up-to-date!
/mnt/iusers01/fse-ugpgt01/compsci01/q12628ct/.conda/envs/semantic-decoding/lib/python3.10/site-packages/huggingface_hub/file_download.py:945: FutureWarning: `resume_download` is deprecated and will be removed in version 1.0.0. Downloads always resume when possible. If you want to force a new download, use `force_download=True`.
  warnings.warn(
Some weights of the model checkpoint at roberta-large were not used when initializing RobertaModel: ['lm_head.dense.weight', 'lm_head.dense.bias', 'lm_head.bias', 'lm_head.layer_norm.weight', 'lm_head.layer_norm.bias']
- This IS expected if you are initializing RobertaModel from the checkpoint of a model trained on another task or with another architecture (e.g. initializing a BertForSequenceClassification model from a BertForPreTraining model).
- This IS NOT expected if you are initializing RobertaModel from the checkpoint of a model that you expect to be exactly identical (initializing a BertForSequenceClassification model from a BertForSequenceClassification model).
Some weights of RobertaModel were not initialized from the model checkpoint at roberta-large and are newly initialized: ['roberta.pooler.dense.bias', 'roberta.pooler.dense.weight']
You should probably TRAIN this model on a down-stream task to be able to use it for predictions and inference.
bravo_repeat-2
WER
[-0.09348486 -0.05914469 -0.08993996 -0.08105581 -0.07821741 -0.08273565
 -0.0744958  -0.07994111 -0.06665809 -0.0845512  -0.08565802 -0.08452002
 -0.08163498 -0.0750572  -0.07560821 -0.07543091 -0.08090048 -0.08213572
 -0.08790675 -0.07883198 -0.05609463 -0.06577513 -0.04937564 -0.0819215
 -0.05545201 -0.09570396 -0.08599703 -0.07442209 -0.08127485 -0.06973213
 -0.0817171  -0.08418814 -0.07690769 -0.07217127 -0.05436832 -0.07125381
 -0.07153528 -0.09332167 -0.06970403 -0.09235192 -0.06778821 -0.08256684
 -0.07075226 -0.08505291 -0.07218837 -0.08460291 -0.07367441 -0.08033139
 -0.08506133 -0.07119434 -0.09811119 -0.09575128 -0.06464561 -0.085993
 -0.09078044 -0.07165366 -0.06528676 -0.07849279 -0.06249528 -0.08495295
 -0.08183384 -0.09193701 -0.08330461 -0.08868395 -0.05943265 -0.08653027
 -0.07806785 -0.07922843 -0.04297141 -0.06726468 -0.07989593 -0.09221556
 -0.08160608 -0.07285672 -0.08270686 -0.06957646 -0.07077915 -0.06153115
 -0.08673901 -0.09054007 -0.08117763 -0.08991599 -0.07633062 -0.09304235
 -0.05978648 -0.08229324 -0.08350887 -0.08852061 -0.07881991 -0.07176374
 -0.07326063 -0.08586671 -0.0789813  -0.06533536 -0.05808257 -0.08131099
 -0.07288927 -0.09055334 -0.0816342  -0.053007   -0.08325235 -0.06216117
 -0.06667638 -0.07259779 -0.070242   -0.06362307 -0.06513844 -0.06300469
 -0.07830687 -0.05577734 -0.10123475 -0.07569707 -0.0987398  -0.07199397
 -0.08284396 -0.07055222 -0.07249499 -0.07990645 -0.06347491 -0.08141336
 -0.06529723 -0.08266295 -0.06024445 -0.07746667 -0.09429491 -0.08939139
 -0.06145323 -0.05891829 -0.07281959 -0.07203764 -0.07067616 -0.08212141
 -0.10159045 -0.09181055 -0.07817154 -0.0668926  -0.07998038 -0.07473055
 -0.08341794 -0.07279986 -0.07864305 -0.05669292 -0.07101523 -0.07820021
 -0.08160204 -0.08229912 -0.07212584 -0.05929293 -0.08689885 -0.08165087
 -0.09451191 -0.09340866 -0.07574557 -0.07991724 -0.05496001 -0.07615403
 -0.06788302 -0.08210414 -0.09067632 -0.07284543 -0.09285373 -0.07220047
 -0.07887427 -0.07959893 -0.07548347 -0.07423724 -0.07594275 -0.09562486
 -0.08252677 -0.06564014 -0.07258484 -0.09351016 -0.10036963 -0.06820677
 -0.07522148 -0.06763784 -0.07783153 -0.08845061 -0.06171608 -0.06845136
 -0.08439972 -0.06528365 -0.07149861 -0.06891709 -0.07637867 -0.0799477
 -0.0588964  -0.0820449  -0.07129558 -0.06118089 -0.07838698 -0.07431794
 -0.0782176  -0.06227937 -0.07811291 -0.06798852 -0.06825508 -0.07067077
 -0.07042808 -0.07615871]
bravo_repeat-2
BLEU
[0.17611575 0.25778346 0.1915763  0.22211441 0.21730951 0.23532193
 0.23912245 0.22561869 0.21163056 0.26501686 0.20835226 0.19213789
 0.19462225 0.22787237 0.19262254 0.23925659 0.22598316 0.17925875
 0.20058019 0.19095643 0.20018325 0.24421255 0.20360575 0.208229
 0.20492679 0.19617771 0.13572069 0.2535272  0.20078482 0.20786551
 0.19193261 0.19607376 0.2219725  0.2253069  0.21679752 0.17415483
 0.1965279  0.14310432 0.22695512 0.20827918 0.22880395 0.24252667
 0.20996545 0.21767594 0.20490158 0.20414092 0.21901659 0.20651149
 0.19770694 0.23370224 0.14919286 0.18225366 0.24833061 0.21888957
 0.1976176  0.2140978  0.21122001 0.19860147 0.25881142 0.19382252
 0.15630544 0.22985959 0.19539643 0.22023859 0.22961052 0.27758434
 0.19366091 0.19942651 0.27857924 0.20864089 0.18574781 0.16302174
 0.15840572 0.23486242 0.17796791 0.22300511 0.21011274 0.22886211
 0.15377157 0.21157649 0.19641467 0.17034714 0.17827176 0.20417785
 0.23753281 0.192614   0.24795219 0.2089375  0.19284325 0.22030912
 0.23012559 0.21691238 0.22282845 0.24306434 0.23692159 0.19257813
 0.23847589 0.20248359 0.21351095 0.22545801 0.22983977 0.2424514
 0.1792257  0.22539663 0.23443581 0.17973894 0.18865156 0.27790372
 0.22287056 0.27116021 0.18350148 0.20363955 0.19361096 0.24361287
 0.173197   0.21262378 0.21726132 0.22953788 0.2293004  0.17702025
 0.22707073 0.21616848 0.20421259 0.20838232 0.16302838 0.1608559
 0.22356537 0.20644066 0.251771   0.19271546 0.24667528 0.19877354
 0.16235708 0.21009206 0.23289472 0.24543036 0.19202107 0.2280626
 0.21364657 0.19807807 0.19008425 0.29792596 0.24119884 0.23451046
 0.19092845 0.216162   0.21131104 0.24031317 0.18660683 0.25707519
 0.17043872 0.20719184 0.24572443 0.20300806 0.24168807 0.22380091
 0.24273163 0.14535809 0.20410542 0.208982   0.16380066 0.22207612
 0.2039106  0.21446259 0.17538153 0.23099689 0.2041205  0.16490935
 0.15400756 0.25663011 0.20469678 0.19326387 0.21141011 0.22675476
 0.21449771 0.19960175 0.24785042 0.15673004 0.22563825 0.21106835
 0.19902112 0.20362171 0.24034261 0.20935715 0.17351588 0.23138397
 0.21326225 0.21575163 0.23132862 0.23695387 0.19749924 0.23800191
 0.223215   0.24954252 0.20344732 0.24277497 0.18313175 0.22731882
 0.27147048 0.21975436]
bravo_repeat-2
METEOR
[0.12951469 0.17669191 0.13528457 0.15430238 0.15686506 0.15295842
 0.18854193 0.15101997 0.14091388 0.15985733 0.14014231 0.13465928
 0.1402676  0.1547006  0.13676558 0.17438072 0.1461689  0.12805611
 0.14182606 0.15369288 0.16195417 0.15911286 0.13855757 0.15022375
 0.14794165 0.13889898 0.10549742 0.16525724 0.14851527 0.14084914
 0.13267972 0.14268287 0.15557867 0.15792566 0.13788896 0.13384895
 0.14996763 0.11397002 0.1659164  0.14111649 0.14166319 0.17040339
 0.15346056 0.15941864 0.13685425 0.1451175  0.17734587 0.14350174
 0.14673467 0.17998415 0.1239845  0.12036414 0.17168299 0.14712217
 0.13824515 0.15907853 0.13641222 0.14442579 0.18662086 0.13716018
 0.12226826 0.16552219 0.13928814 0.15105481 0.16301474 0.18791212
 0.13221605 0.13406872 0.19157989 0.15365117 0.15449449 0.11130614
 0.10599272 0.17105344 0.13285145 0.14249006 0.15619519 0.17186628
 0.12083929 0.14417282 0.13711717 0.15144495 0.13083037 0.13913144
 0.16369733 0.1392594  0.15971381 0.14392725 0.1347081  0.14578629
 0.17734979 0.16321169 0.16338461 0.17206609 0.15296844 0.13367134
 0.16119782 0.13723771 0.14750639 0.15339435 0.16391293 0.16455798
 0.15487491 0.15427667 0.16389186 0.13868121 0.13766215 0.19565274
 0.15607776 0.18314395 0.15523627 0.14180883 0.14938812 0.17925125
 0.14326775 0.13952008 0.1347487  0.15623124 0.17158313 0.12169929
 0.13836164 0.1420454  0.14891849 0.14798704 0.12087442 0.12321948
 0.14906273 0.1614449  0.17379032 0.13416247 0.16014212 0.14071485
 0.11035032 0.14461363 0.16541382 0.17380055 0.13605923 0.14292061
 0.14070159 0.12863148 0.12270724 0.19811735 0.17483756 0.18862675
 0.12998497 0.16482342 0.15790217 0.16950821 0.12645686 0.1889771
 0.1210042  0.15025684 0.17035693 0.14010163 0.17900848 0.15286725
 0.16879195 0.12063862 0.1466209  0.13899485 0.13063774 0.16559853
 0.15033333 0.14229878 0.11662557 0.17023114 0.15829048 0.15395882
 0.10868485 0.16720889 0.14055861 0.12865372 0.15444347 0.16023618
 0.13981677 0.1349381  0.1557502  0.11692797 0.15268303 0.16720156
 0.13245376 0.15883765 0.16786761 0.15328446 0.12041615 0.16817435
 0.15895584 0.15046081 0.16352683 0.16610379 0.16826064 0.17208057
 0.14107644 0.16986539 0.14493061 0.17365093 0.11928147 0.15599055
 0.21155548 0.15528678]
bravo_repeat-2
BERT
[0.80341095 0.80643874 0.8020655  0.80227035 0.80425924 0.8024456
 0.80268675 0.80854785 0.80564    0.80655    0.8018389  0.8059017
 0.81168115 0.807303   0.79702324 0.80766696 0.8036604  0.8003399
 0.8008905  0.80589443 0.8095088  0.8081453  0.80153817 0.80933213
 0.80426025 0.8042519  0.8011431  0.8036046  0.80634594 0.80482864
 0.80494255 0.80518097 0.80242556 0.8029568  0.807054   0.80272937
 0.8042148  0.80017936 0.80554694 0.8039738  0.8093149  0.8071279
 0.80357474 0.807483   0.80137736 0.80740225 0.8049256  0.804889
 0.8058375  0.81060743 0.7982321  0.79905057 0.80910444 0.8085712
 0.8010458  0.80171555 0.8048266  0.8075429  0.8096813  0.8035781
 0.80327785 0.80626047 0.80433786 0.8043816  0.81044954 0.81116503
 0.7991949  0.8058123  0.81108254 0.80488425 0.80222076 0.8020346
 0.7993466  0.811616   0.80212414 0.80572975 0.80796784 0.8089796
 0.80224526 0.8005893  0.8006021  0.8070599  0.80494195 0.8035403
 0.80104333 0.8101108  0.80903906 0.80510676 0.8053279  0.80475944
 0.8045273  0.80651855 0.8088639  0.8083539  0.8064139  0.8056878
 0.80922073 0.80377764 0.80950326 0.8069005  0.8058337  0.80201757
 0.8035927  0.80738693 0.8060966  0.8013529  0.80274266 0.8087939
 0.80384547 0.80976915 0.81108636 0.8044359  0.8019575  0.80673504
 0.8019716  0.79947907 0.80243015 0.80932057 0.80532676 0.8014716
 0.8050672  0.80476    0.8079496  0.8011304  0.80400944 0.79917943
 0.8080984  0.80320406 0.8086977  0.8011456  0.80804706 0.8019601
 0.80231756 0.80566716 0.8057462  0.80549127 0.8027259  0.80660766
 0.805876   0.80249804 0.80100864 0.80894434 0.8078046  0.80682683
 0.8011878  0.80460405 0.80820686 0.80736595 0.8069251  0.80351925
 0.8090635  0.8060336  0.810487   0.80249625 0.80637246 0.80336666
 0.80206317 0.80251896 0.80213875 0.80440384 0.8032897  0.80563104
 0.79912716 0.80404097 0.802393   0.8048716  0.8035655  0.80479383
 0.80459875 0.8020682  0.80439574 0.80894226 0.80590326 0.8078527
 0.80201626 0.80850357 0.80378354 0.8008327  0.8122553  0.808294
 0.8050998  0.8089336  0.8090447  0.8047063  0.80381525 0.8037854
 0.8058691  0.8035924  0.80793434 0.80966485 0.80144894 0.8096962
 0.8041901  0.8065     0.80631536 0.807558   0.80454004 0.811045
 0.80909914 0.8025495 ]
[nltk_data] Downloading package wordnet to /mnt/iusers01/fse-
[nltk_data]     ugpgt01/compsci01/q12628ct/nltk_data...
[nltk_data]   Package wordnet is already up-to-date!
[nltk_data] Downloading package punkt_tab to /mnt/iusers01/fse-
[nltk_data]     ugpgt01/compsci01/q12628ct/nltk_data...
[nltk_data]   Package punkt_tab is already up-to-date!
[nltk_data] Downloading package omw-1.4 to /mnt/iusers01/fse-
[nltk_data]     ugpgt01/compsci01/q12628ct/nltk_data...
[nltk_data]   Package omw-1.4 is already up-to-date!
/mnt/iusers01/fse-ugpgt01/compsci01/q12628ct/.conda/envs/semantic-decoding/lib/python3.10/site-packages/huggingface_hub/file_download.py:945: FutureWarning: `resume_download` is deprecated and will be removed in version 1.0.0. Downloads always resume when possible. If you want to force a new download, use `force_download=True`.
  warnings.warn(
Some weights of the model checkpoint at roberta-large were not used when initializing RobertaModel: ['lm_head.bias', 'lm_head.dense.weight', 'lm_head.layer_norm.weight', 'lm_head.dense.bias', 'lm_head.layer_norm.bias']
- This IS expected if you are initializing RobertaModel from the checkpoint of a model trained on another task or with another architecture (e.g. initializing a BertForSequenceClassification model from a BertForPreTraining model).
- This IS NOT expected if you are initializing RobertaModel from the checkpoint of a model that you expect to be exactly identical (initializing a BertForSequenceClassification model from a BertForSequenceClassification model).
Some weights of RobertaModel were not initialized from the model checkpoint at roberta-large and are newly initialized: ['roberta.pooler.dense.weight', 'roberta.pooler.dense.bias']
You should probably TRAIN this model on a down-stream task to be able to use it for predictions and inference.
charlie_repeat-1
WER
[-0.11373529 -0.1375991  -0.14460394 -0.13605641 -0.13291106 -0.16029863
 -0.14717253 -0.14626336 -0.138036   -0.14864382 -0.12759826 -0.14149746
 -0.15264578 -0.16467589 -0.14982179 -0.14858508 -0.14713748 -0.13192399
 -0.13028093 -0.13584848 -0.14821753 -0.15728683 -0.15545006 -0.12759242
 -0.13253949 -0.14760896 -0.12354976 -0.1519964  -0.14443196 -0.11716348
 -0.13450417 -0.13161441 -0.12570062 -0.15491556 -0.14447997 -0.13982526
 -0.13242731 -0.14331838 -0.12250684 -0.15102305 -0.15064058 -0.13585195
 -0.14546991 -0.16321022 -0.13970521 -0.14276777 -0.1238155  -0.13601144
 -0.12429332 -0.14309991 -0.13923918 -0.14800055 -0.12098584 -0.162356
 -0.16553485 -0.14199441 -0.13089855 -0.16427377 -0.13770829 -0.14656683
 -0.15387934 -0.12973949 -0.12532144 -0.14066499 -0.15461566 -0.13543377
 -0.12645201 -0.1515696  -0.13839886 -0.14123561 -0.13689795 -0.14422018
 -0.13130776 -0.14295004 -0.14862394 -0.1225502  -0.14021042 -0.14919931
 -0.14641638 -0.13078339 -0.14798364 -0.14715878 -0.14496003 -0.15662333
 -0.13410355 -0.15355134 -0.14832371 -0.14315152 -0.12427823 -0.13378932
 -0.13715463 -0.14786594 -0.15346507 -0.13783925 -0.15433019 -0.1479414
 -0.12953083 -0.14599031 -0.13076665 -0.15758641 -0.13309748 -0.13493481
 -0.13953951 -0.12315191 -0.13000121 -0.12470798 -0.14244935 -0.12501465
 -0.15074046 -0.14350458 -0.16009438 -0.13826541 -0.15243085 -0.15481545
 -0.13646688 -0.13577073 -0.1450788  -0.15321906 -0.14642635 -0.14674184
 -0.15317777 -0.14313481 -0.14387886 -0.13934573 -0.13654198 -0.13519955
 -0.14367801 -0.15735479 -0.15596414 -0.14012654 -0.11898483 -0.13178048
 -0.12866329 -0.15362564 -0.11385268 -0.15443662 -0.14626688 -0.11987367
 -0.15588338 -0.12256336 -0.13770826 -0.1351691  -0.12259621 -0.13169936
 -0.15595856 -0.13925576 -0.14597518 -0.13348011 -0.15707611 -0.12722308
 -0.12119257 -0.14781755 -0.14483559 -0.14143839 -0.13610654 -0.12209694
 -0.14818416 -0.15491229 -0.15586846 -0.13874842 -0.10825984 -0.14139866
 -0.14983615 -0.15950527 -0.1467752  -0.14458501 -0.1253486  -0.12644783
 -0.13927068 -0.13216176 -0.12130495 -0.12704995 -0.14287215 -0.13209261
 -0.13550913 -0.11882065 -0.13359177 -0.14328112 -0.12876695 -0.13197805
 -0.13447824 -0.15580464 -0.13908244 -0.1401913  -0.14296492 -0.15874309
 -0.13383282 -0.14928849 -0.12749892 -0.15670561 -0.1502367  -0.12789374
 -0.11692696 -0.15229517 -0.12873443 -0.13978979 -0.13836769 -0.14268154
 -0.15387457 -0.13313568]
charlie_repeat-1
BLEU
[0.20667694 0.18329684 0.15935408 0.18515139 0.18576174 0.1730149
 0.19282252 0.18601326 0.17718792 0.17684031 0.18833916 0.15902513
 0.17061131 0.1602525  0.1695011  0.17168512 0.12609036 0.18533409
 0.1873325  0.16255367 0.19321178 0.16066122 0.1880852  0.1788851
 0.17896379 0.16889664 0.20098668 0.15464626 0.20266    0.1936173
 0.18856768 0.21001475 0.20042441 0.16091692 0.20389876 0.21901033
 0.18712164 0.15843953 0.1742678  0.16637303 0.17854902 0.17239712
 0.16615764 0.14948515 0.19783902 0.19436691 0.20132878 0.20733951
 0.18678248 0.16065489 0.18954509 0.173627   0.23717731 0.1438314
 0.13503677 0.14593206 0.18751786 0.13444938 0.1720402  0.19540704
 0.18120215 0.19204308 0.20906437 0.15273642 0.18754181 0.20453927
 0.19310409 0.18387728 0.18168867 0.17649961 0.17782698 0.18434687
 0.17563954 0.18387245 0.19030541 0.20066179 0.17593126 0.17039667
 0.16003456 0.21082082 0.16922038 0.20981208 0.19368979 0.14721779
 0.211493   0.17610252 0.17757999 0.18955985 0.17487912 0.15610849
 0.1855798  0.15458324 0.15560648 0.17831004 0.17429332 0.18773061
 0.20094492 0.18182202 0.19689402 0.14493301 0.21123186 0.18623517
 0.18243937 0.22747064 0.18701651 0.17538875 0.18672723 0.21154241
 0.14953044 0.19179878 0.13467812 0.16826896 0.15913724 0.17353175
 0.1843152  0.24654676 0.14829733 0.14223635 0.19204691 0.15498097
 0.15347575 0.17678768 0.1894339  0.1423889  0.18932325 0.16670704
 0.20207372 0.17319998 0.17468747 0.16024428 0.21049396 0.18474751
 0.20390268 0.15935286 0.19140737 0.17972738 0.16545994 0.17527409
 0.18084258 0.19473432 0.20125414 0.16979752 0.21691248 0.20140536
 0.15094892 0.1810519  0.18265614 0.19335134 0.15635549 0.2190703
 0.21131074 0.15186202 0.21291435 0.16800428 0.16153994 0.19329528
 0.1366675  0.15490633 0.16469747 0.18315258 0.20237343 0.14941355
 0.15422933 0.1474793  0.17658532 0.17206647 0.19765517 0.18277815
 0.19317638 0.20716854 0.22211869 0.18600385 0.19238154 0.17580455
 0.16934667 0.21612136 0.172569   0.16088899 0.17864166 0.17399784
 0.20408972 0.17429428 0.17109872 0.17755808 0.15803182 0.16593302
 0.15820753 0.21265763 0.19334046 0.17842406 0.18072646 0.21063363
 0.22395138 0.16103789 0.2320277  0.17877603 0.15752261 0.19420665
 0.14663511 0.21411758]
charlie_repeat-1
METEOR
[0.18310353 0.13674873 0.14484324 0.1579741  0.18940056 0.13029401
 0.1457203  0.15145882 0.13477231 0.1679436  0.17224267 0.14933244
 0.15564891 0.15199485 0.14597108 0.13623124 0.1178602  0.14337328
 0.14642156 0.14076628 0.16222707 0.13080717 0.1655285  0.16243598
 0.15456854 0.13895949 0.16489267 0.13589185 0.15673764 0.160479
 0.16767549 0.19512561 0.15958052 0.14976429 0.15716598 0.1711488
 0.16128764 0.12197607 0.14873038 0.13879185 0.13910784 0.14000009
 0.1246675  0.11347499 0.16013237 0.15009602 0.15420777 0.1723842
 0.17316493 0.16156053 0.18393909 0.13690196 0.19027484 0.11887377
 0.12575175 0.14136535 0.14392031 0.11131339 0.13572061 0.14016059
 0.17475292 0.16351603 0.19286732 0.13197524 0.13895974 0.14581648
 0.14868323 0.14258304 0.15660486 0.1539784  0.14028365 0.14488474
 0.17034648 0.1410094  0.14836775 0.16679559 0.13553272 0.14518918
 0.14351839 0.16663362 0.13090317 0.16053148 0.14880045 0.12995457
 0.15580518 0.1543669  0.13880481 0.16841177 0.14176021 0.14576588
 0.16112221 0.12882167 0.13321543 0.13266756 0.13343403 0.17550632
 0.16836382 0.1460403  0.16925026 0.12751247 0.17575781 0.16720671
 0.15146499 0.18265392 0.14508509 0.15569195 0.14901143 0.17220941
 0.12879076 0.15907444 0.11955166 0.15440724 0.12066454 0.14124563
 0.13632139 0.19823758 0.12660977 0.12599852 0.17656282 0.13400042
 0.12338992 0.1441386  0.16435022 0.1181345  0.15667541 0.14228052
 0.19221283 0.14572274 0.13542777 0.1218967  0.17458326 0.14880914
 0.16284922 0.12701896 0.16091237 0.15312758 0.13315264 0.13982957
 0.14474173 0.15265055 0.172544   0.12363714 0.18186734 0.15781095
 0.11288703 0.13857057 0.18673807 0.14540779 0.13359366 0.16739376
 0.17442962 0.13413252 0.17133628 0.12169408 0.13836338 0.16815645
 0.13981825 0.13209158 0.15184599 0.15990948 0.15596021 0.13436507
 0.12845556 0.13118657 0.13832489 0.14488711 0.15068004 0.15897522
 0.15146726 0.17064292 0.18823291 0.16366122 0.15242748 0.16237092
 0.13534725 0.15460245 0.14884648 0.13130897 0.13715295 0.13234835
 0.17502354 0.13115199 0.14788577 0.15207304 0.13686626 0.13986468
 0.13641733 0.15457625 0.14326751 0.13271761 0.14537477 0.16413123
 0.18819131 0.12325846 0.19381925 0.13728959 0.10653013 0.14296142
 0.12435219 0.16102471]
charlie_repeat-1
BERT
[0.78743166 0.78640205 0.78434384 0.7829172  0.7882789  0.7819679
 0.78161675 0.7893129  0.78520966 0.7821823  0.78924143 0.7844267
 0.78432727 0.786337   0.7853906  0.784141   0.78145504 0.7861023
 0.7845023  0.786988   0.7823317  0.7873522  0.7879224  0.779744
 0.78566605 0.7831121  0.7872258  0.7802624  0.7844484  0.7887978
 0.7855235  0.78412175 0.7812429  0.78555965 0.7846351  0.7877949
 0.78063995 0.7857157  0.7899208  0.7847101  0.786948   0.7843896
 0.7860927  0.7835992  0.7878771  0.78185284 0.78230655 0.7827436
 0.78394204 0.78748053 0.79260737 0.7925123  0.7870473  0.78419864
 0.7839787  0.78339237 0.78657717 0.78060895 0.7882011  0.7891096
 0.7902965  0.7899825  0.78163177 0.78708833 0.78426075 0.787914
 0.78307575 0.7833038  0.79286575 0.78515786 0.7850821  0.7800433
 0.78174156 0.77973807 0.78682756 0.78839505 0.78774    0.78331345
 0.78471214 0.78849906 0.78757995 0.7878458  0.7868747  0.78159416
 0.7911044  0.78401697 0.7828668  0.7895865  0.78410226 0.782377
 0.7815278  0.78260505 0.78354955 0.7870404  0.7822382  0.79305065
 0.78756684 0.784107   0.7837356  0.7899233  0.786841   0.78828895
 0.7855425  0.7866239  0.7862663  0.7870436  0.7893942  0.7857734
 0.78251636 0.7925775  0.7781342  0.78521633 0.78286546 0.7837788
 0.7859809  0.7905005  0.7846212  0.7786549  0.7868148  0.78598666
 0.7819259  0.7882749  0.7912538  0.78403705 0.788173   0.78513473
 0.7837765  0.78346074 0.78142434 0.78236824 0.78542066 0.78047335
 0.7892529  0.78569543 0.7893167  0.78716624 0.7807335  0.78884125
 0.785146   0.78715676 0.7900195  0.782368   0.78580076 0.7887178
 0.7857276  0.7870636  0.78741354 0.7831185  0.7841546  0.78240156
 0.7887175  0.7824994  0.7874671  0.7817572  0.7833927  0.7860759
 0.7886251  0.7801379  0.781924   0.7860671  0.7883997  0.7842154
 0.7866569  0.7851418  0.78084546 0.7811508  0.7833416  0.7831658
 0.7803764  0.7891723  0.789406   0.7908927  0.78680986 0.790452
 0.78322995 0.78432995 0.7893645  0.78077567 0.7817206  0.7861766
 0.7884478  0.78449583 0.79063004 0.78841645 0.78626615 0.7802417
 0.7849058  0.7890275  0.78996164 0.7847195  0.78991663 0.7851425
 0.7848161  0.78553057 0.78386325 0.7811096  0.78619605 0.78233624
 0.7846515  0.78483635]
[nltk_data] Downloading package wordnet to /mnt/iusers01/fse-
[nltk_data]     ugpgt01/compsci01/q12628ct/nltk_data...
[nltk_data]   Package wordnet is already up-to-date!
[nltk_data] Downloading package punkt_tab to /mnt/iusers01/fse-
[nltk_data]     ugpgt01/compsci01/q12628ct/nltk_data...
[nltk_data]   Package punkt_tab is already up-to-date!
[nltk_data] Downloading package omw-1.4 to /mnt/iusers01/fse-
[nltk_data]     ugpgt01/compsci01/q12628ct/nltk_data...
[nltk_data]   Package omw-1.4 is already up-to-date!
/mnt/iusers01/fse-ugpgt01/compsci01/q12628ct/.conda/envs/semantic-decoding/lib/python3.10/site-packages/huggingface_hub/file_download.py:945: FutureWarning: `resume_download` is deprecated and will be removed in version 1.0.0. Downloads always resume when possible. If you want to force a new download, use `force_download=True`.
  warnings.warn(
Some weights of the model checkpoint at roberta-large were not used when initializing RobertaModel: ['lm_head.dense.bias', 'lm_head.dense.weight', 'lm_head.bias', 'lm_head.layer_norm.weight', 'lm_head.layer_norm.bias']
- This IS expected if you are initializing RobertaModel from the checkpoint of a model trained on another task or with another architecture (e.g. initializing a BertForSequenceClassification model from a BertForPreTraining model).
- This IS NOT expected if you are initializing RobertaModel from the checkpoint of a model that you expect to be exactly identical (initializing a BertForSequenceClassification model from a BertForSequenceClassification model).
Some weights of RobertaModel were not initialized from the model checkpoint at roberta-large and are newly initialized: ['roberta.pooler.dense.weight', 'roberta.pooler.dense.bias']
You should probably TRAIN this model on a down-stream task to be able to use it for predictions and inference.
charlie_repeat-2
WER
[-0.16826867 -0.1635453  -0.16134471 -0.17204956 -0.18421463 -0.17695968
 -0.16577372 -0.14496845 -0.17552162 -0.18087265 -0.2033532  -0.16607393
 -0.17074345 -0.17984053 -0.15529117 -0.18248548 -0.18578334 -0.14583665
 -0.16803257 -0.19056179 -0.1764885  -0.18322524 -0.17219598 -0.18669543
 -0.18548255 -0.18621995 -0.18276625 -0.18655425 -0.18137782 -0.17458385
 -0.17455645 -0.17660749 -0.16218551 -0.16871662 -0.17002219 -0.17373768
 -0.17570772 -0.16300544 -0.15857567 -0.18703068 -0.16171124 -0.17573517
 -0.18224    -0.1817127  -0.17146332 -0.16903799 -0.18537953 -0.16370127
 -0.18911024 -0.18170965 -0.17123016 -0.16488908 -0.16324197 -0.16268753
 -0.1534797  -0.1743786  -0.15507284 -0.15797324 -0.16441773 -0.17661279
 -0.1753391  -0.17147892 -0.16263121 -0.1824704  -0.16362572 -0.19216678
 -0.16677168 -0.16867888 -0.17458118 -0.1826156  -0.17373431 -0.15602494
 -0.17973203 -0.1583512  -0.18227413 -0.17213183 -0.17571559 -0.16127816
 -0.17045764 -0.1882001  -0.17093822 -0.15789542 -0.18583086 -0.18071116
 -0.17087116 -0.18751796 -0.16681507 -0.17012429 -0.17230444 -0.15111154
 -0.17168485 -0.18451496 -0.16493991 -0.1977284  -0.16150042 -0.19805989
 -0.1894916  -0.17064149 -0.18518867 -0.17449702 -0.16041303 -0.17338732
 -0.15474706 -0.18394026 -0.18626235 -0.16159552 -0.17264683 -0.17187826
 -0.19212535 -0.16599355 -0.17911665 -0.19008266 -0.19189926 -0.19296521
 -0.17218411 -0.16806635 -0.1738434  -0.17893388 -0.17179644 -0.17195024
 -0.16765007 -0.17018895 -0.1762485  -0.18290236 -0.17385797 -0.1464657
 -0.17818046 -0.17211791 -0.18066982 -0.17098689 -0.16499177 -0.19286959
 -0.18426032 -0.17997043 -0.15755278 -0.18474997 -0.17169438 -0.16444901
 -0.18149282 -0.15569797 -0.1655489  -0.17978954 -0.1562204  -0.15266115
 -0.17903615 -0.16575899 -0.16959523 -0.14337969 -0.16072315 -0.16326816
 -0.16465641 -0.16094125 -0.17816942 -0.16976347 -0.17719655 -0.15924809
 -0.17462189 -0.17478749 -0.16674005 -0.16946319 -0.18167642 -0.17678848
 -0.16298769 -0.18589842 -0.17060567 -0.18645703 -0.1864214  -0.16006903
 -0.15390065 -0.1665691  -0.18768023 -0.15915167 -0.17949325 -0.15413667
 -0.17681519 -0.17028068 -0.18371167 -0.15690455 -0.15302471 -0.18773199
 -0.16773917 -0.15868139 -0.17779803 -0.1698281  -0.1776811  -0.18715128
 -0.16454264 -0.16064257 -0.1655154  -0.15521119 -0.1766367  -0.16630418
 -0.16341947 -0.14935255 -0.16029388 -0.16529875 -0.17571706 -0.15217592
 -0.17606623 -0.17620846]
charlie_repeat-2
BLEU
[0.14883293 0.15044442 0.19116595 0.16216213 0.18104783 0.17426229
 0.2050765  0.20675408 0.16685718 0.1833891  0.14699356 0.17064145
 0.17503089 0.15337854 0.1957334  0.18212293 0.16996807 0.19458687
 0.16113914 0.16384623 0.1627273  0.16318866 0.17334235 0.16922698
 0.17181692 0.15877304 0.13177937 0.16473939 0.18555754 0.17764684
 0.15692516 0.18962153 0.19404332 0.21859284 0.20759343 0.1921956
 0.19873216 0.19880524 0.21122229 0.16076723 0.20095534 0.15783416
 0.18745511 0.18533544 0.19496906 0.20496615 0.15831433 0.20058295
 0.17535138 0.15716666 0.17008243 0.19142243 0.18705007 0.22487292
 0.17860885 0.16860206 0.19556561 0.17281746 0.19435733 0.19617674
 0.17640511 0.1879431  0.18553265 0.17189993 0.17330824 0.16634058
 0.19817648 0.19048119 0.18198463 0.1494869  0.16575581 0.2197827
 0.15248911 0.21653032 0.16758907 0.17917503 0.17348392 0.17934645
 0.18036768 0.17416742 0.19165149 0.1814575  0.19230547 0.16974458
 0.18286575 0.19027487 0.16102592 0.17635443 0.18902763 0.18319168
 0.20483403 0.15957958 0.20910381 0.15464945 0.16981477 0.14182574
 0.15456562 0.17995999 0.15149472 0.19115603 0.19180935 0.18391839
 0.18645878 0.15748462 0.14118154 0.19508939 0.15133502 0.19644293
 0.17937472 0.18532584 0.14691755 0.1382034  0.16139324 0.12705397
 0.18436493 0.17668669 0.19285648 0.18002113 0.17220435 0.16238264
 0.18155601 0.16229501 0.19559182 0.17896572 0.18513671 0.19579606
 0.17418464 0.20361642 0.1563085  0.20852023 0.20557394 0.19031809
 0.16779301 0.1559186  0.17455077 0.19516334 0.18090807 0.19046961
 0.17318381 0.22664371 0.20649342 0.15806413 0.20682247 0.17767409
 0.1686607  0.20913183 0.19899831 0.20758026 0.19822929 0.19165054
 0.22960014 0.20047125 0.18972754 0.17026187 0.15398743 0.17554364
 0.16831013 0.17263273 0.16606961 0.17641305 0.15201354 0.17053703
 0.18533772 0.18613275 0.19134615 0.17188486 0.18924217 0.20061347
 0.19938214 0.23073308 0.15522515 0.18581208 0.21516401 0.17596621
 0.19523434 0.16475777 0.17154364 0.22266187 0.2052452  0.15774888
 0.20515165 0.17869714 0.19066722 0.18513844 0.16954292 0.18595244
 0.1944098  0.21270622 0.2122938  0.20264612 0.17602969 0.16581095
 0.18596517 0.20351755 0.21966643 0.19487421 0.19403907 0.1641757
 0.18337809 0.14554076]
charlie_repeat-2
METEOR
[0.1214619  0.14928792 0.16346714 0.16601939 0.14946486 0.16375999
 0.17996134 0.18216153 0.15615044 0.16443787 0.11495678 0.14278098
 0.1444958  0.12596553 0.17521225 0.15767837 0.13760797 0.15947539
 0.15925606 0.13354143 0.12723521 0.13770965 0.16416737 0.13073052
 0.14922397 0.14935546 0.10367909 0.12788227 0.13923116 0.15149022
 0.1544118  0.15567436 0.17051323 0.18131678 0.17706618 0.15952956
 0.159711   0.15252613 0.17637773 0.1288132  0.17451991 0.12730703
 0.16320807 0.14830434 0.15606512 0.15129826 0.13843363 0.16504955
 0.14644926 0.12153044 0.12894856 0.17188907 0.16245547 0.16242805
 0.1684483  0.16597102 0.16669109 0.15143255 0.15694266 0.13968092
 0.1400229  0.1613274  0.16442357 0.14860067 0.12951635 0.14531136
 0.17692416 0.18584857 0.14344532 0.12080616 0.12995148 0.18620659
 0.14492658 0.14257844 0.14392647 0.15609361 0.15293807 0.19139362
 0.14967532 0.14220372 0.1504697  0.15173931 0.15219744 0.13223952
 0.14829513 0.1524967  0.13916014 0.13871864 0.1672632  0.15722415
 0.15802065 0.15513085 0.16564488 0.11735269 0.13232112 0.11951891
 0.12082591 0.1594753  0.14794474 0.16655072 0.15038399 0.16656287
 0.15809151 0.11839747 0.12400202 0.15782115 0.13720633 0.14658819
 0.14319615 0.13503196 0.13416043 0.12267025 0.1291755  0.11743164
 0.18392497 0.14068658 0.18168977 0.17424558 0.1411942  0.13107353
 0.15985783 0.13832345 0.1534525  0.15922298 0.15175779 0.15861897
 0.13950451 0.15918752 0.14006549 0.15906341 0.15337279 0.15055357
 0.15446607 0.11956218 0.1421632  0.16930354 0.1454281  0.16933542
 0.13707303 0.1771899  0.17760387 0.13866187 0.16405693 0.15053712
 0.14742681 0.16593135 0.13392818 0.17394367 0.16902581 0.15343703
 0.18114891 0.15914116 0.14368528 0.15304253 0.12139647 0.13381316
 0.14474873 0.14602891 0.14061671 0.14766817 0.13899174 0.13814592
 0.16211633 0.14282715 0.16682888 0.14700181 0.13385717 0.14816217
 0.16184868 0.17147399 0.14736233 0.15021027 0.16657617 0.16100307
 0.18466559 0.15852266 0.13722525 0.18836212 0.15983717 0.13903691
 0.14992892 0.14682402 0.14884458 0.15412382 0.14175406 0.14342611
 0.16753138 0.16351258 0.17276867 0.15564924 0.14148144 0.14295604
 0.1593176  0.16713255 0.17401869 0.15773175 0.17618339 0.13358864
 0.16931043 0.13352599]
charlie_repeat-2
BERT
[0.78390306 0.788448   0.7901561  0.78952855 0.7903602  0.78422695
 0.7887888  0.78883463 0.7847592  0.7933023  0.78144276 0.78389794
 0.78579086 0.78169155 0.78523254 0.78421617 0.78623295 0.78318053
 0.79160404 0.7820816  0.7795184  0.7781405  0.785831   0.7863498
 0.78067297 0.7819678  0.7869749  0.7852495  0.78525925 0.7895604
 0.78781044 0.789775   0.78846496 0.78720146 0.7900051  0.78422666
 0.7894782  0.784565   0.7872252  0.78210235 0.7908186  0.7813923
 0.7840581  0.7776778  0.78344345 0.7892962  0.7871419  0.7923101
 0.7828762  0.78308105 0.7817045  0.7852599  0.78698236 0.78834015
 0.7861488  0.7901253  0.7858285  0.7856565  0.7855836  0.7833259
 0.7849315  0.7846187  0.7864591  0.7828115  0.7851699  0.7826071
 0.78351325 0.7900104  0.7861152  0.7830888  0.78925604 0.78330684
 0.7866505  0.78335935 0.78268814 0.7901388  0.78370684 0.78814167
 0.7855533  0.78559947 0.78719383 0.7887537  0.7819423  0.7839196
 0.7810973  0.7839442  0.7849283  0.78302336 0.7825724  0.7895778
 0.79010427 0.78333396 0.7879652  0.77797204 0.7840724  0.7815459
 0.783908   0.7843583  0.7837415  0.78560656 0.78300726 0.78562266
 0.7870865  0.78973824 0.78175485 0.7800154  0.7834627  0.78332317
 0.7818849  0.7814477  0.779796   0.78198177 0.7806234  0.78429645
 0.7865644  0.78669673 0.7827662  0.7843411  0.7828669  0.78896666
 0.7829095  0.7822203  0.7896842  0.7869734  0.783057   0.78729564
 0.78638923 0.7880529  0.782881   0.7824377  0.786547   0.7872228
 0.78769654 0.77958935 0.78847736 0.7895375  0.78457725 0.7840952
 0.7820496  0.7899703  0.78640527 0.7806533  0.78456676 0.78580505
 0.79209137 0.78242576 0.7851468  0.7946286  0.78488827 0.78221613
 0.79489017 0.7831104  0.7837682  0.78175026 0.7788337  0.7810203
 0.77971256 0.778683   0.7859603  0.7852757  0.7788192  0.7818437
 0.78207916 0.78516173 0.7877413  0.7827253  0.78818196 0.7812477
 0.7843107  0.78223735 0.791583   0.7930694  0.7920275  0.7820174
 0.79014224 0.78664416 0.77980447 0.79099435 0.7858844  0.78326315
 0.79363155 0.7823249  0.7815192  0.78519684 0.7814975  0.7822186
 0.7846315  0.78785205 0.7825311  0.7875945  0.7886427  0.7821105
 0.78488606 0.7882155  0.7871372  0.78277624 0.7837735  0.77889425
 0.78508794 0.78222936]
[nltk_data] Downloading package wordnet to /mnt/iusers01/fse-
[nltk_data]     ugpgt01/compsci01/q12628ct/nltk_data...
[nltk_data]   Package wordnet is already up-to-date!
[nltk_data] Downloading package punkt_tab to /mnt/iusers01/fse-
[nltk_data]     ugpgt01/compsci01/q12628ct/nltk_data...
[nltk_data]   Package punkt_tab is already up-to-date!
[nltk_data] Downloading package omw-1.4 to /mnt/iusers01/fse-
[nltk_data]     ugpgt01/compsci01/q12628ct/nltk_data...
[nltk_data]   Package omw-1.4 is already up-to-date!
/mnt/iusers01/fse-ugpgt01/compsci01/q12628ct/.conda/envs/semantic-decoding/lib/python3.10/site-packages/huggingface_hub/file_download.py:945: FutureWarning: `resume_download` is deprecated and will be removed in version 1.0.0. Downloads always resume when possible. If you want to force a new download, use `force_download=True`.
  warnings.warn(
Some weights of the model checkpoint at roberta-large were not used when initializing RobertaModel: ['lm_head.layer_norm.bias', 'lm_head.layer_norm.weight', 'lm_head.dense.bias', 'lm_head.dense.weight', 'lm_head.bias']
- This IS expected if you are initializing RobertaModel from the checkpoint of a model trained on another task or with another architecture (e.g. initializing a BertForSequenceClassification model from a BertForPreTraining model).
- This IS NOT expected if you are initializing RobertaModel from the checkpoint of a model that you expect to be exactly identical (initializing a BertForSequenceClassification model from a BertForSequenceClassification model).
Some weights of RobertaModel were not initialized from the model checkpoint at roberta-large and are newly initialized: ['roberta.pooler.dense.bias', 'roberta.pooler.dense.weight']
You should probably TRAIN this model on a down-stream task to be able to use it for predictions and inference.
delta_repeat-1
WER
[-0.23680842 -0.22877626 -0.24186792 -0.25991395 -0.23576501 -0.22648509
 -0.23462911 -0.24311121 -0.22851825 -0.25575532 -0.22876545 -0.22955874
 -0.2269346  -0.2404173  -0.23807902 -0.22782639 -0.23672162 -0.229645
 -0.22120544 -0.23409677 -0.22743226 -0.21100346 -0.20867171 -0.20905457
 -0.22910707 -0.25613643 -0.21337611 -0.24097017 -0.23073084 -0.24405509
 -0.24826491 -0.24362719 -0.21649759 -0.25140977 -0.24099136 -0.22114122
 -0.22129959 -0.22869375 -0.22213424 -0.22656026 -0.22581183 -0.21546789
 -0.22466025 -0.22448019 -0.24987257 -0.23292544 -0.21587329 -0.2254532
 -0.22979828 -0.19448413 -0.22228967 -0.23274901 -0.21983779 -0.23969282
 -0.24131878 -0.23264232 -0.23392882 -0.23909412 -0.23955441 -0.22717851
 -0.22239889 -0.22931096 -0.23215207 -0.22332076 -0.23250982 -0.20551501
 -0.22655055 -0.23135171 -0.22677014 -0.24923439 -0.24725396 -0.24231917
 -0.22419561 -0.25568091 -0.20932775 -0.26369956 -0.22877779 -0.21327283
 -0.24691322 -0.25827134 -0.22410409 -0.234946   -0.20841091 -0.2030841
 -0.24184738 -0.23078147 -0.21535457 -0.26594426 -0.24169932 -0.24261179
 -0.23758617 -0.21688611 -0.24704179 -0.21990274 -0.2274272  -0.23393841
 -0.24050108 -0.20438056 -0.21151954 -0.23931404 -0.23760088 -0.22866964
 -0.2407913  -0.24746844 -0.25466576 -0.24167159 -0.22826746 -0.2396886
 -0.2574926  -0.22960346 -0.20879074 -0.22469919 -0.25024804 -0.21650971
 -0.23445509 -0.23473487 -0.24332236 -0.24161288 -0.2036175  -0.24730623
 -0.21903416 -0.22451985 -0.24849492 -0.23065926 -0.21424298 -0.24553207
 -0.21991494 -0.25245425 -0.23077164 -0.22871868 -0.22101085 -0.25072427
 -0.22094833 -0.23466645 -0.2359993  -0.22120061 -0.20683598 -0.23719216
 -0.23741335 -0.22032009 -0.23382879 -0.23298986 -0.22884669 -0.23909678
 -0.21523484 -0.20834387 -0.23717482 -0.24811493 -0.2442881  -0.24974053
 -0.20365581 -0.19845138 -0.20862381 -0.20167018 -0.25082333 -0.20515412
 -0.20356721 -0.24469499 -0.22210639 -0.2337387  -0.2342355  -0.22527735
 -0.20076949 -0.19461205 -0.19559249 -0.23628086 -0.24853464 -0.21139281
 -0.24018544 -0.24879513 -0.23155555 -0.2490195  -0.24308033 -0.23389518
 -0.22980871 -0.21915239 -0.19881709 -0.19439502 -0.21601256 -0.22074328
 -0.24998928 -0.23193242 -0.24216253 -0.22403355 -0.24029513 -0.22832663
 -0.24381262 -0.25164149 -0.22423639 -0.22242069 -0.23611376 -0.23637357
 -0.22964324 -0.22419566 -0.24415335 -0.23021154 -0.2496413  -0.22798506
 -0.23114554 -0.23190008]
delta_repeat-1
BLEU
[0.16574388 0.19304653 0.13743762 0.14034285 0.15761959 0.15841419
 0.17197337 0.15818466 0.20497972 0.16141439 0.19856085 0.21391712
 0.14449389 0.14869051 0.16847962 0.19132488 0.1922999  0.15590399
 0.1970921  0.19278588 0.16443442 0.20443091 0.19827379 0.17946684
 0.18896884 0.15189529 0.18087647 0.16791429 0.17146004 0.19160954
 0.12365833 0.20123853 0.185874   0.16211027 0.1807131  0.18717021
 0.20536384 0.20088841 0.18326434 0.20048916 0.13607953 0.18334516
 0.18344921 0.20306723 0.11929488 0.18107881 0.18112961 0.20618743
 0.16098298 0.22942637 0.20387795 0.16580289 0.17255439 0.16997485
 0.1799524  0.18430816 0.17927835 0.16640091 0.18231747 0.20332417
 0.17307458 0.18218585 0.16260011 0.20111543 0.19253215 0.19958136
 0.18785473 0.18022297 0.17276768 0.17023157 0.13588423 0.17558918
 0.19713642 0.1369783  0.20895579 0.15479056 0.17483771 0.19693014
 0.16493132 0.12888805 0.18860156 0.17093747 0.17307981 0.19954685
 0.15172687 0.18699469 0.19658875 0.1615709  0.18176422 0.18180972
 0.16764179 0.20905842 0.15274722 0.17074399 0.19881084 0.16974451
 0.16126949 0.21415739 0.19347878 0.19432136 0.18378073 0.20186544
 0.16734697 0.18191683 0.16419838 0.17241434 0.1791853  0.1629106
 0.14119335 0.20708467 0.19761882 0.17793127 0.16473563 0.2179181
 0.20067634 0.16298884 0.20486933 0.22075102 0.21468091 0.19196058
 0.19167737 0.17447704 0.18464941 0.20706619 0.18561459 0.18598227
 0.1799593  0.17192139 0.17868919 0.16213959 0.19212823 0.17528533
 0.20694517 0.156743   0.22783679 0.18725959 0.20362107 0.13592127
 0.14116424 0.22832792 0.17085344 0.18271645 0.19221918 0.14092351
 0.20540744 0.22801748 0.17791874 0.16112617 0.14889285 0.13935169
 0.19695603 0.17481015 0.21400513 0.17175979 0.1894051  0.21949313
 0.204808   0.15735868 0.20111357 0.19124614 0.14236194 0.18041631
 0.20012247 0.23613954 0.16848246 0.2053778  0.20205603 0.18803518
 0.15884845 0.17225639 0.17051571 0.15706875 0.20117818 0.1644529
 0.21149029 0.19732031 0.21959615 0.21203559 0.17208661 0.19523224
 0.14920796 0.20031629 0.19715242 0.18134977 0.15465728 0.17680335
 0.19169034 0.1465548  0.18876701 0.17018909 0.17681565 0.20919557
 0.16698928 0.20372269 0.1631761  0.17371129 0.1668108  0.21953492
 0.18660876 0.17001082]
delta_repeat-1
METEOR
[0.14226458 0.15224157 0.15648079 0.11922899 0.1436653  0.14469001
 0.16160138 0.14057383 0.1824589  0.14493712 0.19265204 0.19514285
 0.13787575 0.13214989 0.15577475 0.19115485 0.16678537 0.1559818
 0.17012888 0.15331682 0.14153242 0.16725    0.19807048 0.18245154
 0.18604422 0.12849423 0.1515035  0.14464567 0.14396006 0.16687045
 0.10913896 0.17704399 0.14674666 0.12945021 0.15077637 0.16196405
 0.18455053 0.16703759 0.16762068 0.16074443 0.10550868 0.1424766
 0.14372751 0.16340369 0.1097315  0.14243038 0.14769631 0.1896159
 0.14452729 0.17771361 0.16970713 0.13722001 0.14134286 0.14905065
 0.14865642 0.16642387 0.16239028 0.13347154 0.1508393  0.17644371
 0.15948845 0.15921091 0.12608389 0.19609138 0.17077992 0.18575253
 0.13834431 0.16831995 0.15872032 0.1576968  0.12495583 0.15780649
 0.14806769 0.12574571 0.17081828 0.15278085 0.15284955 0.15678606
 0.14772079 0.11382113 0.16357656 0.14140504 0.16343225 0.16442645
 0.14540509 0.15946217 0.17994796 0.12066522 0.16286281 0.15102603
 0.14939485 0.19428737 0.14647044 0.14054434 0.15875    0.13908692
 0.1374638  0.18495459 0.1855273  0.17384572 0.15789624 0.18698313
 0.15152458 0.16169707 0.1477469  0.15162868 0.15973456 0.15271001
 0.11599221 0.16803728 0.17673798 0.12755417 0.11800267 0.18631084
 0.17673909 0.14665774 0.16657559 0.19052769 0.18144787 0.18302927
 0.17936806 0.15403952 0.14076856 0.17017279 0.15627556 0.16189941
 0.15467624 0.15621936 0.15764879 0.15677379 0.15340899 0.15911646
 0.18203022 0.13025653 0.19462223 0.18052243 0.18011108 0.12078669
 0.14894844 0.17926331 0.14402669 0.17451857 0.15538125 0.13251931
 0.16745069 0.19501943 0.16151763 0.15267925 0.13025052 0.15122463
 0.16349366 0.1590223  0.17545968 0.16657564 0.17157988 0.17805192
 0.16433157 0.14601195 0.15338508 0.16035601 0.1218208  0.15374999
 0.18593072 0.17575971 0.14245651 0.16848464 0.17387799 0.16377039
 0.14422064 0.14438232 0.14570974 0.14034095 0.20043332 0.16253635
 0.17625817 0.17982048 0.20551947 0.17220309 0.17244201 0.19249691
 0.13068731 0.18499774 0.1855945  0.15161423 0.12785284 0.1522773
 0.15960722 0.13006931 0.17859987 0.15652566 0.15520479 0.17547983
 0.14026768 0.17011408 0.14969864 0.15597854 0.16369332 0.16830684
 0.1684811  0.15681186]
delta_repeat-1
BERT
[0.80124646 0.7959167  0.7955888  0.7940162  0.7975533  0.7982445
 0.7918434  0.79600906 0.80226064 0.8004917  0.8012803  0.80239224
 0.7960069  0.7986004  0.7992977  0.8022406  0.8034495  0.7968908
 0.7984656  0.80355686 0.8025179  0.8074075  0.8017827  0.8033155
 0.80169624 0.7968735  0.8012645  0.8024803  0.796021   0.802459
 0.7979239  0.8039516  0.80488485 0.79886913 0.8095079  0.80527663
 0.807927   0.8035351  0.7971953  0.8055938  0.7935683  0.80050755
 0.8041657  0.7951742  0.79451716 0.80059534 0.8023247  0.813079
 0.7960348  0.80301446 0.8013531  0.79964286 0.7998996  0.80175453
 0.79877543 0.79696727 0.8049076  0.7943119  0.7963136  0.80044353
 0.7999309  0.79722875 0.79488474 0.80974317 0.81828076 0.8075573
 0.8003819  0.7986412  0.7987496  0.8017832  0.79225755 0.80099326
 0.8052232  0.79170215 0.796998   0.7948094  0.79280555 0.80158347
 0.795345   0.79716593 0.80459857 0.7958691  0.80111516 0.8075968
 0.79693234 0.80055386 0.8065884  0.7896737  0.79779744 0.7969317
 0.79615253 0.8079247  0.7940657  0.7980146  0.80423284 0.7973553
 0.7977743  0.8058802  0.80419785 0.8072     0.8008721  0.81160617
 0.80591136 0.80993915 0.7953707  0.799972   0.79645455 0.80135393
 0.7984434  0.8083387  0.80004954 0.8041646  0.79547334 0.8054166
 0.80622536 0.7912259  0.8089346  0.8080774  0.8128911  0.8053391
 0.808585   0.7929344  0.80662704 0.8052824  0.8047586  0.80676174
 0.806538   0.7957817  0.79875046 0.7996287  0.806237   0.8008142
 0.8061609  0.8022487  0.8051171  0.791855   0.8059475  0.79338986
 0.7972573  0.8037101  0.78846407 0.7993144  0.80257726 0.796884
 0.80582094 0.8145484  0.79980767 0.8051114  0.7978222  0.79803056
 0.8088198  0.79587716 0.805641   0.7923196  0.8045027  0.80547446
 0.8076688  0.7964926  0.7968601  0.79836226 0.7918134  0.79999554
 0.8034082  0.8054849  0.79452896 0.8078151  0.8020406  0.7956641
 0.79766965 0.7964093  0.79298264 0.79352707 0.8047693  0.7972077
 0.8040427  0.80624574 0.7996657  0.80340374 0.8073314  0.80739707
 0.7967374  0.80865574 0.80039334 0.80452245 0.78885156 0.79307073
 0.799375   0.7945016  0.80210215 0.80248475 0.8049761  0.8054894
 0.8060754  0.80339235 0.8013489  0.80216527 0.7913624  0.80200756
 0.80078757 0.80269694]
[nltk_data] Downloading package wordnet to /mnt/iusers01/fse-
[nltk_data]     ugpgt01/compsci01/q12628ct/nltk_data...
[nltk_data]   Package wordnet is already up-to-date!
[nltk_data] Downloading package punkt_tab to /mnt/iusers01/fse-
[nltk_data]     ugpgt01/compsci01/q12628ct/nltk_data...
[nltk_data]   Package punkt_tab is already up-to-date!
[nltk_data] Downloading package omw-1.4 to /mnt/iusers01/fse-
[nltk_data]     ugpgt01/compsci01/q12628ct/nltk_data...
[nltk_data]   Package omw-1.4 is already up-to-date!
/mnt/iusers01/fse-ugpgt01/compsci01/q12628ct/.conda/envs/semantic-decoding/lib/python3.10/site-packages/huggingface_hub/file_download.py:945: FutureWarning: `resume_download` is deprecated and will be removed in version 1.0.0. Downloads always resume when possible. If you want to force a new download, use `force_download=True`.
  warnings.warn(
Some weights of the model checkpoint at roberta-large were not used when initializing RobertaModel: ['lm_head.dense.bias', 'lm_head.dense.weight', 'lm_head.layer_norm.weight', 'lm_head.bias', 'lm_head.layer_norm.bias']
- This IS expected if you are initializing RobertaModel from the checkpoint of a model trained on another task or with another architecture (e.g. initializing a BertForSequenceClassification model from a BertForPreTraining model).
- This IS NOT expected if you are initializing RobertaModel from the checkpoint of a model that you expect to be exactly identical (initializing a BertForSequenceClassification model from a BertForSequenceClassification model).
Some weights of RobertaModel were not initialized from the model checkpoint at roberta-large and are newly initialized: ['roberta.pooler.dense.weight', 'roberta.pooler.dense.bias']
You should probably TRAIN this model on a down-stream task to be able to use it for predictions and inference.
delta_repeat-2
WER
[-0.26430947 -0.25965326 -0.27309281 -0.25778993 -0.2652093  -0.23550388
 -0.2772871  -0.25861635 -0.2835062  -0.25330167 -0.27648613 -0.27766163
 -0.25476343 -0.27574734 -0.23029685 -0.27580711 -0.26179902 -0.29605579
 -0.26652286 -0.28534706 -0.28810414 -0.2793347  -0.28049791 -0.27449715
 -0.28826327 -0.29125566 -0.27012293 -0.26598755 -0.27152298 -0.27654343
 -0.24788017 -0.24435279 -0.2888564  -0.26558078 -0.24521062 -0.29745745
 -0.26898662 -0.24728137 -0.26865464 -0.27261818 -0.27989884 -0.24885743
 -0.28896466 -0.29511344 -0.23672635 -0.27884923 -0.23573184 -0.28106044
 -0.24973267 -0.29088236 -0.27335138 -0.24118071 -0.27652098 -0.25982206
 -0.29192608 -0.27358106 -0.27819403 -0.23738533 -0.28115193 -0.25815323
 -0.28279809 -0.30325065 -0.24974662 -0.26218196 -0.25595115 -0.2413837
 -0.25681349 -0.28272638 -0.2883657  -0.28230952 -0.26814144 -0.28580357
 -0.2639129  -0.26465584 -0.26546095 -0.28054476 -0.30123121 -0.2535745
 -0.2747154  -0.28909783 -0.27024149 -0.27268094 -0.29290101 -0.2855709
 -0.27738512 -0.26454874 -0.29407612 -0.24554893 -0.27643266 -0.25846266
 -0.28829909 -0.28495134 -0.25635913 -0.26940539 -0.26784887 -0.26761282
 -0.27488894 -0.28925895 -0.26814191 -0.26865157 -0.27532469 -0.25679737
 -0.26959064 -0.23752803 -0.24800927 -0.27417908 -0.25485937 -0.27379957
 -0.255683   -0.27390287 -0.27843309 -0.29181953 -0.28168626 -0.27182625
 -0.28123855 -0.2924014  -0.27731888 -0.2624824  -0.29294118 -0.27992232
 -0.26907024 -0.27451677 -0.2442136  -0.28553369 -0.2877229  -0.29887318
 -0.25597361 -0.28144527 -0.24154818 -0.27615961 -0.28727454 -0.25074182
 -0.27176915 -0.28436057 -0.28776713 -0.29090091 -0.27843782 -0.28084401
 -0.25608334 -0.27609767 -0.24555181 -0.27858583 -0.27140129 -0.27801912
 -0.27532205 -0.24031356 -0.26186416 -0.2745049  -0.27338443 -0.25917159
 -0.2531574  -0.25692626 -0.29238092 -0.27179562 -0.27877486 -0.25860301
 -0.22781634 -0.26566895 -0.29448857 -0.27189208 -0.27092669 -0.27082508
 -0.27645226 -0.25206944 -0.28644552 -0.27387336 -0.26133951 -0.27577639
 -0.26556223 -0.24755153 -0.29044611 -0.27467725 -0.28838643 -0.2938744
 -0.24996903 -0.29103131 -0.2857456  -0.2549806  -0.25723008 -0.29672444
 -0.26478072 -0.25114109 -0.29817346 -0.2721223  -0.25977205 -0.29696939
 -0.2933604  -0.28230043 -0.27184195 -0.26339819 -0.2645221  -0.28003237
 -0.28589907 -0.29436519 -0.2491486  -0.24494379 -0.28374709 -0.25204518
 -0.27743486 -0.25805479]
delta_repeat-2
BLEU
[0.19378754 0.17906487 0.18662562 0.17326852 0.20569903 0.21791408
 0.19700585 0.21024262 0.16414378 0.20532909 0.19911457 0.14975462
 0.18126031 0.18770965 0.19436074 0.16844118 0.16875108 0.16699335
 0.17389927 0.1721787  0.16646663 0.1667628  0.17406327 0.15289841
 0.16145211 0.19014439 0.18649386 0.17114068 0.22307666 0.1679199
 0.2025777  0.19863211 0.17608847 0.17067761 0.19928256 0.15152662
 0.17898482 0.21482342 0.20839594 0.17398814 0.1621565  0.21211158
 0.18610356 0.1799561  0.203707   0.17603991 0.19005903 0.1363769
 0.20585338 0.17273905 0.1685563  0.19927171 0.1908043  0.20709775
 0.17618753 0.15127626 0.17142804 0.18836751 0.17605624 0.15820582
 0.12296871 0.15108852 0.17163831 0.18656028 0.17583307 0.21075262
 0.21744989 0.16442048 0.13150506 0.19439577 0.1777424  0.14307228
 0.18758054 0.15632899 0.15985551 0.16255605 0.15804071 0.19929852
 0.1656357  0.15108638 0.17935447 0.17700745 0.20483025 0.1772352
 0.16934449 0.1408432  0.14447166 0.18489265 0.15563952 0.17138939
 0.18140283 0.1310733  0.21339898 0.19482952 0.18403574 0.19340228
 0.19058593 0.18383668 0.18025707 0.17949101 0.15846882 0.20837453
 0.17867911 0.20593953 0.19095431 0.16896956 0.15371471 0.18095558
 0.19421491 0.14938663 0.1535021  0.1319448  0.14368743 0.19348418
 0.1625289  0.16492639 0.19860311 0.17661357 0.16129751 0.18188117
 0.16989785 0.19888709 0.20175386 0.16889945 0.16509023 0.13707201
 0.19296487 0.1587774  0.19982114 0.1823987  0.17388545 0.2138902
 0.19631819 0.1417156  0.14813504 0.14298561 0.19180423 0.20938431
 0.20325409 0.15677036 0.20114576 0.16924556 0.1765325  0.15997344
 0.16545881 0.19055295 0.20605926 0.17315135 0.17053905 0.18279611
 0.19907545 0.22170289 0.15873909 0.15337712 0.15785306 0.22493639
 0.21165384 0.17379898 0.12224666 0.16510524 0.19884034 0.18350763
 0.19432946 0.21546839 0.17495009 0.17527343 0.17376759 0.18583479
 0.22882512 0.18762449 0.16403624 0.1725321  0.17328157 0.17558873
 0.18921052 0.14253754 0.16135215 0.21895672 0.19540853 0.15085017
 0.18454115 0.18616133 0.15609277 0.17924805 0.19966447 0.10641328
 0.15185579 0.1740431  0.19802542 0.18663097 0.1722437  0.16321175
 0.18480482 0.13014345 0.2047667  0.20089622 0.15417143 0.18623114
 0.17796401 0.20432208]
delta_repeat-2
METEOR
[0.15914642 0.14342459 0.17565749 0.15125823 0.19558936 0.17203761
 0.19228166 0.19810244 0.15167344 0.16396294 0.16986645 0.14019392
 0.15990277 0.19131963 0.1581132  0.15087254 0.14260914 0.15475619
 0.14401783 0.15096119 0.16404872 0.15405727 0.15567476 0.13019768
 0.15871612 0.16205341 0.18210723 0.1972197  0.19429297 0.15128994
 0.19316411 0.19670034 0.15431825 0.14620463 0.16221387 0.14227434
 0.16192101 0.19051925 0.18589241 0.15568787 0.14871732 0.19994224
 0.16792894 0.16920659 0.21099127 0.15884733 0.1721526  0.1515891
 0.16045321 0.15123066 0.14473983 0.19744774 0.17049292 0.18043398
 0.17197969 0.13588636 0.16137216 0.16106243 0.15039421 0.13918549
 0.12454269 0.14016888 0.14918326 0.18134278 0.14616725 0.17644658
 0.18928404 0.16495108 0.12275268 0.16137315 0.14812998 0.13650195
 0.15076087 0.13816569 0.14579319 0.1341926  0.14319166 0.17100237
 0.14596031 0.1327103  0.1698311  0.17019319 0.16640159 0.16405667
 0.15516439 0.12646614 0.12864519 0.14955679 0.10984007 0.14636593
 0.15408389 0.12467833 0.18276385 0.17522603 0.14761651 0.17662671
 0.1619824  0.15393637 0.15380797 0.15098219 0.15205464 0.1846764
 0.14227696 0.17100982 0.17641828 0.15823045 0.13900463 0.1659423
 0.1925518  0.13902128 0.13782097 0.13100058 0.14243453 0.15531207
 0.15979219 0.15048796 0.16448213 0.13922544 0.13684077 0.18340833
 0.14547648 0.16923572 0.18547483 0.12280175 0.15544598 0.11588062
 0.19760849 0.15372987 0.17499723 0.13838494 0.17836527 0.17722726
 0.1568209  0.12370797 0.13780765 0.13073886 0.1542411  0.18469163
 0.19638485 0.14481325 0.18364776 0.16649697 0.16490714 0.14649899
 0.14600244 0.16749623 0.19300892 0.16411979 0.17212718 0.19736829
 0.17547506 0.18041538 0.14317442 0.13827987 0.13168023 0.18664194
 0.18932017 0.17185556 0.11731909 0.15558949 0.16203568 0.16189868
 0.18420602 0.19645279 0.15525817 0.15615396 0.1405218  0.16521604
 0.17566131 0.17020733 0.14768923 0.16502326 0.154314   0.16524289
 0.16690533 0.11664101 0.15868121 0.19836442 0.17859088 0.14643386
 0.15913729 0.15536066 0.15229833 0.16410285 0.16910361 0.10717116
 0.13378002 0.16635362 0.18836376 0.15598636 0.16364731 0.1551535
 0.13940818 0.12651296 0.20455461 0.18438491 0.14556144 0.16475811
 0.15751319 0.17859245]
delta_repeat-2
BERT
[0.7995592  0.8044059  0.8073059  0.79643196 0.81022906 0.80843425
 0.80255544 0.81406945 0.79314667 0.80423635 0.8002183  0.7972291
 0.81056327 0.80222756 0.8057133  0.7922693  0.8030387  0.8051462
 0.79824233 0.80043864 0.8066302  0.8019164  0.7966062  0.79659724
 0.7998118  0.8038574  0.8061517  0.80932903 0.81046325 0.79834944
 0.80446875 0.80489635 0.8066288  0.80180377 0.80493    0.792907
 0.803597   0.80239683 0.81198364 0.80393004 0.7990316  0.81030875
 0.8078761  0.7955035  0.802361   0.7935816  0.7971477  0.7991398
 0.8048887  0.80173826 0.8019962  0.80827796 0.7997286  0.8020597
 0.7986502  0.7919612  0.8081088  0.79504526 0.7990827  0.79568547
 0.7946062  0.79646635 0.80090296 0.8001537  0.80258393 0.79624057
 0.8073334  0.800004   0.7963963  0.8051993  0.8004141  0.79469895
 0.80268365 0.79627025 0.79622597 0.7948592  0.798319   0.80062306
 0.7964406  0.7991716  0.80898356 0.8053582  0.8016596  0.80174524
 0.79924804 0.7954438  0.79363334 0.8027501  0.8003757  0.7985644
 0.801524   0.7959228  0.8110849  0.80626166 0.80290806 0.8119608
 0.80438864 0.79631644 0.80122524 0.8001066  0.798142   0.8070465
 0.79769415 0.8080693  0.8029589  0.8003287  0.8008315  0.79908234
 0.81162924 0.79111564 0.79990405 0.79020756 0.7996212  0.8086407
 0.79222816 0.7918463  0.80521375 0.80003625 0.80257785 0.80433106
 0.79471093 0.797933   0.8121286  0.80419594 0.79861665 0.79546094
 0.8115679  0.7974537  0.7997109  0.7967594  0.8042987  0.80075955
 0.80288917 0.79653233 0.80424637 0.79550534 0.8010342  0.8038386
 0.807587   0.7967914  0.8039997  0.8001175  0.80334806 0.79697406
 0.7986535  0.8093849  0.8101735  0.7979602  0.7998685  0.79578483
 0.80735815 0.8082091  0.8018533  0.79627424 0.79665273 0.80446696
 0.8046951  0.80070347 0.7940675  0.7998472  0.80336314 0.8055226
 0.80253553 0.80501276 0.79637444 0.793952   0.79268545 0.8052882
 0.80995876 0.8055385  0.79555875 0.8042152  0.8047857  0.8082293
 0.8047398  0.7948995  0.80464786 0.8021895  0.8050479  0.80118656
 0.7964939  0.80484575 0.79549295 0.80154896 0.8075944  0.79334146
 0.7964284  0.8015714  0.8048758  0.8028103  0.79844016 0.8017994
 0.7956165  0.7958316  0.8130683  0.8103077  0.7961573  0.8049514
 0.79292583 0.80278313]
[nltk_data] Downloading package wordnet to /mnt/iusers01/fse-
[nltk_data]     ugpgt01/compsci01/q12628ct/nltk_data...
[nltk_data]   Package wordnet is already up-to-date!
[nltk_data] Downloading package punkt_tab to /mnt/iusers01/fse-
[nltk_data]     ugpgt01/compsci01/q12628ct/nltk_data...
[nltk_data]   Package punkt_tab is already up-to-date!
[nltk_data] Downloading package omw-1.4 to /mnt/iusers01/fse-
[nltk_data]     ugpgt01/compsci01/q12628ct/nltk_data...
[nltk_data]   Package omw-1.4 is already up-to-date!
/mnt/iusers01/fse-ugpgt01/compsci01/q12628ct/.conda/envs/semantic-decoding/lib/python3.10/site-packages/huggingface_hub/file_download.py:945: FutureWarning: `resume_download` is deprecated and will be removed in version 1.0.0. Downloads always resume when possible. If you want to force a new download, use `force_download=True`.
  warnings.warn(
Some weights of the model checkpoint at roberta-large were not used when initializing RobertaModel: ['lm_head.bias', 'lm_head.layer_norm.bias', 'lm_head.layer_norm.weight', 'lm_head.dense.weight', 'lm_head.dense.bias']
- This IS expected if you are initializing RobertaModel from the checkpoint of a model trained on another task or with another architecture (e.g. initializing a BertForSequenceClassification model from a BertForPreTraining model).
- This IS NOT expected if you are initializing RobertaModel from the checkpoint of a model that you expect to be exactly identical (initializing a BertForSequenceClassification model from a BertForSequenceClassification model).
Some weights of RobertaModel were not initialized from the model checkpoint at roberta-large and are newly initialized: ['roberta.pooler.dense.weight', 'roberta.pooler.dense.bias']
You should probably TRAIN this model on a down-stream task to be able to use it for predictions and inference.
echo_repeat-1
WER
[-0.05033389 -0.07782276 -0.04299936 -0.05891676 -0.06357535 -0.04267599
 -0.06469711 -0.04851501 -0.06460997 -0.0540391  -0.04616315 -0.05110752
 -0.07365334 -0.05503326 -0.070086   -0.06959497 -0.06972115 -0.07277207
 -0.06114862 -0.03272103 -0.07536139 -0.04644092 -0.05286152 -0.04677397
 -0.05017079 -0.03518892 -0.0492146  -0.07134252 -0.05290878 -0.06995114
 -0.04964    -0.07237559 -0.05801725 -0.07360134 -0.07043421 -0.06725159
 -0.07255499 -0.07712758 -0.06207304 -0.05941272 -0.05418064 -0.04923022
 -0.07186335 -0.07267688 -0.06444732 -0.05830596 -0.05875899 -0.05692393
 -0.07369199 -0.06471474 -0.04912517 -0.07049833 -0.06789172 -0.07375335
 -0.07182508 -0.05737046 -0.06618824 -0.06342898 -0.06916897 -0.07685881
 -0.05639978 -0.06600577 -0.06479478 -0.04972097 -0.07118987 -0.04774559
 -0.05657894 -0.08633862 -0.0742975  -0.07927967 -0.06194031 -0.07298998
 -0.06582128 -0.06472048 -0.06673864 -0.06086455 -0.07434    -0.06418489
 -0.06873623 -0.07010026 -0.03949314 -0.06439395 -0.05562376 -0.05161044
 -0.07577158 -0.04404534 -0.07024978 -0.06293042 -0.0619013  -0.07273962
 -0.05920288 -0.07957743 -0.0673407  -0.05267509 -0.06998861 -0.07723252
 -0.04644414 -0.04777433 -0.06946979 -0.05905258 -0.07043017 -0.06115822
 -0.06156711 -0.0489613  -0.0629219  -0.0753919  -0.06972546 -0.06851017
 -0.07740108 -0.06868806 -0.05371653 -0.04168028 -0.05153301 -0.06786446
 -0.05612137 -0.07144611 -0.06483795 -0.07421659 -0.07005752 -0.0667742
 -0.0908074  -0.06870539 -0.07740528 -0.07743476 -0.07246776 -0.0520766
 -0.05764118 -0.06646382 -0.06420088 -0.05968633 -0.06334222 -0.0676494
 -0.05537643 -0.0644814  -0.06780581 -0.07011369 -0.08408634 -0.06126575
 -0.05495771 -0.05781384 -0.05632326 -0.06679872 -0.06039246 -0.06511842
 -0.067344   -0.07158362 -0.05693898 -0.06924728 -0.05172235 -0.05875005
 -0.05528977 -0.06148064 -0.06293771 -0.0770299  -0.08025898 -0.06658348
 -0.04681264 -0.04716342 -0.0596121  -0.02812074 -0.06191597 -0.06898082
 -0.06744582 -0.06013451 -0.06684721 -0.04993417 -0.07262946 -0.06133549
 -0.0520841  -0.04679859 -0.06653606 -0.06558762 -0.05225833 -0.06649506
 -0.04669801 -0.06385894 -0.06798268 -0.06266686 -0.07004392 -0.05630469
 -0.06165344 -0.04856394 -0.0719389  -0.06271515 -0.05914551 -0.06264207
 -0.071965   -0.04046717 -0.07516313 -0.06451157 -0.07626277 -0.05851882
 -0.05145035 -0.05201613 -0.07866279 -0.07117277 -0.05427566 -0.04328069
 -0.05847119 -0.04273919]
echo_repeat-1
BLEU
[0.15767048 0.14775372 0.17960073 0.16922505 0.14788597 0.18345035
 0.15545642 0.16148004 0.17700597 0.19211953 0.17707055 0.15788208
 0.13553893 0.18994667 0.17584217 0.16153144 0.16643268 0.13711431
 0.16231721 0.18536746 0.13604945 0.16341401 0.17220839 0.17703047
 0.19877616 0.20137178 0.18489803 0.13058561 0.1555438  0.18396401
 0.19209769 0.14672566 0.18658797 0.16302501 0.14055047 0.18566615
 0.11844279 0.1801261  0.1891456  0.1505369  0.16859977 0.16582321
 0.12564626 0.13177763 0.14406024 0.20100309 0.13699189 0.1713817
 0.18237755 0.17166815 0.16149167 0.17388436 0.15211011 0.16108804
 0.1284156  0.14079414 0.16226389 0.11857305 0.14807803 0.15605417
 0.1863848  0.11672365 0.18518757 0.16489864 0.15247005 0.17673496
 0.1445153  0.13998989 0.17103625 0.13012154 0.15542324 0.14689038
 0.14951791 0.15168154 0.14569212 0.16110399 0.15907296 0.13395373
 0.17673733 0.13375237 0.1907221  0.16363622 0.14788092 0.15667036
 0.15063314 0.13469845 0.11620748 0.1530985  0.16101778 0.182172
 0.15085388 0.16679149 0.16896676 0.1564142  0.14907549 0.15452408
 0.16539322 0.17667054 0.13213199 0.14139833 0.1333358  0.18260874
 0.14138146 0.17395802 0.15497597 0.15585252 0.13403784 0.15544564
 0.12861746 0.12510226 0.17276196 0.19222019 0.16732684 0.1655886
 0.17083232 0.10692261 0.13635295 0.16340086 0.14919203 0.1632726
 0.14013128 0.15297555 0.16194375 0.1564605  0.13855037 0.17839389
 0.16444577 0.15827436 0.1655893  0.16352219 0.15402221 0.18554472
 0.17575983 0.16668204 0.16740467 0.14603041 0.15824215 0.14914714
 0.1566544  0.13975128 0.15607054 0.16811999 0.16646395 0.14637947
 0.14587432 0.16040035 0.16836761 0.15536119 0.17756135 0.13329356
 0.16315641 0.14930468 0.17048672 0.15646113 0.14626359 0.17139174
 0.15195142 0.13581528 0.16866805 0.16341318 0.17510787 0.12719998
 0.16869227 0.18328613 0.14109694 0.20384548 0.14425382 0.17202776
 0.11878633 0.20463541 0.13846642 0.1631515  0.1774567  0.1737348
 0.19103277 0.12843857 0.15744745 0.16391641 0.14309029 0.19817461
 0.15063506 0.15941071 0.16506271 0.14578395 0.13649071 0.15040201
 0.16306698 0.18736857 0.17086485 0.15192841 0.13899978 0.19598781
 0.15815284 0.20055577 0.17602092 0.17316002 0.15801101 0.18108589
 0.21182249 0.18091294]
echo_repeat-1
METEOR
[0.11968384 0.1206511  0.11950055 0.11951267 0.08811052 0.12611991
 0.11838623 0.0994199  0.12474226 0.12570993 0.12129423 0.10334775
 0.08544399 0.13940946 0.11012789 0.09958872 0.10207562 0.09574358
 0.10806404 0.11316131 0.09395963 0.09858378 0.10181701 0.11178982
 0.11987421 0.15763822 0.11649388 0.08328025 0.09168846 0.11983448
 0.13487841 0.09468732 0.11733045 0.11401071 0.08711742 0.11645416
 0.08096837 0.11672481 0.13082739 0.10309804 0.11115457 0.10232764
 0.08344121 0.09469647 0.10917049 0.12855733 0.10579293 0.11235885
 0.12305276 0.11780314 0.11710422 0.11558295 0.10544279 0.09826672
 0.09547372 0.09011878 0.10456709 0.07387555 0.09873174 0.10504847
 0.12609213 0.08620422 0.13099242 0.09886146 0.08902134 0.11890538
 0.09786411 0.08706912 0.11487426 0.08954991 0.10566308 0.09524409
 0.10497135 0.09956382 0.08157462 0.11179508 0.12301501 0.09296364
 0.11237271 0.08644733 0.1263243  0.10806269 0.09838144 0.11016544
 0.1037814  0.08693713 0.08327858 0.10211356 0.11503613 0.13162698
 0.11935366 0.11852195 0.12916797 0.11665621 0.11875368 0.10740754
 0.1035467  0.11942812 0.09755624 0.10051064 0.10177046 0.12352441
 0.09041145 0.11198615 0.10074834 0.09998952 0.09893055 0.11554918
 0.09108356 0.09523685 0.11836076 0.11564137 0.12019741 0.11233298
 0.11752934 0.08741051 0.09173884 0.11066067 0.10334926 0.11637256
 0.10809564 0.11710589 0.11617216 0.09612736 0.08992958 0.11710182
 0.11380869 0.09201939 0.12517843 0.11472084 0.10334306 0.11921454
 0.11601226 0.11186438 0.10643042 0.09734066 0.10016063 0.10478103
 0.1076641  0.09921674 0.09590367 0.12136678 0.12235756 0.10584656
 0.10443882 0.09967471 0.11041821 0.1189892  0.10724156 0.09592455
 0.10341685 0.09079657 0.12294636 0.12549833 0.10578285 0.1071702
 0.09483537 0.10055803 0.1125889  0.10334353 0.11390509 0.08994966
 0.12185688 0.10716601 0.10435587 0.13317468 0.10380588 0.10827907
 0.08927246 0.13706147 0.09820379 0.1094084  0.11848405 0.11529335
 0.135423   0.08026928 0.10962198 0.11064628 0.10094202 0.12060168
 0.0912216  0.11777561 0.11976422 0.10993978 0.10700763 0.10126982
 0.09840205 0.13155341 0.11039269 0.10112876 0.09814732 0.13335907
 0.10992109 0.1303448  0.13147816 0.12080727 0.11216609 0.12806508
 0.14170246 0.1090039 ]
echo_repeat-1
BERT
[0.7840996  0.7757797  0.78688    0.7831267  0.7761531  0.7845847
 0.78030425 0.7835287  0.7785957  0.7882757  0.78775036 0.7856993
 0.7789739  0.7829953  0.78183615 0.78149366 0.782301   0.77983284
 0.78078014 0.7814301  0.7764561  0.7791667  0.78065246 0.7845962
 0.7841278  0.7820803  0.78156215 0.7796393  0.7819479  0.7827901
 0.7829372  0.7821237  0.7817927  0.77639437 0.77803534 0.7796967
 0.7809027  0.7841434  0.78381914 0.7852541  0.78214365 0.78278685
 0.7818391  0.7780856  0.78387207 0.78681254 0.7830674  0.7840606
 0.7806747  0.7773218  0.7871854  0.7819192  0.77974004 0.7790136
 0.77975416 0.78303176 0.7840999  0.7784138  0.781005   0.77846324
 0.7795572  0.7801587  0.7803707  0.7859943  0.78399694 0.7844752
 0.7783572  0.7801962  0.7804526  0.7812966  0.78365105 0.7768085
 0.78024244 0.78057045 0.77819693 0.7832789  0.78000695 0.7831098
 0.7811011  0.7845086  0.78648937 0.78395975 0.7811391  0.78351456
 0.78072727 0.78201836 0.7765107  0.7805307  0.7883599  0.7802339
 0.7812588  0.78112894 0.7810299  0.7780158  0.78067344 0.77913976
 0.7801827  0.7825804  0.7819771  0.78224516 0.7786382  0.7804503
 0.7778388  0.77739763 0.7821951  0.7834509  0.7781462  0.78150773
 0.7814386  0.7773009  0.783976   0.7798947  0.7828409  0.7786956
 0.78130656 0.77891177 0.7776797  0.7807514  0.7824817  0.78278834
 0.7799824  0.78388363 0.7871726  0.78020996 0.7775357  0.7813798
 0.78527117 0.77836895 0.78399175 0.7790624  0.7784546  0.7801325
 0.78610826 0.78162414 0.7787123  0.77884984 0.77816445 0.7766029
 0.7835915  0.7806776  0.78416145 0.7848698  0.7822273  0.7811913
 0.7778656  0.7832609  0.7861142  0.78513366 0.7850199  0.778999
 0.7786912  0.778685   0.77919775 0.78512007 0.7795433  0.78066605
 0.7844484  0.78139144 0.7830651  0.78134584 0.78224826 0.77743584
 0.7784992  0.7841986  0.78060925 0.7825352  0.7815096  0.78322124
 0.78046286 0.7816945  0.77734774 0.78530073 0.7865606  0.78355575
 0.7830714  0.77950245 0.78272563 0.7873086  0.7817255  0.7832978
 0.7795568  0.7777337  0.7855236  0.7768085  0.77636325 0.78047985
 0.7802489  0.7847346  0.7824883  0.77822864 0.7826847  0.78349614
 0.78378963 0.7838866  0.78737545 0.7847335  0.78450114 0.7812522
 0.7830414  0.77994657]
[nltk_data] Downloading package wordnet to /mnt/iusers01/fse-
[nltk_data]     ugpgt01/compsci01/q12628ct/nltk_data...
[nltk_data]   Package wordnet is already up-to-date!
[nltk_data] Downloading package punkt_tab to /mnt/iusers01/fse-
[nltk_data]     ugpgt01/compsci01/q12628ct/nltk_data...
[nltk_data]   Package punkt_tab is already up-to-date!
[nltk_data] Downloading package omw-1.4 to /mnt/iusers01/fse-
[nltk_data]     ugpgt01/compsci01/q12628ct/nltk_data...
[nltk_data]   Package omw-1.4 is already up-to-date!
/mnt/iusers01/fse-ugpgt01/compsci01/q12628ct/.conda/envs/semantic-decoding/lib/python3.10/site-packages/huggingface_hub/file_download.py:945: FutureWarning: `resume_download` is deprecated and will be removed in version 1.0.0. Downloads always resume when possible. If you want to force a new download, use `force_download=True`.
  warnings.warn(
Some weights of the model checkpoint at roberta-large were not used when initializing RobertaModel: ['lm_head.layer_norm.weight', 'lm_head.bias', 'lm_head.layer_norm.bias', 'lm_head.dense.weight', 'lm_head.dense.bias']
- This IS expected if you are initializing RobertaModel from the checkpoint of a model trained on another task or with another architecture (e.g. initializing a BertForSequenceClassification model from a BertForPreTraining model).
- This IS NOT expected if you are initializing RobertaModel from the checkpoint of a model that you expect to be exactly identical (initializing a BertForSequenceClassification model from a BertForSequenceClassification model).
Some weights of RobertaModel were not initialized from the model checkpoint at roberta-large and are newly initialized: ['roberta.pooler.dense.bias', 'roberta.pooler.dense.weight']
You should probably TRAIN this model on a down-stream task to be able to use it for predictions and inference.
echo_repeat-2
WER
[-0.12479671 -0.09861926 -0.12407851 -0.11277741 -0.12021212 -0.12340015
 -0.10062522 -0.11001278 -0.11355696 -0.11193634 -0.10265388 -0.10823457
 -0.10702232 -0.09689856 -0.11868158 -0.12333693 -0.11842328 -0.10022064
 -0.08194081 -0.12687085 -0.10988164 -0.11585239 -0.11528758 -0.11023233
 -0.11484148 -0.08922465 -0.11827137 -0.11228827 -0.09502894 -0.12160085
 -0.12924411 -0.11902369 -0.11403725 -0.11761104 -0.11991122 -0.10399442
 -0.1079593  -0.10994343 -0.10960801 -0.09017486 -0.11817933 -0.12410026
 -0.11314731 -0.1121377  -0.10878581 -0.12345602 -0.11653148 -0.11691592
 -0.10720596 -0.1249596  -0.10422619 -0.11639341 -0.11118261 -0.1235663
 -0.11884963 -0.12307818 -0.1051162  -0.09816218 -0.10399607 -0.11215488
 -0.10013748 -0.10055919 -0.11034825 -0.09702081 -0.11810813 -0.12192641
 -0.10332986 -0.1156243  -0.10086151 -0.12562807 -0.10188864 -0.1056665
 -0.10731986 -0.1289348  -0.11697063 -0.119059   -0.09712986 -0.11768125
 -0.09790846 -0.12623008 -0.11051744 -0.10281349 -0.0976968  -0.11165912
 -0.11343872 -0.10828283 -0.10984087 -0.10003778 -0.10753464 -0.09924824
 -0.11065551 -0.11165774 -0.10149604 -0.11144885 -0.1049517  -0.10974575
 -0.11216465 -0.12548107 -0.10843917 -0.13169942 -0.10896379 -0.11287182
 -0.10262241 -0.10193367 -0.12932306 -0.11185416 -0.09359942 -0.12074236
 -0.09079691 -0.11142091 -0.09533441 -0.10010447 -0.11730159 -0.1286492
 -0.12195401 -0.11754935 -0.09306281 -0.08621603 -0.1184859  -0.10184078
 -0.12153343 -0.13087412 -0.09572175 -0.11955008 -0.12253723 -0.11995957
 -0.13293564 -0.12232527 -0.10810128 -0.10311681 -0.10357743 -0.12652233
 -0.11579709 -0.11221881 -0.10512326 -0.10372964 -0.11098986 -0.09492444
 -0.12899921 -0.10493048 -0.12731252 -0.10797704 -0.10961114 -0.1082779
 -0.11413772 -0.12277728 -0.11639505 -0.09840023 -0.09265973 -0.09747024
 -0.09980911 -0.11936208 -0.11680483 -0.096323   -0.1019663  -0.10311222
 -0.11435125 -0.12402024 -0.11626957 -0.10301938 -0.11345168 -0.09517903
 -0.11454146 -0.11647475 -0.11817207 -0.11876383 -0.11219146 -0.11566963
 -0.11798821 -0.0980253  -0.12220081 -0.13050204 -0.09551348 -0.11018976
 -0.11018736 -0.113076   -0.1138051  -0.11511209 -0.11555336 -0.10811288
 -0.12861996 -0.08248401 -0.07686308 -0.11138572 -0.10810247 -0.10656735
 -0.09712189 -0.11006661 -0.12264734 -0.12735197 -0.11443962 -0.122015
 -0.10012237 -0.11896107 -0.10320112 -0.12241038 -0.10379208 -0.11231024
 -0.11130009 -0.10985554]
echo_repeat-2
BLEU
[0.12480023 0.17784835 0.12540761 0.16320067 0.16755137 0.11764773
 0.17332992 0.11999775 0.14881356 0.17013017 0.14731803 0.15413192
 0.14944535 0.16165532 0.13360454 0.14060956 0.14840507 0.19517268
 0.1549944  0.13380376 0.14030208 0.12972277 0.18084147 0.15609149
 0.16511092 0.18852649 0.1545654  0.15594131 0.15347545 0.12175449
 0.1621644  0.15784669 0.18010131 0.14575326 0.14119504 0.20321492
 0.16342341 0.17141715 0.18236329 0.19361995 0.15439852 0.14258471
 0.15831185 0.17015512 0.14823545 0.13984907 0.13786536 0.13249294
 0.20671057 0.14237582 0.17150182 0.16024132 0.17002366 0.14107873
 0.13603447 0.12869152 0.15401886 0.19984108 0.18431315 0.14454707
 0.17971389 0.12901658 0.15331584 0.17101691 0.13861858 0.1795845
 0.14954806 0.16851213 0.17043303 0.16365486 0.15444702 0.15947888
 0.16487948 0.12656478 0.18944206 0.12954851 0.14125735 0.11183254
 0.17403306 0.13573939 0.1651194  0.19071813 0.15746607 0.15471396
 0.14837403 0.16919208 0.14585012 0.15054299 0.17631975 0.17958994
 0.15874578 0.19738191 0.18877472 0.17035838 0.17894492 0.15259247
 0.14968707 0.15243984 0.14268194 0.12013618 0.13173856 0.15074578
 0.19210733 0.18913014 0.1431065  0.15672064 0.17217015 0.14557001
 0.19347231 0.17679485 0.15881591 0.15383755 0.15098726 0.1474834
 0.14161425 0.17316043 0.14873925 0.18183321 0.14185988 0.16269381
 0.16565435 0.12846573 0.17296128 0.16314664 0.12499205 0.14612092
 0.12230903 0.13710725 0.15625742 0.1522148  0.16113973 0.13865503
 0.16606977 0.15874048 0.21165794 0.19314009 0.13681482 0.14721065
 0.14045111 0.17673496 0.14141783 0.17791535 0.19522816 0.16872111
 0.14608878 0.14572146 0.18468967 0.15449144 0.1637898  0.16688395
 0.14842369 0.10733483 0.14062582 0.1951792  0.16923656 0.16596814
 0.16098952 0.1407371  0.16550041 0.15548999 0.1746644  0.18482267
 0.15478657 0.13793295 0.15626683 0.1685386  0.14107008 0.17741475
 0.15205322 0.1536597  0.1331957  0.14644303 0.17427142 0.1577361
 0.15353696 0.17852937 0.15662539 0.16322331 0.15028824 0.1349858
 0.1205305  0.20065433 0.19548082 0.14288789 0.16641443 0.14584558
 0.16852741 0.14256174 0.14210159 0.14565483 0.16700107 0.12995941
 0.17282285 0.16327672 0.1703453  0.14689275 0.16299213 0.15404891
 0.16170587 0.18289936]
echo_repeat-2
METEOR
[0.09728258 0.11039167 0.10012527 0.10957076 0.11307487 0.09094567
 0.12529563 0.09126553 0.11162119 0.10869829 0.09883231 0.11078334
 0.11720647 0.11080141 0.11035027 0.09547912 0.1041762  0.12525705
 0.10416191 0.09181449 0.10408135 0.09491141 0.11404554 0.10537406
 0.10995689 0.14417413 0.10642734 0.1118194  0.10770029 0.08757359
 0.11636173 0.11003329 0.12317893 0.10560264 0.0978403  0.12834282
 0.11358338 0.10833435 0.12048081 0.13129109 0.11357774 0.09957969
 0.11086867 0.1084348  0.10126914 0.09633282 0.09410459 0.08928533
 0.1363409  0.11018486 0.1202486  0.10303719 0.11155774 0.09875655
 0.09120848 0.08584222 0.11093207 0.13116889 0.12113677 0.10501411
 0.12864199 0.10522536 0.12452382 0.11192984 0.08322668 0.13123055
 0.1140957  0.11281842 0.10899696 0.10333592 0.10352885 0.09921714
 0.12197479 0.0926047  0.14267963 0.08759122 0.09188059 0.08205525
 0.11699724 0.1009852  0.11462481 0.12893532 0.10985259 0.11342215
 0.1172233  0.1215211  0.09835449 0.10529804 0.12319793 0.11613721
 0.13625368 0.15745961 0.13209152 0.12169859 0.1312739  0.11444112
 0.08658342 0.09775831 0.10124916 0.08566326 0.09116981 0.10115303
 0.12315049 0.13424437 0.09495659 0.10669358 0.11141283 0.10292855
 0.14803369 0.11394296 0.10910271 0.1227713  0.10586292 0.08674196
 0.09229204 0.12537653 0.10387967 0.11698041 0.08601296 0.10754461
 0.10857238 0.09648658 0.12431963 0.11646715 0.10186108 0.10649574
 0.09278041 0.09551742 0.11386408 0.10574477 0.11921047 0.09447718
 0.10966796 0.11154407 0.16494651 0.13008767 0.1033332  0.11781645
 0.10312709 0.12049364 0.09703971 0.12745369 0.13505696 0.119648
 0.09883779 0.10551253 0.13160906 0.11448305 0.11361786 0.11129776
 0.11191838 0.10364396 0.09706772 0.13134921 0.13288347 0.10579683
 0.11157178 0.0978858  0.11679835 0.10750885 0.11663697 0.13912975
 0.10083284 0.10858207 0.11842847 0.1183914  0.11480489 0.13091284
 0.11895456 0.10506437 0.0969863  0.1027151  0.11212709 0.10728598
 0.12737178 0.12806947 0.12785709 0.1069833  0.10084373 0.09340801
 0.09162912 0.13867381 0.13270464 0.11252479 0.13395249 0.11028216
 0.11747154 0.11480874 0.10298329 0.10070322 0.12180854 0.08420282
 0.10971616 0.11254373 0.11410581 0.09483608 0.11437686 0.11476956
 0.11029102 0.12419835]
echo_repeat-2
BERT
[0.7810636  0.7803206  0.7828162  0.78269076 0.7781461  0.77848804
 0.7816312  0.77923083 0.78161025 0.78263175 0.77915984 0.7831776
 0.78182083 0.7783636  0.7784475  0.7828374  0.78098696 0.7803929
 0.7799406  0.7790992  0.77935594 0.77991855 0.7858585  0.78434193
 0.77886975 0.78990936 0.7827599  0.78177625 0.7830167  0.7847897
 0.7831379  0.7835056  0.780893   0.78274053 0.778274   0.78344893
 0.78326017 0.779717   0.78280985 0.78304076 0.7788767  0.7758224
 0.78574556 0.7798826  0.77894866 0.78010875 0.78185344 0.7796783
 0.78308403 0.77906257 0.7854646  0.7850402  0.78267866 0.7778757
 0.78035825 0.77896976 0.7804449  0.78108203 0.7784966  0.7823277
 0.7858807  0.7822257  0.78329116 0.78406656 0.78015995 0.78315187
 0.7788708  0.78548    0.781991   0.78262126 0.7807654  0.7776849
 0.7803134  0.78197664 0.7879136  0.77948195 0.77959037 0.78125
 0.78786117 0.77839375 0.7825001  0.7819451  0.7842851  0.7805095
 0.7867027  0.78258497 0.7839433  0.7800081  0.7823773  0.7795731
 0.7833534  0.78253376 0.77979326 0.7821184  0.7839697  0.78280604
 0.7799224  0.78522545 0.7791378  0.7849184  0.7780702  0.78319997
 0.7807703  0.7828826  0.77855974 0.78388876 0.78084975 0.77920854
 0.78544205 0.7810133  0.782649   0.77914965 0.7800098  0.78026783
 0.7766243  0.7819494  0.78776306 0.78089154 0.78372556 0.7758902
 0.7827706  0.7747571  0.7827917  0.78063    0.7791802  0.77678716
 0.78031087 0.7812687  0.779337   0.77919424 0.78439295 0.776771
 0.78140855 0.78316945 0.78260684 0.7815469  0.78415215 0.7804628
 0.77579874 0.781018   0.7784037  0.77928066 0.7799937  0.7794527
 0.78174454 0.7800582  0.78755534 0.78461784 0.7858508  0.78075176
 0.7772852  0.7778241  0.78011245 0.7806874  0.7809208  0.7808901
 0.7803828  0.7816812  0.7786347  0.7795459  0.7812366  0.7867229
 0.782213   0.77371716 0.7797317  0.7819446  0.780673   0.7826553
 0.7803123  0.78316677 0.777321   0.7796322  0.7797852  0.7799282
 0.78232193 0.7842796  0.7791844  0.7813477  0.78345907 0.7784067
 0.78026074 0.7820395  0.7893035  0.7804601  0.7857557  0.78352904
 0.7837297  0.78119755 0.7803315  0.7784249  0.7802725  0.7790793
 0.7839662  0.784042   0.77830946 0.77704793 0.7824175  0.77968633
 0.7782799  0.7857066 ]
