Job is using 1 GPU(s) with ID(s) 0 and 8 CPU core(s)
torch cuade is available: True
[nltk_data] Downloading package wordnet to /mnt/iusers01/fse-
[nltk_data]     ugpgt01/compsci01/q12628ct/nltk_data...
[nltk_data]   Package wordnet is already up-to-date!
[nltk_data] Downloading package punkt_tab to /mnt/iusers01/fse-
[nltk_data]     ugpgt01/compsci01/q12628ct/nltk_data...
[nltk_data]   Package punkt_tab is already up-to-date!
[nltk_data] Downloading package omw-1.4 to /mnt/iusers01/fse-
[nltk_data]     ugpgt01/compsci01/q12628ct/nltk_data...
[nltk_data]   Package omw-1.4 is already up-to-date!
/mnt/iusers01/fse-ugpgt01/compsci01/q12628ct/.conda/envs/semantic-decoding/lib/python3.10/site-packages/huggingface_hub/file_download.py:945: FutureWarning: `resume_download` is deprecated and will be removed in version 1.0.0. Downloads always resume when possible. If you want to force a new download, use `force_download=True`.
  warnings.warn(
Some weights of the model checkpoint at roberta-large were not used when initializing RobertaModel: ['lm_head.dense.weight', 'lm_head.bias', 'lm_head.layer_norm.bias', 'lm_head.layer_norm.weight', 'lm_head.dense.bias']
- This IS expected if you are initializing RobertaModel from the checkpoint of a model trained on another task or with another architecture (e.g. initializing a BertForSequenceClassification model from a BertForPreTraining model).
- This IS NOT expected if you are initializing RobertaModel from the checkpoint of a model that you expect to be exactly identical (initializing a BertForSequenceClassification model from a BertForSequenceClassification model).
Some weights of RobertaModel were not initialized from the model checkpoint at roberta-large and are newly initialized: ['roberta.pooler.dense.bias', 'roberta.pooler.dense.weight']
You should probably TRAIN this model on a down-stream task to be able to use it for predictions and inference.
alpha
WER
[-0.15328467 -0.1459854  -0.16058394 -0.16788321 -0.1459854  -0.16788321
 -0.16058394 -0.15328467 -0.1459854  -0.13868613 -0.13138686 -0.15328467
 -0.15328467 -0.13868613 -0.16058394 -0.13868613 -0.1459854  -0.13138686
 -0.15328467 -0.17518248 -0.16788321 -0.15328467 -0.1459854  -0.16788321
 -0.15328467 -0.13868613 -0.1459854  -0.13138686 -0.15328467 -0.13868613
 -0.13868613 -0.1459854  -0.13868613 -0.13868613 -0.1459854  -0.18978102
 -0.1459854  -0.16788321 -0.13868613 -0.12408759 -0.1459854  -0.17518248
 -0.15328467 -0.18978102 -0.16788321 -0.13868613 -0.16058394 -0.18248175
 -0.16058394 -0.16058394 -0.12408759 -0.16058394 -0.16788321 -0.16788321
 -0.16788321 -0.17518248 -0.13138686 -0.16058394 -0.18248175 -0.1459854
 -0.17518248 -0.1459854  -0.16788321 -0.15328467 -0.16058394 -0.13868613
 -0.15328467 -0.1459854  -0.16058394 -0.15328467 -0.16058394 -0.13868613
 -0.17518248 -0.18248175 -0.15328467 -0.15328467 -0.16058394 -0.1459854
 -0.1459854  -0.15328467 -0.17518248 -0.16058394 -0.13868613 -0.15328467
 -0.16788321 -0.13868613 -0.1459854  -0.16788321 -0.17518248 -0.1459854
 -0.18978102 -0.13868613 -0.1459854  -0.16788321 -0.15328467 -0.12408759
 -0.16058394 -0.15328467 -0.15328467 -0.12408759 -0.12408759 -0.1459854
 -0.16788321 -0.16788321 -0.16058394 -0.16058394 -0.17518248 -0.16058394
 -0.1459854  -0.15328467 -0.13868613 -0.1459854  -0.13868613 -0.18978102
 -0.16788321 -0.13868613 -0.16788321 -0.13868613 -0.16058394 -0.16788321
 -0.17518248 -0.13868613 -0.12408759 -0.15328467 -0.1459854  -0.12408759
 -0.17518248 -0.16788321 -0.16058394 -0.16058394 -0.13868613 -0.16788321
 -0.16058394 -0.1459854  -0.16058394 -0.13868613 -0.16058394 -0.12408759
 -0.16058394 -0.15328467 -0.13868613 -0.15328467 -0.17518248 -0.16788321
 -0.17518248 -0.18248175 -0.13868613 -0.1459854  -0.1459854  -0.13868613
 -0.18978102 -0.17518248 -0.15328467 -0.1459854  -0.18248175 -0.1459854
 -0.16788321 -0.12408759 -0.16058394 -0.16058394 -0.16058394 -0.17518248
 -0.17518248 -0.1459854  -0.13138686 -0.13868613 -0.15328467 -0.15328467
 -0.1459854  -0.15328467 -0.15328467 -0.16058394 -0.16788321 -0.1459854
 -0.15328467 -0.13138686 -0.1459854  -0.15328467 -0.15328467 -0.13868613
 -0.1459854  -0.17518248 -0.18248175 -0.18248175 -0.1459854  -0.16058394
 -0.16058394 -0.15328467 -0.16788321 -0.13138686 -0.15328467 -0.18248175
 -0.1459854  -0.17518248 -0.15328467 -0.16058394 -0.16058394 -0.13868613
 -0.1459854  -0.16788321]
alpha
BLEU
[0.29411765 0.28235294 0.22941176 0.24705882 0.32352941 0.22941176
 0.22352941 0.32352941 0.27647059 0.27647059 0.28235294 0.30588235
 0.25882353 0.25294118 0.25882353 0.25882353 0.29411765 0.31764706
 0.25294118 0.24117647 0.27058824 0.24705882 0.27647059 0.25294118
 0.25294118 0.27058824 0.28823529 0.28235294 0.31176471 0.28823529
 0.25882353 0.28235294 0.3        0.28823529 0.24705882 0.21176471
 0.3        0.26470588 0.27647059 0.3        0.31176471 0.28235294
 0.24117647 0.17647059 0.24705882 0.30588235 0.24705882 0.22352941
 0.28823529 0.28235294 0.31176471 0.30588235 0.25294118 0.25294118
 0.27647059 0.25882353 0.27058824 0.21764706 0.26470588 0.27058824
 0.16470588 0.29411765 0.24117647 0.27647059 0.25882353 0.27647059
 0.28235294 0.28235294 0.22941176 0.22941176 0.25294118 0.25882353
 0.21176471 0.18823529 0.30588235 0.27058824 0.21764706 0.27058824
 0.25294118 0.22352941 0.25294118 0.27647059 0.22352941 0.25882353
 0.28235294 0.29411765 0.30588235 0.22941176 0.21176471 0.25294118
 0.22941176 0.26470588 0.25294118 0.3        0.27647059 0.31176471
 0.29411765 0.30588235 0.24705882 0.3        0.28235294 0.30588235
 0.3        0.27647059 0.26470588 0.27647059 0.26470588 0.23529412
 0.25294118 0.29411765 0.27647059 0.24117647 0.27647059 0.19411765
 0.28823529 0.34117647 0.28823529 0.25882353 0.30588235 0.20588235
 0.27647059 0.27058824 0.28823529 0.24705882 0.24705882 0.29411765
 0.24117647 0.26470588 0.24705882 0.28823529 0.24705882 0.2
 0.27647059 0.28823529 0.28823529 0.28235294 0.21176471 0.28823529
 0.28235294 0.27647059 0.31176471 0.21176471 0.24117647 0.25294118
 0.22352941 0.24705882 0.32352941 0.29411765 0.31176471 0.27647059
 0.19411765 0.27058824 0.25882353 0.24705882 0.18235294 0.27058824
 0.21176471 0.37058824 0.30588235 0.3        0.24705882 0.22941176
 0.22941176 0.22941176 0.27647059 0.28235294 0.28235294 0.28235294
 0.32941176 0.27058824 0.26470588 0.21176471 0.17647059 0.30588235
 0.26470588 0.26470588 0.27058824 0.25882353 0.27647059 0.30588235
 0.28823529 0.24117647 0.22352941 0.18235294 0.28235294 0.3
 0.25294118 0.24705882 0.23529412 0.25882353 0.25294118 0.18823529
 0.26470588 0.27647059 0.25294118 0.32352941 0.24117647 0.29411765
 0.30588235 0.27647059]
alpha
METEOR
[0.21964507 0.21878723 0.17074409 0.1810585  0.24109015 0.18415566
 0.17397356 0.22361985 0.23028154 0.21251246 0.20600559 0.21966527
 0.22193577 0.20586183 0.20190169 0.20194986 0.23677381 0.26010149
 0.18433287 0.19896851 0.2191862  0.18867925 0.21298883 0.20223152
 0.20194986 0.20920502 0.22609528 0.23028154 0.23692709 0.20960726
 0.21663173 0.23626666 0.21933895 0.22662901 0.19203911 0.16375553
 0.22996037 0.21544026 0.21313767 0.22996037 0.23044693 0.22346369
 0.18131102 0.14275766 0.18097279 0.25456157 0.2014372  0.1840765
 0.25076822 0.21251246 0.24408739 0.22284123 0.19869081 0.20858621
 0.21966527 0.20949721 0.19902235 0.17732962 0.22625317 0.18828452
 0.14285714 0.22943592 0.19888346 0.23659642 0.2120688  0.20553259
 0.20964361 0.22298148 0.21003734 0.17433752 0.19807321 0.21585171
 0.16364903 0.14573213 0.24009609 0.21238457 0.17351155 0.20223152
 0.17770035 0.17785591 0.18828452 0.21888136 0.17409471 0.20843975
 0.20251397 0.2465812  0.24393589 0.17049408 0.181099   0.18441197
 0.19170509 0.20920502 0.21825859 0.23659642 0.22662901 0.23710427
 0.22361985 0.21997207 0.18466899 0.21648045 0.21979846 0.22948028
 0.20935101 0.21269177 0.19177127 0.19566737 0.19902235 0.19869081
 0.1914379  0.2194919  0.20223152 0.2155906  0.2194919  0.16701682
 0.20887692 0.26154406 0.21587744 0.2128402  0.21979846 0.15625
 0.21266076 0.22344895 0.22274959 0.22530191 0.20265549 0.21313767
 0.19123783 0.20902258 0.19197302 0.22710445 0.18479777 0.16376307
 0.23012084 0.23028154 0.24342557 0.21997207 0.17748409 0.20514604
 0.23325918 0.23277153 0.2337753  0.16376307 0.19539428 0.20931451
 0.181099   0.19217331 0.23426573 0.21981856 0.22710445 0.19525802
 0.15668524 0.20194986 0.19874477 0.20190169 0.17327072 0.21878723
 0.16353514 0.27253669 0.23263853 0.2539145  0.18808076 0.1775766
 0.17760786 0.1840765  0.23361259 0.24187981 0.21269177 0.21600223
 0.25723087 0.21269177 0.19512195 0.17073171 0.13888889 0.22299652
 0.21632938 0.19869081 0.21632938 0.18479777 0.2152517  0.23759609
 0.23325918 0.17782427 0.17373176 0.15679443 0.20571827 0.20557491
 0.22178078 0.19163763 0.18802228 0.19177127 0.18854749 0.14993026
 0.21266076 0.2155906  0.23185543 0.24026054 0.19190509 0.22298148
 0.24076388 0.21645507]
alpha
BERT
[0.7765416  0.78179896 0.78043926 0.77760863 0.78650784 0.7774936
 0.78159404 0.7819936  0.7826773  0.78854954 0.7772339  0.7864243
 0.7839345  0.79050565 0.77854216 0.78097    0.78782254 0.78600645
 0.7773614  0.78590125 0.77959377 0.7842954  0.77950156 0.7828014
 0.7872021  0.78365743 0.7811904  0.7890682  0.7761797  0.78821814
 0.7839048  0.78850764 0.7901373  0.78474975 0.7836826  0.7742437
 0.78397715 0.78787786 0.78146875 0.78969395 0.78327847 0.7838627
 0.7842307  0.77762264 0.782723   0.785779   0.7850454  0.77748275
 0.79465514 0.78122103 0.79015005 0.78369796 0.7834253  0.7889948
 0.78087115 0.7783781  0.7842854  0.7798002  0.7832753  0.780395
 0.77622366 0.77851963 0.7806631  0.7843711  0.77982044 0.78307927
 0.78455716 0.7847674  0.7790929  0.7810624  0.78437877 0.7798353
 0.778873   0.776536   0.77895737 0.78872204 0.7822876  0.788873
 0.7833892  0.77848583 0.7730446  0.7840095  0.7814454  0.78185004
 0.77766895 0.78550863 0.78514254 0.77440584 0.7716258  0.77372897
 0.77914566 0.78187907 0.7808451  0.7862369  0.7838832  0.786157
 0.7847495  0.7824078  0.7849177  0.7814822  0.782584   0.7867596
 0.78626037 0.7780894  0.77351606 0.789145   0.7829411  0.78234106
 0.785631   0.7865959  0.77976394 0.7873543  0.78429353 0.7809336
 0.7836081  0.7833289  0.7869917  0.78396726 0.7854327  0.77485406
 0.78379214 0.7827631  0.7820472  0.78136307 0.7917869  0.78247815
 0.78590345 0.7777758  0.78446597 0.7851904  0.77937394 0.7766373
 0.7863425  0.7858863  0.7824167  0.788249   0.7830019  0.77871364
 0.7856684  0.7866335  0.78648984 0.7817693  0.78531754 0.78310895
 0.77871704 0.7846304  0.7817261  0.7881272  0.77722657 0.7841195
 0.7754886  0.77841747 0.78962815 0.7798306  0.7767661  0.7766516
 0.78475916 0.7894716  0.78393435 0.7802503  0.77822554 0.7767221
 0.7780565  0.78104246 0.78445256 0.7804514  0.7873172  0.77820826
 0.78266597 0.78870994 0.78015435 0.7797849  0.7793342  0.78178155
 0.7854917  0.78330255 0.7766672  0.77750504 0.779107   0.78425634
 0.78084695 0.7788472  0.7852974  0.77975214 0.7796726  0.7879678
 0.78250706 0.78160936 0.7804437  0.7823403  0.7906966  0.7787714
 0.7908573  0.78470635 0.7885566  0.78349054 0.783178   0.7870231
 0.78231347 0.7889348 ]
[nltk_data] Downloading package wordnet to /mnt/iusers01/fse-
[nltk_data]     ugpgt01/compsci01/q12628ct/nltk_data...
[nltk_data]   Package wordnet is already up-to-date!
[nltk_data] Downloading package punkt_tab to /mnt/iusers01/fse-
[nltk_data]     ugpgt01/compsci01/q12628ct/nltk_data...
[nltk_data]   Package punkt_tab is already up-to-date!
[nltk_data] Downloading package omw-1.4 to /mnt/iusers01/fse-
[nltk_data]     ugpgt01/compsci01/q12628ct/nltk_data...
[nltk_data]   Package omw-1.4 is already up-to-date!
/mnt/iusers01/fse-ugpgt01/compsci01/q12628ct/.conda/envs/semantic-decoding/lib/python3.10/site-packages/huggingface_hub/file_download.py:945: FutureWarning: `resume_download` is deprecated and will be removed in version 1.0.0. Downloads always resume when possible. If you want to force a new download, use `force_download=True`.
  warnings.warn(
Some weights of the model checkpoint at roberta-large were not used when initializing RobertaModel: ['lm_head.layer_norm.bias', 'lm_head.dense.weight', 'lm_head.dense.bias', 'lm_head.layer_norm.weight', 'lm_head.bias']
- This IS expected if you are initializing RobertaModel from the checkpoint of a model trained on another task or with another architecture (e.g. initializing a BertForSequenceClassification model from a BertForPreTraining model).
- This IS NOT expected if you are initializing RobertaModel from the checkpoint of a model that you expect to be exactly identical (initializing a BertForSequenceClassification model from a BertForSequenceClassification model).
Some weights of RobertaModel were not initialized from the model checkpoint at roberta-large and are newly initialized: ['roberta.pooler.dense.weight', 'roberta.pooler.dense.bias']
You should probably TRAIN this model on a down-stream task to be able to use it for predictions and inference.
alpha
WER
[-0.16788321 -0.13138686 -0.17518248 -0.16058394 -0.15328467 -0.16058394
 -0.15328467 -0.15328467 -0.16788321 -0.13868613 -0.1459854  -0.16058394
 -0.16058394 -0.15328467 -0.16058394 -0.13138686 -0.15328467 -0.16058394
 -0.16058394 -0.16058394 -0.1459854  -0.16788321 -0.13138686 -0.16058394
 -0.16058394 -0.16788321 -0.13868613 -0.15328467 -0.17518248 -0.16058394
 -0.15328467 -0.16788321 -0.1459854  -0.16058394 -0.16058394 -0.1459854
 -0.13868613 -0.16788321 -0.13868613 -0.13868613 -0.15328467 -0.16058394
 -0.12408759 -0.15328467 -0.17518248 -0.1459854  -0.16058394 -0.13138686
 -0.16058394 -0.15328467 -0.13138686 -0.18248175 -0.1459854  -0.13868613
 -0.16788321 -0.15328467 -0.17518248 -0.13868613 -0.16788321 -0.16058394
 -0.1459854  -0.16058394 -0.16788321 -0.16788321 -0.16058394 -0.16058394
 -0.16058394 -0.13868613 -0.13138686 -0.15328467 -0.15328467 -0.13868613
 -0.16788321 -0.16788321 -0.16058394 -0.16788321 -0.13868613 -0.1459854
 -0.1459854  -0.16058394 -0.16058394 -0.13868613 -0.13138686 -0.15328467
 -0.18978102 -0.1459854  -0.13868613 -0.15328467 -0.16058394 -0.17518248
 -0.13138686 -0.18248175 -0.13868613 -0.11678832 -0.16058394 -0.16058394
 -0.17518248 -0.15328467 -0.16058394 -0.1459854  -0.15328467 -0.16058394
 -0.16788321 -0.17518248 -0.16058394 -0.16788321 -0.15328467 -0.12408759
 -0.17518248 -0.13868613 -0.16788321 -0.13868613 -0.1459854  -0.15328467
 -0.16058394 -0.17518248 -0.16058394 -0.13868613 -0.16058394 -0.16058394
 -0.18248175 -0.13868613 -0.13138686 -0.11678832 -0.12408759 -0.16058394
 -0.15328467 -0.18248175 -0.11678832 -0.16058394 -0.16058394 -0.15328467
 -0.16788321 -0.13868613 -0.1459854  -0.16058394 -0.16058394 -0.16058394
 -0.17518248 -0.16788321 -0.16058394 -0.17518248 -0.15328467 -0.16058394
 -0.13868613 -0.1459854  -0.16058394 -0.12408759 -0.13868613 -0.16058394
 -0.15328467 -0.16788321 -0.15328467 -0.17518248 -0.15328467 -0.15328467
 -0.10948905 -0.16788321 -0.16058394 -0.1459854  -0.16788321 -0.1459854
 -0.15328467 -0.18248175 -0.15328467 -0.18248175 -0.16058394 -0.1459854
 -0.1459854  -0.16058394 -0.16788321 -0.13138686 -0.1459854  -0.13868613
 -0.18978102 -0.16788321 -0.15328467 -0.13868613 -0.17518248 -0.17518248
 -0.16058394 -0.16058394 -0.16058394 -0.1459854  -0.17518248 -0.13138686
 -0.16788321 -0.13138686 -0.16788321 -0.13868613 -0.1459854  -0.15328467
 -0.15328467 -0.15328467 -0.16788321 -0.16058394 -0.12408759 -0.16788321
 -0.16788321 -0.15328467]
alpha
BLEU
[0.24705882 0.27058824 0.24117647 0.25882353 0.28235294 0.30588235
 0.28235294 0.27058824 0.25294118 0.28823529 0.25882353 0.27058824
 0.27058824 0.29411765 0.27647059 0.28823529 0.22352941 0.28235294
 0.26470588 0.27058824 0.23529412 0.22941176 0.31176471 0.25294118
 0.3        0.24705882 0.3        0.24705882 0.24705882 0.28235294
 0.25882353 0.25294118 0.27647059 0.26470588 0.28235294 0.27058824
 0.29411765 0.23529412 0.26470588 0.31176471 0.27058824 0.24705882
 0.28823529 0.30588235 0.25882353 0.32352941 0.32352941 0.3
 0.21764706 0.28235294 0.25882353 0.16470588 0.25294118 0.3
 0.27058824 0.27647059 0.24117647 0.28235294 0.25882353 0.27647059
 0.27647059 0.28235294 0.25882353 0.19411765 0.28823529 0.27058824
 0.25882353 0.3        0.33529412 0.20588235 0.27647059 0.24705882
 0.23529412 0.25882353 0.27647059 0.19411765 0.31764706 0.29411765
 0.28823529 0.31764706 0.21176471 0.26470588 0.28823529 0.26470588
 0.17058824 0.3        0.27058824 0.25882353 0.22941176 0.24705882
 0.27058824 0.2        0.26470588 0.30588235 0.25294118 0.27647059
 0.19411765 0.28823529 0.25294118 0.26470588 0.24117647 0.27647059
 0.22941176 0.24117647 0.29411765 0.27058824 0.31176471 0.26470588
 0.21764706 0.29411765 0.22352941 0.2        0.26470588 0.29411765
 0.24117647 0.28823529 0.24117647 0.28235294 0.28235294 0.25294118
 0.12352941 0.29411765 0.29411765 0.34117647 0.32352941 0.24705882
 0.2        0.24705882 0.31764706 0.31176471 0.27058824 0.24705882
 0.27647059 0.25882353 0.30588235 0.27647059 0.24705882 0.29411765
 0.28235294 0.24705882 0.26470588 0.2        0.25882353 0.25294118
 0.28823529 0.22941176 0.27647059 0.33529412 0.27058824 0.26470588
 0.18823529 0.28823529 0.24705882 0.25882353 0.31764706 0.27647059
 0.3        0.29411765 0.22941176 0.31176471 0.25294118 0.30588235
 0.29411765 0.24705882 0.22941176 0.17058824 0.27058824 0.27647059
 0.3        0.27647059 0.22941176 0.27647059 0.29411765 0.3
 0.21176471 0.30588235 0.28235294 0.27647059 0.28235294 0.18235294
 0.21764706 0.19411765 0.27647059 0.30588235 0.21764706 0.27647059
 0.24117647 0.25294118 0.27647059 0.27647059 0.25294118 0.28823529
 0.26470588 0.27647059 0.28235294 0.28823529 0.27647059 0.18823529
 0.3        0.3       ]
alpha
METEOR
[0.19170509 0.22609528 0.18518519 0.18131102 0.22346369 0.2437472
 0.20600559 0.22313708 0.20148048 0.24076388 0.19539428 0.20931451
 0.23293385 0.22593762 0.23012084 0.23743017 0.17720639 0.2128402
 0.19539428 0.19874477 0.1914379  0.17061281 0.22679693 0.19498607
 0.23296231 0.2014372  0.20946078 0.18505587 0.16713092 0.20629371
 0.20223152 0.21585171 0.20964361 0.20223152 0.21981856 0.19560753
 0.21313767 0.17096999 0.21266076 0.24425784 0.20964361 0.19519802
 0.21269177 0.22298148 0.20873087 0.21617852 0.23759609 0.2195122
 0.16760079 0.21863487 0.18881119 0.13598326 0.19163763 0.23709902
 0.19190509 0.21585171 0.20725076 0.20571827 0.19533433 0.2356948
 0.20935101 0.22641128 0.20553259 0.15309673 0.22010587 0.20581965
 0.20524634 0.24059587 0.2743189  0.17696044 0.22451798 0.23342218
 0.1938383  0.20610751 0.20902258 0.16603626 0.23361227 0.21630391
 0.23659642 0.27507717 0.1739952  0.20979021 0.23277153 0.23353013
 0.14593468 0.22329291 0.21223625 0.20246606 0.19103852 0.17819706
 0.21313767 0.15690377 0.21600223 0.26522029 0.21047583 0.20567602
 0.15320334 0.2194919  0.19832985 0.20949721 0.19106223 0.22625317
 0.17794836 0.21121073 0.22678727 0.20949721 0.25823305 0.20586183
 0.19772496 0.24340796 0.17013889 0.17690824 0.21589191 0.20891365
 0.17745303 0.23342218 0.18433287 0.2195122  0.233287   0.19882956
 0.10771369 0.21269177 0.21648045 0.26090574 0.26046476 0.17458101
 0.18046974 0.19547083 0.25409169 0.24425784 0.21600223 0.18821201
 0.22313708 0.20194986 0.24623706 0.22647097 0.19130459 0.20946078
 0.20557491 0.19479022 0.19874477 0.14972145 0.19533433 0.20902258
 0.20905923 0.17397356 0.21570139 0.25695184 0.22615555 0.18169113
 0.17049408 0.22615555 0.19827572 0.19203911 0.22711391 0.24026375
 0.24709448 0.2437472  0.18867925 0.22012579 0.20949721 0.25409169
 0.22298148 0.21177406 0.18828452 0.14894388 0.19860627 0.22647097
 0.21997207 0.22243892 0.17397356 0.20237264 0.20949721 0.21617852
 0.18703365 0.23044693 0.22377622 0.24376555 0.21630391 0.17340099
 0.19117146 0.1663214  0.21979846 0.25677253 0.16655101 0.24957542
 0.1914379  0.20467621 0.21648045 0.22251597 0.19902235 0.22679693
 0.20265549 0.21966527 0.22299652 0.23028154 0.20614955 0.15961138
 0.21236437 0.23693892]
alpha
BERT
[0.7812869  0.78596616 0.78458244 0.7830232  0.78826344 0.7896675
 0.78409433 0.7890425  0.7793412  0.78489023 0.7863858  0.7816486
 0.7852559  0.78208804 0.784426   0.7901752  0.7814286  0.7809607
 0.77533424 0.7770944  0.78437555 0.7831811  0.7798136  0.77628994
 0.78831    0.782557   0.7786329  0.79176706 0.7826388  0.7886069
 0.77795434 0.7851221  0.7913804  0.7828971  0.7827722  0.7838146
 0.7811612  0.7813357  0.78732497 0.7869334  0.7905784  0.78067684
 0.7854012  0.7854659  0.7817551  0.78418136 0.7847281  0.78481126
 0.7797221  0.78534704 0.7945968  0.7796613  0.78334427 0.7801223
 0.773818   0.7823944  0.7769178  0.7765965  0.78315115 0.7759378
 0.78440833 0.7841557  0.78197867 0.77971977 0.7844573  0.78175247
 0.78019285 0.7877519  0.79045904 0.77381253 0.7848908  0.79116344
 0.7786189  0.78376025 0.7890151  0.7817856  0.7871974  0.7823213
 0.78503    0.7844824  0.77606434 0.7863509  0.7878663  0.77670693
 0.779978   0.78128546 0.77644986 0.78646797 0.7794758  0.77693343
 0.7846134  0.7746715  0.782308   0.7850683  0.77320725 0.7793275
 0.7756854  0.78408384 0.775725   0.7814553  0.78486603 0.78468543
 0.7844307  0.77048594 0.7803233  0.78310776 0.7877287  0.7871884
 0.7755666  0.789568   0.78044486 0.7818124  0.78103995 0.7837396
 0.78041744 0.7853956  0.7752883  0.791015   0.7826363  0.78112626
 0.7768157  0.78463006 0.7887958  0.7934439  0.78504145 0.7733776
 0.779894   0.781353   0.7739689  0.79145443 0.7834333  0.7840394
 0.78399336 0.7763329  0.7922492  0.7847688  0.7820065  0.7808748
 0.77944064 0.7874246  0.78538203 0.7753488  0.7810477  0.77779984
 0.7775234  0.7770182  0.7831986  0.7847071  0.79345024 0.7774285
 0.77817094 0.785019   0.7830426  0.7830092  0.787081   0.78638476
 0.7915775  0.7939293  0.784127   0.78091043 0.78422606 0.78468275
 0.77971745 0.7792671  0.7887475  0.7761716  0.78210056 0.78492844
 0.7881738  0.7896341  0.77482164 0.7805879  0.78284883 0.7853882
 0.7774701  0.7828448  0.78796434 0.7881326  0.782024   0.77921546
 0.7828069  0.7819801  0.78505516 0.7872933  0.78338325 0.7863155
 0.7820661  0.7817958  0.7858447  0.785251   0.77843183 0.78152883
 0.78744227 0.7867044  0.7783718  0.79156566 0.7851719  0.77847743
 0.7856538  0.78429186]
[nltk_data] Downloading package wordnet to /mnt/iusers01/fse-
[nltk_data]     ugpgt01/compsci01/q12628ct/nltk_data...
[nltk_data]   Package wordnet is already up-to-date!
[nltk_data] Downloading package punkt_tab to /mnt/iusers01/fse-
[nltk_data]     ugpgt01/compsci01/q12628ct/nltk_data...
[nltk_data]   Package punkt_tab is already up-to-date!
[nltk_data] Downloading package omw-1.4 to /mnt/iusers01/fse-
[nltk_data]     ugpgt01/compsci01/q12628ct/nltk_data...
[nltk_data]   Package omw-1.4 is already up-to-date!
/mnt/iusers01/fse-ugpgt01/compsci01/q12628ct/.conda/envs/semantic-decoding/lib/python3.10/site-packages/huggingface_hub/file_download.py:945: FutureWarning: `resume_download` is deprecated and will be removed in version 1.0.0. Downloads always resume when possible. If you want to force a new download, use `force_download=True`.
  warnings.warn(
Some weights of the model checkpoint at roberta-large were not used when initializing RobertaModel: ['lm_head.dense.bias', 'lm_head.layer_norm.bias', 'lm_head.layer_norm.weight', 'lm_head.bias', 'lm_head.dense.weight']
- This IS expected if you are initializing RobertaModel from the checkpoint of a model trained on another task or with another architecture (e.g. initializing a BertForSequenceClassification model from a BertForPreTraining model).
- This IS NOT expected if you are initializing RobertaModel from the checkpoint of a model that you expect to be exactly identical (initializing a BertForSequenceClassification model from a BertForSequenceClassification model).
Some weights of RobertaModel were not initialized from the model checkpoint at roberta-large and are newly initialized: ['roberta.pooler.dense.bias', 'roberta.pooler.dense.weight']
You should probably TRAIN this model on a down-stream task to be able to use it for predictions and inference.
alpha
WER
[-0.0729927  -0.0729927  -0.0729927  -0.10218978 -0.08759124 -0.08759124
 -0.08759124 -0.09489051 -0.10218978 -0.10218978 -0.09489051 -0.09489051
 -0.08759124 -0.10948905 -0.11678832 -0.05839416 -0.10948905 -0.08759124
 -0.09489051 -0.08759124 -0.10218978 -0.08759124 -0.08029197 -0.0729927
 -0.10948905 -0.09489051 -0.08759124 -0.0729927  -0.09489051 -0.09489051
 -0.10218978 -0.09489051 -0.08759124 -0.10218978 -0.08759124 -0.10948905
 -0.09489051 -0.09489051 -0.10218978 -0.09489051 -0.08029197 -0.09489051
 -0.11678832 -0.08029197 -0.10218978 -0.08759124 -0.0729927  -0.09489051
 -0.08029197 -0.09489051 -0.0729927  -0.10218978 -0.10218978 -0.10948905
 -0.10948905 -0.05109489 -0.10218978 -0.08759124 -0.08029197 -0.09489051
 -0.11678832 -0.08029197 -0.08029197 -0.10948905 -0.10218978 -0.08759124
 -0.08759124 -0.09489051 -0.08029197 -0.08759124 -0.10218978 -0.09489051
 -0.08759124 -0.0729927  -0.08759124 -0.08759124 -0.08759124 -0.10948905
 -0.09489051 -0.10948905 -0.08759124 -0.06569343 -0.08759124 -0.05839416
 -0.0729927  -0.09489051 -0.09489051 -0.08759124 -0.09489051 -0.08759124
 -0.09489051 -0.08029197 -0.09489051 -0.10948905 -0.10218978 -0.10948905
 -0.11678832 -0.08759124 -0.09489051 -0.09489051 -0.0729927  -0.10218978
 -0.06569343 -0.0729927  -0.08759124 -0.08029197 -0.06569343 -0.09489051
 -0.09489051 -0.0729927  -0.08029197 -0.10218978 -0.0729927  -0.11678832
 -0.0729927  -0.08759124 -0.08029197 -0.08029197 -0.08029197 -0.0729927
 -0.10948905 -0.10218978 -0.10948905 -0.08029197 -0.08759124 -0.10218978
 -0.09489051 -0.09489051 -0.12408759 -0.10218978 -0.08029197 -0.08029197
 -0.10948905 -0.08029197 -0.11678832 -0.10218978 -0.10218978 -0.10218978
 -0.08029197 -0.06569343 -0.08759124 -0.10948905 -0.08029197 -0.08029197
 -0.09489051 -0.06569343 -0.08759124 -0.09489051 -0.08029197 -0.05839416
 -0.08029197 -0.08759124 -0.08759124 -0.10218978 -0.08759124 -0.05839416
 -0.0729927  -0.09489051 -0.08759124 -0.0729927  -0.09489051 -0.08029197
 -0.09489051 -0.10218978 -0.10218978 -0.09489051 -0.0729927  -0.09489051
 -0.08029197 -0.08029197 -0.10218978 -0.09489051 -0.08759124 -0.08759124
 -0.10948905 -0.08759124 -0.10218978 -0.0729927  -0.08759124 -0.10218978
 -0.08029197 -0.05839416 -0.08029197 -0.10218978 -0.0729927  -0.05109489
 -0.10948905 -0.09489051 -0.05839416 -0.0729927  -0.08029197 -0.08759124
 -0.09489051 -0.0729927  -0.10948905 -0.11678832 -0.10948905 -0.08759124
 -0.05839416 -0.08029197]
alpha
BLEU
[0.3081761  0.32075472 0.25157233 0.20125786 0.29559748 0.29559748
 0.26415094 0.31446541 0.25786164 0.25786164 0.3081761  0.27044025
 0.29559748 0.24528302 0.18867925 0.33962264 0.25157233 0.27672956
 0.27672956 0.28930818 0.25157233 0.3081761  0.33962264 0.3081761
 0.25157233 0.22641509 0.28301887 0.32075472 0.32075472 0.26415094
 0.30188679 0.19496855 0.28301887 0.27044025 0.23899371 0.27044025
 0.27044025 0.28301887 0.22641509 0.19496855 0.27044025 0.24528302
 0.20754717 0.28301887 0.3081761  0.23899371 0.30188679 0.22012579
 0.3081761  0.27044025 0.27044025 0.28301887 0.27672956 0.2327044
 0.27672956 0.33333333 0.26415094 0.27044025 0.28301887 0.23899371
 0.28301887 0.23899371 0.28301887 0.25157233 0.25786164 0.22012579
 0.27672956 0.28301887 0.27044025 0.25786164 0.30188679 0.3081761
 0.26415094 0.25157233 0.27044025 0.28301887 0.31446541 0.19496855
 0.27044025 0.28930818 0.28301887 0.22641509 0.26415094 0.29559748
 0.3081761  0.29559748 0.28930818 0.18867925 0.29559748 0.28930818
 0.26415094 0.28301887 0.22641509 0.21383648 0.30188679 0.27044025
 0.25157233 0.3081761  0.28301887 0.26415094 0.28930818 0.20754717
 0.28930818 0.3081761  0.27672956 0.34591195 0.27044025 0.27044025
 0.25786164 0.33333333 0.22641509 0.28301887 0.29559748 0.21383648
 0.31446541 0.30188679 0.24528302 0.29559748 0.33962264 0.28930818
 0.18238994 0.27044025 0.25786164 0.29559748 0.23899371 0.25157233
 0.28301887 0.26415094 0.23899371 0.25786164 0.2327044  0.27672956
 0.26415094 0.27044025 0.22012579 0.27044025 0.25157233 0.22012579
 0.28301887 0.30188679 0.27044025 0.2327044  0.25786164 0.3081761
 0.30188679 0.32704403 0.21383648 0.26415094 0.25157233 0.28301887
 0.23899371 0.28301887 0.32704403 0.30188679 0.31446541 0.33333333
 0.29559748 0.27044025 0.26415094 0.25786164 0.18238994 0.25786164
 0.22641509 0.27044025 0.3081761  0.32075472 0.25786164 0.25157233
 0.27672956 0.29559748 0.21383648 0.30188679 0.27044025 0.30188679
 0.3081761  0.26415094 0.32704403 0.30188679 0.28930818 0.27672956
 0.28301887 0.33962264 0.31446541 0.20754717 0.28930818 0.30188679
 0.23899371 0.21383648 0.35849057 0.3081761  0.31446541 0.25157233
 0.28301887 0.28930818 0.24528302 0.28930818 0.22012579 0.29559748
 0.30188679 0.25786164]
alpha
METEOR
[0.23173799 0.2357513  0.19318804 0.16048488 0.19298246 0.25168154
 0.19338959 0.22503516 0.17945109 0.16794962 0.22486318 0.19352569
 0.19690577 0.1653765  0.17600436 0.24545771 0.19298246 0.1971831
 0.19690577 0.20084567 0.19656975 0.22198732 0.24649558 0.2247191
 0.21034272 0.17570944 0.21430581 0.23222758 0.24650571 0.2036043
 0.2207874  0.15800562 0.21093482 0.20389087 0.1925402  0.18947368
 0.19298246 0.21445663 0.18575579 0.16513841 0.18973999 0.19332399
 0.15438596 0.22822162 0.22094277 0.16502809 0.21111893 0.16151685
 0.21111893 0.21195079 0.17932489 0.21445663 0.21415521 0.20189819
 0.19690577 0.23206416 0.19338959 0.19325369 0.23206416 0.16842105
 0.18648839 0.18245614 0.20056298 0.17945109 0.18622628 0.15471167
 0.18622628 0.22318347 0.18648839 0.18284107 0.20975621 0.22431604
 0.2074129  0.19264613 0.18309859 0.19985975 0.22774149 0.14355742
 0.19670799 0.2175191  0.19338959 0.16151685 0.19338959 0.21445663
 0.21448664 0.21767196 0.22149992 0.17024898 0.20422535 0.22768415
 0.23413972 0.21078648 0.20328005 0.16093474 0.22822162 0.17919888
 0.16877637 0.22822162 0.22470516 0.23193699 0.2000871  0.1371308
 0.20745429 0.21478873 0.22032258 0.23541813 0.21078648 0.19704433
 0.20422535 0.26366373 0.17217147 0.19704433 0.22136332 0.16174402
 0.24139965 0.22167488 0.17882188 0.20789288 0.23206751 0.20014045
 0.13323983 0.18920813 0.18262726 0.2244739  0.1755618  0.18245614
 0.21123212 0.18635724 0.16502809 0.19690577 0.19698504 0.2002278
 0.18661972 0.19690577 0.15822785 0.20770524 0.19332399 0.16172808
 0.21782503 0.21082221 0.2234976  0.16116061 0.19690577 0.21448664
 0.22839072 0.22136332 0.16842105 0.18635724 0.19318804 0.21063836
 0.17593244 0.19325369 0.23541972 0.22167488 0.22838211 0.23222758
 0.24685241 0.20760028 0.18661972 0.2074129  0.1369382  0.20050981
 0.16513841 0.2036043  0.2175191  0.22502142 0.20374749 0.20946223
 0.21403509 0.20365169 0.16853933 0.23473446 0.18258427 0.2175191
 0.21463758 0.16889514 0.23525428 0.22517989 0.23489954 0.20389087
 0.20760028 0.22870378 0.23842663 0.16491228 0.20422535 0.23364645
 0.17519271 0.14757554 0.25958249 0.23169797 0.21463758 0.17205056
 0.21433591 0.21754386 0.2000871  0.2037948  0.1924049  0.22486318
 0.21097046 0.17882188]
alpha
BERT
[0.7801049  0.7818165  0.7855554  0.7773589  0.78544044 0.7875173
 0.78578496 0.78498226 0.7738871  0.7794258  0.782774   0.7776437
 0.7799922  0.7870009  0.778581   0.7799041  0.7776183  0.7836541
 0.78322065 0.78249043 0.78152645 0.784217   0.79039365 0.7881828
 0.78592026 0.77317715 0.78571105 0.7782613  0.77824366 0.7789234
 0.78208554 0.7774143  0.7871871  0.78140575 0.7836293  0.77665216
 0.78006876 0.77937007 0.77605695 0.7765435  0.7847069  0.7822368
 0.77348435 0.779468   0.78876245 0.77205193 0.7773825  0.77615964
 0.78571427 0.77963865 0.77448356 0.7843285  0.7848011  0.7741598
 0.7803558  0.78990537 0.78121215 0.79056555 0.7840335  0.77987134
 0.78104055 0.78867286 0.7801751  0.7770519  0.7830509  0.77679396
 0.7810582  0.78522813 0.7841234  0.78231907 0.78558505 0.78216493
 0.78069687 0.78709006 0.785403   0.78189296 0.78495044 0.77794456
 0.7791112  0.7852746  0.7800483  0.7802441  0.7839561  0.7844225
 0.783383   0.79548836 0.77712643 0.7756147  0.79015374 0.7847903
 0.7813512  0.7775491  0.78598547 0.7766794  0.78673553 0.77912414
 0.78305    0.78355974 0.78873175 0.7824098  0.7873004  0.7804469
 0.77891266 0.7893212  0.7810961  0.78505474 0.7858553  0.77812225
 0.7837371  0.78968596 0.7714342  0.7817136  0.78469443 0.7771858
 0.7789034  0.78939456 0.77710277 0.783386   0.7826209  0.7836392
 0.77946657 0.77762055 0.7865609  0.780482   0.77469003 0.78985953
 0.78434265 0.7755361  0.77779096 0.783489   0.7786825  0.78549147
 0.77529395 0.785379   0.77539307 0.7853212  0.781386   0.77794427
 0.78620803 0.78047496 0.7924905  0.77646935 0.7831357  0.7874695
 0.79178935 0.77759063 0.7814987  0.7757512  0.77598524 0.77981013
 0.78150856 0.7830475  0.7900343  0.7794206  0.78957546 0.7788521
 0.77988344 0.7888161  0.7847468  0.7848898  0.77288353 0.7793378
 0.7765244  0.7887372  0.78489673 0.78705204 0.7846999  0.7818923
 0.7816305  0.78571665 0.77963287 0.7765206  0.78712523 0.7850038
 0.78716296 0.7820959  0.78510755 0.78312826 0.7891228  0.78000784
 0.7860123  0.7869946  0.7831038  0.7796947  0.78381073 0.78767085
 0.7783159  0.7811942  0.78672767 0.7905197  0.7867292  0.7801438
 0.7796156  0.77932185 0.7792821  0.782487   0.78040254 0.7876071
 0.78788793 0.7834921 ]
[nltk_data] Downloading package wordnet to /mnt/iusers01/fse-
[nltk_data]     ugpgt01/compsci01/q12628ct/nltk_data...
[nltk_data]   Package wordnet is already up-to-date!
[nltk_data] Downloading package punkt_tab to /mnt/iusers01/fse-
[nltk_data]     ugpgt01/compsci01/q12628ct/nltk_data...
[nltk_data]   Package punkt_tab is already up-to-date!
[nltk_data] Downloading package omw-1.4 to /mnt/iusers01/fse-
[nltk_data]     ugpgt01/compsci01/q12628ct/nltk_data...
[nltk_data]   Package omw-1.4 is already up-to-date!
/mnt/iusers01/fse-ugpgt01/compsci01/q12628ct/.conda/envs/semantic-decoding/lib/python3.10/site-packages/huggingface_hub/file_download.py:945: FutureWarning: `resume_download` is deprecated and will be removed in version 1.0.0. Downloads always resume when possible. If you want to force a new download, use `force_download=True`.
  warnings.warn(
Some weights of the model checkpoint at roberta-large were not used when initializing RobertaModel: ['lm_head.layer_norm.weight', 'lm_head.layer_norm.bias', 'lm_head.dense.bias', 'lm_head.bias', 'lm_head.dense.weight']
- This IS expected if you are initializing RobertaModel from the checkpoint of a model trained on another task or with another architecture (e.g. initializing a BertForSequenceClassification model from a BertForPreTraining model).
- This IS NOT expected if you are initializing RobertaModel from the checkpoint of a model that you expect to be exactly identical (initializing a BertForSequenceClassification model from a BertForSequenceClassification model).
Some weights of RobertaModel were not initialized from the model checkpoint at roberta-large and are newly initialized: ['roberta.pooler.dense.bias', 'roberta.pooler.dense.weight']
You should probably TRAIN this model on a down-stream task to be able to use it for predictions and inference.
alpha
WER
[-0.10948905 -0.12408759 -0.13138686 -0.0729927  -0.13138686 -0.0729927
 -0.11678832 -0.12408759 -0.08759124 -0.12408759 -0.12408759 -0.12408759
 -0.11678832 -0.13868613 -0.1459854  -0.12408759 -0.1459854  -0.13138686
 -0.13868613 -0.1459854  -0.1459854  -0.13138686 -0.10218978 -0.11678832
 -0.11678832 -0.10948905 -0.08759124 -0.12408759 -0.12408759 -0.10948905
 -0.1459854  -0.12408759 -0.13868613 -0.13138686 -0.13138686 -0.12408759
 -0.11678832 -0.13138686 -0.13138686 -0.11678832 -0.13138686 -0.13138686
 -0.12408759 -0.12408759 -0.11678832 -0.13138686 -0.10948905 -0.10948905
 -0.10948905 -0.12408759 -0.10218978 -0.15328467 -0.1459854  -0.12408759
 -0.13868613 -0.11678832 -0.11678832 -0.12408759 -0.13868613 -0.10218978
 -0.13138686 -0.13138686 -0.11678832 -0.09489051 -0.13868613 -0.10948905
 -0.11678832 -0.10948905 -0.11678832 -0.10218978 -0.10218978 -0.12408759
 -0.11678832 -0.08759124 -0.11678832 -0.13868613 -0.11678832 -0.11678832
 -0.11678832 -0.11678832 -0.12408759 -0.13138686 -0.12408759 -0.05839416
 -0.16058394 -0.13868613 -0.12408759 -0.10948905 -0.13138686 -0.13868613
 -0.10948905 -0.09489051 -0.15328467 -0.13138686 -0.1459854  -0.13868613
 -0.12408759 -0.10948905 -0.10948905 -0.1459854  -0.11678832 -0.13138686
 -0.13138686 -0.12408759 -0.15328467 -0.11678832 -0.12408759 -0.12408759
 -0.1459854  -0.12408759 -0.09489051 -0.10218978 -0.0729927  -0.12408759
 -0.13138686 -0.10218978 -0.13138686 -0.11678832 -0.10948905 -0.11678832
 -0.10218978 -0.12408759 -0.13138686 -0.11678832 -0.12408759 -0.10948905
 -0.10218978 -0.13868613 -0.08759124 -0.09489051 -0.13138686 -0.11678832
 -0.13138686 -0.12408759 -0.12408759 -0.08029197 -0.10218978 -0.10948905
 -0.12408759 -0.1459854  -0.11678832 -0.11678832 -0.13868613 -0.11678832
 -0.11678832 -0.13138686 -0.12408759 -0.10948905 -0.10948905 -0.11678832
 -0.11678832 -0.11678832 -0.15328467 -0.11678832 -0.10948905 -0.10948905
 -0.10948905 -0.13138686 -0.13868613 -0.12408759 -0.12408759 -0.13138686
 -0.13868613 -0.09489051 -0.13138686 -0.10948905 -0.11678832 -0.13868613
 -0.10948905 -0.11678832 -0.11678832 -0.13138686 -0.10948905 -0.12408759
 -0.10948905 -0.10948905 -0.10948905 -0.10948905 -0.13138686 -0.13138686
 -0.11678832 -0.10218978 -0.10948905 -0.08759124 -0.10218978 -0.08029197
 -0.09489051 -0.10218978 -0.10948905 -0.12408759 -0.12408759 -0.13868613
 -0.10218978 -0.10948905 -0.12408759 -0.11678832 -0.08029197 -0.10218978
 -0.09489051 -0.09489051]
alpha
BLEU
[0.30487805 0.23170732 0.19512195 0.30487805 0.25       0.34146341
 0.24390244 0.26219512 0.26829268 0.27439024 0.2804878  0.24390244
 0.23780488 0.26219512 0.25       0.29268293 0.23170732 0.23780488
 0.25       0.23170732 0.18292683 0.2195122  0.29878049 0.21341463
 0.28658537 0.28658537 0.31707317 0.23170732 0.27439024 0.27439024
 0.18292683 0.28658537 0.26829268 0.28658537 0.25609756 0.30487805
 0.25       0.27439024 0.24390244 0.25       0.26829268 0.23780488
 0.26829268 0.27439024 0.28658537 0.25       0.24390244 0.2804878
 0.26829268 0.2804878  0.30487805 0.21341463 0.18902439 0.26219512
 0.26829268 0.26219512 0.2195122  0.23170732 0.25609756 0.29878049
 0.25       0.26219512 0.30487805 0.31097561 0.28658537 0.27439024
 0.32926829 0.26829268 0.31097561 0.31707317 0.29878049 0.31097561
 0.31097561 0.29878049 0.27439024 0.30487805 0.29878049 0.26829268
 0.29878049 0.26829268 0.26219512 0.23170732 0.23780488 0.34756098
 0.20731707 0.26219512 0.20731707 0.31707317 0.21341463 0.19512195
 0.29878049 0.25       0.28658537 0.23780488 0.21341463 0.25609756
 0.2195122  0.31707317 0.2804878  0.25       0.26219512 0.21341463
 0.23170732 0.2195122  0.18902439 0.23780488 0.25609756 0.2804878
 0.21341463 0.25609756 0.2804878  0.29268293 0.30487805 0.22560976
 0.26219512 0.29268293 0.29878049 0.29878049 0.29878049 0.30487805
 0.29878049 0.20121951 0.28658537 0.28658537 0.27439024 0.30487805
 0.26219512 0.26829268 0.28658537 0.34756098 0.31707317 0.25
 0.22560976 0.29878049 0.24390244 0.34756098 0.29268293 0.2804878
 0.24390244 0.21341463 0.19512195 0.2195122  0.25609756 0.29268293
 0.20121951 0.23780488 0.26219512 0.2804878  0.33536585 0.27439024
 0.29878049 0.26219512 0.25       0.34146341 0.32317073 0.2804878
 0.26829268 0.25       0.18902439 0.30487805 0.27439024 0.27439024
 0.25       0.31707317 0.27439024 0.26219512 0.28658537 0.27439024
 0.21341463 0.27439024 0.28658537 0.24390244 0.26829268 0.29878049
 0.29878049 0.25609756 0.28658537 0.2804878  0.26219512 0.2195122
 0.27439024 0.32317073 0.31707317 0.29268293 0.31707317 0.2804878
 0.26219512 0.28658537 0.26219512 0.26829268 0.25       0.17073171
 0.30487805 0.28658537 0.26219512 0.29878049 0.29268293 0.26829268
 0.31097561 0.26829268]
alpha
METEOR
[0.2305614  0.17497065 0.15395381 0.23459485 0.18920813 0.25931958
 0.19278132 0.18907563 0.23039994 0.20654081 0.2067274  0.20946223
 0.19264613 0.1922417  0.20171854 0.2236052  0.19890603 0.18185992
 0.20119126 0.19210726 0.1358885  0.17882188 0.21004792 0.16061453
 0.24127468 0.21370467 0.25217703 0.17025712 0.22025989 0.23125047
 0.15077139 0.21019522 0.19649123 0.22368682 0.18570427 0.2275819
 0.19298246 0.22255787 0.16830295 0.20317596 0.19594122 0.18224278
 0.19938651 0.19966615 0.21325603 0.18544437 0.19244227 0.23023871
 0.2027972  0.19601875 0.2381012  0.15734266 0.17110229 0.19971969
 0.19621584 0.20260764 0.17144857 0.17497065 0.19910765 0.23440501
 0.18867925 0.18934081 0.2381012  0.22087817 0.21388499 0.19980627
 0.22791024 0.19298246 0.23108841 0.23407648 0.21023125 0.22391838
 0.22407529 0.20687237 0.18920813 0.24795966 0.2169098  0.17857143
 0.20716292 0.1958042  0.19230769 0.19588149 0.18934081 0.26861424
 0.17509335 0.18549544 0.1643289  0.23475936 0.15690377 0.13277428
 0.21373511 0.17519271 0.21004792 0.17507003 0.16830295 0.205512
 0.18456369 0.22726338 0.21649708 0.19203911 0.18894332 0.15778401
 0.18557423 0.18536555 0.16048488 0.18207283 0.1876867  0.19607843
 0.19146306 0.18245614 0.22368682 0.22016808 0.23426651 0.15756303
 0.20625174 0.23459384 0.24391526 0.2275819  0.22662901 0.22742252
 0.2175191  0.15024458 0.21004792 0.21385464 0.20668565 0.22726338
 0.19649123 0.20658263 0.21370467 0.24509804 0.23859649 0.18887101
 0.18834433 0.22058824 0.18156425 0.25913786 0.22774149 0.2305614
 0.20841264 0.17122203 0.15712291 0.17168886 0.18135193 0.20658263
 0.16468115 0.17168886 0.18245614 0.19298246 0.2556976  0.23315525
 0.23759122 0.20654081 0.18523583 0.23842917 0.25159696 0.20658263
 0.19635344 0.19159704 0.13626834 0.21723896 0.20701754 0.21385464
 0.19443236 0.22087817 0.22010587 0.20990083 0.20331854 0.2131069
 0.168185   0.20251397 0.22641128 0.1777318  0.2        0.19635344
 0.23508772 0.18232819 0.20293912 0.23407648 0.21340537 0.15406162
 0.24357365 0.23076499 0.23776796 0.2173913  0.22806135 0.21037868
 0.18867925 0.23039994 0.20260764 0.21343597 0.21985972 0.14726508
 0.20993702 0.19649123 0.19244227 0.20350877 0.20336606 0.18907563
 0.23508908 0.21004792]
alpha
BERT
[0.7872522  0.78326285 0.7805515  0.7788011  0.7783469  0.78453445
 0.77915853 0.7865942  0.7816539  0.781059   0.78332824 0.7718431
 0.7823954  0.7786672  0.7860678  0.7851025  0.7825483  0.77468085
 0.7790741  0.7789952  0.77709967 0.77298343 0.7833071  0.77553624
 0.7802248  0.7834293  0.78973544 0.78134704 0.7876967  0.7839403
 0.78361166 0.7837256  0.7867571  0.7821113  0.7776525  0.7876984
 0.7813444  0.78187585 0.7790464  0.77446437 0.782818   0.7862283
 0.7873528  0.7840158  0.7852309  0.78377026 0.7802756  0.78613997
 0.7862474  0.7828922  0.7897755  0.77662146 0.77679896 0.7850146
 0.77669775 0.7728379  0.77485657 0.78348297 0.7798587  0.7896983
 0.77748764 0.78550303 0.7858299  0.7965305  0.77929676 0.7814887
 0.78137195 0.7822518  0.7908928  0.7805587  0.7880753  0.7868338
 0.7856086  0.7896446  0.7804357  0.78952473 0.78408813 0.78055143
 0.78741455 0.78007466 0.78503144 0.7796558  0.77838993 0.7923201
 0.7799362  0.7791691  0.77730125 0.78637606 0.7774769  0.7791345
 0.7809102  0.77835035 0.7789688  0.7736539  0.7748591  0.77616465
 0.7708461  0.7838883  0.7790846  0.78282607 0.771258   0.78114116
 0.7749358  0.7771107  0.7782577  0.7772174  0.7797852  0.78178144
 0.77831966 0.7854986  0.78337324 0.7866259  0.78215414 0.77918696
 0.78461874 0.7800758  0.7846681  0.7835096  0.7787342  0.7785957
 0.7827757  0.7756024  0.77884436 0.78755236 0.782781   0.785872
 0.7788496  0.78702366 0.7841921  0.7875747  0.78549534 0.78375244
 0.7776383  0.7865708  0.7794817  0.79525846 0.7828355  0.78880584
 0.7888372  0.7805531  0.7794045  0.7859885  0.77750814 0.7783921
 0.7733285  0.77978337 0.7817029  0.7861056  0.77841246 0.776595
 0.7875364  0.77958935 0.7870416  0.7890649  0.78159666 0.78010726
 0.7868302  0.7796963  0.78150797 0.78242934 0.7806704  0.78016114
 0.780354   0.7865999  0.77923834 0.7832299  0.7798297  0.78452516
 0.7778143  0.77983844 0.7819532  0.7789615  0.78527194 0.78649783
 0.7874652  0.7904046  0.7762656  0.7854405  0.78068995 0.77658504
 0.7898952  0.7861369  0.7813215  0.7888592  0.779571   0.78464234
 0.78300387 0.78605056 0.78189963 0.7882061  0.7867974  0.7824809
 0.78441286 0.7878146  0.7783215  0.79308635 0.7915542  0.77406
 0.7883729  0.7823098 ]
[nltk_data] Downloading package wordnet to /mnt/iusers01/fse-
[nltk_data]     ugpgt01/compsci01/q12628ct/nltk_data...
[nltk_data]   Package wordnet is already up-to-date!
[nltk_data] Downloading package punkt_tab to /mnt/iusers01/fse-
[nltk_data]     ugpgt01/compsci01/q12628ct/nltk_data...
[nltk_data]   Package punkt_tab is already up-to-date!
[nltk_data] Downloading package omw-1.4 to /mnt/iusers01/fse-
[nltk_data]     ugpgt01/compsci01/q12628ct/nltk_data...
[nltk_data]   Package omw-1.4 is already up-to-date!
/mnt/iusers01/fse-ugpgt01/compsci01/q12628ct/.conda/envs/semantic-decoding/lib/python3.10/site-packages/huggingface_hub/file_download.py:945: FutureWarning: `resume_download` is deprecated and will be removed in version 1.0.0. Downloads always resume when possible. If you want to force a new download, use `force_download=True`.
  warnings.warn(
Some weights of the model checkpoint at roberta-large were not used when initializing RobertaModel: ['lm_head.dense.bias', 'lm_head.bias', 'lm_head.layer_norm.weight', 'lm_head.layer_norm.bias', 'lm_head.dense.weight']
- This IS expected if you are initializing RobertaModel from the checkpoint of a model trained on another task or with another architecture (e.g. initializing a BertForSequenceClassification model from a BertForPreTraining model).
- This IS NOT expected if you are initializing RobertaModel from the checkpoint of a model that you expect to be exactly identical (initializing a BertForSequenceClassification model from a BertForSequenceClassification model).
Some weights of RobertaModel were not initialized from the model checkpoint at roberta-large and are newly initialized: ['roberta.pooler.dense.weight', 'roberta.pooler.dense.bias']
You should probably TRAIN this model on a down-stream task to be able to use it for predictions and inference.
alpha
WER
[-0.13138686 -0.09489051 -0.11678832 -0.10948905 -0.11678832 -0.11678832
 -0.10218978 -0.09489051 -0.09489051 -0.08029197 -0.0729927  -0.08029197
 -0.08759124 -0.11678832 -0.08029197 -0.10218978 -0.08759124 -0.09489051
 -0.08759124 -0.05839416 -0.09489051 -0.10948905 -0.08029197 -0.09489051
 -0.13138686 -0.09489051 -0.09489051 -0.12408759 -0.08759124 -0.08759124
 -0.10948905 -0.11678832 -0.12408759 -0.12408759 -0.10218978 -0.09489051
 -0.10948905 -0.08759124 -0.11678832 -0.09489051 -0.10948905 -0.10948905
 -0.06569343 -0.13138686 -0.10218978 -0.09489051 -0.0729927  -0.10218978
 -0.08029197 -0.09489051 -0.08759124 -0.08759124 -0.08029197 -0.11678832
 -0.09489051 -0.08759124 -0.05839416 -0.09489051 -0.10218978 -0.09489051
 -0.08029197 -0.0729927  -0.12408759 -0.09489051 -0.09489051 -0.10218978
 -0.12408759 -0.09489051 -0.09489051 -0.09489051 -0.10218978 -0.10948905
 -0.08759124 -0.10948905 -0.10218978 -0.11678832 -0.10948905 -0.08759124
 -0.13138686 -0.10948905 -0.10218978 -0.05839416 -0.09489051 -0.10218978
 -0.09489051 -0.05839416 -0.10948905 -0.0729927  -0.08759124 -0.0729927
 -0.08029197 -0.10218978 -0.08029197 -0.10948905 -0.10948905 -0.0729927
 -0.08759124 -0.11678832 -0.10218978 -0.08759124 -0.09489051 -0.08759124
 -0.10218978 -0.10218978 -0.10218978 -0.10948905 -0.10218978 -0.09489051
 -0.08029197 -0.10218978 -0.09489051 -0.08759124 -0.09489051 -0.08029197
 -0.10948905 -0.10218978 -0.10218978 -0.11678832 -0.08029197 -0.10218978
 -0.10948905 -0.05839416 -0.08029197 -0.10948905 -0.10948905 -0.10218978
 -0.09489051 -0.10218978 -0.06569343 -0.13138686 -0.08759124 -0.08029197
 -0.0729927  -0.10218978 -0.09489051 -0.08029197 -0.10218978 -0.08029197
 -0.08759124 -0.09489051 -0.08759124 -0.10218978 -0.10218978 -0.10948905
 -0.09489051 -0.13868613 -0.10218978 -0.09489051 -0.08759124 -0.08759124
 -0.10948905 -0.08759124 -0.12408759 -0.08759124 -0.08759124 -0.0729927
 -0.09489051 -0.09489051 -0.12408759 -0.09489051 -0.09489051 -0.10218978
 -0.05109489 -0.11678832 -0.09489051 -0.10948905 -0.10218978 -0.10218978
 -0.10948905 -0.10948905 -0.11678832 -0.11678832 -0.08759124 -0.08759124
 -0.08759124 -0.08029197 -0.11678832 -0.08759124 -0.09489051 -0.0729927
 -0.10218978 -0.10948905 -0.10948905 -0.10218978 -0.09489051 -0.10218978
 -0.09489051 -0.09489051 -0.10948905 -0.10218978 -0.09489051 -0.08759124
 -0.08029197 -0.0729927  -0.09489051 -0.12408759 -0.10218978 -0.08029197
 -0.10948905 -0.08759124]
alpha
BLEU
[0.16875 0.3125  0.21875 0.25    0.16875 0.2375  0.26875 0.3     0.28125
 0.23125 0.3125  0.33125 0.2875  0.25    0.3     0.2875  0.275   0.25625
 0.3375  0.275   0.275   0.28125 0.30625 0.28125 0.1875  0.3125  0.275
 0.275   0.30625 0.28125 0.24375 0.2125  0.21875 0.1875  0.3125  0.30625
 0.25625 0.3     0.2625  0.28125 0.25625 0.3     0.34375 0.2125  0.25625
 0.26875 0.325   0.3     0.26875 0.3     0.31875 0.25625 0.29375 0.19375
 0.2625  0.31875 0.31875 0.28125 0.29375 0.3375  0.2875  0.3375  0.2
 0.3     0.21875 0.25    0.2125  0.25    0.275   0.325   0.275   0.275
 0.29375 0.25    0.3125  0.2375  0.23125 0.30625 0.2125  0.2875  0.1875
 0.29375 0.30625 0.28125 0.25625 0.29375 0.175   0.31875 0.2875  0.3
 0.23125 0.29375 0.30625 0.2625  0.2875  0.26875 0.325   0.24375 0.29375
 0.3125  0.2875  0.31875 0.26875 0.2375  0.20625 0.2     0.29375 0.30625
 0.2875  0.325   0.24375 0.24375 0.275   0.24375 0.2875  0.25    0.225
 0.2     0.275   0.2625  0.3125  0.325   0.275   0.23125 0.2625  0.225
 0.3125  0.3     0.35    0.2     0.29375 0.325   0.2625  0.19375 0.23125
 0.34375 0.31875 0.28125 0.33125 0.25625 0.2625  0.2875  0.26875 0.2375
 0.3125  0.14375 0.2125  0.30625 0.3125  0.20625 0.2875  0.30625 0.2125
 0.2375  0.29375 0.2375  0.275   0.2875  0.1875  0.3375  0.29375 0.25
 0.35    0.2625  0.2375  0.3125  0.28125 0.25    0.2625  0.25625 0.24375
 0.275   0.28125 0.25625 0.2875  0.30625 0.3     0.3     0.30625 0.28125
 0.3125  0.23125 0.23125 0.175   0.30625 0.325   0.3     0.3125  0.23125
 0.33125 0.33125 0.30625 0.3     0.33125 0.225   0.18125 0.24375 0.3125
 0.275   0.29375]
alpha
METEOR
[0.13000703 0.22784426 0.16865777 0.18284107 0.12246326 0.1754386
 0.21433591 0.22454736 0.23397507 0.18588624 0.23206751 0.24530728
 0.19325369 0.17205056 0.22854283 0.19325369 0.22704593 0.17932489
 0.23541972 0.2175191  0.19601875 0.19690577 0.21082221 0.19014085
 0.14035088 0.22855134 0.19352569 0.21725832 0.22720515 0.21767196
 0.18953465 0.17182323 0.19470391 0.15731491 0.23109244 0.19704433
 0.21357858 0.22768415 0.18960674 0.2073085  0.19000704 0.22407529
 0.24513502 0.1647905  0.16877637 0.19338959 0.23926812 0.20697594
 0.20042194 0.22136332 0.22074282 0.19946515 0.25150468 0.1475149
 0.22994606 0.24072156 0.21463758 0.19338959 0.22454736 0.24245701
 0.20070423 0.24161355 0.15800562 0.23137209 0.17910666 0.17898079
 0.16151685 0.18926863 0.19662921 0.23104713 0.20652295 0.20687237
 0.19704433 0.1929167  0.23825908 0.19278132 0.20228358 0.21067416
 0.18142676 0.22094277 0.14747191 0.20716292 0.21126761 0.21078648
 0.19635344 0.21067416 0.14622049 0.2349241  0.22470516 0.2073085
 0.17593244 0.20683069 0.21400482 0.18271258 0.21097046 0.21342859
 0.22103328 0.19318804 0.18635724 0.21097046 0.20755897 0.23809176
 0.2002278  0.17580872 0.15789474 0.17158224 0.20042194 0.24178334
 0.21415521 0.21815623 0.18973999 0.18635724 0.19271198 0.19284712
 0.21415521 0.18224278 0.1755618  0.1643289  0.21063836 0.21063836
 0.20393812 0.22134416 0.20652295 0.19511267 0.20408163 0.15108925
 0.23574947 0.20408163 0.23860282 0.15767344 0.20760028 0.21126761
 0.19352569 0.18521174 0.18249892 0.24597555 0.23541972 0.20308123
 0.2245614  0.19656975 0.19656975 0.21782503 0.19985975 0.16514406
 0.21097046 0.15672359 0.15789474 0.21433591 0.22134416 0.16433566
 0.21430581 0.21415521 0.16490631 0.16807092 0.23120949 0.18284107
 0.19014085 0.2207874  0.14345696 0.24211649 0.22688631 0.20652295
 0.25334272 0.20346132 0.18926863 0.22838211 0.22118861 0.18940155
 0.19298246 0.18614768 0.18947368 0.21312925 0.2140298  0.19662921
 0.2175191  0.20774648 0.22118861 0.23222758 0.2037948  0.19338959
 0.22806135 0.16185785 0.16456583 0.12658228 0.25839539 0.22807018
 0.19635344 0.22118861 0.17507003 0.23173799 0.24479121 0.22151899
 0.21815623 0.21800281 0.17898079 0.15734266 0.16877637 0.23190096
 0.20745429 0.21034272]
alpha
BERT
[0.7777537  0.7879712  0.7860718  0.77623606 0.77438664 0.7810011
 0.7877388  0.7804464  0.7832724  0.7885306  0.7893939  0.78365636
 0.78656423 0.7827002  0.7794976  0.77881074 0.78353333 0.77793837
 0.7829573  0.7757954  0.7807374  0.7893896  0.7811099  0.784684
 0.77169025 0.784106   0.78595597 0.7771908  0.7804092  0.7858592
 0.7733965  0.7782055  0.7804722  0.7756013  0.78631485 0.7863759
 0.7802286  0.7883211  0.78979933 0.77953917 0.78648204 0.7803037
 0.7808179  0.78425866 0.7733268  0.777224   0.78331375 0.7845553
 0.7772927  0.77968776 0.7808872  0.78220654 0.7800532  0.7766873
 0.7816216  0.7814958  0.78800845 0.7768973  0.7855742  0.78138626
 0.7815206  0.7923814  0.7813717  0.78038406 0.7821481  0.7836814
 0.77592325 0.77233875 0.78486335 0.7831653  0.78205013 0.77912056
 0.7847663  0.784695   0.77755183 0.7784286  0.7741661  0.7854446
 0.7790877  0.7850975  0.77782166 0.7928661  0.783652   0.7843994
 0.78314865 0.79104567 0.77860945 0.78290987 0.7875092  0.7795729
 0.78482854 0.7776297  0.7864075  0.7759471  0.7796343  0.7792492
 0.78003967 0.7856808  0.7863854  0.7825734  0.7877209  0.77919805
 0.7833692  0.7850217  0.7754634  0.7846299  0.7822679  0.78378797
 0.78313154 0.7811366  0.7823694  0.77806693 0.77949923 0.7751611
 0.77887464 0.77515364 0.7780991  0.77608395 0.78087145 0.7849091
 0.7846545  0.78652596 0.78048277 0.7695287  0.78445923 0.7782532
 0.7890878  0.7765045  0.7832128  0.780575   0.7811609  0.778903
 0.77807736 0.785638   0.7776743  0.7890339  0.7855148  0.77932346
 0.7808809  0.7841137  0.7839843  0.78396976 0.78001326 0.7753605
 0.7868978  0.7736559  0.78041756 0.78076535 0.7852404  0.77624714
 0.77762794 0.7868878  0.7808869  0.776893   0.7852495  0.7785361
 0.78286433 0.78457075 0.77992165 0.7822876  0.7864628  0.7784889
 0.7937453  0.7750448  0.77614164 0.7901959  0.78163785 0.77538234
 0.7799062  0.7841484  0.7807294  0.7821685  0.7863567  0.7847829
 0.7861109  0.7782036  0.78707045 0.7910635  0.7769418  0.78429323
 0.7824243  0.77806187 0.7798736  0.7766325  0.78645283 0.78133833
 0.7804348  0.78362316 0.77554727 0.7838261  0.78384686 0.7858378
 0.7799486  0.784599   0.78341573 0.77883345 0.7790772  0.78476584
 0.7884397  0.7750949 ]
[nltk_data] Downloading package wordnet to /mnt/iusers01/fse-
[nltk_data]     ugpgt01/compsci01/q12628ct/nltk_data...
[nltk_data]   Package wordnet is already up-to-date!
[nltk_data] Downloading package punkt_tab to /mnt/iusers01/fse-
[nltk_data]     ugpgt01/compsci01/q12628ct/nltk_data...
[nltk_data]   Package punkt_tab is already up-to-date!
[nltk_data] Downloading package omw-1.4 to /mnt/iusers01/fse-
[nltk_data]     ugpgt01/compsci01/q12628ct/nltk_data...
[nltk_data]   Package omw-1.4 is already up-to-date!
/mnt/iusers01/fse-ugpgt01/compsci01/q12628ct/.conda/envs/semantic-decoding/lib/python3.10/site-packages/huggingface_hub/file_download.py:945: FutureWarning: `resume_download` is deprecated and will be removed in version 1.0.0. Downloads always resume when possible. If you want to force a new download, use `force_download=True`.
  warnings.warn(
Some weights of the model checkpoint at roberta-large were not used when initializing RobertaModel: ['lm_head.bias', 'lm_head.layer_norm.weight', 'lm_head.dense.weight', 'lm_head.layer_norm.bias', 'lm_head.dense.bias']
- This IS expected if you are initializing RobertaModel from the checkpoint of a model trained on another task or with another architecture (e.g. initializing a BertForSequenceClassification model from a BertForPreTraining model).
- This IS NOT expected if you are initializing RobertaModel from the checkpoint of a model that you expect to be exactly identical (initializing a BertForSequenceClassification model from a BertForSequenceClassification model).
Some weights of RobertaModel were not initialized from the model checkpoint at roberta-large and are newly initialized: ['roberta.pooler.dense.weight', 'roberta.pooler.dense.bias']
You should probably TRAIN this model on a down-stream task to be able to use it for predictions and inference.
alpha
WER
[-0.0729927  -0.08759124 -0.10218978 -0.10948905 -0.0729927  -0.09489051
 -0.09489051 -0.10218978 -0.10218978 -0.09489051 -0.10948905 -0.10948905
 -0.10218978 -0.08759124 -0.0729927  -0.10218978 -0.08759124 -0.10948905
 -0.08029197 -0.08759124 -0.08759124 -0.0729927  -0.08759124 -0.11678832
 -0.12408759 -0.11678832 -0.0729927  -0.09489051 -0.09489051 -0.09489051
 -0.11678832 -0.11678832 -0.10218978 -0.08759124 -0.10218978 -0.11678832
 -0.11678832 -0.09489051 -0.09489051 -0.11678832 -0.10948905 -0.08029197
 -0.09489051 -0.10218978 -0.10218978 -0.11678832 -0.10218978 -0.09489051
 -0.10948905 -0.08759124 -0.10948905 -0.10948905 -0.10218978 -0.11678832
 -0.10218978 -0.13138686 -0.10948905 -0.10948905 -0.08759124 -0.11678832
 -0.10218978 -0.10948905 -0.10218978 -0.09489051 -0.11678832 -0.11678832
 -0.08759124 -0.10948905 -0.11678832 -0.09489051 -0.11678832 -0.10948905
 -0.11678832 -0.08029197 -0.10948905 -0.09489051 -0.10948905 -0.08759124
 -0.08029197 -0.08029197 -0.12408759 -0.10218978 -0.11678832 -0.10218978
 -0.13138686 -0.10218978 -0.10218978 -0.10948905 -0.10218978 -0.11678832
 -0.09489051 -0.09489051 -0.13138686 -0.10218978 -0.08759124 -0.09489051
 -0.09489051 -0.0729927  -0.12408759 -0.12408759 -0.10948905 -0.10948905
 -0.08759124 -0.10948905 -0.08759124 -0.11678832 -0.12408759 -0.09489051
 -0.10218978 -0.0729927  -0.09489051 -0.0729927  -0.08759124 -0.10948905
 -0.08759124 -0.09489051 -0.09489051 -0.10218978 -0.0729927  -0.09489051
 -0.10948905 -0.10948905 -0.10948905 -0.10948905 -0.11678832 -0.12408759
 -0.13138686 -0.10218978 -0.08759124 -0.09489051 -0.11678832 -0.0729927
 -0.09489051 -0.10948905 -0.10948905 -0.08759124 -0.10948905 -0.09489051
 -0.09489051 -0.09489051 -0.12408759 -0.12408759 -0.10948905 -0.10948905
 -0.12408759 -0.09489051 -0.09489051 -0.10218978 -0.11678832 -0.10948905
 -0.10948905 -0.08759124 -0.10948905 -0.09489051 -0.12408759 -0.10218978
 -0.0729927  -0.11678832 -0.08029197 -0.08759124 -0.11678832 -0.12408759
 -0.13138686 -0.09489051 -0.10948905 -0.10948905 -0.09489051 -0.10218978
 -0.10948905 -0.13868613 -0.12408759 -0.10948905 -0.11678832 -0.10218978
 -0.08029197 -0.05109489 -0.09489051 -0.11678832 -0.10948905 -0.08029197
 -0.13138686 -0.12408759 -0.12408759 -0.09489051 -0.08759124 -0.0729927
 -0.10218978 -0.12408759 -0.10948905 -0.08759124 -0.10218978 -0.09489051
 -0.10948905 -0.10948905 -0.10948905 -0.10218978 -0.10948905 -0.10218978
 -0.10948905 -0.10948905]
alpha
BLEU
[0.30434783 0.33540373 0.26086957 0.34782609 0.28571429 0.27950311
 0.29813665 0.26086957 0.27329193 0.27950311 0.25465839 0.23602484
 0.26708075 0.33540373 0.27950311 0.27329193 0.32298137 0.29192547
 0.31677019 0.28571429 0.28571429 0.31055901 0.29192547 0.19875776
 0.1863354  0.27950311 0.26086957 0.29192547 0.26708075 0.31677019
 0.26708075 0.26708075 0.31055901 0.29192547 0.29192547 0.23602484
 0.2484472  0.27329193 0.23602484 0.27329193 0.21118012 0.26708075
 0.32919255 0.29192547 0.31677019 0.25465839 0.25465839 0.31677019
 0.25465839 0.29192547 0.25465839 0.22981366 0.2484472  0.23602484
 0.25465839 0.22981366 0.24223602 0.27329193 0.26086957 0.20496894
 0.27950311 0.2173913  0.2173913  0.27329193 0.24223602 0.25465839
 0.32919255 0.31055901 0.26086957 0.27329193 0.2484472  0.27329193
 0.26708075 0.29813665 0.29813665 0.31677019 0.2484472  0.27329193
 0.29813665 0.27950311 0.23602484 0.21118012 0.29813665 0.29813665
 0.17391304 0.31055901 0.26086957 0.26708075 0.27329193 0.26086957
 0.29192547 0.26086957 0.1863354  0.29192547 0.32298137 0.29813665
 0.29192547 0.29813665 0.27950311 0.2484472  0.24223602 0.25465839
 0.30434783 0.29813665 0.29813665 0.25465839 0.22981366 0.2173913
 0.25465839 0.27950311 0.2484472  0.26086957 0.32298137 0.18012422
 0.31677019 0.26708075 0.26086957 0.24223602 0.28571429 0.26708075
 0.23602484 0.29813665 0.27950311 0.23602484 0.25465839 0.24223602
 0.21118012 0.26708075 0.33540373 0.30434783 0.2484472  0.31677019
 0.26708075 0.28571429 0.26708075 0.29192547 0.24223602 0.29813665
 0.31055901 0.29192547 0.22981366 0.26086957 0.23602484 0.2484472
 0.28571429 0.26086957 0.31055901 0.2173913  0.31055901 0.27329193
 0.24223602 0.33540373 0.27950311 0.31055901 0.20496894 0.22981366
 0.31055901 0.22360248 0.33540373 0.25465839 0.23602484 0.22981366
 0.27950311 0.27950311 0.25465839 0.29192547 0.26708075 0.32298137
 0.23602484 0.20496894 0.2484472  0.26086957 0.20496894 0.29192547
 0.30434783 0.29813665 0.29192547 0.32298137 0.23602484 0.32919255
 0.2484472  0.27329193 0.2484472  0.2173913  0.24223602 0.27950311
 0.31055901 0.2484472  0.27950311 0.31055901 0.2484472  0.26086957
 0.31677019 0.25465839 0.25465839 0.26086957 0.23602484 0.2484472
 0.29813665 0.32298137]
alpha
METEOR
[0.22823034 0.24245701 0.18934081 0.23190443 0.20014045 0.23026924
 0.20365169 0.20652295 0.20701754 0.2166489  0.17494752 0.19566035
 0.20331854 0.23206751 0.22400099 0.18588624 0.23157526 0.21078648
 0.22838211 0.22087817 0.22768415 0.22120787 0.24408643 0.17282047
 0.14710082 0.20701754 0.17568517 0.18232819 0.21019874 0.22134416
 0.20668565 0.19924698 0.22487702 0.23120949 0.21815623 0.17568517
 0.18575579 0.20014045 0.18232819 0.21082221 0.15098315 0.21725832
 0.24228663 0.20336606 0.23843538 0.1755618  0.17882188 0.22822162
 0.18601687 0.22105263 0.16502809 0.17568517 0.16842105 0.17507003
 0.1858345  0.16877637 0.19284712 0.21403509 0.2002278  0.16771808
 0.2205686  0.15811665 0.18207283 0.20331854 0.18220042 0.18588624
 0.22089762 0.23173799 0.17910666 0.19298246 0.19621584 0.19264613
 0.18940155 0.21415521 0.22423243 0.22790131 0.18920813 0.22994606
 0.23506484 0.19594122 0.20887673 0.171462   0.22440393 0.22470516
 0.13323983 0.22438978 0.19298246 0.21327882 0.21400482 0.2036043
 0.2073085  0.18609551 0.13956734 0.22454736 0.24228663 0.20393812
 0.21767196 0.21355492 0.20014045 0.17205056 0.18271258 0.18296974
 0.23174157 0.20365169 0.20365169 0.18614768 0.17192982 0.17156863
 0.16491228 0.21052632 0.18544437 0.19966615 0.23190096 0.14385965
 0.24496299 0.19643171 0.18207283 0.19848875 0.21063836 0.20668565
 0.18482236 0.21463758 0.20760028 0.16151685 0.19621584 0.17869657
 0.1611773  0.21342859 0.23525428 0.22774149 0.19994658 0.23541813
 0.19594122 0.22120787 0.20036871 0.23489954 0.1929167  0.21784961
 0.21769663 0.2241584  0.17168886 0.19704433 0.18211498 0.17932489
 0.20683069 0.18940155 0.22136332 0.17531557 0.21448664 0.20042194
 0.17835411 0.24563008 0.21049044 0.24245701 0.1542777  0.16479663
 0.22470516 0.17519271 0.23173799 0.17192982 0.17168886 0.18458996
 0.19649123 0.22120787 0.18947368 0.19352569 0.22454736 0.22487702
 0.17205056 0.16163036 0.19325369 0.19662921 0.16771808 0.25717154
 0.21634547 0.19656975 0.22486318 0.23893841 0.16853933 0.24918113
 0.1929167  0.19966615 0.16491228 0.17217147 0.20697594 0.22118861
 0.21767196 0.18940155 0.20745429 0.21754386 0.19579775 0.19670799
 0.21082221 0.18544437 0.19952623 0.21049044 0.17194397 0.18562553
 0.21385464 0.24547979]
alpha
BERT
[0.78714204 0.784058   0.7844889  0.7865323  0.78944486 0.7782197
 0.7878158  0.78461486 0.77994716 0.78672594 0.77868724 0.77921724
 0.7827843  0.7864335  0.785656   0.7752905  0.77969474 0.78215396
 0.78315735 0.7826562  0.7877092  0.7840518  0.7795579  0.78243655
 0.77511954 0.7883404  0.7815303  0.7856779  0.78193086 0.7843299
 0.77956545 0.7822842  0.7871066  0.78544915 0.785602   0.7769128
 0.7814126  0.78405875 0.7802862  0.77628875 0.77699614 0.7828548
 0.7832706  0.78896374 0.78899354 0.77888    0.7816635  0.7860106
 0.77962875 0.78490406 0.78357327 0.77378905 0.77898467 0.78160787
 0.78294885 0.78072226 0.78225654 0.7807374  0.78177345 0.77905566
 0.7905977  0.7805345  0.783134   0.780101   0.7845098  0.78192556
 0.7805133  0.7783966  0.7793832  0.7823214  0.78697705 0.7821296
 0.78376013 0.7857294  0.7859303  0.7735975  0.78342867 0.78905106
 0.7791605  0.78533405 0.78078973 0.77835226 0.78021425 0.79126686
 0.7819358  0.7832519  0.7852211  0.7798021  0.785866   0.78526825
 0.7846389  0.78457314 0.7733501  0.7861575  0.7822075  0.780737
 0.7793796  0.77946484 0.78911436 0.7793526  0.78145885 0.7832751
 0.7855935  0.7865832  0.78189456 0.784619   0.7848812  0.7780973
 0.7732355  0.7905007  0.78331465 0.7855011  0.7864769  0.77255833
 0.78283167 0.7776749  0.77939266 0.78463256 0.7833058  0.7825536
 0.7792017  0.7863618  0.7867538  0.7735162  0.7828882  0.7873703
 0.775418   0.78237057 0.7857866  0.7826394  0.7868056  0.78867614
 0.7785982  0.7897676  0.7819053  0.78865206 0.7817582  0.78352726
 0.78503305 0.78330547 0.7852528  0.7849773  0.78023267 0.782979
 0.7849078  0.77835536 0.7856996  0.77596366 0.7850014  0.7816719
 0.77431726 0.7844628  0.780625   0.7841642  0.77348983 0.78098
 0.7826066  0.78623635 0.7870395  0.7737879  0.7840976  0.7802276
 0.78236663 0.79163843 0.7825103  0.7758045  0.7858714  0.7831063
 0.77870476 0.77383673 0.778018   0.7820761  0.77393377 0.78119123
 0.7785532  0.78129005 0.79196525 0.7833036  0.7748599  0.7894011
 0.7823715  0.7769503  0.7795332  0.78361964 0.7872423  0.7842951
 0.7838775  0.7796966  0.783803   0.7811893  0.7779143  0.7769073
 0.7789735  0.77975696 0.7817844  0.7786211  0.7835399  0.772852
 0.7866782  0.7868328 ]
[nltk_data] Downloading package wordnet to /mnt/iusers01/fse-
[nltk_data]     ugpgt01/compsci01/q12628ct/nltk_data...
[nltk_data]   Package wordnet is already up-to-date!
[nltk_data] Downloading package punkt_tab to /mnt/iusers01/fse-
[nltk_data]     ugpgt01/compsci01/q12628ct/nltk_data...
[nltk_data]   Package punkt_tab is already up-to-date!
[nltk_data] Downloading package omw-1.4 to /mnt/iusers01/fse-
[nltk_data]     ugpgt01/compsci01/q12628ct/nltk_data...
[nltk_data]   Package omw-1.4 is already up-to-date!
/mnt/iusers01/fse-ugpgt01/compsci01/q12628ct/.conda/envs/semantic-decoding/lib/python3.10/site-packages/huggingface_hub/file_download.py:945: FutureWarning: `resume_download` is deprecated and will be removed in version 1.0.0. Downloads always resume when possible. If you want to force a new download, use `force_download=True`.
  warnings.warn(
Some weights of the model checkpoint at roberta-large were not used when initializing RobertaModel: ['lm_head.dense.weight', 'lm_head.layer_norm.bias', 'lm_head.dense.bias', 'lm_head.bias', 'lm_head.layer_norm.weight']
- This IS expected if you are initializing RobertaModel from the checkpoint of a model trained on another task or with another architecture (e.g. initializing a BertForSequenceClassification model from a BertForPreTraining model).
- This IS NOT expected if you are initializing RobertaModel from the checkpoint of a model that you expect to be exactly identical (initializing a BertForSequenceClassification model from a BertForSequenceClassification model).
Some weights of RobertaModel were not initialized from the model checkpoint at roberta-large and are newly initialized: ['roberta.pooler.dense.bias', 'roberta.pooler.dense.weight']
You should probably TRAIN this model on a down-stream task to be able to use it for predictions and inference.
alpha
WER
[-0.06569343 -0.08029197 -0.09489051 -0.08029197 -0.0729927  -0.05839416
 -0.10948905 -0.0729927  -0.09489051 -0.06569343 -0.05839416 -0.10218978
 -0.05839416 -0.10218978 -0.08029197 -0.10948905 -0.10218978 -0.0729927
 -0.0729927  -0.08759124 -0.11678832 -0.0729927  -0.05109489 -0.09489051
 -0.09489051 -0.08029197 -0.08759124 -0.0729927  -0.10948905 -0.08759124
 -0.08029197 -0.11678832 -0.08029197 -0.08029197 -0.11678832 -0.06569343
 -0.08759124 -0.10218978 -0.05839416 -0.09489051 -0.08759124 -0.08759124
 -0.11678832 -0.11678832 -0.10218978 -0.08759124 -0.13138686 -0.0729927
 -0.08759124 -0.08029197 -0.09489051 -0.10948905 -0.08759124 -0.08029197
 -0.09489051 -0.10218978 -0.10948905 -0.09489051 -0.09489051 -0.08029197
 -0.10948905 -0.08759124 -0.08759124 -0.0729927  -0.08759124 -0.06569343
 -0.06569343 -0.11678832 -0.09489051 -0.09489051 -0.09489051 -0.11678832
 -0.09489051 -0.08759124 -0.09489051 -0.11678832 -0.09489051 -0.0729927
 -0.08029197 -0.08029197 -0.08029197 -0.06569343 -0.09489051 -0.11678832
 -0.08029197 -0.06569343 -0.09489051 -0.09489051 -0.10948905 -0.09489051
 -0.11678832 -0.09489051 -0.11678832 -0.08029197 -0.0729927  -0.08029197
 -0.08759124 -0.08029197 -0.10948905 -0.08759124 -0.08759124 -0.09489051
 -0.08759124 -0.09489051 -0.10218978 -0.08029197 -0.10948905 -0.08759124
 -0.10218978 -0.0729927  -0.06569343 -0.08759124 -0.10218978 -0.10218978
 -0.0729927  -0.08759124 -0.08759124 -0.09489051 -0.08029197 -0.10948905
 -0.05839416 -0.10218978 -0.08029197 -0.08029197 -0.10948905 -0.06569343
 -0.08029197 -0.08759124 -0.10218978 -0.0729927  -0.09489051 -0.08759124
 -0.08029197 -0.08029197 -0.10218978 -0.0729927  -0.12408759 -0.08029197
 -0.12408759 -0.08029197 -0.08759124 -0.0729927  -0.08759124 -0.10218978
 -0.08029197 -0.10218978 -0.10218978 -0.10948905 -0.08759124 -0.08759124
 -0.0729927  -0.06569343 -0.09489051 -0.08029197 -0.08759124 -0.10948905
 -0.10948905 -0.08759124 -0.09489051 -0.10218978 -0.08759124 -0.08029197
 -0.10948905 -0.09489051 -0.09489051 -0.05839416 -0.08759124 -0.12408759
 -0.0729927  -0.10218978 -0.0729927  -0.09489051 -0.09489051 -0.06569343
 -0.08759124 -0.0729927  -0.0729927  -0.10948905 -0.10218978 -0.06569343
 -0.09489051 -0.10218978 -0.08029197 -0.09489051 -0.10218978 -0.08029197
 -0.05109489 -0.0729927  -0.10218978 -0.09489051 -0.08759124 -0.06569343
 -0.10948905 -0.09489051 -0.08029197 -0.09489051 -0.05839416 -0.10218978
 -0.05109489 -0.08029197]
alpha
BLEU
[0.33962264 0.28930818 0.24528302 0.2327044  0.22012579 0.35220126
 0.26415094 0.33962264 0.27044025 0.31446541 0.27044025 0.2327044
 0.31446541 0.29559748 0.27672956 0.23899371 0.2327044  0.27672956
 0.25157233 0.28301887 0.19496855 0.24528302 0.27672956 0.20754717
 0.3081761  0.28930818 0.31446541 0.32075472 0.27672956 0.25786164
 0.27672956 0.26415094 0.28930818 0.3081761  0.20125786 0.29559748
 0.2327044  0.2327044  0.30188679 0.34591195 0.32075472 0.32704403
 0.20754717 0.1572327  0.2327044  0.31446541 0.16352201 0.27672956
 0.24528302 0.29559748 0.29559748 0.24528302 0.32075472 0.32075472
 0.3081761  0.20125786 0.28301887 0.22641509 0.26415094 0.22012579
 0.27672956 0.22641509 0.3081761  0.30188679 0.27672956 0.24528302
 0.24528302 0.22012579 0.2327044  0.27672956 0.29559748 0.16352201
 0.25157233 0.26415094 0.27044025 0.20125786 0.22012579 0.33333333
 0.28930818 0.28930818 0.26415094 0.27044025 0.26415094 0.28301887
 0.25786164 0.27672956 0.27672956 0.31446541 0.27672956 0.23899371
 0.22012579 0.28930818 0.19496855 0.26415094 0.28930818 0.31446541
 0.29559748 0.26415094 0.23899371 0.31446541 0.26415094 0.30188679
 0.33962264 0.29559748 0.32075472 0.28301887 0.30188679 0.24528302
 0.18867925 0.3081761  0.31446541 0.28301887 0.25157233 0.25157233
 0.3081761  0.29559748 0.28930818 0.29559748 0.31446541 0.25786164
 0.28301887 0.26415094 0.33333333 0.31446541 0.27672956 0.3081761
 0.25157233 0.30188679 0.27044025 0.32075472 0.27672956 0.25786164
 0.28301887 0.32704403 0.20754717 0.28930818 0.17610063 0.27044025
 0.1509434  0.3081761  0.26415094 0.28930818 0.29559748 0.27672956
 0.25157233 0.29559748 0.30188679 0.2327044  0.28930818 0.27044025
 0.32704403 0.26415094 0.23899371 0.23899371 0.24528302 0.25157233
 0.22641509 0.3081761  0.27044025 0.28301887 0.30188679 0.30188679
 0.25786164 0.18867925 0.30188679 0.34591195 0.35220126 0.20125786
 0.28930818 0.27044025 0.32704403 0.25786164 0.27044025 0.28301887
 0.26415094 0.27044025 0.29559748 0.27672956 0.28301887 0.27672956
 0.29559748 0.23899371 0.29559748 0.27044025 0.28930818 0.28930818
 0.32075472 0.26415094 0.25786164 0.26415094 0.29559748 0.3081761
 0.24528302 0.25786164 0.27044025 0.27672956 0.29559748 0.25157233
 0.32704403 0.26415094]
alpha
METEOR
[0.22151899 0.19690577 0.1754386  0.17144857 0.16163036 0.26266587
 0.18987342 0.24530728 0.19732206 0.24072156 0.2204773  0.18562553
 0.21460765 0.2073085  0.18609551 0.20559353 0.17872959 0.20755897
 0.18980141 0.19980627 0.15040513 0.17194397 0.219639   0.17156863
 0.21123212 0.22125418 0.21463758 0.2149401  0.18596491 0.19318804
 0.20014045 0.18640986 0.20070423 0.21830986 0.17194397 0.2140298
 0.17229255 0.1584507  0.23206416 0.23943662 0.22886495 0.2357513
 0.15077139 0.12564734 0.18860867 0.22103328 0.13323983 0.2175191
 0.18309859 0.22470516 0.2036043  0.16865777 0.23075573 0.27175653
 0.23508908 0.15438596 0.21725832 0.16479663 0.18960674 0.17593244
 0.20313709 0.17144857 0.22134416 0.21093482 0.17217147 0.18940155
 0.18993507 0.16479663 0.18237076 0.2173913  0.21126761 0.15753555
 0.2002278  0.21400482 0.19649123 0.13019001 0.16151685 0.24614865
 0.19690577 0.18973999 0.19643171 0.19027484 0.1755618  0.19676739
 0.19980627 0.20408163 0.20408163 0.20422535 0.20774648 0.1652602
 0.17218598 0.22431604 0.14736842 0.19278132 0.19338959 0.22517989
 0.22149992 0.18947368 0.1858345  0.23591549 0.22784426 0.23120949
 0.24984542 0.21756431 0.23206416 0.2000871  0.2073085  0.18271258
 0.14054814 0.22120787 0.23859442 0.21782503 0.19980627 0.20652295
 0.21418539 0.19352569 0.20317596 0.21710564 0.23893841 0.22560564
 0.20687237 0.1755618  0.23222758 0.21815623 0.19676739 0.21388499
 0.18275578 0.2073085  0.20683069 0.22183099 0.19352569 0.19670799
 0.20745429 0.23558539 0.14705882 0.20374749 0.13019001 0.20036871
 0.13674614 0.22183099 0.18987342 0.19338959 0.20697594 0.19662921
 0.20544905 0.21415521 0.20716292 0.18194542 0.2241584  0.17910666
 0.24918113 0.18927279 0.1929167  0.18547223 0.18966794 0.16865777
 0.15438596 0.21800281 0.18622628 0.21063836 0.22870378 0.20350877
 0.18635724 0.15811665 0.21463758 0.24949402 0.23206751 0.15040513
 0.20666819 0.18973999 0.22791024 0.19579775 0.19698504 0.21797832
 0.17253521 0.20389087 0.19676739 0.17844647 0.21370467 0.20701754
 0.23523038 0.1924049  0.21797832 0.18609551 0.20789288 0.18960674
 0.25336877 0.2234976  0.20666819 0.18596491 0.2349241  0.2349241
 0.17869657 0.2000871  0.19980627 0.20322355 0.2074129  0.17531557
 0.21478873 0.18635724]
alpha
BERT
[0.79187876 0.7746444  0.7881046  0.7764305  0.7766913  0.7860913
 0.7795028  0.7817391  0.7829856  0.7776882  0.78125846 0.7762433
 0.7883836  0.7733355  0.7815413  0.7807497  0.7793355  0.7830949
 0.78500175 0.78292483 0.77844155 0.77422875 0.7894199  0.77713525
 0.77865714 0.7851256  0.7900779  0.7878237  0.7806777  0.78094923
 0.7761549  0.7813205  0.7880228  0.7880284  0.7812035  0.7825847
 0.7785781  0.7743774  0.7908872  0.78695154 0.7877401  0.7849773
 0.77960384 0.7764745  0.7753643  0.7793497  0.7798542  0.78469974
 0.785661   0.7822158  0.7836462  0.7814539  0.7845823  0.78841084
 0.7799894  0.7745409  0.7778981  0.7764311  0.78373903 0.78237
 0.7779715  0.774734   0.7854893  0.7841495  0.7797743  0.7749524
 0.77713764 0.77600634 0.77983713 0.7786528  0.7792051  0.77998686
 0.7777774  0.7785381  0.78314376 0.77579534 0.7762705  0.7873645
 0.7798004  0.78109896 0.7800641  0.78157556 0.7771066  0.77770025
 0.7775653  0.7865177  0.7828709  0.78379524 0.78785485 0.7785181
 0.781993   0.7807408  0.77173257 0.78601414 0.7777264  0.781618
 0.78260493 0.7825533  0.7800942  0.7841298  0.7835859  0.785864
 0.7909378  0.7888591  0.7836242  0.7799957  0.7847146  0.7789999
 0.7828474  0.78130955 0.7828771  0.781973   0.77729785 0.78873277
 0.77846205 0.7843375  0.7762282  0.78764164 0.78890336 0.7797564
 0.7816756  0.77122116 0.78454685 0.78154707 0.78026396 0.78582525
 0.783739   0.78608155 0.7823429  0.7861569  0.7868444  0.78167933
 0.77949715 0.7812789  0.7779553  0.7813275  0.78071094 0.7865318
 0.78257453 0.79190063 0.78112453 0.78001535 0.7784191  0.78255534
 0.7771534  0.7843961  0.78394324 0.7832743  0.78641844 0.78410566
 0.78656185 0.77480197 0.778259   0.77814776 0.78329414 0.7773054
 0.77716094 0.78536177 0.7826477  0.783152   0.78760517 0.78901887
 0.77970207 0.7829422  0.7790828  0.7838396  0.7865968  0.7783866
 0.78129166 0.78149307 0.78401065 0.7742949  0.7864307  0.77639985
 0.783729   0.78111535 0.77525043 0.7775073  0.7863352  0.78163064
 0.7869361  0.7803647  0.7805251  0.7792892  0.78089225 0.77966225
 0.793403   0.7853497  0.79593384 0.7810188  0.7800859  0.7847712
 0.7759985  0.78650725 0.78047925 0.7807507  0.78337216 0.77966106
 0.77896404 0.7811213 ]
[nltk_data] Downloading package wordnet to /mnt/iusers01/fse-
[nltk_data]     ugpgt01/compsci01/q12628ct/nltk_data...
[nltk_data]   Package wordnet is already up-to-date!
[nltk_data] Downloading package punkt_tab to /mnt/iusers01/fse-
[nltk_data]     ugpgt01/compsci01/q12628ct/nltk_data...
[nltk_data]   Package punkt_tab is already up-to-date!
[nltk_data] Downloading package omw-1.4 to /mnt/iusers01/fse-
[nltk_data]     ugpgt01/compsci01/q12628ct/nltk_data...
[nltk_data]   Package omw-1.4 is already up-to-date!
/mnt/iusers01/fse-ugpgt01/compsci01/q12628ct/.conda/envs/semantic-decoding/lib/python3.10/site-packages/huggingface_hub/file_download.py:945: FutureWarning: `resume_download` is deprecated and will be removed in version 1.0.0. Downloads always resume when possible. If you want to force a new download, use `force_download=True`.
  warnings.warn(
Some weights of the model checkpoint at roberta-large were not used when initializing RobertaModel: ['lm_head.dense.bias', 'lm_head.layer_norm.bias', 'lm_head.dense.weight', 'lm_head.layer_norm.weight', 'lm_head.bias']
- This IS expected if you are initializing RobertaModel from the checkpoint of a model trained on another task or with another architecture (e.g. initializing a BertForSequenceClassification model from a BertForPreTraining model).
- This IS NOT expected if you are initializing RobertaModel from the checkpoint of a model that you expect to be exactly identical (initializing a BertForSequenceClassification model from a BertForSequenceClassification model).
Some weights of RobertaModel were not initialized from the model checkpoint at roberta-large and are newly initialized: ['roberta.pooler.dense.weight', 'roberta.pooler.dense.bias']
You should probably TRAIN this model on a down-stream task to be able to use it for predictions and inference.
alpha
WER
[-0.12408759 -0.15328467 -0.1459854  -0.13868613 -0.11678832 -0.12408759
 -0.1459854  -0.10948905 -0.13138686 -0.11678832 -0.10948905 -0.15328467
 -0.10218978 -0.13138686 -0.13868613 -0.10948905 -0.12408759 -0.12408759
 -0.10948905 -0.10948905 -0.16058394 -0.12408759 -0.13138686 -0.12408759
 -0.1459854  -0.13138686 -0.1459854  -0.11678832 -0.13138686 -0.11678832
 -0.10218978 -0.13138686 -0.12408759 -0.15328467 -0.11678832 -0.13138686
 -0.1459854  -0.11678832 -0.13868613 -0.12408759 -0.1459854  -0.13138686
 -0.13138686 -0.08029197 -0.13138686 -0.10948905 -0.11678832 -0.11678832
 -0.13868613 -0.11678832 -0.13868613 -0.10948905 -0.11678832 -0.10948905
 -0.10948905 -0.15328467 -0.13868613 -0.15328467 -0.13868613 -0.13138686
 -0.13138686 -0.13138686 -0.11678832 -0.12408759 -0.09489051 -0.13138686
 -0.1459854  -0.09489051 -0.1459854  -0.1459854  -0.15328467 -0.13138686
 -0.13868613 -0.11678832 -0.12408759 -0.13138686 -0.13868613 -0.13868613
 -0.13868613 -0.11678832 -0.09489051 -0.11678832 -0.09489051 -0.15328467
 -0.13868613 -0.11678832 -0.12408759 -0.12408759 -0.12408759 -0.15328467
 -0.12408759 -0.1459854  -0.1459854  -0.1459854  -0.12408759 -0.13868613
 -0.1459854  -0.16788321 -0.12408759 -0.1459854  -0.15328467 -0.10948905
 -0.1459854  -0.15328467 -0.13138686 -0.13868613 -0.1459854  -0.13138686
 -0.15328467 -0.13138686 -0.11678832 -0.11678832 -0.11678832 -0.11678832
 -0.10218978 -0.15328467 -0.10948905 -0.11678832 -0.13868613 -0.11678832
 -0.13868613 -0.13868613 -0.1459854  -0.13868613 -0.13138686 -0.12408759
 -0.11678832 -0.13138686 -0.1459854  -0.13868613 -0.1459854  -0.1459854
 -0.13868613 -0.11678832 -0.12408759 -0.13138686 -0.13138686 -0.10218978
 -0.12408759 -0.11678832 -0.13138686 -0.15328467 -0.12408759 -0.13868613
 -0.13138686 -0.13138686 -0.13868613 -0.12408759 -0.15328467 -0.13138686
 -0.12408759 -0.15328467 -0.15328467 -0.12408759 -0.13868613 -0.1459854
 -0.13138686 -0.12408759 -0.10218978 -0.15328467 -0.11678832 -0.13868613
 -0.13868613 -0.12408759 -0.15328467 -0.12408759 -0.13868613 -0.1459854
 -0.13138686 -0.1459854  -0.12408759 -0.13138686 -0.13138686 -0.12408759
 -0.11678832 -0.12408759 -0.15328467 -0.15328467 -0.16058394 -0.13138686
 -0.12408759 -0.11678832 -0.16058394 -0.13138686 -0.1459854  -0.10218978
 -0.16058394 -0.1459854  -0.1459854  -0.15328467 -0.11678832 -0.10948905
 -0.1459854  -0.13138686 -0.15328467 -0.13138686 -0.13138686 -0.13868613
 -0.16058394 -0.13868613]
alpha
BLEU
[0.28915663 0.25301205 0.19879518 0.28313253 0.3253012  0.26506024
 0.23493976 0.31927711 0.22289157 0.3313253  0.30120482 0.22891566
 0.27710843 0.27710843 0.28313253 0.28313253 0.25903614 0.29518072
 0.3313253  0.3313253  0.1746988  0.3313253  0.21084337 0.22289157
 0.21686747 0.27108434 0.27710843 0.31325301 0.27710843 0.24698795
 0.28313253 0.26506024 0.27710843 0.21084337 0.27108434 0.21084337
 0.25903614 0.25301205 0.25301205 0.25903614 0.25903614 0.26506024
 0.27710843 0.29518072 0.24096386 0.30722892 0.28915663 0.29518072
 0.30120482 0.27108434 0.28313253 0.28915663 0.28915663 0.28915663
 0.28915663 0.21084337 0.29518072 0.21084337 0.26506024 0.26506024
 0.27710843 0.22891566 0.26506024 0.27710843 0.31325301 0.27710843
 0.23493976 0.31325301 0.23493976 0.28313253 0.27710843 0.27710843
 0.25903614 0.36746988 0.28915663 0.3313253  0.34939759 0.24698795
 0.28915663 0.25301205 0.29518072 0.29518072 0.25903614 0.28915663
 0.29518072 0.28313253 0.27710843 0.23493976 0.28915663 0.27710843
 0.28313253 0.23493976 0.25301205 0.25903614 0.22289157 0.24698795
 0.1746988  0.18072289 0.25903614 0.27108434 0.24698795 0.28915663
 0.26506024 0.24096386 0.25903614 0.27710843 0.28313253 0.28915663
 0.28313253 0.27108434 0.26506024 0.28915663 0.30120482 0.31927711
 0.30120482 0.21084337 0.30120482 0.27710843 0.27710843 0.25301205
 0.31927711 0.25903614 0.20481928 0.27710843 0.28313253 0.24698795
 0.30722892 0.25903614 0.21686747 0.31325301 0.30722892 0.28915663
 0.27108434 0.24096386 0.27108434 0.28915663 0.30722892 0.3373494
 0.25903614 0.31325301 0.26506024 0.25301205 0.25903614 0.25903614
 0.26506024 0.26506024 0.27710843 0.3313253  0.22891566 0.22891566
 0.30722892 0.1746988  0.22289157 0.21686747 0.25903614 0.21686747
 0.28313253 0.25903614 0.28313253 0.28313253 0.3253012  0.22891566
 0.27710843 0.26506024 0.15662651 0.26506024 0.30120482 0.3253012
 0.30722892 0.21686747 0.27710843 0.30722892 0.30722892 0.30722892
 0.25301205 0.30722892 0.24096386 0.24096386 0.1686747  0.29518072
 0.24096386 0.28915663 0.24096386 0.25903614 0.25903614 0.27710843
 0.18072289 0.24698795 0.25903614 0.24096386 0.27710843 0.28915663
 0.25301205 0.27108434 0.26506024 0.25903614 0.23493976 0.25903614
 0.19879518 0.29518072]
alpha
METEOR
[0.21678322 0.19197302 0.15756303 0.2067274  0.25177303 0.19944017
 0.19615621 0.24494204 0.16794962 0.24479121 0.22353007 0.17025712
 0.2166489  0.19635344 0.21997207 0.20600559 0.21238457 0.21008403
 0.26596321 0.26453124 0.14335664 0.24778614 0.17409471 0.19264613
 0.17085077 0.20260764 0.19217331 0.24127468 0.20265549 0.21355492
 0.20308123 0.20975394 0.19957983 0.16095171 0.22329291 0.19119565
 0.1958042  0.19230769 0.19910765 0.24175905 0.19257703 0.20293912
 0.19944017 0.20308123 0.21604289 0.21723896 0.21358543 0.20975394
 0.20629371 0.20614955 0.21909259 0.2293024  0.20658263 0.21693492
 0.21343597 0.16409907 0.23742483 0.18430574 0.20975394 0.21355492
 0.21693492 0.18135193 0.19560753 0.21208815 0.22298148 0.19944017
 0.18847506 0.21995205 0.18118467 0.21663173 0.19971969 0.20322355
 0.23533029 0.27565426 0.2205686  0.24176594 0.25177303 0.19607843
 0.22391838 0.18841591 0.22043387 0.23076499 0.20920502 0.21298883
 0.2411056  0.21995205 0.19566737 0.18894332 0.23475823 0.20274942
 0.21008403 0.1809325  0.19547083 0.20232467 0.17144857 0.18894332
 0.13986014 0.13314646 0.20194986 0.20565582 0.21121073 0.20964361
 0.22641128 0.17832168 0.21970586 0.2205686  0.2027972  0.2442773
 0.21283075 0.20571827 0.19574441 0.22975636 0.22710445 0.24494204
 0.21358543 0.17168886 0.20658263 0.21008403 0.19588149 0.19257703
 0.23442967 0.17807263 0.16093474 0.2169098  0.1958042  0.18544437
 0.22759104 0.20960726 0.16783553 0.21675801 0.22337353 0.21340537
 0.21706181 0.20034946 0.19924698 0.20543175 0.21693492 0.23442967
 0.20581965 0.22710445 0.22306112 0.19553073 0.19938651 0.21645507
 0.2169098  0.205512   0.20336606 0.24159664 0.1922417  0.17472576
 0.22027972 0.1701504  0.18147866 0.19497622 0.19971969 0.19511267
 0.21313767 0.18570427 0.23759122 0.21251246 0.25895639 0.15734266
 0.21023125 0.18181818 0.13928698 0.19230769 0.2339391  0.24410648
 0.24727239 0.16689847 0.21343597 0.20964361 0.24410648 0.24778614
 0.18570427 0.24143829 0.20472969 0.18873884 0.14993026 0.20668565
 0.19910765 0.2169098  0.18382083 0.18920813 0.20920502 0.19217331
 0.16027875 0.19217331 0.20946223 0.18523583 0.20654081 0.20931451
 0.18169113 0.18232819 0.20565582 0.17869657 0.18492673 0.17832168
 0.16759777 0.20629371]
alpha
BERT
[0.7811274  0.7772887  0.7784352  0.7805809  0.7924861  0.78734845
 0.7811874  0.786998   0.7809367  0.7898895  0.7821096  0.7813916
 0.785202   0.78200436 0.78741497 0.7871988  0.7874435  0.78670806
 0.7881596  0.7835338  0.7786641  0.78206366 0.77792513 0.7832918
 0.7766124  0.7880993  0.7816933  0.78917944 0.78210413 0.7853261
 0.7823565  0.7793318  0.78674275 0.77994204 0.78374505 0.7804114
 0.7834314  0.7810121  0.78243417 0.7896178  0.7881306  0.78691715
 0.7818891  0.7895726  0.7814244  0.7788489  0.78544986 0.7857255
 0.7809797  0.7887095  0.78066456 0.78515816 0.78234994 0.78799814
 0.7770568  0.7786076  0.7842522  0.77747333 0.7869425  0.78856456
 0.784184   0.77885175 0.77952707 0.7774645  0.7849224  0.783656
 0.78000575 0.78925455 0.77789974 0.7852148  0.784197   0.7861453
 0.78303593 0.7905544  0.7838158  0.786343   0.78431904 0.7779172
 0.78398496 0.7782875  0.7819241  0.78571224 0.7829587  0.7869798
 0.78291756 0.7736939  0.78254616 0.7838462  0.78895986 0.7815867
 0.7832253  0.78190994 0.7859512  0.783851   0.77576745 0.7861272
 0.77928907 0.7728066  0.7847874  0.77997285 0.7758244  0.7823789
 0.78087884 0.7822642  0.78447986 0.78044486 0.7796265  0.7838708
 0.7803956  0.78234166 0.7829697  0.77587306 0.78229237 0.7774607
 0.7789811  0.78165317 0.7815579  0.7851064  0.78190523 0.7831385
 0.7814978  0.7777163  0.7805536  0.7786369  0.7803031  0.78558123
 0.78519297 0.788536   0.7756156  0.78526604 0.7770467  0.78446776
 0.7848066  0.7778114  0.78913635 0.7847601  0.7870991  0.7864077
 0.78319776 0.78063333 0.7818164  0.78024113 0.78694904 0.7749808
 0.7833581  0.7792315  0.7850203  0.78364205 0.7801393  0.7836947
 0.7831048  0.77645457 0.7814505  0.77752066 0.7914599  0.7791401
 0.78639925 0.78388363 0.7862854  0.7792264  0.79316103 0.77921236
 0.79297006 0.78204644 0.7761621  0.78619814 0.78257716 0.78262836
 0.78711164 0.7780476  0.7841941  0.78436124 0.7855944  0.7851906
 0.7849681  0.78858984 0.77685153 0.77385014 0.7763926  0.7814758
 0.78564    0.7829237  0.7758632  0.77907646 0.78562963 0.78053176
 0.7765698  0.7816556  0.78038204 0.77785784 0.78697336 0.77922285
 0.78038716 0.7852474  0.7869363  0.77514386 0.7728171  0.7784595
 0.7755158  0.78629434]
[nltk_data] Downloading package wordnet to /mnt/iusers01/fse-
[nltk_data]     ugpgt01/compsci01/q12628ct/nltk_data...
[nltk_data]   Package wordnet is already up-to-date!
[nltk_data] Downloading package punkt_tab to /mnt/iusers01/fse-
[nltk_data]     ugpgt01/compsci01/q12628ct/nltk_data...
[nltk_data]   Package punkt_tab is already up-to-date!
[nltk_data] Downloading package omw-1.4 to /mnt/iusers01/fse-
[nltk_data]     ugpgt01/compsci01/q12628ct/nltk_data...
[nltk_data]   Package omw-1.4 is already up-to-date!
/mnt/iusers01/fse-ugpgt01/compsci01/q12628ct/.conda/envs/semantic-decoding/lib/python3.10/site-packages/huggingface_hub/file_download.py:945: FutureWarning: `resume_download` is deprecated and will be removed in version 1.0.0. Downloads always resume when possible. If you want to force a new download, use `force_download=True`.
  warnings.warn(
Some weights of the model checkpoint at roberta-large were not used when initializing RobertaModel: ['lm_head.dense.weight', 'lm_head.dense.bias', 'lm_head.layer_norm.bias', 'lm_head.layer_norm.weight', 'lm_head.bias']
- This IS expected if you are initializing RobertaModel from the checkpoint of a model trained on another task or with another architecture (e.g. initializing a BertForSequenceClassification model from a BertForPreTraining model).
- This IS NOT expected if you are initializing RobertaModel from the checkpoint of a model that you expect to be exactly identical (initializing a BertForSequenceClassification model from a BertForSequenceClassification model).
Some weights of RobertaModel were not initialized from the model checkpoint at roberta-large and are newly initialized: ['roberta.pooler.dense.bias', 'roberta.pooler.dense.weight']
You should probably TRAIN this model on a down-stream task to be able to use it for predictions and inference.
alpha
WER
[-0.16058394 -0.15328467 -0.17518248 -0.16058394 -0.17518248 -0.16058394
 -0.13868613 -0.15328467 -0.15328467 -0.16788321 -0.13868613 -0.1459854
 -0.16058394 -0.16788321 -0.16058394 -0.16788321 -0.12408759 -0.16058394
 -0.13868613 -0.18248175 -0.16788321 -0.1459854  -0.17518248 -0.15328467
 -0.16788321 -0.16788321 -0.16058394 -0.15328467 -0.15328467 -0.16058394
 -0.16788321 -0.16058394 -0.16058394 -0.17518248 -0.13868613 -0.1459854
 -0.13138686 -0.16058394 -0.13868613 -0.16788321 -0.15328467 -0.1459854
 -0.15328467 -0.13868613 -0.16788321 -0.13868613 -0.1459854  -0.13138686
 -0.13868613 -0.11678832 -0.16058394 -0.16058394 -0.16058394 -0.17518248
 -0.1459854  -0.18248175 -0.16058394 -0.12408759 -0.16058394 -0.16788321
 -0.15328467 -0.17518248 -0.13868613 -0.16788321 -0.16788321 -0.16058394
 -0.1459854  -0.18248175 -0.1459854  -0.16058394 -0.13138686 -0.1459854
 -0.1459854  -0.13868613 -0.16058394 -0.16788321 -0.16788321 -0.16058394
 -0.16788321 -0.17518248 -0.15328467 -0.1459854  -0.12408759 -0.16058394
 -0.15328467 -0.15328467 -0.13868613 -0.16058394 -0.16058394 -0.16058394
 -0.13868613 -0.16058394 -0.15328467 -0.1459854  -0.16058394 -0.18248175
 -0.16788321 -0.13868613 -0.1459854  -0.15328467 -0.16058394 -0.16058394
 -0.17518248 -0.12408759 -0.18248175 -0.16788321 -0.16058394 -0.1459854
 -0.1459854  -0.13138686 -0.13868613 -0.13138686 -0.11678832 -0.18978102
 -0.13138686 -0.1459854  -0.16058394 -0.17518248 -0.16058394 -0.13868613
 -0.16788321 -0.17518248 -0.12408759 -0.16788321 -0.15328467 -0.13868613
 -0.13138686 -0.18978102 -0.18248175 -0.13868613 -0.15328467 -0.13138686
 -0.1459854  -0.1459854  -0.16058394 -0.1459854  -0.16058394 -0.1459854
 -0.17518248 -0.16058394 -0.1459854  -0.16788321 -0.16058394 -0.1459854
 -0.13868613 -0.16058394 -0.1459854  -0.1459854  -0.12408759 -0.17518248
 -0.18248175 -0.1459854  -0.18248175 -0.18978102 -0.13868613 -0.1459854
 -0.16058394 -0.16058394 -0.16058394 -0.18248175 -0.15328467 -0.16788321
 -0.16788321 -0.16058394 -0.16788321 -0.18248175 -0.16788321 -0.16058394
 -0.16788321 -0.16788321 -0.13868613 -0.1459854  -0.13868613 -0.18248175
 -0.12408759 -0.15328467 -0.1459854  -0.1459854  -0.15328467 -0.17518248
 -0.16788321 -0.16058394 -0.13868613 -0.16788321 -0.19708029 -0.16788321
 -0.1459854  -0.1459854  -0.16788321 -0.16788321 -0.19708029 -0.13868613
 -0.16058394 -0.15328467 -0.15328467 -0.1459854  -0.1459854  -0.18248175
 -0.17518248 -0.18978102]
alpha
BLEU
[0.28823529 0.3        0.27058824 0.28823529 0.22352941 0.26470588
 0.27058824 0.29411765 0.25882353 0.24117647 0.25294118 0.30588235
 0.28235294 0.24705882 0.27647059 0.26470588 0.30588235 0.27647059
 0.33529412 0.25294118 0.28235294 0.27647059 0.21764706 0.25294118
 0.27647059 0.23529412 0.30588235 0.24117647 0.27058824 0.30588235
 0.26470588 0.27647059 0.26470588 0.25294118 0.25294118 0.29411765
 0.27647059 0.28235294 0.3        0.25294118 0.28235294 0.29411765
 0.34117647 0.31764706 0.31764706 0.32352941 0.29411765 0.31176471
 0.28823529 0.30588235 0.26470588 0.27058824 0.25882353 0.20588235
 0.31176471 0.25882353 0.27647059 0.27647059 0.24117647 0.24117647
 0.28235294 0.27058824 0.23529412 0.25294118 0.27058824 0.25882353
 0.31176471 0.23529412 0.3        0.25882353 0.32352941 0.22941176
 0.26470588 0.31764706 0.24705882 0.24705882 0.24705882 0.27058824
 0.25882353 0.23529412 0.30588235 0.28235294 0.37058824 0.27647059
 0.24117647 0.21764706 0.28235294 0.28235294 0.24117647 0.3
 0.28823529 0.28823529 0.25882353 0.29411765 0.25882353 0.22941176
 0.20588235 0.27058824 0.22352941 0.28235294 0.27058824 0.24117647
 0.20588235 0.26470588 0.24117647 0.20588235 0.25294118 0.23529412
 0.29411765 0.26470588 0.31176471 0.30588235 0.32352941 0.17647059
 0.31176471 0.27058824 0.3        0.20588235 0.23529412 0.28235294
 0.21176471 0.24117647 0.24117647 0.26470588 0.28235294 0.32352941
 0.28235294 0.18235294 0.20588235 0.32352941 0.31764706 0.32352941
 0.32352941 0.22941176 0.21176471 0.28235294 0.25294118 0.27058824
 0.21176471 0.33529412 0.22352941 0.25294118 0.27647059 0.32941176
 0.29411765 0.25294118 0.30588235 0.29411765 0.29411765 0.21176471
 0.21764706 0.3        0.18235294 0.25294118 0.31176471 0.28235294
 0.26470588 0.24705882 0.27058824 0.19411765 0.27058824 0.28823529
 0.27058824 0.29411765 0.23529412 0.18823529 0.24117647 0.3
 0.24705882 0.22941176 0.30588235 0.24705882 0.3        0.2
 0.28235294 0.27647059 0.31176471 0.24705882 0.24117647 0.22352941
 0.24705882 0.28823529 0.29411765 0.27058824 0.15882353 0.24705882
 0.27647059 0.30588235 0.25294118 0.3        0.21176471 0.26470588
 0.26470588 0.22352941 0.24117647 0.27058824 0.3        0.27647059
 0.26470588 0.16470588]
alpha
METEOR
[0.23012084 0.22616562 0.21863487 0.22647097 0.15635858 0.19163763
 0.21269177 0.23726984 0.20180932 0.20508176 0.20510351 0.21602787
 0.22166602 0.17108939 0.19539428 0.20218348 0.23028611 0.22625317
 0.26440099 0.20596348 0.21266076 0.21328671 0.16724739 0.20600559
 0.21280926 0.18834344 0.26279897 0.20232467 0.20949721 0.23344968
 0.20581965 0.20586183 0.18466899 0.18479777 0.20571827 0.22298148
 0.20557491 0.20887692 0.24606534 0.20905923 0.21298883 0.23060361
 0.26187151 0.27710677 0.24425784 0.23743017 0.22344895 0.21298883
 0.21615297 0.23659642 0.22584101 0.21920668 0.21194025 0.17373176
 0.25107024 0.20553259 0.19874477 0.21995205 0.19498607 0.19110493
 0.22012579 0.21313767 0.18794969 0.20209059 0.21269177 0.19163763
 0.24075366 0.19882956 0.23726984 0.18841591 0.23676164 0.17373176
 0.19888346 0.24357746 0.20265549 0.1915714  0.19150418 0.23361259
 0.19177127 0.17770035 0.25343826 0.21269177 0.29453378 0.21236437
 0.20115665 0.16736402 0.22274959 0.20586183 0.20873087 0.22268615
 0.20964361 0.24376555 0.19190509 0.20935101 0.20190169 0.18415566
 0.16364903 0.21298883 0.21179255 0.21979846 0.21964507 0.19779715
 0.17061281 0.20581965 0.17819706 0.16005567 0.20508176 0.21574115
 0.20600559 0.22243892 0.25024397 0.22980011 0.24059587 0.15701326
 0.23693892 0.20600559 0.22298148 0.18046974 0.19471488 0.2027972
 0.17385257 0.174703   0.20479593 0.21269177 0.20891365 0.22695531
 0.21663173 0.16208215 0.16713092 0.24109015 0.21254355 0.23044693
 0.24076388 0.19492597 0.16341342 0.22267092 0.19888346 0.20194986
 0.20190169 0.25473934 0.16690051 0.21964507 0.19888346 0.24775174
 0.21645507 0.18867925 0.22313708 0.22641128 0.21663173 0.16039052
 0.1809325  0.24391718 0.14246004 0.19190509 0.2339391  0.23659642
 0.20265549 0.19512195 0.20194986 0.14993026 0.19512195 0.22656961
 0.20166898 0.21617852 0.17085077 0.13917884 0.16410615 0.24009609
 0.18156425 0.17458101 0.25094346 0.19869081 0.24376555 0.17074409
 0.19110493 0.21585171 0.23976146 0.19137091 0.18454039 0.16050244
 0.19090576 0.21924559 0.2128402  0.20844116 0.13560501 0.2018595
 0.19874477 0.23710427 0.18841591 0.22298148 0.15277778 0.1914379
 0.20176109 0.17760786 0.19765941 0.18441197 0.25308479 0.20581965
 0.20567602 0.13560501]
alpha
BERT
[0.78931797 0.7815244  0.78166986 0.7862809  0.7714114  0.7820855
 0.78045285 0.7891449  0.7838016  0.7862679  0.7811035  0.782322
 0.7832669  0.7818546  0.78533757 0.7800618  0.78828114 0.782733
 0.78145266 0.7837997  0.784856   0.7801777  0.7813852  0.78594357
 0.79054534 0.78068686 0.78269035 0.7772795  0.7821747  0.79170877
 0.7808302  0.78216726 0.7762167  0.78396326 0.7871554  0.78602105
 0.78210104 0.77724516 0.78184    0.77995855 0.78422225 0.7815347
 0.78986293 0.7837453  0.78631675 0.78909445 0.7851441  0.7792883
 0.7839688  0.78231025 0.7862127  0.7837838  0.7863612  0.7769556
 0.78261876 0.7806734  0.7814719  0.782731   0.7840993  0.7756579
 0.78514504 0.78012455 0.77438915 0.7730099  0.7879449  0.7834524
 0.79060304 0.7863847  0.78372294 0.77973634 0.78473806 0.7893857
 0.7801901  0.785151   0.78673625 0.7837536  0.7761755  0.78491867
 0.78556573 0.78004545 0.7865583  0.78137964 0.7905327  0.7759933
 0.7836957  0.77829766 0.7865858  0.78031677 0.7817079  0.7859426
 0.7790822  0.7861146  0.78742254 0.7842077  0.7880725  0.7815933
 0.77549684 0.78174585 0.77925754 0.7846856  0.77970076 0.7828525
 0.78737104 0.7800261  0.7818137  0.77464974 0.7788746  0.7837558
 0.7801005  0.7835437  0.78335    0.7840102  0.7943373  0.78331023
 0.786204   0.7886909  0.78232265 0.77612966 0.78264546 0.789516
 0.77878535 0.7780342  0.78515077 0.7860228  0.7876618  0.7855897
 0.78703046 0.7773591  0.7821727  0.79042715 0.7892765  0.7856461
 0.78558517 0.7827554  0.77638537 0.78083944 0.78708816 0.78048414
 0.78461266 0.7822089  0.7792969  0.7878792  0.78905684 0.789619
 0.783738   0.7883178  0.7828754  0.78155553 0.7957318  0.7777604
 0.78198606 0.78587544 0.7765751  0.778341   0.78502    0.78168213
 0.7813447  0.78033894 0.78332984 0.7782177  0.7830507  0.7900743
 0.78168046 0.7826208  0.77697456 0.77521056 0.7832476  0.7822915
 0.7798399  0.77942634 0.79069436 0.77620405 0.7821834  0.77390856
 0.78533053 0.778657   0.78955007 0.77964854 0.7782608  0.7842492
 0.7771065  0.7815782  0.7842837  0.7797636  0.7677539  0.7732033
 0.7864553  0.77633405 0.7835724  0.7854116  0.77642465 0.7837962
 0.7857677  0.7857733  0.7804467  0.776255   0.78880036 0.7864429
 0.77158797 0.7770567 ]
[nltk_data] Downloading package wordnet to /mnt/iusers01/fse-
[nltk_data]     ugpgt01/compsci01/q12628ct/nltk_data...
[nltk_data]   Package wordnet is already up-to-date!
[nltk_data] Downloading package punkt_tab to /mnt/iusers01/fse-
[nltk_data]     ugpgt01/compsci01/q12628ct/nltk_data...
[nltk_data]   Package punkt_tab is already up-to-date!
[nltk_data] Downloading package omw-1.4 to /mnt/iusers01/fse-
[nltk_data]     ugpgt01/compsci01/q12628ct/nltk_data...
[nltk_data]   Package omw-1.4 is already up-to-date!
/mnt/iusers01/fse-ugpgt01/compsci01/q12628ct/.conda/envs/semantic-decoding/lib/python3.10/site-packages/huggingface_hub/file_download.py:945: FutureWarning: `resume_download` is deprecated and will be removed in version 1.0.0. Downloads always resume when possible. If you want to force a new download, use `force_download=True`.
  warnings.warn(
Some weights of the model checkpoint at roberta-large were not used when initializing RobertaModel: ['lm_head.dense.bias', 'lm_head.layer_norm.bias', 'lm_head.bias', 'lm_head.layer_norm.weight', 'lm_head.dense.weight']
- This IS expected if you are initializing RobertaModel from the checkpoint of a model trained on another task or with another architecture (e.g. initializing a BertForSequenceClassification model from a BertForPreTraining model).
- This IS NOT expected if you are initializing RobertaModel from the checkpoint of a model that you expect to be exactly identical (initializing a BertForSequenceClassification model from a BertForSequenceClassification model).
Some weights of RobertaModel were not initialized from the model checkpoint at roberta-large and are newly initialized: ['roberta.pooler.dense.weight', 'roberta.pooler.dense.bias']
You should probably TRAIN this model on a down-stream task to be able to use it for predictions and inference.
alpha
WER
[-0.10948905 -0.11678832 -0.1459854  -0.15328467 -0.12408759 -0.11678832
 -0.11678832 -0.09489051 -0.09489051 -0.12408759 -0.13868613 -0.09489051
 -0.12408759 -0.12408759 -0.10218978 -0.12408759 -0.10948905 -0.13138686
 -0.10948905 -0.09489051 -0.09489051 -0.13868613 -0.1459854  -0.10948905
 -0.10218978 -0.11678832 -0.10948905 -0.12408759 -0.11678832 -0.12408759
 -0.13138686 -0.12408759 -0.13138686 -0.13138686 -0.11678832 -0.12408759
 -0.11678832 -0.13868613 -0.12408759 -0.11678832 -0.10948905 -0.13868613
 -0.11678832 -0.10948905 -0.13138686 -0.10948905 -0.10218978 -0.11678832
 -0.13138686 -0.12408759 -0.11678832 -0.12408759 -0.11678832 -0.10218978
 -0.08759124 -0.12408759 -0.10948905 -0.10948905 -0.11678832 -0.10948905
 -0.12408759 -0.09489051 -0.10948905 -0.09489051 -0.10948905 -0.13138686
 -0.12408759 -0.12408759 -0.11678832 -0.13138686 -0.13868613 -0.1459854
 -0.13138686 -0.1459854  -0.11678832 -0.10948905 -0.09489051 -0.12408759
 -0.10948905 -0.13868613 -0.12408759 -0.13138686 -0.12408759 -0.11678832
 -0.08759124 -0.12408759 -0.12408759 -0.13868613 -0.13138686 -0.13138686
 -0.13138686 -0.12408759 -0.09489051 -0.12408759 -0.10218978 -0.11678832
 -0.10948905 -0.13138686 -0.1459854  -0.10218978 -0.10948905 -0.10218978
 -0.13138686 -0.13138686 -0.13138686 -0.13138686 -0.10218978 -0.13868613
 -0.10218978 -0.1459854  -0.10948905 -0.13138686 -0.09489051 -0.11678832
 -0.13138686 -0.10948905 -0.13868613 -0.13138686 -0.10218978 -0.12408759
 -0.13138686 -0.13138686 -0.10218978 -0.12408759 -0.10948905 -0.10218978
 -0.09489051 -0.10218978 -0.15328467 -0.13868613 -0.12408759 -0.13868613
 -0.10948905 -0.12408759 -0.10948905 -0.1459854  -0.10948905 -0.10218978
 -0.10218978 -0.09489051 -0.11678832 -0.13868613 -0.12408759 -0.10948905
 -0.10948905 -0.08029197 -0.10218978 -0.10218978 -0.1459854  -0.13138686
 -0.11678832 -0.11678832 -0.13138686 -0.11678832 -0.13138686 -0.13868613
 -0.15328467 -0.13138686 -0.15328467 -0.08029197 -0.09489051 -0.12408759
 -0.13138686 -0.13138686 -0.13868613 -0.12408759 -0.12408759 -0.10218978
 -0.13138686 -0.12408759 -0.13868613 -0.11678832 -0.11678832 -0.12408759
 -0.13868613 -0.11678832 -0.11678832 -0.10948905 -0.11678832 -0.12408759
 -0.11678832 -0.13868613 -0.10948905 -0.12408759 -0.10948905 -0.12408759
 -0.12408759 -0.12408759 -0.1459854  -0.10218978 -0.13868613 -0.10948905
 -0.13868613 -0.13138686 -0.10218978 -0.10218978 -0.12408759 -0.10218978
 -0.11678832 -0.13868613]
alpha
BLEU
[0.29878049 0.26219512 0.21341463 0.27439024 0.25       0.25
 0.32317073 0.29878049 0.30487805 0.28658537 0.18902439 0.25609756
 0.26829268 0.31097561 0.31707317 0.2195122  0.29878049 0.19512195
 0.25       0.28658537 0.2804878  0.20121951 0.29268293 0.29878049
 0.25       0.25       0.23780488 0.2804878  0.32317073 0.23780488
 0.25609756 0.2195122  0.26829268 0.23170732 0.29878049 0.21341463
 0.29878049 0.25       0.28658537 0.27439024 0.29878049 0.21341463
 0.26829268 0.28658537 0.19512195 0.33536585 0.27439024 0.26829268
 0.22560976 0.26219512 0.30487805 0.2804878  0.25609756 0.25609756
 0.26829268 0.26219512 0.31097561 0.31707317 0.29268293 0.31707317
 0.22560976 0.29878049 0.31707317 0.30487805 0.29878049 0.29878049
 0.2195122  0.19512195 0.24390244 0.25609756 0.23780488 0.22560976
 0.29878049 0.24390244 0.27439024 0.25       0.23170732 0.26219512
 0.32926829 0.21341463 0.27439024 0.22560976 0.28658537 0.26829268
 0.26219512 0.20731707 0.31707317 0.23780488 0.25       0.26829268
 0.27439024 0.35365854 0.24390244 0.26829268 0.25609756 0.27439024
 0.28658537 0.27439024 0.28658537 0.24390244 0.25609756 0.31707317
 0.26829268 0.25       0.27439024 0.23170732 0.26219512 0.17073171
 0.30487805 0.27439024 0.30487805 0.23780488 0.29878049 0.29268293
 0.22560976 0.31097561 0.28658537 0.28658537 0.29878049 0.23780488
 0.2195122  0.29268293 0.29268293 0.24390244 0.31097561 0.26219512
 0.31097561 0.2804878  0.20731707 0.26219512 0.25609756 0.2195122
 0.29878049 0.32317073 0.26829268 0.17682927 0.24390244 0.29268293
 0.26829268 0.31097561 0.28658537 0.25609756 0.30487805 0.26829268
 0.30487805 0.29268293 0.31707317 0.30487805 0.23780488 0.22560976
 0.23170732 0.25609756 0.2804878  0.2804878  0.22560976 0.28658537
 0.18292683 0.27439024 0.23780488 0.30487805 0.28658537 0.25
 0.27439024 0.25609756 0.2804878  0.30487805 0.32926829 0.27439024
 0.26219512 0.23780488 0.23170732 0.28658537 0.30487805 0.24390244
 0.22560976 0.23780488 0.29268293 0.28658537 0.29878049 0.26219512
 0.29878049 0.2195122  0.28658537 0.25609756 0.29878049 0.23780488
 0.32317073 0.23780488 0.22560976 0.25609756 0.2195122  0.2804878
 0.25       0.26829268 0.29878049 0.2804878  0.29878049 0.31707317
 0.26219512 0.18292683]
alpha
METEOR
[0.2236052  0.18881119 0.16433566 0.19298246 0.19257703 0.17482517
 0.23088499 0.21706181 0.20716292 0.20683069 0.15734266 0.18894332
 0.20946223 0.22393282 0.22058824 0.17760786 0.23377573 0.14736842
 0.19635344 0.21358543 0.21325603 0.15712291 0.21400482 0.22736459
 0.18185992 0.16830295 0.18575579 0.20303358 0.25867295 0.20522498
 0.20608847 0.16106443 0.19643171 0.18484777 0.2028914  0.15745276
 0.20308123 0.17484812 0.20701754 0.21663173 0.23125047 0.174703
 0.19607843 0.22058824 0.14726508 0.26163555 0.19257703 0.1958042
 0.18544437 0.2204773  0.21019522 0.20260764 0.18867925 0.19298246
 0.22641128 0.20668565 0.22025989 0.23374888 0.2635351  0.25551817
 0.17132867 0.2411056  0.21723896 0.22025989 0.20993702 0.22058824
 0.16433566 0.15384615 0.18934081 0.18544437 0.19251113 0.19251113
 0.23424063 0.17894737 0.20308123 0.17810466 0.19170509 0.18920813
 0.22726338 0.17036803 0.19896851 0.15395381 0.22742252 0.19621584
 0.18867925 0.14675052 0.22105263 0.19966615 0.18194542 0.21706181
 0.20683069 0.25877517 0.18549544 0.20931555 0.18907563 0.19649123
 0.2275819  0.20975621 0.21370467 0.18518519 0.20336606 0.21373511
 0.19896851 0.19217331 0.19298246 0.15077139 0.18220042 0.13249651
 0.22041414 0.21312925 0.21037868 0.18156425 0.22043387 0.22377622
 0.18185992 0.24848168 0.20600559 0.2027972  0.21706181 0.1991852
 0.15767344 0.21721402 0.22438978 0.18562553 0.21660643 0.20346132
 0.20993702 0.22704593 0.15077139 0.19635344 0.21208815 0.17835411
 0.22742252 0.2236052  0.19952623 0.14288319 0.17519271 0.22337353
 0.19621584 0.24511369 0.21385464 0.18562553 0.20336606 0.19588149
 0.21019522 0.21403509 0.28369019 0.23377573 0.19197302 0.18173265
 0.16771488 0.205512   0.20308123 0.20322355 0.18185992 0.20990083
 0.12640449 0.20668565 0.19183896 0.22407529 0.22438978 0.17869657
 0.22025989 0.21283075 0.23072308 0.24727239 0.24861983 0.23076499
 0.19985975 0.19251113 0.18887101 0.19971969 0.25062406 0.18920813
 0.20472969 0.18926863 0.22407529 0.22010587 0.21373511 0.2028914
 0.24744579 0.15712291 0.20697594 0.20639617 0.2173913  0.17844647
 0.24143829 0.18147866 0.17497065 0.20303358 0.16806723 0.22423243
 0.19251113 0.18544437 0.23125047 0.2173913  0.22010587 0.21723896
 0.18907563 0.13645906]
alpha
BERT
[0.780363   0.7764397  0.7764294  0.781337   0.78180456 0.7803086
 0.78854287 0.78168607 0.7820283  0.7851541  0.77713513 0.7837098
 0.78307724 0.79188085 0.77711344 0.7823665  0.7839665  0.77834046
 0.7824489  0.7855491  0.7779017  0.7792332  0.78232497 0.7839298
 0.780866   0.77486473 0.78364444 0.77990025 0.7882269  0.77820367
 0.77896667 0.7776935  0.7838889  0.78220874 0.78064895 0.77955735
 0.7847788  0.7836107  0.7916156  0.7843373  0.78037405 0.779619
 0.778973   0.7837881  0.78431296 0.7851289  0.78312784 0.783207
 0.7784919  0.79428065 0.7872449  0.7865937  0.78652644 0.7812001
 0.7801986  0.78538924 0.7888106  0.7773577  0.7906144  0.78194106
 0.7812099  0.7886379  0.7833247  0.7879029  0.77848697 0.78000677
 0.7776251  0.7823165  0.78167033 0.77908355 0.78414065 0.78066903
 0.7930527  0.78084296 0.7852037  0.7840011  0.78348935 0.7879127
 0.79006684 0.7773605  0.7827915  0.7801386  0.7808871  0.7809504
 0.7711087  0.7732394  0.7783283  0.7829399  0.7825756  0.77614915
 0.7900348  0.78260565 0.7839863  0.7864763  0.782063   0.7786689
 0.7771183  0.78812075 0.78102016 0.77958775 0.7823899  0.78417933
 0.7816657  0.77729607 0.7863456  0.7781209  0.7811169  0.7731148
 0.7812711  0.787205   0.7842105  0.7790325  0.78079236 0.78583205
 0.7822782  0.7882333  0.7796973  0.7886706  0.7866605  0.7881863
 0.7779228  0.78631103 0.78122985 0.7811994  0.785085   0.7860495
 0.78498924 0.78810835 0.77012146 0.7774341  0.77525806 0.7835115
 0.7866398  0.7790935  0.78456    0.77204216 0.77201295 0.78544664
 0.78697014 0.7849305  0.7893195  0.7882287  0.78539646 0.7843045
 0.7752787  0.7837534  0.79451114 0.7884467  0.7759252  0.777662
 0.77494556 0.77918077 0.7922534  0.7838896  0.7746452  0.7852473
 0.7806878  0.78772056 0.7732965  0.78493494 0.7804601  0.7817179
 0.787462   0.77679676 0.7845924  0.7832812  0.79085076 0.7910149
 0.78486335 0.78138864 0.781749   0.7813312  0.77384937 0.7812396
 0.78481567 0.78191906 0.78794986 0.78159916 0.77604496 0.78544307
 0.7915883  0.7799537  0.78839564 0.7861196  0.7813524  0.7775172
 0.7936926  0.7790867  0.7846234  0.7841758  0.77912724 0.78837883
 0.78217363 0.774969   0.7811548  0.7876503  0.7812714  0.78158873
 0.78111136 0.77572376]
[nltk_data] Downloading package wordnet to /mnt/iusers01/fse-
[nltk_data]     ugpgt01/compsci01/q12628ct/nltk_data...
[nltk_data]   Package wordnet is already up-to-date!
[nltk_data] Downloading package punkt_tab to /mnt/iusers01/fse-
[nltk_data]     ugpgt01/compsci01/q12628ct/nltk_data...
[nltk_data]   Package punkt_tab is already up-to-date!
[nltk_data] Downloading package omw-1.4 to /mnt/iusers01/fse-
[nltk_data]     ugpgt01/compsci01/q12628ct/nltk_data...
[nltk_data]   Package omw-1.4 is already up-to-date!
/mnt/iusers01/fse-ugpgt01/compsci01/q12628ct/.conda/envs/semantic-decoding/lib/python3.10/site-packages/huggingface_hub/file_download.py:945: FutureWarning: `resume_download` is deprecated and will be removed in version 1.0.0. Downloads always resume when possible. If you want to force a new download, use `force_download=True`.
  warnings.warn(
Some weights of the model checkpoint at roberta-large were not used when initializing RobertaModel: ['lm_head.layer_norm.bias', 'lm_head.dense.bias', 'lm_head.layer_norm.weight', 'lm_head.bias', 'lm_head.dense.weight']
- This IS expected if you are initializing RobertaModel from the checkpoint of a model trained on another task or with another architecture (e.g. initializing a BertForSequenceClassification model from a BertForPreTraining model).
- This IS NOT expected if you are initializing RobertaModel from the checkpoint of a model that you expect to be exactly identical (initializing a BertForSequenceClassification model from a BertForSequenceClassification model).
Some weights of RobertaModel were not initialized from the model checkpoint at roberta-large and are newly initialized: ['roberta.pooler.dense.weight', 'roberta.pooler.dense.bias']
You should probably TRAIN this model on a down-stream task to be able to use it for predictions and inference.
bravo
WER
[-0.0890411  -0.09589041 -0.07534247 -0.0890411  -0.10273973 -0.11643836
 -0.0890411  -0.09589041 -0.0890411  -0.06164384 -0.10273973 -0.10273973
 -0.09589041 -0.10273973 -0.10273973 -0.08219178 -0.09589041 -0.0890411
 -0.10958904 -0.07534247 -0.0890411  -0.0890411  -0.08219178 -0.10958904
 -0.08219178 -0.06849315 -0.10273973 -0.10958904 -0.07534247 -0.10273973
 -0.06164384 -0.09589041 -0.10273973 -0.12328767 -0.09589041 -0.0890411
 -0.10273973 -0.10273973 -0.08219178 -0.06849315 -0.08219178 -0.06849315
 -0.09589041 -0.08219178 -0.11643836 -0.0890411  -0.06849315 -0.10273973
 -0.08219178 -0.12328767 -0.10958904 -0.10273973 -0.09589041 -0.07534247
 -0.10958904 -0.08219178 -0.11643836 -0.09589041 -0.09589041 -0.08219178
 -0.08219178 -0.10273973 -0.11643836 -0.08219178 -0.10958904 -0.0890411
 -0.0890411  -0.09589041 -0.0890411  -0.0890411  -0.06164384 -0.10958904
 -0.0890411  -0.10958904 -0.0890411  -0.08219178 -0.13013699 -0.0890411
 -0.09589041 -0.10273973 -0.0890411  -0.10273973 -0.07534247 -0.11643836
 -0.08219178 -0.09589041 -0.10273973 -0.11643836 -0.10958904 -0.09589041
 -0.07534247 -0.10273973 -0.08219178 -0.0890411  -0.11643836 -0.10273973
 -0.0890411  -0.08219178 -0.07534247 -0.0890411  -0.0890411  -0.10273973
 -0.0890411  -0.07534247 -0.10273973 -0.09589041 -0.11643836 -0.08219178
 -0.07534247 -0.10273973 -0.06849315 -0.0890411  -0.0890411  -0.06849315
 -0.07534247 -0.05479452 -0.06849315 -0.08219178 -0.10273973 -0.08219178
 -0.08219178 -0.10273973 -0.09589041 -0.09589041 -0.08219178 -0.09589041
 -0.10273973 -0.10273973 -0.12328767 -0.06849315 -0.07534247 -0.06849315
 -0.11643836 -0.10958904 -0.11643836 -0.09589041 -0.08219178 -0.09589041
 -0.09589041 -0.0890411  -0.06849315 -0.10273973 -0.08219178 -0.10273973
 -0.0890411  -0.07534247 -0.09589041 -0.0890411  -0.0890411  -0.10273973
 -0.08219178 -0.09589041 -0.10273973 -0.08219178 -0.06849315 -0.10273973
 -0.07534247 -0.10958904 -0.10958904 -0.0890411  -0.10273973 -0.10958904
 -0.10273973 -0.07534247 -0.10958904 -0.0890411  -0.09589041 -0.10273973
 -0.07534247 -0.12328767 -0.10958904 -0.10273973 -0.12328767 -0.09589041
 -0.06849315 -0.07534247 -0.10273973 -0.09589041 -0.04794521 -0.0890411
 -0.10958904 -0.08219178 -0.08219178 -0.0890411  -0.10273973 -0.10273973
 -0.06164384 -0.10958904 -0.09589041 -0.10273973 -0.09589041 -0.06849315
 -0.10273973 -0.10958904 -0.0890411  -0.13013699 -0.09589041 -0.07534247
 -0.11643836 -0.08219178]
bravo
BLEU
[0.26470588 0.26470588 0.38823529 0.3        0.29411765 0.27058824
 0.37647059 0.27058824 0.3        0.32941176 0.26470588 0.25294118
 0.32352941 0.33529412 0.35294118 0.32941176 0.22352941 0.3
 0.26470588 0.36470588 0.32352941 0.30588235 0.32352941 0.28235294
 0.38235294 0.34705882 0.25294118 0.3        0.38235294 0.32352941
 0.32352941 0.29411765 0.33529412 0.19411765 0.31176471 0.37058824
 0.24705882 0.27647059 0.34117647 0.34705882 0.33529412 0.27058824
 0.27647059 0.29411765 0.31176471 0.25882353 0.31176471 0.27647059
 0.34705882 0.24705882 0.31176471 0.22941176 0.31176471 0.27647059
 0.31764706 0.35294118 0.25882353 0.38235294 0.30588235 0.31176471
 0.37058824 0.31176471 0.25294118 0.35882353 0.26470588 0.25882353
 0.35882353 0.34705882 0.36470588 0.34117647 0.3        0.22941176
 0.27647059 0.24117647 0.33529412 0.28823529 0.22352941 0.32941176
 0.31764706 0.31764706 0.31176471 0.30588235 0.32941176 0.29411765
 0.32352941 0.3        0.25294118 0.28823529 0.30588235 0.25294118
 0.30588235 0.28235294 0.32352941 0.32941176 0.3        0.31176471
 0.36470588 0.34705882 0.31764706 0.3        0.3        0.27058824
 0.3        0.27058824 0.24117647 0.32941176 0.28823529 0.34117647
 0.32352941 0.31764706 0.39411765 0.27647059 0.32941176 0.34117647
 0.38235294 0.30588235 0.27647059 0.37058824 0.27058824 0.34705882
 0.28235294 0.26470588 0.35294118 0.3        0.32941176 0.31764706
 0.25882353 0.30588235 0.27647059 0.29411765 0.31176471 0.38235294
 0.27058824 0.26470588 0.22352941 0.27647059 0.38235294 0.32941176
 0.26470588 0.32941176 0.26470588 0.31764706 0.31764706 0.24705882
 0.25882353 0.33529412 0.28823529 0.31764706 0.33529412 0.19411765
 0.29411765 0.33529412 0.32352941 0.37058824 0.34117647 0.27058824
 0.36470588 0.29411765 0.3        0.31764706 0.33529412 0.25882353
 0.29411765 0.25882353 0.25294118 0.29411765 0.2        0.31176471
 0.27058824 0.25294118 0.21176471 0.34117647 0.26470588 0.30588235
 0.29411765 0.34117647 0.33529412 0.35882353 0.34117647 0.3
 0.3        0.31764706 0.33529412 0.33529412 0.35294118 0.3
 0.35882353 0.24705882 0.28823529 0.35294118 0.22352941 0.31176471
 0.29411765 0.27058824 0.24117647 0.27647059 0.22352941 0.32352941
 0.27058824 0.31764706]
bravo
METEOR
[0.19780788 0.19179004 0.25891056 0.20374081 0.22125831 0.22800448
 0.24848892 0.22374751 0.22834033 0.23537323 0.19476158 0.19798658
 0.2190027  0.22834117 0.25514874 0.23780147 0.14804845 0.23217096
 0.18468771 0.25860095 0.22834117 0.23828155 0.23185869 0.20524899
 0.26514674 0.26827721 0.18181818 0.21155138 0.25252525 0.24884907
 0.23506534 0.20861373 0.22206274 0.17068273 0.21519839 0.25201613
 0.18120805 0.20188425 0.23889637 0.23521505 0.21870794 0.19076305
 0.19838601 0.1952862  0.22818698 0.17773307 0.25015797 0.2077446
 0.23185869 0.18084394 0.20889488 0.15793011 0.23459238 0.20861373
 0.23554022 0.2836398  0.19807375 0.25252525 0.23780147 0.23459158
 0.24579125 0.21548822 0.20103178 0.25252525 0.18443997 0.20120724
 0.25558241 0.25187677 0.2483477  0.25126853 0.22864765 0.18101195
 0.20469799 0.17402945 0.24823557 0.18855219 0.17125588 0.22192334
 0.22757563 0.20875421 0.20174849 0.23122157 0.23185869 0.21183591
 0.23154726 0.22206274 0.18120805 0.21505376 0.23842775 0.18181818
 0.22818698 0.21181116 0.22513441 0.22864765 0.20861373 0.22803384
 0.25592686 0.25558241 0.22177419 0.23106628 0.22849462 0.1884253
 0.22772816 0.21759204 0.20438622 0.23858809 0.19127517 0.26471312
 0.24531724 0.23842775 0.27182724 0.20802364 0.24165551 0.23232323
 0.27278202 0.20847344 0.19114688 0.25489628 0.2079013  0.23905724
 0.19851952 0.19476158 0.25187677 0.20215633 0.24146554 0.21885522
 0.19070592 0.23474982 0.19515478 0.19772118 0.23075634 0.26791711
 0.20120724 0.18817204 0.17461383 0.20188425 0.2703897  0.2153432
 0.1884253  0.2422611  0.19811954 0.22849462 0.22498321 0.2011667
 0.21142066 0.22528581 0.21869318 0.23844201 0.22911051 0.16020664
 0.2016129  0.22543742 0.22834033 0.25800058 0.23185484 0.18456376
 0.26231554 0.22558923 0.22162525 0.21519839 0.22483221 0.17833109
 0.23091121 0.20480031 0.18729097 0.21474509 0.1676727  0.20805369
 0.21519839 0.17484869 0.13721553 0.24181824 0.22125831 0.23139186
 0.20497312 0.23841504 0.27787514 0.24513096 0.2419527  0.20524899
 0.21563342 0.21812081 0.23216689 0.23537323 0.24531724 0.2214662
 0.24515238 0.1984739  0.20480031 0.23873571 0.16487214 0.2190027
 0.22543742 0.21869318 0.18120805 0.20844361 0.16398929 0.22558923
 0.21183591 0.23554022]
bravo
BERT
[0.79219294 0.789923   0.7959806  0.7871707  0.78769624 0.7857976
 0.7937589  0.78497684 0.7923072  0.7910856  0.78671956 0.78449595
 0.79391026 0.7919723  0.7892307  0.7882123  0.78308815 0.79414916
 0.7897347  0.79020137 0.7865078  0.7891119  0.79578626 0.7892177
 0.79095703 0.7980977  0.7808072  0.7908262  0.79486877 0.7925975
 0.78903806 0.78789395 0.7892159  0.777932   0.78984636 0.79551595
 0.7848439  0.7920657  0.79307747 0.7894566  0.79321533 0.7874895
 0.78618735 0.7879567  0.7916744  0.79143274 0.7915993  0.7875949
 0.79614896 0.78553617 0.7919198  0.7882221  0.7915647  0.7899611
 0.79766226 0.7937447  0.7824572  0.7903856  0.78800374 0.78956467
 0.7948108  0.7925239  0.7837167  0.7979325  0.78342247 0.7928039
 0.78906196 0.78899944 0.7965293  0.7919879  0.7907245  0.78197306
 0.7806933  0.7890792  0.7922071  0.7877678  0.7846538  0.7896873
 0.7907442  0.7927724  0.7910125  0.7944726  0.79362726 0.7847874
 0.78847444 0.7864245  0.7904223  0.790554   0.78822255 0.7879371
 0.79920876 0.78609467 0.79118896 0.78496397 0.78775406 0.78538334
 0.7878452  0.7920958  0.7876458  0.79076743 0.7872971  0.7852899
 0.7911459  0.79165983 0.7904298  0.79034793 0.78959215 0.78442085
 0.7927325  0.79198956 0.78923696 0.7891216  0.7929147  0.7902959
 0.7884612  0.7896801  0.7824874  0.7918701  0.7913343  0.79098797
 0.7877422  0.7853188  0.7875713  0.7865715  0.7923293  0.79322875
 0.7926854  0.7886716  0.7884889  0.7872378  0.7915647  0.79376847
 0.78777194 0.786096   0.77968496 0.78770256 0.79715866 0.78699493
 0.78811294 0.7906332  0.78085065 0.78897154 0.78709304 0.7842759
 0.7839861  0.7901273  0.7854876  0.7875391  0.7881453  0.79108477
 0.78831106 0.7835855  0.7909462  0.8002151  0.79500586 0.7889262
 0.7932063  0.79228246 0.7919434  0.79211056 0.79053074 0.78762126
 0.7912221  0.78507435 0.78657126 0.78665984 0.7878324  0.7890135
 0.7864908  0.7894268  0.7765943  0.7940247  0.78828746 0.79456896
 0.79289246 0.79011977 0.7914214  0.7875684  0.79335535 0.78875256
 0.7828839  0.7877903  0.79211473 0.785766   0.7914181  0.79381514
 0.7924188  0.78698564 0.7883185  0.78583884 0.7863524  0.7953552
 0.7954657  0.795652   0.7922182  0.7899773  0.7774415  0.7929187
 0.77453697 0.79296076]
[nltk_data] Downloading package wordnet to /mnt/iusers01/fse-
[nltk_data]     ugpgt01/compsci01/q12628ct/nltk_data...
[nltk_data]   Package wordnet is already up-to-date!
[nltk_data] Downloading package punkt_tab to /mnt/iusers01/fse-
[nltk_data]     ugpgt01/compsci01/q12628ct/nltk_data...
[nltk_data]   Package punkt_tab is already up-to-date!
[nltk_data] Downloading package omw-1.4 to /mnt/iusers01/fse-
[nltk_data]     ugpgt01/compsci01/q12628ct/nltk_data...
[nltk_data]   Package omw-1.4 is already up-to-date!
/mnt/iusers01/fse-ugpgt01/compsci01/q12628ct/.conda/envs/semantic-decoding/lib/python3.10/site-packages/huggingface_hub/file_download.py:945: FutureWarning: `resume_download` is deprecated and will be removed in version 1.0.0. Downloads always resume when possible. If you want to force a new download, use `force_download=True`.
  warnings.warn(
Some weights of the model checkpoint at roberta-large were not used when initializing RobertaModel: ['lm_head.dense.bias', 'lm_head.layer_norm.bias', 'lm_head.bias', 'lm_head.dense.weight', 'lm_head.layer_norm.weight']
- This IS expected if you are initializing RobertaModel from the checkpoint of a model trained on another task or with another architecture (e.g. initializing a BertForSequenceClassification model from a BertForPreTraining model).
- This IS NOT expected if you are initializing RobertaModel from the checkpoint of a model that you expect to be exactly identical (initializing a BertForSequenceClassification model from a BertForSequenceClassification model).
Some weights of RobertaModel were not initialized from the model checkpoint at roberta-large and are newly initialized: ['roberta.pooler.dense.bias', 'roberta.pooler.dense.weight']
You should probably TRAIN this model on a down-stream task to be able to use it for predictions and inference.
bravo
WER
[-0.09589041 -0.10273973 -0.10273973 -0.08219178 -0.07534247 -0.10958904
 -0.10273973 -0.10958904 -0.09589041 -0.08219178 -0.10958904 -0.10958904
 -0.0890411  -0.08219178 -0.09589041 -0.09589041 -0.07534247 -0.07534247
 -0.10958904 -0.09589041 -0.09589041 -0.09589041 -0.09589041 -0.09589041
 -0.0890411  -0.07534247 -0.11643836 -0.10958904 -0.06849315 -0.09589041
 -0.09589041 -0.09589041 -0.06164384 -0.0890411  -0.09589041 -0.09589041
 -0.0890411  -0.08219178 -0.09589041 -0.08219178 -0.0890411  -0.09589041
 -0.06849315 -0.10958904 -0.10273973 -0.0890411  -0.09589041 -0.08219178
 -0.10273973 -0.10958904 -0.09589041 -0.11643836 -0.13013699 -0.13013699
 -0.07534247 -0.08219178 -0.12328767 -0.09589041 -0.08219178 -0.10273973
 -0.0890411  -0.0890411  -0.10273973 -0.0890411  -0.10958904 -0.09589041
 -0.13013699 -0.08219178 -0.08219178 -0.11643836 -0.09589041 -0.10273973
 -0.08219178 -0.08219178 -0.09589041 -0.0890411  -0.09589041 -0.10273973
 -0.10958904 -0.09589041 -0.10273973 -0.10958904 -0.09589041 -0.11643836
 -0.09589041 -0.10958904 -0.10273973 -0.10273973 -0.10958904 -0.0890411
 -0.09589041 -0.07534247 -0.09589041 -0.0890411  -0.10958904 -0.07534247
 -0.09589041 -0.06849315 -0.0890411  -0.07534247 -0.12328767 -0.06164384
 -0.08219178 -0.09589041 -0.06849315 -0.10273973 -0.10273973 -0.0890411
 -0.0890411  -0.0890411  -0.09589041 -0.09589041 -0.10958904 -0.0890411
 -0.0890411  -0.11643836 -0.0890411  -0.10958904 -0.0890411  -0.0890411
 -0.12328767 -0.10273973 -0.07534247 -0.10273973 -0.11643836 -0.10273973
 -0.08219178 -0.0890411  -0.0890411  -0.11643836 -0.08219178 -0.08219178
 -0.0890411  -0.11643836 -0.10958904 -0.0890411  -0.10273973 -0.08219178
 -0.10958904 -0.0890411  -0.09589041 -0.11643836 -0.10273973 -0.10273973
 -0.10273973 -0.08219178 -0.0890411  -0.08219178 -0.11643836 -0.07534247
 -0.07534247 -0.10273973 -0.06164384 -0.10958904 -0.09589041 -0.07534247
 -0.0890411  -0.08219178 -0.0890411  -0.09589041 -0.07534247 -0.10273973
 -0.10273973 -0.09589041 -0.08219178 -0.09589041 -0.10273973 -0.10273973
 -0.06849315 -0.0890411  -0.0890411  -0.10273973 -0.07534247 -0.08219178
 -0.10273973 -0.07534247 -0.08219178 -0.10273973 -0.09589041 -0.10273973
 -0.09589041 -0.07534247 -0.0890411  -0.08219178 -0.09589041 -0.09589041
 -0.10958904 -0.0890411  -0.08219178 -0.09589041 -0.09589041 -0.10958904
 -0.09589041 -0.10958904 -0.10958904 -0.0890411  -0.09589041 -0.11643836
 -0.08219178 -0.0890411 ]
bravo
BLEU
[0.27058824 0.27647059 0.27058824 0.33529412 0.33529412 0.31764706
 0.31176471 0.24117647 0.25882353 0.29411765 0.24117647 0.29411765
 0.31176471 0.31176471 0.32941176 0.32352941 0.34117647 0.34705882
 0.3        0.25882353 0.31764706 0.31176471 0.28823529 0.34117647
 0.27647059 0.35294118 0.25294118 0.24705882 0.35882353 0.24705882
 0.3        0.32941176 0.38235294 0.3        0.28235294 0.31176471
 0.3        0.28823529 0.30588235 0.33529412 0.31176471 0.28235294
 0.3        0.33529412 0.31176471 0.34705882 0.28235294 0.35294118
 0.28823529 0.22941176 0.25882353 0.27647059 0.23529412 0.3
 0.33529412 0.27647059 0.29411765 0.29411765 0.35294118 0.27647059
 0.28235294 0.27647059 0.21764706 0.3        0.34117647 0.30588235
 0.30588235 0.34117647 0.34117647 0.28235294 0.28235294 0.27058824
 0.35294118 0.33529412 0.32941176 0.30588235 0.23529412 0.24705882
 0.25882353 0.27058824 0.35882353 0.26470588 0.24705882 0.2
 0.29411765 0.27058824 0.29411765 0.34117647 0.24705882 0.27647059
 0.34117647 0.28823529 0.3        0.32352941 0.25294118 0.35294118
 0.32941176 0.32941176 0.26470588 0.35882353 0.29411765 0.34705882
 0.35882353 0.34117647 0.30588235 0.24117647 0.27647059 0.29411765
 0.35882353 0.28235294 0.24117647 0.32941176 0.29411765 0.33529412
 0.28823529 0.19411765 0.35294118 0.22352941 0.27058824 0.27647059
 0.28235294 0.22352941 0.34705882 0.32941176 0.27058824 0.34117647
 0.31764706 0.3        0.35294118 0.27647059 0.34705882 0.32941176
 0.28235294 0.3        0.29411765 0.32352941 0.32352941 0.34117647
 0.27647059 0.25882353 0.34117647 0.23529412 0.23529412 0.28235294
 0.31176471 0.32941176 0.35882353 0.31764706 0.30588235 0.33529412
 0.32352941 0.27058824 0.34705882 0.28823529 0.3        0.29411765
 0.28823529 0.34705882 0.31764706 0.36470588 0.31176471 0.28235294
 0.31176471 0.26470588 0.32941176 0.31764706 0.26470588 0.27058824
 0.3        0.31176471 0.31176471 0.3        0.32352941 0.29411765
 0.30588235 0.30588235 0.31176471 0.31764706 0.31764706 0.28235294
 0.32941176 0.31764706 0.31764706 0.34705882 0.32352941 0.30588235
 0.30588235 0.25882353 0.27647059 0.38235294 0.29411765 0.27647059
 0.31764706 0.28235294 0.23529412 0.27647059 0.28823529 0.24705882
 0.32352941 0.3       ]
bravo
METEOR
[0.20134228 0.21155138 0.2016129  0.22162525 0.24211552 0.24486442
 0.21503392 0.19794072 0.18120805 0.2045607  0.17160162 0.23139186
 0.22177419 0.24130359 0.23873571 0.22468142 0.25269542 0.27223168
 0.2077748  0.19476158 0.22528581 0.24211552 0.21098459 0.25211512
 0.21197847 0.25463467 0.17761394 0.21436654 0.25825383 0.16722408
 0.21505376 0.23216689 0.26563551 0.2289558  0.21782842 0.21856086
 0.22161503 0.19838601 0.25438435 0.21841398 0.22417929 0.2153432
 0.241493   0.2450292  0.22192334 0.24513096 0.18791946 0.25554808
 0.23153277 0.17102616 0.17473118 0.20469799 0.19121822 0.20833333
 0.22513441 0.22849389 0.21474509 0.21503392 0.23825503 0.21124254
 0.20889488 0.19811954 0.15719064 0.21546863 0.25116871 0.21112601
 0.22467574 0.25153868 0.24242424 0.19140363 0.20120724 0.22051683
 0.27127994 0.27806213 0.23538172 0.23137707 0.1780914  0.19166106
 0.19153226 0.2016129  0.23553163 0.19807375 0.17833109 0.16420912
 0.20483546 0.22206274 0.1952862  0.22880215 0.18804567 0.20844361
 0.25800058 0.21138441 0.21519839 0.22498321 0.19114688 0.25523888
 0.21519839 0.23169913 0.217446   0.25252525 0.19101877 0.26382482
 0.23921833 0.26809789 0.2153432  0.16823688 0.19089082 0.2114094
 0.23857527 0.20788403 0.19127517 0.24482331 0.20215633 0.23554022
 0.19502354 0.15456989 0.25572005 0.18052731 0.20480031 0.20507595
 0.19489247 0.17102616 0.23201076 0.24823557 0.19166106 0.23201076
 0.21488941 0.21197847 0.23232323 0.20524899 0.24562584 0.24179009
 0.22478273 0.22543222 0.21490934 0.24165551 0.23490748 0.25497715
 0.22538008 0.18829859 0.24832215 0.19741041 0.18145161 0.24728161
 0.2014775  0.2219133  0.25554808 0.21548822 0.22880163 0.21885522
 0.24901665 0.19114688 0.24209818 0.21885522 0.20847344 0.21841398
 0.22543222 0.23874865 0.21197847 0.25523888 0.22528052 0.19820695
 0.22452505 0.19838601 0.23247978 0.23858809 0.18518519 0.21152647
 0.22528581 0.22849389 0.21519839 0.21841398 0.24242424 0.2147996
 0.21169355 0.2147651  0.20861373 0.22818698 0.23123667 0.22161503
 0.22849389 0.25143739 0.22192334 0.24496644 0.24162771 0.20791415
 0.21797451 0.19476158 0.2077446  0.28087576 0.19436997 0.20819342
 0.22161503 0.22161503 0.1615074  0.22652626 0.1952862  0.19101877
 0.23780147 0.1884253 ]
bravo
BERT
[0.7879471  0.7857331  0.78755176 0.792189   0.7975907  0.79205716
 0.78912055 0.7879462  0.7899744  0.7849004  0.7890651  0.787875
 0.78796875 0.7918513  0.7955569  0.78684014 0.7908511  0.79748356
 0.7937958  0.78315413 0.7919612  0.7885615  0.7943759  0.7938206
 0.7906319  0.7922815  0.78405064 0.7838024  0.7934569  0.78095496
 0.790135   0.79457045 0.7943448  0.7852193  0.7935654  0.7851858
 0.7912272  0.7908269  0.8005014  0.79225254 0.7915221  0.78808063
 0.79172724 0.79879177 0.79215103 0.7921352  0.7809634  0.7968953
 0.79180014 0.7879175  0.782976   0.7878017  0.782971   0.7864636
 0.7862458  0.79297924 0.78816617 0.79277897 0.7867975  0.7852788
 0.79024994 0.78863513 0.7853778  0.7945281  0.7950784  0.79072535
 0.78519547 0.79551566 0.79491305 0.7890575  0.78887284 0.7841635
 0.7854836  0.7906773  0.7949976  0.7881549  0.7826841  0.788555
 0.7883972  0.789916   0.7917975  0.7935201  0.7886762  0.784505
 0.7798983  0.7826116  0.78695714 0.79343534 0.7902407  0.7926913
 0.7875402  0.79062176 0.79166454 0.78815675 0.78596973 0.7884463
 0.7928526  0.7873001  0.78316975 0.7937678  0.7870568  0.79005945
 0.7916315  0.78399926 0.7951975  0.7906499  0.78783166 0.7882961
 0.7913971  0.79558027 0.7825275  0.78780067 0.7906151  0.79164445
 0.79012394 0.78737736 0.79868555 0.78330624 0.78582585 0.7839705
 0.7898585  0.78719777 0.79338896 0.79399896 0.7775719  0.7870406
 0.7879225  0.79232883 0.7962999  0.79624283 0.7940446  0.7913843
 0.7860892  0.7871786  0.7909299  0.79185706 0.78961974 0.7910924
 0.7889638  0.7891654  0.79132146 0.7903577  0.7905736  0.7921769
 0.79023135 0.79072714 0.7934345  0.7911229  0.7861595  0.78359365
 0.79469246 0.7846178  0.792014   0.7873216  0.79177463 0.78743994
 0.7953104  0.7860487  0.79144335 0.7910664  0.790957   0.7882011
 0.7960452  0.77931964 0.7916236  0.7884326  0.78688836 0.7841351
 0.7909697  0.79758334 0.78813756 0.79017216 0.79178655 0.7892705
 0.7931009  0.7869014  0.7974073  0.79035103 0.7967911  0.7903127
 0.7880976  0.7943846  0.7921052  0.796494   0.78918314 0.7846431
 0.7850824  0.79060197 0.783764   0.7917614  0.7926289  0.78555083
 0.78974885 0.7919744  0.78627366 0.7907387  0.7909794  0.7825273
 0.79538363 0.7888937 ]
[nltk_data] Downloading package wordnet to /mnt/iusers01/fse-
[nltk_data]     ugpgt01/compsci01/q12628ct/nltk_data...
[nltk_data]   Package wordnet is already up-to-date!
[nltk_data] Downloading package punkt_tab to /mnt/iusers01/fse-
[nltk_data]     ugpgt01/compsci01/q12628ct/nltk_data...
[nltk_data]   Package punkt_tab is already up-to-date!
[nltk_data] Downloading package omw-1.4 to /mnt/iusers01/fse-
[nltk_data]     ugpgt01/compsci01/q12628ct/nltk_data...
[nltk_data]   Package omw-1.4 is already up-to-date!
/mnt/iusers01/fse-ugpgt01/compsci01/q12628ct/.conda/envs/semantic-decoding/lib/python3.10/site-packages/huggingface_hub/file_download.py:945: FutureWarning: `resume_download` is deprecated and will be removed in version 1.0.0. Downloads always resume when possible. If you want to force a new download, use `force_download=True`.
  warnings.warn(
Some weights of the model checkpoint at roberta-large were not used when initializing RobertaModel: ['lm_head.bias', 'lm_head.dense.bias', 'lm_head.dense.weight', 'lm_head.layer_norm.bias', 'lm_head.layer_norm.weight']
- This IS expected if you are initializing RobertaModel from the checkpoint of a model trained on another task or with another architecture (e.g. initializing a BertForSequenceClassification model from a BertForPreTraining model).
- This IS NOT expected if you are initializing RobertaModel from the checkpoint of a model that you expect to be exactly identical (initializing a BertForSequenceClassification model from a BertForSequenceClassification model).
Some weights of RobertaModel were not initialized from the model checkpoint at roberta-large and are newly initialized: ['roberta.pooler.dense.bias', 'roberta.pooler.dense.weight']
You should probably TRAIN this model on a down-stream task to be able to use it for predictions and inference.
bravo
WER
[-0.03424658 -0.02054795 -0.03424658 -0.04109589 -0.04109589 -0.04109589
 -0.04794521 -0.05479452 -0.06164384 -0.02739726 -0.02739726 -0.02054795
 -0.03424658 -0.02739726 -0.03424658 -0.02739726 -0.04794521 -0.03424658
 -0.03424658 -0.05479452 -0.02054795 -0.04794521 -0.04794521 -0.04794521
 -0.02054795 -0.03424658 -0.05479452 -0.03424658 -0.05479452 -0.05479452
 -0.03424658 -0.02739726 -0.04109589 -0.04794521 -0.03424658 -0.03424658
 -0.03424658 -0.03424658 -0.02054795 -0.02739726 -0.02739726 -0.03424658
 -0.04109589 -0.03424658 -0.00684932 -0.02739726 -0.04794521 -0.00684932
 -0.05479452 -0.04794521 -0.03424658 -0.02739726 -0.02054795 -0.00684932
 -0.02739726 -0.02054795 -0.01369863 -0.02054795 -0.03424658 -0.02739726
 -0.04109589 -0.05479452 -0.04794521 -0.05479452 -0.03424658 -0.04794521
 -0.03424658 -0.04109589 -0.04109589 -0.03424658 -0.04109589 -0.04794521
 -0.02739726 -0.04109589 -0.04794521 -0.02054795 -0.03424658 -0.04794521
 -0.02054795 -0.04794521 -0.03424658 -0.04109589 -0.03424658 -0.02054795
 -0.01369863 -0.02739726 -0.02054795 -0.03424658 -0.02054795 -0.02054795
 -0.04109589 -0.04109589 -0.03424658 -0.03424658 -0.04109589 -0.04109589
 -0.04794521 -0.03424658 -0.02054795 -0.01369863 -0.02739726 -0.05479452
 -0.03424658 -0.04794521 -0.04794521 -0.01369863 -0.05479452 -0.03424658
 -0.03424658 -0.04109589 -0.02739726 -0.02054795 -0.03424658 -0.01369863
 -0.03424658 -0.04794521 -0.04109589 -0.02054795 -0.03424658 -0.01369863
 -0.04794521 -0.02739726 -0.00684932 -0.02054795 -0.05479452 -0.04794521
 -0.03424658 -0.05479452 -0.04794521 -0.04794521 -0.03424658 -0.04794521
 -0.02739726 -0.04109589 -0.02739726 -0.04109589 -0.02054795 -0.03424658
 -0.02739726 -0.04109589 -0.05479452 -0.04794521 -0.04109589 -0.04794521
 -0.02054795 -0.04794521  0.00684932 -0.02054795 -0.02054795 -0.04109589
 -0.00684932 -0.04794521 -0.02739726 -0.03424658 -0.02739726 -0.04794521
 -0.04109589 -0.04794521 -0.02054795 -0.03424658 -0.04794521 -0.03424658
 -0.01369863 -0.02054795 -0.04109589 -0.02054795 -0.06164384 -0.03424658
 -0.02739726 -0.04794521 -0.05479452 -0.03424658 -0.03424658 -0.01369863
 -0.04794521 -0.02739726 -0.04794521 -0.02054795 -0.02054795 -0.03424658
 -0.03424658 -0.04794521 -0.02739726 -0.05479452 -0.01369863 -0.01369863
 -0.02739726 -0.05479452 -0.04109589 -0.02739726 -0.03424658 -0.02739726
 -0.05479452 -0.02739726  0.         -0.04109589 -0.03424658 -0.03424658
 -0.03424658 -0.02054795]
bravo
BLEU
[0.37106918 0.33333333 0.30188679 0.22012579 0.32704403 0.32075472
 0.3081761  0.27044025 0.32075472 0.34591195 0.34591195 0.35849057
 0.32075472 0.34591195 0.33333333 0.37106918 0.26415094 0.28301887
 0.29559748 0.26415094 0.35849057 0.25786164 0.32704403 0.30188679
 0.35849057 0.40251572 0.28930818 0.27044025 0.21383648 0.28930818
 0.36477987 0.3081761  0.33962264 0.33962264 0.27044025 0.3081761
 0.3081761  0.25786164 0.3836478  0.37735849 0.33333333 0.25157233
 0.20754717 0.35220126 0.32704403 0.29559748 0.30188679 0.36477987
 0.29559748 0.32704403 0.34591195 0.27672956 0.40880503 0.39622642
 0.31446541 0.28930818 0.39622642 0.35220126 0.37106918 0.33962264
 0.3081761  0.21383648 0.24528302 0.27044025 0.29559748 0.3081761
 0.21383648 0.32075472 0.35849057 0.32075472 0.36477987 0.34591195
 0.28301887 0.3081761  0.32704403 0.29559748 0.3081761  0.30188679
 0.37735849 0.32075472 0.27672956 0.31446541 0.33333333 0.32704403
 0.29559748 0.3081761  0.33333333 0.32704403 0.32075472 0.25786164
 0.27672956 0.3081761  0.29559748 0.32704403 0.32704403 0.33333333
 0.27672956 0.40251572 0.36477987 0.28301887 0.28930818 0.25157233
 0.27672956 0.32075472 0.27672956 0.35220126 0.23899371 0.3081761
 0.33333333 0.23899371 0.32075472 0.37106918 0.27672956 0.35849057
 0.28930818 0.22641509 0.31446541 0.26415094 0.32704403 0.35849057
 0.30188679 0.36477987 0.33333333 0.3081761  0.27672956 0.30188679
 0.28301887 0.25786164 0.32075472 0.35220126 0.35849057 0.30188679
 0.37106918 0.33333333 0.27672956 0.33333333 0.35849057 0.3081761
 0.33333333 0.32704403 0.22641509 0.31446541 0.31446541 0.36477987
 0.32704403 0.23899371 0.36477987 0.37735849 0.33962264 0.27044025
 0.35220126 0.24528302 0.35849057 0.30188679 0.31446541 0.35220126
 0.33333333 0.27044025 0.35849057 0.28930818 0.28930818 0.28301887
 0.34591195 0.31446541 0.28301887 0.31446541 0.22641509 0.29559748
 0.27672956 0.31446541 0.23899371 0.32704403 0.34591195 0.34591195
 0.34591195 0.34591195 0.29559748 0.28930818 0.32704403 0.32075472
 0.25157233 0.28930818 0.32704403 0.28930818 0.27672956 0.32704403
 0.32704403 0.27672956 0.32075472 0.35220126 0.35220126 0.3081761
 0.30188679 0.37106918 0.29559748 0.32704403 0.28930818 0.37106918
 0.33962264 0.31446541]
bravo
METEOR
[0.2440678  0.21678335 0.2097429  0.16249154 0.21283784 0.24036619
 0.2027027  0.15814266 0.2165088  0.25382553 0.24018945 0.23421589
 0.19959405 0.22988526 0.21665538 0.2535497  0.21184864 0.21298174
 0.21590509 0.19981948 0.22372881 0.20335033 0.21016949 0.2218551
 0.25687739 0.27123883 0.22326551 0.1759134  0.14905149 0.18957346
 0.23405699 0.20576831 0.23066559 0.25399785 0.17288136 0.23745909
 0.21355932 0.17909472 0.25036542 0.23050847 0.24230952 0.18861683
 0.16532181 0.25008557 0.23325946 0.20660533 0.2326286  0.22004062
 0.20971374 0.2098849  0.21327014 0.17917512 0.25067751 0.24762551
 0.23649882 0.20352782 0.27068791 0.25375263 0.27762378 0.24005857
 0.2100271  0.15519568 0.19243316 0.18536666 0.20576831 0.1929587
 0.17253045 0.21958037 0.23050847 0.20957185 0.24085573 0.23066486
 0.20632557 0.20646536 0.20663957 0.20916813 0.19972918 0.20366599
 0.23712737 0.23665916 0.17276423 0.22002667 0.2100271  0.21958037
 0.20604903 0.20928865 0.21312585 0.21312585 0.22033898 0.16846361
 0.18599417 0.21014057 0.202977   0.22326551 0.23342849 0.22742702
 0.18218623 0.26797829 0.25036542 0.19927907 0.19661017 0.19277179
 0.17929635 0.2098849  0.2        0.22619851 0.1656576  0.22017584
 0.23697645 0.16587678 0.22696057 0.24745763 0.2132462  0.24051491
 0.20663957 0.16554054 0.22281295 0.19900995 0.21959459 0.25008557
 0.19243754 0.24035206 0.23311283 0.18995929 0.18957346 0.1797829
 0.19308943 0.17837062 0.19674355 0.24392112 0.229265   0.20311442
 0.26955001 0.23325946 0.18631436 0.21665538 0.2303523  0.20706042
 0.2300409  0.21663648 0.16521018 0.22326551 0.23681972 0.22711864
 0.22341678 0.17615176 0.24329275 0.24359083 0.22371992 0.16937669
 0.236816   0.1797829  0.25670347 0.2098849  0.22711455 0.22650439
 0.22371992 0.19264136 0.22312373 0.1998645  0.19322034 0.2
 0.24425231 0.19945909 0.19264136 0.19661017 0.16857721 0.19264136
 0.2        0.22941959 0.15867657 0.22371992 0.24312802 0.26009673
 0.21016949 0.24392112 0.21707769 0.1894452  0.22665325 0.24946104
 0.18272886 0.2098849  0.22004062 0.20182485 0.19629331 0.23035282
 0.21312585 0.20293729 0.22558413 0.24408661 0.22033898 0.2097429
 0.21031208 0.25705154 0.21648981 0.22357724 0.1929587  0.23389831
 0.21045485 0.21016949]
bravo
BERT
[0.79434144 0.7930328  0.79280686 0.7866622  0.78820956 0.7950777
 0.7879157  0.7785082  0.7839539  0.7909582  0.7898854  0.7922199
 0.793213   0.79535496 0.78989995 0.7885684  0.78575575 0.7876364
 0.785639   0.7828735  0.7935555  0.78467035 0.7934904  0.78904676
 0.79831845 0.7961178  0.79336476 0.7910172  0.789046   0.7840309
 0.7969087  0.78386974 0.7902448  0.7907113  0.7813029  0.7935935
 0.79178995 0.7825594  0.7955278  0.7907679  0.79404867 0.78121364
 0.7792845  0.7906388  0.791572   0.79304504 0.79189545 0.78773564
 0.7906199  0.78822213 0.799067   0.7835747  0.7904831  0.7918873
 0.79065907 0.79199564 0.7922429  0.7976617  0.79715866 0.7919714
 0.7907485  0.78612006 0.7921615  0.7881972  0.78812116 0.79100686
 0.7811483  0.7893051  0.79404604 0.7887352  0.79169476 0.7895497
 0.78991234 0.7911795  0.7861036  0.78420264 0.78877795 0.789075
 0.7897785  0.7935989  0.7883729  0.78714657 0.79585326 0.79093945
 0.78703463 0.7878108  0.79300326 0.78862035 0.79536164 0.78700876
 0.78950346 0.7865841  0.790593   0.78512    0.7937987  0.7912509
 0.7901006  0.7926991  0.7967137  0.7826816  0.7856985  0.7806392
 0.7862576  0.7871802  0.7821255  0.7881694  0.7825358  0.791451
 0.78856623 0.7829114  0.7946937  0.796369   0.7846128  0.7924204
 0.7885735  0.7822937  0.78753716 0.78527725 0.787263   0.7917061
 0.7966163  0.79252946 0.7992358  0.7856431  0.7890283  0.78726995
 0.79293174 0.77971625 0.79171884 0.794632   0.79106444 0.7884958
 0.7888014  0.79060566 0.78993595 0.78817797 0.7886083  0.7998774
 0.8035631  0.7865597  0.7820165  0.78697026 0.7926525  0.79127336
 0.78813934 0.7870212  0.79080045 0.789      0.7900485  0.78099406
 0.7955857  0.7869115  0.7915784  0.79501665 0.78639627 0.7926351
 0.7955462  0.7838271  0.7895436  0.78875965 0.7849222  0.78574723
 0.7898817  0.7930032  0.7878444  0.7897846  0.7847811  0.7905945
 0.78973347 0.7913176  0.789784   0.78815305 0.78757656 0.7910416
 0.79159486 0.7920606  0.7857468  0.7866117  0.7921127  0.7968389
 0.7903672  0.78969866 0.78445184 0.78755784 0.7892332  0.78910255
 0.79346    0.7893263  0.78871846 0.7954236  0.7846295  0.7884385
 0.7886689  0.79144156 0.794813   0.78922176 0.78223145 0.79617524
 0.7923031  0.7911839 ]
[nltk_data] Downloading package wordnet to /mnt/iusers01/fse-
[nltk_data]     ugpgt01/compsci01/q12628ct/nltk_data...
[nltk_data]   Package wordnet is already up-to-date!
[nltk_data] Downloading package punkt_tab to /mnt/iusers01/fse-
[nltk_data]     ugpgt01/compsci01/q12628ct/nltk_data...
[nltk_data]   Package punkt_tab is already up-to-date!
[nltk_data] Downloading package omw-1.4 to /mnt/iusers01/fse-
[nltk_data]     ugpgt01/compsci01/q12628ct/nltk_data...
[nltk_data]   Package omw-1.4 is already up-to-date!
/mnt/iusers01/fse-ugpgt01/compsci01/q12628ct/.conda/envs/semantic-decoding/lib/python3.10/site-packages/huggingface_hub/file_download.py:945: FutureWarning: `resume_download` is deprecated and will be removed in version 1.0.0. Downloads always resume when possible. If you want to force a new download, use `force_download=True`.
  warnings.warn(
Some weights of the model checkpoint at roberta-large were not used when initializing RobertaModel: ['lm_head.layer_norm.bias', 'lm_head.layer_norm.weight', 'lm_head.dense.weight', 'lm_head.dense.bias', 'lm_head.bias']
- This IS expected if you are initializing RobertaModel from the checkpoint of a model trained on another task or with another architecture (e.g. initializing a BertForSequenceClassification model from a BertForPreTraining model).
- This IS NOT expected if you are initializing RobertaModel from the checkpoint of a model that you expect to be exactly identical (initializing a BertForSequenceClassification model from a BertForSequenceClassification model).
Some weights of RobertaModel were not initialized from the model checkpoint at roberta-large and are newly initialized: ['roberta.pooler.dense.weight', 'roberta.pooler.dense.bias']
You should probably TRAIN this model on a down-stream task to be able to use it for predictions and inference.
bravo
WER
[-0.06849315 -0.08219178 -0.05479452 -0.05479452 -0.06164384 -0.06849315
 -0.04109589 -0.06849315 -0.04794521 -0.05479452 -0.06849315 -0.06164384
 -0.06849315 -0.04109589 -0.04794521 -0.06164384 -0.07534247 -0.04109589
 -0.06164384 -0.07534247 -0.06164384 -0.06164384 -0.0890411  -0.05479452
 -0.06164384 -0.06164384 -0.06164384 -0.06849315 -0.06849315 -0.06849315
 -0.06849315 -0.05479452 -0.06849315 -0.06849315 -0.06164384 -0.06164384
 -0.05479452 -0.07534247 -0.04794521 -0.06164384 -0.06849315 -0.04794521
 -0.05479452 -0.06164384 -0.06849315 -0.07534247 -0.06849315 -0.06164384
 -0.05479452 -0.04794521 -0.06849315 -0.07534247 -0.08219178 -0.05479452
 -0.02054795 -0.06164384 -0.05479452 -0.08219178 -0.04794521 -0.02739726
 -0.06164384 -0.06164384 -0.06849315 -0.06849315 -0.05479452 -0.06164384
 -0.06849315 -0.08219178 -0.06849315 -0.06849315 -0.06849315 -0.06849315
 -0.05479452 -0.05479452 -0.06164384 -0.07534247 -0.04794521 -0.0890411
 -0.06849315 -0.05479452 -0.06849315 -0.06164384 -0.06849315 -0.06164384
 -0.06849315 -0.06849315 -0.04794521 -0.06164384 -0.08219178 -0.06849315
 -0.06849315 -0.04794521 -0.04109589 -0.06164384 -0.07534247 -0.06849315
 -0.08219178 -0.06849315 -0.05479452 -0.06164384 -0.06849315 -0.06849315
 -0.06164384 -0.06164384 -0.06164384 -0.04794521 -0.05479452 -0.06164384
 -0.04109589 -0.06164384 -0.06849315 -0.08219178 -0.07534247 -0.06164384
 -0.06164384 -0.06849315 -0.04794521 -0.06164384 -0.08219178 -0.07534247
 -0.04794521 -0.04794521 -0.03424658 -0.08219178 -0.07534247 -0.0890411
 -0.04109589 -0.06849315 -0.06849315 -0.03424658 -0.06849315 -0.04109589
 -0.04794521 -0.03424658 -0.06849315 -0.05479452 -0.07534247 -0.05479452
 -0.06164384 -0.05479452 -0.04794521 -0.0890411  -0.02054795 -0.04794521
 -0.06849315 -0.05479452 -0.06164384 -0.06849315 -0.06849315 -0.04109589
 -0.04794521 -0.04794521 -0.08219178 -0.05479452 -0.05479452 -0.04794521
 -0.06849315 -0.04794521 -0.04794521 -0.06164384 -0.06849315 -0.06164384
 -0.06849315 -0.06849315 -0.05479452 -0.02739726 -0.06849315 -0.06164384
 -0.05479452 -0.04794521 -0.06164384 -0.06164384 -0.06164384 -0.04794521
 -0.06164384 -0.06849315 -0.04794521 -0.0890411  -0.05479452 -0.08219178
 -0.04794521 -0.04109589 -0.07534247 -0.04794521 -0.05479452 -0.07534247
 -0.04109589 -0.06164384 -0.06164384 -0.04794521 -0.05479452 -0.06164384
 -0.06164384 -0.05479452 -0.06164384 -0.06849315 -0.06164384 -0.06164384
 -0.04794521 -0.06164384]
bravo
BLEU
[0.26829268 0.23780488 0.32926829 0.34146341 0.29878049 0.31097561
 0.31097561 0.25609756 0.34756098 0.28658537 0.27439024 0.30487805
 0.31097561 0.30487805 0.35365854 0.33536585 0.23170732 0.29268293
 0.30487805 0.32317073 0.28658537 0.35365854 0.23170732 0.31097561
 0.34146341 0.32926829 0.31097561 0.36585366 0.27439024 0.34756098
 0.26829268 0.32926829 0.30487805 0.32926829 0.28658537 0.32926829
 0.27439024 0.2195122  0.32317073 0.32317073 0.33536585 0.29268293
 0.31707317 0.32926829 0.25609756 0.31097561 0.31707317 0.26829268
 0.32926829 0.32926829 0.34146341 0.3597561  0.22560976 0.30487805
 0.3597561  0.32317073 0.35365854 0.22560976 0.33536585 0.35365854
 0.2804878  0.26219512 0.35365854 0.29878049 0.3597561  0.27439024
 0.3597561  0.26219512 0.32317073 0.32317073 0.32317073 0.31707317
 0.33536585 0.25       0.32317073 0.29878049 0.34146341 0.26829268
 0.32926829 0.34146341 0.32317073 0.32926829 0.27439024 0.28658537
 0.29268293 0.31097561 0.32317073 0.32317073 0.32926829 0.3597561
 0.29878049 0.2804878  0.31097561 0.32317073 0.32926829 0.29268293
 0.33536585 0.22560976 0.3597561  0.31097561 0.35365854 0.34756098
 0.30487805 0.34756098 0.2804878  0.31097561 0.29268293 0.32317073
 0.32317073 0.34756098 0.33536585 0.25609756 0.25609756 0.3597561
 0.32317073 0.28658537 0.28658537 0.30487805 0.30487805 0.35365854
 0.35365854 0.28658537 0.37804878 0.26829268 0.30487805 0.35365854
 0.2195122  0.29268293 0.24390244 0.34756098 0.30487805 0.31097561
 0.37195122 0.34756098 0.30487805 0.26219512 0.32926829 0.31097561
 0.32317073 0.31097561 0.31707317 0.25609756 0.35365854 0.29268293
 0.29878049 0.28658537 0.28658537 0.25609756 0.29878049 0.34146341
 0.33536585 0.32317073 0.23170732 0.29268293 0.29268293 0.34756098
 0.32926829 0.36585366 0.32926829 0.32317073 0.27439024 0.34146341
 0.27439024 0.29268293 0.32926829 0.34146341 0.34756098 0.31707317
 0.30487805 0.32317073 0.30487805 0.2195122  0.29878049 0.32926829
 0.31097561 0.32317073 0.34756098 0.23170732 0.29878049 0.26829268
 0.36585366 0.34756098 0.31097561 0.37195122 0.31097561 0.2804878
 0.35365854 0.33536585 0.31097561 0.33536585 0.29268293 0.29268293
 0.33536585 0.35365854 0.31097561 0.30487805 0.32926829 0.29878049
 0.34146341 0.33536585]
bravo
METEOR
[0.18606225 0.1722973  0.22911051 0.23971655 0.18243243 0.22926479
 0.21592443 0.19256757 0.24647752 0.21255061 0.19225114 0.22125831
 0.21944632 0.21621622 0.22988506 0.20931803 0.17160162 0.19918974
 0.22267206 0.2426053  0.22140076 0.2294197  0.16801075 0.2190027
 0.24952073 0.23649576 0.24861826 0.2397029  0.21523442 0.23342355
 0.17833109 0.22267206 0.21238285 0.21958037 0.18581081 0.21592443
 0.19243754 0.14824798 0.23923162 0.22665765 0.21298174 0.21240728
 0.21575941 0.23616734 0.17241379 0.21266986 0.21269413 0.19191919
 0.21915037 0.22957461 0.22312373 0.23664638 0.16857721 0.21283784
 0.23279352 0.23279803 0.24309707 0.15509103 0.21255061 0.25999879
 0.20622042 0.19541779 0.23955469 0.21212121 0.23279352 0.19568151
 0.25999879 0.17833109 0.22619381 0.20538721 0.22634675 0.21577883
 0.26542808 0.16194332 0.2226625  0.20256583 0.23279352 0.20566419
 0.22941959 0.25228512 0.23295532 0.23955469 0.19269777 0.19959405
 0.21913587 0.20622042 0.202977   0.20945946 0.23278599 0.22604108
 0.21915037 0.19230769 0.24552487 0.2361788  0.22957461 0.20917679
 0.26900363 0.17917512 0.23632681 0.21898811 0.25372124 0.23295532
 0.21621622 0.23955469 0.20566419 0.21605097 0.2190027  0.22926479
 0.25846417 0.24861826 0.23633597 0.18536666 0.20168867 0.23986486
 0.24198119 0.20861373 0.21928384 0.23957131 0.21854601 0.24293292
 0.21944632 0.19191919 0.25289651 0.1962111  0.219432   0.2294197
 0.16891892 0.2223048  0.1878814  0.27579461 0.2226625  0.23570038
 0.26355706 0.24952073 0.22988526 0.21295764 0.21607022 0.22941959
 0.23295532 0.20608108 0.24227856 0.20900621 0.24968921 0.19238104
 0.20580297 0.20266287 0.19568151 0.19230769 0.20184403 0.22957461
 0.23924756 0.23279803 0.17905405 0.19179004 0.21577883 0.25921921
 0.21621622 0.25255568 0.22972983 0.21283784 0.19243754 0.22573624
 0.19927907 0.19230769 0.24004093 0.24602256 0.24569055 0.2326286
 0.20594193 0.22911051 0.20580297 0.15889114 0.20945946 0.22926479
 0.21607022 0.23311283 0.23311283 0.16509434 0.21269413 0.19900995
 0.26256552 0.2622107  0.21607022 0.25323826 0.21958037 0.19568151
 0.25262582 0.23295071 0.20917679 0.23310811 0.18581081 0.21283784
 0.22312373 0.21944632 0.23601911 0.22267206 0.24247137 0.21266986
 0.21255061 0.22604108]
bravo
BERT
[0.7816138  0.7890663  0.79027605 0.7888443  0.7911384  0.7879021
 0.7911538  0.7826785  0.78763556 0.78462714 0.78446436 0.78912747
 0.78933793 0.7921659  0.7921168  0.78668344 0.7845391  0.7922402
 0.7906053  0.7919235  0.79172754 0.7923638  0.7824186  0.7846811
 0.7933942  0.7847086  0.79155076 0.79314363 0.79432213 0.7940328
 0.78877735 0.7949919  0.7865746  0.7892779  0.7834109  0.79268235
 0.78267944 0.78422534 0.798152   0.7994523  0.7904078  0.78654176
 0.7901839  0.79120076 0.79012954 0.78478587 0.79602534 0.78734577
 0.78921026 0.8001676  0.79070187 0.787936   0.7868747  0.7983053
 0.80063385 0.78710175 0.7879999  0.7864394  0.7929927  0.78736806
 0.7914706  0.7797573  0.7947435  0.79454696 0.7946743  0.7825376
 0.7907288  0.78988814 0.79863656 0.7881812  0.7854789  0.78798884
 0.7867341  0.78872144 0.79512244 0.78905815 0.79259896 0.788866
 0.790025   0.79349214 0.7940023  0.7904458  0.78721356 0.79361725
 0.796129   0.7916479  0.7921889  0.78541946 0.7881837  0.7913945
 0.78683776 0.7852855  0.7872097  0.78745687 0.79004616 0.7902539
 0.7928461  0.78279084 0.79377437 0.7960001  0.7862949  0.78987074
 0.7911742  0.7942116  0.79091007 0.7912545  0.7917353  0.79143023
 0.7934411  0.79127103 0.7916113  0.78863573 0.7830571  0.79847693
 0.7855415  0.8005064  0.78787005 0.79335153 0.7930795  0.7876386
 0.79129934 0.7856939  0.7954625  0.7884723  0.7864065  0.7931613
 0.7870977  0.7912782  0.7927834  0.7971585  0.7932229  0.7912499
 0.7908954  0.79407704 0.79096085 0.79263353 0.79271793 0.78583795
 0.79086035 0.79355633 0.7884073  0.784158   0.79413426 0.786558
 0.7843961  0.7990737  0.7927185  0.7878854  0.7867255  0.7910807
 0.79493636 0.79748976 0.78802985 0.78734654 0.7906446  0.7963548
 0.78058136 0.7913078  0.7952662  0.78938425 0.78828734 0.79270244
 0.78643304 0.7818796  0.78853184 0.7889363  0.7916466  0.78568316
 0.7867161  0.79697865 0.7910796  0.78846407 0.78846383 0.79359454
 0.7860099  0.79154825 0.7946016  0.78072894 0.7919837  0.78537464
 0.79708505 0.793839   0.79249454 0.79273283 0.79153883 0.7922245
 0.798393   0.7939871  0.79488415 0.79564345 0.7887025  0.7839192
 0.78788716 0.7933456  0.7970147  0.7893274  0.7893679  0.7870211
 0.792788   0.7984115 ]
[nltk_data] Downloading package wordnet to /mnt/iusers01/fse-
[nltk_data]     ugpgt01/compsci01/q12628ct/nltk_data...
[nltk_data]   Package wordnet is already up-to-date!
[nltk_data] Downloading package punkt_tab to /mnt/iusers01/fse-
[nltk_data]     ugpgt01/compsci01/q12628ct/nltk_data...
[nltk_data]   Package punkt_tab is already up-to-date!
[nltk_data] Downloading package omw-1.4 to /mnt/iusers01/fse-
[nltk_data]     ugpgt01/compsci01/q12628ct/nltk_data...
[nltk_data]   Package omw-1.4 is already up-to-date!
/mnt/iusers01/fse-ugpgt01/compsci01/q12628ct/.conda/envs/semantic-decoding/lib/python3.10/site-packages/huggingface_hub/file_download.py:945: FutureWarning: `resume_download` is deprecated and will be removed in version 1.0.0. Downloads always resume when possible. If you want to force a new download, use `force_download=True`.
  warnings.warn(
Some weights of the model checkpoint at roberta-large were not used when initializing RobertaModel: ['lm_head.layer_norm.weight', 'lm_head.dense.weight', 'lm_head.bias', 'lm_head.layer_norm.bias', 'lm_head.dense.bias']
- This IS expected if you are initializing RobertaModel from the checkpoint of a model trained on another task or with another architecture (e.g. initializing a BertForSequenceClassification model from a BertForPreTraining model).
- This IS NOT expected if you are initializing RobertaModel from the checkpoint of a model that you expect to be exactly identical (initializing a BertForSequenceClassification model from a BertForSequenceClassification model).
Some weights of RobertaModel were not initialized from the model checkpoint at roberta-large and are newly initialized: ['roberta.pooler.dense.bias', 'roberta.pooler.dense.weight']
You should probably TRAIN this model on a down-stream task to be able to use it for predictions and inference.
bravo
WER
[-0.04794521 -0.05479452 -0.06164384 -0.04109589 -0.03424658 -0.05479452
 -0.01369863 -0.04794521 -0.03424658 -0.05479452 -0.02739726 -0.03424658
 -0.01369863 -0.02054795 -0.04794521 -0.04794521 -0.02739726 -0.00684932
 -0.02054795 -0.05479452 -0.02739726 -0.04109589 -0.02739726 -0.02739726
 -0.06164384 -0.04109589 -0.06164384 -0.02054795 -0.02739726 -0.04109589
 -0.05479452 -0.04109589 -0.02739726 -0.02739726 -0.04109589 -0.03424658
 -0.04794521 -0.02054795 -0.06164384 -0.02739726 -0.03424658 -0.06164384
 -0.04109589 -0.04794521 -0.03424658 -0.04109589 -0.06164384 -0.03424658
 -0.03424658 -0.01369863 -0.05479452 -0.03424658 -0.04109589 -0.04794521
 -0.04109589 -0.04794521 -0.03424658 -0.06164384 -0.06849315 -0.04109589
 -0.02739726 -0.04109589 -0.06164384 -0.02054795 -0.06164384 -0.04794521
 -0.04109589 -0.07534247 -0.03424658 -0.04794521 -0.03424658 -0.01369863
 -0.05479452 -0.02739726 -0.02054795 -0.05479452 -0.03424658 -0.06164384
 -0.04109589 -0.06164384 -0.04794521 -0.04109589 -0.05479452 -0.04109589
 -0.04109589 -0.04109589 -0.05479452 -0.05479452 -0.04794521 -0.04794521
 -0.04109589 -0.05479452 -0.02739726 -0.04794521 -0.04109589 -0.01369863
 -0.04109589 -0.05479452 -0.03424658 -0.03424658 -0.04794521 -0.04794521
 -0.04109589 -0.04109589 -0.03424658 -0.04794521 -0.03424658 -0.03424658
 -0.03424658 -0.06164384 -0.04794521 -0.04794521 -0.02739726 -0.02739726
 -0.05479452 -0.04794521 -0.06164384 -0.04109589 -0.01369863 -0.04794521
 -0.04109589 -0.02739726 -0.03424658 -0.02739726 -0.04109589 -0.04109589
 -0.04109589 -0.05479452 -0.01369863 -0.04109589 -0.03424658 -0.05479452
 -0.03424658 -0.02739726 -0.04109589 -0.06164384 -0.04109589 -0.06164384
 -0.03424658 -0.03424658 -0.04794521 -0.04109589 -0.05479452 -0.02054795
 -0.04109589 -0.03424658 -0.04794521 -0.04794521 -0.03424658 -0.05479452
 -0.04109589 -0.02054795 -0.04109589 -0.03424658 -0.06849315 -0.00684932
  0.         -0.04794521 -0.02739726 -0.02739726 -0.03424658 -0.04794521
 -0.03424658 -0.05479452 -0.04794521 -0.04109589 -0.03424658 -0.04109589
 -0.04109589 -0.06849315 -0.04109589 -0.04109589 -0.04109589 -0.05479452
 -0.04794521 -0.03424658 -0.03424658 -0.04109589 -0.06849315 -0.04794521
 -0.05479452 -0.06164384 -0.04109589 -0.03424658 -0.03424658 -0.03424658
 -0.02739726 -0.04794521 -0.06164384 -0.04109589 -0.03424658 -0.02054795
 -0.03424658 -0.03424658 -0.03424658 -0.02054795 -0.03424658 -0.04794521
 -0.05479452 -0.05479452]
bravo
BLEU
[0.3     0.2625  0.225   0.325   0.30625 0.35    0.41875 0.31875 0.31875
 0.25625 0.38125 0.3125  0.36875 0.26875 0.28125 0.3     0.30625 0.3375
 0.36875 0.33125 0.35625 0.325   0.325   0.3375  0.275   0.39375 0.3
 0.3625  0.3125  0.34375 0.2375  0.3375  0.24375 0.3625  0.3125  0.2875
 0.325   0.3375  0.3125  0.38125 0.34375 0.25    0.30625 0.275   0.375
 0.34375 0.25    0.3     0.29375 0.35625 0.25625 0.3125  0.33125 0.325
 0.35625 0.275   0.3     0.26875 0.21875 0.34375 0.3625  0.3     0.30625
 0.31875 0.23125 0.3375  0.34375 0.25625 0.35625 0.29375 0.3375  0.38125
 0.29375 0.33125 0.325   0.31875 0.325   0.31875 0.31875 0.3     0.325
 0.4     0.28125 0.325   0.3     0.325   0.25625 0.3125  0.3375  0.33125
 0.3375  0.21875 0.325   0.325   0.2875  0.375   0.29375 0.31875 0.40625
 0.3125  0.30625 0.23125 0.3625  0.34375 0.29375 0.3     0.33125 0.26875
 0.2875  0.3125  0.3     0.225   0.3625  0.34375 0.3125  0.31875 0.275
 0.30625 0.39375 0.26875 0.34375 0.33125 0.33125 0.3125  0.3625  0.35
 0.3     0.325   0.3375  0.375   0.3     0.325   0.33125 0.3375  0.3125
 0.2875  0.31875 0.275   0.35625 0.34375 0.29375 0.3125  0.30625 0.34375
 0.325   0.3375  0.3375  0.3     0.34375 0.33125 0.3     0.3375  0.3625
 0.31875 0.29375 0.3625  0.33125 0.34375 0.33125 0.275   0.38125 0.30625
 0.30625 0.325   0.3125  0.2875  0.35    0.2625  0.34375 0.275   0.3
 0.325   0.3375  0.225   0.33125 0.31875 0.33125 0.3375  0.31875 0.28125
 0.3     0.28125 0.33125 0.28125 0.25625 0.34375 0.35625 0.225   0.275
 0.31875 0.26875 0.325   0.34375 0.34375 0.30625 0.3375  0.3625  0.35
 0.35625 0.3125 ]
bravo
METEOR
[0.19972918 0.1754386  0.16576455 0.21972893 0.2099981  0.2368065
 0.25084746 0.21252626 0.2329436  0.19634394 0.2295746  0.2201897
 0.26088014 0.18938305 0.20577002 0.20311442 0.24181835 0.23035282
 0.24067797 0.22357724 0.23616734 0.2329436  0.21974307 0.2289558
 0.19959405 0.28032587 0.21285402 0.23728814 0.21625587 0.24036619
 0.19303318 0.22311446 0.16904747 0.25340949 0.2232747  0.19230769
 0.2201897  0.23957131 0.21266986 0.25375263 0.22711864 0.16565247
 0.2198777  0.18817204 0.2507049  0.24392112 0.16587678 0.20283976
 0.19308943 0.24067797 0.1691475  0.21607022 0.24714548 0.21913587
 0.22356825 0.19927907 0.22326551 0.18899916 0.16182926 0.23019634
 0.24392112 0.23585964 0.23989593 0.19954891 0.15867657 0.22988526
 0.25365345 0.18983051 0.21694915 0.20311442 0.23633597 0.24390244
 0.19972918 0.22372881 0.219432   0.21972893 0.24602256 0.21327014
 0.21694915 0.22954818 0.22356825 0.26031102 0.19269777 0.21312585
 0.20971374 0.19932432 0.22377683 0.19932432 0.22342586 0.24974716
 0.2368065  0.17253045 0.23697645 0.24036619 0.18983051 0.2464551
 0.21285402 0.21327014 0.25406504 0.22696057 0.21117993 0.16520566
 0.23389831 0.24342602 0.18983051 0.21312585 0.22696477 0.1996841
 0.19642639 0.22032521 0.20957185 0.16587678 0.2604494  0.24375587
 0.2504249  0.24777556 0.20957185 0.22341678 0.25992075 0.20943015
 0.21972893 0.2363387  0.21709634 0.23310142 0.25289651 0.23697645
 0.19927907 0.2165088  0.24555046 0.24991625 0.1994139  0.24929203
 0.21972893 0.23989593 0.2300409  0.22033898 0.2300409  0.1826793
 0.24279925 0.23973351 0.20649966 0.19217802 0.23176978 0.24957829
 0.21310182 0.21928384 0.23358664 0.21339077 0.2303523  0.21989175
 0.20632557 0.23729799 0.23712737 0.21972893 0.19945909 0.2303523
 0.24036619 0.21665538 0.2100271  0.17264726 0.28354169 0.18931711
 0.23019676 0.2264999  0.20311442 0.20971374 0.24681105 0.1754386
 0.22650439 0.19607843 0.20604656 0.22004062 0.21928384 0.16554054
 0.21355932 0.20635995 0.22696057 0.23987863 0.2300409  0.21295764
 0.22017584 0.19602769 0.21298174 0.20928865 0.18599417 0.21355932
 0.24051491 0.18511979 0.19954891 0.21341463 0.1894452  0.22297297
 0.22237197 0.23712737 0.20338983 0.22326551 0.2569658  0.25036542
 0.22957461 0.20649966]
bravo
BERT
[0.7917778  0.7892519  0.7801504  0.79288    0.7858072  0.7911515
 0.7939249  0.78739595 0.7870319  0.7864741  0.8000604  0.7911775
 0.7962879  0.78786784 0.7888632  0.7846036  0.7938102  0.7924529
 0.79455096 0.7947999  0.7928795  0.79278016 0.7908683  0.79423803
 0.786749   0.7946131  0.7902733  0.7913635  0.7874242  0.7896885
 0.785516   0.79256356 0.7922761  0.7956532  0.7906369  0.79258305
 0.7943912  0.7889053  0.7915735  0.78832436 0.7924137  0.797024
 0.78538996 0.78616184 0.79341376 0.79849106 0.7859592  0.7935228
 0.7833562  0.7971487  0.78309613 0.7925462  0.78349185 0.7848506
 0.78835857 0.7851804  0.7915589  0.7864342  0.7875886  0.79046667
 0.79319847 0.79309034 0.79068387 0.7901566  0.78383607 0.79332614
 0.7913889  0.7878256  0.792394   0.7844558  0.7879182  0.79557246
 0.78969675 0.78736025 0.7860178  0.78902006 0.7907516  0.79752636
 0.78942204 0.7895704  0.79119146 0.7897836  0.7964355  0.7878867
 0.7919489  0.7849638  0.7894026  0.7979375  0.79337263 0.7945237
 0.78833723 0.7863459  0.79220635 0.7891146  0.7855003  0.7914264
 0.7857029  0.7877664  0.79442656 0.79164463 0.7873644  0.78375196
 0.7918279  0.7972903  0.78689265 0.7868186  0.7928612  0.7906864
 0.78157574 0.7929355  0.7903606  0.7875197  0.7869611  0.79211366
 0.79338956 0.79315627 0.7876674  0.7979537  0.7915953  0.79042065
 0.79147565 0.7866583  0.78509825 0.7902465  0.791589   0.7927394
 0.7867435  0.7880204  0.79608834 0.79100555 0.7907744  0.79540914
 0.787769   0.79368436 0.7836755  0.7875376  0.79393536 0.7869134
 0.7903956  0.78808385 0.7878913  0.78513396 0.78787124 0.790464
 0.7918251  0.7976367  0.7894021  0.7952397  0.79166305 0.7901263
 0.79008424 0.7873006  0.7889197  0.79284334 0.7869134  0.78768265
 0.79501534 0.7921146  0.7925563  0.78420246 0.79203904 0.7859961
 0.7946408  0.78589743 0.79635644 0.7874046  0.78960645 0.78156906
 0.7914226  0.7886375  0.78895944 0.7817477  0.78858835 0.78668773
 0.7917202  0.78100175 0.7916111  0.7954823  0.7907946  0.7881503
 0.7936647  0.7907927  0.78626454 0.7870511  0.78562534 0.7877506
 0.7905316  0.781676   0.78270006 0.7937864  0.78689146 0.7815889
 0.7892881  0.79025054 0.78768104 0.78743976 0.7974595  0.79129744
 0.7908014  0.7904011 ]
[nltk_data] Downloading package wordnet to /mnt/iusers01/fse-
[nltk_data]     ugpgt01/compsci01/q12628ct/nltk_data...
[nltk_data]   Package wordnet is already up-to-date!
[nltk_data] Downloading package punkt_tab to /mnt/iusers01/fse-
[nltk_data]     ugpgt01/compsci01/q12628ct/nltk_data...
[nltk_data]   Package punkt_tab is already up-to-date!
[nltk_data] Downloading package omw-1.4 to /mnt/iusers01/fse-
[nltk_data]     ugpgt01/compsci01/q12628ct/nltk_data...
[nltk_data]   Package omw-1.4 is already up-to-date!
/mnt/iusers01/fse-ugpgt01/compsci01/q12628ct/.conda/envs/semantic-decoding/lib/python3.10/site-packages/huggingface_hub/file_download.py:945: FutureWarning: `resume_download` is deprecated and will be removed in version 1.0.0. Downloads always resume when possible. If you want to force a new download, use `force_download=True`.
  warnings.warn(
Some weights of the model checkpoint at roberta-large were not used when initializing RobertaModel: ['lm_head.dense.weight', 'lm_head.layer_norm.weight', 'lm_head.dense.bias', 'lm_head.layer_norm.bias', 'lm_head.bias']
- This IS expected if you are initializing RobertaModel from the checkpoint of a model trained on another task or with another architecture (e.g. initializing a BertForSequenceClassification model from a BertForPreTraining model).
- This IS NOT expected if you are initializing RobertaModel from the checkpoint of a model that you expect to be exactly identical (initializing a BertForSequenceClassification model from a BertForSequenceClassification model).
Some weights of RobertaModel were not initialized from the model checkpoint at roberta-large and are newly initialized: ['roberta.pooler.dense.bias', 'roberta.pooler.dense.weight']
You should probably TRAIN this model on a down-stream task to be able to use it for predictions and inference.
bravo
WER
[-0.05479452 -0.05479452 -0.05479452 -0.06849315 -0.04794521 -0.04109589
 -0.06164384 -0.04109589 -0.06164384 -0.04794521 -0.05479452 -0.04109589
 -0.02054795 -0.04109589 -0.03424658 -0.04794521 -0.05479452 -0.05479452
 -0.04794521 -0.03424658 -0.03424658 -0.04794521 -0.05479452 -0.05479452
 -0.05479452 -0.05479452 -0.03424658 -0.04109589 -0.06849315 -0.03424658
 -0.05479452 -0.05479452 -0.04794521 -0.04794521 -0.02739726 -0.04109589
 -0.06164384 -0.06164384 -0.05479452 -0.04794521 -0.05479452 -0.02739726
 -0.03424658 -0.04109589 -0.06164384 -0.04794521 -0.04794521 -0.04794521
 -0.04109589 -0.03424658 -0.05479452 -0.03424658 -0.04109589 -0.02739726
 -0.04794521 -0.04109589 -0.05479452 -0.02739726 -0.04794521 -0.05479452
  0.         -0.03424658 -0.05479452 -0.05479452 -0.05479452 -0.04794521
 -0.05479452 -0.04794521 -0.04109589 -0.04109589 -0.04109589 -0.03424658
 -0.04109589 -0.05479452 -0.04109589 -0.03424658 -0.04109589 -0.06164384
 -0.05479452 -0.04794521 -0.05479452 -0.05479452 -0.04109589 -0.06164384
 -0.04109589 -0.03424658 -0.06164384 -0.04794521 -0.04109589 -0.03424658
 -0.05479452 -0.07534247 -0.03424658 -0.05479452 -0.04109589 -0.04794521
 -0.02739726 -0.04109589 -0.04794521 -0.02739726 -0.04109589 -0.04109589
 -0.03424658 -0.04109589 -0.05479452 -0.01369863 -0.06164384 -0.03424658
 -0.04109589 -0.02739726 -0.04794521 -0.04109589 -0.04109589 -0.00684932
 -0.06164384 -0.04794521 -0.05479452 -0.03424658 -0.05479452 -0.02739726
 -0.04109589 -0.04794521 -0.05479452 -0.04794521 -0.03424658 -0.05479452
 -0.04109589 -0.04794521 -0.06164384 -0.06164384 -0.05479452 -0.06164384
 -0.02739726 -0.04794521 -0.06164384 -0.05479452 -0.02739726 -0.03424658
 -0.06164384 -0.03424658 -0.04794521 -0.04109589 -0.06849315 -0.04109589
 -0.05479452 -0.06164384 -0.04109589 -0.04794521 -0.07534247 -0.04109589
 -0.02739726 -0.06164384 -0.02739726 -0.03424658 -0.06164384 -0.04794521
 -0.06164384 -0.04794521 -0.05479452 -0.04109589 -0.02739726 -0.04794521
 -0.04109589 -0.04794521 -0.03424658 -0.01369863 -0.01369863 -0.05479452
 -0.04794521 -0.04109589 -0.02739726 -0.05479452 -0.06849315 -0.06164384
 -0.04794521 -0.05479452 -0.05479452 -0.06849315 -0.05479452 -0.05479452
 -0.04794521 -0.06164384 -0.06849315 -0.04109589 -0.04794521 -0.06164384
 -0.07534247 -0.05479452 -0.05479452 -0.05479452 -0.06164384 -0.05479452
 -0.02054795 -0.06849315 -0.04109589 -0.03424658 -0.03424658 -0.02739726
 -0.05479452 -0.04794521]
bravo
BLEU
[0.32298137 0.30434783 0.31677019 0.31055901 0.27950311 0.35403727
 0.36024845 0.29192547 0.27950311 0.37888199 0.27950311 0.27329193
 0.34161491 0.37267081 0.28571429 0.34161491 0.2484472  0.34782609
 0.29192547 0.33540373 0.33540373 0.28571429 0.31677019 0.33540373
 0.34782609 0.27329193 0.36645963 0.29813665 0.29192547 0.29813665
 0.32298137 0.34782609 0.27950311 0.29192547 0.31055901 0.32919255
 0.22981366 0.30434783 0.36024845 0.29192547 0.37888199 0.34782609
 0.29813665 0.33540373 0.27329193 0.28571429 0.32298137 0.34782609
 0.38509317 0.31055901 0.33540373 0.32298137 0.34782609 0.32298137
 0.2484472  0.32298137 0.34161491 0.33540373 0.34782609 0.32919255
 0.28571429 0.28571429 0.31677019 0.29192547 0.27950311 0.38509317
 0.36024845 0.32298137 0.31055901 0.32298137 0.36645963 0.31055901
 0.32919255 0.29192547 0.29813665 0.37888199 0.32298137 0.27329193
 0.34782609 0.31055901 0.30434783 0.27329193 0.27329193 0.26708075
 0.36645963 0.35403727 0.32919255 0.32298137 0.32298137 0.31055901
 0.29192547 0.27329193 0.29813665 0.32919255 0.30434783 0.28571429
 0.32919255 0.34161491 0.31055901 0.33540373 0.33540373 0.36645963
 0.34161491 0.29813665 0.2484472  0.36024845 0.29813665 0.29192547
 0.30434783 0.27329193 0.29813665 0.39130435 0.35403727 0.33540373
 0.2173913  0.36024845 0.33540373 0.36024845 0.27950311 0.36024845
 0.34782609 0.29813665 0.31677019 0.30434783 0.34161491 0.34161491
 0.31677019 0.29192547 0.27950311 0.29192547 0.23602484 0.29192547
 0.32298137 0.25465839 0.31055901 0.31677019 0.36645963 0.31677019
 0.33540373 0.34782609 0.33540373 0.32919255 0.30434783 0.28571429
 0.34161491 0.32919255 0.33540373 0.35403727 0.27950311 0.29813665
 0.34782609 0.25465839 0.27329193 0.32919255 0.1863354  0.33540373
 0.27950311 0.32919255 0.35403727 0.34161491 0.30434783 0.32298137
 0.36024845 0.36024845 0.31677019 0.34782609 0.29192547 0.30434783
 0.29192547 0.34782609 0.34161491 0.33540373 0.27950311 0.37267081
 0.31055901 0.26086957 0.2484472  0.22981366 0.34782609 0.34161491
 0.37888199 0.24223602 0.28571429 0.32919255 0.34161491 0.22981366
 0.23602484 0.34782609 0.34161491 0.32298137 0.25465839 0.29192547
 0.37888199 0.23602484 0.32298137 0.34782609 0.31677019 0.34782609
 0.27329193 0.33540373]
bravo
METEOR
[0.22650439 0.18618822 0.19972918 0.22326551 0.20521426 0.24002705
 0.23923162 0.23311283 0.19927907 0.23342849 0.19204852 0.20902661
 0.24991625 0.2303523  0.21605097 0.24020345 0.17869184 0.25644528
 0.19282815 0.2368065  0.2300409  0.23208362 0.21680217 0.2264999
 0.24004093 0.17264726 0.2463111  0.20663957 0.19647696 0.18906144
 0.22311446 0.2303523  0.18581081 0.20635995 0.21341463 0.21298174
 0.16183412 0.19282815 0.26331149 0.19634394 0.26274329 0.25618312
 0.20632557 0.21341463 0.19256757 0.19905533 0.2264999  0.25846417
 0.26009673 0.22908288 0.21283784 0.21678335 0.23019634 0.21169355
 0.16542876 0.21959459 0.25933913 0.23310811 0.24974716 0.21016949
 0.21266986 0.1998645  0.21312585 0.20957185 0.22311446 0.27050476
 0.26035062 0.21355932 0.20931803 0.20580297 0.25053504 0.21974307
 0.21680217 0.19607843 0.19634394 0.26331149 0.236816   0.18931711
 0.2268111  0.20622042 0.20917679 0.20604656 0.21561392 0.17206478
 0.2303523  0.26203365 0.23327055 0.23279803 0.21665538 0.2300409
 0.20562946 0.20252593 0.20971374 0.22282242 0.18280298 0.19607843
 0.24714548 0.23697645 0.235493   0.24712255 0.21680217 0.25306727
 0.25008557 0.21242198 0.16531714 0.21974307 0.20618597 0.18618822
 0.21592443 0.1722973  0.20985583 0.25679206 0.24324324 0.21959459
 0.14870489 0.22650439 0.23295532 0.23696682 0.20311442 0.26973264
 0.22988526 0.21252626 0.22342586 0.21958037 0.22634675 0.24652227
 0.21310182 0.20618597 0.1962111  0.20914733 0.16554054 0.19282815
 0.19308943 0.18606225 0.21327014 0.20663957 0.24664417 0.22988526
 0.22634675 0.23327055 0.22941959 0.21636241 0.22680681 0.19892111
 0.25235828 0.21341463 0.233745   0.23697645 0.18618822 0.19972918
 0.23358158 0.16216216 0.19568151 0.21665538 0.14134772 0.2300406
 0.19647696 0.21634333 0.25652978 0.21636241 0.21665538 0.22002667
 0.26331149 0.24697815 0.20663957 0.23987863 0.20622042 0.20618597
 0.21665538 0.25916367 0.23648649 0.24005857 0.18593644 0.25964792
 0.22342586 0.18631436 0.18848973 0.1819407  0.2303523  0.22665765
 0.25053504 0.17253045 0.22634675 0.20635995 0.23664638 0.16216216
 0.16520566 0.22972983 0.20677966 0.22282242 0.19576279 0.23278599
 0.24712255 0.15519568 0.21341463 0.24020345 0.21016949 0.23326572
 0.18618822 0.2100271 ]
bravo
BERT
[0.7921687  0.7846425  0.78667796 0.7876959  0.7906035  0.7885112
 0.7898279  0.79203856 0.7877952  0.79310435 0.7852926  0.78681237
 0.7949552  0.7920302  0.7824316  0.7927408  0.77948403 0.7920203
 0.789014   0.79209405 0.7888034  0.7880369  0.79035795 0.79224753
 0.789809   0.7875876  0.7959272  0.7937852  0.7855556  0.7917797
 0.7948427  0.7916425  0.78739285 0.78838235 0.7911102  0.78778183
 0.78605187 0.7932716  0.79251945 0.79158896 0.786857   0.79446
 0.7917922  0.7875537  0.7842389  0.78613865 0.7919347  0.79386604
 0.7963783  0.7955441  0.792046   0.7901706  0.7962731  0.78670514
 0.78611577 0.7902898  0.7891785  0.79040664 0.7951531  0.793914
 0.79079425 0.79444927 0.79381645 0.7858748  0.7943574  0.7871989
 0.79340637 0.7913948  0.79667777 0.79452074 0.7926731  0.7842951
 0.7940473  0.7871455  0.78666425 0.7912997  0.7933756  0.788053
 0.79010016 0.7962723  0.79147565 0.78214335 0.7890838  0.78359413
 0.80205107 0.7893095  0.7864237  0.78422505 0.7911669  0.79121995
 0.78812444 0.7881361  0.7882833  0.7851182  0.7876912  0.787956
 0.79169196 0.7960862  0.7918527  0.7907999  0.79501355 0.7926372
 0.79653585 0.7882542  0.7898457  0.7933879  0.79119766 0.78943527
 0.78826547 0.78683645 0.7915818  0.7942983  0.7890258  0.7932428
 0.78415793 0.78797454 0.7943617  0.79389954 0.78335404 0.7951314
 0.78875375 0.79167557 0.8023488  0.7888734  0.7858323  0.7933002
 0.7858271  0.78991437 0.78895664 0.79097843 0.7873382  0.78699934
 0.7990953  0.79014325 0.7901665  0.7855978  0.7907598  0.7887515
 0.7887432  0.79082197 0.78908956 0.7917644  0.78919667 0.7834735
 0.7912028  0.7914309  0.7935225  0.79305273 0.7854065  0.79268706
 0.802697   0.7845998  0.7841871  0.79683965 0.784796   0.78778625
 0.7933935  0.79303944 0.8017483  0.79244196 0.78742546 0.7925923
 0.79562414 0.79233515 0.79034007 0.78916585 0.7930952  0.79059553
 0.7881546  0.78671074 0.7911476  0.79734945 0.7847512  0.79295576
 0.78856146 0.7890639  0.7843719  0.78769755 0.793231   0.7925925
 0.78621304 0.7865282  0.78722876 0.7905402  0.79118633 0.78785455
 0.7868607  0.7938066  0.7857412  0.7885456  0.7831699  0.7889148
 0.797659   0.7872107  0.7906387  0.7929812  0.797015   0.79503584
 0.7902133  0.79139924]
[nltk_data] Downloading package wordnet to /mnt/iusers01/fse-
[nltk_data]     ugpgt01/compsci01/q12628ct/nltk_data...
[nltk_data]   Package wordnet is already up-to-date!
[nltk_data] Downloading package punkt_tab to /mnt/iusers01/fse-
[nltk_data]     ugpgt01/compsci01/q12628ct/nltk_data...
[nltk_data]   Package punkt_tab is already up-to-date!
[nltk_data] Downloading package omw-1.4 to /mnt/iusers01/fse-
[nltk_data]     ugpgt01/compsci01/q12628ct/nltk_data...
[nltk_data]   Package omw-1.4 is already up-to-date!
/mnt/iusers01/fse-ugpgt01/compsci01/q12628ct/.conda/envs/semantic-decoding/lib/python3.10/site-packages/huggingface_hub/file_download.py:945: FutureWarning: `resume_download` is deprecated and will be removed in version 1.0.0. Downloads always resume when possible. If you want to force a new download, use `force_download=True`.
  warnings.warn(
Some weights of the model checkpoint at roberta-large were not used when initializing RobertaModel: ['lm_head.layer_norm.bias', 'lm_head.bias', 'lm_head.dense.bias', 'lm_head.layer_norm.weight', 'lm_head.dense.weight']
- This IS expected if you are initializing RobertaModel from the checkpoint of a model trained on another task or with another architecture (e.g. initializing a BertForSequenceClassification model from a BertForPreTraining model).
- This IS NOT expected if you are initializing RobertaModel from the checkpoint of a model that you expect to be exactly identical (initializing a BertForSequenceClassification model from a BertForSequenceClassification model).
Some weights of RobertaModel were not initialized from the model checkpoint at roberta-large and are newly initialized: ['roberta.pooler.dense.bias', 'roberta.pooler.dense.weight']
You should probably TRAIN this model on a down-stream task to be able to use it for predictions and inference.
bravo
WER
[-0.02054795 -0.04109589 -0.06164384 -0.04109589 -0.03424658 -0.04109589
 -0.02739726 -0.03424658 -0.04109589 -0.04109589 -0.01369863 -0.04794521
 -0.05479452 -0.04109589 -0.02054795 -0.04109589 -0.04109589 -0.03424658
 -0.04109589 -0.02054795 -0.04109589 -0.03424658 -0.01369863 -0.04794521
 -0.04109589 -0.02739726 -0.05479452 -0.04109589 -0.01369863 -0.04109589
 -0.03424658 -0.03424658 -0.02739726 -0.05479452 -0.04794521 -0.02739726
 -0.04109589 -0.02054795 -0.04794521 -0.04109589 -0.02739726 -0.04794521
 -0.03424658 -0.04109589 -0.03424658 -0.03424658 -0.04109589 -0.04109589
 -0.03424658 -0.04109589 -0.04109589 -0.04794521 -0.02739726 -0.04109589
 -0.05479452 -0.03424658 -0.05479452 -0.01369863 -0.06164384 -0.01369863
 -0.03424658 -0.03424658 -0.02054795 -0.04109589 -0.04109589 -0.01369863
 -0.03424658 -0.03424658 -0.02739726 -0.03424658 -0.03424658 -0.03424658
 -0.03424658 -0.04794521 -0.03424658 -0.02739726 -0.02739726 -0.03424658
 -0.04794521 -0.04794521 -0.04794521 -0.02054795 -0.04109589 -0.03424658
 -0.02739726 -0.02739726 -0.04109589 -0.03424658 -0.02739726 -0.03424658
 -0.02739726 -0.04109589 -0.06164384 -0.04794521 -0.04109589 -0.04794521
 -0.02739726 -0.04109589 -0.04109589 -0.03424658 -0.04794521 -0.04794521
 -0.02054795 -0.04794521 -0.04109589 -0.04109589 -0.02054795 -0.00684932
 -0.02739726 -0.00684932 -0.05479452 -0.05479452 -0.00684932 -0.03424658
 -0.04794521 -0.04109589 -0.04794521 -0.02739726 -0.04109589 -0.03424658
 -0.04109589 -0.02739726 -0.05479452 -0.03424658 -0.03424658 -0.04794521
 -0.02739726 -0.02739726 -0.04109589 -0.03424658 -0.03424658 -0.03424658
 -0.04109589 -0.04794521 -0.04109589 -0.03424658 -0.02739726 -0.03424658
 -0.02739726 -0.04109589 -0.02054795 -0.04109589 -0.03424658 -0.02054795
 -0.04794521 -0.04109589 -0.04794521 -0.03424658 -0.05479452 -0.04794521
 -0.04109589 -0.02739726 -0.04109589 -0.04109589 -0.03424658 -0.02739726
 -0.03424658 -0.03424658 -0.04794521 -0.03424658 -0.01369863 -0.04109589
 -0.04794521 -0.02739726 -0.01369863 -0.04109589 -0.05479452 -0.04109589
 -0.01369863 -0.05479452 -0.04794521 -0.04109589 -0.04109589 -0.03424658
 -0.04109589 -0.02739726 -0.06164384 -0.02054795 -0.01369863 -0.04794521
 -0.04109589 -0.01369863 -0.04109589 -0.00684932 -0.03424658 -0.04794521
 -0.03424658 -0.04109589 -0.02739726 -0.03424658 -0.01369863 -0.05479452
 -0.03424658  0.         -0.01369863 -0.02054795 -0.02054795 -0.04109589
 -0.02739726 -0.04109589]
bravo
BLEU
[0.30188679 0.33333333 0.20754717 0.29559748 0.32075472 0.40251572
 0.40251572 0.31446541 0.32075472 0.33333333 0.35220126 0.3081761
 0.36477987 0.32704403 0.32704403 0.32075472 0.35849057 0.29559748
 0.32075472 0.30188679 0.32704403 0.33962264 0.37735849 0.35220126
 0.2327044  0.25157233 0.30188679 0.3081761  0.29559748 0.37735849
 0.32075472 0.27672956 0.33962264 0.28930818 0.33962264 0.3081761
 0.28930818 0.26415094 0.28301887 0.30188679 0.37735849 0.22641509
 0.35849057 0.32075472 0.3081761  0.35220126 0.31446541 0.30188679
 0.30188679 0.29559748 0.31446541 0.32704403 0.32704403 0.35220126
 0.28301887 0.33962264 0.27044025 0.34591195 0.26415094 0.33333333
 0.31446541 0.34591195 0.27044025 0.25786164 0.25786164 0.35220126
 0.2327044  0.33962264 0.37106918 0.33333333 0.31446541 0.32704403
 0.30188679 0.33333333 0.35220126 0.3081761  0.35849057 0.33962264
 0.29559748 0.27044025 0.31446541 0.34591195 0.32075472 0.35849057
 0.3081761  0.31446541 0.30188679 0.31446541 0.34591195 0.32704403
 0.32704403 0.3081761  0.25157233 0.27044025 0.28301887 0.31446541
 0.28930818 0.34591195 0.34591195 0.35849057 0.18238994 0.35849057
 0.28301887 0.30188679 0.32704403 0.29559748 0.36477987 0.35220126
 0.38993711 0.32075472 0.22641509 0.2327044  0.32704403 0.28930818
 0.3081761  0.33333333 0.33962264 0.33333333 0.33333333 0.37106918
 0.29559748 0.33962264 0.3081761  0.33962264 0.33333333 0.3081761
 0.31446541 0.35849057 0.33962264 0.26415094 0.3836478  0.25157233
 0.28930818 0.26415094 0.30188679 0.28930818 0.32704403 0.27044025
 0.25157233 0.32704403 0.32075472 0.28930818 0.28930818 0.35849057
 0.24528302 0.22641509 0.30188679 0.35220126 0.25157233 0.28301887
 0.2327044  0.35220126 0.31446541 0.28930818 0.3081761  0.34591195
 0.30188679 0.28930818 0.32075472 0.3081761  0.29559748 0.35849057
 0.32704403 0.31446541 0.32075472 0.30188679 0.34591195 0.27672956
 0.35849057 0.26415094 0.34591195 0.32075472 0.3081761  0.32075472
 0.29559748 0.32704403 0.24528302 0.32075472 0.33333333 0.27672956
 0.32704403 0.28301887 0.27672956 0.31446541 0.33962264 0.25157233
 0.28930818 0.28930818 0.32704403 0.33333333 0.32075472 0.3081761
 0.27672956 0.35220126 0.33333333 0.28930818 0.33333333 0.28930818
 0.31446541 0.38993711]
bravo
METEOR
[0.22017584 0.22926479 0.16139336 0.18893387 0.23192659 0.26402604
 0.25389303 0.1998645  0.20649966 0.22033898 0.25365345 0.20618597
 0.25392455 0.2100271  0.22665325 0.20691995 0.25296744 0.19981948
 0.20960108 0.19348269 0.21353554 0.2201897  0.24373731 0.23358664
 0.15899865 0.15932203 0.21707769 0.21310182 0.1998645  0.24035206
 0.21298174 0.202977   0.23358158 0.19335142 0.2198777  0.21694915
 0.18606225 0.1759134  0.20335033 0.19945909 0.24051491 0.15551048
 0.26327804 0.20706042 0.21031208 0.26027294 0.22661272 0.20649966
 0.19647696 0.22645908 0.21266986 0.20338983 0.22063815 0.24392112
 0.17264726 0.21298174 0.202977   0.24748082 0.17194875 0.23050847
 0.23001538 0.236816   0.19642639 0.16891892 0.20252593 0.23019634
 0.169162   0.23681972 0.24069233 0.20663957 0.2165088  0.21694915
 0.19238104 0.22972983 0.23649576 0.22275634 0.25687739 0.22341678
 0.19616041 0.19238104 0.22630565 0.23342355 0.19945909 0.24067797
 0.20283976 0.24022143 0.2223048  0.20985583 0.2534816  0.22004062
 0.23973351 0.20338983 0.18599417 0.19589515 0.19905533 0.20691995
 0.18243243 0.22742702 0.21648981 0.24084125 0.1420839  0.24652227
 0.1962111  0.1956306  0.2300409  0.18644068 0.22727273 0.21680217
 0.24779362 0.22371992 0.15921409 0.17905405 0.2329436  0.20338983
 0.23681972 0.2334177  0.21621622 0.21327014 0.23373984 0.24359083
 0.1897019  0.233745   0.20622042 0.22033898 0.22372881 0.21663648
 0.22032521 0.26070339 0.21312585 0.19932432 0.26101695 0.16531714
 0.20252593 0.18976849 0.20677966 0.20914733 0.21693042 0.16937669
 0.18925491 0.20311442 0.21355932 0.19892111 0.18618822 0.25059491
 0.18618822 0.16260163 0.2099981  0.2297037  0.17220397 0.18957346
 0.18574266 0.2534816  0.2232747  0.20677966 0.21353554 0.22696057
 0.20649966 0.22326551 0.2264999  0.21693042 0.20366599 0.22696477
 0.2226625  0.23906348 0.24929203 0.21355932 0.233745   0.18255578
 0.25628146 0.16926202 0.26523658 0.21709634 0.21339077 0.21694915
 0.18581081 0.22356825 0.16227181 0.22002667 0.22002667 0.19256757
 0.24621681 0.21242198 0.18644068 0.23050847 0.2098849  0.16903313
 0.2361788  0.1962111  0.21665538 0.22342586 0.20971374 0.2097429
 0.18983051 0.24702401 0.24036619 0.1962111  0.23696682 0.2097429
 0.23973351 0.25423729]
bravo
BERT
[0.78889024 0.78327286 0.7842873  0.7899456  0.79118854 0.79124594
 0.795669   0.78960466 0.78630495 0.7930236  0.7899085  0.78286195
 0.79117984 0.79404485 0.7811647  0.7880031  0.7825203  0.7953347
 0.7852471  0.7922986  0.79137534 0.7888536  0.79455197 0.7921372
 0.78598094 0.7854365  0.78694934 0.79096186 0.7863357  0.7900233
 0.7874643  0.7905819  0.7898966  0.788042   0.7871268  0.78846776
 0.78268504 0.7818577  0.79016435 0.78619814 0.78453434 0.7893053
 0.7921635  0.7889044  0.7844614  0.7953203  0.7907628  0.79144895
 0.79419565 0.79121387 0.7931616  0.7891935  0.79343927 0.7937494
 0.78881705 0.7873653  0.791162   0.7834579  0.7846233  0.7942151
 0.79169166 0.79408884 0.7924578  0.779349   0.7830173  0.78574485
 0.7835363  0.7974026  0.7959704  0.79130006 0.7926082  0.7874515
 0.7878113  0.78494287 0.79351765 0.78893995 0.7842911  0.7884091
 0.7850324  0.7883524  0.78160256 0.79120207 0.7866075  0.78818965
 0.78865445 0.7917953  0.78893995 0.7956686  0.78644085 0.7924959
 0.7925286  0.7905781  0.7809931  0.78536737 0.7886361  0.7910011
 0.78873694 0.78835857 0.78439236 0.7968608  0.78838843 0.7966486
 0.79531443 0.7891705  0.7862426  0.7896273  0.7878126  0.7881249
 0.7980281  0.7925351  0.78269255 0.7844627  0.78474617 0.7878865
 0.7896554  0.78816617 0.7945372  0.7889942  0.7850262  0.7926872
 0.7897591  0.7983242  0.78806126 0.7892841  0.7821922  0.7829734
 0.7931738  0.7955342  0.7874131  0.7972293  0.7884624  0.78778726
 0.7862196  0.7898327  0.786522   0.7931446  0.78842884 0.78327847
 0.78567237 0.7880316  0.78962874 0.7974747  0.7889477  0.79418874
 0.78806835 0.7853644  0.7886729  0.7921195  0.7896702  0.7851936
 0.78824836 0.8003371  0.7825892  0.78951263 0.7912463  0.78997964
 0.78334343 0.7858561  0.7882986  0.7873044  0.7911968  0.791745
 0.78847706 0.78893423 0.79265237 0.78892255 0.79119253 0.78906155
 0.7884685  0.7832037  0.7926036  0.7936077  0.78889966 0.789533
 0.7806853  0.79248387 0.78655064 0.7888737  0.78809917 0.7855116
 0.79081416 0.7867234  0.791573   0.79564303 0.7938367  0.7877517
 0.7923875  0.7856345  0.7909412  0.79298985 0.7992079  0.7888772
 0.78534317 0.79365975 0.7923616  0.7910782  0.7882852  0.78185964
 0.7898586  0.7915635 ]
[nltk_data] Downloading package wordnet to /mnt/iusers01/fse-
[nltk_data]     ugpgt01/compsci01/q12628ct/nltk_data...
[nltk_data]   Package wordnet is already up-to-date!
[nltk_data] Downloading package punkt_tab to /mnt/iusers01/fse-
[nltk_data]     ugpgt01/compsci01/q12628ct/nltk_data...
[nltk_data]   Package punkt_tab is already up-to-date!
[nltk_data] Downloading package omw-1.4 to /mnt/iusers01/fse-
[nltk_data]     ugpgt01/compsci01/q12628ct/nltk_data...
[nltk_data]   Package omw-1.4 is already up-to-date!
/mnt/iusers01/fse-ugpgt01/compsci01/q12628ct/.conda/envs/semantic-decoding/lib/python3.10/site-packages/huggingface_hub/file_download.py:945: FutureWarning: `resume_download` is deprecated and will be removed in version 1.0.0. Downloads always resume when possible. If you want to force a new download, use `force_download=True`.
  warnings.warn(
Some weights of the model checkpoint at roberta-large were not used when initializing RobertaModel: ['lm_head.layer_norm.weight', 'lm_head.dense.bias', 'lm_head.bias', 'lm_head.dense.weight', 'lm_head.layer_norm.bias']
- This IS expected if you are initializing RobertaModel from the checkpoint of a model trained on another task or with another architecture (e.g. initializing a BertForSequenceClassification model from a BertForPreTraining model).
- This IS NOT expected if you are initializing RobertaModel from the checkpoint of a model that you expect to be exactly identical (initializing a BertForSequenceClassification model from a BertForSequenceClassification model).
Some weights of RobertaModel were not initialized from the model checkpoint at roberta-large and are newly initialized: ['roberta.pooler.dense.bias', 'roberta.pooler.dense.weight']
You should probably TRAIN this model on a down-stream task to be able to use it for predictions and inference.
bravo
WER
[-0.08219178 -0.04109589 -0.07534247 -0.05479452 -0.05479452 -0.06849315
 -0.06849315 -0.0890411  -0.06849315 -0.06164384 -0.05479452 -0.0890411
 -0.06849315 -0.07534247 -0.07534247 -0.06849315 -0.06164384 -0.07534247
 -0.04794521 -0.0890411  -0.05479452 -0.05479452 -0.06849315 -0.07534247
 -0.07534247 -0.08219178 -0.08219178 -0.06849315 -0.0890411  -0.06849315
 -0.07534247 -0.0890411  -0.06849315 -0.08219178 -0.06849315 -0.09589041
 -0.04794521 -0.0890411  -0.06849315 -0.05479452 -0.08219178 -0.0890411
 -0.07534247 -0.08219178 -0.06164384 -0.06164384 -0.0890411  -0.08219178
 -0.06849315 -0.06849315 -0.08219178 -0.04109589 -0.06164384 -0.06164384
 -0.06849315 -0.0890411  -0.06849315 -0.07534247 -0.0890411  -0.07534247
 -0.06849315 -0.07534247 -0.05479452 -0.06164384 -0.07534247 -0.04109589
 -0.06164384 -0.05479452 -0.06849315 -0.06849315 -0.07534247 -0.0890411
 -0.08219178 -0.06164384 -0.04794521 -0.06849315 -0.0890411  -0.05479452
 -0.06849315 -0.04794521 -0.06849315 -0.06849315 -0.06164384 -0.08219178
 -0.06849315 -0.06849315 -0.07534247 -0.06849315 -0.07534247 -0.05479452
 -0.08219178 -0.06164384 -0.04794521 -0.08219178 -0.07534247 -0.05479452
 -0.07534247 -0.08219178 -0.07534247 -0.08219178 -0.07534247 -0.08219178
 -0.08219178 -0.08219178 -0.06849315 -0.08219178 -0.08219178 -0.06164384
 -0.06164384 -0.0890411  -0.07534247 -0.07534247 -0.08219178 -0.07534247
 -0.08219178 -0.06849315 -0.07534247 -0.06849315 -0.06849315 -0.06164384
 -0.06849315 -0.07534247 -0.06164384 -0.0890411  -0.04794521 -0.07534247
 -0.05479452 -0.05479452 -0.04109589 -0.0890411  -0.0890411  -0.08219178
 -0.06849315 -0.07534247 -0.07534247 -0.0890411  -0.08219178 -0.07534247
 -0.07534247 -0.07534247 -0.06849315 -0.07534247 -0.05479452 -0.08219178
 -0.06849315 -0.06164384 -0.06164384 -0.07534247 -0.06849315 -0.09589041
 -0.07534247 -0.06164384 -0.07534247 -0.07534247 -0.06164384 -0.07534247
 -0.07534247 -0.07534247 -0.08219178 -0.08219178 -0.06849315 -0.08219178
 -0.08219178 -0.08219178 -0.09589041 -0.06849315 -0.07534247 -0.05479452
 -0.06849315 -0.06164384 -0.08219178 -0.05479452 -0.09589041 -0.06164384
 -0.09589041 -0.0890411  -0.07534247 -0.08219178 -0.06164384 -0.08219178
 -0.06164384 -0.04794521 -0.06849315 -0.09589041 -0.07534247 -0.08219178
 -0.10273973 -0.07534247 -0.07534247 -0.05479452 -0.08219178 -0.0890411
 -0.08219178 -0.0890411  -0.08219178 -0.04794521 -0.06164384 -0.0890411
 -0.06849315 -0.06849315]
bravo
BLEU
[0.30722892 0.31927711 0.3313253  0.3253012  0.38554217 0.30722892
 0.31325301 0.28915663 0.31927711 0.37349398 0.3253012  0.20481928
 0.30722892 0.3253012  0.27710843 0.3253012  0.26506024 0.28313253
 0.34337349 0.27108434 0.3253012  0.3253012  0.28313253 0.24698795
 0.31325301 0.27710843 0.23493976 0.36144578 0.31927711 0.31927711
 0.28915663 0.19879518 0.3253012  0.31325301 0.3373494  0.25301205
 0.38554217 0.26506024 0.31927711 0.36144578 0.30120482 0.22289157
 0.31927711 0.30722892 0.3313253  0.3253012  0.25301205 0.35542169
 0.35542169 0.28313253 0.35542169 0.31325301 0.30120482 0.38554217
 0.3373494  0.30120482 0.3313253  0.25903614 0.28313253 0.29518072
 0.27710843 0.28915663 0.34337349 0.27108434 0.26506024 0.37349398
 0.30722892 0.37349398 0.36144578 0.31927711 0.37951807 0.28915663
 0.30722892 0.37349398 0.35542169 0.3313253  0.27108434 0.3373494
 0.30722892 0.34337349 0.31325301 0.37349398 0.25301205 0.31325301
 0.34337349 0.28915663 0.3253012  0.30722892 0.21084337 0.34337349
 0.27710843 0.35542169 0.31927711 0.27710843 0.28915663 0.37349398
 0.30120482 0.3373494  0.37951807 0.29518072 0.36144578 0.27710843
 0.34337349 0.3373494  0.28915663 0.30722892 0.25301205 0.3253012
 0.31927711 0.26506024 0.30120482 0.35542169 0.3253012  0.3253012
 0.3253012  0.24096386 0.3253012  0.31927711 0.3313253  0.30120482
 0.28313253 0.31927711 0.22289157 0.31927711 0.27108434 0.31325301
 0.31325301 0.3373494  0.3373494  0.29518072 0.28915663 0.31325301
 0.30722892 0.30722892 0.36746988 0.24096386 0.27108434 0.3253012
 0.30722892 0.28313253 0.36746988 0.30722892 0.27710843 0.28313253
 0.31325301 0.36144578 0.31927711 0.36746988 0.29518072 0.26506024
 0.30722892 0.30722892 0.25903614 0.31927711 0.37349398 0.27108434
 0.31325301 0.31325301 0.25301205 0.30120482 0.28915663 0.27108434
 0.30120482 0.25903614 0.22289157 0.3313253  0.23493976 0.3253012
 0.3313253  0.29518072 0.34337349 0.34939759 0.28313253 0.34337349
 0.24096386 0.27108434 0.34337349 0.35542169 0.29518072 0.30120482
 0.30722892 0.34337349 0.26506024 0.27710843 0.34337349 0.34337349
 0.27710843 0.31927711 0.29518072 0.28313253 0.30722892 0.30120482
 0.28915663 0.30722892 0.28915663 0.31927711 0.30722892 0.22891566
 0.31325301 0.28313253]
bravo
METEOR
[0.21240728 0.23217096 0.22588856 0.22282242 0.26562371 0.21592443
 0.22588856 0.22604588 0.22604108 0.26977465 0.229265   0.15793011
 0.20917679 0.23907041 0.19166106 0.20594193 0.19166106 0.19484124
 0.22895623 0.20466277 0.23538172 0.22861946 0.19217802 0.1947103
 0.21255061 0.20580297 0.16846361 0.27382945 0.20889488 0.21283784
 0.19554956 0.15803631 0.22543742 0.22604108 0.2487374  0.18518519
 0.24968921 0.18855219 0.21913587 0.25303644 0.22911019 0.16442953
 0.22251226 0.20886527 0.22252192 0.21592443 0.17484869 0.23954116
 0.23263655 0.20576831 0.25609943 0.229265   0.21488941 0.27971226
 0.25592686 0.19515478 0.23201472 0.19166106 0.19918974 0.20215633
 0.21181116 0.19892111 0.24868172 0.18506057 0.19147541 0.26013514
 0.22236221 0.302329   0.23264094 0.22941959 0.26507011 0.22908288
 0.21592443 0.25627224 0.24901665 0.24585644 0.2217056  0.23600809
 0.21209662 0.242769   0.23217096 0.25886985 0.20184403 0.22251226
 0.24244182 0.20566419 0.23248407 0.23876358 0.15394913 0.25811584
 0.18817204 0.2463111  0.21548822 0.18880647 0.2221547  0.25609943
 0.21913587 0.23921833 0.25306727 0.22573624 0.23263655 0.1986532
 0.22252192 0.2554926  0.20566419 0.22834033 0.21209662 0.22252192
 0.22252192 0.20847344 0.21561392 0.22573624 0.23892469 0.22972973
 0.2350655  0.18493611 0.22589346 0.25133796 0.23874865 0.22543222
 0.21532353 0.2294197  0.15436242 0.23232741 0.20157255 0.21508928
 0.21490934 0.2294197  0.25245536 0.2219133  0.22815792 0.22252192
 0.22635135 0.21255061 0.24242424 0.17476175 0.18817204 0.23923162
 0.22588856 0.21913587 0.23263655 0.22207268 0.23490731 0.21825226
 0.22941959 0.26598218 0.242769   0.24932615 0.2289558  0.2186198
 0.23569894 0.21197847 0.1753203  0.23217096 0.25627224 0.18506057
 0.20594193 0.22237197 0.18181818 0.22252192 0.20215633 0.17881242
 0.20242915 0.18506057 0.15100671 0.23601703 0.17218096 0.22957461
 0.22237197 0.21223964 0.22252192 0.25238561 0.1952862  0.22619851
 0.18181818 0.18810946 0.23216689 0.24968921 0.22251226 0.20566419
 0.21577883 0.23648649 0.21488941 0.18855219 0.23939305 0.25211512
 0.18157364 0.23939305 0.22861946 0.22251226 0.22558923 0.20576831
 0.20861373 0.21869318 0.21592443 0.2558374  0.23538251 0.16836353
 0.21223964 0.19798658]
bravo
BERT
[0.782107   0.79661596 0.7927892  0.7884425  0.7872963  0.786985
 0.7852156  0.7917764  0.7953685  0.79642886 0.7870152  0.7816319
 0.78926265 0.7928972  0.79479307 0.78841424 0.7828897  0.79488605
 0.79421484 0.78336877 0.79014814 0.7862646  0.78339905 0.7852618
 0.79679215 0.7951905  0.7872792  0.7846354  0.7872261  0.7939901
 0.7963765  0.78905696 0.7905903  0.7881885  0.7892774  0.78459245
 0.80264926 0.788219   0.78726935 0.78886956 0.79099023 0.78792405
 0.7910859  0.7886604  0.78958964 0.7896354  0.7850419  0.7918205
 0.7949296  0.79559433 0.79162526 0.7901561  0.78364694 0.7874357
 0.78587085 0.7843514  0.79484856 0.7884728  0.79195744 0.7866342
 0.7878933  0.78717494 0.78908235 0.782671   0.7907671  0.7983584
 0.7859477  0.7946012  0.7961662  0.79483443 0.79468834 0.7914363
 0.79048836 0.7919333  0.7942873  0.7917806  0.79162514 0.79080784
 0.79198015 0.79668033 0.7919742  0.7895109  0.7877116  0.79208016
 0.7897718  0.7890014  0.79768    0.79492426 0.7824774  0.79366827
 0.78611326 0.7925317  0.79653263 0.7894697  0.7909988  0.7969094
 0.7878623  0.7948365  0.78877586 0.7936021  0.7922485  0.7838157
 0.7889616  0.7927584  0.7897408  0.7948078  0.7879154  0.78911674
 0.7983923  0.7855724  0.79009825 0.7944615  0.7931386  0.79566026
 0.78632843 0.78882396 0.7868166  0.7885109  0.78665626 0.78264743
 0.78751224 0.78384554 0.786733   0.7925327  0.7858734  0.7839719
 0.7911023  0.795895   0.7942463  0.7868204  0.78848803 0.7894842
 0.79544723 0.78914434 0.7919028  0.7856114  0.78776175 0.7900338
 0.78849816 0.7824828  0.7876461  0.78735334 0.78881824 0.78934634
 0.791855   0.79576993 0.7958591  0.79409504 0.79351956 0.78796434
 0.7868409  0.7883459  0.78415656 0.79600316 0.7945818  0.7879927
 0.7971484  0.79372716 0.7845645  0.7884402  0.7914927  0.78399706
 0.7896716  0.7872525  0.7856066  0.7846295  0.7845328  0.7900768
 0.79294825 0.7850817  0.7908849  0.7908263  0.7920468  0.7867639
 0.78912765 0.78837264 0.79289234 0.7918185  0.79270965 0.78931093
 0.7956971  0.79225415 0.78673184 0.7885792  0.7891939  0.7928651
 0.78041315 0.78788185 0.7934134  0.7894063  0.7923585  0.7889521
 0.7884532  0.7914647  0.793721   0.79697293 0.7840947  0.78253627
 0.7943953  0.7880703 ]
[nltk_data] Downloading package wordnet to /mnt/iusers01/fse-
[nltk_data]     ugpgt01/compsci01/q12628ct/nltk_data...
[nltk_data]   Package wordnet is already up-to-date!
[nltk_data] Downloading package punkt_tab to /mnt/iusers01/fse-
[nltk_data]     ugpgt01/compsci01/q12628ct/nltk_data...
[nltk_data]   Package punkt_tab is already up-to-date!
[nltk_data] Downloading package omw-1.4 to /mnt/iusers01/fse-
[nltk_data]     ugpgt01/compsci01/q12628ct/nltk_data...
[nltk_data]   Package omw-1.4 is already up-to-date!
/mnt/iusers01/fse-ugpgt01/compsci01/q12628ct/.conda/envs/semantic-decoding/lib/python3.10/site-packages/huggingface_hub/file_download.py:945: FutureWarning: `resume_download` is deprecated and will be removed in version 1.0.0. Downloads always resume when possible. If you want to force a new download, use `force_download=True`.
  warnings.warn(
Some weights of the model checkpoint at roberta-large were not used when initializing RobertaModel: ['lm_head.layer_norm.weight', 'lm_head.dense.weight', 'lm_head.bias', 'lm_head.layer_norm.bias', 'lm_head.dense.bias']
- This IS expected if you are initializing RobertaModel from the checkpoint of a model trained on another task or with another architecture (e.g. initializing a BertForSequenceClassification model from a BertForPreTraining model).
- This IS NOT expected if you are initializing RobertaModel from the checkpoint of a model that you expect to be exactly identical (initializing a BertForSequenceClassification model from a BertForSequenceClassification model).
Some weights of RobertaModel were not initialized from the model checkpoint at roberta-large and are newly initialized: ['roberta.pooler.dense.bias', 'roberta.pooler.dense.weight']
You should probably TRAIN this model on a down-stream task to be able to use it for predictions and inference.
bravo
WER
[-0.10273973 -0.10273973 -0.12328767 -0.12328767 -0.10273973 -0.0890411
 -0.10958904 -0.10958904 -0.07534247 -0.0890411  -0.09589041 -0.0890411
 -0.10273973 -0.08219178 -0.0890411  -0.10273973 -0.0890411  -0.10273973
 -0.0890411  -0.09589041 -0.12328767 -0.09589041 -0.0890411  -0.05479452
 -0.08219178 -0.12328767 -0.10958904 -0.0890411  -0.08219178 -0.10958904
 -0.0890411  -0.10273973 -0.09589041 -0.08219178 -0.10958904 -0.0890411
 -0.0890411  -0.07534247 -0.09589041 -0.0890411  -0.06849315 -0.10273973
 -0.07534247 -0.06849315 -0.0890411  -0.09589041 -0.0890411  -0.10273973
 -0.10273973 -0.09589041 -0.08219178 -0.10958904 -0.09589041 -0.10958904
 -0.10273973 -0.0890411  -0.0890411  -0.08219178 -0.11643836 -0.12328767
 -0.09589041 -0.10958904 -0.10958904 -0.10273973 -0.09589041 -0.10273973
 -0.10958904 -0.10273973 -0.06849315 -0.10958904 -0.10273973 -0.06849315
 -0.10958904 -0.0890411  -0.10273973 -0.07534247 -0.06849315 -0.0890411
 -0.10273973 -0.10273973 -0.0890411  -0.12328767 -0.09589041 -0.09589041
 -0.09589041 -0.10273973 -0.0890411  -0.10273973 -0.07534247 -0.10273973
 -0.09589041 -0.09589041 -0.08219178 -0.11643836 -0.08219178 -0.08219178
 -0.09589041 -0.0890411  -0.0890411  -0.10958904 -0.09589041 -0.04109589
 -0.10958904 -0.10958904 -0.09589041 -0.09589041 -0.07534247 -0.09589041
 -0.07534247 -0.0890411  -0.06849315 -0.09589041 -0.10273973 -0.09589041
 -0.10273973 -0.09589041 -0.10273973 -0.08219178 -0.09589041 -0.08219178
 -0.10273973 -0.07534247 -0.06849315 -0.10273973 -0.10958904 -0.10273973
 -0.09589041 -0.09589041 -0.0890411  -0.09589041 -0.0890411  -0.08219178
 -0.09589041 -0.10273973 -0.07534247 -0.10958904 -0.09589041 -0.0890411
 -0.0890411  -0.09589041 -0.10273973 -0.0890411  -0.0890411  -0.0890411
 -0.0890411  -0.10958904 -0.06849315 -0.0890411  -0.10273973 -0.10273973
 -0.07534247 -0.10958904 -0.07534247 -0.09589041 -0.0890411  -0.07534247
 -0.10273973 -0.10273973 -0.09589041 -0.08219178 -0.06849315 -0.07534247
 -0.0890411  -0.07534247 -0.08219178 -0.12328767 -0.10958904 -0.07534247
 -0.09589041 -0.06849315 -0.10273973 -0.0890411  -0.08219178 -0.11643836
 -0.07534247 -0.08219178 -0.10273973 -0.0890411  -0.10958904 -0.10273973
 -0.09589041 -0.08219178 -0.09589041 -0.08219178 -0.09589041 -0.0890411
 -0.09589041 -0.10958904 -0.08219178 -0.0890411  -0.10958904 -0.08219178
 -0.07534247 -0.10273973 -0.11643836 -0.0890411  -0.10273973 -0.09589041
 -0.07534247 -0.10273973]
bravo
BLEU
[0.34117647 0.26470588 0.22941176 0.28235294 0.22352941 0.31176471
 0.25294118 0.28235294 0.34705882 0.3        0.34117647 0.30588235
 0.28235294 0.31176471 0.32352941 0.31176471 0.32941176 0.28235294
 0.35294118 0.29411765 0.32352941 0.33529412 0.3        0.34705882
 0.29411765 0.27647059 0.34117647 0.29411765 0.36470588 0.3
 0.28235294 0.27058824 0.28823529 0.36470588 0.27647059 0.26470588
 0.35294118 0.29411765 0.29411765 0.31176471 0.38235294 0.28235294
 0.34705882 0.33529412 0.3        0.30588235 0.32352941 0.32941176
 0.35294118 0.3        0.32941176 0.24705882 0.27647059 0.29411765
 0.22941176 0.30588235 0.35882353 0.34117647 0.21764706 0.25294118
 0.36470588 0.23529412 0.30588235 0.28823529 0.27058824 0.28235294
 0.34117647 0.25882353 0.32941176 0.30588235 0.3        0.35882353
 0.33529412 0.37058824 0.32352941 0.33529412 0.36470588 0.25882353
 0.32941176 0.25882353 0.34117647 0.3        0.32941176 0.31176471
 0.31764706 0.26470588 0.31764706 0.35882353 0.34705882 0.27647059
 0.31176471 0.31764706 0.35882353 0.24705882 0.33529412 0.33529412
 0.30588235 0.30588235 0.31176471 0.36470588 0.32941176 0.33529412
 0.27058824 0.33529412 0.29411765 0.27058824 0.26470588 0.31764706
 0.3        0.28235294 0.35882353 0.29411765 0.31176471 0.28235294
 0.29411765 0.36470588 0.28823529 0.25294118 0.27058824 0.31176471
 0.28823529 0.32352941 0.32941176 0.30588235 0.27058824 0.31764706
 0.32352941 0.3        0.33529412 0.34117647 0.31176471 0.31764706
 0.29411765 0.29411765 0.35882353 0.34705882 0.28823529 0.31176471
 0.32941176 0.31176471 0.32352941 0.32941176 0.27647059 0.27647059
 0.33529412 0.24117647 0.34117647 0.31764706 0.31764706 0.27647059
 0.34117647 0.27647059 0.35294118 0.25294118 0.34117647 0.33529412
 0.37058824 0.3        0.27058824 0.33529412 0.39411765 0.31176471
 0.32941176 0.34117647 0.24117647 0.25294118 0.31764706 0.34705882
 0.26470588 0.34705882 0.31176471 0.34705882 0.31764706 0.29411765
 0.36470588 0.32352941 0.27058824 0.29411765 0.28235294 0.34117647
 0.31764706 0.34117647 0.32352941 0.34705882 0.31764706 0.36470588
 0.32352941 0.22941176 0.27647059 0.31764706 0.28823529 0.34117647
 0.31176471 0.28823529 0.22352941 0.35294118 0.26470588 0.30588235
 0.31176471 0.25294118]
bravo
METEOR
[0.23569024 0.2010105  0.17114094 0.2014775  0.1876048  0.21183591
 0.17160162 0.21098459 0.23905724 0.20830343 0.25541053 0.21517863
 0.19179004 0.22192334 0.24486442 0.22528581 0.22147651 0.2014775
 0.28383067 0.19450034 0.22483221 0.23842775 0.22815792 0.25497715
 0.22815792 0.21085271 0.2419527  0.20802364 0.25167785 0.23201076
 0.20483546 0.20143708 0.21124254 0.23201076 0.19450034 0.19851952
 0.26189393 0.21169355 0.21870794 0.24548232 0.26196296 0.19436997
 0.24161074 0.24515238 0.19489247 0.24535943 0.25160648 0.21155138
 0.26115197 0.20875421 0.25116871 0.21422257 0.19140363 0.22864765
 0.17114094 0.21183591 0.23905724 0.21870794 0.16791064 0.20143708
 0.27768839 0.21393522 0.22222222 0.20819342 0.21517863 0.2219133
 0.22498321 0.20802364 0.22880215 0.24373646 0.21445704 0.25541053
 0.25817397 0.26550336 0.21812081 0.26132783 0.25252525 0.18169583
 0.24515238 0.2077748  0.22528581 0.20174849 0.23490748 0.21169355
 0.22207268 0.22402894 0.20483546 0.24209818 0.26526621 0.19794072
 0.21517863 0.23217096 0.25808062 0.17449664 0.24564763 0.23889637
 0.22864765 0.22849462 0.21445704 0.25834759 0.23537323 0.26791748
 0.1947103  0.23826762 0.23459158 0.20438622 0.20802364 0.22788204
 0.22558413 0.19127517 0.25886985 0.19838601 0.22132797 0.19758875
 0.22815792 0.30192182 0.22058824 0.19153226 0.19179004 0.21226415
 0.20861373 0.25126853 0.24535943 0.22222222 0.19476158 0.22543742
 0.24211552 0.22482663 0.24100677 0.25869553 0.22849389 0.23170287
 0.21503392 0.19798658 0.26196296 0.28024774 0.20830343 0.22558923
 0.22849462 0.25066232 0.22895623 0.23201076 0.21759204 0.22744151
 0.23569024 0.17125588 0.23247978 0.25592686 0.22558923 0.1986532
 0.25480579 0.20844361 0.24146554 0.19431853 0.25834759 0.22498321
 0.258949   0.23390932 0.2017082  0.24531724 0.28800909 0.21841398
 0.23905724 0.23521505 0.17091153 0.17426273 0.22558923 0.23201076
 0.2077446  0.24515238 0.25438435 0.24901665 0.23185869 0.19798658
 0.25235532 0.22207268 0.19476158 0.20174849 0.2020202  0.23489933
 0.23232323 0.2289558  0.24790215 0.24548232 0.23538172 0.26904848
 0.23522343 0.17125588 0.19502354 0.21856086 0.22452505 0.25221577
 0.23168868 0.22849462 0.19807375 0.24884907 0.21825226 0.23153277
 0.24116863 0.16161616]
bravo
BERT
[0.7891927  0.7838564  0.78385997 0.78928113 0.78404063 0.7951735
 0.78445864 0.7907529  0.78863335 0.7855389  0.7935635  0.79215777
 0.79308856 0.7983823  0.79156923 0.8012932  0.7956983  0.791537
 0.7948449  0.7892388  0.79043835 0.7906182  0.793242   0.79421103
 0.78768027 0.7898869  0.79202175 0.789732   0.7913034  0.79321265
 0.7823342  0.7824656  0.7827409  0.7904636  0.7877958  0.7844495
 0.79111964 0.78687954 0.79169744 0.7907885  0.78232193 0.7873204
 0.79910576 0.79303324 0.7909385  0.7872349  0.79255056 0.7977316
 0.7910341  0.7936563  0.7959023  0.7879592  0.7909695  0.7930646
 0.7869825  0.7829172  0.79375684 0.7964309  0.78662753 0.7891954
 0.7896974  0.79140556 0.7944304  0.7855663  0.79023904 0.79325646
 0.78431356 0.78871536 0.786268   0.7949374  0.7863693  0.79312456
 0.7997331  0.79186225 0.79400235 0.7915261  0.790431   0.7871696
 0.7933938  0.79153657 0.7926104  0.791567   0.78955305 0.79773766
 0.79140633 0.78339374 0.79348564 0.79129696 0.7913185  0.79737806
 0.79174316 0.79343325 0.79353297 0.7867992  0.794142   0.7933448
 0.795851   0.7952477  0.7914317  0.7916115  0.79040027 0.7932203
 0.7849407  0.7904043  0.795415   0.78835255 0.78215414 0.78755283
 0.7882116  0.78622615 0.7920213  0.7919501  0.78414017 0.7942466
 0.7934693  0.7932495  0.7911774  0.7842479  0.78137547 0.78578335
 0.79313886 0.7885976  0.7912152  0.7906276  0.78408974 0.79489344
 0.79128826 0.7894296  0.79052913 0.79861796 0.7931216  0.7873694
 0.78619814 0.78546417 0.78819317 0.79681313 0.7901401  0.7913014
 0.79186374 0.788692   0.79099536 0.7890384  0.7880027  0.7877338
 0.7902352  0.78272283 0.78790456 0.7952727  0.79413474 0.79316974
 0.79414666 0.78503186 0.79698503 0.782177   0.78855115 0.7950554
 0.79353565 0.78839856 0.7837583  0.79305094 0.789217   0.7870717
 0.7878906  0.7909217  0.783431   0.7850661  0.7917371  0.7917342
 0.78344035 0.79788756 0.7952094  0.7973076  0.79058176 0.784487
 0.79041076 0.79138225 0.78475165 0.7863343  0.7901872  0.7896775
 0.7939687  0.7903713  0.7907632  0.78555965 0.7924738  0.79289675
 0.7887976  0.7863451  0.7976566  0.7883363  0.7898593  0.7939724
 0.794037   0.7866672  0.7863086  0.7927266  0.789624   0.7935337
 0.79633534 0.781175  ]
[nltk_data] Downloading package wordnet to /mnt/iusers01/fse-
[nltk_data]     ugpgt01/compsci01/q12628ct/nltk_data...
[nltk_data]   Package wordnet is already up-to-date!
[nltk_data] Downloading package punkt_tab to /mnt/iusers01/fse-
[nltk_data]     ugpgt01/compsci01/q12628ct/nltk_data...
[nltk_data]   Package punkt_tab is already up-to-date!
[nltk_data] Downloading package omw-1.4 to /mnt/iusers01/fse-
[nltk_data]     ugpgt01/compsci01/q12628ct/nltk_data...
[nltk_data]   Package omw-1.4 is already up-to-date!
/mnt/iusers01/fse-ugpgt01/compsci01/q12628ct/.conda/envs/semantic-decoding/lib/python3.10/site-packages/huggingface_hub/file_download.py:945: FutureWarning: `resume_download` is deprecated and will be removed in version 1.0.0. Downloads always resume when possible. If you want to force a new download, use `force_download=True`.
  warnings.warn(
Some weights of the model checkpoint at roberta-large were not used when initializing RobertaModel: ['lm_head.dense.weight', 'lm_head.layer_norm.weight', 'lm_head.dense.bias', 'lm_head.bias', 'lm_head.layer_norm.bias']
- This IS expected if you are initializing RobertaModel from the checkpoint of a model trained on another task or with another architecture (e.g. initializing a BertForSequenceClassification model from a BertForPreTraining model).
- This IS NOT expected if you are initializing RobertaModel from the checkpoint of a model that you expect to be exactly identical (initializing a BertForSequenceClassification model from a BertForSequenceClassification model).
Some weights of RobertaModel were not initialized from the model checkpoint at roberta-large and are newly initialized: ['roberta.pooler.dense.weight', 'roberta.pooler.dense.bias']
You should probably TRAIN this model on a down-stream task to be able to use it for predictions and inference.
bravo
WER
[-0.06849315 -0.06164384 -0.05479452 -0.06164384 -0.07534247 -0.06164384
 -0.06849315 -0.04109589 -0.05479452 -0.08219178 -0.04794521 -0.04794521
 -0.06164384 -0.04794521 -0.05479452 -0.07534247 -0.05479452 -0.06164384
 -0.06849315 -0.06849315 -0.06164384 -0.07534247 -0.04794521 -0.07534247
 -0.06849315 -0.08219178 -0.06849315 -0.05479452 -0.06849315 -0.05479452
 -0.06849315 -0.05479452 -0.06849315 -0.09589041 -0.06849315 -0.06849315
 -0.06164384 -0.06164384 -0.07534247 -0.04794521 -0.06849315 -0.04794521
 -0.07534247 -0.04794521 -0.07534247 -0.06849315 -0.06164384 -0.04794521
 -0.06164384 -0.05479452 -0.05479452 -0.06849315 -0.06164384 -0.06164384
 -0.08219178 -0.06849315 -0.04794521 -0.07534247 -0.04794521 -0.07534247
 -0.08219178 -0.04109589 -0.06849315 -0.05479452 -0.05479452 -0.05479452
 -0.06164384 -0.03424658 -0.04794521 -0.0890411  -0.05479452 -0.07534247
 -0.08219178 -0.06164384 -0.06849315 -0.07534247 -0.06164384 -0.05479452
 -0.04794521 -0.06849315 -0.06164384 -0.07534247 -0.06164384 -0.06164384
 -0.06164384 -0.04109589 -0.06164384 -0.05479452 -0.04794521 -0.05479452
 -0.05479452 -0.05479452 -0.06164384 -0.05479452 -0.04794521 -0.05479452
 -0.07534247 -0.04794521 -0.06849315 -0.06164384 -0.05479452 -0.05479452
 -0.0890411  -0.05479452 -0.06164384 -0.04109589 -0.05479452 -0.06164384
 -0.06849315 -0.06849315 -0.04794521 -0.06164384 -0.06164384 -0.06164384
 -0.05479452 -0.08219178 -0.05479452 -0.04794521 -0.05479452 -0.06164384
 -0.07534247 -0.06164384 -0.07534247 -0.06164384 -0.06164384 -0.06849315
 -0.04794521 -0.06849315 -0.05479452 -0.07534247 -0.06849315 -0.04109589
 -0.06849315 -0.08219178 -0.06164384 -0.06849315 -0.06849315 -0.09589041
 -0.06849315 -0.05479452 -0.06849315 -0.05479452 -0.04109589 -0.04109589
 -0.07534247 -0.05479452 -0.08219178 -0.05479452 -0.07534247 -0.06164384
 -0.04794521 -0.08219178 -0.06849315 -0.0890411  -0.04109589 -0.06849315
 -0.04109589 -0.07534247 -0.06164384 -0.06164384 -0.06849315 -0.06849315
 -0.06164384 -0.04794521 -0.04794521 -0.08219178 -0.04794521 -0.05479452
 -0.05479452 -0.06164384 -0.04794521 -0.06849315 -0.06849315 -0.07534247
 -0.06849315 -0.06164384 -0.05479452 -0.06164384 -0.08219178 -0.06849315
 -0.06164384 -0.08219178 -0.06849315 -0.06849315 -0.07534247 -0.06164384
 -0.06164384 -0.06849315 -0.06849315 -0.05479452 -0.06849315 -0.04794521
 -0.04109589 -0.06849315 -0.04794521 -0.04794521 -0.04109589 -0.05479452
 -0.05479452 -0.06849315]
bravo
BLEU
[0.32926829 0.3597561  0.34756098 0.32317073 0.30487805 0.34146341
 0.29878049 0.36585366 0.31097561 0.34146341 0.31097561 0.34146341
 0.25609756 0.37195122 0.33536585 0.24390244 0.29268293 0.33536585
 0.28658537 0.29878049 0.29878049 0.28658537 0.3597561  0.3902439
 0.31707317 0.2804878  0.31707317 0.31707317 0.34756098 0.34756098
 0.31707317 0.32317073 0.32926829 0.21341463 0.31707317 0.28658537
 0.34756098 0.33536585 0.29878049 0.34146341 0.23170732 0.34146341
 0.28658537 0.36585366 0.26829268 0.27439024 0.31707317 0.33536585
 0.33536585 0.33536585 0.33536585 0.30487805 0.32317073 0.3902439
 0.30487805 0.31097561 0.31097561 0.24390244 0.32317073 0.28658537
 0.30487805 0.3597561  0.35365854 0.29878049 0.30487805 0.33536585
 0.35365854 0.32317073 0.32926829 0.34146341 0.34146341 0.23170732
 0.21341463 0.28658537 0.32926829 0.19512195 0.29268293 0.2804878
 0.29878049 0.35365854 0.26219512 0.32926829 0.30487805 0.31707317
 0.20121951 0.34756098 0.32926829 0.29878049 0.31707317 0.35365854
 0.34756098 0.32926829 0.34146341 0.32317073 0.32317073 0.34756098
 0.28658537 0.26829268 0.32926829 0.34146341 0.31097561 0.33536585
 0.24390244 0.29268293 0.2804878  0.34756098 0.33536585 0.32317073
 0.30487805 0.29268293 0.32926829 0.2804878  0.33536585 0.32926829
 0.29878049 0.34146341 0.3597561  0.32926829 0.32926829 0.31097561
 0.23170732 0.30487805 0.32926829 0.34756098 0.26219512 0.30487805
 0.28658537 0.29268293 0.2804878  0.3597561  0.32926829 0.32317073
 0.2804878  0.28658537 0.24390244 0.34146341 0.32317073 0.30487805
 0.28658537 0.28658537 0.32926829 0.2804878  0.33536585 0.32317073
 0.34146341 0.30487805 0.31097561 0.34756098 0.31097561 0.29268293
 0.31707317 0.31097561 0.30487805 0.27439024 0.32926829 0.28658537
 0.31707317 0.34756098 0.29268293 0.27439024 0.28658537 0.34756098
 0.2804878  0.35365854 0.32926829 0.28658537 0.38414634 0.35365854
 0.2804878  0.34756098 0.33536585 0.28658537 0.33536585 0.27439024
 0.29878049 0.26219512 0.31097561 0.29268293 0.26829268 0.31707317
 0.24390244 0.26829268 0.25609756 0.34756098 0.32317073 0.33536585
 0.35365854 0.29878049 0.2804878  0.29268293 0.22560976 0.3597561
 0.34146341 0.3597561  0.34756098 0.32926829 0.28658537 0.26219512
 0.34146341 0.29268293]
bravo
METEOR
[0.21915037 0.26827855 0.23828155 0.21621622 0.19878706 0.23232741
 0.19878706 0.24595687 0.20283976 0.22604588 0.20945946 0.2190027
 0.19225114 0.25016903 0.22297297 0.1883628  0.20562946 0.242769
 0.18880647 0.19918974 0.22478273 0.21590509 0.27311291 0.25306727
 0.22523745 0.21156313 0.23326572 0.21605097 0.22665765 0.23295071
 0.22221238 0.22634675 0.2426053  0.16520566 0.21607022 0.2217056
 0.26616177 0.21212121 0.19945909 0.22972973 0.16801075 0.21592443
 0.219432   0.2709777  0.1956306  0.17567568 0.21944632 0.23554134
 0.23279352 0.2289558  0.24535943 0.21575941 0.23923162 0.26995681
 0.19892111 0.21959459 0.20928865 0.17893315 0.23279803 0.18918919
 0.20847344 0.25255568 0.25921921 0.20608108 0.22846541 0.22574124
 0.24664417 0.23295532 0.23892469 0.22528581 0.23632681 0.17194875
 0.16554054 0.21634333 0.22911019 0.15866239 0.21281365 0.18169583
 0.21913587 0.23617639 0.18593644 0.22282242 0.21575941 0.21269413
 0.17197142 0.23310811 0.21959459 0.20945946 0.21621622 0.22957461
 0.25947283 0.23907041 0.23264094 0.2461449  0.21199168 0.21621622
 0.19554956 0.18530997 0.2451942  0.25228512 0.21913587 0.21607022
 0.17194875 0.20622042 0.19554956 0.22988506 0.23264094 0.22508568
 0.22908288 0.2119538  0.23248407 0.21283784 0.22252192 0.21548822
 0.22206274 0.25289651 0.26918551 0.24244182 0.21929825 0.21906325
 0.16823688 0.22877373 0.23295071 0.24326143 0.20860319 0.21517863
 0.21546863 0.21209662 0.20886527 0.25289651 0.23248407 0.2220048
 0.18867925 0.20242915 0.16891892 0.22988506 0.21238285 0.20608108
 0.19568151 0.17555706 0.24342602 0.21181116 0.24569055 0.24635547
 0.26507011 0.21575941 0.21255061 0.2426053  0.24198185 0.19269777
 0.2264999  0.23538172 0.20566419 0.1753203  0.22604108 0.22221238
 0.23633597 0.24957829 0.19230769 0.18829859 0.19230769 0.2426352
 0.22584661 0.24242424 0.2219133  0.19238104 0.25337838 0.22619851
 0.21552528 0.23632681 0.24890512 0.21546863 0.25340949 0.18918919
 0.20538721 0.19186249 0.2229636  0.219432   0.20215633 0.22281295
 0.20436066 0.20576831 0.18518519 0.2425876  0.22589346 0.23569894
 0.26313346 0.2097429  0.19568151 0.219432   0.182235   0.24214436
 0.21929825 0.23648649 0.2463111  0.23633597 0.21590509 0.19484124
 0.22604588 0.21575941]
bravo
BERT
[0.7886832  0.79429233 0.79012465 0.7949351  0.78302693 0.7919382
 0.7804787  0.79456115 0.78272927 0.79023206 0.79127204 0.7923026
 0.7825314  0.79280436 0.7959322  0.78487873 0.7888144  0.79731476
 0.7878814  0.79454494 0.7884201  0.789391   0.78699744 0.7956948
 0.7959337  0.79733396 0.7904385  0.7920069  0.78898585 0.792344
 0.78520733 0.79241383 0.7871669  0.7872399  0.7876581  0.78238046
 0.7933401  0.79746556 0.78993714 0.8029093  0.7859897  0.7875174
 0.78744346 0.79301083 0.78633994 0.7868664  0.7885581  0.7940618
 0.7936396  0.78652906 0.7899741  0.787296   0.7864574  0.7949752
 0.79072404 0.79037285 0.7898111  0.78671247 0.78806436 0.7879356
 0.7862254  0.7935964  0.79177964 0.784992   0.7896697  0.79249465
 0.7869433  0.79042065 0.7909177  0.7916402  0.7873961  0.7842238
 0.7849676  0.79026127 0.78266597 0.78401625 0.7924899  0.7847711
 0.7962431  0.7893663  0.786217   0.78628117 0.78659385 0.7883128
 0.78632426 0.7864394  0.7973901  0.79530984 0.7913077  0.79173064
 0.79851127 0.7907554  0.7920728  0.78902346 0.7934209  0.79236645
 0.78809905 0.7831621  0.79230154 0.7905081  0.7823428  0.7914816
 0.78534424 0.79110754 0.7897099  0.7919508  0.78918684 0.78965783
 0.786868   0.78832203 0.7940252  0.7833163  0.7884736  0.7870743
 0.7882659  0.7915369  0.7949092  0.7924975  0.7891036  0.7908173
 0.78533065 0.791348   0.78905165 0.7960294  0.7866912  0.7846539
 0.7844343  0.7889177  0.79172325 0.78718346 0.7869366  0.7917117
 0.78368735 0.78918946 0.7818662  0.795496   0.79643583 0.7912828
 0.7899642  0.7904601  0.7865938  0.7850739  0.7882068  0.79927003
 0.7931014  0.7887037  0.7922031  0.7959581  0.798895   0.78262806
 0.7958103  0.7953259  0.79330933 0.7883847  0.78730106 0.78659475
 0.78927886 0.795299   0.78586197 0.7846979  0.7857611  0.7979958
 0.7932045  0.7965517  0.79297465 0.7911079  0.79104185 0.79141665
 0.7912045  0.7937707  0.79389423 0.78895223 0.79383326 0.789241
 0.7834778  0.785416   0.78700423 0.79405105 0.78426754 0.7916434
 0.7931814  0.78887427 0.7848923  0.79422057 0.7956838  0.79441214
 0.797489   0.7978549  0.78675294 0.7869689  0.7864717  0.7949196
 0.7937633  0.79086256 0.79652023 0.7951946  0.7864518  0.7946655
 0.7969484  0.7889963 ]
[nltk_data] Downloading package wordnet to /mnt/iusers01/fse-
[nltk_data]     ugpgt01/compsci01/q12628ct/nltk_data...
[nltk_data]   Package wordnet is already up-to-date!
[nltk_data] Downloading package punkt_tab to /mnt/iusers01/fse-
[nltk_data]     ugpgt01/compsci01/q12628ct/nltk_data...
[nltk_data]   Package punkt_tab is already up-to-date!
[nltk_data] Downloading package omw-1.4 to /mnt/iusers01/fse-
[nltk_data]     ugpgt01/compsci01/q12628ct/nltk_data...
[nltk_data]   Package omw-1.4 is already up-to-date!
/mnt/iusers01/fse-ugpgt01/compsci01/q12628ct/.conda/envs/semantic-decoding/lib/python3.10/site-packages/huggingface_hub/file_download.py:945: FutureWarning: `resume_download` is deprecated and will be removed in version 1.0.0. Downloads always resume when possible. If you want to force a new download, use `force_download=True`.
  warnings.warn(
Some weights of the model checkpoint at roberta-large were not used when initializing RobertaModel: ['lm_head.dense.weight', 'lm_head.bias', 'lm_head.layer_norm.weight', 'lm_head.layer_norm.bias', 'lm_head.dense.bias']
- This IS expected if you are initializing RobertaModel from the checkpoint of a model trained on another task or with another architecture (e.g. initializing a BertForSequenceClassification model from a BertForPreTraining model).
- This IS NOT expected if you are initializing RobertaModel from the checkpoint of a model that you expect to be exactly identical (initializing a BertForSequenceClassification model from a BertForSequenceClassification model).
Some weights of RobertaModel were not initialized from the model checkpoint at roberta-large and are newly initialized: ['roberta.pooler.dense.bias', 'roberta.pooler.dense.weight']
You should probably TRAIN this model on a down-stream task to be able to use it for predictions and inference.
charlie
WER
[-0.03821656 -0.05095541 -0.02547771  0.         -0.03184713 -0.04458599
 -0.01910828 -0.03821656 -0.03184713 -0.05095541 -0.02547771 -0.03821656
 -0.02547771 -0.02547771 -0.03184713 -0.01910828 -0.02547771 -0.03821656
 -0.03184713 -0.03821656 -0.02547771 -0.02547771 -0.03184713 -0.03184713
 -0.05095541 -0.03821656 -0.03821656 -0.03821656 -0.03821656 -0.03821656
 -0.03184713 -0.02547771 -0.03821656 -0.01273885 -0.01910828 -0.01910828
 -0.01910828 -0.02547771 -0.03184713 -0.03184713 -0.03184713 -0.03821656
 -0.04458599 -0.03821656 -0.01910828 -0.03184713 -0.03184713 -0.03821656
 -0.02547771 -0.05095541 -0.03184713 -0.03184713 -0.05095541 -0.04458599
 -0.03821656 -0.01910828 -0.03821656 -0.03821656 -0.03821656 -0.03184713
 -0.03184713 -0.04458599 -0.03184713 -0.01910828 -0.03184713 -0.02547771
 -0.01910828 -0.03821656 -0.04458599 -0.02547771 -0.03184713 -0.03184713
 -0.03821656 -0.03821656 -0.04458599 -0.03184713 -0.03821656 -0.03184713
 -0.02547771 -0.04458599 -0.01273885 -0.02547771 -0.03821656 -0.04458599
 -0.03821656 -0.03184713 -0.02547771 -0.03821656 -0.04458599 -0.01910828
 -0.01273885 -0.03184713 -0.01910828 -0.02547771 -0.04458599 -0.03184713
 -0.03184713 -0.03184713 -0.03821656 -0.01910828 -0.01273885 -0.05095541
 -0.03821656 -0.03184713 -0.03184713 -0.03821656 -0.03821656 -0.03184713
 -0.01273885 -0.02547771 -0.03184713 -0.01910828 -0.03184713 -0.04458599
 -0.03184713 -0.01273885 -0.03821656 -0.03184713 -0.03821656 -0.04458599
 -0.03821656 -0.03184713 -0.02547771 -0.05095541 -0.04458599 -0.03821656
 -0.04458599 -0.03184713 -0.03821656 -0.03821656 -0.03184713 -0.01910828
 -0.02547771 -0.05095541 -0.02547771 -0.01910828 -0.03184713 -0.03821656
 -0.01273885 -0.03184713 -0.01910828 -0.03821656 -0.03821656 -0.03821656
 -0.03184713 -0.03184713 -0.03184713 -0.03184713 -0.03821656 -0.03821656
 -0.02547771 -0.03184713 -0.05095541 -0.03184713 -0.03184713 -0.02547771
 -0.00636943 -0.01273885 -0.02547771 -0.03821656 -0.03184713 -0.02547771
 -0.03821656 -0.03184713 -0.01273885 -0.03184713 -0.03821656 -0.02547771
 -0.04458599 -0.04458599 -0.03821656 -0.01910828 -0.03821656 -0.04458599
 -0.02547771 -0.02547771 -0.03184713 -0.03821656 -0.01910828 -0.02547771
 -0.02547771 -0.05095541 -0.04458599 -0.01273885 -0.03821656 -0.03821656
 -0.01910828 -0.03184713 -0.02547771 -0.03821656 -0.01273885 -0.03184713
 -0.03184713 -0.03184713 -0.03184713 -0.03821656 -0.03184713 -0.04458599
 -0.03184713 -0.02547771]
charlie
BLEU
[0.28823529 0.30588235 0.22352941 0.27058824 0.30588235 0.31764706
 0.3        0.28823529 0.32352941 0.30588235 0.32352941 0.32352941
 0.31176471 0.27058824 0.28823529 0.28235294 0.26470588 0.25882353
 0.29411765 0.27647059 0.28235294 0.27647059 0.26470588 0.29411765
 0.30588235 0.31176471 0.29411765 0.31764706 0.3        0.29411765
 0.3        0.29411765 0.30588235 0.3        0.26470588 0.28823529
 0.31176471 0.28235294 0.32941176 0.35294118 0.28823529 0.28823529
 0.32941176 0.27647059 0.27647059 0.33529412 0.31176471 0.28823529
 0.30588235 0.25882353 0.34705882 0.30588235 0.24117647 0.29411765
 0.28235294 0.28235294 0.32941176 0.3        0.3        0.23529412
 0.30588235 0.3        0.27647059 0.32352941 0.28235294 0.31176471
 0.28823529 0.26470588 0.27058824 0.29411765 0.27058824 0.29411765
 0.28235294 0.26470588 0.30588235 0.26470588 0.24705882 0.31176471
 0.29411765 0.27647059 0.32941176 0.26470588 0.29411765 0.27058824
 0.28235294 0.31176471 0.30588235 0.25882353 0.3        0.27058824
 0.27058824 0.32352941 0.27058824 0.32941176 0.3        0.32941176
 0.3        0.27058824 0.29411765 0.28235294 0.30588235 0.27647059
 0.26470588 0.32941176 0.3        0.25294118 0.3        0.28235294
 0.31176471 0.28235294 0.32941176 0.3        0.28823529 0.26470588
 0.27647059 0.28235294 0.30588235 0.22941176 0.29411765 0.25294118
 0.3        0.27647059 0.28823529 0.28235294 0.32352941 0.29411765
 0.33529412 0.3        0.29411765 0.28235294 0.29411765 0.28823529
 0.24705882 0.25882353 0.31176471 0.28235294 0.25294118 0.27058824
 0.31176471 0.32941176 0.29411765 0.29411765 0.28823529 0.29411765
 0.27058824 0.31176471 0.31764706 0.28235294 0.28235294 0.28235294
 0.34117647 0.31764706 0.25294118 0.28823529 0.24117647 0.32941176
 0.29411765 0.32352941 0.32941176 0.25294118 0.32941176 0.28235294
 0.31764706 0.28235294 0.28823529 0.23529412 0.26470588 0.30588235
 0.30588235 0.31764706 0.30588235 0.3        0.28235294 0.25294118
 0.3        0.26470588 0.31764706 0.27647059 0.32352941 0.28235294
 0.28823529 0.25294118 0.28823529 0.3        0.23529412 0.28823529
 0.30588235 0.3        0.30588235 0.25882353 0.27647059 0.30588235
 0.28823529 0.28823529 0.30588235 0.25882353 0.27058824 0.25882353
 0.29411765 0.31764706]
charlie
METEOR
[0.21041934 0.20012129 0.16686893 0.194057   0.22647629 0.21818182
 0.21527943 0.17900485 0.2295103  0.21778672 0.23045841 0.23333333
 0.21844788 0.194057   0.20579674 0.19685039 0.20592146 0.17900485
 0.20313522 0.16938899 0.20631068 0.19718237 0.19393939 0.21488825
 0.20909091 0.20340012 0.22397924 0.20947177 0.20921771 0.20618557
 0.22094259 0.22384366 0.20845921 0.22040762 0.16959419 0.194057
 0.23629289 0.2025393  0.2336165  0.23335246 0.19949375 0.19706272
 0.21831533 0.22273307 0.2119862  0.23349406 0.22688832 0.20618557
 0.21501848 0.18473652 0.22094431 0.23971068 0.18458078 0.19417476
 0.18783942 0.1788963  0.22437841 0.19720874 0.22370824 0.17304189
 0.2208086  0.20618557 0.18787879 0.23861113 0.18822101 0.21791863
 0.21224985 0.21109067 0.1936738  0.22027428 0.2233069  0.21449848
 0.19985646 0.20301203 0.22647629 0.19997766 0.21598742 0.20568663
 0.20012129 0.20592146 0.22121694 0.21320707 0.20606061 0.18799272
 0.1936738  0.20618557 0.21172956 0.19382193 0.202889   0.20012129
 0.18518519 0.22937146 0.1788963  0.21514887 0.19720874 0.2299004
 0.20315343 0.20606061 0.2150212  0.19963702 0.19708914 0.18473652
 0.18181818 0.23031865 0.1939087  0.19414417 0.19694322 0.19393939
 0.19744836 0.1908741  0.21857923 0.20643594 0.20870089 0.18787879
 0.18822101 0.20870089 0.20656136 0.16343826 0.19658557 0.18226002
 0.23003965 0.20313522 0.17878788 0.21420834 0.20883777 0.21541014
 0.20934466 0.2030303  0.18484848 0.2119862  0.19358742 0.22094431
 0.16949153 0.2088273  0.20643594 0.18214936 0.20864627 0.20585468
 0.21462825 0.24274805 0.2275608  0.20656136 0.21528199 0.21224347
 0.19114078 0.2059358  0.20947177 0.20268637 0.19102486 0.1783555
 0.23895947 0.21752266 0.19553475 0.19987886 0.19682386 0.2030303
 0.18518519 0.22452321 0.22107813 0.17895187 0.23030303 0.21172956
 0.21237864 0.18701049 0.19939577 0.17554479 0.19417476 0.19429265
 0.21199273 0.1969697  0.22688832 0.2032767  0.19975787 0.18799272
 0.20618557 0.19335347 0.23586326 0.2030303  0.2275608  0.1788963
 0.21211476 0.1637356  0.19997766 0.19961451 0.1637356  0.1881068
 0.19685039 0.19102486 0.21515152 0.2        0.2002205  0.22661347
 0.17293689 0.20908058 0.2025393  0.19079346 0.20851982 0.19622922
 0.1969697  0.2180507 ]
charlie
BERT
[0.76304966 0.77641904 0.76520145 0.7674753  0.76543105 0.77162814
 0.76870453 0.76998127 0.76727736 0.76279885 0.770294   0.76732504
 0.76148164 0.7653487  0.766492   0.7692115  0.7737403  0.7732764
 0.76885974 0.7693199  0.76852083 0.76380575 0.7552846  0.76378584
 0.77017045 0.7696879  0.7653698  0.77326095 0.77142143 0.7673246
 0.77662593 0.7679398  0.7678143  0.7712647  0.76321644 0.7654294
 0.766562   0.7618691  0.77669835 0.77231896 0.75944656 0.7685633
 0.7674484  0.7640723  0.76204044 0.7700725  0.7711679  0.76870865
 0.7623159  0.7630958  0.764865   0.7725895  0.7621264  0.769624
 0.7653229  0.76391405 0.7720569  0.76292956 0.7778867  0.7661537
 0.7610287  0.7718041  0.7638488  0.7649085  0.7695315  0.77199847
 0.7678217  0.7559946  0.76936615 0.7640588  0.7570328  0.76647407
 0.77182925 0.76503944 0.7617774  0.76865554 0.7640846  0.76271665
 0.767197   0.760319   0.7701803  0.7604579  0.76454455 0.76570475
 0.76294845 0.76981187 0.7674053  0.76287746 0.7607808  0.7669773
 0.7680137  0.76100624 0.76581585 0.7763467  0.7730021  0.77110016
 0.7697363  0.76378655 0.76504326 0.76807857 0.7628198  0.764086
 0.76369464 0.7680913  0.7663423  0.76815844 0.76439583 0.7702696
 0.77139574 0.7679575  0.7703783  0.77028036 0.76587236 0.7588335
 0.76365626 0.760283   0.7717712  0.7663905  0.760857   0.76558995
 0.76002014 0.7656355  0.7617178  0.7692245  0.76622427 0.7667469
 0.77010286 0.7656412  0.7668586  0.7679514  0.7670828  0.7716505
 0.7631676  0.76925635 0.76653224 0.76173395 0.76808715 0.7666444
 0.7665298  0.7738016  0.7741747  0.76629996 0.77246183 0.76103854
 0.77017754 0.7768578  0.7670947  0.7657188  0.76292324 0.7589971
 0.76864266 0.77160746 0.76675695 0.7666943  0.7664317  0.7705236
 0.7692179  0.77732176 0.77420866 0.77142924 0.7690664  0.7655088
 0.76238966 0.76786876 0.7643028  0.7619726  0.76262033 0.77154124
 0.7660346  0.7716712  0.7661672  0.7694826  0.760751   0.75715846
 0.7676981  0.77053833 0.76443434 0.76878345 0.76544964 0.7688129
 0.75476974 0.7662693  0.76170826 0.76632833 0.76075697 0.7672747
 0.77189636 0.76762646 0.7628925  0.75730306 0.7670026  0.7831193
 0.76398313 0.7670841  0.7690956  0.76321524 0.75891876 0.76487076
 0.7656827  0.76891786]
[nltk_data] Downloading package wordnet to /mnt/iusers01/fse-
[nltk_data]     ugpgt01/compsci01/q12628ct/nltk_data...
[nltk_data]   Package wordnet is already up-to-date!
[nltk_data] Downloading package punkt_tab to /mnt/iusers01/fse-
[nltk_data]     ugpgt01/compsci01/q12628ct/nltk_data...
[nltk_data]   Package punkt_tab is already up-to-date!
[nltk_data] Downloading package omw-1.4 to /mnt/iusers01/fse-
[nltk_data]     ugpgt01/compsci01/q12628ct/nltk_data...
[nltk_data]   Package omw-1.4 is already up-to-date!
/mnt/iusers01/fse-ugpgt01/compsci01/q12628ct/.conda/envs/semantic-decoding/lib/python3.10/site-packages/huggingface_hub/file_download.py:945: FutureWarning: `resume_download` is deprecated and will be removed in version 1.0.0. Downloads always resume when possible. If you want to force a new download, use `force_download=True`.
  warnings.warn(
Some weights of the model checkpoint at roberta-large were not used when initializing RobertaModel: ['lm_head.layer_norm.weight', 'lm_head.bias', 'lm_head.dense.bias', 'lm_head.layer_norm.bias', 'lm_head.dense.weight']
- This IS expected if you are initializing RobertaModel from the checkpoint of a model trained on another task or with another architecture (e.g. initializing a BertForSequenceClassification model from a BertForPreTraining model).
- This IS NOT expected if you are initializing RobertaModel from the checkpoint of a model that you expect to be exactly identical (initializing a BertForSequenceClassification model from a BertForSequenceClassification model).
Some weights of RobertaModel were not initialized from the model checkpoint at roberta-large and are newly initialized: ['roberta.pooler.dense.weight', 'roberta.pooler.dense.bias']
You should probably TRAIN this model on a down-stream task to be able to use it for predictions and inference.
charlie
WER
[-0.01910828 -0.03184713 -0.03184713 -0.02547771 -0.03184713 -0.05095541
 -0.04458599 -0.03184713 -0.03184713 -0.00636943 -0.02547771 -0.02547771
 -0.03821656 -0.03184713 -0.04458599 -0.01910828 -0.02547771 -0.03821656
 -0.03184713 -0.03184713 -0.03184713 -0.04458599  0.00636943 -0.03821656
 -0.03184713 -0.05095541 -0.03184713 -0.05095541 -0.02547771 -0.03821656
 -0.02547771 -0.01910828 -0.04458599 -0.02547771 -0.03821656 -0.01910828
 -0.04458599 -0.03821656 -0.05732484 -0.04458599 -0.04458599 -0.03821656
 -0.01273885 -0.04458599 -0.05095541 -0.05732484 -0.01910828 -0.04458599
  0.00636943 -0.02547771 -0.05095541 -0.00636943 -0.01910828 -0.03821656
 -0.05732484 -0.03821656 -0.03184713 -0.03184713 -0.03184713 -0.02547771
  0.         -0.05095541 -0.03184713 -0.02547771 -0.05095541 -0.03184713
 -0.03821656 -0.03184713 -0.03184713 -0.01273885 -0.03184713 -0.05095541
 -0.03184713 -0.03821656 -0.03821656 -0.01910828 -0.01273885 -0.01910828
 -0.03821656 -0.02547771 -0.03184713 -0.02547771 -0.01910828 -0.04458599
 -0.03184713 -0.03821656 -0.01910828 -0.02547771 -0.03184713 -0.02547771
 -0.02547771 -0.03821656 -0.01910828 -0.03184713 -0.05095541 -0.03821656
 -0.03184713 -0.01910828 -0.02547771 -0.03821656 -0.02547771 -0.04458599
 -0.03184713 -0.02547771 -0.02547771 -0.05095541 -0.01910828 -0.02547771
 -0.03184713 -0.03821656 -0.03184713 -0.04458599 -0.04458599 -0.02547771
 -0.04458599 -0.03184713 -0.02547771 -0.01273885 -0.03821656 -0.01910828
 -0.03184713 -0.03821656 -0.02547771 -0.03184713 -0.01910828 -0.02547771
 -0.03184713 -0.01910828 -0.02547771 -0.03821656 -0.03821656 -0.05095541
 -0.01273885 -0.02547771 -0.03821656 -0.03184713 -0.03184713 -0.03821656
 -0.01910828 -0.02547771 -0.02547771 -0.03821656 -0.04458599 -0.03821656
 -0.05095541 -0.02547771 -0.01910828 -0.01910828 -0.04458599 -0.03821656
 -0.04458599 -0.04458599 -0.02547771 -0.02547771 -0.01910828 -0.03821656
 -0.03184713 -0.02547771 -0.03821656 -0.03184713 -0.02547771 -0.03821656
 -0.01910828 -0.04458599 -0.04458599 -0.03184713 -0.03184713 -0.02547771
 -0.02547771 -0.03821656 -0.03821656 -0.03184713 -0.03821656 -0.03821656
 -0.03184713 -0.03821656 -0.02547771 -0.01910828 -0.04458599 -0.03821656
 -0.02547771 -0.03821656 -0.03821656 -0.03184713 -0.03184713 -0.04458599
 -0.02547771 -0.05095541 -0.00636943 -0.01910828 -0.03821656 -0.03184713
 -0.01273885 -0.04458599 -0.03184713 -0.03184713 -0.01273885 -0.03821656
 -0.03821656 -0.01910828]
charlie
BLEU
[0.25882353 0.31764706 0.31176471 0.27647059 0.29411765 0.25294118
 0.29411765 0.30588235 0.27058824 0.31764706 0.3        0.30588235
 0.27647059 0.30588235 0.28235294 0.30588235 0.31764706 0.35294118
 0.27647059 0.29411765 0.31764706 0.30588235 0.32941176 0.26470588
 0.31176471 0.23529412 0.31176471 0.21176471 0.27647059 0.31176471
 0.26470588 0.3        0.21176471 0.34117647 0.3        0.31176471
 0.26470588 0.29411765 0.23529412 0.29411765 0.27647059 0.3
 0.33529412 0.3        0.24117647 0.23529412 0.27058824 0.24705882
 0.31176471 0.27647059 0.24705882 0.30588235 0.31176471 0.31764706
 0.27647059 0.3        0.27058824 0.29411765 0.3        0.29411765
 0.33529412 0.28235294 0.27058824 0.31176471 0.3        0.27647059
 0.25294118 0.31764706 0.30588235 0.29411765 0.28235294 0.25294118
 0.32941176 0.26470588 0.28235294 0.27647059 0.34117647 0.30588235
 0.27647059 0.30588235 0.27647059 0.32352941 0.29411765 0.28235294
 0.28235294 0.27647059 0.27058824 0.26470588 0.30588235 0.28823529
 0.30588235 0.28235294 0.27058824 0.29411765 0.24705882 0.28823529
 0.23529412 0.32941176 0.31764706 0.27058824 0.29411765 0.29411765
 0.28235294 0.31764706 0.31176471 0.29411765 0.28235294 0.32941176
 0.34117647 0.34117647 0.3        0.27058824 0.31764706 0.26470588
 0.25882353 0.31176471 0.29411765 0.3        0.24705882 0.31176471
 0.27058824 0.31176471 0.31176471 0.29411765 0.34705882 0.28235294
 0.27647059 0.28235294 0.30588235 0.27647059 0.30588235 0.27647059
 0.28823529 0.3        0.22941176 0.25882353 0.34117647 0.30588235
 0.27647059 0.3        0.28235294 0.30588235 0.25294118 0.27647059
 0.27058824 0.30588235 0.32941176 0.28235294 0.29411765 0.25294118
 0.26470588 0.28235294 0.29411765 0.32352941 0.32352941 0.24705882
 0.29411765 0.27647059 0.3        0.26470588 0.30588235 0.27647059
 0.28235294 0.27647059 0.25882353 0.32941176 0.29411765 0.30588235
 0.25882353 0.26470588 0.32352941 0.25882353 0.29411765 0.27647059
 0.30588235 0.31176471 0.27058824 0.3        0.31764706 0.26470588
 0.31764706 0.25882353 0.32352941 0.28823529 0.3        0.29411765
 0.33529412 0.30588235 0.26470588 0.27058824 0.24117647 0.31176471
 0.30588235 0.25882353 0.30588235 0.31764706 0.30588235 0.3
 0.25294118 0.31176471]
charlie
METEOR
[0.19079346 0.19358742 0.21831413 0.2297885  0.19090909 0.19964266
 0.2032767  0.20606061 0.19441069 0.21831413 0.20592146 0.23296717
 0.19685039 0.20617137 0.2032767  0.2059358  0.20629655 0.23624296
 0.19075842 0.20012129 0.24223088 0.20629655 0.21871203 0.16979988
 0.21462825 0.16697025 0.20581114 0.16938899 0.19708914 0.23904523
 0.18496058 0.24114196 0.16042545 0.215541   0.18822101 0.20959903
 0.19114078 0.19661222 0.1662636  0.19708914 0.18518519 0.19417476
 0.19720874 0.18787879 0.15786278 0.19122199 0.20895386 0.18132993
 0.2329287  0.19685039 0.18132993 0.2126367  0.19963702 0.24237796
 0.18170806 0.23003965 0.20313522 0.2177684  0.21186441 0.19429265
 0.20909091 0.20024272 0.20631068 0.21224985 0.21446783 0.18787879
 0.19079346 0.19137303 0.20301203 0.2184466  0.20567216 0.19122199
 0.24433396 0.19708914 0.20290733 0.1931201  0.23276904 0.22121694
 0.19102486 0.18192844 0.2054804  0.23310853 0.20629655 0.21211476
 0.19355656 0.18507282 0.19347037 0.2        0.19067797 0.20947177
 0.23031865 0.2002205  0.2        0.20909091 0.16969697 0.19976388
 0.17000607 0.25042444 0.23586326 0.20024272 0.19332252 0.20921771
 0.19670464 0.20606061 0.21172956 0.19732848 0.1969697  0.20643594
 0.23609987 0.21541262 0.21528199 0.19694322 0.21472795 0.1969697
 0.16979988 0.2299004  0.23006737 0.2030303  0.1754386  0.19067797
 0.20592146 0.20290733 0.20631068 0.2297885  0.25439159 0.2
 0.17878788 0.19673123 0.22688832 0.18507282 0.2030303  0.19708914
 0.19041221 0.22148557 0.16393443 0.17586416 0.22134627 0.22702599
 0.21237864 0.19997766 0.1969697  0.21541014 0.19056261 0.21449848
 0.19949375 0.21818293 0.21527943 0.17878788 0.21160822 0.1939087
 0.19529508 0.18822101 0.2119862  0.21818293 0.24512257 0.17287428
 0.20617137 0.19114078 0.21527943 0.20264337 0.20606061 0.19056261
 0.18822101 0.20252078 0.18181818 0.20606061 0.20315343 0.24433396
 0.18473652 0.17607772 0.22425089 0.17586416 0.22397924 0.194057
 0.20618557 0.19720874 0.20012129 0.20920745 0.21541262 0.20604634
 0.21459781 0.19961451 0.26065494 0.20315343 0.21173624 0.20542347
 0.22713507 0.21514887 0.18192844 0.18507282 0.15786278 0.2030303
 0.20947177 0.17878788 0.19975787 0.20870089 0.23254411 0.18822101
 0.20801554 0.2180507 ]
charlie
BERT
[0.7613892  0.76845527 0.77544975 0.7602495  0.76279896 0.7593655
 0.7661319  0.7565029  0.7644279  0.77220297 0.7706586  0.76756537
 0.76862943 0.76434004 0.7662909  0.77007353 0.76841754 0.7674999
 0.7710807  0.7730088  0.7681422  0.76682687 0.76003706 0.7656069
 0.7678683  0.7639755  0.76617146 0.75146985 0.76887286 0.7736447
 0.7674588  0.77363753 0.7632433  0.77098435 0.7671678  0.7646656
 0.76101696 0.76292956 0.7546453  0.7646855  0.7667073  0.769439
 0.76511633 0.7612467  0.7624068  0.7668261  0.76498187 0.770717
 0.7673174  0.76578677 0.7596081  0.76976323 0.76851743 0.7638229
 0.7606447  0.7775236  0.7750269  0.77401966 0.76382196 0.77349937
 0.77507466 0.7639744  0.7624578  0.7677782  0.7660128  0.76485616
 0.7625711  0.77457404 0.770051   0.76893324 0.767764   0.7643904
 0.76051575 0.7618048  0.7662989  0.757447   0.7703739  0.7689616
 0.7726658  0.7635481  0.7600422  0.7736075  0.7678042  0.77081746
 0.7688793  0.7710352  0.75866616 0.76361257 0.76583993 0.7744109
 0.77395177 0.76466334 0.77487975 0.76450807 0.7632817  0.7753313
 0.7690221  0.7748716  0.7769614  0.76353204 0.7564363  0.7666839
 0.76008564 0.7710549  0.7724019  0.76221716 0.7648485  0.7721415
 0.7706469  0.76847184 0.75801015 0.76612234 0.7586417  0.76684564
 0.77087975 0.77554893 0.7642603  0.7670792  0.75904715 0.7701258
 0.7599365  0.7674937  0.76986223 0.7696855  0.7771689  0.77162385
 0.76843685 0.76617146 0.76910925 0.7685877  0.75979954 0.766536
 0.7628346  0.76696986 0.7602004  0.76530445 0.7657304  0.7639578
 0.7683961  0.7661341  0.7589288  0.766436   0.76193    0.7653035
 0.7631053  0.7676882  0.7710593  0.7672464  0.76173025 0.76953787
 0.75848633 0.7666287  0.761613   0.76694673 0.77233726 0.76382184
 0.7644365  0.7684094  0.76856655 0.76594317 0.7660078  0.7715545
 0.7736364  0.75939274 0.7629148  0.7634243  0.7655791  0.762969
 0.76424634 0.7671012  0.76530516 0.7673309  0.7608055  0.7571583
 0.76236373 0.76316744 0.7670496  0.7728607  0.76756316 0.76652783
 0.76744294 0.76002777 0.7696414  0.7709191  0.7684474  0.7621719
 0.7655556  0.7738911  0.7671099  0.7652028  0.7614489  0.76647407
 0.7637207  0.77156806 0.76218724 0.757866   0.7673961  0.760345
 0.7725789  0.76747954]
[nltk_data] Downloading package wordnet to /mnt/iusers01/fse-
[nltk_data]     ugpgt01/compsci01/q12628ct/nltk_data...
[nltk_data]   Package wordnet is already up-to-date!
[nltk_data] Downloading package punkt_tab to /mnt/iusers01/fse-
[nltk_data]     ugpgt01/compsci01/q12628ct/nltk_data...
[nltk_data]   Package punkt_tab is already up-to-date!
[nltk_data] Downloading package omw-1.4 to /mnt/iusers01/fse-
[nltk_data]     ugpgt01/compsci01/q12628ct/nltk_data...
[nltk_data]   Package omw-1.4 is already up-to-date!
/mnt/iusers01/fse-ugpgt01/compsci01/q12628ct/.conda/envs/semantic-decoding/lib/python3.10/site-packages/huggingface_hub/file_download.py:945: FutureWarning: `resume_download` is deprecated and will be removed in version 1.0.0. Downloads always resume when possible. If you want to force a new download, use `force_download=True`.
  warnings.warn(
Some weights of the model checkpoint at roberta-large were not used when initializing RobertaModel: ['lm_head.dense.weight', 'lm_head.layer_norm.weight', 'lm_head.dense.bias', 'lm_head.layer_norm.bias', 'lm_head.bias']
- This IS expected if you are initializing RobertaModel from the checkpoint of a model trained on another task or with another architecture (e.g. initializing a BertForSequenceClassification model from a BertForPreTraining model).
- This IS NOT expected if you are initializing RobertaModel from the checkpoint of a model that you expect to be exactly identical (initializing a BertForSequenceClassification model from a BertForSequenceClassification model).
Some weights of RobertaModel were not initialized from the model checkpoint at roberta-large and are newly initialized: ['roberta.pooler.dense.weight', 'roberta.pooler.dense.bias']
You should probably TRAIN this model on a down-stream task to be able to use it for predictions and inference.
charlie
WER
[ 0.01910828  0.01273885  0.02547771  0.          0.00636943  0.00636943
  0.01910828  0.01273885  0.01273885  0.00636943  0.01910828  0.02547771
  0.00636943  0.01910828  0.01910828  0.02547771  0.00636943  0.02547771
  0.01273885  0.00636943  0.02547771  0.00636943  0.00636943  0.03821656
  0.          0.01273885  0.02547771  0.          0.06369427  0.01910828
  0.01910828  0.01273885  0.00636943  0.01273885  0.02547771  0.00636943
  0.01273885  0.00636943  0.01910828  0.00636943  0.          0.02547771
  0.          0.01910828  0.01910828  0.01273885 -0.00636943  0.
  0.01273885  0.01910828  0.01910828  0.03184713  0.00636943  0.00636943
  0.01273885  0.01910828  0.01910828  0.01273885  0.00636943  0.00636943
  0.          0.01273885  0.01910828  0.01273885  0.00636943  0.00636943
  0.01910828  0.02547771  0.01910828  0.01273885  0.00636943  0.00636943
  0.01910828  0.00636943  0.00636943  0.00636943 -0.00636943  0.01910828
  0.02547771  0.01910828  0.01273885  0.02547771  0.02547771  0.
  0.05095541  0.02547771  0.          0.01910828  0.          0.00636943
  0.          0.00636943  0.00636943  0.02547771  0.02547771  0.01273885
  0.00636943  0.03184713  0.01910828  0.02547771  0.00636943  0.01273885
  0.          0.03184713  0.00636943  0.01273885  0.01273885  0.01273885
  0.          0.01910828  0.01910828  0.01910828  0.00636943  0.00636943
  0.00636943  0.          0.02547771  0.02547771  0.00636943  0.01273885
  0.00636943  0.03184713  0.02547771  0.01273885  0.03184713  0.00636943
  0.00636943  0.01910828  0.00636943  0.01273885  0.01910828  0.00636943
  0.01910828  0.01273885  0.01273885  0.01273885  0.03821656  0.01910828
  0.01273885  0.02547771  0.00636943  0.03184713  0.02547771  0.01910828
  0.00636943  0.          0.01910828  0.01273885  0.01273885  0.00636943
  0.00636943  0.          0.01273885  0.01273885  0.01910828  0.00636943
  0.01273885  0.01273885  0.01910828  0.01273885  0.03184713  0.02547771
  0.01273885  0.01910828  0.01910828  0.01273885  0.01910828  0.01910828
  0.01273885  0.02547771  0.03184713  0.02547771  0.          0.01910828
  0.          0.02547771  0.00636943  0.01910828  0.01910828  0.01910828
  0.00636943  0.01910828  0.          0.01273885  0.00636943  0.01273885
  0.03184713  0.01273885  0.03184713  0.01273885  0.00636943  0.00636943
  0.01910828  0.01910828  0.01273885  0.01273885  0.02547771  0.00636943
  0.01910828  0.01273885]
charlie
BLEU
[0.30188679 0.31446541 0.32704403 0.27044025 0.30188679 0.3081761
 0.28930818 0.33962264 0.27044025 0.28301887 0.30188679 0.37106918
 0.33333333 0.25786164 0.28301887 0.35849057 0.24528302 0.29559748
 0.24528302 0.27044025 0.27672956 0.30188679 0.3081761  0.33333333
 0.26415094 0.3081761  0.32075472 0.28301887 0.32704403 0.23899371
 0.26415094 0.3081761  0.32075472 0.33333333 0.28930818 0.32075472
 0.31446541 0.28930818 0.33333333 0.22641509 0.29559748 0.29559748
 0.25786164 0.3081761  0.30188679 0.31446541 0.28301887 0.30188679
 0.3081761  0.28930818 0.31446541 0.32075472 0.30188679 0.3081761
 0.25157233 0.25786164 0.28930818 0.28301887 0.29559748 0.34591195
 0.3081761  0.30188679 0.27672956 0.25157233 0.26415094 0.31446541
 0.32704403 0.3081761  0.29559748 0.28301887 0.25157233 0.27672956
 0.32704403 0.27672956 0.29559748 0.27044025 0.27672956 0.35849057
 0.3081761  0.31446541 0.3081761  0.33333333 0.30188679 0.25157233
 0.34591195 0.28301887 0.25786164 0.27672956 0.26415094 0.27672956
 0.32075472 0.31446541 0.3081761  0.32075472 0.27672956 0.28930818
 0.30188679 0.3081761  0.30188679 0.27044025 0.28930818 0.31446541
 0.31446541 0.28930818 0.3081761  0.32704403 0.32704403 0.31446541
 0.32075472 0.31446541 0.28930818 0.29559748 0.25786164 0.28930818
 0.25786164 0.32704403 0.28930818 0.33333333 0.3081761  0.28930818
 0.33962264 0.30188679 0.31446541 0.27044025 0.32075472 0.27672956
 0.32075472 0.3081761  0.29559748 0.2327044  0.32704403 0.28930818
 0.25157233 0.29559748 0.3081761  0.29559748 0.31446541 0.36477987
 0.27672956 0.33333333 0.30188679 0.30188679 0.29559748 0.32075472
 0.28301887 0.30188679 0.31446541 0.33333333 0.30188679 0.33333333
 0.27672956 0.27672956 0.28301887 0.33333333 0.29559748 0.31446541
 0.33333333 0.32704403 0.27672956 0.30188679 0.36477987 0.28301887
 0.25786164 0.28301887 0.3081761  0.29559748 0.35849057 0.3081761
 0.28301887 0.33962264 0.27044025 0.30188679 0.2327044  0.28301887
 0.27672956 0.33333333 0.28930818 0.33333333 0.31446541 0.25786164
 0.30188679 0.31446541 0.28301887 0.32704403 0.32704403 0.31446541
 0.28301887 0.29559748 0.32075472 0.32704403 0.33333333 0.27044025
 0.26415094 0.29559748 0.3081761  0.27672956 0.32704403 0.27672956
 0.28930818 0.27672956]
charlie
METEOR
[0.18925519 0.2014652  0.22463677 0.19521089 0.18031785 0.195241
 0.18326206 0.2315826  0.19202427 0.19203868 0.19829164 0.25855043
 0.1985339  0.18292683 0.1801551  0.22589476 0.17726161 0.18948655
 0.15558267 0.18875515 0.18948655 0.1893708  0.18643032 0.20782396
 0.19242517 0.19203868 0.20439292 0.20119778 0.21978022 0.19242517
 0.17371808 0.20769701 0.20757021 0.20782396 0.195241   0.21009986
 0.19826579 0.1984127  0.2006079  0.15853659 0.18620269 0.22841199
 0.17378049 0.2014652  0.1893708  0.20171149 0.19521089 0.20109689
 0.21288937 0.18631643 0.18925519 0.21646341 0.22102533 0.22256665
 0.17672151 0.19512195 0.18608908 0.19215592 0.21862624 0.21036585
 0.20489297 0.20966344 0.1799878  0.18299046 0.18303844 0.2008521
 0.21367521 0.19254279 0.18597561 0.20439292 0.17083588 0.1856581
 0.24065054 0.17960618 0.18913972 0.17682927 0.19219036 0.21672602
 0.1953602  0.21590634 0.21010962 0.20437536 0.21271924 0.16666667
 0.23506305 0.17682927 0.20073893 0.18597561 0.19120565 0.20317953
 0.21207307 0.1893708  0.18643032 0.18337408 0.20743005 0.20660735
 0.19183922 0.18883944 0.18898548 0.17083588 0.18321417 0.1984127
 0.2045177  0.17399267 0.19254279 0.21010962 0.19547954 0.19239082
 0.19219036 0.21340893 0.20450021 0.21659371 0.16188149 0.19512195
 0.17378049 0.21023766 0.17693716 0.21978232 0.1946472  0.19865526
 0.2360642  0.18925519 0.18608908 0.18604571 0.19559902 0.17125382
 0.2410921  0.20730349 0.22812571 0.15558267 0.20158827 0.17987805
 0.18303844 0.18631643 0.20475036 0.19219036 0.21017575 0.24691943
 0.20049428 0.21923083 0.19804067 0.21964814 0.21366966 0.19571865
 0.17693716 0.22005117 0.23424565 0.19230769 0.20364742 0.21991666
 0.18608908 0.19183922 0.18315018 0.21380026 0.18620269 0.19804997
 0.22855152 0.23370586 0.18913972 0.19533014 0.26057094 0.18913972
 0.17655632 0.19242517 0.19172246 0.19207317 0.21659549 0.20144359
 0.17399267 0.21075137 0.17672151 0.2014652  0.17087279 0.19509179
 0.17987805 0.22283272 0.1799878  0.22561911 0.20985401 0.17715333
 0.19500305 0.2104942  0.19203868 0.22283857 0.2189781  0.20757021
 0.18944783 0.1802077  0.20757021 0.21276596 0.21075137 0.19266055
 0.17378049 0.22493985 0.21923083 0.18292683 0.19838691 0.18597561
 0.18910085 0.19544954]
charlie
BERT
[0.7611771  0.7621539  0.7687811  0.763332   0.7710871  0.77585554
 0.77296233 0.76200676 0.7652528  0.76101273 0.7593036  0.76929986
 0.76716506 0.7617624  0.76209164 0.77059174 0.7689652  0.7665386
 0.7635249  0.7594068  0.7698059  0.76368076 0.768614   0.7682381
 0.763145   0.76541495 0.77031803 0.76390976 0.76571137 0.7609629
 0.7656671  0.7774106  0.7653367  0.76679593 0.76582646 0.763699
 0.7650584  0.7641851  0.7611988  0.76436615 0.75910234 0.76632786
 0.7684157  0.75727904 0.77520126 0.77230924 0.7596102  0.7574606
 0.7691483  0.7590581  0.763983   0.7672787  0.7736126  0.7650522
 0.76382923 0.76424277 0.7631738  0.76925087 0.77080905 0.7719737
 0.77286553 0.76494896 0.76963997 0.7567042  0.7708736  0.76805425
 0.76913655 0.7678888  0.766059   0.763764   0.7592204  0.7598128
 0.7676673  0.760386   0.760548   0.7643273  0.76753044 0.7670942
 0.759884   0.76414376 0.77481335 0.76832926 0.7612635  0.76303196
 0.7718919  0.76732355 0.7658915  0.76482755 0.7654332  0.76299775
 0.76490813 0.75989974 0.77195853 0.7707623  0.77266014 0.76894486
 0.755592   0.766425   0.7688958  0.7674664  0.7667006  0.76209813
 0.7619934  0.7719276  0.76998633 0.76310277 0.7637234  0.75936615
 0.767357   0.76662064 0.76412606 0.7696983  0.7661106  0.7732071
 0.7676424  0.76116264 0.76086855 0.76545036 0.7679705  0.765165
 0.7650725  0.76541716 0.7669041  0.7572788  0.7631514  0.7625601
 0.7701075  0.76393557 0.76387596 0.75562805 0.7619397  0.76195276
 0.76171064 0.76690865 0.7725232  0.75862604 0.7722759  0.7718088
 0.7684252  0.7641566  0.7656704  0.76547414 0.7646911  0.7756367
 0.7645828  0.7697495  0.7682423  0.76602983 0.76341486 0.7736137
 0.7664469  0.7593224  0.7556252  0.77414    0.7656548  0.76723737
 0.7709175  0.7661911  0.7599424  0.7728218  0.7723408  0.773272
 0.7594241  0.7638719  0.7661891  0.7623224  0.7745073  0.7709433
 0.7680018  0.7674116  0.7677939  0.7635337  0.76628566 0.7572161
 0.75842535 0.7685632  0.763052   0.7650514  0.76593554 0.7663577
 0.75208986 0.77002406 0.76828706 0.7734046  0.7686018  0.76807
 0.7728598  0.77763236 0.7670874  0.77608854 0.77171403 0.76279545
 0.7609843  0.764543   0.7649245  0.76265025 0.7711911  0.7657766
 0.7702426  0.77173877]
[nltk_data] Downloading package wordnet to /mnt/iusers01/fse-
[nltk_data]     ugpgt01/compsci01/q12628ct/nltk_data...
[nltk_data]   Package wordnet is already up-to-date!
[nltk_data] Downloading package punkt_tab to /mnt/iusers01/fse-
[nltk_data]     ugpgt01/compsci01/q12628ct/nltk_data...
[nltk_data]   Package punkt_tab is already up-to-date!
[nltk_data] Downloading package omw-1.4 to /mnt/iusers01/fse-
[nltk_data]     ugpgt01/compsci01/q12628ct/nltk_data...
[nltk_data]   Package omw-1.4 is already up-to-date!
/mnt/iusers01/fse-ugpgt01/compsci01/q12628ct/.conda/envs/semantic-decoding/lib/python3.10/site-packages/huggingface_hub/file_download.py:945: FutureWarning: `resume_download` is deprecated and will be removed in version 1.0.0. Downloads always resume when possible. If you want to force a new download, use `force_download=True`.
  warnings.warn(
Some weights of the model checkpoint at roberta-large were not used when initializing RobertaModel: ['lm_head.layer_norm.weight', 'lm_head.dense.bias', 'lm_head.dense.weight', 'lm_head.layer_norm.bias', 'lm_head.bias']
- This IS expected if you are initializing RobertaModel from the checkpoint of a model trained on another task or with another architecture (e.g. initializing a BertForSequenceClassification model from a BertForPreTraining model).
- This IS NOT expected if you are initializing RobertaModel from the checkpoint of a model that you expect to be exactly identical (initializing a BertForSequenceClassification model from a BertForSequenceClassification model).
Some weights of RobertaModel were not initialized from the model checkpoint at roberta-large and are newly initialized: ['roberta.pooler.dense.weight', 'roberta.pooler.dense.bias']
You should probably TRAIN this model on a down-stream task to be able to use it for predictions and inference.
charlie
WER
[ 0.          0.01910828  0.01910828 -0.01273885 -0.01910828  0.00636943
  0.00636943  0.         -0.01273885 -0.00636943  0.01273885 -0.00636943
 -0.00636943 -0.01910828  0.         -0.01273885  0.          0.00636943
 -0.00636943 -0.00636943 -0.00636943 -0.00636943 -0.01910828  0.
  0.01910828 -0.01910828  0.01910828 -0.01273885  0.01273885  0.
 -0.01910828 -0.01273885 -0.01910828 -0.01910828 -0.00636943 -0.01273885
 -0.01273885  0.         -0.01273885  0.         -0.01273885 -0.01273885
  0.         -0.00636943  0.         -0.00636943 -0.00636943  0.00636943
 -0.01273885 -0.01910828 -0.00636943  0.01910828 -0.00636943 -0.01273885
 -0.01273885 -0.00636943 -0.00636943 -0.00636943  0.01273885 -0.01273885
 -0.01273885 -0.00636943 -0.01273885 -0.00636943  0.00636943 -0.00636943
 -0.00636943  0.02547771  0.01273885  0.          0.         -0.00636943
 -0.01910828 -0.01273885 -0.01273885 -0.02547771 -0.01910828  0.01273885
 -0.00636943 -0.00636943 -0.01273885  0.00636943 -0.00636943 -0.01273885
  0.00636943 -0.00636943  0.          0.00636943 -0.02547771  0.
 -0.00636943 -0.01910828  0.02547771 -0.01273885 -0.01273885 -0.02547771
  0.          0.00636943  0.         -0.00636943  0.         -0.01910828
 -0.01910828  0.00636943 -0.01273885 -0.00636943  0.01273885 -0.00636943
 -0.01273885  0.          0.00636943  0.00636943  0.00636943  0.01273885
 -0.00636943  0.00636943  0.00636943  0.         -0.01273885  0.01273885
  0.00636943 -0.01910828 -0.00636943  0.01910828  0.00636943 -0.00636943
  0.00636943 -0.01910828  0.         -0.01910828 -0.00636943  0.01910828
  0.01273885  0.00636943 -0.00636943 -0.00636943  0.         -0.00636943
  0.01273885 -0.01273885 -0.01273885  0.00636943  0.         -0.00636943
  0.00636943 -0.02547771 -0.01273885  0.00636943  0.         -0.01273885
  0.00636943  0.          0.          0.          0.          0.01273885
 -0.00636943  0.01273885 -0.01273885  0.          0.00636943  0.02547771
 -0.01910828 -0.00636943 -0.01910828 -0.00636943  0.00636943  0.00636943
 -0.01273885 -0.00636943  0.00636943 -0.01910828 -0.00636943  0.00636943
 -0.01273885 -0.00636943 -0.00636943  0.00636943 -0.01273885 -0.01273885
 -0.01273885  0.00636943 -0.01273885 -0.00636943 -0.00636943  0.
  0.00636943 -0.00636943  0.01273885 -0.00636943 -0.01910828  0.01273885
  0.         -0.01273885  0.00636943  0.01910828  0.00636943  0.
 -0.00636943 -0.00636943]
charlie
BLEU
[0.3597561  0.28658537 0.32317073 0.26219512 0.29878049 0.28658537
 0.30487805 0.34146341 0.29268293 0.31707317 0.30487805 0.26829268
 0.32317073 0.30487805 0.29268293 0.26219512 0.2804878  0.29268293
 0.34146341 0.31707317 0.27439024 0.27439024 0.34756098 0.26829268
 0.32317073 0.23780488 0.27439024 0.2804878  0.31707317 0.29878049
 0.25609756 0.29878049 0.2804878  0.26219512 0.28658537 0.26829268
 0.26219512 0.32317073 0.29268293 0.29268293 0.28658537 0.29268293
 0.2804878  0.31097561 0.2804878  0.26829268 0.34756098 0.27439024
 0.28658537 0.28658537 0.29268293 0.34146341 0.31707317 0.28658537
 0.28658537 0.28658537 0.30487805 0.28658537 0.33536585 0.30487805
 0.29878049 0.26219512 0.32317073 0.31097561 0.35365854 0.31097561
 0.30487805 0.27439024 0.31707317 0.30487805 0.30487805 0.32926829
 0.26829268 0.23780488 0.31707317 0.25       0.29878049 0.35365854
 0.2804878  0.29268293 0.25609756 0.29878049 0.29878049 0.29268293
 0.28658537 0.31707317 0.30487805 0.27439024 0.26829268 0.29268293
 0.27439024 0.26829268 0.32317073 0.27439024 0.34146341 0.27439024
 0.34146341 0.26829268 0.27439024 0.31097561 0.31707317 0.26829268
 0.23780488 0.30487805 0.26829268 0.30487805 0.32317073 0.33536585
 0.2195122  0.32317073 0.29878049 0.33536585 0.2804878  0.29878049
 0.26829268 0.31097561 0.27439024 0.30487805 0.32317073 0.31097561
 0.31707317 0.27439024 0.31097561 0.33536585 0.28658537 0.29878049
 0.32926829 0.25609756 0.32926829 0.29878049 0.32317073 0.31097561
 0.32317073 0.32926829 0.25609756 0.30487805 0.32317073 0.30487805
 0.28658537 0.31707317 0.31097561 0.2804878  0.2195122  0.32926829
 0.31097561 0.26219512 0.26219512 0.29268293 0.28658537 0.31097561
 0.31707317 0.33536585 0.31097561 0.27439024 0.27439024 0.28658537
 0.31707317 0.33536585 0.31707317 0.26829268 0.32926829 0.30487805
 0.29878049 0.33536585 0.27439024 0.26829268 0.31707317 0.34146341
 0.29268293 0.30487805 0.26829268 0.31707317 0.32317073 0.30487805
 0.27439024 0.26829268 0.32317073 0.32317073 0.25609756 0.28658537
 0.30487805 0.30487805 0.29268293 0.34146341 0.30487805 0.36585366
 0.31707317 0.2804878  0.26219512 0.29268293 0.31097561 0.32317073
 0.32317073 0.30487805 0.31707317 0.29878049 0.2804878  0.32317073
 0.23780488 0.26219512]
charlie
METEOR
[0.23100304 0.20692473 0.20072993 0.19145462 0.20643594 0.22744002
 0.20643594 0.21580547 0.20083019 0.1946472  0.20997191 0.19719692
 0.22175485 0.19195612 0.19973541 0.17906059 0.21009986 0.21551211
 0.22161497 0.20083019 0.1889092  0.19110588 0.22771688 0.21263054
 0.21911138 0.16707169 0.18586228 0.18586228 0.21869677 0.18856448
 0.17672151 0.18496058 0.18547953 0.18281536 0.20377129 0.19754219
 0.17356882 0.22466604 0.17356882 0.21341463 0.196718   0.206673
 0.20958898 0.21289538 0.19476567 0.1788963  0.21302495 0.18541033
 0.19730217 0.19160584 0.20325856 0.23048694 0.21263054 0.20400173
 0.19780889 0.19804997 0.17639903 0.17661389 0.19768856 0.21263054
 0.18864019 0.18586228 0.20972644 0.19195612 0.20364742 0.20338204
 0.19172246 0.18203883 0.18856448 0.21606817 0.19488429 0.20947177
 0.19754219 0.16737675 0.23461304 0.18822101 0.19160584 0.24304318
 0.20705083 0.1946472  0.18887024 0.22811481 0.19172246 0.20597975
 0.22480286 0.22506983 0.21564336 0.19452888 0.18188009 0.21564336
 0.20268637 0.1795496  0.23391988 0.1881068  0.23449007 0.18259282
 0.23643644 0.21009986 0.18563603 0.19160584 0.23629289 0.18281536
 0.19157114 0.2252069  0.17021277 0.19792935 0.21619774 0.21541262
 0.15206813 0.20072993 0.21843071 0.24311601 0.18525402 0.20340012
 0.18525402 0.2006079  0.19754219 0.22202479 0.21263054 0.21009986
 0.18586228 0.19485402 0.19473535 0.22560976 0.19183922 0.20000675
 0.22811481 0.18210108 0.23076751 0.21897971 0.21567436 0.21858059
 0.2006079  0.22479618 0.17062767 0.19817073 0.19768856 0.20058587
 0.19183922 0.20668693 0.19195612 0.19743726 0.19090909 0.22839283
 0.18856448 0.17927843 0.17965895 0.20375341 0.19125683 0.20377129
 0.22216001 0.21884651 0.20072993 0.1795496  0.19485402 0.19744836
 0.21315469 0.21314883 0.20681265 0.16949153 0.22202479 0.19441069
 0.20656136 0.20097442 0.17335766 0.18552311 0.20706456 0.22107674
 0.19476567 0.19804997 0.18586228 0.21593674 0.21858059 0.20350568
 0.18473652 0.18496058 0.22687685 0.22797605 0.17650639 0.21195805
 0.20958898 0.21606607 0.17944039 0.21289538 0.22811481 0.23434727
 0.20719074 0.1977828  0.17922236 0.21271924 0.19476567 0.21924659
 0.24267264 0.21580322 0.20401949 0.21527943 0.18563603 0.20971647
 0.17045628 0.20058587]
charlie
BERT
[0.77223504 0.7665255  0.7674382  0.7550854  0.7661158  0.76278293
 0.7643862  0.7709663  0.77070796 0.7720301  0.77394545 0.76516986
 0.7683339  0.7677359  0.76812017 0.76043165 0.76818997 0.76561034
 0.7607017  0.7712362  0.75946516 0.7623665  0.7584064  0.7623943
 0.76905525 0.76476955 0.7672906  0.7706048  0.7665241  0.76476014
 0.76361215 0.76305556 0.7650732  0.76003325 0.76862013 0.7716986
 0.76762223 0.77245164 0.76135087 0.7710222  0.76377    0.769176
 0.7613679  0.7616431  0.76926756 0.76201624 0.77214694 0.7618611
 0.76431024 0.7610433  0.7687846  0.7758031  0.76482975 0.7704947
 0.7616573  0.76602304 0.76630515 0.7612298  0.7658192  0.7697513
 0.7640508  0.7651868  0.76349485 0.76850325 0.76722056 0.7616656
 0.77159786 0.76405317 0.7685729  0.77194875 0.7666075  0.76450694
 0.7708079  0.7602846  0.7656366  0.7640221  0.76780164 0.76655436
 0.77279466 0.76505244 0.76829815 0.7699821  0.7559607  0.76311386
 0.7664724  0.76811194 0.77275    0.7720647  0.7660099  0.7648344
 0.7688416  0.7623189  0.76457554 0.7659786  0.769639   0.7719673
 0.77468324 0.7700778  0.7635807  0.7708425  0.7699691  0.7705597
 0.7591611  0.77514666 0.7624737  0.76942766 0.7690942  0.76702046
 0.76295567 0.76311946 0.76287055 0.77362037 0.76158524 0.7638573
 0.76667005 0.7722914  0.7708776  0.7613698  0.76703405 0.76592064
 0.76621234 0.7664604  0.7686573  0.77013636 0.7682707  0.7726067
 0.7649879  0.7669281  0.7633672  0.7767736  0.76356614 0.7679179
 0.76599634 0.7663471  0.76149046 0.76591706 0.7664859  0.77489746
 0.7644049  0.76078063 0.76257133 0.76872015 0.7615492  0.77407193
 0.7681019  0.7708481  0.7680534  0.7603876  0.763211   0.76464957
 0.76811713 0.7673971  0.7704229  0.75976044 0.76049846 0.75941473
 0.768486   0.7664686  0.7648796  0.764864   0.77049965 0.76637125
 0.7665881  0.7705991  0.7635901  0.7715134  0.7715121  0.77016616
 0.7633082  0.7728964  0.76309776 0.7714859  0.7616066  0.7680047
 0.76782227 0.77029    0.76579976 0.7609417  0.7612634  0.7713665
 0.76768464 0.76912886 0.76085126 0.7600916  0.7673616  0.7748193
 0.77269566 0.7677678  0.7675276  0.7705512  0.77816427 0.7702152
 0.7622202  0.76361096 0.7746097  0.7633366  0.7635642  0.7634202
 0.7657612  0.76970065]
[nltk_data] Downloading package wordnet to /mnt/iusers01/fse-
[nltk_data]     ugpgt01/compsci01/q12628ct/nltk_data...
[nltk_data]   Package wordnet is already up-to-date!
[nltk_data] Downloading package punkt_tab to /mnt/iusers01/fse-
[nltk_data]     ugpgt01/compsci01/q12628ct/nltk_data...
[nltk_data]   Package punkt_tab is already up-to-date!
[nltk_data] Downloading package omw-1.4 to /mnt/iusers01/fse-
[nltk_data]     ugpgt01/compsci01/q12628ct/nltk_data...
[nltk_data]   Package omw-1.4 is already up-to-date!
/mnt/iusers01/fse-ugpgt01/compsci01/q12628ct/.conda/envs/semantic-decoding/lib/python3.10/site-packages/huggingface_hub/file_download.py:945: FutureWarning: `resume_download` is deprecated and will be removed in version 1.0.0. Downloads always resume when possible. If you want to force a new download, use `force_download=True`.
  warnings.warn(
Some weights of the model checkpoint at roberta-large were not used when initializing RobertaModel: ['lm_head.layer_norm.weight', 'lm_head.bias', 'lm_head.dense.weight', 'lm_head.dense.bias', 'lm_head.layer_norm.bias']
- This IS expected if you are initializing RobertaModel from the checkpoint of a model trained on another task or with another architecture (e.g. initializing a BertForSequenceClassification model from a BertForPreTraining model).
- This IS NOT expected if you are initializing RobertaModel from the checkpoint of a model that you expect to be exactly identical (initializing a BertForSequenceClassification model from a BertForSequenceClassification model).
Some weights of RobertaModel were not initialized from the model checkpoint at roberta-large and are newly initialized: ['roberta.pooler.dense.weight', 'roberta.pooler.dense.bias']
You should probably TRAIN this model on a down-stream task to be able to use it for predictions and inference.
charlie
WER
[-0.00636943  0.01910828  0.02547771  0.01273885  0.00636943  0.01910828
  0.01910828  0.          0.01910828  0.01910828  0.03184713  0.03184713
  0.          0.01910828  0.01273885  0.          0.01910828  0.01910828
  0.         -0.00636943  0.02547771  0.00636943  0.00636943  0.03184713
  0.01273885  0.00636943  0.02547771  0.01910828  0.          0.
  0.00636943  0.00636943  0.02547771  0.00636943 -0.00636943  0.01910828
  0.01273885 -0.01273885  0.00636943  0.01273885  0.00636943  0.01910828
  0.01273885  0.01273885  0.00636943  0.01273885  0.04458599  0.
  0.01910828  0.00636943  0.03184713  0.00636943  0.02547771  0.00636943
  0.00636943  0.          0.00636943  0.02547771  0.01910828  0.
  0.01910828  0.00636943  0.01273885  0.01910828  0.          0.01273885
  0.00636943  0.01910828  0.01273885  0.          0.01910828  0.01273885
  0.          0.00636943  0.01273885  0.01910828  0.01910828  0.01273885
  0.          0.01910828 -0.00636943  0.00636943  0.01910828  0.02547771
  0.00636943  0.01910828  0.         -0.01273885  0.02547771  0.00636943
  0.02547771  0.00636943  0.          0.00636943  0.02547771  0.
  0.          0.00636943 -0.00636943  0.00636943  0.00636943  0.01273885
  0.00636943  0.          0.00636943  0.01910828  0.00636943  0.01273885
  0.00636943  0.02547771  0.01910828  0.01273885  0.01273885  0.02547771
  0.02547771 -0.00636943  0.01910828  0.01910828  0.02547771  0.01273885
  0.01910828  0.01273885  0.          0.          0.00636943  0.
  0.01910828  0.00636943  0.00636943  0.01273885  0.00636943  0.01910828
  0.01273885  0.01910828 -0.00636943  0.00636943  0.01273885  0.00636943
  0.01910828  0.01910828  0.          0.          0.01910828  0.01910828
  0.00636943  0.00636943  0.01273885  0.01910828  0.02547771  0.01273885
  0.00636943  0.00636943  0.01273885  0.01273885  0.00636943  0.01273885
  0.00636943 -0.00636943  0.01273885  0.01273885  0.          0.01910828
  0.01910828  0.01273885  0.00636943  0.01910828  0.01273885  0.00636943
  0.03184713  0.          0.01910828  0.01273885  0.01273885  0.03184713
  0.00636943  0.01273885  0.01910828  0.          0.          0.01910828
  0.01273885 -0.00636943 -0.00636943  0.02547771  0.01910828  0.01910828
  0.00636943  0.          0.01273885  0.00636943  0.01910828  0.01273885
  0.          0.00636943  0.00636943  0.00636943  0.          0.00636943
  0.          0.02547771]
charlie
BLEU
[0.30625 0.3     0.3375  0.25    0.2625  0.325   0.29375 0.3375  0.30625
 0.31875 0.26875 0.3     0.2875  0.325   0.31875 0.25    0.325   0.275
 0.28125 0.35    0.2625  0.3375  0.325   0.35625 0.3125  0.34375 0.29375
 0.31875 0.35    0.29375 0.28125 0.29375 0.325   0.29375 0.31875 0.33125
 0.35    0.275   0.3125  0.28125 0.29375 0.3375  0.34375 0.26875 0.3
 0.30625 0.31875 0.25    0.31875 0.29375 0.2875  0.3125  0.31875 0.3
 0.2875  0.24375 0.25625 0.2875  0.26875 0.33125 0.3     0.29375 0.2875
 0.30625 0.29375 0.275   0.31875 0.26875 0.29375 0.25625 0.29375 0.3125
 0.2875  0.3375  0.26875 0.3     0.275   0.31875 0.2625  0.31875 0.33125
 0.29375 0.33125 0.35    0.35    0.3125  0.25    0.275   0.3125  0.3375
 0.33125 0.25    0.3125  0.325   0.3375  0.30625 0.275   0.2875  0.28125
 0.2875  0.33125 0.29375 0.34375 0.2875  0.26875 0.29375 0.3125  0.325
 0.25625 0.30625 0.2875  0.35625 0.2875  0.33125 0.24375 0.225   0.3125
 0.33125 0.2875  0.26875 0.31875 0.3375  0.325   0.30625 0.25625 0.30625
 0.3375  0.3375  0.31875 0.28125 0.2625  0.325   0.31875 0.3375  0.26875
 0.25625 0.2625  0.33125 0.3125  0.29375 0.24375 0.34375 0.33125 0.3125
 0.3375  0.25625 0.30625 0.26875 0.3125  0.30625 0.3     0.25625 0.26875
 0.31875 0.3375  0.33125 0.33125 0.28125 0.325   0.34375 0.29375 0.25625
 0.325   0.33125 0.31875 0.2625  0.30625 0.30625 0.28125 0.2375  0.29375
 0.28125 0.2875  0.28125 0.3125  0.3125  0.3125  0.3375  0.3     0.3375
 0.2875  0.25    0.29375 0.33125 0.34375 0.33125 0.30625 0.3     0.31875
 0.29375 0.275   0.35    0.3     0.25625 0.275   0.31875 0.2875  0.2625
 0.275   0.3    ]
charlie
METEOR
[0.20401949 0.18259282 0.20121951 0.17361216 0.22624686 0.20744356
 0.17655632 0.22216001 0.18604571 0.20933447 0.18593219 0.20743005
 0.19817073 0.19242517 0.19792935 0.1614869  0.18604571 0.20685947
 0.20692473 0.22602321 0.18009768 0.20730349 0.21964814 0.24952284
 0.19521089 0.23449007 0.19814482 0.20362947 0.22560976 0.19207317
 0.18913972 0.19533014 0.20072993 0.19838691 0.20401949 0.22575685
 0.2252069  0.17677177 0.19254279 0.19230769 0.19512195 0.22243094
 0.24065054 0.17672151 0.20971647 0.19219036 0.22562732 0.18287882
 0.19219036 0.21234626 0.2396945  0.18913972 0.22256665 0.19488429
 0.1953602  0.18581882 0.16717325 0.2045177  0.17987805 0.22548154
 0.18925519 0.18608908 0.20025022 0.20719074 0.18948655 0.16768293
 0.22548949 0.17944039 0.2014652  0.18541033 0.21297881 0.21314883
 0.17041996 0.22548949 0.19767818 0.21022797 0.17062767 0.20743005
 0.18337408 0.21017575 0.21301902 0.19512195 0.19476567 0.21978022
 0.22838002 0.20414381 0.16737675 0.17715333 0.22449971 0.19219036
 0.21022797 0.18887024 0.20450021 0.24326416 0.22243094 0.18620269
 0.19242517 0.18597561 0.21288937 0.21528841 0.21022797 0.1893708
 0.23063767 0.18948655 0.19168781 0.1953602  0.19183922 0.19254279
 0.20560501 0.20437536 0.18326206 0.21353921 0.20991928 0.22174993
 0.17965895 0.15577276 0.19183922 0.2195122  0.20355097 0.19168781
 0.21646156 0.23363583 0.19804997 0.18631643 0.16198044 0.20731707
 0.21659549 0.21619976 0.1984127  0.19239082 0.16768293 0.21659371
 0.2014652  0.21340893 0.17704518 0.19203868 0.18902439 0.21366966
 0.18615936 0.20387749 0.18321417 0.20426829 0.20744356 0.17715333
 0.1985339  0.17335766 0.20158827 0.18009768 0.20426829 0.20719074
 0.18615936 0.15834348 0.18292683 0.20134228 0.2285192  0.23794997
 0.22161497 0.20046393 0.22869122 0.23730145 0.18608908 0.18552311
 0.22507701 0.21923083 0.20144359 0.16443362 0.2124603  0.20731707
 0.19814482 0.1613053  0.19865526 0.1984127  0.20437536 0.17993513
 0.1984127  0.21062271 0.195241   0.22521434 0.19183922 0.2045177
 0.18620269 0.17672151 0.20417307 0.21380574 0.22893773 0.19817073
 0.2010751  0.19829164 0.20134228 0.21004743 0.18292683 0.21022797
 0.19755765 0.17650639 0.18875515 0.19817073 0.19148936 0.18608908
 0.18872408 0.2120873 ]
charlie
BERT
[0.7687998  0.7643114  0.7609484  0.76015806 0.76411736 0.76689523
 0.7620038  0.7633232  0.76746416 0.76535463 0.7627515  0.7694445
 0.76985884 0.770689   0.7599784  0.7722988  0.76268816 0.76768225
 0.768383   0.7744401  0.76306236 0.77179897 0.7717364  0.769834
 0.76144123 0.7599555  0.76596284 0.7666135  0.76991504 0.7676364
 0.76368684 0.7643119  0.76213807 0.76684976 0.76961505 0.772012
 0.7690267  0.7625335  0.77406245 0.76668847 0.77725965 0.76962626
 0.76713675 0.759405   0.76587796 0.7597318  0.7730522  0.7578116
 0.7653694  0.7659365  0.7614839  0.76988137 0.77321696 0.76739764
 0.765144   0.7638761  0.75944126 0.76783365 0.76583576 0.7636355
 0.76528764 0.7623302  0.76026237 0.773571   0.76873934 0.7645217
 0.7722388  0.7682978  0.76142776 0.7600931  0.7725942  0.76849747
 0.7656977  0.7634566  0.7625981  0.7617419  0.7669865  0.77178276
 0.7622257  0.76469815 0.76441073 0.765127   0.7689245  0.77613366
 0.76681906 0.7710267  0.76792985 0.7658496  0.7626418  0.7665665
 0.7688436  0.76691365 0.7655909  0.7691742  0.7683683  0.7629193
 0.76616025 0.76647574 0.761458   0.7662977  0.7690098  0.76455104
 0.7701405  0.76629215 0.7602951  0.76594335 0.76897043 0.77044
 0.76139605 0.7678565  0.7673388  0.76811403 0.7715169  0.76887465
 0.7604425  0.7609727  0.76247144 0.7735622  0.77300143 0.7602395
 0.7684458  0.76287895 0.76315385 0.7671696  0.7668175  0.7682027
 0.7706454  0.76398337 0.77052253 0.76771253 0.7648512  0.768588
 0.774063   0.77077353 0.76241523 0.77663743 0.7672521  0.7689534
 0.76150775 0.7637179  0.75914854 0.76780736 0.76133525 0.76155
 0.76978856 0.76247585 0.77778304 0.76429266 0.764166   0.76111233
 0.76743746 0.7653574  0.7611146  0.7606162  0.7616214  0.7667905
 0.76152796 0.75903666 0.7722255  0.7721838  0.76559687 0.75952
 0.760161   0.77340806 0.7654118  0.76065856 0.76201093 0.760519
 0.7694131  0.7631088  0.77146494 0.7686105  0.76946014 0.76861286
 0.7706856  0.7657635  0.76993394 0.7704023  0.7641301  0.76279515
 0.7736535  0.76095855 0.7645463  0.7650138  0.76270115 0.76807696
 0.7691848  0.7669615  0.7612598  0.77332866 0.76297545 0.76114947
 0.76736367 0.7663498  0.76481247 0.7652084  0.76849174 0.7578461
 0.77055466 0.75834787]
[nltk_data] Downloading package wordnet to /mnt/iusers01/fse-
[nltk_data]     ugpgt01/compsci01/q12628ct/nltk_data...
[nltk_data]   Package wordnet is already up-to-date!
[nltk_data] Downloading package punkt_tab to /mnt/iusers01/fse-
[nltk_data]     ugpgt01/compsci01/q12628ct/nltk_data...
[nltk_data]   Package punkt_tab is already up-to-date!
[nltk_data] Downloading package omw-1.4 to /mnt/iusers01/fse-
[nltk_data]     ugpgt01/compsci01/q12628ct/nltk_data...
[nltk_data]   Package omw-1.4 is already up-to-date!
/mnt/iusers01/fse-ugpgt01/compsci01/q12628ct/.conda/envs/semantic-decoding/lib/python3.10/site-packages/huggingface_hub/file_download.py:945: FutureWarning: `resume_download` is deprecated and will be removed in version 1.0.0. Downloads always resume when possible. If you want to force a new download, use `force_download=True`.
  warnings.warn(
Some weights of the model checkpoint at roberta-large were not used when initializing RobertaModel: ['lm_head.bias', 'lm_head.layer_norm.weight', 'lm_head.layer_norm.bias', 'lm_head.dense.bias', 'lm_head.dense.weight']
- This IS expected if you are initializing RobertaModel from the checkpoint of a model trained on another task or with another architecture (e.g. initializing a BertForSequenceClassification model from a BertForPreTraining model).
- This IS NOT expected if you are initializing RobertaModel from the checkpoint of a model that you expect to be exactly identical (initializing a BertForSequenceClassification model from a BertForSequenceClassification model).
Some weights of RobertaModel were not initialized from the model checkpoint at roberta-large and are newly initialized: ['roberta.pooler.dense.weight', 'roberta.pooler.dense.bias']
You should probably TRAIN this model on a down-stream task to be able to use it for predictions and inference.
charlie
WER
[-0.00636943  0.          0.00636943  0.01273885  0.          0.
  0.03184713  0.          0.          0.01273885  0.00636943  0.01273885
  0.02547771  0.01910828  0.00636943  0.00636943  0.00636943  0.00636943
  0.00636943  0.01273885  0.00636943  0.01273885  0.01910828  0.00636943
  0.          0.02547771  0.          0.          0.00636943  0.02547771
  0.03184713  0.          0.01910828  0.00636943  0.01273885  0.00636943
  0.03184713  0.00636943  0.          0.00636943  0.00636943 -0.00636943
  0.00636943  0.00636943  0.          0.          0.00636943  0.
  0.          0.03184713  0.01273885  0.01910828  0.01273885  0.
  0.01273885 -0.00636943 -0.00636943  0.00636943  0.01910828  0.
  0.01910828  0.01273885  0.01273885  0.01273885  0.01910828  0.01910828
  0.          0.00636943  0.01273885  0.01273885  0.01273885  0.00636943
  0.01910828  0.00636943  0.01910828  0.00636943 -0.01273885  0.00636943
 -0.00636943  0.00636943  0.01273885  0.          0.01910828 -0.00636943
 -0.00636943  0.03184713  0.00636943  0.00636943  0.01273885 -0.01273885
  0.          0.00636943  0.02547771  0.          0.01910828  0.03184713
  0.00636943  0.01273885  0.00636943  0.01273885 -0.00636943  0.
  0.          0.          0.00636943  0.01273885 -0.00636943  0.01273885
  0.02547771  0.01910828  0.00636943 -0.00636943  0.01273885  0.00636943
  0.00636943  0.          0.01273885 -0.01273885  0.          0.
  0.          0.00636943  0.02547771  0.01910828  0.         -0.00636943
  0.01910828  0.01273885 -0.01273885  0.01273885  0.00636943  0.01273885
  0.00636943  0.01910828  0.00636943  0.00636943  0.01273885  0.
  0.          0.00636943  0.02547771  0.01273885  0.00636943  0.01273885
  0.          0.00636943  0.01273885  0.         -0.01910828  0.02547771
  0.01273885  0.00636943 -0.00636943  0.          0.01273885  0.01910828
  0.01273885  0.00636943  0.01273885  0.02547771  0.          0.
  0.02547771  0.01273885  0.01910828  0.00636943  0.          0.02547771
  0.00636943  0.          0.          0.01273885 -0.00636943  0.00636943
  0.00636943  0.01273885  0.03184713  0.00636943  0.          0.03184713
  0.00636943  0.         -0.01273885  0.00636943  0.00636943  0.
  0.00636943  0.02547771  0.01273885  0.01273885  0.01273885  0.03184713
  0.01910828 -0.00636943  0.02547771  0.00636943  0.00636943  0.
  0.01273885  0.        ]
charlie
BLEU
[0.29813665 0.27950311 0.2484472  0.27950311 0.37267081 0.28571429
 0.34782609 0.26086957 0.27950311 0.34782609 0.32298137 0.26708075
 0.30434783 0.29813665 0.31055901 0.27950311 0.28571429 0.27950311
 0.31055901 0.32919255 0.29813665 0.29813665 0.32919255 0.28571429
 0.32298137 0.32298137 0.29813665 0.32919255 0.28571429 0.32919255
 0.31677019 0.27950311 0.25465839 0.30434783 0.31677019 0.29813665
 0.27329193 0.26708075 0.26708075 0.2484472  0.29813665 0.24223602
 0.31677019 0.31677019 0.28571429 0.27950311 0.29813665 0.28571429
 0.32919255 0.36024845 0.26086957 0.30434783 0.32298137 0.36645963
 0.34161491 0.26086957 0.27329193 0.30434783 0.29192547 0.32919255
 0.34161491 0.26708075 0.34161491 0.27950311 0.27950311 0.34782609
 0.26708075 0.34782609 0.26086957 0.29813665 0.31055901 0.27329193
 0.31055901 0.29813665 0.29813665 0.27329193 0.27329193 0.31055901
 0.28571429 0.34782609 0.27950311 0.31055901 0.31677019 0.29192547
 0.26086957 0.29192547 0.32919255 0.2484472  0.31677019 0.31055901
 0.34161491 0.2484472  0.26086957 0.29813665 0.29813665 0.28571429
 0.31677019 0.27950311 0.32298137 0.26708075 0.26086957 0.32298137
 0.30434783 0.32919255 0.31677019 0.31055901 0.26086957 0.30434783
 0.29192547 0.31055901 0.34161491 0.27329193 0.32919255 0.31677019
 0.27329193 0.33540373 0.31677019 0.29192547 0.27329193 0.31055901
 0.27950311 0.31055901 0.31677019 0.30434783 0.31677019 0.27329193
 0.32919255 0.32298137 0.27950311 0.29813665 0.34161491 0.31055901
 0.31677019 0.32919255 0.31055901 0.2484472  0.30434783 0.25465839
 0.28571429 0.29192547 0.35403727 0.32919255 0.27950311 0.29192547
 0.26708075 0.26708075 0.31677019 0.29813665 0.23602484 0.34782609
 0.29813665 0.28571429 0.28571429 0.32298137 0.29192547 0.29192547
 0.33540373 0.26086957 0.37267081 0.34161491 0.31677019 0.26708075
 0.29813665 0.28571429 0.32919255 0.29192547 0.30434783 0.32298137
 0.26708075 0.25465839 0.31055901 0.32919255 0.34161491 0.31677019
 0.30434783 0.31055901 0.32919255 0.31677019 0.30434783 0.31677019
 0.26708075 0.33540373 0.28571429 0.32298137 0.37267081 0.25465839
 0.30434783 0.31055901 0.31055901 0.26086957 0.28571429 0.27950311
 0.34161491 0.29192547 0.32298137 0.31677019 0.26708075 0.27950311
 0.29813665 0.32298137]
charlie
METEOR
[0.195241   0.20121951 0.17927843 0.18597561 0.23449007 0.20412613
 0.21978022 0.18620269 0.18529769 0.21075137 0.20121951 0.16788767
 0.20414381 0.19766243 0.20717708 0.17987805 0.1799878  0.20037217
 0.20743005 0.21923083 0.1799878  0.17976843 0.23768347 0.17399267
 0.21632957 0.20400173 0.19817073 0.19792935 0.18563603 0.23172389
 0.21301902 0.18620269 0.17083588 0.17672151 0.22269677 0.19512195
 0.20355097 0.16453382 0.17682927 0.16425567 0.20389531 0.14957265
 0.22507701 0.21315469 0.17682927 0.17965895 0.19756839 0.195241
 0.21938028 0.21897971 0.17987805 0.20425067 0.21659549 0.24582381
 0.21659549 0.19533014 0.18921637 0.19509179 0.21896347 0.20389531
 0.22229539 0.18009768 0.20730349 0.17987805 0.18009768 0.22547227
 0.18541033 0.22838002 0.20342701 0.19485402 0.20755676 0.17965895
 0.19512195 0.18608908 0.18925519 0.19512195 0.17982534 0.20959903
 0.17672151 0.23954843 0.20437536 0.21938028 0.20997191 0.2014652
 0.18875515 0.19814482 0.20401949 0.17682927 0.21341463 0.19473535
 0.2014652  0.18236889 0.1799878  0.18586228 0.20414381 0.19219036
 0.21328458 0.18547953 0.22215582 0.1795496  0.18254469 0.21897971
 0.18281536 0.23035658 0.22771688 0.20158827 0.1879534  0.22756897
 0.18552311 0.21938028 0.21328458 0.20387749 0.20743005 0.20439292
 0.20061653 0.22534413 0.20984411 0.20642188 0.17367459 0.21884651
 0.20743005 0.1985339  0.20743005 0.22256665 0.21632957 0.1703163
 0.19804997 0.19242517 0.19547954 0.18833536 0.22588523 0.17704518
 0.19195612 0.22202479 0.1889092  0.17650639 0.20426829 0.16758074
 0.18303844 0.17356882 0.22575685 0.21036585 0.17965895 0.19441069
 0.17393032 0.19192158 0.20757021 0.19790333 0.16730413 0.22216001
 0.17083588 0.1799878  0.18259282 0.21341463 0.19148936 0.1977828
 0.20757021 0.19461709 0.22838002 0.21341463 0.19792935 0.19148936
 0.18299046 0.18292683 0.21341463 0.18913972 0.23313688 0.20414381
 0.18326206 0.20392377 0.21896347 0.21871347 0.21367521 0.21659549
 0.21659371 0.19207317 0.20426829 0.21593457 0.19826579 0.24065054
 0.18581882 0.21964613 0.18281536 0.21606817 0.21964613 0.16747868
 0.18292683 0.195241   0.20377129 0.18597561 0.17704518 0.22813344
 0.21978232 0.19817073 0.20389531 0.22797605 0.19219036 0.18514147
 0.19195612 0.21964613]
charlie
BERT
[0.766091   0.7644909  0.75870454 0.7679156  0.76226    0.7631278
 0.7721529  0.7635746  0.75903714 0.77304053 0.7695112  0.78103185
 0.75955987 0.7653398  0.7679388  0.76739764 0.77063835 0.76789105
 0.76595724 0.77183735 0.76881766 0.7614931  0.77871    0.76251674
 0.7726289  0.77333426 0.7613674  0.7651778  0.75744665 0.77039504
 0.7726487  0.76942855 0.7677866  0.770937   0.7704065  0.77444136
 0.76070577 0.7611127  0.7678916  0.7642748  0.77075624 0.76787376
 0.76810575 0.7627772  0.75881773 0.76346415 0.7644969  0.76311326
 0.77044386 0.7723393  0.76452684 0.7665237  0.76928127 0.7676265
 0.76783794 0.76656574 0.7667809  0.76276314 0.761112   0.76315224
 0.76871496 0.7671919  0.7693188  0.7615292  0.7728217  0.768824
 0.76350737 0.7644392  0.7609434  0.7674571  0.7702381  0.76792926
 0.7626609  0.76451576 0.766673   0.7712647  0.7673941  0.7607875
 0.7621715  0.7672063  0.7683476  0.76307434 0.7748029  0.7717252
 0.7641175  0.7705908  0.7609417  0.7668118  0.76929826 0.76215076
 0.75741583 0.76864576 0.7627526  0.7603022  0.7749235  0.7698316
 0.7739741  0.7673881  0.7648852  0.76540166 0.7622818  0.76725364
 0.7691436  0.77034265 0.7672174  0.7708194  0.7680289  0.76178455
 0.7649411  0.7693771  0.7665987  0.7655579  0.770892   0.7621107
 0.7685893  0.763449   0.7677854  0.7683698  0.7583886  0.766389
 0.7617307  0.77081287 0.7708805  0.7678853  0.76916313 0.77181834
 0.76654667 0.76632977 0.76635796 0.76522154 0.77311254 0.7673198
 0.766434   0.7707584  0.77264684 0.76508033 0.77167284 0.7660861
 0.76515836 0.7664547  0.7812779  0.76489973 0.7625183  0.76587373
 0.77278155 0.7677864  0.763876   0.76057434 0.7647511  0.77034116
 0.7711768  0.7643963  0.7648937  0.7696386  0.76998997 0.7630652
 0.7792594  0.76822877 0.7642801  0.77070695 0.7606587  0.76334953
 0.76770294 0.7656741  0.7719242  0.76207757 0.76551074 0.7635032
 0.76391256 0.77093005 0.77224666 0.766389   0.7689568  0.76745105
 0.7723721  0.7642565  0.76636857 0.7722263  0.759195   0.7762173
 0.7653459  0.7698314  0.7623664  0.774022   0.7649463  0.76579
 0.77277327 0.7661613  0.7691025  0.764341   0.7720399  0.7801975
 0.7724104  0.76143515 0.7628369  0.7631711  0.76433796 0.7600694
 0.7671477  0.7709428 ]
[nltk_data] Downloading package wordnet to /mnt/iusers01/fse-
[nltk_data]     ugpgt01/compsci01/q12628ct/nltk_data...
[nltk_data]   Package wordnet is already up-to-date!
[nltk_data] Downloading package punkt_tab to /mnt/iusers01/fse-
[nltk_data]     ugpgt01/compsci01/q12628ct/nltk_data...
[nltk_data]   Package punkt_tab is already up-to-date!
[nltk_data] Downloading package omw-1.4 to /mnt/iusers01/fse-
[nltk_data]     ugpgt01/compsci01/q12628ct/nltk_data...
[nltk_data]   Package omw-1.4 is already up-to-date!
/mnt/iusers01/fse-ugpgt01/compsci01/q12628ct/.conda/envs/semantic-decoding/lib/python3.10/site-packages/huggingface_hub/file_download.py:945: FutureWarning: `resume_download` is deprecated and will be removed in version 1.0.0. Downloads always resume when possible. If you want to force a new download, use `force_download=True`.
  warnings.warn(
Some weights of the model checkpoint at roberta-large were not used when initializing RobertaModel: ['lm_head.layer_norm.bias', 'lm_head.dense.bias', 'lm_head.bias', 'lm_head.layer_norm.weight', 'lm_head.dense.weight']
- This IS expected if you are initializing RobertaModel from the checkpoint of a model trained on another task or with another architecture (e.g. initializing a BertForSequenceClassification model from a BertForPreTraining model).
- This IS NOT expected if you are initializing RobertaModel from the checkpoint of a model that you expect to be exactly identical (initializing a BertForSequenceClassification model from a BertForSequenceClassification model).
Some weights of RobertaModel were not initialized from the model checkpoint at roberta-large and are newly initialized: ['roberta.pooler.dense.weight', 'roberta.pooler.dense.bias']
You should probably TRAIN this model on a down-stream task to be able to use it for predictions and inference.
charlie
WER
[ 0.00636943  0.00636943  0.00636943  0.01273885  0.00636943  0.01910828
  0.01273885  0.          0.01910828  0.01910828  0.00636943  0.00636943
  0.03184713  0.01273885  0.01910828  0.03184713  0.01273885  0.01273885
  0.02547771  0.03821656  0.01910828 -0.00636943  0.00636943  0.01910828
  0.01910828  0.03184713  0.01910828  0.00636943  0.00636943  0.00636943
  0.          0.01910828  0.01910828  0.02547771  0.01273885  0.01273885
  0.00636943  0.01910828  0.03184713  0.01273885  0.01910828  0.01910828
  0.01273885  0.01273885  0.00636943  0.01273885  0.00636943  0.00636943
  0.01273885  0.01273885  0.02547771  0.02547771  0.01273885  0.01910828
  0.01910828  0.00636943  0.01910828  0.01910828  0.01273885  0.00636943
  0.01273885  0.00636943  0.          0.01273885  0.01910828  0.03184713
  0.02547771  0.00636943  0.00636943  0.01910828  0.01910828  0.00636943
  0.01910828  0.01910828  0.00636943  0.01273885  0.01910828  0.03821656
  0.02547771  0.05095541  0.01910828  0.01910828  0.00636943  0.02547771
  0.00636943  0.         -0.00636943  0.01273885  0.01910828  0.01273885
  0.02547771  0.01910828  0.01273885  0.00636943  0.02547771  0.03184713
  0.00636943  0.01273885  0.02547771  0.01273885  0.01910828  0.00636943
 -0.00636943  0.01273885  0.01273885  0.02547771  0.00636943  0.02547771
  0.01910828  0.01910828  0.00636943  0.00636943  0.00636943  0.
  0.01273885  0.          0.00636943  0.00636943  0.01273885  0.03184713
  0.01273885  0.02547771  0.01910828  0.03184713  0.01910828  0.01273885
  0.01910828  0.03184713  0.00636943  0.05095541  0.00636943  0.00636943
  0.01910828  0.01910828  0.01273885  0.01910828  0.          0.01273885
  0.          0.01273885  0.04458599  0.01910828  0.03184713  0.01273885
  0.02547771  0.01273885  0.02547771  0.01910828  0.02547771  0.
  0.00636943  0.01273885  0.02547771  0.00636943  0.00636943  0.02547771
  0.01910828  0.01273885 -0.00636943  0.02547771  0.01910828  0.00636943
  0.01273885  0.01910828  0.03184713  0.01910828  0.          0.02547771
  0.00636943  0.03184713  0.01273885  0.02547771  0.01273885  0.01273885
  0.00636943  0.02547771  0.00636943  0.03184713  0.01910828  0.01273885
  0.00636943  0.01273885  0.01910828  0.          0.00636943  0.00636943
  0.01910828  0.00636943  0.00636943  0.01910828  0.01273885  0.01273885
  0.01910828  0.01273885  0.01273885  0.01910828  0.00636943  0.01273885
  0.03184713  0.01910828]
charlie
BLEU
[0.29559748 0.27672956 0.33333333 0.27044025 0.32075472 0.28930818
 0.27672956 0.26415094 0.33333333 0.30188679 0.29559748 0.24528302
 0.32704403 0.27044025 0.30188679 0.34591195 0.32704403 0.29559748
 0.32075472 0.31446541 0.32075472 0.24528302 0.21383648 0.3081761
 0.30188679 0.36477987 0.3081761  0.29559748 0.28930818 0.28930818
 0.28930818 0.33333333 0.33333333 0.35220126 0.3081761  0.26415094
 0.25157233 0.28301887 0.33962264 0.30188679 0.33333333 0.33962264
 0.28930818 0.27672956 0.3081761  0.32075472 0.30188679 0.27672956
 0.30188679 0.27672956 0.30188679 0.32704403 0.33333333 0.32075472
 0.28301887 0.3081761  0.28930818 0.32704403 0.28301887 0.23899371
 0.32075472 0.27044025 0.28930818 0.26415094 0.32075472 0.33333333
 0.31446541 0.27672956 0.3081761  0.29559748 0.34591195 0.28930818
 0.30188679 0.32704403 0.26415094 0.32075472 0.33962264 0.30188679
 0.32075472 0.33962264 0.30188679 0.3081761  0.33962264 0.30188679
 0.32704403 0.27044025 0.32075472 0.3081761  0.28930818 0.3081761
 0.28301887 0.27672956 0.28930818 0.25786164 0.32704403 0.27672956
 0.24528302 0.28301887 0.29559748 0.25157233 0.29559748 0.27044025
 0.27672956 0.32075472 0.30188679 0.31446541 0.3081761  0.30188679
 0.30188679 0.30188679 0.27672956 0.27044025 0.28930818 0.26415094
 0.32704403 0.28301887 0.23899371 0.30188679 0.27672956 0.36477987
 0.29559748 0.24528302 0.24528302 0.27672956 0.32075472 0.28930818
 0.3081761  0.3081761  0.29559748 0.35849057 0.29559748 0.32075472
 0.28301887 0.31446541 0.32075472 0.29559748 0.30188679 0.3081761
 0.29559748 0.32704403 0.3081761  0.3081761  0.35220126 0.32075472
 0.3081761  0.31446541 0.27044025 0.28930818 0.27672956 0.24528302
 0.30188679 0.29559748 0.28301887 0.27672956 0.27672956 0.27672956
 0.2327044  0.3081761  0.31446541 0.33333333 0.3081761  0.30188679
 0.27044025 0.32075472 0.32704403 0.28930818 0.30188679 0.32704403
 0.35220126 0.32075472 0.30188679 0.33962264 0.29559748 0.31446541
 0.32075472 0.27672956 0.25786164 0.31446541 0.31446541 0.29559748
 0.28301887 0.30188679 0.34591195 0.28930818 0.29559748 0.31446541
 0.30188679 0.28301887 0.25786164 0.3081761  0.27044025 0.3081761
 0.34591195 0.2327044  0.30188679 0.30188679 0.32704403 0.35849057
 0.32704403 0.33333333]
charlie
METEOR
[0.22395315 0.17976843 0.20171149 0.17083588 0.21035624 0.17399267
 0.19814482 0.18326206 0.21672772 0.20730349 0.19461709 0.17094017
 0.20757021 0.18615936 0.18948655 0.22521434 0.19230769 0.1922733
 0.20156673 0.18643032 0.1985339  0.1649589  0.16809291 0.20476773
 0.19242517 0.23213195 0.227847   0.19804997 0.19862958 0.18259282
 0.20719074 0.21048466 0.22575685 0.21341463 0.18337408 0.17388652
 0.18276731 0.17698774 0.22893773 0.18933203 0.21340893 0.22907758
 0.20058587 0.17114914 0.21035624 0.21340893 0.19219036 0.19242517
 0.19544954 0.17409896 0.18292683 0.19559902 0.20476773 0.21991448
 0.17993513 0.20134228 0.18867925 0.21380574 0.17399267 0.16158537
 0.2014652  0.18887024 0.20095257 0.16483516 0.1893708  0.21590634
 0.20698575 0.19215592 0.23467493 0.20158827 0.22907758 0.19230769
 0.2132788  0.2010751  0.17982534 0.22269677 0.21659371 0.18643032
 0.2045177  0.23535059 0.20404835 0.20437536 0.21328458 0.20743005
 0.19817073 0.16188149 0.19829164 0.21849277 0.19814482 0.18948655
 0.19865526 0.17693716 0.18643032 0.18593219 0.21035624 0.18031785
 0.16717325 0.20156673 0.17715333 0.1529052  0.20425067 0.18615936
 0.19521089 0.20476773 0.19242517 0.20437536 0.1985339  0.19509179
 0.19850817 0.18620269 0.19230769 0.18913972 0.19230769 0.19790333
 0.20439292 0.18326206 0.17189165 0.18948655 0.17414308 0.22602321
 0.1985339  0.17094017 0.17399267 0.16799023 0.21659371 0.18933203
 0.1984127  0.20425067 0.18631643 0.21964613 0.18348624 0.21991666
 0.17737003 0.21035624 0.20464264 0.18867925 0.21619774 0.21564336
 0.20730349 0.20755676 0.19230769 0.21036585 0.22602321 0.1985339
 0.1984127  0.21646341 0.18856448 0.18604571 0.18292683 0.17993513
 0.18948655 0.21030422 0.18887024 0.18883944 0.18604571 0.20717708
 0.16819572 0.19242517 0.19559902 0.21978232 0.18948655 0.1953602
 0.17944039 0.2010751  0.22855152 0.18042813 0.18902439 0.20464264
 0.2200489  0.20132061 0.18902439 0.21938028 0.21951413 0.18597561
 0.21314883 0.19817073 0.18031785 0.20171149 0.19254279 0.19203868
 0.17726161 0.19547954 0.232007   0.20400173 0.20464264 0.2008521
 0.20736554 0.17987805 0.17693716 0.18631643 0.1893708  0.17715333
 0.2045177  0.17698774 0.19509179 0.20450021 0.21964613 0.21686011
 0.22463677 0.20425067]
charlie
BERT
[0.76782644 0.762295   0.77206695 0.7643591  0.7707725  0.7742863
 0.7666633  0.76306367 0.76102436 0.76908565 0.7753257  0.7710055
 0.77054274 0.76873124 0.7698484  0.7671025  0.76109564 0.762723
 0.7756596  0.7763875  0.7669557  0.7646903  0.772005   0.77290076
 0.76644236 0.7611873  0.7670636  0.7634907  0.77484286 0.7584406
 0.767393   0.7700058  0.77500117 0.76778114 0.76218456 0.7711611
 0.7617639  0.75905025 0.7708066  0.7645067  0.76305354 0.77242345
 0.7643328  0.76333916 0.7711285  0.76777744 0.7692484  0.765581
 0.7623793  0.76834655 0.7633889  0.7745749  0.7786907  0.7708533
 0.77327114 0.7640781  0.75884    0.7699059  0.76904    0.75967026
 0.77078944 0.76787275 0.77238286 0.7621076  0.7702288  0.7656229
 0.76382357 0.763001   0.7664056  0.7708243  0.7691499  0.77025163
 0.76791465 0.76827484 0.76536655 0.7661872  0.7707699  0.7661294
 0.7653804  0.7777399  0.7604823  0.7713561  0.7637161  0.76017445
 0.7697481  0.7612783  0.76389086 0.7751405  0.76385415 0.7693961
 0.77527344 0.76235104 0.76994985 0.7605751  0.76314056 0.7666606
 0.7554794  0.7756593  0.76423526 0.76225924 0.76537824 0.76663077
 0.76714265 0.76247585 0.77305496 0.76927936 0.77676773 0.7670619
 0.75832283 0.76937973 0.768439   0.76758343 0.76692426 0.7601905
 0.75950825 0.761199   0.7570046  0.76902753 0.7719917  0.76526916
 0.77104795 0.76099896 0.7605923  0.7709353  0.77633977 0.7719422
 0.77097017 0.7654406  0.7710625  0.7694571  0.7670869  0.76958406
 0.7681351  0.76995456 0.7629218  0.7695862  0.7595161  0.7743138
 0.76404923 0.7668754  0.76628375 0.7591737  0.77157784 0.7604216
 0.7743782  0.7703977  0.7569721  0.7648128  0.7749604  0.7618339
 0.77601326 0.7679978  0.76329935 0.7676824  0.7576507  0.7667006
 0.7635572  0.77122635 0.7747236  0.7672063  0.77325463 0.7665032
 0.76085246 0.7615963  0.76510096 0.76944387 0.76141703 0.76318824
 0.7688545  0.7731228  0.7526428  0.77314985 0.7675664  0.765069
 0.76156354 0.7671822  0.7581608  0.7723838  0.7705115  0.7682099
 0.77404916 0.7676286  0.7650021  0.76860833 0.7647805  0.7640474
 0.76480174 0.7548308  0.7713065  0.76716065 0.75824213 0.77361596
 0.7657611  0.76783967 0.76902497 0.7743903  0.7633963  0.7665677
 0.7611195  0.7634871 ]
[nltk_data] Downloading package wordnet to /mnt/iusers01/fse-
[nltk_data]     ugpgt01/compsci01/q12628ct/nltk_data...
[nltk_data]   Package wordnet is already up-to-date!
[nltk_data] Downloading package punkt_tab to /mnt/iusers01/fse-
[nltk_data]     ugpgt01/compsci01/q12628ct/nltk_data...
[nltk_data]   Package punkt_tab is already up-to-date!
[nltk_data] Downloading package omw-1.4 to /mnt/iusers01/fse-
[nltk_data]     ugpgt01/compsci01/q12628ct/nltk_data...
[nltk_data]   Package omw-1.4 is already up-to-date!
/mnt/iusers01/fse-ugpgt01/compsci01/q12628ct/.conda/envs/semantic-decoding/lib/python3.10/site-packages/huggingface_hub/file_download.py:945: FutureWarning: `resume_download` is deprecated and will be removed in version 1.0.0. Downloads always resume when possible. If you want to force a new download, use `force_download=True`.
  warnings.warn(
Some weights of the model checkpoint at roberta-large were not used when initializing RobertaModel: ['lm_head.layer_norm.weight', 'lm_head.bias', 'lm_head.dense.bias', 'lm_head.layer_norm.bias', 'lm_head.dense.weight']
- This IS expected if you are initializing RobertaModel from the checkpoint of a model trained on another task or with another architecture (e.g. initializing a BertForSequenceClassification model from a BertForPreTraining model).
- This IS NOT expected if you are initializing RobertaModel from the checkpoint of a model that you expect to be exactly identical (initializing a BertForSequenceClassification model from a BertForSequenceClassification model).
Some weights of RobertaModel were not initialized from the model checkpoint at roberta-large and are newly initialized: ['roberta.pooler.dense.bias', 'roberta.pooler.dense.weight']
You should probably TRAIN this model on a down-stream task to be able to use it for predictions and inference.
charlie
WER
[-0.01910828  0.         -0.02547771  0.         -0.00636943 -0.01273885
 -0.01273885 -0.01910828 -0.01910828 -0.02547771 -0.00636943 -0.01273885
 -0.01910828 -0.03184713 -0.00636943 -0.00636943 -0.00636943  0.
 -0.01273885 -0.00636943  0.00636943 -0.01273885 -0.00636943  0.
 -0.01910828 -0.01910828 -0.01273885 -0.00636943  0.         -0.01910828
 -0.01273885  0.          0.         -0.00636943  0.         -0.01273885
 -0.03184713 -0.01910828 -0.00636943 -0.01273885 -0.01910828 -0.01910828
 -0.01910828 -0.00636943 -0.00636943 -0.01273885 -0.01910828  0.
 -0.00636943 -0.02547771 -0.01273885 -0.00636943 -0.01910828 -0.01273885
 -0.01910828 -0.00636943 -0.01273885 -0.01910828 -0.01910828 -0.00636943
 -0.01910828  0.         -0.01273885  0.01273885 -0.00636943 -0.01910828
 -0.01910828 -0.01273885 -0.00636943  0.         -0.00636943 -0.01910828
 -0.00636943 -0.01910828 -0.01273885 -0.03821656 -0.01273885 -0.00636943
  0.         -0.00636943 -0.02547771 -0.02547771 -0.01910828 -0.01910828
 -0.02547771 -0.00636943 -0.01910828 -0.01910828  0.          0.
 -0.02547771 -0.03184713 -0.01273885  0.00636943 -0.01910828 -0.01910828
 -0.01273885 -0.02547771 -0.00636943  0.         -0.01910828 -0.02547771
  0.         -0.01273885 -0.01910828  0.         -0.01910828 -0.01273885
 -0.01273885  0.         -0.02547771 -0.03184713 -0.01273885  0.
  0.         -0.01910828  0.         -0.02547771 -0.00636943 -0.01910828
 -0.02547771 -0.00636943 -0.03184713  0.00636943 -0.01910828 -0.01910828
 -0.01910828  0.          0.         -0.00636943 -0.02547771  0.
 -0.01910828 -0.02547771  0.         -0.01273885  0.00636943  0.
 -0.02547771  0.         -0.01273885 -0.02547771 -0.00636943  0.
 -0.01273885 -0.01910828  0.00636943  0.00636943  0.01273885 -0.01273885
  0.00636943  0.         -0.01273885 -0.03184713 -0.02547771  0.
 -0.01273885  0.         -0.02547771 -0.01910828 -0.01273885 -0.01910828
 -0.03821656 -0.01273885 -0.01910828 -0.00636943 -0.00636943 -0.03184713
 -0.00636943  0.         -0.01910828  0.00636943 -0.01910828 -0.01910828
 -0.01273885 -0.00636943 -0.03184713 -0.02547771 -0.01273885 -0.01273885
 -0.01910828  0.01273885 -0.00636943 -0.01273885 -0.01910828  0.00636943
 -0.01910828 -0.00636943 -0.01273885 -0.00636943 -0.01910828 -0.01910828
 -0.02547771 -0.00636943 -0.01910828 -0.02547771 -0.01910828 -0.01910828
 -0.00636943 -0.02547771]
charlie
BLEU
[0.31927711 0.31325301 0.27710843 0.30722892 0.30120482 0.27710843
 0.31927711 0.3373494  0.30120482 0.31325301 0.28313253 0.31927711
 0.23493976 0.24698795 0.3253012  0.3313253  0.31927711 0.30722892
 0.29518072 0.30120482 0.27710843 0.27710843 0.29518072 0.29518072
 0.28313253 0.24698795 0.3253012  0.28915663 0.29518072 0.30120482
 0.29518072 0.30120482 0.30722892 0.26506024 0.35542169 0.31325301
 0.22891566 0.30120482 0.31325301 0.34337349 0.27108434 0.25903614
 0.29518072 0.30120482 0.25903614 0.28915663 0.28313253 0.28313253
 0.27710843 0.25903614 0.31325301 0.34939759 0.31325301 0.30722892
 0.28915663 0.31325301 0.28915663 0.28915663 0.3313253  0.27108434
 0.30120482 0.30120482 0.25903614 0.30120482 0.30120482 0.30722892
 0.29518072 0.34337349 0.30120482 0.28915663 0.30722892 0.25903614
 0.28915663 0.34939759 0.25903614 0.28313253 0.34337349 0.30120482
 0.29518072 0.34939759 0.25903614 0.30722892 0.30120482 0.30120482
 0.28915663 0.28313253 0.29518072 0.25903614 0.28313253 0.27108434
 0.28915663 0.27710843 0.27710843 0.31325301 0.3313253  0.27108434
 0.30120482 0.25301205 0.3253012  0.30120482 0.28313253 0.29518072
 0.31325301 0.3313253  0.30722892 0.30120482 0.27710843 0.30120482
 0.23493976 0.31927711 0.28313253 0.26506024 0.28313253 0.31325301
 0.31325301 0.28915663 0.24698795 0.31325301 0.29518072 0.25903614
 0.29518072 0.3253012  0.30722892 0.31325301 0.31927711 0.29518072
 0.3313253  0.3253012  0.31927711 0.28915663 0.29518072 0.29518072
 0.30722892 0.34337349 0.31927711 0.3313253  0.31927711 0.34337349
 0.27108434 0.34337349 0.29518072 0.27710843 0.30120482 0.31325301
 0.28313253 0.30120482 0.30120482 0.3253012  0.31325301 0.27710843
 0.28915663 0.27108434 0.28313253 0.27108434 0.22289157 0.30120482
 0.28915663 0.28915663 0.31927711 0.26506024 0.27710843 0.27108434
 0.29518072 0.30120482 0.28915663 0.31325301 0.28915663 0.31927711
 0.28313253 0.30722892 0.31927711 0.34939759 0.28313253 0.30722892
 0.27710843 0.30722892 0.30120482 0.28915663 0.27710843 0.25903614
 0.24096386 0.30722892 0.3313253  0.34337349 0.25301205 0.27108434
 0.26506024 0.34337349 0.29518072 0.31325301 0.30722892 0.28915663
 0.29518072 0.28313253 0.22891566 0.27710843 0.28915663 0.27108434
 0.30722892 0.28915663]
charlie
METEOR
[0.2088273  0.2027845  0.19754219 0.2088273  0.19429265 0.19067797
 0.20643594 0.23710516 0.19780889 0.19148936 0.18772558 0.20971647
 0.16717325 0.18536671 0.21554341 0.21237233 0.215541   0.21911138
 0.23101914 0.20072993 0.20958898 0.18214936 0.20579674 0.20389531
 0.18856448 0.16990291 0.2252069  0.18833536 0.22452938 0.20048603
 0.21233106 0.19756839 0.19429265 0.18188009 0.2459347  0.20883777
 0.17308446 0.20679879 0.21220199 0.21884498 0.17900485 0.18844985
 0.21831533 0.23933551 0.18547953 0.19744836 0.23933551 0.19402636
 0.2003643  0.18806752 0.21831533 0.24333904 0.22162013 0.20934466
 0.19137303 0.20340012 0.20971647 0.19756839 0.20997191 0.18879415
 0.18226002 0.21554341 0.19157114 0.19756839 0.20606061 0.22465088
 0.19148936 0.22811481 0.21276596 0.20681265 0.21275987 0.17650639
 0.21818293 0.22134627 0.21263054 0.23006737 0.21844788 0.2006079
 0.22439289 0.22730184 0.16119221 0.20972644 0.19429265 0.18867925
 0.18541033 0.17639903 0.17878788 0.21207307 0.20629655 0.19114078
 0.19125683 0.17911354 0.20909091 0.21554341 0.21541262 0.16707169
 0.19438021 0.18248175 0.20024272 0.19756839 0.20350568 0.18552311
 0.2308787  0.24507662 0.19148936 0.19449844 0.19449844 0.20338204
 0.1795496  0.22771688 0.20946165 0.18203883 0.21538102 0.23985632
 0.22452321 0.22550516 0.1788963  0.23557771 0.22479618 0.18496058
 0.17618469 0.22744002 0.22744002 0.20654736 0.21288937 0.20920745
 0.22384857 0.22769905 0.23115974 0.21541014 0.21606607 0.2275608
 0.20958898 0.23681706 0.24578538 0.23991819 0.22438697 0.23418491
 0.20048603 0.21593674 0.19438021 0.18822101 0.18541033 0.21593457
 0.20070795 0.20998174 0.23842217 0.22993622 0.22121105 0.20542347
 0.19160584 0.19097304 0.2032767  0.18210108 0.14607425 0.1969697
 0.18226002 0.1795496  0.19744836 0.17944039 0.21488825 0.2119443
 0.20947177 0.19476567 0.20350568 0.20985401 0.18833536 0.20642188
 0.19756839 0.23696103 0.21829793 0.26645153 0.20034214 0.22121694
 0.17293689 0.206673   0.20317953 0.20338204 0.20839352 0.19949375
 0.17906059 0.19452888 0.22769905 0.2308627  0.196718   0.19780889
 0.19452888 0.24029428 0.22121694 0.21884498 0.19426212 0.22439289
 0.215541   0.17650639 0.16990291 0.22094259 0.19720874 0.1937046
 0.21224985 0.20617137]
charlie
BERT
[0.76483095 0.77260166 0.7607464  0.7710277  0.7702955  0.7715507
 0.7686919  0.7645645  0.7746426  0.7725102  0.7632888  0.76241034
 0.7640481  0.76157343 0.7747505  0.76491505 0.7659399  0.7768872
 0.76825994 0.77010596 0.7712343  0.76500416 0.75949764 0.7678813
 0.763247   0.764577   0.7622907  0.7645884  0.76678246 0.7673262
 0.76648533 0.7702375  0.76791424 0.7635165  0.7663202  0.7669053
 0.7654377  0.7673894  0.7593817  0.7643647  0.76074564 0.7699758
 0.76572657 0.7606416  0.7677694  0.7717439  0.763148   0.7625513
 0.7679566  0.7528902  0.7660174  0.77150434 0.76259303 0.7743757
 0.7731195  0.7643302  0.7574229  0.76556104 0.76335806 0.764554
 0.7566543  0.77116525 0.7677974  0.7690621  0.762835   0.76540726
 0.76698315 0.7643446  0.7700023  0.7748983  0.7704429  0.7693111
 0.7614348  0.77601177 0.7651025  0.7607919  0.768263   0.7669229
 0.7756474  0.76804006 0.7739526  0.76469517 0.7660101  0.77288514
 0.76708114 0.76722306 0.7670727  0.77064925 0.7546205  0.7663082
 0.7578844  0.76344514 0.76859635 0.7627145  0.7629895  0.7580828
 0.7605833  0.775492   0.767688   0.7694392  0.7617016  0.7630305
 0.76489943 0.77373505 0.7762185  0.7679925  0.776627   0.76553756
 0.7693045  0.77289414 0.7688632  0.7578753  0.7694043  0.7681306
 0.76706123 0.7672629  0.76767254 0.7668432  0.76496315 0.7623775
 0.7644658  0.77377635 0.7692853  0.76787794 0.76482165 0.7559784
 0.7680825  0.7709255  0.7707982  0.76257324 0.7683863  0.7690109
 0.76884127 0.76804626 0.77069396 0.7741954  0.766731   0.7776946
 0.76315606 0.7703795  0.7613999  0.76539665 0.7657285  0.7677196
 0.77433574 0.7684653  0.7641428  0.7659216  0.76040393 0.7634889
 0.7653935  0.76650906 0.7647727  0.7673894  0.7608498  0.7668061
 0.76793414 0.7658495  0.7729142  0.76655656 0.7655812  0.76087713
 0.7589756  0.766603   0.772951   0.76433927 0.7618736  0.7669836
 0.7629005  0.76691735 0.77265036 0.7721976  0.7641043  0.7686648
 0.7661139  0.7614705  0.77569056 0.7688674  0.76652634 0.7592085
 0.7613858  0.7734675  0.77576137 0.7589352  0.76587284 0.7706239
 0.7637045  0.7655067  0.7625151  0.76363146 0.76585007 0.76498663
 0.76067364 0.77284807 0.76421386 0.7692837  0.7682513  0.76395756
 0.76198745 0.7647428 ]
[nltk_data] Downloading package wordnet to /mnt/iusers01/fse-
[nltk_data]     ugpgt01/compsci01/q12628ct/nltk_data...
[nltk_data]   Package wordnet is already up-to-date!
[nltk_data] Downloading package punkt_tab to /mnt/iusers01/fse-
[nltk_data]     ugpgt01/compsci01/q12628ct/nltk_data...
[nltk_data]   Package punkt_tab is already up-to-date!
[nltk_data] Downloading package omw-1.4 to /mnt/iusers01/fse-
[nltk_data]     ugpgt01/compsci01/q12628ct/nltk_data...
[nltk_data]   Package omw-1.4 is already up-to-date!
/mnt/iusers01/fse-ugpgt01/compsci01/q12628ct/.conda/envs/semantic-decoding/lib/python3.10/site-packages/huggingface_hub/file_download.py:945: FutureWarning: `resume_download` is deprecated and will be removed in version 1.0.0. Downloads always resume when possible. If you want to force a new download, use `force_download=True`.
  warnings.warn(
Some weights of the model checkpoint at roberta-large were not used when initializing RobertaModel: ['lm_head.dense.weight', 'lm_head.dense.bias', 'lm_head.layer_norm.weight', 'lm_head.bias', 'lm_head.layer_norm.bias']
- This IS expected if you are initializing RobertaModel from the checkpoint of a model trained on another task or with another architecture (e.g. initializing a BertForSequenceClassification model from a BertForPreTraining model).
- This IS NOT expected if you are initializing RobertaModel from the checkpoint of a model that you expect to be exactly identical (initializing a BertForSequenceClassification model from a BertForSequenceClassification model).
Some weights of RobertaModel were not initialized from the model checkpoint at roberta-large and are newly initialized: ['roberta.pooler.dense.bias', 'roberta.pooler.dense.weight']
You should probably TRAIN this model on a down-stream task to be able to use it for predictions and inference.
charlie
WER
[-0.03184713 -0.01910828 -0.03821656 -0.04458599 -0.01273885 -0.02547771
 -0.01910828 -0.01273885 -0.03184713 -0.04458599 -0.01910828 -0.03821656
 -0.04458599 -0.02547771 -0.03184713 -0.02547771 -0.03821656 -0.01910828
 -0.05095541 -0.03821656 -0.05095541 -0.02547771 -0.02547771 -0.03184713
 -0.03821656 -0.03184713 -0.03821656 -0.02547771 -0.03184713 -0.02547771
 -0.02547771 -0.03821656 -0.03184713 -0.03184713 -0.03821656 -0.04458599
 -0.03821656 -0.03821656 -0.03184713 -0.03184713 -0.03184713 -0.04458599
 -0.03184713 -0.01910828 -0.01273885 -0.01910828 -0.04458599 -0.03184713
 -0.03184713 -0.03184713 -0.03184713 -0.03821656 -0.04458599 -0.04458599
 -0.02547771 -0.02547771 -0.03184713 -0.03821656 -0.03821656 -0.02547771
 -0.01273885 -0.02547771 -0.04458599 -0.04458599 -0.02547771 -0.01910828
 -0.04458599 -0.01910828 -0.00636943 -0.01273885 -0.04458599 -0.04458599
 -0.01910828 -0.03821656 -0.03821656 -0.01273885 -0.03184713 -0.06369427
 -0.03184713 -0.03821656 -0.03184713 -0.03821656 -0.03184713 -0.03821656
 -0.04458599 -0.03821656 -0.05095541 -0.03821656 -0.01910828 -0.01910828
 -0.01910828 -0.01910828 -0.03184713 -0.01910828 -0.03184713 -0.01910828
 -0.04458599 -0.03184713 -0.03184713 -0.01273885 -0.03184713 -0.03821656
 -0.03184713 -0.05732484 -0.03821656 -0.01910828 -0.03184713 -0.03184713
 -0.02547771 -0.04458599 -0.01273885 -0.04458599 -0.02547771 -0.03184713
 -0.03821656 -0.03184713 -0.01273885 -0.03821656 -0.03184713 -0.03184713
 -0.02547771 -0.04458599 -0.05095541 -0.01910828 -0.02547771 -0.03184713
 -0.02547771 -0.02547771 -0.05095541 -0.01910828 -0.03184713 -0.01910828
 -0.03821656 -0.03184713 -0.00636943 -0.03184713 -0.04458599 -0.03821656
 -0.01273885 -0.03821656 -0.03184713 -0.03184713 -0.00636943 -0.05095541
 -0.03821656 -0.03821656 -0.01910828 -0.03821656 -0.02547771 -0.04458599
 -0.03821656 -0.03821656 -0.05095541 -0.04458599 -0.03184713 -0.03184713
 -0.03184713  0.         -0.03184713 -0.03821656 -0.03821656 -0.02547771
 -0.05095541 -0.02547771 -0.03821656 -0.01910828 -0.01910828 -0.03184713
 -0.03184713 -0.03184713 -0.03184713 -0.03184713 -0.03184713 -0.03821656
 -0.04458599 -0.02547771 -0.01273885 -0.02547771 -0.01273885 -0.01273885
 -0.05095541 -0.03821656 -0.03821656 -0.04458599 -0.05095541 -0.02547771
 -0.03184713 -0.01910828 -0.03184713 -0.03184713 -0.03184713 -0.04458599
 -0.03821656 -0.03184713 -0.03184713 -0.01910828 -0.01910828 -0.03821656
 -0.02547771 -0.03184713]
charlie
BLEU
[0.31764706 0.30588235 0.31176471 0.31764706 0.31764706 0.31764706
 0.27647059 0.31176471 0.29411765 0.28235294 0.34705882 0.32941176
 0.28235294 0.25294118 0.25882353 0.31176471 0.28823529 0.29411765
 0.27058824 0.28235294 0.27058824 0.29411765 0.31176471 0.32941176
 0.26470588 0.31176471 0.27647059 0.24705882 0.33529412 0.28823529
 0.3        0.27647059 0.29411765 0.25294118 0.28235294 0.27058824
 0.31176471 0.24117647 0.26470588 0.25294118 0.30588235 0.32352941
 0.31176471 0.32941176 0.31176471 0.31176471 0.24117647 0.25294118
 0.30588235 0.34117647 0.35882353 0.28235294 0.32352941 0.29411765
 0.3        0.27058824 0.22941176 0.26470588 0.27058824 0.31176471
 0.34705882 0.28235294 0.29411765 0.27647059 0.32352941 0.24705882
 0.25882353 0.27058824 0.28823529 0.32941176 0.32941176 0.3
 0.30588235 0.3        0.29411765 0.27058824 0.34117647 0.26470588
 0.28235294 0.3        0.3        0.26470588 0.35882353 0.24705882
 0.25882353 0.24705882 0.25294118 0.28235294 0.27647059 0.27058824
 0.28823529 0.27647059 0.25882353 0.31764706 0.28823529 0.34117647
 0.30588235 0.29411765 0.25882353 0.3        0.27647059 0.27647059
 0.27647059 0.24117647 0.26470588 0.33529412 0.27058824 0.31176471
 0.3        0.25882353 0.32941176 0.26470588 0.25294118 0.34705882
 0.27647059 0.28235294 0.31176471 0.31176471 0.31176471 0.3
 0.27647059 0.28235294 0.27647059 0.24705882 0.3        0.3
 0.28235294 0.35882353 0.26470588 0.28235294 0.30588235 0.31176471
 0.22941176 0.3        0.3        0.30588235 0.29411765 0.28823529
 0.25294118 0.24705882 0.29411765 0.28823529 0.27647059 0.27647059
 0.31764706 0.27058824 0.28235294 0.30588235 0.26470588 0.25294118
 0.30588235 0.27647059 0.25294118 0.28235294 0.31176471 0.29411765
 0.29411765 0.34705882 0.30588235 0.28235294 0.27058824 0.31764706
 0.22352941 0.30588235 0.28235294 0.32352941 0.28823529 0.28823529
 0.25294118 0.27058824 0.3        0.32941176 0.26470588 0.32941176
 0.31176471 0.25882353 0.3        0.32352941 0.31176471 0.3
 0.26470588 0.26470588 0.31764706 0.22941176 0.27647059 0.3
 0.25294118 0.27058824 0.27647059 0.28823529 0.26470588 0.25882353
 0.25882353 0.30588235 0.30588235 0.28823529 0.32352941 0.32941176
 0.29411765 0.32941176]
charlie
METEOR
[0.24542023 0.21831413 0.24179073 0.20315343 0.2118578  0.20024272
 0.190741   0.22397094 0.20556227 0.21186441 0.25392934 0.21199273
 0.18214936 0.18799272 0.18776499 0.20933447 0.19720874 0.23310853
 0.18529769 0.1788963  0.21147354 0.2146312  0.22054821 0.21211476
 0.20315343 0.21237233 0.17618469 0.17607772 0.2473794  0.22675081
 0.21818293 0.19090909 0.22964932 0.19706272 0.21224347 0.19102486
 0.23045841 0.18484848 0.17607772 0.18776499 0.20896426 0.19685039
 0.23971068 0.20959903 0.20643594 0.23533768 0.20542347 0.18170806
 0.19685039 0.26574364 0.2722246  0.18484848 0.2030303  0.2032767
 0.22716384 0.18203883 0.17474603 0.18507282 0.194057   0.22937812
 0.23924894 0.20567216 0.20833333 0.20896426 0.2184466  0.17304189
 0.19685039 0.18776499 0.19963702 0.25346909 0.2030303  0.20012129
 0.21804967 0.20871143 0.22067478 0.18203883 0.22437841 0.18822101
 0.19114078 0.23853093 0.21224347 0.17878788 0.23347483 0.16636419
 0.1879534  0.16959419 0.17554479 0.22438697 0.18192844 0.19417476
 0.19975787 0.2032767  0.18480465 0.21224985 0.20301203 0.21791863
 0.21995369 0.19114078 0.1901026  0.2295103  0.19903498 0.21446783
 0.20567216 0.1788963  0.19320255 0.20643594 0.1754386  0.21541262
 0.2354352  0.18192844 0.2184466  0.17255996 0.1879534  0.23058252
 0.20604634 0.19102486 0.23059834 0.2118157  0.19975787 0.2208086
 0.21237233 0.1969697  0.19985646 0.18772558 0.20266183 0.19720874
 0.21237233 0.23016354 0.18159806 0.19708914 0.21212121 0.22357741
 0.16969697 0.20301203 0.20301203 0.23278779 0.22135117 0.2
 0.20301203 0.17554479 0.202889   0.19079346 0.17878788 0.19685039
 0.21488825 0.18799272 0.202889   0.21476104 0.18507282 0.17304189
 0.21172956 0.20870089 0.1814397  0.18799272 0.23310853 0.19682386
 0.20340012 0.24518989 0.2126367  0.21104732 0.20556227 0.2241204
 0.16393443 0.22964932 0.18507282 0.2299004  0.21765497 0.17575758
 0.1879534  0.19052748 0.22702599 0.20340012 0.21515152 0.21224347
 0.23030303 0.20313522 0.2032767  0.23333333 0.21818182 0.20604634
 0.18203883 0.18176979 0.22134627 0.16060606 0.19090909 0.22094896
 0.17220544 0.20592146 0.20617137 0.1969697  0.18126888 0.18518519
 0.18192844 0.20581114 0.19985646 0.21173624 0.23927485 0.24230669
 0.20604634 0.23044269]
charlie
BERT
[0.7731303  0.7752098  0.76282454 0.77721    0.76670676 0.7654519
 0.7637986  0.76185226 0.7708812  0.7710888  0.767966   0.7646624
 0.7638067  0.7687404  0.76223224 0.77024436 0.77673125 0.7799356
 0.7706257  0.7671506  0.7614453  0.7651305  0.7612606  0.7640853
 0.7632399  0.77112913 0.7696307  0.76852024 0.7716086  0.75942147
 0.76588404 0.77378774 0.76409614 0.76198053 0.7727245  0.7620528
 0.76150054 0.7653632  0.75900054 0.76106787 0.7552303  0.7635491
 0.7713698  0.7699113  0.76707506 0.77196527 0.7618469  0.76857936
 0.77811074 0.7763206  0.7803235  0.7633821  0.77391946 0.7716733
 0.7715664  0.76891553 0.76286364 0.7592764  0.7660347  0.7625844
 0.76909333 0.7726762  0.76769364 0.7774832  0.7690589  0.76876235
 0.76691425 0.7755542  0.7661072  0.7630105  0.77131045 0.7606463
 0.7602322  0.76531756 0.7666189  0.7644729  0.77076256 0.7597129
 0.7668587  0.7620955  0.7712673  0.75901127 0.7695968  0.7673781
 0.76595396 0.7550304  0.7613505  0.7660759  0.7644644  0.770797
 0.76718354 0.763006   0.77451664 0.762051   0.7691609  0.764874
 0.76335806 0.76063347 0.76446295 0.77924573 0.76714385 0.76812017
 0.76265514 0.7631389  0.7624168  0.7674496  0.76542693 0.7732548
 0.7705163  0.76335    0.7767281  0.7653588  0.7680581  0.7719841
 0.7683226  0.7667056  0.76719546 0.7738807  0.7665738  0.76566297
 0.7688853  0.76813626 0.767725   0.75876415 0.7638882  0.77459157
 0.7667912  0.7839327  0.76077235 0.7656615  0.7662234  0.7678651
 0.7624316  0.76226574 0.77481467 0.76586294 0.76887786 0.7728311
 0.7645501  0.76087034 0.76418185 0.7640473  0.75734746 0.7644819
 0.7566503  0.7623877  0.76855266 0.7692442  0.7658361  0.7606263
 0.76598585 0.75890326 0.76378417 0.7653227  0.7679037  0.76762295
 0.76717937 0.76639795 0.7681902  0.76545    0.7595568  0.7711721
 0.77069366 0.7615185  0.77170515 0.7602463  0.7616576  0.7695496
 0.7607998  0.77083343 0.7723774  0.76927984 0.76986665 0.76287675
 0.76265824 0.76858056 0.77462685 0.7674103  0.7629659  0.7628422
 0.76264215 0.769523   0.7762275  0.7636891  0.7598162  0.76667964
 0.77311695 0.7570752  0.765644   0.76683533 0.76704156 0.76769704
 0.762319   0.763289   0.7655089  0.7578405  0.7728861  0.7752934
 0.76580465 0.7622005 ]
[nltk_data] Downloading package wordnet to /mnt/iusers01/fse-
[nltk_data]     ugpgt01/compsci01/q12628ct/nltk_data...
[nltk_data]   Package wordnet is already up-to-date!
[nltk_data] Downloading package punkt_tab to /mnt/iusers01/fse-
[nltk_data]     ugpgt01/compsci01/q12628ct/nltk_data...
[nltk_data]   Package punkt_tab is already up-to-date!
[nltk_data] Downloading package omw-1.4 to /mnt/iusers01/fse-
[nltk_data]     ugpgt01/compsci01/q12628ct/nltk_data...
[nltk_data]   Package omw-1.4 is already up-to-date!
/mnt/iusers01/fse-ugpgt01/compsci01/q12628ct/.conda/envs/semantic-decoding/lib/python3.10/site-packages/huggingface_hub/file_download.py:945: FutureWarning: `resume_download` is deprecated and will be removed in version 1.0.0. Downloads always resume when possible. If you want to force a new download, use `force_download=True`.
  warnings.warn(
Some weights of the model checkpoint at roberta-large were not used when initializing RobertaModel: ['lm_head.layer_norm.weight', 'lm_head.dense.bias', 'lm_head.dense.weight', 'lm_head.layer_norm.bias', 'lm_head.bias']
- This IS expected if you are initializing RobertaModel from the checkpoint of a model trained on another task or with another architecture (e.g. initializing a BertForSequenceClassification model from a BertForPreTraining model).
- This IS NOT expected if you are initializing RobertaModel from the checkpoint of a model that you expect to be exactly identical (initializing a BertForSequenceClassification model from a BertForSequenceClassification model).
Some weights of RobertaModel were not initialized from the model checkpoint at roberta-large and are newly initialized: ['roberta.pooler.dense.bias', 'roberta.pooler.dense.weight']
You should probably TRAIN this model on a down-stream task to be able to use it for predictions and inference.
charlie
WER
[ 0.00636943  0.          0.00636943  0.         -0.01273885 -0.01273885
 -0.01273885  0.          0.00636943 -0.01910828 -0.01273885  0.
 -0.00636943  0.          0.         -0.01273885  0.00636943  0.
 -0.00636943  0.         -0.00636943  0.00636943 -0.01273885  0.
  0.00636943 -0.01273885 -0.00636943 -0.01273885 -0.01273885 -0.00636943
 -0.00636943  0.         -0.00636943  0.00636943 -0.01910828  0.
 -0.00636943 -0.01910828  0.         -0.00636943  0.01273885  0.
  0.01273885 -0.02547771 -0.01273885  0.01273885  0.00636943 -0.01273885
  0.00636943  0.         -0.01910828  0.          0.00636943 -0.00636943
 -0.01273885 -0.00636943 -0.03821656  0.          0.         -0.00636943
 -0.00636943 -0.01273885  0.00636943 -0.00636943 -0.01273885  0.00636943
  0.00636943 -0.01273885 -0.01273885  0.          0.          0.01273885
 -0.01273885 -0.01273885 -0.00636943  0.         -0.01273885 -0.02547771
 -0.00636943  0.         -0.00636943 -0.00636943  0.         -0.01910828
  0.         -0.01910828  0.00636943  0.01273885 -0.01273885 -0.01273885
 -0.01273885 -0.01273885  0.00636943 -0.01273885  0.00636943  0.
 -0.01910828 -0.01910828 -0.01910828  0.00636943  0.          0.00636943
  0.00636943  0.01910828  0.00636943 -0.01273885 -0.01273885 -0.00636943
  0.00636943  0.         -0.00636943  0.         -0.01273885  0.01273885
 -0.00636943  0.00636943  0.00636943 -0.01273885 -0.00636943  0.00636943
  0.         -0.01273885 -0.01273885 -0.01273885 -0.00636943 -0.01910828
  0.         -0.00636943  0.00636943 -0.02547771  0.          0.01273885
  0.00636943 -0.01273885 -0.00636943 -0.01273885  0.         -0.00636943
 -0.02547771  0.          0.01910828  0.01910828  0.01273885 -0.02547771
  0.          0.          0.         -0.00636943 -0.00636943  0.00636943
 -0.00636943  0.01273885 -0.01273885  0.01273885  0.00636943 -0.00636943
 -0.00636943 -0.01910828  0.01910828  0.          0.01273885 -0.00636943
  0.         -0.00636943  0.         -0.00636943 -0.01273885  0.
  0.          0.         -0.01273885 -0.01910828  0.         -0.00636943
 -0.00636943 -0.00636943 -0.00636943 -0.00636943  0.01273885 -0.00636943
  0.01273885  0.03184713 -0.00636943 -0.01273885 -0.00636943  0.
 -0.01273885 -0.00636943 -0.01273885 -0.01910828  0.         -0.00636943
  0.00636943 -0.00636943 -0.00636943  0.01273885 -0.01273885  0.
  0.01273885 -0.01273885]
charlie
BLEU
[0.2804878  0.30487805 0.31707317 0.32926829 0.2804878  0.30487805
 0.26829268 0.31097561 0.28658537 0.29268293 0.26829268 0.27439024
 0.26219512 0.31707317 0.29878049 0.26829268 0.2804878  0.29268293
 0.26219512 0.28658537 0.30487805 0.34756098 0.2804878  0.31707317
 0.26219512 0.27439024 0.30487805 0.24390244 0.26219512 0.28658537
 0.28658537 0.26829268 0.29878049 0.29268293 0.24390244 0.30487805
 0.25609756 0.27439024 0.30487805 0.29268293 0.30487805 0.34146341
 0.28658537 0.29268293 0.32926829 0.31097561 0.29268293 0.29878049
 0.3597561  0.33536585 0.32317073 0.32317073 0.2804878  0.29878049
 0.31707317 0.30487805 0.2195122  0.32926829 0.31707317 0.2804878
 0.30487805 0.26829268 0.30487805 0.3597561  0.31097561 0.31097561
 0.33536585 0.2804878  0.31097561 0.3597561  0.29268293 0.30487805
 0.30487805 0.28658537 0.29878049 0.29268293 0.24390244 0.31707317
 0.30487805 0.31707317 0.26829268 0.32317073 0.29878049 0.24390244
 0.26829268 0.26219512 0.31707317 0.33536585 0.27439024 0.29268293
 0.32317073 0.24390244 0.31097561 0.32317073 0.33536585 0.31097561
 0.32317073 0.31097561 0.27439024 0.29878049 0.29878049 0.32926829
 0.31097561 0.30487805 0.25609756 0.26829268 0.30487805 0.30487805
 0.31097561 0.32317073 0.3597561  0.29878049 0.32317073 0.29878049
 0.2804878  0.30487805 0.2804878  0.29268293 0.29878049 0.30487805
 0.30487805 0.27439024 0.27439024 0.31707317 0.29878049 0.25609756
 0.31707317 0.29268293 0.29268293 0.27439024 0.32926829 0.31097561
 0.32317073 0.35365854 0.26829268 0.23170732 0.32317073 0.29268293
 0.26829268 0.34756098 0.28658537 0.27439024 0.33536585 0.26829268
 0.26829268 0.30487805 0.30487805 0.31097561 0.32317073 0.30487805
 0.2804878  0.31707317 0.28658537 0.32317073 0.28658537 0.26219512
 0.30487805 0.26829268 0.31097561 0.29268293 0.32317073 0.29878049
 0.30487805 0.31097561 0.32317073 0.3597561  0.31097561 0.29878049
 0.28658537 0.33536585 0.26219512 0.32317073 0.32317073 0.29268293
 0.29878049 0.29878049 0.26219512 0.32926829 0.30487805 0.26829268
 0.31707317 0.35365854 0.32317073 0.29878049 0.29878049 0.26829268
 0.32926829 0.29268293 0.27439024 0.28658537 0.29268293 0.28658537
 0.30487805 0.27439024 0.26829268 0.28658537 0.27439024 0.27439024
 0.31097561 0.2804878 ]
charlie
METEOR
[0.19145462 0.22148557 0.19488429 0.19732848 0.20889963 0.18248175
 0.18237082 0.1946472  0.19804997 0.20693853 0.18525402 0.19414417
 0.16433354 0.21010962 0.20985401 0.17618469 0.19488429 0.22174993
 0.18165962 0.20401949 0.20097442 0.22506083 0.19485402 0.20315343
 0.18867925 0.18480465 0.20109689 0.18221178 0.18243359 0.19429265
 0.206673   0.17356882 0.21619976 0.19172246 0.1552039  0.21871347
 0.18541033 0.1874644  0.19497283 0.19754219 0.19756839 0.23434727
 0.20401949 0.20048603 0.20643594 0.21938028 0.18879415 0.19137303
 0.23686816 0.20377129 0.21010962 0.21790054 0.20362947 0.21619774
 0.18867925 0.18259282 0.16415569 0.22730184 0.20364742 0.17661389
 0.19168781 0.18237082 0.23048694 0.21275987 0.20414381 0.22452938
 0.21315469 0.18822101 0.2030303  0.23073843 0.22783747 0.2008521
 0.20953575 0.18879415 0.18259282 0.21590634 0.16129032 0.21275987
 0.20693853 0.21302495 0.17944039 0.20998174 0.20072993 0.16091307
 0.18879415 0.18536671 0.21831533 0.23737066 0.21258969 0.19137303
 0.21937843 0.18581882 0.19473535 0.21275987 0.23638623 0.24164521
 0.19804997 0.22134552 0.20338204 0.1946472  0.19441069 0.20414381
 0.21871203 0.20940821 0.17650639 0.17010936 0.20642188 0.20705083
 0.21884651 0.22480286 0.26661361 0.20705083 0.1946472  0.22506983
 0.19195612 0.22533496 0.19754219 0.22466604 0.20839352 0.21938028
 0.19137303 0.20654736 0.18259282 0.22744002 0.20648152 0.17010936
 0.21619774 0.22201946 0.20971647 0.19732848 0.19476567 0.20387749
 0.23406217 0.22229539 0.19085695 0.16990291 0.19768856 0.19160584
 0.18574909 0.25762148 0.20400173 0.18879415 0.22506083 0.1703163
 0.17682927 0.20389531 0.21289538 0.20693853 0.20959903 0.20121951
 0.18292683 0.20719074 0.20984411 0.23128424 0.16727494 0.17944039
 0.21288937 0.1795496  0.20972644 0.20920745 0.20933447 0.22340925
 0.23634095 0.21288937 0.20367509 0.24638376 0.20681265 0.19207317
 0.20946165 0.22771688 0.18902439 0.22493292 0.21619976 0.20364742
 0.21606607 0.20070795 0.16697025 0.20997191 0.20352369 0.20933447
 0.21924482 0.26481251 0.20668693 0.22202479 0.18875515 0.17021277
 0.21328458 0.21856366 0.18563603 0.20915362 0.206673   0.20301203
 0.20355097 0.21233106 0.18446905 0.20966344 0.21288937 0.18248175
 0.20668693 0.20009901]
charlie
BERT
[0.7665401  0.7639629  0.7671871  0.76940554 0.7617731  0.7691334
 0.7697016  0.77173924 0.775944   0.7751813  0.76225716 0.7648022
 0.7685052  0.7699592  0.76715994 0.7609542  0.7724247  0.76765376
 0.76463014 0.76283294 0.76444376 0.76618505 0.76802564 0.77022123
 0.7723006  0.7573365  0.7730125  0.7630565  0.76376843 0.7651471
 0.7620449  0.76637626 0.7644384  0.7622669  0.76198816 0.7707113
 0.7620464  0.7678877  0.76698744 0.7655753  0.762618   0.76515275
 0.7679     0.770141   0.7675129  0.7719655  0.7619101  0.7580385
 0.7700803  0.7667734  0.7692093  0.7664192  0.76708215 0.772866
 0.76762086 0.7703267  0.7664062  0.7700015  0.7608199  0.7647756
 0.7687855  0.7667131  0.7660452  0.7676395  0.7724149  0.7631757
 0.7762     0.7669502  0.7621027  0.7714044  0.7665957  0.7668128
 0.76231825 0.7657405  0.7675307  0.77469647 0.7632954  0.7755706
 0.76880527 0.7622116  0.7698633  0.76535296 0.7659044  0.75996375
 0.7643912  0.7638296  0.7712482  0.7723934  0.7640403  0.76656127
 0.7654027  0.76392806 0.7597078  0.77193314 0.7660824  0.77954483
 0.76738465 0.77183837 0.7667917  0.77115124 0.76417696 0.77289224
 0.768306   0.7708577  0.7661724  0.76123804 0.7676341  0.7657033
 0.7655153  0.76861423 0.7691727  0.756745   0.766115   0.7718302
 0.76735157 0.77919936 0.76464826 0.7731546  0.7621684  0.7749425
 0.7636907  0.76931775 0.7694025  0.77162504 0.77261466 0.76645803
 0.765891   0.76279664 0.7635044  0.7664211  0.7718426  0.773949
 0.75911295 0.77061987 0.75987697 0.7619425  0.7656802  0.7658314
 0.7617084  0.7688651  0.7652195  0.7611747  0.7692285  0.76525724
 0.7561547  0.765788   0.76511204 0.7635289  0.76622164 0.768819
 0.7695825  0.7724073  0.76736176 0.76858735 0.77033913 0.76521116
 0.76362175 0.7628958  0.76916414 0.76576024 0.7615332  0.7688843
 0.77327055 0.7749888  0.7654128  0.76470065 0.7615737  0.7750727
 0.76184344 0.7602577  0.7617346  0.7661877  0.7684637  0.7597225
 0.76612234 0.7650307  0.76711595 0.7761729  0.76493824 0.76527077
 0.7756447  0.7778067  0.76773316 0.7683794  0.7673895  0.7660662
 0.7739787  0.7693784  0.7763015  0.7575226  0.7653337  0.7645971
 0.7637975  0.7681765  0.76615864 0.7659637  0.7664223  0.7643659
 0.7661673  0.763433  ]
[nltk_data] Downloading package wordnet to /mnt/iusers01/fse-
[nltk_data]     ugpgt01/compsci01/q12628ct/nltk_data...
[nltk_data]   Package wordnet is already up-to-date!
[nltk_data] Downloading package punkt_tab to /mnt/iusers01/fse-
[nltk_data]     ugpgt01/compsci01/q12628ct/nltk_data...
[nltk_data]   Package punkt_tab is already up-to-date!
[nltk_data] Downloading package omw-1.4 to /mnt/iusers01/fse-
[nltk_data]     ugpgt01/compsci01/q12628ct/nltk_data...
[nltk_data]   Package omw-1.4 is already up-to-date!
/mnt/iusers01/fse-ugpgt01/compsci01/q12628ct/.conda/envs/semantic-decoding/lib/python3.10/site-packages/huggingface_hub/file_download.py:945: FutureWarning: `resume_download` is deprecated and will be removed in version 1.0.0. Downloads always resume when possible. If you want to force a new download, use `force_download=True`.
  warnings.warn(
Some weights of the model checkpoint at roberta-large were not used when initializing RobertaModel: ['lm_head.dense.bias', 'lm_head.layer_norm.weight', 'lm_head.bias', 'lm_head.layer_norm.bias', 'lm_head.dense.weight']
- This IS expected if you are initializing RobertaModel from the checkpoint of a model trained on another task or with another architecture (e.g. initializing a BertForSequenceClassification model from a BertForPreTraining model).
- This IS NOT expected if you are initializing RobertaModel from the checkpoint of a model that you expect to be exactly identical (initializing a BertForSequenceClassification model from a BertForSequenceClassification model).
Some weights of RobertaModel were not initialized from the model checkpoint at roberta-large and are newly initialized: ['roberta.pooler.dense.weight', 'roberta.pooler.dense.bias']
You should probably TRAIN this model on a down-stream task to be able to use it for predictions and inference.
delta
WER
[-0.15827338 -0.14388489 -0.15107914 -0.15827338 -0.14388489 -0.14388489
 -0.14388489 -0.15107914 -0.14388489 -0.13669065 -0.14388489 -0.12230216
 -0.12230216 -0.17266187 -0.11510791 -0.15827338 -0.15827338 -0.15107914
 -0.14388489 -0.14388489 -0.14388489 -0.13669065 -0.14388489 -0.15107914
 -0.14388489 -0.14388489 -0.16546763 -0.15107914 -0.1294964  -0.11510791
 -0.16546763 -0.13669065 -0.15827338 -0.15107914 -0.14388489 -0.15827338
 -0.1294964  -0.13669065 -0.13669065 -0.13669065 -0.1294964  -0.15107914
 -0.14388489 -0.11510791 -0.12230216 -0.14388489 -0.1294964  -0.11510791
 -0.13669065 -0.15107914 -0.13669065 -0.15827338 -0.14388489 -0.14388489
 -0.15107914 -0.14388489 -0.15827338 -0.14388489 -0.14388489 -0.15827338
 -0.11510791 -0.13669065 -0.14388489 -0.15107914 -0.15827338 -0.14388489
 -0.15107914 -0.14388489 -0.11510791 -0.1294964  -0.13669065 -0.1294964
 -0.14388489 -0.13669065 -0.1294964  -0.1294964  -0.15107914 -0.13669065
 -0.09352518 -0.16546763 -0.14388489 -0.16546763 -0.13669065 -0.12230216
 -0.1294964  -0.14388489 -0.12230216 -0.15827338 -0.13669065 -0.14388489
 -0.09352518 -0.1294964  -0.14388489 -0.1294964  -0.12230216 -0.12230216
 -0.14388489 -0.15827338 -0.14388489 -0.14388489 -0.14388489 -0.12230216
 -0.15107914 -0.15827338 -0.16546763 -0.13669065 -0.14388489 -0.10791367
 -0.15107914 -0.1294964  -0.15107914 -0.1294964  -0.13669065 -0.16546763
 -0.1294964  -0.15107914 -0.14388489 -0.12230216 -0.13669065 -0.16546763
 -0.13669065 -0.15827338 -0.15107914 -0.12230216 -0.14388489 -0.15107914
 -0.1294964  -0.13669065 -0.16546763 -0.13669065 -0.13669065 -0.13669065
 -0.13669065 -0.1294964  -0.15107914 -0.14388489 -0.15827338 -0.15107914
 -0.15827338 -0.1294964  -0.15107914 -0.14388489 -0.14388489 -0.15827338
 -0.15827338 -0.13669065 -0.14388489 -0.15827338 -0.17266187 -0.15107914
 -0.12230216 -0.15827338 -0.12230216 -0.12230216 -0.11510791 -0.15107914
 -0.14388489 -0.13669065 -0.15827338 -0.15827338 -0.14388489 -0.12230216
 -0.12230216 -0.12230216 -0.15107914 -0.14388489 -0.1294964  -0.10791367
 -0.14388489 -0.15107914 -0.12230216 -0.13669065 -0.14388489 -0.14388489
 -0.11510791 -0.15107914 -0.1294964  -0.14388489 -0.11510791 -0.1294964
 -0.13669065 -0.12230216 -0.15827338 -0.1294964  -0.14388489 -0.16546763
 -0.14388489 -0.13669065 -0.15107914 -0.13669065 -0.11510791 -0.12230216
 -0.1294964  -0.15107914 -0.15827338 -0.15827338 -0.1294964  -0.15107914
 -0.15107914 -0.1294964 ]
delta
BLEU
[0.26470588 0.28823529 0.30588235 0.31764706 0.32352941 0.30588235
 0.29411765 0.27058824 0.28823529 0.31176471 0.30588235 0.31176471
 0.32352941 0.26470588 0.31176471 0.22941176 0.28823529 0.25882353
 0.31764706 0.28235294 0.31176471 0.26470588 0.32941176 0.3
 0.30588235 0.3        0.22941176 0.29411765 0.3        0.32352941
 0.22941176 0.31176471 0.25882353 0.33529412 0.32352941 0.24117647
 0.33529412 0.25294118 0.29411765 0.24117647 0.32941176 0.26470588
 0.31176471 0.31764706 0.30588235 0.26470588 0.33529412 0.3
 0.32352941 0.3        0.30588235 0.27058824 0.28823529 0.31764706
 0.27647059 0.28823529 0.26470588 0.22941176 0.24117647 0.26470588
 0.28823529 0.27058824 0.29411765 0.28823529 0.28235294 0.29411765
 0.26470588 0.31764706 0.32352941 0.28823529 0.30588235 0.32352941
 0.27647059 0.28823529 0.37058824 0.25294118 0.3        0.33529412
 0.32941176 0.27058824 0.33529412 0.21176471 0.30588235 0.31764706
 0.32352941 0.23529412 0.35294118 0.2        0.30588235 0.25294118
 0.32352941 0.28823529 0.31176471 0.29411765 0.34117647 0.32352941
 0.28823529 0.28823529 0.25294118 0.32352941 0.30588235 0.32352941
 0.33529412 0.23529412 0.24117647 0.32941176 0.24117647 0.29411765
 0.28235294 0.25882353 0.26470588 0.3        0.3        0.3
 0.29411765 0.28823529 0.27058824 0.32352941 0.26470588 0.20588235
 0.29411765 0.32352941 0.26470588 0.34117647 0.29411765 0.31176471
 0.31764706 0.27647059 0.27058824 0.31176471 0.33529412 0.31764706
 0.31176471 0.28823529 0.30588235 0.31764706 0.26470588 0.29411765
 0.24705882 0.27058824 0.33529412 0.31764706 0.27647059 0.32352941
 0.26470588 0.28823529 0.25882353 0.33529412 0.23529412 0.25882353
 0.28823529 0.22352941 0.33529412 0.29411765 0.30588235 0.32352941
 0.28823529 0.26470588 0.23529412 0.25294118 0.31764706 0.30588235
 0.31764706 0.34117647 0.35294118 0.32941176 0.31764706 0.30588235
 0.29411765 0.27647059 0.3        0.31764706 0.31176471 0.27647059
 0.31764706 0.27058824 0.29411765 0.25294118 0.31764706 0.3
 0.32941176 0.32352941 0.27647059 0.28823529 0.30588235 0.26470588
 0.31176471 0.34117647 0.28235294 0.28823529 0.32352941 0.30588235
 0.31176471 0.27647059 0.25882353 0.31176471 0.28823529 0.34705882
 0.30588235 0.24117647]
delta
METEOR
[0.19745072 0.22491349 0.23611111 0.25598218 0.22522523 0.21857735
 0.21512838 0.21480388 0.2149792  0.25115819 0.25909892 0.23545706
 0.27590116 0.1975052  0.24603363 0.18305809 0.22176022 0.21667335
 0.25963833 0.20120064 0.22900763 0.20486111 0.24190732 0.22836784
 0.23562442 0.22521454 0.16943292 0.21391381 0.24224307 0.22869023
 0.16240498 0.21799308 0.20415225 0.27647595 0.25891961 0.19962747
 0.24586313 0.19777932 0.22847994 0.21031254 0.22869023 0.2035454
 0.2185982  0.22553782 0.2185982  0.21827419 0.25955168 0.22916667
 0.25626454 0.23231565 0.24538211 0.22089848 0.21797188 0.24572269
 0.20689655 0.22191401 0.21136521 0.19050859 0.19411434 0.19377163
 0.23196329 0.22205239 0.23738747 0.2282098  0.21782103 0.21195274
 0.19044321 0.22884328 0.23578363 0.21782103 0.23546113 0.26640975
 0.21767039 0.20401107 0.28050459 0.19764216 0.22789438 0.26275192
 0.24204703 0.21060322 0.24290086 0.17972039 0.22506925 0.23247745
 0.23843222 0.18326418 0.26027266 0.15838198 0.24256396 0.19723183
 0.25242047 0.2282098  0.24603363 0.24902919 0.26930731 0.24950323
 0.24239587 0.22191401 0.19704079 0.24290086 0.23859784 0.2417398
 0.25644225 0.1869077  0.1994896  0.23562024 0.18343867 0.2149792
 0.22089848 0.21812293 0.18402778 0.2184466  0.2285261  0.20818876
 0.22174441 0.24603363 0.23132074 0.24965326 0.2174236  0.17291074
 0.22836784 0.23842433 0.19417476 0.26275192 0.2382671  0.26338635
 0.22538141 0.19777932 0.20471895 0.24305556 0.25901773 0.26196476
 0.26009204 0.23215454 0.21875    0.26275192 0.20471895 0.23876315
 0.21032686 0.21465502 0.24487302 0.23199366 0.20124913 0.26988515
 0.2073255  0.21151179 0.19390582 0.2463567  0.19017981 0.21148013
 0.23959269 0.18030513 0.24305556 0.22474697 0.2285261  0.24967638
 0.22205239 0.18030513 0.18343867 0.21045778 0.22553782 0.2417398
 0.24984976 0.25262239 0.28758425 0.22206801 0.23909423 0.21165857
 0.20761246 0.20718232 0.23611565 0.25562763 0.22884882 0.19695923
 0.24834031 0.20055325 0.2185982  0.20382693 0.24257975 0.22585129
 0.22869023 0.23892853 0.21435792 0.22836784 0.22521454 0.19070735
 0.23595168 0.24950323 0.21842567 0.23247698 0.23578363 0.22884328
 0.22553782 0.20041465 0.2009702  0.2631166  0.24572269 0.27861164
 0.22506925 0.18390007]
delta
BERT
[0.78596294 0.7927152  0.7931099  0.799381   0.79984826 0.7969916
 0.78464186 0.7870668  0.7867989  0.7944986  0.789359   0.7954758
 0.7942851  0.7894043  0.7970594  0.7779014  0.7885865  0.7883581
 0.79405046 0.7956053  0.79388034 0.788845   0.78737307 0.79057366
 0.78334934 0.78957564 0.778049   0.7859484  0.797612   0.80148745
 0.7813695  0.7896567  0.78011084 0.7934916  0.7926462  0.78369886
 0.8015245  0.79626477 0.7888781  0.77862906 0.7845881  0.78342557
 0.7891867  0.79710686 0.79426163 0.7841797  0.80365837 0.8011687
 0.79293644 0.79112566 0.7979499  0.7729401  0.7805554  0.79057926
 0.7865581  0.7866187  0.7849627  0.7830565  0.7835258  0.7788557
 0.79934263 0.78901184 0.7995276  0.79377186 0.7877864  0.79674745
 0.781782   0.7941371  0.791901   0.78511107 0.79322314 0.795516
 0.7884315  0.7864756  0.79577166 0.79773897 0.7915423  0.7932639
 0.80118364 0.7933053  0.795402   0.7794776  0.78963697 0.79536104
 0.78756046 0.7833453  0.7904867  0.7829078  0.79491496 0.7862858
 0.79811764 0.7885562  0.7926748  0.7935529  0.7972003  0.8003945
 0.7908324  0.7883332  0.77740234 0.7928531  0.7968877  0.78626573
 0.7963682  0.78367853 0.7859478  0.80106264 0.78564906 0.7905901
 0.7866974  0.7821188  0.78889716 0.7894683  0.77971625 0.7893087
 0.80261934 0.7855028  0.7884585  0.7985694  0.7875458  0.78170836
 0.79342407 0.7837199  0.7806314  0.7917622  0.79446244 0.7987989
 0.7954494  0.7912537  0.7858604  0.7973839  0.79543954 0.7912884
 0.7920338  0.784914   0.7969824  0.80186355 0.79034185 0.7904092
 0.79352224 0.78692913 0.7965896  0.79640913 0.79157066 0.8004011
 0.7856952  0.79385865 0.78462446 0.79648113 0.7823287  0.79153264
 0.7843617  0.7875716  0.79269004 0.7952157  0.790939   0.78917754
 0.7928006  0.78564286 0.7811286  0.7761723  0.7938516  0.79151833
 0.80197346 0.80315244 0.7967634  0.77992153 0.7947053  0.8031775
 0.78390676 0.78056073 0.79044414 0.7960362  0.79610425 0.78361464
 0.80388    0.7813009  0.79445446 0.79378253 0.7895795  0.7911179
 0.7938657  0.79527736 0.7776029  0.8005172  0.7938572  0.78381175
 0.7892772  0.8007388  0.7869015  0.78348947 0.78835803 0.7905967
 0.79860705 0.7841784  0.7916627  0.795142   0.7885295  0.7873597
 0.7924415  0.77816284]
[nltk_data] Downloading package wordnet to /mnt/iusers01/fse-
[nltk_data]     ugpgt01/compsci01/q12628ct/nltk_data...
[nltk_data]   Package wordnet is already up-to-date!
[nltk_data] Downloading package punkt_tab to /mnt/iusers01/fse-
[nltk_data]     ugpgt01/compsci01/q12628ct/nltk_data...
[nltk_data]   Package punkt_tab is already up-to-date!
[nltk_data] Downloading package omw-1.4 to /mnt/iusers01/fse-
[nltk_data]     ugpgt01/compsci01/q12628ct/nltk_data...
[nltk_data]   Package omw-1.4 is already up-to-date!
/mnt/iusers01/fse-ugpgt01/compsci01/q12628ct/.conda/envs/semantic-decoding/lib/python3.10/site-packages/huggingface_hub/file_download.py:945: FutureWarning: `resume_download` is deprecated and will be removed in version 1.0.0. Downloads always resume when possible. If you want to force a new download, use `force_download=True`.
  warnings.warn(
Some weights of the model checkpoint at roberta-large were not used when initializing RobertaModel: ['lm_head.dense.weight', 'lm_head.layer_norm.weight', 'lm_head.layer_norm.bias', 'lm_head.dense.bias', 'lm_head.bias']
- This IS expected if you are initializing RobertaModel from the checkpoint of a model trained on another task or with another architecture (e.g. initializing a BertForSequenceClassification model from a BertForPreTraining model).
- This IS NOT expected if you are initializing RobertaModel from the checkpoint of a model that you expect to be exactly identical (initializing a BertForSequenceClassification model from a BertForSequenceClassification model).
Some weights of RobertaModel were not initialized from the model checkpoint at roberta-large and are newly initialized: ['roberta.pooler.dense.bias', 'roberta.pooler.dense.weight']
You should probably TRAIN this model on a down-stream task to be able to use it for predictions and inference.
delta
WER
[-0.14388489 -0.15107914 -0.11510791 -0.14388489 -0.15827338 -0.15827338
 -0.14388489 -0.13669065 -0.1294964  -0.16546763 -0.15827338 -0.15107914
 -0.15107914 -0.15107914 -0.13669065 -0.11510791 -0.14388489 -0.14388489
 -0.14388489 -0.14388489 -0.15827338 -0.14388489 -0.15107914 -0.13669065
 -0.14388489 -0.13669065 -0.12230216 -0.13669065 -0.11510791 -0.14388489
 -0.12230216 -0.13669065 -0.1294964  -0.13669065 -0.11510791 -0.10071942
 -0.15827338 -0.15107914 -0.15827338 -0.1294964  -0.15107914 -0.15827338
 -0.14388489 -0.12230216 -0.15827338 -0.14388489 -0.14388489 -0.15107914
 -0.14388489 -0.15107914 -0.13669065 -0.17266187 -0.13669065 -0.14388489
 -0.1294964  -0.15107914 -0.14388489 -0.13669065 -0.15827338 -0.12230216
 -0.13669065 -0.1294964  -0.1294964  -0.13669065 -0.15107914 -0.15827338
 -0.11510791 -0.14388489 -0.15107914 -0.14388489 -0.1294964  -0.14388489
 -0.15107914 -0.1294964  -0.14388489 -0.13669065 -0.13669065 -0.15827338
 -0.11510791 -0.15107914 -0.1294964  -0.13669065 -0.15827338 -0.16546763
 -0.14388489 -0.13669065 -0.11510791 -0.15107914 -0.1294964  -0.15107914
 -0.14388489 -0.15107914 -0.15107914 -0.15107914 -0.1294964  -0.13669065
 -0.14388489 -0.17985612 -0.1294964  -0.12230216 -0.15107914 -0.14388489
 -0.14388489 -0.15827338 -0.1294964  -0.12230216 -0.13669065 -0.14388489
 -0.15827338 -0.14388489 -0.14388489 -0.13669065 -0.14388489 -0.13669065
 -0.1294964  -0.15827338 -0.13669065 -0.14388489 -0.1294964  -0.14388489
 -0.1294964  -0.16546763 -0.14388489 -0.1294964  -0.15107914 -0.16546763
 -0.15107914 -0.15827338 -0.1294964  -0.12230216 -0.15107914 -0.15107914
 -0.14388489 -0.1294964  -0.17985612 -0.1294964  -0.1294964  -0.12230216
 -0.12230216 -0.13669065 -0.12230216 -0.11510791 -0.13669065 -0.14388489
 -0.15827338 -0.13669065 -0.13669065 -0.1294964  -0.14388489 -0.1294964
 -0.1294964  -0.16546763 -0.13669065 -0.1294964  -0.17266187 -0.15107914
 -0.1294964  -0.14388489 -0.15107914 -0.15107914 -0.1294964  -0.1294964
 -0.1294964  -0.14388489 -0.14388489 -0.13669065 -0.1294964  -0.15107914
 -0.14388489 -0.13669065 -0.13669065 -0.15107914 -0.14388489 -0.15827338
 -0.14388489 -0.15107914 -0.14388489 -0.15107914 -0.14388489 -0.12230216
 -0.1294964  -0.13669065 -0.12230216 -0.1294964  -0.14388489 -0.14388489
 -0.16546763 -0.14388489 -0.1294964  -0.12230216 -0.15827338 -0.14388489
 -0.12230216 -0.13669065 -0.1294964  -0.15107914 -0.1294964  -0.14388489
 -0.14388489 -0.13669065]
delta
BLEU
[0.30588235 0.28235294 0.31764706 0.25882353 0.3        0.28823529
 0.29411765 0.26470588 0.31176471 0.27058824 0.28823529 0.27647059
 0.32352941 0.3        0.32352941 0.31176471 0.33529412 0.29411765
 0.34705882 0.27647059 0.22352941 0.3        0.30588235 0.33529412
 0.25882353 0.32941176 0.28235294 0.31176471 0.29411765 0.27647059
 0.32352941 0.31764706 0.36470588 0.26470588 0.29411765 0.32941176
 0.23529412 0.26470588 0.3        0.30588235 0.34705882 0.28235294
 0.31176471 0.30588235 0.28823529 0.27647059 0.24705882 0.27058824
 0.29411765 0.28235294 0.3        0.27058824 0.26470588 0.31176471
 0.31764706 0.22941176 0.32352941 0.24705882 0.22941176 0.3
 0.28235294 0.28823529 0.36470588 0.25294118 0.27647059 0.25294118
 0.30588235 0.30588235 0.28823529 0.28823529 0.34705882 0.29411765
 0.29411765 0.29411765 0.27058824 0.26470588 0.31176471 0.25882353
 0.36470588 0.18823529 0.30588235 0.29411765 0.25882353 0.19411765
 0.30588235 0.34705882 0.34705882 0.28823529 0.28823529 0.3
 0.31764706 0.30588235 0.28823529 0.21764706 0.28235294 0.28823529
 0.27647059 0.24705882 0.3        0.28823529 0.23529412 0.31176471
 0.27647059 0.28823529 0.31176471 0.33529412 0.32352941 0.29411765
 0.28823529 0.24117647 0.31176471 0.29411765 0.34117647 0.34705882
 0.3        0.25294118 0.27058824 0.28823529 0.28235294 0.27647059
 0.27647059 0.24117647 0.23529412 0.28235294 0.31764706 0.24117647
 0.24705882 0.26470588 0.30588235 0.30588235 0.34705882 0.37058824
 0.22352941 0.31176471 0.21176471 0.33529412 0.31176471 0.3
 0.31176471 0.29411765 0.31176471 0.3        0.31176471 0.29411765
 0.25882353 0.28235294 0.27647059 0.29411765 0.3        0.29411765
 0.32941176 0.25882353 0.29411765 0.28823529 0.27647059 0.28823529
 0.33529412 0.28823529 0.27058824 0.23529412 0.27058824 0.3
 0.35294118 0.27647059 0.32941176 0.32352941 0.31764706 0.27647059
 0.31764706 0.31764706 0.33529412 0.26470588 0.25882353 0.29411765
 0.28235294 0.29411765 0.29411765 0.27058824 0.26470588 0.35294118
 0.30588235 0.34117647 0.31764706 0.31764706 0.27647059 0.28235294
 0.25294118 0.31176471 0.31764706 0.25882353 0.25294118 0.33529412
 0.34705882 0.27058824 0.30588235 0.30588235 0.31176471 0.27647059
 0.23529412 0.28823529]
delta
METEOR
[0.23199366 0.20382693 0.26256996 0.231833   0.23595168 0.22553782
 0.2185982  0.20372928 0.23481024 0.22159074 0.20110957 0.22205239
 0.25883799 0.24256396 0.25250582 0.22869023 0.25615982 0.24801882
 0.27609249 0.22437295 0.18561282 0.22538141 0.23247745 0.25297277
 0.21495295 0.24654656 0.21814404 0.26563377 0.22222222 0.23511974
 0.24239587 0.24950323 0.25991167 0.21420968 0.22505847 0.23941707
 0.17696044 0.20486111 0.20689655 0.22191401 0.23199446 0.21078093
 0.20818876 0.23231565 0.24711234 0.21784232 0.19424914 0.20457698
 0.22853186 0.21453287 0.23199366 0.20804438 0.21165857 0.22869023
 0.22222222 0.17637789 0.22206801 0.19953783 0.17325017 0.24586313
 0.21151179 0.21814404 0.26988515 0.19044321 0.21423635 0.20786295
 0.22553782 0.23909423 0.2044352  0.21121884 0.25279746 0.23788168
 0.22191401 0.21814404 0.20124913 0.21767039 0.2631166  0.20092159
 0.27317089 0.1519337  0.22506925 0.22205239 0.18736988 0.15549413
 0.21542738 0.24552283 0.26622513 0.20069204 0.20847811 0.2394263
 0.23876307 0.24572269 0.21812293 0.19330944 0.21133347 0.23771671
 0.20124913 0.20004221 0.22537083 0.23777311 0.2035195  0.2382671
 0.21772516 0.21797188 0.24937506 0.25314832 0.25927847 0.22538141
 0.20775623 0.19629247 0.24819082 0.20746888 0.26009204 0.28306243
 0.21754144 0.17720639 0.22174441 0.23595168 0.21121884 0.22159074
 0.24470021 0.18685121 0.17647059 0.22191401 0.25180732 0.18716711
 0.19745072 0.20699626 0.23926015 0.24190732 0.25919269 0.28399926
 0.18018018 0.26677977 0.16274238 0.25350016 0.25180732 0.21453287
 0.22900763 0.23859757 0.22189829 0.24140544 0.23859784 0.23414549
 0.19430951 0.22459154 0.21512838 0.23231565 0.21875    0.21180556
 0.23925104 0.18716711 0.21542738 0.22490261 0.18672199 0.23164157
 0.26256996 0.22768935 0.21118702 0.17613394 0.20425068 0.21453287
 0.25314832 0.22437295 0.24586313 0.22569444 0.23199446 0.2149792
 0.24239587 0.25615982 0.23199446 0.21480388 0.19404019 0.22176022
 0.22159074 0.22538141 0.23116065 0.2009702  0.19404019 0.26356382
 0.2184466  0.23247745 0.26622513 0.23183391 0.21812293 0.22128404
 0.2035195  0.23926015 0.24256396 0.21420968 0.2035454  0.26293413
 0.24652778 0.20467621 0.2346316  0.23738747 0.23925104 0.20790021
 0.18685121 0.21483021]
delta
BERT
[0.79901063 0.78855145 0.8022878  0.78711057 0.79123694 0.7965034
 0.795215   0.78168786 0.7892554  0.7921766  0.79189944 0.7895775
 0.79931986 0.7933942  0.784906   0.7853459  0.79831433 0.78588176
 0.7908393  0.78304964 0.7817647  0.7821423  0.7965063  0.8004792
 0.7925739  0.79437256 0.7876521  0.7927106  0.78093415 0.7995058
 0.798218   0.79772544 0.7923378  0.7964214  0.7963083  0.7946235
 0.77947503 0.7967428  0.78906083 0.80171365 0.79101574 0.790851
 0.79775333 0.7954076  0.7915735  0.7907129  0.7874391  0.7825469
 0.7857858  0.7895336  0.79547215 0.7992883  0.7969421  0.7954
 0.79403377 0.7795684  0.78666365 0.78090537 0.7807306  0.79503447
 0.800874   0.79229534 0.7891153  0.78519356 0.7825546  0.7869469
 0.7957354  0.800359   0.78266716 0.7909368  0.79991937 0.7926924
 0.79176855 0.788494   0.7820468  0.78561795 0.796297   0.77868783
 0.7913916  0.77732575 0.79073936 0.7882374  0.78647006 0.77613384
 0.79500234 0.79352635 0.7937441  0.7794807  0.79343796 0.79665613
 0.7934269  0.7968551  0.79468596 0.77920336 0.7840974  0.7940465
 0.7954458  0.78011787 0.7969571  0.79046345 0.78124684 0.7984003
 0.80070746 0.78682864 0.78943896 0.7922585  0.7918401  0.79217994
 0.7841599  0.783886   0.78810334 0.7875424  0.7887732  0.79863256
 0.7865213  0.7870669  0.79369795 0.7942404  0.78458226 0.79720545
 0.7993166  0.7884723  0.79155207 0.7933288  0.7997099  0.7833942
 0.7846265  0.7867681  0.7909097  0.79476774 0.78951955 0.7962364
 0.7853192  0.7911461  0.77903056 0.7954879  0.79311514 0.798917
 0.78780824 0.7909196  0.80017775 0.79302347 0.7925051  0.78069663
 0.7803248  0.79421663 0.7930573  0.7925917  0.8000533  0.7931306
 0.79796404 0.78577256 0.7882705  0.7930622  0.7910637  0.7892885
 0.8030092  0.7915487  0.7808603  0.7836001  0.78514725 0.78328526
 0.7953677  0.7824316  0.7869936  0.8016392  0.7882407  0.7875111
 0.79532427 0.8007881  0.79216516 0.79023695 0.78904927 0.7879978
 0.7884372  0.7930869  0.79436004 0.7902645  0.7842965  0.79167795
 0.78986704 0.794935   0.79869795 0.7998016  0.789865   0.7850895
 0.79128647 0.79777837 0.7879461  0.7826927  0.7868355  0.79350173
 0.78883886 0.79553014 0.795237   0.79546106 0.78569436 0.7872639
 0.78320897 0.79163706]
[nltk_data] Downloading package wordnet to /mnt/iusers01/fse-
[nltk_data]     ugpgt01/compsci01/q12628ct/nltk_data...
[nltk_data]   Package wordnet is already up-to-date!
[nltk_data] Downloading package punkt_tab to /mnt/iusers01/fse-
[nltk_data]     ugpgt01/compsci01/q12628ct/nltk_data...
[nltk_data]   Package punkt_tab is already up-to-date!
[nltk_data] Downloading package omw-1.4 to /mnt/iusers01/fse-
[nltk_data]     ugpgt01/compsci01/q12628ct/nltk_data...
[nltk_data]   Package omw-1.4 is already up-to-date!
/mnt/iusers01/fse-ugpgt01/compsci01/q12628ct/.conda/envs/semantic-decoding/lib/python3.10/site-packages/huggingface_hub/file_download.py:945: FutureWarning: `resume_download` is deprecated and will be removed in version 1.0.0. Downloads always resume when possible. If you want to force a new download, use `force_download=True`.
  warnings.warn(
Some weights of the model checkpoint at roberta-large were not used when initializing RobertaModel: ['lm_head.layer_norm.bias', 'lm_head.dense.weight', 'lm_head.bias', 'lm_head.dense.bias', 'lm_head.layer_norm.weight']
- This IS expected if you are initializing RobertaModel from the checkpoint of a model trained on another task or with another architecture (e.g. initializing a BertForSequenceClassification model from a BertForPreTraining model).
- This IS NOT expected if you are initializing RobertaModel from the checkpoint of a model that you expect to be exactly identical (initializing a BertForSequenceClassification model from a BertForSequenceClassification model).
Some weights of RobertaModel were not initialized from the model checkpoint at roberta-large and are newly initialized: ['roberta.pooler.dense.weight', 'roberta.pooler.dense.bias']
You should probably TRAIN this model on a down-stream task to be able to use it for predictions and inference.
delta
WER
[-0.07913669 -0.09352518 -0.08633094 -0.07913669 -0.08633094 -0.07194245
 -0.09352518 -0.08633094 -0.0647482  -0.10071942 -0.0647482  -0.07194245
 -0.08633094 -0.07913669 -0.0647482  -0.08633094 -0.07194245 -0.09352518
 -0.07913669 -0.07194245 -0.07194245 -0.07194245 -0.08633094 -0.08633094
 -0.08633094 -0.07913669 -0.0647482  -0.0647482  -0.05755396 -0.07913669
 -0.09352518 -0.04316547 -0.08633094 -0.05035971 -0.10071942 -0.07913669
 -0.09352518 -0.09352518 -0.07194245 -0.09352518 -0.05035971 -0.07913669
 -0.02877698 -0.08633094 -0.07194245 -0.08633094 -0.07913669 -0.10071942
 -0.0647482  -0.05035971 -0.0647482  -0.09352518 -0.07194245 -0.07913669
 -0.07194245 -0.07913669 -0.07194245 -0.07194245 -0.0647482  -0.08633094
 -0.07194245 -0.07913669 -0.07913669 -0.05755396 -0.08633094 -0.08633094
 -0.07194245 -0.05755396 -0.07913669 -0.10791367 -0.07913669 -0.07194245
 -0.08633094 -0.04316547 -0.08633094 -0.07194245 -0.07913669 -0.09352518
 -0.05035971 -0.08633094 -0.07194245 -0.05035971 -0.07194245 -0.07913669
 -0.0647482  -0.05755396 -0.0647482  -0.05755396 -0.07913669 -0.07194245
 -0.0647482  -0.03597122 -0.09352518 -0.07913669 -0.07194245 -0.07913669
 -0.08633094 -0.08633094 -0.09352518 -0.10071942 -0.07913669 -0.05755396
 -0.07194245 -0.05755396 -0.07913669 -0.07913669 -0.07913669 -0.09352518
 -0.05755396 -0.07913669 -0.07913669 -0.07913669 -0.08633094 -0.07194245
 -0.07194245 -0.0647482  -0.07194245 -0.07194245 -0.05755396 -0.05755396
 -0.07913669 -0.07913669 -0.07913669 -0.0647482  -0.07194245 -0.07194245
 -0.08633094 -0.09352518 -0.0647482  -0.0647482  -0.07194245 -0.07913669
 -0.08633094 -0.0647482  -0.08633094 -0.07194245 -0.07194245 -0.08633094
 -0.0647482  -0.07913669 -0.08633094 -0.08633094 -0.08633094 -0.07194245
 -0.05755396 -0.07913669 -0.09352518 -0.07194245 -0.10071942 -0.07913669
 -0.10071942 -0.05755396 -0.10071942 -0.07913669 -0.07913669 -0.08633094
 -0.09352518 -0.07913669 -0.07194245 -0.05755396 -0.0647482  -0.0647482
 -0.0647482  -0.07913669 -0.09352518 -0.05035971 -0.10071942 -0.0647482
 -0.09352518 -0.07913669 -0.07913669 -0.07194245 -0.09352518 -0.09352518
 -0.07194245 -0.0647482  -0.05035971 -0.08633094 -0.0647482  -0.07194245
 -0.09352518 -0.09352518 -0.08633094 -0.07194245 -0.07194245 -0.08633094
 -0.0647482  -0.08633094 -0.09352518 -0.0647482  -0.07913669 -0.07913669
 -0.09352518 -0.07194245 -0.07913669 -0.07194245 -0.07913669 -0.07913669
 -0.07913669 -0.07194245]
delta
BLEU
[0.32704403 0.32075472 0.32075472 0.3081761  0.24528302 0.27044025
 0.32704403 0.28930818 0.31446541 0.26415094 0.27044025 0.33962264
 0.25786164 0.30188679 0.31446541 0.22641509 0.33962264 0.26415094
 0.28301887 0.27672956 0.28930818 0.30188679 0.35849057 0.31446541
 0.27672956 0.3081761  0.30188679 0.27672956 0.28930818 0.30188679
 0.25786164 0.33962264 0.33333333 0.33962264 0.3081761  0.29559748
 0.30188679 0.3081761  0.35849057 0.33962264 0.35220126 0.31446541
 0.32704403 0.22641509 0.28930818 0.26415094 0.27672956 0.21383648
 0.33333333 0.32075472 0.33962264 0.31446541 0.29559748 0.33962264
 0.30188679 0.27044025 0.32075472 0.26415094 0.35849057 0.31446541
 0.28301887 0.29559748 0.33962264 0.33333333 0.29559748 0.31446541
 0.32075472 0.33962264 0.32704403 0.2327044  0.28301887 0.24528302
 0.2327044  0.32075472 0.31446541 0.3081761  0.25786164 0.32075472
 0.29559748 0.25786164 0.24528302 0.28930818 0.36477987 0.28930818
 0.37735849 0.32704403 0.32075472 0.35220126 0.32704403 0.27044025
 0.32704403 0.34591195 0.31446541 0.32075472 0.31446541 0.28301887
 0.25157233 0.29559748 0.25786164 0.26415094 0.3081761  0.37735849
 0.30188679 0.31446541 0.3081761  0.30188679 0.24528302 0.18238994
 0.36477987 0.28301887 0.35220126 0.30188679 0.30188679 0.32704403
 0.28930818 0.30188679 0.32075472 0.3081761  0.32075472 0.38993711
 0.26415094 0.28930818 0.29559748 0.29559748 0.28301887 0.33333333
 0.24528302 0.30188679 0.28930818 0.35849057 0.30188679 0.27672956
 0.30188679 0.33962264 0.31446541 0.33962264 0.33962264 0.27044025
 0.33333333 0.29559748 0.32704403 0.27044025 0.32075472 0.32075472
 0.35849057 0.32075472 0.30188679 0.32704403 0.26415094 0.3081761
 0.25786164 0.32075472 0.22012579 0.27044025 0.28301887 0.28930818
 0.3081761  0.27044025 0.3081761  0.35220126 0.25157233 0.30188679
 0.33962264 0.32704403 0.28930818 0.28301887 0.29559748 0.27672956
 0.29559748 0.30188679 0.3081761  0.32704403 0.31446541 0.25786164
 0.27044025 0.3081761  0.33333333 0.30188679 0.35220126 0.26415094
 0.3081761  0.21383648 0.27672956 0.33333333 0.29559748 0.27672956
 0.31446541 0.30188679 0.3081761  0.30188679 0.34591195 0.30188679
 0.25786164 0.28301887 0.28930818 0.34591195 0.27672956 0.23899371
 0.33333333 0.31446541]
delta
METEOR
[0.24743983 0.22377622 0.21343597 0.21678322 0.18867925 0.18881119
 0.2465812  0.21630391 0.23312454 0.19177127 0.20960726 0.26127014
 0.19525802 0.20223152 0.20993702 0.1777318  0.22742252 0.1958042
 0.19832985 0.21574115 0.21997207 0.21675801 0.2337753  0.25456157
 0.21825859 0.23060361 0.21966527 0.20246606 0.21328671 0.1993007
 0.19170509 0.23776796 0.23743017 0.25831092 0.23954403 0.22290525
 0.20916844 0.22298148 0.25142115 0.23726984 0.23776224 0.23342218
 0.20979021 0.17785591 0.21325603 0.19560753 0.19244227 0.16771488
 0.23743565 0.23776796 0.24778614 0.22027972 0.21632938 0.24110061
 0.24743983 0.22561702 0.21935933 0.22209097 0.28172679 0.22012579
 0.21660643 0.19860627 0.25111895 0.23028154 0.23185543 0.21964507
 0.24093213 0.23076923 0.21678322 0.17411654 0.20979021 0.17037552
 0.17061281 0.24743983 0.20293912 0.24026375 0.1958042  0.26298262
 0.20614955 0.20366054 0.18143754 0.2027972  0.25456157 0.22561702
 0.26554857 0.24623532 0.23760169 0.28083143 0.23776796 0.19553073
 0.2236052  0.25177303 0.2339391  0.23093072 0.21997207 0.23234116
 0.18156425 0.21660643 0.22162602 0.18479777 0.22346369 0.27195974
 0.21358543 0.22710445 0.22298148 0.22641128 0.19855226 0.1358885
 0.23076923 0.20496087 0.26054237 0.23377573 0.21678322 0.24110061
 0.19910765 0.21343597 0.21678322 0.20935101 0.2434032  0.27584716
 0.1958042  0.21615297 0.21615297 0.20629371 0.23250353 0.2339391
 0.16410615 0.21600223 0.21328671 0.26163555 0.22344895 0.19846797
 0.21615297 0.25776976 0.22743177 0.24059587 0.22679693 0.21529012
 0.22695531 0.22025989 0.24442853 0.19813774 0.22361985 0.23971154
 0.24842547 0.22742252 0.21630391 0.21693492 0.17794836 0.22010587
 0.19519802 0.23676164 0.18054051 0.19190509 0.18505587 0.21269177
 0.23076499 0.21529012 0.22615555 0.24827186 0.17421603 0.2131069
 0.24058577 0.23060361 0.1993007  0.20629371 0.20610751 0.19869081
 0.23137173 0.23377573 0.22980011 0.23759609 0.22678727 0.19869081
 0.19566737 0.2236052  0.22408964 0.22330775 0.22695531 0.21660643
 0.20223152 0.16713092 0.19177127 0.24076388 0.21678322 0.20916844
 0.2128402  0.20600559 0.20586183 0.21266076 0.25094346 0.20905923
 0.19539428 0.21529012 0.19244227 0.24442853 0.18531469 0.17494752
 0.23361227 0.2236052 ]
delta
BERT
[0.7875167  0.7895886  0.79032207 0.7806064  0.790193   0.78763795
 0.7993215  0.7844053  0.7857353  0.78918314 0.7958734  0.7926581
 0.7843252  0.7860893  0.7916806  0.77916974 0.7995502  0.78461254
 0.7835777  0.7867701  0.79428494 0.79239905 0.79595166 0.79966724
 0.7889235  0.7893289  0.78553754 0.7818631  0.7957344  0.80198526
 0.78137624 0.7857594  0.78887075 0.7943663  0.7939236  0.79031676
 0.7968477  0.7803519  0.79163504 0.7914653  0.7929441  0.7972497
 0.7838621  0.7811168  0.78136444 0.78980625 0.7824681  0.7866543
 0.79306006 0.79360163 0.78860205 0.7928802  0.7983805  0.80008245
 0.79972386 0.7882114  0.7912059  0.7942796  0.7963916  0.7917284
 0.77384853 0.79040384 0.80076015 0.7810334  0.7936901  0.78635335
 0.7927472  0.79537714 0.7967412  0.78604555 0.7881471  0.78313595
 0.7831677  0.79597664 0.78375995 0.79677045 0.791117   0.79478353
 0.7920753  0.78871214 0.7781651  0.79112154 0.79262745 0.7776333
 0.79735583 0.78462565 0.79149526 0.7988865  0.7958665  0.78929424
 0.79212487 0.79188573 0.7988217  0.79240406 0.7942267  0.78610826
 0.7783159  0.7949089  0.7801292  0.7839519  0.7956609  0.7932701
 0.79472184 0.79492795 0.785262   0.79815537 0.78386635 0.77894306
 0.7961429  0.78204304 0.79427737 0.7914404  0.79848695 0.7911593
 0.7900449  0.7949157  0.7921413  0.7849721  0.80090106 0.80269027
 0.7730481  0.7886752  0.7915849  0.7983463  0.787228   0.79614216
 0.77171636 0.7844515  0.78424156 0.79923725 0.79467356 0.7856113
 0.79180664 0.788926   0.7945188  0.7874665  0.78780067 0.78364956
 0.79912657 0.7893901  0.7908387  0.77874637 0.7924867  0.7980101
 0.7938308  0.7906806  0.7938975  0.79302305 0.7802566  0.7995101
 0.780532   0.79940945 0.77930176 0.7814321  0.7804725  0.7818907
 0.8020766  0.78221124 0.78720295 0.79535365 0.7810995  0.7911048
 0.7916025  0.7925818  0.7849481  0.79685515 0.7901776  0.7816613
 0.7820333  0.7936577  0.7815738  0.7973616  0.7944501  0.78031796
 0.79452467 0.7872359  0.793501   0.7821796  0.7970439  0.7983518
 0.7908707  0.785853   0.7846281  0.79399383 0.78435224 0.77954555
 0.7999801  0.7879029  0.7836534  0.7823881  0.79015005 0.78662246
 0.79291034 0.79018605 0.79543054 0.79104006 0.7886072  0.7813237
 0.78945816 0.80121446]
[nltk_data] Downloading package wordnet to /mnt/iusers01/fse-
[nltk_data]     ugpgt01/compsci01/q12628ct/nltk_data...
[nltk_data]   Package wordnet is already up-to-date!
[nltk_data] Downloading package punkt_tab to /mnt/iusers01/fse-
[nltk_data]     ugpgt01/compsci01/q12628ct/nltk_data...
[nltk_data]   Package punkt_tab is already up-to-date!
[nltk_data] Downloading package omw-1.4 to /mnt/iusers01/fse-
[nltk_data]     ugpgt01/compsci01/q12628ct/nltk_data...
[nltk_data]   Package omw-1.4 is already up-to-date!
/mnt/iusers01/fse-ugpgt01/compsci01/q12628ct/.conda/envs/semantic-decoding/lib/python3.10/site-packages/huggingface_hub/file_download.py:945: FutureWarning: `resume_download` is deprecated and will be removed in version 1.0.0. Downloads always resume when possible. If you want to force a new download, use `force_download=True`.
  warnings.warn(
Some weights of the model checkpoint at roberta-large were not used when initializing RobertaModel: ['lm_head.dense.weight', 'lm_head.dense.bias', 'lm_head.layer_norm.bias', 'lm_head.layer_norm.weight', 'lm_head.bias']
- This IS expected if you are initializing RobertaModel from the checkpoint of a model trained on another task or with another architecture (e.g. initializing a BertForSequenceClassification model from a BertForPreTraining model).
- This IS NOT expected if you are initializing RobertaModel from the checkpoint of a model that you expect to be exactly identical (initializing a BertForSequenceClassification model from a BertForSequenceClassification model).
Some weights of RobertaModel were not initialized from the model checkpoint at roberta-large and are newly initialized: ['roberta.pooler.dense.bias', 'roberta.pooler.dense.weight']
You should probably TRAIN this model on a down-stream task to be able to use it for predictions and inference.
delta
WER
[-0.1294964  -0.12230216 -0.11510791 -0.11510791 -0.12230216 -0.11510791
 -0.10791367 -0.11510791 -0.09352518 -0.11510791 -0.1294964  -0.11510791
 -0.10071942 -0.07913669 -0.10071942 -0.07913669 -0.11510791 -0.11510791
 -0.08633094 -0.11510791 -0.07913669 -0.10791367 -0.08633094 -0.1294964
 -0.11510791 -0.10071942 -0.10071942 -0.11510791 -0.10071942 -0.09352518
 -0.10791367 -0.12230216 -0.09352518 -0.08633094 -0.12230216 -0.1294964
 -0.08633094 -0.07913669 -0.08633094 -0.10071942 -0.11510791 -0.0647482
 -0.09352518 -0.09352518 -0.12230216 -0.08633094 -0.11510791 -0.11510791
 -0.11510791 -0.11510791 -0.12230216 -0.10071942 -0.11510791 -0.12230216
 -0.10791367 -0.07194245 -0.11510791 -0.09352518 -0.07913669 -0.10071942
 -0.09352518 -0.12230216 -0.11510791 -0.10071942 -0.10071942 -0.11510791
 -0.1294964  -0.1294964  -0.08633094 -0.10071942 -0.09352518 -0.1294964
 -0.11510791 -0.10071942 -0.11510791 -0.08633094 -0.10791367 -0.10791367
 -0.08633094 -0.13669065 -0.07194245 -0.10791367 -0.09352518 -0.11510791
 -0.09352518 -0.09352518 -0.09352518 -0.09352518 -0.09352518 -0.10791367
 -0.11510791 -0.09352518 -0.10791367 -0.10791367 -0.11510791 -0.09352518
 -0.10791367 -0.12230216 -0.08633094 -0.08633094 -0.10071942 -0.10791367
 -0.12230216 -0.10791367 -0.11510791 -0.10791367 -0.12230216 -0.10791367
 -0.10791367 -0.08633094 -0.10071942 -0.09352518 -0.11510791 -0.11510791
 -0.12230216 -0.09352518 -0.10791367 -0.09352518 -0.10791367 -0.08633094
 -0.12230216 -0.10791367 -0.09352518 -0.10071942 -0.12230216 -0.10791367
 -0.10071942 -0.12230216 -0.12230216 -0.10071942 -0.10791367 -0.09352518
 -0.10791367 -0.10791367 -0.10791367 -0.07913669 -0.10071942 -0.08633094
 -0.12230216 -0.10071942 -0.10071942 -0.10071942 -0.12230216 -0.10071942
 -0.10071942 -0.08633094 -0.12230216 -0.08633094 -0.10071942 -0.10791367
 -0.12230216 -0.13669065 -0.11510791 -0.07913669 -0.08633094 -0.09352518
 -0.10071942 -0.10791367 -0.08633094 -0.11510791 -0.10791367 -0.10791367
 -0.11510791 -0.09352518 -0.10071942 -0.10791367 -0.10791367 -0.10791367
 -0.10791367 -0.10071942 -0.10791367 -0.1294964  -0.12230216 -0.10791367
 -0.07194245 -0.11510791 -0.11510791 -0.10791367 -0.10791367 -0.1294964
 -0.10071942 -0.09352518 -0.11510791 -0.1294964  -0.11510791 -0.10071942
 -0.08633094 -0.10791367 -0.09352518 -0.10071942 -0.11510791 -0.10791367
 -0.11510791 -0.08633094 -0.10791367 -0.11510791 -0.11510791 -0.12230216
 -0.10791367 -0.11510791]
delta
BLEU
[0.30487805 0.25609756 0.2804878  0.25609756 0.31707317 0.26829268
 0.31707317 0.30487805 0.34146341 0.2804878  0.27439024 0.26829268
 0.31097561 0.34146341 0.28658537 0.28658537 0.26219512 0.34146341
 0.32317073 0.27439024 0.32317073 0.28658537 0.27439024 0.24390244
 0.28658537 0.34146341 0.32317073 0.31097561 0.25       0.32317073
 0.27439024 0.27439024 0.29878049 0.34146341 0.29268293 0.29268293
 0.31097561 0.31707317 0.35365854 0.30487805 0.28658537 0.34146341
 0.32926829 0.35365854 0.31707317 0.30487805 0.30487805 0.29878049
 0.32317073 0.34146341 0.27439024 0.30487805 0.24390244 0.29268293
 0.33536585 0.32317073 0.29878049 0.30487805 0.32317073 0.26829268
 0.30487805 0.26829268 0.2804878  0.26219512 0.32926829 0.26829268
 0.2804878  0.25609756 0.28658537 0.31707317 0.29878049 0.27439024
 0.29878049 0.26829268 0.28658537 0.31097561 0.2804878  0.29878049
 0.29878049 0.2804878  0.2804878  0.31097561 0.29878049 0.22560976
 0.28658537 0.29268293 0.2804878  0.34146341 0.31707317 0.31097561
 0.29268293 0.31097561 0.29878049 0.33536585 0.26219512 0.32926829
 0.28658537 0.30487805 0.41463415 0.27439024 0.31707317 0.34146341
 0.2804878  0.2195122  0.28658537 0.32317073 0.22560976 0.31097561
 0.26219512 0.33536585 0.26219512 0.29268293 0.30487805 0.31707317
 0.32926829 0.31707317 0.29268293 0.32317073 0.2804878  0.34756098
 0.28658537 0.31707317 0.32317073 0.25609756 0.2804878  0.34756098
 0.29268293 0.2804878  0.23170732 0.29268293 0.2804878  0.31707317
 0.29878049 0.30487805 0.2804878  0.34146341 0.28658537 0.28658537
 0.31097561 0.31707317 0.31097561 0.31097561 0.30487805 0.34756098
 0.32926829 0.29268293 0.32317073 0.2804878  0.26219512 0.32317073
 0.27439024 0.26219512 0.25609756 0.25609756 0.35365854 0.37804878
 0.34756098 0.32317073 0.28658537 0.34756098 0.25609756 0.2804878
 0.27439024 0.25       0.34146341 0.32926829 0.2804878  0.33536585
 0.32926829 0.32317073 0.29878049 0.26829268 0.33536585 0.30487805
 0.3597561  0.32926829 0.26829268 0.29268293 0.25609756 0.28658537
 0.26829268 0.27439024 0.28658537 0.23170732 0.26219512 0.31707317
 0.28658537 0.32317073 0.32926829 0.28658537 0.31707317 0.25
 0.33536585 0.35365854 0.28658537 0.34146341 0.31097561 0.2804878
 0.32926829 0.26829268]
delta
METEOR
[0.21602787 0.19163763 0.20194986 0.22389475 0.22916134 0.19786236
 0.23644427 0.21254355 0.25019726 0.21585171 0.19791667 0.2120688
 0.21981856 0.25733453 0.21224774 0.22236123 0.18055556 0.23959269
 0.2293207  0.20920502 0.22313708 0.20194986 0.20876827 0.19827572
 0.21570139 0.25385298 0.25024397 0.22631315 0.17996948 0.23296231
 0.23244756 0.21210014 0.24257975 0.24706162 0.21239554 0.21935933
 0.2195122  0.25641465 0.25002339 0.21210014 0.2191862  0.26733672
 0.25037137 0.26018    0.21224774 0.23643143 0.23644427 0.22943592
 0.2497219  0.26674366 0.22267092 0.22298148 0.19841389 0.20152884
 0.24390244 0.24009323 0.20935101 0.22879771 0.25955848 0.20148048
 0.26027865 0.21236437 0.23503872 0.22436185 0.24723379 0.19799996
 0.22936349 0.19077319 0.22895693 0.22916134 0.22268615 0.18736988
 0.22568406 0.20887692 0.22562294 0.21195274 0.21239554 0.20209059
 0.21615297 0.19163763 0.19846797 0.21210014 0.26045991 0.16678249
 0.22615555 0.20876827 0.23244756 0.2533844  0.21935933 0.24291737
 0.21890202 0.2367688  0.22996037 0.23344948 0.19512195 0.23296245
 0.21933895 0.2194919  0.31849235 0.21905424 0.22648084 0.25367645
 0.19860627 0.17385257 0.20905923 0.24357746 0.18046974 0.22996037
 0.19758774 0.2437472  0.18815331 0.21933895 0.22599817 0.21875
 0.25373755 0.22299652 0.21827419 0.2337753  0.2052888  0.25723087
 0.23277153 0.24026054 0.24026054 0.19103852 0.19404019 0.25054572
 0.23626666 0.20557491 0.17385257 0.25409169 0.21540139 0.2195122
 0.21254355 0.20935101 0.21424503 0.2532082  0.20166898 0.21600223
 0.22268615 0.21602787 0.22916134 0.24640667 0.21933895 0.24704245
 0.23709902 0.2222067  0.26696516 0.19832985 0.20162069 0.23296245
 0.22515257 0.19813774 0.19731389 0.20162069 0.24323869 0.27196653
 0.24373259 0.2290022  0.23196329 0.25385298 0.18466899 0.2353663
 0.19791667 0.1876881  0.24059587 0.2474062  0.20209059 0.24041812
 0.22648084 0.25769319 0.22499621 0.20110957 0.24390244 0.24255451
 0.26485039 0.24008351 0.21848273 0.20194986 0.19827572 0.22515257
 0.21570139 0.19471488 0.21195274 0.1840765  0.20847811 0.21572721
 0.20902258 0.25659347 0.26342519 0.21890202 0.2052888  0.1980542
 0.24623532 0.23644427 0.22212911 0.2539145  0.24504007 0.20557491
 0.24391718 0.20786295]
delta
BERT
[0.7925248  0.7981226  0.79267395 0.7811852  0.7878444  0.7846606
 0.79064417 0.797627   0.79877406 0.7854079  0.79100263 0.787422
 0.7979758  0.7979008  0.78229356 0.79165685 0.78588855 0.78301704
 0.7911359  0.78405243 0.7997262  0.77837855 0.78238344 0.7884747
 0.7919737  0.79093957 0.79387367 0.7920492  0.7845499  0.7930312
 0.78735435 0.7896726  0.79207194 0.78938574 0.79441035 0.7791114
 0.7954296  0.7999488  0.79634476 0.7868271  0.7869552  0.7977337
 0.79267615 0.7981665  0.7896756  0.7917677  0.7889379  0.79092014
 0.8034689  0.7968898  0.7842392  0.7828835  0.78421485 0.7778267
 0.7927721  0.7933252  0.78810334 0.78689754 0.7933812  0.7855662
 0.7910515  0.79276645 0.7831757  0.78251445 0.8010987  0.790149
 0.78479517 0.78073746 0.8021176  0.786229   0.7899622  0.78900397
 0.78917533 0.7901691  0.7962122  0.79061985 0.79539883 0.780897
 0.79674983 0.7873411  0.7864709  0.7897861  0.7815316  0.78102636
 0.78907204 0.7939862  0.7950212  0.7999568  0.7840689  0.78907514
 0.79024655 0.79809403 0.7916319  0.79390144 0.790728   0.79684985
 0.7949753  0.79535645 0.8042929  0.79022396 0.78983366 0.78850484
 0.77869344 0.77754045 0.7891166  0.80131453 0.77630436 0.7951231
 0.7807866  0.8030293  0.785172   0.7872397  0.7890651  0.7804911
 0.79492414 0.80001664 0.79419225 0.7975054  0.7973254  0.7934001
 0.7908872  0.7818997  0.7887294  0.78490835 0.79180586 0.793774
 0.7967763  0.79381156 0.78241664 0.7924888  0.79117453 0.7983301
 0.79327786 0.78310394 0.790033   0.7974913  0.791963   0.7885584
 0.7902937  0.7915957  0.79155284 0.79723984 0.7807172  0.8013519
 0.7989603  0.7893758  0.800851   0.7945013  0.79201424 0.7999847
 0.7880716  0.7875746  0.7795293  0.7832496  0.7880225  0.7971792
 0.8015078  0.79718816 0.7974295  0.7944631  0.78761065 0.7931513
 0.7888414  0.7865536  0.7934705  0.79459864 0.7866778  0.7898025
 0.79228246 0.7941917  0.7830529  0.79289806 0.78871864 0.7897426
 0.7957705  0.7898272  0.7885639  0.7934272  0.7866756  0.78189397
 0.7858851  0.79306054 0.7924048  0.7816664  0.78180736 0.79273534
 0.78943    0.80351007 0.7959752  0.78876036 0.7894255  0.7917959
 0.78248024 0.7942617  0.78667843 0.7953187  0.7938108  0.7906817
 0.79318863 0.7844294 ]
[nltk_data] Downloading package wordnet to /mnt/iusers01/fse-
[nltk_data]     ugpgt01/compsci01/q12628ct/nltk_data...
[nltk_data]   Package wordnet is already up-to-date!
[nltk_data] Downloading package punkt_tab to /mnt/iusers01/fse-
[nltk_data]     ugpgt01/compsci01/q12628ct/nltk_data...
[nltk_data]   Package punkt_tab is already up-to-date!
[nltk_data] Downloading package omw-1.4 to /mnt/iusers01/fse-
[nltk_data]     ugpgt01/compsci01/q12628ct/nltk_data...
[nltk_data]   Package omw-1.4 is already up-to-date!
/mnt/iusers01/fse-ugpgt01/compsci01/q12628ct/.conda/envs/semantic-decoding/lib/python3.10/site-packages/huggingface_hub/file_download.py:945: FutureWarning: `resume_download` is deprecated and will be removed in version 1.0.0. Downloads always resume when possible. If you want to force a new download, use `force_download=True`.
  warnings.warn(
Some weights of the model checkpoint at roberta-large were not used when initializing RobertaModel: ['lm_head.layer_norm.bias', 'lm_head.dense.weight', 'lm_head.bias', 'lm_head.layer_norm.weight', 'lm_head.dense.bias']
- This IS expected if you are initializing RobertaModel from the checkpoint of a model trained on another task or with another architecture (e.g. initializing a BertForSequenceClassification model from a BertForPreTraining model).
- This IS NOT expected if you are initializing RobertaModel from the checkpoint of a model that you expect to be exactly identical (initializing a BertForSequenceClassification model from a BertForSequenceClassification model).
Some weights of RobertaModel were not initialized from the model checkpoint at roberta-large and are newly initialized: ['roberta.pooler.dense.bias', 'roberta.pooler.dense.weight']
You should probably TRAIN this model on a down-stream task to be able to use it for predictions and inference.
delta
WER
[-0.08633094 -0.10791367 -0.09352518 -0.08633094 -0.09352518 -0.05755396
 -0.10791367 -0.07913669 -0.0647482  -0.07913669 -0.08633094 -0.07194245
 -0.0647482  -0.07194245 -0.10071942 -0.08633094 -0.10791367 -0.08633094
 -0.07913669 -0.07913669 -0.09352518 -0.07194245 -0.08633094 -0.07913669
 -0.07194245 -0.10071942 -0.07194245 -0.09352518 -0.08633094 -0.0647482
 -0.10071942 -0.07913669 -0.09352518 -0.08633094 -0.09352518 -0.10071942
 -0.09352518 -0.10071942 -0.11510791 -0.08633094 -0.07913669 -0.07913669
 -0.08633094 -0.05035971 -0.08633094 -0.08633094 -0.10071942 -0.0647482
 -0.0647482  -0.0647482  -0.09352518 -0.07913669 -0.10791367 -0.07913669
 -0.08633094 -0.07913669 -0.11510791 -0.07913669 -0.0647482  -0.08633094
 -0.08633094 -0.09352518 -0.07194245 -0.07194245 -0.07194245 -0.05755396
 -0.09352518 -0.08633094 -0.09352518 -0.09352518 -0.05755396 -0.0647482
 -0.07194245 -0.10071942 -0.07194245 -0.09352518 -0.07913669 -0.09352518
 -0.08633094 -0.10071942 -0.10071942 -0.09352518 -0.08633094 -0.10071942
 -0.09352518 -0.08633094 -0.10071942 -0.07913669 -0.11510791 -0.08633094
 -0.09352518 -0.07194245 -0.08633094 -0.07194245 -0.05755396 -0.05755396
 -0.0647482  -0.08633094 -0.10071942 -0.10071942 -0.07194245 -0.0647482
 -0.07913669 -0.08633094 -0.09352518 -0.07194245 -0.07194245 -0.07913669
 -0.09352518 -0.08633094 -0.0647482  -0.07913669 -0.10791367 -0.07913669
 -0.07913669 -0.08633094 -0.07913669 -0.08633094 -0.07913669 -0.08633094
 -0.07913669 -0.07913669 -0.07194245 -0.0647482  -0.07913669 -0.08633094
 -0.10071942 -0.08633094 -0.10071942 -0.05035971 -0.05755396 -0.07194245
 -0.0647482  -0.08633094 -0.07913669 -0.08633094 -0.07194245 -0.08633094
 -0.10071942 -0.10791367 -0.05755396 -0.08633094 -0.09352518 -0.10071942
 -0.07913669 -0.0647482  -0.09352518 -0.08633094 -0.07913669 -0.08633094
 -0.05755396 -0.05035971 -0.09352518 -0.08633094 -0.08633094 -0.10791367
 -0.07194245 -0.0647482  -0.09352518 -0.07194245 -0.10791367 -0.0647482
 -0.0647482  -0.0647482  -0.09352518 -0.08633094 -0.0647482  -0.08633094
 -0.03597122 -0.07913669 -0.07913669 -0.09352518 -0.08633094 -0.10071942
 -0.07194245 -0.08633094 -0.07194245 -0.10791367 -0.08633094 -0.10791367
 -0.07194245 -0.07194245 -0.0647482  -0.09352518 -0.08633094 -0.07913669
 -0.08633094 -0.08633094 -0.09352518 -0.05755396 -0.07913669 -0.05755396
 -0.08633094 -0.0647482  -0.07194245 -0.10071942 -0.10071942 -0.07913669
 -0.07913669 -0.07913669]
delta
BLEU
[0.28125 0.26875 0.275   0.3125  0.325   0.3     0.225   0.36875 0.3375
 0.25625 0.26875 0.325   0.3     0.34375 0.28125 0.325   0.2125  0.325
 0.3625  0.29375 0.3125  0.33125 0.28125 0.31875 0.28125 0.34375 0.3
 0.3125  0.2625  0.30625 0.26875 0.275   0.29375 0.325   0.29375 0.26875
 0.35625 0.275   0.29375 0.26875 0.275   0.26875 0.34375 0.30625 0.28125
 0.29375 0.2375  0.3     0.25625 0.3375  0.3125  0.3125  0.2625  0.26875
 0.2875  0.3     0.24375 0.26875 0.3     0.2875  0.29375 0.25625 0.29375
 0.30625 0.2875  0.325   0.2875  0.28125 0.33125 0.33125 0.3     0.28125
 0.2375  0.26875 0.30625 0.25625 0.34375 0.29375 0.3     0.3125  0.23125
 0.25625 0.3125  0.28125 0.35    0.2875  0.275   0.28125 0.20625 0.35625
 0.275   0.33125 0.33125 0.28125 0.28125 0.29375 0.3625  0.325   0.30625
 0.31875 0.35625 0.31875 0.31875 0.3     0.26875 0.3125  0.2875  0.31875
 0.23125 0.325   0.31875 0.2875  0.25625 0.29375 0.31875 0.3125  0.31875
 0.3     0.29375 0.325   0.26875 0.2875  0.29375 0.31875 0.2875  0.30625
 0.28125 0.33125 0.28125 0.34375 0.31875 0.31875 0.325   0.2875  0.26875
 0.29375 0.33125 0.325   0.30625 0.26875 0.26875 0.31875 0.2875  0.25625
 0.3     0.35    0.30625 0.25625 0.3     0.30625 0.325   0.3125  0.275
 0.29375 0.29375 0.18125 0.33125 0.34375 0.31875 0.3625  0.2875  0.35625
 0.325   0.2875  0.34375 0.25    0.275   0.2875  0.375   0.33125 0.34375
 0.29375 0.26875 0.30625 0.28125 0.3375  0.26875 0.275   0.29375 0.28125
 0.325   0.3375  0.3     0.29375 0.35625 0.3375  0.275   0.31875 0.31875
 0.31875 0.2875  0.33125 0.33125 0.375   0.3     0.30625 0.3375  0.33125
 0.3     0.3375 ]
delta
METEOR
[0.19539428 0.2131069  0.20204249 0.22694575 0.24026375 0.20979021
 0.1770317  0.26154406 0.23726448 0.21238457 0.19869081 0.23028154
 0.22329291 0.23792862 0.20964361 0.21269177 0.15690377 0.25776976
 0.25159696 0.19203911 0.23325918 0.2339391  0.18867925 0.22711391
 0.20979021 0.23776796 0.22647097 0.23358541 0.19183896 0.22694575
 0.20524634 0.18881119 0.19888346 0.25072032 0.22948028 0.21833079
 0.24410648 0.19163763 0.22376168 0.19533433 0.22578017 0.18828452
 0.25859421 0.2128402  0.20251397 0.21343597 0.16759777 0.21251246
 0.18854749 0.24408739 0.23342218 0.21979846 0.18492673 0.18854749
 0.21589191 0.20571827 0.19724733 0.1958042  0.21678322 0.20625174
 0.20935101 0.20204249 0.20600559 0.22959603 0.22290525 0.24692217
 0.20935101 0.20237264 0.24589387 0.22361985 0.23060797 0.21325603
 0.17397356 0.21179255 0.2236052  0.20190169 0.2571314  0.22212911
 0.21615297 0.23992866 0.17711382 0.19483997 0.23693892 0.19874477
 0.25426913 0.21619407 0.19902235 0.20902258 0.17315949 0.23393855
 0.19203911 0.25473934 0.22027972 0.20246606 0.2194919  0.21660643
 0.24825175 0.23643143 0.20600559 0.23942776 0.25142115 0.23028154
 0.24992399 0.22329291 0.20567602 0.22329291 0.1993007  0.21295798
 0.18072092 0.25794989 0.22695531 0.22178078 0.20567602 0.20265549
 0.24709448 0.20209059 0.22027972 0.22975636 0.21544026 0.21254355
 0.21328671 0.23201712 0.21328671 0.23743565 0.22562294 0.22329291
 0.20237264 0.25124557 0.19896851 0.24792487 0.21663173 0.22679693
 0.2500697  0.19163763 0.21909259 0.22010587 0.22012579 0.23760169
 0.23676164 0.20543175 0.20567602 0.23060361 0.20916844 0.17745303
 0.2027972  0.22695531 0.2300777  0.19841389 0.23060361 0.21648045
 0.24076388 0.22330775 0.19902235 0.2131069  0.2128402  0.1556322
 0.23344968 0.22711391 0.23692709 0.27818571 0.20610751 0.27214992
 0.24726703 0.20237264 0.24723379 0.17832168 0.22243892 0.22975636
 0.25509562 0.23044693 0.24809825 0.20586183 0.19553073 0.2339391
 0.20935101 0.22727273 0.2155906  0.18894332 0.22243892 0.20246606
 0.24757885 0.24026375 0.20586183 0.21979846 0.27565426 0.23277153
 0.21251246 0.22710445 0.22253129 0.22679693 0.19874477 0.23426573
 0.24974959 0.25174825 0.21966527 0.22313708 0.2339391  0.22361985
 0.21325603 0.24092179]
delta
BERT
[0.78240466 0.7972569  0.7825296  0.7959111  0.794464   0.78957295
 0.78575444 0.7937332  0.79365754 0.7850401  0.79029524 0.8007536
 0.8016074  0.7979522  0.7981638  0.7899331  0.7781875  0.7917291
 0.79784596 0.78575087 0.78686047 0.79970646 0.79024976 0.7828742
 0.7938606  0.79102933 0.7912041  0.78511953 0.7887122  0.8010883
 0.77885634 0.7949735  0.79399943 0.791188   0.7855957  0.78283095
 0.8100083  0.78094435 0.7878897  0.7863792  0.7909262  0.78034806
 0.7978139  0.7900984  0.7847357  0.7996925  0.7778846  0.7987697
 0.7912982  0.79549575 0.78678036 0.79286325 0.78611755 0.77504706
 0.7824211  0.7851932  0.7747005  0.7931784  0.79436934 0.7971964
 0.7797112  0.7821864  0.7995372  0.7933055  0.791165   0.7974023
 0.788448   0.78092444 0.78290117 0.792529   0.79579055 0.7971316
 0.7799058  0.7851361  0.79186034 0.7850411  0.7897713  0.79047334
 0.7952267  0.79389834 0.776662   0.7873078  0.79187065 0.78003705
 0.793641   0.7950903  0.78853106 0.7884332  0.77653694 0.80522954
 0.78452444 0.791628   0.79175776 0.7870289  0.78321385 0.79761136
 0.7931035  0.7949837  0.78938866 0.7863102  0.79475045 0.7976546
 0.7937343  0.7848309  0.783546   0.7941178  0.7987065  0.7856924
 0.7813039  0.7859616  0.8007722  0.7899906  0.79000485 0.791147
 0.7895441  0.7901952  0.79587126 0.79407907 0.79576623 0.78182745
 0.8033143  0.78140664 0.78927124 0.79337996 0.7796719  0.792455
 0.794925   0.79292524 0.790994   0.7967172  0.79561925 0.78637284
 0.78992546 0.78460467 0.78204346 0.7975118  0.8027293  0.7946774
 0.791412   0.78940296 0.7831833  0.8032519  0.78491557 0.7861216
 0.7932093  0.7991544  0.79326034 0.78511584 0.7933297  0.79043615
 0.7939046  0.7961527  0.7943377  0.7881309  0.7864249  0.77855444
 0.7967013  0.78964514 0.79071814 0.79270256 0.79462755 0.79812455
 0.8011812  0.7914722  0.7987669  0.7859598  0.7848196  0.7883917
 0.80414253 0.79538155 0.79749614 0.78636366 0.7881315  0.7965245
 0.79077804 0.7925698  0.78408194 0.7815066  0.79031706 0.7902876
 0.79854673 0.79474986 0.79622614 0.7896764  0.7974783  0.7892575
 0.784742   0.7901692  0.78923094 0.7851864  0.7913386  0.79342353
 0.79329455 0.80091774 0.793284   0.79550904 0.7933817  0.7966947
 0.79669464 0.79219544]
[nltk_data] Downloading package wordnet to /mnt/iusers01/fse-
[nltk_data]     ugpgt01/compsci01/q12628ct/nltk_data...
[nltk_data]   Package wordnet is already up-to-date!
[nltk_data] Downloading package punkt_tab to /mnt/iusers01/fse-
[nltk_data]     ugpgt01/compsci01/q12628ct/nltk_data...
[nltk_data]   Package punkt_tab is already up-to-date!
[nltk_data] Downloading package omw-1.4 to /mnt/iusers01/fse-
[nltk_data]     ugpgt01/compsci01/q12628ct/nltk_data...
[nltk_data]   Package omw-1.4 is already up-to-date!
/mnt/iusers01/fse-ugpgt01/compsci01/q12628ct/.conda/envs/semantic-decoding/lib/python3.10/site-packages/huggingface_hub/file_download.py:945: FutureWarning: `resume_download` is deprecated and will be removed in version 1.0.0. Downloads always resume when possible. If you want to force a new download, use `force_download=True`.
  warnings.warn(
Some weights of the model checkpoint at roberta-large were not used when initializing RobertaModel: ['lm_head.bias', 'lm_head.dense.weight', 'lm_head.layer_norm.bias', 'lm_head.dense.bias', 'lm_head.layer_norm.weight']
- This IS expected if you are initializing RobertaModel from the checkpoint of a model trained on another task or with another architecture (e.g. initializing a BertForSequenceClassification model from a BertForPreTraining model).
- This IS NOT expected if you are initializing RobertaModel from the checkpoint of a model that you expect to be exactly identical (initializing a BertForSequenceClassification model from a BertForSequenceClassification model).
Some weights of RobertaModel were not initialized from the model checkpoint at roberta-large and are newly initialized: ['roberta.pooler.dense.bias', 'roberta.pooler.dense.weight']
You should probably TRAIN this model on a down-stream task to be able to use it for predictions and inference.
delta
WER
[-0.07913669 -0.07194245 -0.10791367 -0.07194245 -0.10071942 -0.09352518
 -0.07913669 -0.07194245 -0.08633094 -0.09352518 -0.10071942 -0.08633094
 -0.05755396 -0.09352518 -0.10071942 -0.09352518 -0.07913669 -0.08633094
 -0.08633094 -0.08633094 -0.08633094 -0.07194245 -0.08633094 -0.07913669
 -0.08633094 -0.09352518 -0.07194245 -0.0647482  -0.11510791 -0.07194245
 -0.09352518 -0.08633094 -0.0647482  -0.08633094 -0.07194245 -0.07194245
 -0.07913669 -0.07913669 -0.07913669 -0.10791367 -0.07913669 -0.07194245
 -0.07913669 -0.09352518 -0.07194245 -0.08633094 -0.07913669 -0.07194245
 -0.0647482  -0.09352518 -0.08633094 -0.08633094 -0.11510791 -0.10071942
 -0.07913669 -0.08633094 -0.10071942 -0.10791367 -0.07913669 -0.11510791
 -0.10071942 -0.07194245 -0.10791367 -0.08633094 -0.10071942 -0.10071942
 -0.07913669 -0.10791367 -0.09352518 -0.08633094 -0.10071942 -0.10791367
 -0.07913669 -0.07913669 -0.10071942 -0.12230216 -0.09352518 -0.07913669
 -0.10071942 -0.09352518 -0.08633094 -0.07913669 -0.07913669 -0.08633094
 -0.09352518 -0.10071942 -0.08633094 -0.0647482  -0.08633094 -0.0647482
 -0.07913669 -0.09352518 -0.10791367 -0.08633094 -0.11510791 -0.09352518
 -0.07194245 -0.08633094 -0.09352518 -0.10071942 -0.10071942 -0.09352518
 -0.07913669 -0.09352518 -0.07913669 -0.08633094 -0.09352518 -0.09352518
 -0.09352518 -0.10791367 -0.10791367 -0.07913669 -0.07913669 -0.07913669
 -0.07194245 -0.07913669 -0.07913669 -0.08633094 -0.0647482  -0.08633094
 -0.10791367 -0.10791367 -0.09352518 -0.09352518 -0.08633094 -0.09352518
 -0.08633094 -0.09352518 -0.10791367 -0.10791367 -0.07913669 -0.10071942
 -0.0647482  -0.09352518 -0.07194245 -0.09352518 -0.10071942 -0.07913669
 -0.07194245 -0.09352518 -0.07913669 -0.07194245 -0.07194245 -0.08633094
 -0.09352518 -0.0647482  -0.08633094 -0.09352518 -0.11510791 -0.09352518
 -0.08633094 -0.08633094 -0.08633094 -0.10071942 -0.10791367 -0.10791367
 -0.07913669 -0.08633094 -0.10071942 -0.07194245 -0.08633094 -0.0647482
 -0.10071942 -0.09352518 -0.08633094 -0.10071942 -0.09352518 -0.0647482
 -0.07913669 -0.10071942 -0.07913669 -0.07913669 -0.07913669 -0.10071942
 -0.05755396 -0.09352518 -0.10791367 -0.07913669 -0.07194245 -0.08633094
 -0.10791367 -0.11510791 -0.10071942 -0.09352518 -0.07913669 -0.07194245
 -0.10071942 -0.09352518 -0.10071942 -0.07194245 -0.09352518 -0.10071942
 -0.10791367 -0.0647482  -0.10071942 -0.08633094 -0.09352518 -0.07913669
 -0.07913669 -0.09352518]
delta
BLEU
[0.31055901 0.34161491 0.2484472  0.24223602 0.29813665 0.30434783
 0.29192547 0.35403727 0.27950311 0.29192547 0.21118012 0.32298137
 0.33540373 0.26708075 0.24223602 0.30434783 0.28571429 0.30434783
 0.31055901 0.29192547 0.29192547 0.32919255 0.27329193 0.33540373
 0.32298137 0.30434783 0.34161491 0.29813665 0.26708075 0.26708075
 0.28571429 0.32298137 0.34161491 0.30434783 0.27950311 0.31055901
 0.32919255 0.29813665 0.29813665 0.31677019 0.35403727 0.31677019
 0.29813665 0.28571429 0.30434783 0.25465839 0.29813665 0.31677019
 0.31055901 0.30434783 0.27329193 0.27950311 0.26086957 0.31677019
 0.29192547 0.28571429 0.34161491 0.27950311 0.24223602 0.26086957
 0.31677019 0.29192547 0.2484472  0.32298137 0.23602484 0.27329193
 0.29192547 0.20496894 0.31677019 0.31055901 0.26708075 0.34782609
 0.34782609 0.31055901 0.2484472  0.20496894 0.28571429 0.28571429
 0.32298137 0.31677019 0.27329193 0.29192547 0.31055901 0.31055901
 0.26708075 0.31055901 0.29813665 0.34161491 0.30434783 0.34782609
 0.27329193 0.27329193 0.33540373 0.32919255 0.26086957 0.31677019
 0.33540373 0.30434783 0.37267081 0.29813665 0.22360248 0.23602484
 0.31055901 0.30434783 0.29813665 0.31677019 0.30434783 0.30434783
 0.25465839 0.29192547 0.31677019 0.33540373 0.33540373 0.36024845
 0.30434783 0.32919255 0.33540373 0.27950311 0.30434783 0.23602484
 0.29813665 0.25465839 0.26708075 0.34782609 0.31677019 0.29813665
 0.2484472  0.31677019 0.26086957 0.26086957 0.31677019 0.29192547
 0.34782609 0.29813665 0.31055901 0.27950311 0.2484472  0.29192547
 0.35403727 0.27329193 0.34161491 0.31055901 0.26708075 0.26708075
 0.26086957 0.31055901 0.27950311 0.30434783 0.23602484 0.30434783
 0.29192547 0.30434783 0.31055901 0.29192547 0.31055901 0.23602484
 0.28571429 0.26086957 0.29813665 0.36024845 0.33540373 0.26086957
 0.31677019 0.31055901 0.26086957 0.34782609 0.32298137 0.27950311
 0.31677019 0.31677019 0.31055901 0.26086957 0.37267081 0.27950311
 0.34161491 0.32919255 0.29813665 0.32919255 0.30434783 0.32298137
 0.22360248 0.22981366 0.36024845 0.31677019 0.32298137 0.27950311
 0.2173913  0.30434783 0.36645963 0.29813665 0.32298137 0.29192547
 0.29813665 0.31055901 0.27950311 0.32919255 0.2484472  0.31677019
 0.25465839 0.31677019]
delta
METEOR
[0.22694575 0.26379285 0.19190509 0.17723707 0.22882202 0.22313708
 0.23377573 0.24076388 0.21981856 0.20536839 0.16061453 0.25094346
 0.23393855 0.18716711 0.19492597 0.23677381 0.19566737 0.20935101
 0.233287   0.22274959 0.21585171 0.23012084 0.19786236 0.24075366
 0.22695531 0.22609528 0.23028611 0.22625317 0.20129683 0.18841591
 0.20571827 0.21648045 0.23393855 0.22996037 0.21589191 0.24957542
 0.25426913 0.21254355 0.22647097 0.23344968 0.27724608 0.24623706
 0.21979846 0.20833333 0.24308654 0.19077319 0.21933895 0.22678727
 0.22632312 0.22647097 0.21615297 0.21890202 0.19150418 0.22662901
 0.20571827 0.20514604 0.27043333 0.20190169 0.1876881  0.20553259
 0.2337753  0.22695531 0.19170509 0.24043165 0.17482517 0.20260764
 0.21979846 0.15622093 0.2339391  0.22641128 0.19203911 0.24726703
 0.25250582 0.20571827 0.19465467 0.15578758 0.2155906  0.19190509
 0.23726984 0.22027972 0.18841591 0.20887692 0.24026375 0.21617852
 0.21587744 0.21615297 0.23293385 0.21997207 0.22631315 0.26090574
 0.18828452 0.22298148 0.23759609 0.25059323 0.19457957 0.24743983
 0.27451046 0.22599817 0.24391718 0.22980011 0.18466899 0.18458996
 0.2339391  0.20265549 0.21555129 0.24340796 0.21236437 0.2330964
 0.1914379  0.19902235 0.23344948 0.24992399 0.23361259 0.27062192
 0.22562294 0.23410269 0.22330775 0.22274959 0.22012579 0.17736049
 0.21979846 0.18428373 0.19832985 0.24442853 0.23693892 0.20209059
 0.18479777 0.24059587 0.21454259 0.2080046  0.21617852 0.2194919
 0.24757885 0.21964507 0.22980011 0.23377573 0.20129683 0.20935101
 0.25473934 0.21574115 0.24792487 0.23342218 0.19217331 0.18466899
 0.20858621 0.22330775 0.21903367 0.2195122  0.16342142 0.21909259
 0.21587744 0.21572721 0.21604289 0.21280926 0.22695531 0.19779715
 0.20600559 0.1914379  0.22959603 0.27195974 0.24757885 0.20218348
 0.30065365 0.22632312 0.21251246 0.26730209 0.24425784 0.20538936
 0.21979846 0.22330775 0.23342218 0.19498607 0.24807827 0.20614955
 0.23044693 0.23377573 0.21280926 0.26767568 0.21617852 0.21254355
 0.17026881 0.15246015 0.25776976 0.21313767 0.26595776 0.21192133
 0.17458101 0.21933895 0.2547104  0.20600559 0.23012552 0.20557491
 0.1958042  0.23293385 0.19874477 0.23726984 0.18794969 0.22330775
 0.17807263 0.23410269]
delta
BERT
[0.7908074  0.79565054 0.78333783 0.78156537 0.78482807 0.7855315
 0.8017068  0.7842365  0.7927811  0.7894139  0.78312165 0.78794944
 0.7940084  0.7779645  0.775293   0.7841538  0.7895405  0.7895758
 0.79207426 0.79803324 0.7921905  0.7932021  0.785885   0.7966544
 0.7926884  0.79387265 0.7908237  0.7970875  0.78043276 0.78110945
 0.7953663  0.7994081  0.79360485 0.78905094 0.78193223 0.790051
 0.80461776 0.79231584 0.78635764 0.7958867  0.7958675  0.792237
 0.7869352  0.7812234  0.78808963 0.7790071  0.79043484 0.78903836
 0.7913885  0.7782972  0.7805623  0.7925103  0.7764994  0.79956794
 0.79058397 0.7893965  0.79153347 0.78065085 0.7813194  0.7852695
 0.78677523 0.78827757 0.78300667 0.7894751  0.79506993 0.78623104
 0.7934459  0.7796751  0.7900769  0.7820945  0.7820138  0.7891451
 0.78277147 0.78749573 0.7773037  0.78012514 0.7893555  0.78147084
 0.79590154 0.78979087 0.7810788  0.78600484 0.7927156  0.7847346
 0.79725266 0.79506373 0.78977114 0.7923253  0.7950782  0.7982856
 0.78656614 0.78992176 0.7846534  0.7843138  0.78634536 0.8005032
 0.80002606 0.7974187  0.7914474  0.79274106 0.79264015 0.7866709
 0.79540664 0.783347   0.78809524 0.79283243 0.78266585 0.7921702
 0.77917516 0.78874624 0.79849124 0.7936961  0.7923217  0.79991776
 0.7899848  0.79019654 0.7911463  0.7915894  0.78028905 0.7789557
 0.785752   0.7778157  0.78490496 0.802021   0.78682697 0.78881323
 0.78421164 0.7960563  0.78893113 0.79074085 0.78896785 0.7938925
 0.79079115 0.7934033  0.799014   0.7938551  0.7889394  0.78608656
 0.7972353  0.7875971  0.7931774  0.79344344 0.7978238  0.78608716
 0.7880655  0.79452443 0.78608084 0.79009396 0.78623796 0.7983077
 0.79221284 0.7925417  0.7837354  0.7925222  0.7852304  0.7808341
 0.7854065  0.79096293 0.7857236  0.7972217  0.7969175  0.7845849
 0.79620576 0.791836   0.79020464 0.79131484 0.79109323 0.7928775
 0.7962605  0.79607564 0.7904711  0.7831451  0.7902367  0.79579604
 0.7944313  0.7989054  0.7902878  0.79400647 0.7879714  0.7942561
 0.77788657 0.7827066  0.79887474 0.7897242  0.7929127  0.7900256
 0.7792238  0.7882111  0.79755116 0.7916216  0.7878276  0.7847792
 0.7912513  0.7997815  0.7855854  0.7924542  0.77726734 0.79638577
 0.7763406  0.8019594 ]
[nltk_data] Downloading package wordnet to /mnt/iusers01/fse-
[nltk_data]     ugpgt01/compsci01/q12628ct/nltk_data...
[nltk_data]   Package wordnet is already up-to-date!
[nltk_data] Downloading package punkt_tab to /mnt/iusers01/fse-
[nltk_data]     ugpgt01/compsci01/q12628ct/nltk_data...
[nltk_data]   Package punkt_tab is already up-to-date!
[nltk_data] Downloading package omw-1.4 to /mnt/iusers01/fse-
[nltk_data]     ugpgt01/compsci01/q12628ct/nltk_data...
[nltk_data]   Package omw-1.4 is already up-to-date!
/mnt/iusers01/fse-ugpgt01/compsci01/q12628ct/.conda/envs/semantic-decoding/lib/python3.10/site-packages/huggingface_hub/file_download.py:945: FutureWarning: `resume_download` is deprecated and will be removed in version 1.0.0. Downloads always resume when possible. If you want to force a new download, use `force_download=True`.
  warnings.warn(
Some weights of the model checkpoint at roberta-large were not used when initializing RobertaModel: ['lm_head.dense.bias', 'lm_head.layer_norm.bias', 'lm_head.bias', 'lm_head.layer_norm.weight', 'lm_head.dense.weight']
- This IS expected if you are initializing RobertaModel from the checkpoint of a model trained on another task or with another architecture (e.g. initializing a BertForSequenceClassification model from a BertForPreTraining model).
- This IS NOT expected if you are initializing RobertaModel from the checkpoint of a model that you expect to be exactly identical (initializing a BertForSequenceClassification model from a BertForSequenceClassification model).
Some weights of RobertaModel were not initialized from the model checkpoint at roberta-large and are newly initialized: ['roberta.pooler.dense.bias', 'roberta.pooler.dense.weight']
You should probably TRAIN this model on a down-stream task to be able to use it for predictions and inference.
delta
WER
[-0.07913669 -0.07194245 -0.08633094 -0.07194245 -0.09352518 -0.05755396
 -0.0647482  -0.07913669 -0.05755396 -0.0647482  -0.05035971 -0.07913669
 -0.07194245 -0.0647482  -0.09352518 -0.07194245 -0.05035971 -0.0647482
 -0.07194245 -0.07194245 -0.08633094 -0.08633094 -0.07194245 -0.08633094
 -0.07194245 -0.0647482  -0.07913669 -0.07913669 -0.10071942 -0.02158273
 -0.05035971 -0.05755396 -0.08633094 -0.07913669 -0.07194245 -0.09352518
 -0.07194245 -0.09352518 -0.05755396 -0.0647482  -0.07194245 -0.0647482
 -0.07913669 -0.10071942 -0.07913669 -0.07194245 -0.09352518 -0.07913669
 -0.09352518 -0.08633094 -0.0647482  -0.0647482  -0.05035971 -0.05755396
 -0.08633094 -0.07913669 -0.07194245 -0.07913669 -0.07913669 -0.07913669
 -0.07194245 -0.08633094 -0.07194245 -0.07913669 -0.09352518 -0.05035971
 -0.10071942 -0.0647482  -0.0647482  -0.07194245 -0.05755396 -0.08633094
 -0.08633094 -0.0647482  -0.07194245 -0.07194245 -0.08633094 -0.0647482
 -0.07913669 -0.0647482  -0.05035971 -0.07194245 -0.07913669 -0.08633094
 -0.09352518 -0.07194245 -0.07194245 -0.0647482  -0.0647482  -0.08633094
 -0.0647482  -0.07913669 -0.10791367 -0.05755396 -0.10071942 -0.08633094
 -0.07194245 -0.0647482  -0.0647482  -0.07913669 -0.08633094 -0.07913669
 -0.09352518 -0.07194245 -0.07194245 -0.07913669 -0.07913669 -0.0647482
 -0.07194245 -0.07913669 -0.08633094 -0.0647482  -0.05755396 -0.0647482
 -0.07194245 -0.0647482  -0.07913669 -0.0647482  -0.10071942 -0.07194245
 -0.08633094 -0.07913669 -0.07194245 -0.0647482  -0.05755396 -0.0647482
 -0.0647482  -0.09352518 -0.07194245 -0.05755396 -0.07913669 -0.0647482
 -0.09352518 -0.07913669 -0.07913669 -0.07913669 -0.05755396 -0.07194245
 -0.03597122 -0.08633094 -0.08633094 -0.05755396 -0.07913669 -0.07913669
 -0.0647482  -0.10791367 -0.10791367 -0.07194245 -0.07913669 -0.10071942
 -0.07913669 -0.07913669 -0.07194245 -0.07913669 -0.07194245 -0.07913669
 -0.07194245 -0.08633094 -0.09352518 -0.07913669 -0.09352518 -0.07194245
 -0.10071942 -0.0647482  -0.07194245 -0.07913669 -0.05035971 -0.07913669
 -0.07913669 -0.10791367 -0.07913669 -0.07913669 -0.07913669 -0.07194245
 -0.07194245 -0.07194245 -0.0647482  -0.07913669 -0.09352518 -0.08633094
 -0.0647482  -0.05755396 -0.07913669 -0.10071942 -0.07194245 -0.07913669
 -0.04316547 -0.0647482  -0.08633094 -0.10071942 -0.07913669 -0.09352518
 -0.05755396 -0.08633094 -0.07194245 -0.07194245 -0.07194245 -0.07913669
 -0.07913669 -0.09352518]
delta
BLEU
[0.25786164 0.28930818 0.27044025 0.3081761  0.28930818 0.32075472
 0.27672956 0.33962264 0.32075472 0.30188679 0.32075472 0.34591195
 0.30188679 0.29559748 0.25786164 0.33962264 0.30188679 0.27044025
 0.28301887 0.32075472 0.28301887 0.26415094 0.29559748 0.27044025
 0.33333333 0.3081761  0.30188679 0.29559748 0.24528302 0.32704403
 0.32704403 0.37106918 0.32704403 0.30188679 0.3081761  0.26415094
 0.27672956 0.28930818 0.30188679 0.33333333 0.30188679 0.32075472
 0.29559748 0.26415094 0.3081761  0.29559748 0.24528302 0.35220126
 0.2327044  0.28301887 0.31446541 0.31446541 0.33962264 0.23899371
 0.3081761  0.28301887 0.31446541 0.27672956 0.3081761  0.3081761
 0.3081761  0.26415094 0.28930818 0.29559748 0.23899371 0.31446541
 0.32075472 0.25157233 0.30188679 0.30188679 0.31446541 0.26415094
 0.32704403 0.32704403 0.27672956 0.35849057 0.29559748 0.31446541
 0.25157233 0.28930818 0.33962264 0.26415094 0.32075472 0.30188679
 0.28930818 0.3081761  0.32075472 0.33333333 0.33962264 0.27044025
 0.35220126 0.34591195 0.26415094 0.31446541 0.22012579 0.34591195
 0.33962264 0.35220126 0.26415094 0.33333333 0.27044025 0.32075472
 0.28930818 0.32075472 0.32704403 0.27044025 0.31446541 0.34591195
 0.32075472 0.27044025 0.32704403 0.36477987 0.37735849 0.32704403
 0.33333333 0.30188679 0.31446541 0.30188679 0.18867925 0.3081761
 0.2327044  0.34591195 0.28301887 0.35849057 0.34591195 0.27672956
 0.35849057 0.2327044  0.29559748 0.35220126 0.29559748 0.32704403
 0.30188679 0.27672956 0.28930818 0.33962264 0.27672956 0.31446541
 0.33962264 0.31446541 0.32704403 0.28301887 0.31446541 0.32704403
 0.29559748 0.2327044  0.24528302 0.30188679 0.32704403 0.25786164
 0.32075472 0.28301887 0.28301887 0.32704403 0.34591195 0.30188679
 0.32075472 0.32704403 0.20754717 0.32075472 0.26415094 0.28930818
 0.25786164 0.27672956 0.27044025 0.32704403 0.31446541 0.32075472
 0.27672956 0.25786164 0.25157233 0.28930818 0.33333333 0.32075472
 0.33333333 0.29559748 0.28301887 0.28930818 0.29559748 0.28301887
 0.34591195 0.3081761  0.3081761  0.22012579 0.27672956 0.27044025
 0.28930818 0.28930818 0.33962264 0.28930818 0.31446541 0.31446541
 0.32704403 0.32075472 0.31446541 0.31446541 0.33962264 0.33962264
 0.31446541 0.26415094]
delta
METEOR
[0.19896851 0.20600559 0.19874477 0.21615297 0.21997207 0.23060361
 0.21280926 0.23076923 0.23076923 0.21645507 0.25480293 0.24477063
 0.21979846 0.20990083 0.17807263 0.23028154 0.21660643 0.20190169
 0.19944017 0.21587744 0.21955222 0.18828452 0.22290525 0.21236437
 0.22695531 0.20600559 0.21328671 0.21660643 0.17073171 0.22377622
 0.24410648 0.26127014 0.22361985 0.22010587 0.2169098  0.19944017
 0.2131069  0.24495752 0.23358541 0.22274959 0.21295798 0.22694575
 0.22959603 0.21529012 0.23076923 0.20964361 0.19533433 0.24125874
 0.16375553 0.20274942 0.21693492 0.24459946 0.2337753  0.17409471
 0.22662901 0.22625317 0.25361536 0.18867925 0.21313767 0.22025989
 0.20993702 0.19902235 0.20194986 0.22337353 0.18808076 0.21358543
 0.20600559 0.18544437 0.21343597 0.23676164 0.20586183 0.20508176
 0.23377573 0.23393855 0.19902235 0.26245983 0.20237264 0.23093072
 0.2151402  0.24323298 0.23410269 0.21503559 0.23776224 0.21223625
 0.21648045 0.21645507 0.23709277 0.27099988 0.23442967 0.19203911
 0.24410648 0.25062406 0.16736402 0.25111895 0.15701326 0.23426573
 0.27099988 0.26514057 0.21179255 0.25059323 0.19525802 0.19944017
 0.20979021 0.24726703 0.23618926 0.1875     0.23076923 0.25813028
 0.23028154 0.24901321 0.22694575 0.25462475 0.25805284 0.24059979
 0.2442773  0.2339391  0.22688693 0.20873146 0.13194444 0.22991692
 0.1632997  0.21708683 0.21933895 0.24475524 0.24126933 0.19924698
 0.23410203 0.17373176 0.20293912 0.25129468 0.20308123 0.22346369
 0.21995205 0.19860627 0.20858521 0.24125874 0.21933895 0.21008403
 0.23044246 0.23676164 0.23676164 0.20265549 0.22315202 0.23012552
 0.20629371 0.18623896 0.17857143 0.21675801 0.22012579 0.19869081
 0.24675364 0.20251397 0.19874477 0.21632938 0.24778614 0.21675801
 0.2467501  0.22711391 0.15373864 0.20251397 0.18466899 0.2028914
 0.17832168 0.18881119 0.18492673 0.22393282 0.21663173 0.2339391
 0.21194025 0.18531469 0.19443236 0.23260943 0.24093213 0.23377573
 0.25462475 0.22631315 0.1993007  0.21645507 0.19150418 0.19916143
 0.25813028 0.25426913 0.22726338 0.18079284 0.21615297 0.20596348
 0.2128402  0.20237264 0.25094346 0.20916844 0.24059979 0.22710445
 0.23361259 0.22727273 0.22290525 0.2330964  0.25438405 0.23426573
 0.21933895 0.1915714 ]
delta
BERT
[0.7908143  0.7918538  0.78356504 0.7859596  0.79335296 0.7928473
 0.78471434 0.786898   0.7966279  0.78351605 0.80254865 0.79071236
 0.79028726 0.7999479  0.7799015  0.79382443 0.7956679  0.79277974
 0.79123867 0.7837447  0.7911377  0.77594256 0.7944328  0.78837514
 0.80024683 0.7903875  0.79288626 0.77960837 0.7862296  0.798126
 0.79942703 0.80457664 0.79854095 0.7977733  0.7938942  0.7908521
 0.78967166 0.789401   0.8032414  0.79188085 0.7966049  0.79489195
 0.7827371  0.78408146 0.7957598  0.78410137 0.78188765 0.7923085
 0.77881324 0.7777761  0.79919875 0.7995307  0.7931706  0.78506875
 0.78875107 0.78889346 0.7903007  0.7825233  0.79186785 0.7983341
 0.79103374 0.78469867 0.79071397 0.79779935 0.7857961  0.79922605
 0.7855619  0.79003817 0.7897027  0.79062295 0.79539186 0.78273416
 0.78826594 0.7981658  0.7863435  0.80462706 0.7837591  0.7914863
 0.78482914 0.7856727  0.78716385 0.78720427 0.79352295 0.78678393
 0.78068984 0.7911548  0.7905835  0.79645777 0.79560345 0.7886296
 0.78998595 0.78945255 0.77725947 0.79686904 0.7792999  0.7859638
 0.7916466  0.790697   0.7797375  0.77583313 0.7868619  0.7867407
 0.79419327 0.79118204 0.7978998  0.7790469  0.79717815 0.7904818
 0.7885701  0.79733473 0.79701245 0.79844666 0.8049823  0.7910913
 0.7932258  0.7924728  0.78790027 0.78856426 0.77941775 0.7857949
 0.783694   0.8091922  0.7849362  0.7957522  0.796376   0.78177875
 0.7888081  0.7822609  0.7892283  0.8014789  0.79499495 0.7882446
 0.78988963 0.7878432  0.786676   0.79488117 0.7906291  0.7837087
 0.7879881  0.7946676  0.78399765 0.7935441  0.78969395 0.785095
 0.79106766 0.7861227  0.785041   0.786737   0.80086786 0.78545994
 0.79093194 0.7970303  0.7810509  0.7882724  0.80705106 0.79967713
 0.79473555 0.793332   0.7882991  0.7980361  0.780005   0.79253995
 0.78708124 0.7935938  0.78236294 0.7988478  0.8025003  0.7903886
 0.78639686 0.78270173 0.780805   0.7845191  0.7906606  0.7962961
 0.79735065 0.7971617  0.7861016  0.7838839  0.78492403 0.7946635
 0.79661727 0.79415    0.7925667  0.7818868  0.78761744 0.78715515
 0.7992291  0.7886529  0.78853536 0.78861964 0.7888117  0.7954396
 0.79347575 0.78817636 0.7912617  0.7893093  0.79904985 0.7917415
 0.79519755 0.78407574]
[nltk_data] Downloading package wordnet to /mnt/iusers01/fse-
[nltk_data]     ugpgt01/compsci01/q12628ct/nltk_data...
[nltk_data]   Package wordnet is already up-to-date!
[nltk_data] Downloading package punkt_tab to /mnt/iusers01/fse-
[nltk_data]     ugpgt01/compsci01/q12628ct/nltk_data...
[nltk_data]   Package punkt_tab is already up-to-date!
[nltk_data] Downloading package omw-1.4 to /mnt/iusers01/fse-
[nltk_data]     ugpgt01/compsci01/q12628ct/nltk_data...
[nltk_data]   Package omw-1.4 is already up-to-date!
/mnt/iusers01/fse-ugpgt01/compsci01/q12628ct/.conda/envs/semantic-decoding/lib/python3.10/site-packages/huggingface_hub/file_download.py:945: FutureWarning: `resume_download` is deprecated and will be removed in version 1.0.0. Downloads always resume when possible. If you want to force a new download, use `force_download=True`.
  warnings.warn(
Some weights of the model checkpoint at roberta-large were not used when initializing RobertaModel: ['lm_head.bias', 'lm_head.dense.bias', 'lm_head.layer_norm.weight', 'lm_head.layer_norm.bias', 'lm_head.dense.weight']
- This IS expected if you are initializing RobertaModel from the checkpoint of a model trained on another task or with another architecture (e.g. initializing a BertForSequenceClassification model from a BertForPreTraining model).
- This IS NOT expected if you are initializing RobertaModel from the checkpoint of a model that you expect to be exactly identical (initializing a BertForSequenceClassification model from a BertForSequenceClassification model).
Some weights of RobertaModel were not initialized from the model checkpoint at roberta-large and are newly initialized: ['roberta.pooler.dense.bias', 'roberta.pooler.dense.weight']
You should probably TRAIN this model on a down-stream task to be able to use it for predictions and inference.
delta
WER
[-0.10071942 -0.10791367 -0.1294964  -0.13669065 -0.1294964  -0.11510791
 -0.10791367 -0.10791367 -0.10791367 -0.10791367 -0.11510791 -0.13669065
 -0.1294964  -0.12230216 -0.12230216 -0.11510791 -0.09352518 -0.12230216
 -0.12230216 -0.09352518 -0.12230216 -0.11510791 -0.11510791 -0.10791367
 -0.12230216 -0.1294964  -0.12230216 -0.12230216 -0.1294964  -0.10791367
 -0.09352518 -0.12230216 -0.12230216 -0.08633094 -0.1294964  -0.1294964
 -0.10791367 -0.10071942 -0.12230216 -0.14388489 -0.12230216 -0.11510791
 -0.13669065 -0.1294964  -0.1294964  -0.10791367 -0.11510791 -0.12230216
 -0.12230216 -0.11510791 -0.12230216 -0.10791367 -0.11510791 -0.12230216
 -0.1294964  -0.1294964  -0.12230216 -0.1294964  -0.11510791 -0.10791367
 -0.10071942 -0.12230216 -0.13669065 -0.1294964  -0.12230216 -0.1294964
 -0.1294964  -0.12230216 -0.1294964  -0.15107914 -0.11510791 -0.1294964
 -0.12230216 -0.11510791 -0.14388489 -0.12230216 -0.11510791 -0.13669065
 -0.12230216 -0.12230216 -0.15107914 -0.13669065 -0.11510791 -0.13669065
 -0.10791367 -0.10791367 -0.11510791 -0.12230216 -0.13669065 -0.11510791
 -0.12230216 -0.1294964  -0.12230216 -0.11510791 -0.10791367 -0.11510791
 -0.12230216 -0.10071942 -0.13669065 -0.10791367 -0.12230216 -0.09352518
 -0.09352518 -0.10791367 -0.12230216 -0.09352518 -0.1294964  -0.12230216
 -0.11510791 -0.12230216 -0.12230216 -0.11510791 -0.11510791 -0.10791367
 -0.10791367 -0.11510791 -0.10791367 -0.10791367 -0.12230216 -0.12230216
 -0.1294964  -0.12230216 -0.11510791 -0.10071942 -0.11510791 -0.11510791
 -0.10791367 -0.10791367 -0.1294964  -0.11510791 -0.1294964  -0.1294964
 -0.11510791 -0.1294964  -0.10791367 -0.10071942 -0.12230216 -0.1294964
 -0.11510791 -0.14388489 -0.12230216 -0.10791367 -0.10071942 -0.1294964
 -0.10071942 -0.09352518 -0.09352518 -0.1294964  -0.11510791 -0.10071942
 -0.09352518 -0.10071942 -0.10071942 -0.10791367 -0.12230216 -0.10071942
 -0.1294964  -0.11510791 -0.12230216 -0.10791367 -0.11510791 -0.1294964
 -0.12230216 -0.1294964  -0.12230216 -0.13669065 -0.12230216 -0.10791367
 -0.11510791 -0.12230216 -0.11510791 -0.11510791 -0.09352518 -0.13669065
 -0.1294964  -0.12230216 -0.11510791 -0.11510791 -0.11510791 -0.11510791
 -0.10791367 -0.11510791 -0.12230216 -0.12230216 -0.11510791 -0.10791367
 -0.12230216 -0.10071942 -0.09352518 -0.15827338 -0.10071942 -0.11510791
 -0.10791367 -0.12230216 -0.10791367 -0.1294964  -0.10791367 -0.12230216
 -0.13669065 -0.10071942]
delta
BLEU
[0.26506024 0.36144578 0.28915663 0.30722892 0.28313253 0.3253012
 0.31325301 0.30120482 0.34939759 0.30120482 0.27108434 0.28915663
 0.25903614 0.3313253  0.28915663 0.29518072 0.31927711 0.30120482
 0.31927711 0.27710843 0.26506024 0.25903614 0.30120482 0.28313253
 0.26506024 0.24096386 0.28915663 0.30120482 0.30120482 0.28915663
 0.31927711 0.26506024 0.31927711 0.25301205 0.25903614 0.25301205
 0.29518072 0.30120482 0.26506024 0.27108434 0.28313253 0.31927711
 0.27710843 0.24698795 0.28313253 0.30120482 0.3253012  0.28915663
 0.31325301 0.29518072 0.30120482 0.3373494  0.31325301 0.27108434
 0.3313253  0.30722892 0.31325301 0.25301205 0.28313253 0.28313253
 0.27108434 0.3373494  0.21686747 0.25301205 0.30120482 0.29518072
 0.26506024 0.27710843 0.27108434 0.22891566 0.25903614 0.31325301
 0.31325301 0.3253012  0.23493976 0.31927711 0.31325301 0.24698795
 0.35542169 0.3253012  0.25903614 0.24096386 0.3253012  0.24698795
 0.31325301 0.29518072 0.30120482 0.3253012  0.30722892 0.3373494
 0.31927711 0.30120482 0.31927711 0.26506024 0.25903614 0.29518072
 0.30722892 0.28313253 0.28313253 0.28915663 0.28313253 0.31325301
 0.35542169 0.3313253  0.34337349 0.3313253  0.27710843 0.24096386
 0.31325301 0.31325301 0.25903614 0.25301205 0.31927711 0.29518072
 0.28915663 0.3373494  0.31325301 0.3253012  0.24698795 0.35542169
 0.30722892 0.30120482 0.28313253 0.3313253  0.31325301 0.31927711
 0.3253012  0.36144578 0.25903614 0.30120482 0.30722892 0.26506024
 0.28915663 0.28915663 0.30120482 0.30120482 0.3253012  0.27710843
 0.30120482 0.23493976 0.3253012  0.30722892 0.3313253  0.26506024
 0.30722892 0.35542169 0.31325301 0.28915663 0.30120482 0.25903614
 0.27108434 0.3313253  0.28915663 0.25301205 0.28313253 0.31325301
 0.28915663 0.27710843 0.30722892 0.28915663 0.28915663 0.31325301
 0.29518072 0.29518072 0.29518072 0.22289157 0.29518072 0.31325301
 0.3313253  0.34939759 0.24096386 0.31927711 0.31325301 0.22891566
 0.25301205 0.27710843 0.30722892 0.3313253  0.3373494  0.27710843
 0.30722892 0.28313253 0.31927711 0.25301205 0.34337349 0.30120482
 0.29518072 0.3253012  0.30722892 0.22891566 0.3373494  0.31325301
 0.31927711 0.34939759 0.28313253 0.26506024 0.31927711 0.28313253
 0.24096386 0.27108434]
delta
METEOR
[0.20757506 0.26348229 0.21572721 0.24555228 0.2120688  0.22948028
 0.23312457 0.23263853 0.26759264 0.21254355 0.20514604 0.20514604
 0.18390007 0.24920201 0.21510222 0.19846797 0.23644427 0.21572721
 0.23215454 0.22530914 0.21872925 0.19485038 0.21557719 0.20876827
 0.19819193 0.18364518 0.23926126 0.24224307 0.22552734 0.23660404
 0.21935933 0.21857735 0.24008351 0.20543175 0.19799996 0.19083969
 0.21572721 0.24323869 0.19457957 0.20439233 0.20514604 0.24920201
 0.21542738 0.20148048 0.20514604 0.23992615 0.2532082  0.22911637
 0.22584101 0.22268615 0.22268615 0.24589333 0.22569444 0.20538936
 0.24620437 0.22284123 0.2367688  0.20439233 0.20514604 0.1980542
 0.19417476 0.24290086 0.17037552 0.21817907 0.22237665 0.24274845
 0.20873146 0.21905424 0.21136521 0.20408484 0.21192133 0.24306965
 0.22599817 0.23611111 0.186644   0.23312457 0.24290086 0.17025712
 0.26384901 0.22616562 0.20018084 0.19097222 0.24954836 0.1809325
 0.21587744 0.21195274 0.23660892 0.2294854  0.23611565 0.24704245
 0.22253129 0.2293207  0.25973923 0.19457957 0.20862309 0.22189829
 0.23810221 0.21905424 0.20486111 0.21527778 0.22212911 0.23992615
 0.28734376 0.25255643 0.25367645 0.27575785 0.21162699 0.19397972
 0.24905439 0.24555164 0.22499621 0.20380178 0.26637267 0.22895693
 0.24572263 0.25733453 0.22884882 0.25303224 0.18698061 0.25751374
 0.23231623 0.21195274 0.22499621 0.25019726 0.23312454 0.22268615
 0.24290086 0.28108979 0.20862309 0.22615555 0.24340796 0.20138889
 0.21527778 0.20876827 0.23280031 0.21888136 0.22980501 0.19777932
 0.20471895 0.19389152 0.22948028 0.23296231 0.22996516 0.19471488
 0.21254355 0.26733672 0.23611565 0.2222067  0.22299652 0.19097222
 0.20891365 0.2402507  0.22206801 0.19777932 0.21465502 0.24954836
 0.20138889 0.19097222 0.2285261  0.24154387 0.22267092 0.24306965
 0.23511974 0.2222067  0.22537083 0.16609088 0.22615555 0.21527778
 0.2468897  0.26018    0.18789144 0.2500697  0.23296245 0.18382083
 0.20496087 0.20152884 0.21224774 0.27946343 0.25715558 0.21469168
 0.21542738 0.21555129 0.23263853 0.20180932 0.24322446 0.24555164
 0.2293207  0.27262479 0.20500347 0.18046974 0.26715081 0.21888136
 0.22600834 0.25332412 0.24623532 0.22499621 0.25350016 0.21195274
 0.17634855 0.21872925]
delta
BERT
[0.78153646 0.797271   0.7869217  0.7938955  0.7927628  0.7988677
 0.7926762  0.7850136  0.7982855  0.7944832  0.78852206 0.78521377
 0.7840782  0.791365   0.79325676 0.79145014 0.7903617  0.7937679
 0.7774092  0.7886752  0.78777504 0.787614   0.7861186  0.7833267
 0.80094707 0.7843057  0.7881003  0.7868588  0.7908374  0.7929312
 0.7982333  0.78289205 0.7895395  0.78503907 0.77881706 0.78621936
 0.7848801  0.79368865 0.7878581  0.7833965  0.7862642  0.80065566
 0.7902115  0.7844669  0.7925134  0.79221696 0.7921774  0.797611
 0.79322165 0.7931168  0.78942156 0.78930545 0.7926305  0.7936197
 0.7957251  0.7965346  0.7964425  0.7857949  0.78314877 0.78659
 0.780914   0.79403985 0.77916145 0.7845485  0.7971029  0.7886869
 0.79542005 0.7925907  0.784892   0.7880589  0.7877082  0.79755044
 0.7903592  0.7945614  0.78929543 0.78696346 0.79113317 0.77767783
 0.79944265 0.7904338  0.7853344  0.7818516  0.7811153  0.7816273
 0.78769827 0.78669685 0.8001378  0.78803205 0.79024744 0.79407704
 0.78960073 0.79954845 0.7975535  0.7812299  0.78569007 0.7913198
 0.78927004 0.7941632  0.784717   0.78793746 0.7939445  0.799929
 0.8002052  0.79545856 0.79461783 0.795298   0.79336834 0.7775803
 0.79217684 0.7860967  0.77673423 0.7819825  0.78143096 0.79524636
 0.80474365 0.7882104  0.7956949  0.794456   0.7854353  0.80036336
 0.7922785  0.77833605 0.7876042  0.79618275 0.7920569  0.7952888
 0.799677   0.7979927  0.78422964 0.78225434 0.79950315 0.7938653
 0.7833245  0.7844411  0.79684556 0.7958337  0.7896668  0.7880708
 0.7957718  0.7864951  0.79660654 0.79289985 0.79208577 0.78400815
 0.798426   0.7928938  0.7926769  0.79031014 0.78768265 0.7830142
 0.7885035  0.79357207 0.7889532  0.78866726 0.7902347  0.7896792
 0.790426   0.78350216 0.7897506  0.78700244 0.7891309  0.79422367
 0.781482   0.7913937  0.78300625 0.77852905 0.791394   0.78608936
 0.792295   0.7974217  0.7902262  0.7949158  0.79266286 0.7862974
 0.7965825  0.78495884 0.78682077 0.7888664  0.7950076  0.79305923
 0.783389   0.7943828  0.78244734 0.787843   0.79388106 0.78811073
 0.7916176  0.7985964  0.79319876 0.7802569  0.79924953 0.7868732
 0.7946998  0.7901653  0.794233   0.7810935  0.7958181  0.78586024
 0.78165865 0.78960717]
[nltk_data] Downloading package wordnet to /mnt/iusers01/fse-
[nltk_data]     ugpgt01/compsci01/q12628ct/nltk_data...
[nltk_data]   Package wordnet is already up-to-date!
[nltk_data] Downloading package punkt_tab to /mnt/iusers01/fse-
[nltk_data]     ugpgt01/compsci01/q12628ct/nltk_data...
[nltk_data]   Package punkt_tab is already up-to-date!
[nltk_data] Downloading package omw-1.4 to /mnt/iusers01/fse-
[nltk_data]     ugpgt01/compsci01/q12628ct/nltk_data...
[nltk_data]   Package omw-1.4 is already up-to-date!
/mnt/iusers01/fse-ugpgt01/compsci01/q12628ct/.conda/envs/semantic-decoding/lib/python3.10/site-packages/huggingface_hub/file_download.py:945: FutureWarning: `resume_download` is deprecated and will be removed in version 1.0.0. Downloads always resume when possible. If you want to force a new download, use `force_download=True`.
  warnings.warn(
Some weights of the model checkpoint at roberta-large were not used when initializing RobertaModel: ['lm_head.layer_norm.weight', 'lm_head.bias', 'lm_head.layer_norm.bias', 'lm_head.dense.weight', 'lm_head.dense.bias']
- This IS expected if you are initializing RobertaModel from the checkpoint of a model trained on another task or with another architecture (e.g. initializing a BertForSequenceClassification model from a BertForPreTraining model).
- This IS NOT expected if you are initializing RobertaModel from the checkpoint of a model that you expect to be exactly identical (initializing a BertForSequenceClassification model from a BertForSequenceClassification model).
Some weights of RobertaModel were not initialized from the model checkpoint at roberta-large and are newly initialized: ['roberta.pooler.dense.weight', 'roberta.pooler.dense.bias']
You should probably TRAIN this model on a down-stream task to be able to use it for predictions and inference.
delta
WER
[-0.15107914 -0.13669065 -0.12230216 -0.1294964  -0.13669065 -0.14388489
 -0.14388489 -0.1294964  -0.15107914 -0.15107914 -0.13669065 -0.12230216
 -0.13669065 -0.13669065 -0.12230216 -0.14388489 -0.15107914 -0.15827338
 -0.15107914 -0.15107914 -0.10791367 -0.1294964  -0.14388489 -0.13669065
 -0.15827338 -0.15107914 -0.15827338 -0.13669065 -0.13669065 -0.13669065
 -0.14388489 -0.15827338 -0.14388489 -0.14388489 -0.13669065 -0.16546763
 -0.12230216 -0.14388489 -0.1294964  -0.11510791 -0.1294964  -0.14388489
 -0.14388489 -0.15827338 -0.1294964  -0.14388489 -0.10791367 -0.13669065
 -0.14388489 -0.1294964  -0.14388489 -0.1294964  -0.15827338 -0.12230216
 -0.12230216 -0.15107914 -0.1294964  -0.1294964  -0.14388489 -0.16546763
 -0.13669065 -0.13669065 -0.14388489 -0.13669065 -0.1294964  -0.16546763
 -0.14388489 -0.12230216 -0.14388489 -0.12230216 -0.16546763 -0.13669065
 -0.14388489 -0.13669065 -0.15107914 -0.15107914 -0.15827338 -0.1294964
 -0.16546763 -0.13669065 -0.1294964  -0.12230216 -0.12230216 -0.14388489
 -0.13669065 -0.15827338 -0.15107914 -0.12230216 -0.1294964  -0.15827338
 -0.15107914 -0.14388489 -0.15107914 -0.15107914 -0.13669065 -0.15107914
 -0.17266187 -0.14388489 -0.14388489 -0.1294964  -0.15827338 -0.13669065
 -0.10791367 -0.14388489 -0.12230216 -0.15827338 -0.14388489 -0.14388489
 -0.1294964  -0.1294964  -0.17266187 -0.1294964  -0.14388489 -0.11510791
 -0.14388489 -0.1294964  -0.15827338 -0.14388489 -0.14388489 -0.15107914
 -0.13669065 -0.15107914 -0.13669065 -0.14388489 -0.15107914 -0.13669065
 -0.13669065 -0.14388489 -0.14388489 -0.10791367 -0.15827338 -0.15827338
 -0.1294964  -0.10791367 -0.11510791 -0.15827338 -0.11510791 -0.1294964
 -0.13669065 -0.15107914 -0.15827338 -0.1294964  -0.14388489 -0.15827338
 -0.13669065 -0.15107914 -0.11510791 -0.16546763 -0.15827338 -0.1294964
 -0.12230216 -0.1294964  -0.1294964  -0.1294964  -0.12230216 -0.16546763
 -0.12230216 -0.13669065 -0.15107914 -0.1294964  -0.13669065 -0.13669065
 -0.14388489 -0.12230216 -0.15107914 -0.1294964  -0.15107914 -0.1294964
 -0.13669065 -0.14388489 -0.13669065 -0.13669065 -0.13669065 -0.14388489
 -0.15827338 -0.12230216 -0.08633094 -0.12230216 -0.13669065 -0.14388489
 -0.13669065 -0.1294964  -0.1294964  -0.15827338 -0.13669065 -0.13669065
 -0.14388489 -0.14388489 -0.12230216 -0.10791367 -0.11510791 -0.15107914
 -0.16546763 -0.13669065 -0.13669065 -0.16546763 -0.17266187 -0.12230216
 -0.13669065 -0.15107914]
delta
BLEU
[0.28235294 0.26470588 0.24705882 0.30588235 0.28235294 0.34117647
 0.28235294 0.28823529 0.27647059 0.27647059 0.31176471 0.32941176
 0.32941176 0.32352941 0.29411765 0.30588235 0.27647059 0.22352941
 0.27647059 0.22941176 0.35882353 0.32941176 0.32352941 0.26470588
 0.3        0.28235294 0.24705882 0.3        0.27647059 0.29411765
 0.21176471 0.24117647 0.27647059 0.28823529 0.3        0.28235294
 0.30588235 0.31176471 0.28235294 0.29411765 0.27647059 0.3
 0.31764706 0.3        0.28235294 0.35294118 0.28235294 0.27058824
 0.31176471 0.30588235 0.32352941 0.31176471 0.3        0.31176471
 0.27647059 0.31176471 0.27647059 0.32352941 0.34117647 0.24705882
 0.28823529 0.32941176 0.3        0.31176471 0.31764706 0.24705882
 0.32352941 0.34705882 0.32941176 0.33529412 0.30588235 0.30588235
 0.29411765 0.28235294 0.26470588 0.25294118 0.25294118 0.28823529
 0.27647059 0.28823529 0.33529412 0.31176471 0.34705882 0.32352941
 0.24117647 0.30588235 0.23529412 0.28235294 0.30588235 0.25882353
 0.23529412 0.30588235 0.31176471 0.28235294 0.24705882 0.32941176
 0.25294118 0.25294118 0.21176471 0.31176471 0.25294118 0.27647059
 0.34117647 0.32352941 0.29411765 0.28823529 0.32352941 0.23529412
 0.29411765 0.3        0.25294118 0.3        0.33529412 0.25294118
 0.31176471 0.33529412 0.31176471 0.28823529 0.34705882 0.28823529
 0.27058824 0.3        0.35882353 0.30588235 0.3        0.28235294
 0.29411765 0.23529412 0.30588235 0.32352941 0.32941176 0.28823529
 0.27647059 0.29411765 0.32941176 0.30588235 0.32352941 0.34117647
 0.27058824 0.27647059 0.3        0.29411765 0.3        0.27058824
 0.30588235 0.31176471 0.28823529 0.29411765 0.24705882 0.29411765
 0.27647059 0.3        0.27647059 0.3        0.31176471 0.22941176
 0.27058824 0.26470588 0.25294118 0.29411765 0.31764706 0.32941176
 0.3        0.34117647 0.29411765 0.30588235 0.31176471 0.25294118
 0.29411765 0.29411765 0.25294118 0.27647059 0.3        0.30588235
 0.29411765 0.3        0.31764706 0.3        0.2        0.23529412
 0.3        0.32941176 0.31176471 0.29411765 0.28823529 0.30588235
 0.33529412 0.26470588 0.28823529 0.32352941 0.28235294 0.30588235
 0.23529412 0.31764706 0.27058824 0.3        0.19411765 0.27647059
 0.30588235 0.3       ]
delta
METEOR
[0.21827419 0.21074887 0.21827419 0.24224307 0.21480388 0.25991167
 0.21136521 0.21483021 0.21092669 0.22189829 0.22191401 0.25598218
 0.25847924 0.23892853 0.21829522 0.22884882 0.231833   0.20036579
 0.24470021 0.19602135 0.24948025 0.26356382 0.23199366 0.19981305
 0.2152517  0.21842567 0.20699626 0.21782103 0.21165857 0.21180556
 0.17277125 0.18318478 0.20425068 0.23513523 0.21875    0.20138889
 0.22521454 0.23892853 0.24555228 0.22552734 0.24004359 0.23497262
 0.23529807 0.22553782 0.22537083 0.2466991  0.22916134 0.21089472
 0.25580478 0.25168071 0.22222222 0.23578793 0.21814404 0.21151179
 0.20124913 0.27480235 0.21133347 0.23891967 0.25297277 0.20771891
 0.22869023 0.25945828 0.22468415 0.22538141 0.23231565 0.19097222
 0.23925104 0.26659463 0.24950323 0.23594726 0.2185982  0.231833
 0.23231565 0.23231565 0.19668737 0.21637469 0.20396798 0.22552734
 0.21180556 0.20771891 0.25927847 0.23562442 0.26969812 0.23546113
 0.19004838 0.22176022 0.18672199 0.21814404 0.22932592 0.21394829
 0.1899816  0.23247745 0.24256396 0.21107266 0.20453417 0.26045353
 0.19690452 0.18225585 0.16850983 0.2290022  0.19764216 0.20138889
 0.27393022 0.25608707 0.21829522 0.21784232 0.24256396 0.18613375
 0.22176022 0.22082558 0.19044321 0.23247745 0.23578363 0.18685121
 0.2185982  0.24572269 0.22884882 0.21510222 0.25937206 0.2080072
 0.22468415 0.21468144 0.26283423 0.26043469 0.22538141 0.21195274
 0.21784232 0.17325017 0.24273229 0.23578793 0.23958333 0.21092669
 0.2174236  0.21829522 0.24984976 0.231833   0.26600271 0.25
 0.19736842 0.22805805 0.22537083 0.23247745 0.20761246 0.21465502
 0.2149792  0.23231565 0.22468415 0.22836784 0.2165948  0.23231565
 0.20746888 0.23406143 0.20771891 0.23858921 0.23925104 0.19304262
 0.22753189 0.24120885 0.20069204 0.21784232 0.22191401 0.27222921
 0.22900763 0.26356382 0.22160665 0.25198158 0.22538141 0.19777932
 0.23578793 0.24767554 0.19668737 0.22521454 0.22160665 0.22537083
 0.24189297 0.24238227 0.28778383 0.2285261  0.16632017 0.18293158
 0.24750426 0.27518376 0.2290022  0.22460263 0.23151234 0.22916667
 0.26370576 0.1975052  0.23167358 0.23892853 0.2285261  0.23546113
 0.19745072 0.23909423 0.20415225 0.21423635 0.15894955 0.2080072
 0.23562442 0.23231565]
delta
BERT
[0.79511714 0.78655255 0.789062   0.79725647 0.78800166 0.7861383
 0.79004574 0.7841575  0.7805094  0.79321915 0.7916585  0.793031
 0.798823   0.79645145 0.7873     0.789159   0.7913439  0.7836612
 0.78196096 0.777918   0.79803693 0.79944533 0.80038416 0.7886154
 0.8029618  0.7830734  0.78379655 0.800426   0.7915671  0.79336315
 0.78008044 0.77604926 0.7881346  0.8005626  0.7893129  0.7831858
 0.78733456 0.7948545  0.7959728  0.7873275  0.7819778  0.78937376
 0.7866157  0.79924524 0.79511535 0.79651546 0.7982145  0.78145635
 0.78267634 0.7894935  0.7910897  0.79912245 0.7998661  0.8011483
 0.7910117  0.79500246 0.79606855 0.7895727  0.79169244 0.7881791
 0.7855252  0.8008141  0.7866243  0.7879633  0.8024725  0.7890143
 0.7950237  0.79925317 0.7865794  0.8058976  0.80375814 0.79646647
 0.7903716  0.79533386 0.7869009  0.78574157 0.7870997  0.794547
 0.7973466  0.7893536  0.7973263  0.7952961  0.79985696 0.7924241
 0.790964   0.7989205  0.7818886  0.7900082  0.7967973  0.7855813
 0.7840495  0.78790736 0.8004771  0.7916144  0.79379886 0.8019161
 0.7826936  0.7798859  0.7752854  0.7913985  0.7861112  0.7955233
 0.7947848  0.78800535 0.78919345 0.78858733 0.7923949  0.78573155
 0.7920652  0.78202957 0.7843901  0.79245365 0.79641426 0.7806481
 0.7998661  0.7976422  0.7935272  0.789006   0.7872649  0.78027004
 0.7822613  0.7864058  0.79196745 0.79965603 0.7874285  0.7884456
 0.79429656 0.78210676 0.797233   0.78935134 0.7914486  0.78952765
 0.78167665 0.7948327  0.7887604  0.79412293 0.80483437 0.79997534
 0.77553815 0.7808511  0.789177   0.7928827  0.78703624 0.77837306
 0.7942281  0.79556704 0.7885041  0.7834499  0.7794983  0.7937386
 0.79005283 0.79551554 0.7928827  0.78664917 0.7910142  0.78301346
 0.789894   0.7979325  0.7817718  0.7922851  0.793587   0.7894478
 0.7945232  0.7972274  0.78984183 0.7898613  0.7967535  0.7939613
 0.79698896 0.7854105  0.782984   0.7823173  0.7899001  0.7956269
 0.79487216 0.7943467  0.80135536 0.79323125 0.7831992  0.78436995
 0.7843314  0.801371   0.79841304 0.7928699  0.7871715  0.78769886
 0.79279774 0.7830385  0.7888329  0.7968577  0.79314613 0.78929335
 0.7789717  0.79593    0.78251123 0.7882864  0.7844922  0.7877035
 0.7896013  0.78506005]
[nltk_data] Downloading package wordnet to /mnt/iusers01/fse-
[nltk_data]     ugpgt01/compsci01/q12628ct/nltk_data...
[nltk_data]   Package wordnet is already up-to-date!
[nltk_data] Downloading package punkt_tab to /mnt/iusers01/fse-
[nltk_data]     ugpgt01/compsci01/q12628ct/nltk_data...
[nltk_data]   Package punkt_tab is already up-to-date!
[nltk_data] Downloading package omw-1.4 to /mnt/iusers01/fse-
[nltk_data]     ugpgt01/compsci01/q12628ct/nltk_data...
[nltk_data]   Package omw-1.4 is already up-to-date!
/mnt/iusers01/fse-ugpgt01/compsci01/q12628ct/.conda/envs/semantic-decoding/lib/python3.10/site-packages/huggingface_hub/file_download.py:945: FutureWarning: `resume_download` is deprecated and will be removed in version 1.0.0. Downloads always resume when possible. If you want to force a new download, use `force_download=True`.
  warnings.warn(
Some weights of the model checkpoint at roberta-large were not used when initializing RobertaModel: ['lm_head.dense.bias', 'lm_head.layer_norm.bias', 'lm_head.bias', 'lm_head.layer_norm.weight', 'lm_head.dense.weight']
- This IS expected if you are initializing RobertaModel from the checkpoint of a model trained on another task or with another architecture (e.g. initializing a BertForSequenceClassification model from a BertForPreTraining model).
- This IS NOT expected if you are initializing RobertaModel from the checkpoint of a model that you expect to be exactly identical (initializing a BertForSequenceClassification model from a BertForSequenceClassification model).
Some weights of RobertaModel were not initialized from the model checkpoint at roberta-large and are newly initialized: ['roberta.pooler.dense.weight', 'roberta.pooler.dense.bias']
You should probably TRAIN this model on a down-stream task to be able to use it for predictions and inference.
delta
WER
[-0.10071942 -0.12230216 -0.07194245 -0.10791367 -0.08633094 -0.10791367
 -0.12230216 -0.10071942 -0.1294964  -0.07913669 -0.08633094 -0.10791367
 -0.10071942 -0.11510791 -0.09352518 -0.10791367 -0.10071942 -0.10071942
 -0.10791367 -0.10071942 -0.07913669 -0.11510791 -0.09352518 -0.09352518
 -0.09352518 -0.09352518 -0.12230216 -0.08633094 -0.10791367 -0.10071942
 -0.10791367 -0.11510791 -0.07913669 -0.08633094 -0.10791367 -0.11510791
 -0.10791367 -0.09352518 -0.10791367 -0.12230216 -0.11510791 -0.10791367
 -0.10791367 -0.11510791 -0.10071942 -0.10791367 -0.10791367 -0.10071942
 -0.10791367 -0.09352518 -0.11510791 -0.09352518 -0.11510791 -0.09352518
 -0.10791367 -0.07913669 -0.10791367 -0.07913669 -0.10791367 -0.10791367
 -0.08633094 -0.07913669 -0.12230216 -0.11510791 -0.10791367 -0.08633094
 -0.11510791 -0.08633094 -0.09352518 -0.09352518 -0.10071942 -0.11510791
 -0.08633094 -0.10071942 -0.12230216 -0.10071942 -0.1294964  -0.10791367
 -0.10791367 -0.11510791 -0.10071942 -0.11510791 -0.07913669 -0.11510791
 -0.11510791 -0.10791367 -0.07913669 -0.10791367 -0.10791367 -0.11510791
 -0.10071942 -0.11510791 -0.07913669 -0.10791367 -0.10071942 -0.12230216
 -0.11510791 -0.10791367 -0.09352518 -0.1294964  -0.12230216 -0.11510791
 -0.10071942 -0.10071942 -0.07913669 -0.10791367 -0.09352518 -0.11510791
 -0.11510791 -0.11510791 -0.10791367 -0.09352518 -0.11510791 -0.10071942
 -0.11510791 -0.11510791 -0.09352518 -0.12230216 -0.12230216 -0.10791367
 -0.09352518 -0.09352518 -0.09352518 -0.09352518 -0.10071942 -0.10791367
 -0.09352518 -0.10791367 -0.08633094 -0.08633094 -0.10791367 -0.12230216
 -0.12230216 -0.08633094 -0.12230216 -0.10791367 -0.12230216 -0.08633094
 -0.10791367 -0.10071942 -0.11510791 -0.11510791 -0.10071942 -0.10071942
 -0.08633094 -0.10071942 -0.11510791 -0.08633094 -0.10071942 -0.10791367
 -0.10071942 -0.10071942 -0.10791367 -0.11510791 -0.11510791 -0.12230216
 -0.1294964  -0.11510791 -0.10791367 -0.12230216 -0.10071942 -0.12230216
 -0.08633094 -0.11510791 -0.12230216 -0.07913669 -0.08633094 -0.10791367
 -0.09352518 -0.08633094 -0.09352518 -0.10791367 -0.10791367 -0.09352518
 -0.10791367 -0.10791367 -0.09352518 -0.11510791 -0.10791367 -0.09352518
 -0.10791367 -0.11510791 -0.12230216 -0.10791367 -0.10071942 -0.11510791
 -0.10071942 -0.12230216 -0.09352518 -0.10791367 -0.07913669 -0.09352518
 -0.11510791 -0.11510791 -0.08633094 -0.11510791 -0.12230216 -0.11510791
 -0.11510791 -0.09352518]
delta
BLEU
[0.31097561 0.22560976 0.29878049 0.30487805 0.32926829 0.29268293
 0.25609756 0.29268293 0.30487805 0.34146341 0.31707317 0.29268293
 0.30487805 0.29878049 0.3597561  0.28658537 0.35365854 0.29878049
 0.32317073 0.31097561 0.33536585 0.34146341 0.31707317 0.26829268
 0.32317073 0.28658537 0.25609756 0.34146341 0.29268293 0.29268293
 0.34756098 0.31707317 0.34756098 0.34146341 0.28658537 0.2804878
 0.31707317 0.32317073 0.27439024 0.31097561 0.29268293 0.34146341
 0.26219512 0.35365854 0.31097561 0.34146341 0.33536585 0.29878049
 0.33536585 0.31707317 0.34146341 0.32317073 0.27439024 0.26219512
 0.29878049 0.32926829 0.29878049 0.34146341 0.34756098 0.31707317
 0.29878049 0.33536585 0.23780488 0.29878049 0.31707317 0.30487805
 0.29268293 0.25       0.27439024 0.32926829 0.26219512 0.2804878
 0.30487805 0.28658537 0.28658537 0.32317073 0.25609756 0.35365854
 0.30487805 0.31097561 0.33536585 0.29268293 0.34146341 0.25
 0.25609756 0.31097561 0.2804878  0.26829268 0.28658537 0.25609756
 0.31097561 0.31097561 0.32926829 0.33536585 0.29268293 0.28658537
 0.28658537 0.2804878  0.33536585 0.31707317 0.29878049 0.28658537
 0.26829268 0.34756098 0.32926829 0.29878049 0.29268293 0.26829268
 0.29268293 0.31097561 0.27439024 0.35365854 0.31097561 0.34146341
 0.31097561 0.29268293 0.27439024 0.32926829 0.2804878  0.29878049
 0.29878049 0.37804878 0.34146341 0.26219512 0.28658537 0.33536585
 0.34756098 0.26829268 0.31707317 0.34756098 0.34146341 0.29878049
 0.28658537 0.31097561 0.25       0.2804878  0.24390244 0.30487805
 0.26829268 0.28658537 0.31097561 0.2804878  0.32926829 0.34756098
 0.26829268 0.2804878  0.31097561 0.32926829 0.37804878 0.25609756
 0.26829268 0.29878049 0.28658537 0.28658537 0.25       0.30487805
 0.23170732 0.34146341 0.24390244 0.27439024 0.31097561 0.25
 0.24390244 0.28658537 0.26829268 0.31707317 0.31097561 0.26829268
 0.29878049 0.31097561 0.31707317 0.34146341 0.30487805 0.32317073
 0.30487805 0.32926829 0.29268293 0.29878049 0.27439024 0.29878049
 0.33536585 0.32317073 0.24390244 0.28658537 0.26219512 0.31707317
 0.30487805 0.28658537 0.34756098 0.2804878  0.31707317 0.29878049
 0.29878049 0.31707317 0.29268293 0.25       0.32317073 0.26219512
 0.22560976 0.30487805]
delta
METEOR
[0.24357746 0.20366054 0.20543175 0.22282609 0.23992866 0.21602787
 0.20422666 0.22599817 0.2184466  0.24706162 0.24026054 0.22593762
 0.22299652 0.20152884 0.28113741 0.22205239 0.25715558 0.21572721
 0.24325593 0.21254355 0.22679693 0.23709902 0.24323869 0.20166898
 0.23328691 0.20204249 0.20496087 0.23280056 0.22212911 0.21180556
 0.2433936  0.22584101 0.233287   0.2468897  0.21251246 0.22911637
 0.24357746 0.22647097 0.21863487 0.21587744 0.19498607 0.24640667
 0.19424914 0.23296245 0.24357746 0.25438405 0.24623532 0.21888136
 0.2467501  0.23296245 0.26072393 0.22631315 0.20844116 0.21162699
 0.22284123 0.22648084 0.22836784 0.2395945  0.26342519 0.22615555
 0.2395945  0.24391718 0.19024473 0.23610213 0.22299652 0.22251597
 0.21602787 0.17325017 0.20148048 0.24041812 0.19512195 0.18828452
 0.20876827 0.22228391 0.2052888  0.24723379 0.19471488 0.25769319
 0.22647097 0.2052888  0.2539145  0.23610213 0.25059323 0.17782427
 0.20486111 0.21572721 0.20500347 0.22863872 0.22879771 0.19855226
 0.24657827 0.22284123 0.22980501 0.25041847 0.21587744 0.19791667
 0.21933895 0.20166898 0.24009323 0.22284123 0.22267092 0.22599817
 0.21527778 0.27686048 0.22632312 0.22578017 0.23260943 0.20194986
 0.20891365 0.24026054 0.21192133 0.24687065 0.22911637 0.24937506
 0.21542738 0.22222222 0.19874477 0.25955848 0.22568406 0.24026054
 0.20916844 0.27779853 0.24041812 0.21570139 0.21177406 0.24359544
 0.28074585 0.20496087 0.22268615 0.24723379 0.25019726 0.22530914
 0.19827572 0.21572721 0.17037552 0.20138889 0.18382083 0.2293207
 0.19457957 0.20514604 0.23992615 0.20873146 0.22663877 0.25037137
 0.20180932 0.20166898 0.2433936  0.23344948 0.26132404 0.1775766
 0.19083969 0.22647097 0.21133347 0.2082963  0.22324904 0.22943592
 0.19097222 0.24357746 0.1810585  0.22964009 0.22251597 0.19444444
 0.18789144 0.23132074 0.19150418 0.23012552 0.22616562 0.20194986
 0.21239554 0.23328691 0.23693892 0.25385298 0.21254355 0.23263853
 0.21512838 0.25669423 0.20486111 0.22251597 0.21266076 0.21587744
 0.2468897  0.22916667 0.18441197 0.21266076 0.20176109 0.23296231
 0.24009323 0.22268615 0.24041812 0.20815165 0.23344948 0.21981856
 0.24555164 0.2397593  0.21180556 0.20847811 0.25992023 0.19832985
 0.17696044 0.22552734]
delta
BERT
[0.8018389  0.7847979  0.79111063 0.7972224  0.8042426  0.79110074
 0.78892994 0.78649116 0.7902138  0.7942233  0.80179435 0.7966514
 0.7950538  0.7953352  0.80994785 0.7968155  0.7983042  0.7840555
 0.791701   0.7911502  0.7909836  0.79986346 0.80065197 0.7897758
 0.79458106 0.8041463  0.7811963  0.8037633  0.78797984 0.7922744
 0.80624807 0.7967864  0.79874    0.78952765 0.7873931  0.7911515
 0.78872454 0.7926626  0.7877648  0.7896327  0.7874601  0.793651
 0.78629494 0.78441316 0.7942034  0.7933432  0.78815687 0.78310513
 0.79861796 0.7927302  0.78876686 0.7850667  0.78521717 0.7839438
 0.7883805  0.8029599  0.7857772  0.79311526 0.7926786  0.7961154
 0.7911022  0.79176545 0.780671   0.7864411  0.7921365  0.78615445
 0.77657044 0.7819671  0.7885778  0.8000019  0.7909196  0.78668535
 0.79283583 0.7995806  0.7902927  0.79626507 0.7805209  0.79883707
 0.7898341  0.7972046  0.7876486  0.7919548  0.79012346 0.7863087
 0.788417   0.80179906 0.7858582  0.78019035 0.79154867 0.7856977
 0.79521435 0.7976105  0.79990417 0.78849936 0.7975088  0.79236424
 0.78454936 0.7821342  0.7986375  0.7907887  0.78762686 0.78831404
 0.7947222  0.7961633  0.8038903  0.7913389  0.7968014  0.785633
 0.7888388  0.79435843 0.7918807  0.79469615 0.8006645  0.7928629
 0.7914487  0.7820672  0.7903161  0.80119514 0.7928008  0.7906039
 0.78211987 0.79342383 0.7887036  0.7883733  0.7832233  0.7872311
 0.79873925 0.79319954 0.7968773  0.7983936  0.79208183 0.7837489
 0.7829597  0.7942475  0.78337073 0.7899289  0.7903967  0.7968724
 0.78772664 0.7821094  0.78403056 0.7891947  0.7914551  0.7885587
 0.7874857  0.78466034 0.7909541  0.7972558  0.79682034 0.78201884
 0.7793995  0.784845   0.784637   0.78477633 0.7793913  0.7803019
 0.780804   0.7947952  0.7847712  0.78921425 0.79508007 0.78300405
 0.78924    0.7831013  0.7829589  0.7943688  0.802801   0.79962134
 0.79462194 0.7942095  0.79513484 0.79717773 0.78716    0.79442966
 0.78414965 0.7928617  0.78887844 0.79297364 0.79770637 0.79390216
 0.7955127  0.7960246  0.778469   0.7938279  0.796759   0.7884887
 0.7912642  0.7873468  0.7903191  0.78117317 0.7971331  0.78959656
 0.7909399  0.78972834 0.780795   0.7937834  0.7958548  0.78583395
 0.77704656 0.7924521 ]
[nltk_data] Downloading package wordnet to /mnt/iusers01/fse-
[nltk_data]     ugpgt01/compsci01/q12628ct/nltk_data...
[nltk_data]   Package wordnet is already up-to-date!
[nltk_data] Downloading package punkt_tab to /mnt/iusers01/fse-
[nltk_data]     ugpgt01/compsci01/q12628ct/nltk_data...
[nltk_data]   Package punkt_tab is already up-to-date!
[nltk_data] Downloading package omw-1.4 to /mnt/iusers01/fse-
[nltk_data]     ugpgt01/compsci01/q12628ct/nltk_data...
[nltk_data]   Package omw-1.4 is already up-to-date!
/mnt/iusers01/fse-ugpgt01/compsci01/q12628ct/.conda/envs/semantic-decoding/lib/python3.10/site-packages/huggingface_hub/file_download.py:945: FutureWarning: `resume_download` is deprecated and will be removed in version 1.0.0. Downloads always resume when possible. If you want to force a new download, use `force_download=True`.
  warnings.warn(
Some weights of the model checkpoint at roberta-large were not used when initializing RobertaModel: ['lm_head.layer_norm.bias', 'lm_head.dense.bias', 'lm_head.bias', 'lm_head.dense.weight', 'lm_head.layer_norm.weight']
- This IS expected if you are initializing RobertaModel from the checkpoint of a model trained on another task or with another architecture (e.g. initializing a BertForSequenceClassification model from a BertForPreTraining model).
- This IS NOT expected if you are initializing RobertaModel from the checkpoint of a model that you expect to be exactly identical (initializing a BertForSequenceClassification model from a BertForSequenceClassification model).
Some weights of RobertaModel were not initialized from the model checkpoint at roberta-large and are newly initialized: ['roberta.pooler.dense.weight', 'roberta.pooler.dense.bias']
You should probably TRAIN this model on a down-stream task to be able to use it for predictions and inference.
echo
WER
[-0.08843537 -0.10204082 -0.08843537 -0.08843537 -0.10204082 -0.10884354
 -0.0952381  -0.08163265 -0.06802721 -0.08163265 -0.11564626 -0.10884354
 -0.10884354 -0.08163265 -0.10204082 -0.08843537 -0.0952381  -0.08843537
 -0.10204082 -0.0952381  -0.08843537 -0.0952381  -0.06802721 -0.0952381
 -0.0952381  -0.08843537 -0.10884354 -0.10884354 -0.10204082 -0.0952381
 -0.10204082 -0.08163265 -0.11564626 -0.0952381  -0.10204082 -0.08843537
 -0.11564626 -0.10884354 -0.10204082 -0.08163265 -0.10884354 -0.0952381
 -0.08843537 -0.10204082 -0.08163265 -0.10204082 -0.10884354 -0.10884354
 -0.07482993 -0.10204082 -0.10204082 -0.08843537 -0.06802721 -0.10884354
 -0.10204082 -0.10204082 -0.10204082 -0.08843537 -0.0952381  -0.0952381
 -0.10204082 -0.10884354 -0.10204082 -0.10884354 -0.10204082 -0.08843537
 -0.08163265 -0.10204082 -0.08843537 -0.06122449 -0.10204082 -0.10204082
 -0.08163265 -0.10884354 -0.07482993 -0.10884354 -0.10204082 -0.08843537
 -0.11564626 -0.08163265 -0.10204082 -0.07482993 -0.10884354 -0.07482993
 -0.08163265 -0.08163265 -0.08843537 -0.0952381  -0.08843537 -0.08843537
 -0.08163265 -0.0952381  -0.08843537 -0.10884354 -0.0952381  -0.0952381
 -0.07482993 -0.10204082 -0.08163265 -0.08843537 -0.0952381  -0.08843537
 -0.10204082 -0.10204082 -0.08843537 -0.08163265 -0.0952381  -0.08163265
 -0.06802721 -0.0952381  -0.08163265 -0.10204082 -0.10884354 -0.0952381
 -0.0952381  -0.08843537 -0.0952381  -0.08843537 -0.0952381  -0.08163265
 -0.0952381  -0.10884354 -0.08843537 -0.10884354 -0.07482993 -0.10204082
 -0.08163265 -0.10204082 -0.10884354 -0.08163265 -0.08163265 -0.12244898
 -0.10204082 -0.10204082 -0.08843537 -0.0952381  -0.10204082 -0.08163265
 -0.08843537 -0.10204082 -0.10884354 -0.10204082 -0.08843537 -0.07482993
 -0.10204082 -0.08843537 -0.0952381  -0.10204082 -0.0952381  -0.08843537
 -0.0952381  -0.0952381  -0.10884354 -0.08843537 -0.0952381  -0.07482993
 -0.10884354 -0.0952381  -0.08843537 -0.07482993 -0.08843537 -0.08843537
 -0.0952381  -0.10204082 -0.10204082 -0.0952381  -0.11564626 -0.10204082
 -0.10204082 -0.10884354 -0.0952381  -0.08843537 -0.08163265 -0.11564626
 -0.10204082 -0.11564626 -0.0952381  -0.0952381  -0.10204082 -0.0952381
 -0.06802721 -0.10884354 -0.08843537 -0.10884354 -0.0952381  -0.08843537
 -0.0952381  -0.08843537 -0.08843537 -0.08163265 -0.08843537 -0.08843537
 -0.07482993 -0.07482993 -0.10884354 -0.07482993 -0.10204082 -0.0952381
 -0.0952381  -0.08843537]
echo
BLEU
[0.24705882 0.21176471 0.21764706 0.22941176 0.24117647 0.25882353
 0.20588235 0.27058824 0.20588235 0.22941176 0.22941176 0.22941176
 0.25882353 0.23529412 0.22941176 0.25882353 0.27647059 0.25294118
 0.25294118 0.24117647 0.22941176 0.23529412 0.25294118 0.26470588
 0.3        0.21176471 0.2        0.23529412 0.23529412 0.26470588
 0.3        0.22352941 0.23529412 0.20588235 0.27058824 0.25882353
 0.21764706 0.21176471 0.22352941 0.22352941 0.20588235 0.23529412
 0.23529412 0.21764706 0.24705882 0.23529412 0.22941176 0.2
 0.25294118 0.24117647 0.21176471 0.21764706 0.24117647 0.24705882
 0.21176471 0.24705882 0.21764706 0.24117647 0.21764706 0.22352941
 0.20588235 0.20588235 0.23529412 0.21764706 0.24705882 0.21176471
 0.24117647 0.21176471 0.25294118 0.20588235 0.20588235 0.24117647
 0.25294118 0.25294118 0.22941176 0.21176471 0.21764706 0.25294118
 0.24117647 0.21176471 0.23529412 0.25294118 0.20588235 0.23529412
 0.23529412 0.23529412 0.24117647 0.22352941 0.24705882 0.22941176
 0.20588235 0.2        0.22352941 0.19411765 0.20588235 0.21764706
 0.25882353 0.23529412 0.24117647 0.22941176 0.21176471 0.21176471
 0.19411765 0.22352941 0.20588235 0.24705882 0.20588235 0.20588235
 0.25294118 0.21764706 0.21764706 0.21176471 0.24117647 0.21176471
 0.25294118 0.18235294 0.21176471 0.20588235 0.21764706 0.25882353
 0.24705882 0.22941176 0.25882353 0.22941176 0.26470588 0.20588235
 0.26470588 0.24117647 0.21176471 0.23529412 0.27647059 0.17058824
 0.24117647 0.25882353 0.26470588 0.24705882 0.21764706 0.25882353
 0.25882353 0.24117647 0.20588235 0.23529412 0.27647059 0.22352941
 0.21764706 0.23529412 0.24705882 0.22352941 0.24705882 0.23529412
 0.27647059 0.25882353 0.21176471 0.22352941 0.21176471 0.27647059
 0.25294118 0.25882353 0.22941176 0.24705882 0.23529412 0.22941176
 0.22941176 0.22352941 0.2        0.22352941 0.21176471 0.22352941
 0.23529412 0.24705882 0.22941176 0.22941176 0.25294118 0.20588235
 0.24705882 0.22941176 0.22941176 0.24117647 0.24117647 0.22941176
 0.25882353 0.27058824 0.24705882 0.24117647 0.23529412 0.2
 0.22352941 0.24117647 0.24117647 0.21176471 0.22352941 0.25882353
 0.22352941 0.26470588 0.22941176 0.22941176 0.21764706 0.22352941
 0.25882353 0.22352941]
echo
METEOR
[0.179327   0.16934154 0.15978695 0.17267019 0.18880898 0.19294744
 0.15208865 0.19596658 0.16198556 0.15946844 0.17920784 0.1662234
 0.17607973 0.15936255 0.17619681 0.17553183 0.19251091 0.17275748
 0.16932271 0.1627907  0.15936255 0.16845048 0.17264276 0.17631404
 0.20927619 0.14900662 0.14940239 0.16568223 0.15251989 0.18949468
 0.18617021 0.15592138 0.16943522 0.15282392 0.17940199 0.18241261
 0.14285714 0.16289894 0.16612316 0.1658925  0.15593895 0.1592568
 0.16966068 0.15968064 0.1920618  0.16235984 0.17244088 0.14257294
 0.19451364 0.16932271 0.1592568  0.15593895 0.16300732 0.1791639
 0.14637392 0.1626826  0.1462766  0.16246684 0.1626826  0.17178921
 0.151988   0.132714   0.17619681 0.17287234 0.17209805 0.15614618
 0.17267019 0.14584138 0.15957447 0.17524353 0.13289037 0.15614618
 0.19544678 0.16954787 0.16568223 0.16246684 0.16811559 0.19821128
 0.14940239 0.15221707 0.15272244 0.18604651 0.16900443 0.16954787
 0.16954787 0.16214428 0.17287234 0.17885133 0.19570633 0.15936255
 0.14940239 0.16214428 0.17255546 0.14304724 0.15625    0.18859728
 0.20221823 0.17275748 0.16966068 0.16943522 0.16934154 0.14910537
 0.14930325 0.1662234  0.14960106 0.17287234 0.15282392 0.13944223
 0.17599867 0.14880952 0.15956667 0.16922902 0.16921035 0.15946844
 0.18253381 0.15592138 0.15968064 0.14906814 0.16246765 0.19916171
 0.18548989 0.17576494 0.19238308 0.14950166 0.17952128 0.15936255
 0.18253381 0.16934154 0.14285714 0.17952128 0.19269103 0.14340389
 0.17255546 0.19929414 0.18962076 0.17576494 0.16612316 0.18585964
 0.18641811 0.16966068 0.15583554 0.1626826  0.17952128 0.15936255
 0.16856241 0.16921035 0.18847205 0.15936255 0.18155979 0.18562983
 0.18629408 0.19514088 0.16579224 0.19527054 0.15957447 0.18555335
 0.15957447 0.18604651 0.16600266 0.17264276 0.1592568  0.17940199
 0.16889235 0.17920784 0.13870542 0.1626826  0.18548989 0.16557236
 0.1594605  0.17287234 0.16235984 0.16246765 0.1627907  0.16954787
 0.17802495 0.16943522 0.16600266 0.16268369 0.17607973 0.17241379
 0.1924353  0.16921035 0.16257465 0.17584605 0.17908885 0.15251989
 0.16966068 0.1662234  0.17607973 0.15272244 0.15625    0.17631404
 0.14950166 0.17631404 0.15903725 0.16934154 0.18513679 0.16900443
 0.17264276 0.1627907 ]
echo
BERT
[0.7696997  0.7733835  0.76938874 0.7719663  0.76598036 0.77074516
 0.76050305 0.7731189  0.7744391  0.7664206  0.77535915 0.77278316
 0.7720624  0.77349806 0.76873803 0.7779819  0.7730284  0.7693825
 0.77054065 0.7713474  0.7680551  0.77552235 0.7751621  0.76755226
 0.77867293 0.7646736  0.7773829  0.7681695  0.7699978  0.76455665
 0.7726341  0.7700762  0.7738088  0.7740401  0.7647733  0.7729031
 0.7652842  0.773244   0.771537   0.7706075  0.76322335 0.7730448
 0.7708408  0.7673382  0.7755113  0.770522   0.7674961  0.7664089
 0.7699327  0.76441014 0.76202106 0.76668143 0.7633488  0.7697898
 0.7681993  0.773311   0.7736803  0.7667189  0.77021164 0.76660925
 0.75879    0.7690201  0.7683027  0.76913416 0.76899034 0.77270794
 0.77112    0.77108294 0.76980674 0.7745584  0.76249635 0.7713299
 0.76997197 0.76876605 0.7723581  0.7691083  0.76727265 0.77177715
 0.7679698  0.7677211  0.76840377 0.76917315 0.77187204 0.7730738
 0.7684084  0.76950365 0.7733141  0.761503   0.76678234 0.7678807
 0.7689892  0.76858187 0.77076924 0.76363087 0.7726126  0.7644918
 0.77170086 0.7768712  0.77283573 0.76727057 0.76934725 0.7617358
 0.7588562  0.77366436 0.77115095 0.76767623 0.76931477 0.77372617
 0.77311385 0.7683089  0.776582   0.77356446 0.76735294 0.77073324
 0.7729697  0.7625358  0.77587557 0.77387357 0.7644043  0.7694452
 0.7623391  0.76721084 0.76713896 0.77318674 0.77386034 0.76586795
 0.7713399  0.77196294 0.7712517  0.76408213 0.77369654 0.76617336
 0.76789093 0.76719964 0.76924205 0.7672396  0.7722914  0.77132714
 0.77120966 0.7700672  0.7652123  0.7683969  0.7711974  0.7718699
 0.76797557 0.77676415 0.76991373 0.76162815 0.7697952  0.76985836
 0.7698822  0.77050245 0.76649714 0.76925737 0.76790094 0.77246755
 0.7677207  0.7702677  0.7708787  0.7585894  0.7699151  0.76706624
 0.7668712  0.7673625  0.7644805  0.76399237 0.7727097  0.7697312
 0.7736683  0.7713046  0.7627163  0.7733706  0.7728276  0.767794
 0.7675064  0.76864564 0.7663033  0.77080625 0.76718813 0.77322966
 0.7694171  0.7675884  0.76587296 0.7702461  0.7764315  0.7681016
 0.77156675 0.7681819  0.7694553  0.77613425 0.76580405 0.77775925
 0.7714044  0.7792437  0.7654204  0.77223265 0.76991534 0.77356964
 0.7727941  0.77737236]
[nltk_data] Downloading package wordnet to /mnt/iusers01/fse-
[nltk_data]     ugpgt01/compsci01/q12628ct/nltk_data...
[nltk_data]   Package wordnet is already up-to-date!
[nltk_data] Downloading package punkt_tab to /mnt/iusers01/fse-
[nltk_data]     ugpgt01/compsci01/q12628ct/nltk_data...
[nltk_data]   Package punkt_tab is already up-to-date!
[nltk_data] Downloading package omw-1.4 to /mnt/iusers01/fse-
[nltk_data]     ugpgt01/compsci01/q12628ct/nltk_data...
[nltk_data]   Package omw-1.4 is already up-to-date!
/mnt/iusers01/fse-ugpgt01/compsci01/q12628ct/.conda/envs/semantic-decoding/lib/python3.10/site-packages/huggingface_hub/file_download.py:945: FutureWarning: `resume_download` is deprecated and will be removed in version 1.0.0. Downloads always resume when possible. If you want to force a new download, use `force_download=True`.
  warnings.warn(
Some weights of the model checkpoint at roberta-large were not used when initializing RobertaModel: ['lm_head.layer_norm.bias', 'lm_head.dense.weight', 'lm_head.bias', 'lm_head.layer_norm.weight', 'lm_head.dense.bias']
- This IS expected if you are initializing RobertaModel from the checkpoint of a model trained on another task or with another architecture (e.g. initializing a BertForSequenceClassification model from a BertForPreTraining model).
- This IS NOT expected if you are initializing RobertaModel from the checkpoint of a model that you expect to be exactly identical (initializing a BertForSequenceClassification model from a BertForSequenceClassification model).
Some weights of RobertaModel were not initialized from the model checkpoint at roberta-large and are newly initialized: ['roberta.pooler.dense.bias', 'roberta.pooler.dense.weight']
You should probably TRAIN this model on a down-stream task to be able to use it for predictions and inference.
echo
WER
[-0.10884354 -0.0952381  -0.08843537 -0.10884354 -0.10204082 -0.10884354
 -0.0952381  -0.10884354 -0.06802721 -0.10204082 -0.0952381  -0.10204082
 -0.0952381  -0.10204082 -0.07482993 -0.06802721 -0.0952381  -0.08163265
 -0.08163265 -0.08163265 -0.08163265 -0.10884354 -0.10884354 -0.07482993
 -0.08163265 -0.10204082 -0.0952381  -0.0952381  -0.11564626 -0.08163265
 -0.0952381  -0.10204082 -0.08843537 -0.10204082 -0.10884354 -0.0952381
 -0.0952381  -0.08843537 -0.06802721 -0.0952381  -0.10204082 -0.10204082
 -0.08843537 -0.11564626 -0.11564626 -0.0952381  -0.10884354 -0.08163265
 -0.11564626 -0.11564626 -0.08163265 -0.0952381  -0.10204082 -0.08843537
 -0.0952381  -0.07482993 -0.10884354 -0.08843537 -0.10884354 -0.10884354
 -0.10884354 -0.10204082 -0.10204082 -0.07482993 -0.10204082 -0.08163265
 -0.08163265 -0.08163265 -0.08163265 -0.08843537 -0.10204082 -0.11564626
 -0.0952381  -0.10204082 -0.10884354 -0.10204082 -0.0952381  -0.07482993
 -0.10884354 -0.10204082 -0.11564626 -0.08163265 -0.0952381  -0.08843537
 -0.06802721 -0.0952381  -0.0952381  -0.0952381  -0.10204082 -0.10884354
 -0.10884354 -0.07482993 -0.10204082 -0.10204082 -0.08843537 -0.07482993
 -0.07482993 -0.08843537 -0.10204082 -0.10884354 -0.08163265 -0.07482993
 -0.10884354 -0.08843537 -0.07482993 -0.0952381  -0.08843537 -0.11564626
 -0.10204082 -0.10884354 -0.08163265 -0.11564626 -0.06122449 -0.0952381
 -0.0952381  -0.07482993 -0.08163265 -0.10884354 -0.0952381  -0.10204082
 -0.10884354 -0.10204082 -0.0952381  -0.10204082 -0.10204082 -0.10204082
 -0.08163265 -0.08163265 -0.10204082 -0.08163265 -0.11564626 -0.07482993
 -0.08843537 -0.0952381  -0.08163265 -0.0952381  -0.08843537 -0.08843537
 -0.07482993 -0.10204082 -0.0952381  -0.0952381  -0.0952381  -0.11564626
 -0.08163265 -0.08843537 -0.08163265 -0.0952381  -0.10204082 -0.08843537
 -0.08843537 -0.0952381  -0.08163265 -0.0952381  -0.10884354 -0.0952381
 -0.0952381  -0.10884354 -0.07482993 -0.08843537 -0.0952381  -0.08843537
 -0.0952381  -0.08163265 -0.08843537 -0.0952381  -0.08843537 -0.08843537
 -0.08163265 -0.10884354 -0.08843537 -0.10884354 -0.07482993 -0.0952381
 -0.08163265 -0.06802721 -0.11564626 -0.10884354 -0.10204082 -0.10884354
 -0.08843537 -0.10884354 -0.10204082 -0.0952381  -0.08843537 -0.10204082
 -0.08843537 -0.08843537 -0.0952381  -0.08843537 -0.08843537 -0.11564626
 -0.10204082 -0.10204082 -0.10204082 -0.08843537 -0.08843537 -0.08163265
 -0.0952381  -0.06802721]
echo
BLEU
[0.22941176 0.24705882 0.26470588 0.20588235 0.25294118 0.19411765
 0.22352941 0.19411765 0.21176471 0.22941176 0.25882353 0.24117647
 0.22941176 0.22941176 0.25294118 0.29411765 0.22941176 0.20588235
 0.21176471 0.22941176 0.25882353 0.19411765 0.25294118 0.23529412
 0.24117647 0.19411765 0.25294118 0.25882353 0.22352941 0.23529412
 0.24117647 0.23529412 0.24117647 0.25294118 0.24117647 0.22352941
 0.21176471 0.19411765 0.20588235 0.22941176 0.20588235 0.25882353
 0.21764706 0.21764706 0.22352941 0.26470588 0.27647059 0.23529412
 0.22352941 0.20588235 0.24705882 0.19411765 0.23529412 0.25294118
 0.25294118 0.22352941 0.22352941 0.21176471 0.22941176 0.21764706
 0.22941176 0.22352941 0.24117647 0.29411765 0.22941176 0.24117647
 0.28235294 0.23529412 0.26470588 0.23529412 0.24117647 0.21764706
 0.23529412 0.24117647 0.23529412 0.24705882 0.24117647 0.24705882
 0.24117647 0.21176471 0.18823529 0.24705882 0.22941176 0.27058824
 0.26470588 0.23529412 0.23529412 0.25882353 0.25294118 0.19411765
 0.23529412 0.22941176 0.2        0.20588235 0.24117647 0.23529412
 0.24705882 0.23529412 0.20588235 0.18235294 0.25882353 0.25294118
 0.2        0.21764706 0.25882353 0.24117647 0.25882353 0.23529412
 0.24117647 0.22352941 0.21764706 0.20588235 0.20588235 0.24705882
 0.22941176 0.28235294 0.24117647 0.24705882 0.27058824 0.22352941
 0.24117647 0.21764706 0.22352941 0.24117647 0.22352941 0.21176471
 0.20588235 0.21764706 0.22352941 0.25294118 0.24117647 0.27058824
 0.22941176 0.21764706 0.22352941 0.22941176 0.28823529 0.24705882
 0.23529412 0.19411765 0.24117647 0.23529412 0.18823529 0.22941176
 0.27647059 0.3        0.24705882 0.2        0.21176471 0.20588235
 0.22352941 0.23529412 0.24117647 0.24705882 0.22352941 0.24117647
 0.28235294 0.22941176 0.24117647 0.25294118 0.24705882 0.22941176
 0.22352941 0.24117647 0.22941176 0.23529412 0.19411765 0.21764706
 0.22941176 0.22352941 0.22941176 0.24705882 0.22352941 0.22352941
 0.23529412 0.27647059 0.18823529 0.28235294 0.22352941 0.18235294
 0.20588235 0.23529412 0.21764706 0.26470588 0.18823529 0.24117647
 0.24705882 0.25294118 0.25294118 0.27647059 0.25882353 0.23529412
 0.2        0.23529412 0.22941176 0.24117647 0.25882353 0.22941176
 0.22352941 0.24705882]
echo
METEOR
[0.14950166 0.17596282 0.15957447 0.15593895 0.17920784 0.15893179
 0.15550807 0.14920424 0.14257294 0.1658925  0.17298736 0.16623376
 0.18069656 0.17190336 0.19251091 0.20262159 0.15625    0.19412616
 0.18957674 0.18265518 0.18555335 0.12582781 0.17287234 0.16246684
 0.16966068 0.14593829 0.166334   0.17619681 0.17564831 0.17944631
 0.17264276 0.17408681 0.17599867 0.18265518 0.17229954 0.17920784
 0.16289894 0.13962766 0.15946844 0.17897001 0.15312916 0.18592297
 0.1625756  0.15957447 0.15614618 0.16289894 0.22785278 0.16943522
 0.15614618 0.16579224 0.1592568  0.16557236 0.16878043 0.17940199
 0.1592568  0.1625756  0.15571445 0.16289894 0.17588173 0.14238411
 0.15292553 0.15282392 0.15625    0.1857996  0.17275748 0.17536005
 0.18187831 0.17267019 0.16943522 0.17524353 0.18248175 0.15936255
 0.17576494 0.1627907  0.16932271 0.1627907  0.16290032 0.17952128
 0.15978695 0.16568223 0.13594164 0.15946844 0.15614618 0.17619681
 0.17275748 0.1725282  0.19064441 0.20194174 0.18180091 0.12616202
 0.17940199 0.18766363 0.14890801 0.13916501 0.17221218 0.16921035
 0.18253381 0.1658925  0.14266755 0.15571445 0.17952128 0.16611296
 0.14608234 0.17221218 0.18610696 0.17221218 0.1819294  0.1560425
 0.19212793 0.15593895 0.14304724 0.14637392 0.15259393 0.16601271
 0.16922902 0.18272425 0.18872268 0.17221218 0.18604651 0.17576494
 0.15614618 0.16600266 0.16887417 0.15946844 0.15540508 0.16209334
 0.13280212 0.15915119 0.17255546 0.16954787 0.17572944 0.18260292
 0.17928287 0.15968064 0.16954787 0.16311585 0.2027564  0.20083252
 0.17873281 0.14637392 0.17873281 0.15612886 0.15251989 0.1658925
 0.20885958 0.21274481 0.179327   0.14946486 0.16246684 0.17290011
 0.1626826  0.17588173 0.17920784 0.17576494 0.16214428 0.19193418
 0.20194174 0.16889235 0.1920618  0.1725282  0.17952128 0.16611296
 0.15593895 0.16600266 0.15269539 0.15562914 0.14304724 0.16612316
 0.18192171 0.15904573 0.17244088 0.18610696 0.1659024  0.1589404
 0.15957447 0.19251091 0.18081662 0.21861203 0.17275748 0.12913907
 0.15914285 0.17588173 0.1497006  0.20888868 0.14593829 0.179327
 0.17893965 0.19847451 0.18284574 0.18617021 0.18893426 0.17576494
 0.1526211  0.15583554 0.15936255 0.18228507 0.16921035 0.16612316
 0.1626826  0.18561298]
echo
BERT
[0.7669152  0.7695246  0.77046144 0.768232   0.7766011  0.7654445
 0.76439035 0.7689783  0.7678944  0.7597439  0.7704727  0.768148
 0.7698221  0.7680315  0.77061677 0.77744156 0.76368546 0.7696539
 0.7696285  0.77499884 0.7668206  0.7675001  0.76400185 0.7709935
 0.7746005  0.7698101  0.775774   0.7723372  0.76921093 0.77275205
 0.77403295 0.7656516  0.7647954  0.76839614 0.7694253  0.77437913
 0.76743054 0.76735914 0.7719139  0.7742313  0.766806   0.76969063
 0.77020866 0.7677932  0.773908   0.7746588  0.76482546 0.7725273
 0.7634345  0.7670584  0.7713419  0.7670215  0.7695967  0.76838475
 0.7659978  0.7697482  0.7675723  0.77388805 0.76525944 0.7645453
 0.76967835 0.77148956 0.76194906 0.7831768  0.7759558  0.769058
 0.7688923  0.7757853  0.77488005 0.77737224 0.7742398  0.7710837
 0.7648405  0.77146125 0.7671764  0.77248275 0.77005297 0.7715845
 0.7666959  0.7655816  0.76725996 0.7728671  0.7711618  0.77312577
 0.77342635 0.7654235  0.77094185 0.7743012  0.76993066 0.76793736
 0.7679704  0.77398634 0.76462543 0.7652209  0.76369226 0.7681049
 0.7720481  0.77140486 0.76270306 0.7706907  0.7734703  0.7757785
 0.7678166  0.76699543 0.7739447  0.7646543  0.7771104  0.77358514
 0.7742971  0.7756299  0.76769733 0.76902854 0.7730379  0.766611
 0.7672068  0.7677027  0.773113   0.7680584  0.7721143  0.7713492
 0.76716197 0.7682873  0.7693233  0.7713084  0.7676856  0.76064515
 0.76682854 0.7678968  0.7681023  0.77369934 0.77429855 0.77109396
 0.7658531  0.77562845 0.7647048  0.7745286  0.779475   0.7649462
 0.76931405 0.7753022  0.7682121  0.77066517 0.7629763  0.76964414
 0.77401924 0.7672014  0.7690103  0.76966727 0.7712116  0.77090335
 0.76651406 0.76435816 0.772952   0.7665944  0.76075566 0.76844156
 0.7689866  0.7726583  0.77565604 0.772061   0.7658807  0.76895
 0.764734   0.76563203 0.7689233  0.7672787  0.7651377  0.76377195
 0.76950777 0.7649782  0.7636375  0.76869625 0.7769941  0.77127326
 0.7639829  0.7738155  0.76618415 0.7714753  0.77162683 0.76007676
 0.7685809  0.7696357  0.76806533 0.7693305  0.76611984 0.7642882
 0.76885796 0.77002853 0.773157   0.7673284  0.77265537 0.7765999
 0.7627851  0.7654705  0.7768347  0.77080786 0.7722954  0.76796454
 0.76648647 0.767257  ]
[nltk_data] Downloading package wordnet to /mnt/iusers01/fse-
[nltk_data]     ugpgt01/compsci01/q12628ct/nltk_data...
[nltk_data]   Package wordnet is already up-to-date!
[nltk_data] Downloading package punkt_tab to /mnt/iusers01/fse-
[nltk_data]     ugpgt01/compsci01/q12628ct/nltk_data...
[nltk_data]   Package punkt_tab is already up-to-date!
[nltk_data] Downloading package omw-1.4 to /mnt/iusers01/fse-
[nltk_data]     ugpgt01/compsci01/q12628ct/nltk_data...
[nltk_data]   Package omw-1.4 is already up-to-date!
/mnt/iusers01/fse-ugpgt01/compsci01/q12628ct/.conda/envs/semantic-decoding/lib/python3.10/site-packages/huggingface_hub/file_download.py:945: FutureWarning: `resume_download` is deprecated and will be removed in version 1.0.0. Downloads always resume when possible. If you want to force a new download, use `force_download=True`.
  warnings.warn(
Some weights of the model checkpoint at roberta-large were not used when initializing RobertaModel: ['lm_head.layer_norm.bias', 'lm_head.dense.bias', 'lm_head.bias', 'lm_head.layer_norm.weight', 'lm_head.dense.weight']
- This IS expected if you are initializing RobertaModel from the checkpoint of a model trained on another task or with another architecture (e.g. initializing a BertForSequenceClassification model from a BertForPreTraining model).
- This IS NOT expected if you are initializing RobertaModel from the checkpoint of a model that you expect to be exactly identical (initializing a BertForSequenceClassification model from a BertForSequenceClassification model).
Some weights of RobertaModel were not initialized from the model checkpoint at roberta-large and are newly initialized: ['roberta.pooler.dense.weight', 'roberta.pooler.dense.bias']
You should probably TRAIN this model on a down-stream task to be able to use it for predictions and inference.
echo
WER
[-0.03401361 -0.04081633 -0.04761905 -0.04081633 -0.03401361 -0.06122449
 -0.02040816 -0.02040816 -0.04761905 -0.04761905 -0.01360544 -0.03401361
 -0.04081633 -0.03401361 -0.03401361 -0.03401361 -0.04761905 -0.03401361
 -0.02040816 -0.04081633 -0.03401361 -0.02721088 -0.04081633 -0.02721088
 -0.05442177 -0.04761905 -0.01360544 -0.03401361 -0.02040816 -0.05442177
 -0.05442177 -0.01360544 -0.04081633 -0.04081633 -0.03401361 -0.05442177
 -0.04081633 -0.04761905 -0.03401361 -0.02721088 -0.04761905 -0.03401361
 -0.03401361 -0.02040816 -0.05442177 -0.02721088 -0.03401361 -0.03401361
 -0.02721088 -0.03401361 -0.03401361 -0.06122449 -0.01360544 -0.04081633
 -0.04761905 -0.02721088 -0.05442177 -0.03401361 -0.02040816 -0.03401361
 -0.03401361 -0.04081633 -0.02721088 -0.05442177 -0.04081633 -0.04761905
 -0.02040816 -0.02721088 -0.02721088 -0.02721088 -0.03401361 -0.04081633
 -0.04081633 -0.04081633 -0.04081633 -0.04761905 -0.02040816 -0.03401361
 -0.02040816 -0.04081633 -0.04081633 -0.05442177 -0.04081633 -0.04081633
 -0.04761905 -0.03401361 -0.02040816 -0.02040816 -0.03401361 -0.03401361
 -0.02721088 -0.05442177 -0.04081633 -0.04761905 -0.04761905 -0.04081633
 -0.03401361 -0.04081633 -0.05442177 -0.04081633 -0.01360544 -0.02721088
 -0.03401361 -0.04761905 -0.02040816 -0.05442177 -0.04081633 -0.03401361
 -0.05442177 -0.03401361 -0.04761905 -0.02721088 -0.04081633 -0.04761905
 -0.05442177 -0.04081633 -0.02721088 -0.03401361 -0.03401361 -0.03401361
 -0.04761905 -0.03401361 -0.05442177 -0.04081633 -0.04761905 -0.06122449
 -0.04081633  0.00680272 -0.04761905 -0.03401361 -0.03401361 -0.04761905
 -0.04081633 -0.02721088 -0.02040816 -0.04761905 -0.04081633 -0.02721088
 -0.05442177 -0.04081633 -0.04761905 -0.03401361 -0.04081633 -0.04081633
 -0.04081633 -0.04761905 -0.04081633 -0.06122449 -0.03401361 -0.04761905
 -0.03401361 -0.04081633 -0.04081633 -0.03401361 -0.04081633 -0.04081633
 -0.04081633 -0.02721088 -0.06122449 -0.02721088 -0.02721088 -0.03401361
 -0.04081633 -0.02721088 -0.04081633 -0.02721088 -0.02721088 -0.03401361
 -0.04761905 -0.02721088 -0.03401361 -0.04081633 -0.00680272 -0.04761905
 -0.05442177 -0.03401361 -0.04761905 -0.02721088 -0.02721088 -0.02721088
 -0.02721088 -0.04761905 -0.02040816 -0.04081633 -0.02721088 -0.03401361
 -0.02721088 -0.03401361 -0.02721088 -0.03401361 -0.03401361 -0.04081633
 -0.04081633 -0.01360544 -0.02721088 -0.05442177 -0.03401361 -0.04761905
 -0.04761905 -0.03401361]
echo
BLEU
[0.2327044  0.25157233 0.22012579 0.25157233 0.28301887 0.21383648
 0.2327044  0.27044025 0.2327044  0.21383648 0.28930818 0.2327044
 0.27044025 0.23899371 0.23899371 0.22641509 0.27672956 0.27044025
 0.23899371 0.20754717 0.23899371 0.23899371 0.25786164 0.2327044
 0.22641509 0.25157233 0.26415094 0.23899371 0.26415094 0.23899371
 0.22012579 0.25786164 0.25786164 0.25786164 0.25786164 0.23899371
 0.21383648 0.22012579 0.29559748 0.24528302 0.23899371 0.21383648
 0.18238994 0.21383648 0.24528302 0.20754717 0.2327044  0.26415094
 0.24528302 0.22012579 0.2327044  0.24528302 0.28930818 0.23899371
 0.22641509 0.21383648 0.2327044  0.2327044  0.21383648 0.24528302
 0.24528302 0.22012579 0.27044025 0.25786164 0.23899371 0.2327044
 0.24528302 0.21383648 0.21383648 0.23899371 0.26415094 0.24528302
 0.25157233 0.25157233 0.25157233 0.27044025 0.30188679 0.20754717
 0.27044025 0.28301887 0.26415094 0.21383648 0.21383648 0.24528302
 0.2327044  0.26415094 0.25786164 0.26415094 0.24528302 0.21383648
 0.25786164 0.21383648 0.26415094 0.23899371 0.24528302 0.2327044
 0.2327044  0.21383648 0.19496855 0.25786164 0.2327044  0.24528302
 0.20754717 0.19496855 0.25157233 0.20125786 0.22641509 0.22641509
 0.19496855 0.2327044  0.22641509 0.26415094 0.26415094 0.23899371
 0.19496855 0.22641509 0.2327044  0.2327044  0.25157233 0.20754717
 0.19496855 0.20754717 0.2327044  0.27044025 0.22012579 0.17610063
 0.22012579 0.23899371 0.23899371 0.25786164 0.25157233 0.24528302
 0.22012579 0.25157233 0.23899371 0.24528302 0.23899371 0.25157233
 0.22012579 0.28930818 0.24528302 0.20754717 0.22641509 0.22012579
 0.25786164 0.21383648 0.27672956 0.22012579 0.27044025 0.21383648
 0.24528302 0.25157233 0.25157233 0.26415094 0.2327044  0.27044025
 0.28930818 0.27672956 0.25157233 0.22641509 0.25157233 0.25786164
 0.2327044  0.31446541 0.20754717 0.2327044  0.26415094 0.22641509
 0.25786164 0.27044025 0.22012579 0.2327044  0.27672956 0.23899371
 0.24528302 0.2327044  0.21383648 0.27672956 0.24528302 0.2327044
 0.26415094 0.25157233 0.22012579 0.22641509 0.26415094 0.24528302
 0.2327044  0.27672956 0.23899371 0.20754717 0.20754717 0.24528302
 0.24528302 0.28301887 0.19496855 0.20125786 0.21383648 0.25157233
 0.22012579 0.25786164]
echo
METEOR
[0.15729585 0.1833839  0.16064257 0.17247637 0.18779343 0.15060241
 0.15351194 0.1705892  0.16344441 0.14691446 0.17402945 0.16053512
 0.1676727  0.16053512 0.16712391 0.16410213 0.18382353 0.17022697
 0.17013338 0.13386871 0.15740121 0.15405224 0.17414601 0.17394237
 0.14725569 0.1671123  0.18040656 0.15729585 0.19366907 0.16366306
 0.15740121 0.16733601 0.16722408 0.18076931 0.17068273 0.1788206
 0.17717671 0.15384615 0.19385027 0.17356475 0.1575067  0.15060241
 0.13324316 0.14735432 0.16690048 0.15685941 0.18375477 0.18685288
 0.16734793 0.14996375 0.15080429 0.16420912 0.18754186 0.1575067
 0.1671123  0.15625    0.17899911 0.14410188 0.15696433 0.1534094
 0.16733601 0.15046597 0.15698063 0.17737617 0.17013338 0.16020664
 0.16366306 0.15046597 0.16980349 0.17091153 0.1638796  0.17068273
 0.15708556 0.17953732 0.17024711 0.16677785 0.20411444 0.15687583
 0.18973189 0.20271701 0.1671123  0.1503006  0.14037433 0.16377005
 0.15708556 0.18108652 0.15698063 0.18637433 0.16722408 0.16052856
 0.18735349 0.15080429 0.17368069 0.17737617 0.17013338 0.15633689
 0.17618003 0.13360053 0.15687583 0.17324614 0.16075017 0.16712391
 0.14735432 0.15539613 0.15374332 0.1603138  0.14715719 0.14705882
 0.15070328 0.1575067  0.15       0.18052731 0.18338677 0.15036526
 0.12981134 0.16756032 0.15708556 0.16688919 0.14400536 0.14715719
 0.15394913 0.13333333 0.14037433 0.18096515 0.14362057 0.12616202
 0.13368984 0.17405895 0.1898588  0.17056856 0.17405895 0.18028597
 0.15353805 0.15384615 0.15740121 0.17091153 0.18674883 0.17761394
 0.1575067  0.18722809 0.16075017 0.13026052 0.17013338 0.1534094
 0.17091153 0.14735432 0.17056856 0.13684913 0.17702071 0.14
 0.15729585 0.1671123  0.17749498 0.17717671 0.15384615 0.17402945
 0.17749498 0.18735349 0.15040107 0.15675462 0.17081802 0.17402945
 0.14745308 0.18754186 0.14666667 0.1503006  0.18326116 0.1603138
 0.1671123  0.18375477 0.15644112 0.16734793 0.17725753 0.15364061
 0.15999275 0.15729585 0.13730743 0.18060201 0.16722408 0.15050167
 0.16722408 0.17324614 0.17220742 0.15675462 0.18052731 0.1638796
 0.16655563 0.17068273 0.17729538 0.14696059 0.16042111 0.14715719
 0.17717671 0.1965767  0.1762978  0.1335999  0.15080429 0.1676727
 0.17929777 0.1638796 ]
echo
BERT
[0.7710289  0.7659669  0.76649946 0.7622516  0.77159727 0.760288
 0.76871115 0.775465   0.7662095  0.76325524 0.7677286  0.7697287
 0.7695211  0.7703542  0.77177536 0.7643063  0.7658889  0.77468276
 0.7689807  0.7709278  0.770375   0.7710364  0.7740128  0.7673515
 0.765887   0.7670125  0.76870394 0.7713839  0.7688923  0.7621337
 0.7736216  0.77726114 0.7689679  0.77070475 0.77250457 0.7620897
 0.76882696 0.7603893  0.7777301  0.76576805 0.7677362  0.76436716
 0.7583033  0.7678363  0.7669856  0.7703598  0.7734941  0.7643696
 0.7676673  0.7694153  0.7703893  0.7684761  0.7685186  0.77054
 0.7675461  0.76641226 0.7666724  0.76666725 0.7617701  0.76977056
 0.767599   0.770443   0.771189   0.76674765 0.76916844 0.76656526
 0.7686274  0.7655599  0.7733773  0.77244955 0.7664486  0.7680249
 0.7642331  0.7659026  0.7668836  0.76859033 0.77381176 0.76223326
 0.7782246  0.76957554 0.7787672  0.766496   0.76808095 0.76467943
 0.7696112  0.7697433  0.76617837 0.7712252  0.7684039  0.764966
 0.7704158  0.7686945  0.7613166  0.77311105 0.76468235 0.76415426
 0.7696131  0.7723572  0.77216583 0.7730597  0.7688228  0.7670019
 0.7650387  0.7706646  0.7637886  0.7613882  0.7743925  0.7696707
 0.7635405  0.77455866 0.77043796 0.77028733 0.76451886 0.77198994
 0.7646183  0.764686   0.7677798  0.7663242  0.7683627  0.7721007
 0.7683261  0.76675504 0.77102995 0.7647053  0.76766074 0.75964814
 0.7559696  0.7721927  0.7644947  0.7736776  0.7720254  0.76498795
 0.765456   0.77302915 0.7715241  0.77879584 0.7683608  0.77268934
 0.76156294 0.7820816  0.7692082  0.7710576  0.7746528  0.77067256
 0.772552   0.7663201  0.7697384  0.7662914  0.7581813  0.76964396
 0.7654992  0.7689401  0.76939344 0.76666427 0.7658888  0.7761204
 0.7628828  0.77079576 0.7669531  0.7681549  0.7751847  0.77172256
 0.7668133  0.76913154 0.76376164 0.7721852  0.77177536 0.76985955
 0.7679115  0.7736554  0.76484966 0.7758356  0.7697608  0.76270634
 0.772604   0.7779801  0.7665713  0.76997894 0.7693322  0.76777756
 0.7707628  0.77085245 0.766273   0.7634438  0.77497005 0.7757423
 0.7607808  0.76762164 0.7745814  0.7619765  0.7660054  0.7650633
 0.7699337  0.7754421  0.77257997 0.77048415 0.77023506 0.7655406
 0.76374936 0.76231205]
[nltk_data] Downloading package wordnet to /mnt/iusers01/fse-
[nltk_data]     ugpgt01/compsci01/q12628ct/nltk_data...
[nltk_data]   Package wordnet is already up-to-date!
[nltk_data] Downloading package punkt_tab to /mnt/iusers01/fse-
[nltk_data]     ugpgt01/compsci01/q12628ct/nltk_data...
[nltk_data]   Package punkt_tab is already up-to-date!
[nltk_data] Downloading package omw-1.4 to /mnt/iusers01/fse-
[nltk_data]     ugpgt01/compsci01/q12628ct/nltk_data...
[nltk_data]   Package omw-1.4 is already up-to-date!
/mnt/iusers01/fse-ugpgt01/compsci01/q12628ct/.conda/envs/semantic-decoding/lib/python3.10/site-packages/huggingface_hub/file_download.py:945: FutureWarning: `resume_download` is deprecated and will be removed in version 1.0.0. Downloads always resume when possible. If you want to force a new download, use `force_download=True`.
  warnings.warn(
Some weights of the model checkpoint at roberta-large were not used when initializing RobertaModel: ['lm_head.bias', 'lm_head.layer_norm.weight', 'lm_head.layer_norm.bias', 'lm_head.dense.bias', 'lm_head.dense.weight']
- This IS expected if you are initializing RobertaModel from the checkpoint of a model trained on another task or with another architecture (e.g. initializing a BertForSequenceClassification model from a BertForPreTraining model).
- This IS NOT expected if you are initializing RobertaModel from the checkpoint of a model that you expect to be exactly identical (initializing a BertForSequenceClassification model from a BertForSequenceClassification model).
Some weights of RobertaModel were not initialized from the model checkpoint at roberta-large and are newly initialized: ['roberta.pooler.dense.bias', 'roberta.pooler.dense.weight']
You should probably TRAIN this model on a down-stream task to be able to use it for predictions and inference.
echo
WER
[-0.06802721 -0.06802721 -0.07482993 -0.07482993 -0.05442177 -0.06122449
 -0.06802721 -0.06122449 -0.05442177 -0.04081633 -0.06122449 -0.04761905
 -0.06122449 -0.05442177 -0.08163265 -0.04081633 -0.04761905 -0.06122449
 -0.06122449 -0.06122449 -0.06122449 -0.04761905 -0.07482993 -0.06802721
 -0.06122449 -0.06122449 -0.06122449 -0.06122449 -0.06122449 -0.03401361
 -0.06802721 -0.06802721 -0.06122449 -0.06802721 -0.04761905 -0.06122449
 -0.08163265 -0.06802721 -0.06122449 -0.06122449 -0.05442177 -0.06802721
 -0.06122449 -0.06122449 -0.08163265 -0.06122449 -0.06122449 -0.06802721
 -0.07482993 -0.08163265 -0.05442177 -0.05442177 -0.04761905 -0.06802721
 -0.06802721 -0.06122449 -0.06122449 -0.07482993 -0.06122449 -0.05442177
 -0.06802721 -0.03401361 -0.06122449 -0.07482993 -0.06802721 -0.07482993
 -0.06122449 -0.06122449 -0.06802721 -0.07482993 -0.05442177 -0.06802721
 -0.07482993 -0.05442177 -0.06802721 -0.06802721 -0.04761905 -0.07482993
 -0.07482993 -0.06802721 -0.05442177 -0.04761905 -0.06122449 -0.04761905
 -0.06122449 -0.06122449 -0.06802721 -0.06122449 -0.06802721 -0.04081633
 -0.06802721 -0.03401361 -0.04761905 -0.06122449 -0.06122449 -0.06122449
 -0.06122449 -0.04081633 -0.03401361 -0.06802721 -0.07482993 -0.06802721
 -0.04761905 -0.07482993 -0.06802721 -0.06802721 -0.04081633 -0.03401361
 -0.06802721 -0.04761905 -0.06802721 -0.06122449 -0.06122449 -0.08163265
 -0.06802721 -0.06802721 -0.08163265 -0.06802721 -0.06122449 -0.05442177
 -0.08163265 -0.06122449 -0.04761905 -0.03401361 -0.05442177 -0.05442177
 -0.06122449 -0.05442177 -0.06122449 -0.05442177 -0.07482993 -0.06122449
 -0.07482993 -0.06122449 -0.04081633 -0.06122449 -0.07482993 -0.06802721
 -0.03401361 -0.06802721 -0.05442177 -0.05442177 -0.06802721 -0.06122449
 -0.07482993 -0.06122449 -0.04761905 -0.05442177 -0.06122449 -0.05442177
 -0.04761905 -0.06122449 -0.07482993 -0.04761905 -0.06122449 -0.07482993
 -0.08163265 -0.06122449 -0.08163265 -0.06122449 -0.06122449 -0.04761905
 -0.07482993 -0.06802721 -0.06802721 -0.04081633 -0.06802721 -0.05442177
 -0.06122449 -0.07482993 -0.06122449 -0.08163265 -0.07482993 -0.06802721
 -0.05442177 -0.04761905 -0.04761905 -0.06122449 -0.05442177 -0.08163265
 -0.06802721 -0.06802721 -0.07482993 -0.05442177 -0.06802721 -0.04761905
 -0.04761905 -0.06122449 -0.07482993 -0.06802721 -0.07482993 -0.05442177
 -0.05442177 -0.06802721 -0.06802721 -0.04081633 -0.05442177 -0.06802721
 -0.04081633 -0.06122449]
echo
BLEU
[0.23170732 0.25609756 0.21341463 0.2195122  0.28658537 0.24390244
 0.23170732 0.22560976 0.28658537 0.24390244 0.23780488 0.27439024
 0.22560976 0.23170732 0.2804878  0.28658537 0.24390244 0.26829268
 0.24390244 0.23780488 0.26219512 0.26219512 0.25609756 0.23780488
 0.23170732 0.24390244 0.23170732 0.24390244 0.23170732 0.2195122
 0.26219512 0.25609756 0.24390244 0.21341463 0.23170732 0.21341463
 0.2195122  0.26829268 0.18902439 0.25609756 0.21341463 0.23780488
 0.25       0.2195122  0.25609756 0.25       0.27439024 0.26219512
 0.21341463 0.22560976 0.23170732 0.22560976 0.25       0.27439024
 0.23780488 0.27439024 0.20731707 0.23780488 0.25       0.23170732
 0.25       0.25       0.24390244 0.23170732 0.25       0.21341463
 0.22560976 0.24390244 0.2804878  0.22560976 0.23170732 0.24390244
 0.24390244 0.23780488 0.23780488 0.22560976 0.25       0.19512195
 0.23780488 0.21341463 0.21341463 0.25609756 0.21341463 0.27439024
 0.23170732 0.25609756 0.23780488 0.24390244 0.2195122  0.23780488
 0.25       0.25609756 0.25609756 0.21341463 0.24390244 0.22560976
 0.26829268 0.26829268 0.25       0.25609756 0.20731707 0.23170732
 0.25       0.23170732 0.2195122  0.26829268 0.22560976 0.26219512
 0.23780488 0.24390244 0.26219512 0.26829268 0.25       0.2195122
 0.25       0.25       0.23170732 0.25       0.22560976 0.26219512
 0.22560976 0.23780488 0.23780488 0.26219512 0.26829268 0.23170732
 0.22560976 0.28658537 0.26219512 0.25       0.20121951 0.18902439
 0.22560976 0.24390244 0.26219512 0.25       0.25       0.27439024
 0.26219512 0.25       0.20731707 0.26219512 0.23780488 0.23170732
 0.24390244 0.26829268 0.25609756 0.25       0.25       0.26829268
 0.23780488 0.23170732 0.24390244 0.19512195 0.26219512 0.21341463
 0.24390244 0.25       0.20731707 0.26219512 0.24390244 0.21341463
 0.23780488 0.22560976 0.23170732 0.26829268 0.23780488 0.25609756
 0.23780488 0.20731707 0.23780488 0.20731707 0.25       0.20731707
 0.26829268 0.26219512 0.25       0.22560976 0.23170732 0.20121951
 0.20731707 0.25       0.20731707 0.25609756 0.23780488 0.25
 0.2195122  0.29268293 0.25       0.23170732 0.20731707 0.20731707
 0.24390244 0.25       0.21341463 0.26219512 0.22560976 0.25
 0.22560976 0.23170732]
echo
METEOR
[0.18600133 0.1635514  0.14686248 0.16677785 0.17976032 0.18284574
 0.16645541 0.15343562 0.19995889 0.16634451 0.1462766  0.18666667
 0.16677785 0.15333333 0.1767036  0.19346231 0.17606242 0.18691589
 0.1635514  0.18012008 0.18       0.18382353 0.17968541 0.17290011
 0.17267019 0.17611577 0.15666667 0.16688919 0.15343562 0.1635514
 0.19257396 0.16655563 0.16990638 0.15353805 0.1767036  0.1625756
 0.15654548 0.18679119 0.15320471 0.17988008 0.15364061 0.15645806
 0.17321785 0.1497006  0.176468   0.16322452 0.19320453 0.17956578
 0.17310253 0.16021362 0.17929777 0.14676451 0.18333333 0.17022697
 0.16344229 0.17968541 0.15282392 0.16322633 0.16322452 0.16
 0.17022697 0.17324614 0.16322452 0.14666667 0.19283107 0.13694055
 0.1787017  0.16700067 0.20247989 0.18326443 0.15010007 0.16322452
 0.16322452 0.17011341 0.17013338 0.13990673 0.1920618  0.15664998
 0.17594497 0.14289489 0.1633353  0.16300732 0.15010007 0.17344897
 0.15364061 0.18994259 0.17666667 0.15374332 0.15592138 0.15666667
 0.16333333 0.1981378  0.17379679 0.14018692 0.17336179 0.15364061
 0.17       0.17678452 0.19662024 0.15666667 0.16533047 0.1598934
 0.17359356 0.15353805 0.17013338 0.18660358 0.18301616 0.18004526
 0.1767036  0.1857535  0.17702071 0.18012008 0.17678452 0.15241882
 0.15687583 0.1896895  0.15364061 0.1503006  0.15591481 0.19887066
 0.17       0.15353805 0.16677785 0.18635494 0.2083642  0.1857535
 0.18264988 0.18679119 0.17321785 0.1896895  0.13694055 0.15633689
 0.16878671 0.15708556 0.1835781  0.18289839 0.1767036  0.20247989
 0.18666667 0.1857535  0.13694055 0.18016553 0.16333333 0.16344229
 0.16966068 0.17678452 0.18264988 0.17022697 0.176468   0.19006938
 0.15353805 0.1435247  0.18028597 0.14656895 0.19675149 0.15
 0.17278507 0.17011341 0.14696059 0.17678452 0.19127904 0.16566091
 0.16010674 0.17336179 0.17956578 0.21494493 0.15978695 0.19688292
 0.15698063 0.14926624 0.16010674 0.16656645 0.15968064 0.14371658
 0.17690254 0.18672814 0.1917898  0.16009962 0.14676451 0.14037433
 0.14314248 0.19592144 0.15312916 0.1861255  0.16645541 0.1828939
 0.13684913 0.19995889 0.16333333 0.17992515 0.15967298 0.14686248
 0.15343562 0.16967999 0.16667765 0.18012008 0.14656895 0.1730153
 0.15633689 0.16021362]
echo
BERT
[0.7752204  0.769819   0.7727649  0.7643988  0.76424253 0.76389325
 0.7699112  0.76957643 0.7759143  0.7695459  0.76780486 0.77158314
 0.7612307  0.76112604 0.77007914 0.7771512  0.7730763  0.7729432
 0.7697677  0.77271426 0.7638738  0.7657634  0.76617616 0.76686734
 0.7620075  0.7671735  0.7675235  0.7681464  0.769516   0.7756682
 0.7685777  0.7736996  0.77251005 0.77340996 0.7679085  0.76125884
 0.7691319  0.768075   0.7640187  0.76270854 0.76322496 0.76946187
 0.7702837  0.7610761  0.77286625 0.7760615  0.76940095 0.7667746
 0.7686193  0.768787   0.76822376 0.76966697 0.7676425  0.770682
 0.7723437  0.76783633 0.76700413 0.7678507  0.770809   0.76897347
 0.7738826  0.77270585 0.7699318  0.7700161  0.7647573  0.77382696
 0.7677678  0.76824856 0.7698227  0.7760286  0.76739216 0.7683264
 0.7642205  0.77107406 0.7751308  0.7683425  0.7672722  0.77368414
 0.7734453  0.7719666  0.7750565  0.7693763  0.7709577  0.766136
 0.7647488  0.77396446 0.76680064 0.77263826 0.7663138  0.77110577
 0.77234614 0.77339256 0.76873803 0.7679212  0.7748414  0.76848686
 0.76586914 0.7659584  0.78149503 0.7739105  0.7706045  0.7697355
 0.7764484  0.7708522  0.7696384  0.7669216  0.768442   0.7722461
 0.7706771  0.76707613 0.7701518  0.7711992  0.7679976  0.7680344
 0.7667946  0.7722185  0.77634746 0.77398115 0.76562625 0.7697805
 0.7742071  0.7646222  0.76334965 0.76966375 0.76452637 0.7708725
 0.7757665  0.76585335 0.77261186 0.7696786  0.7736876  0.7710706
 0.7690754  0.7729124  0.7727039  0.7690682  0.7720418  0.7670071
 0.77090025 0.770771   0.7656915  0.76613104 0.7701714  0.76662993
 0.7705251  0.7726747  0.7705813  0.76843226 0.77606773 0.76897526
 0.768494   0.7673446  0.76943725 0.76305425 0.78128064 0.767352
 0.7616324  0.7624635  0.76977324 0.77476835 0.77084136 0.76791954
 0.76647925 0.7660742  0.766917   0.77400684 0.7595747  0.76914203
 0.7693807  0.7646955  0.7631115  0.7642223  0.76110184 0.7727026
 0.76997054 0.76649433 0.7717601  0.775401   0.7731085  0.76866114
 0.77081424 0.77158654 0.76051736 0.7723031  0.76775897 0.7638605
 0.77029127 0.7700717  0.7684105  0.7701901  0.76789117 0.76633495
 0.7637988  0.76744705 0.7684778  0.7668751  0.7677268  0.7643714
 0.765877   0.778128  ]
[nltk_data] Downloading package wordnet to /mnt/iusers01/fse-
[nltk_data]     ugpgt01/compsci01/q12628ct/nltk_data...
[nltk_data]   Package wordnet is already up-to-date!
[nltk_data] Downloading package punkt_tab to /mnt/iusers01/fse-
[nltk_data]     ugpgt01/compsci01/q12628ct/nltk_data...
[nltk_data]   Package punkt_tab is already up-to-date!
[nltk_data] Downloading package omw-1.4 to /mnt/iusers01/fse-
[nltk_data]     ugpgt01/compsci01/q12628ct/nltk_data...
[nltk_data]   Package omw-1.4 is already up-to-date!
/mnt/iusers01/fse-ugpgt01/compsci01/q12628ct/.conda/envs/semantic-decoding/lib/python3.10/site-packages/huggingface_hub/file_download.py:945: FutureWarning: `resume_download` is deprecated and will be removed in version 1.0.0. Downloads always resume when possible. If you want to force a new download, use `force_download=True`.
  warnings.warn(
Some weights of the model checkpoint at roberta-large were not used when initializing RobertaModel: ['lm_head.layer_norm.weight', 'lm_head.dense.weight', 'lm_head.bias', 'lm_head.layer_norm.bias', 'lm_head.dense.bias']
- This IS expected if you are initializing RobertaModel from the checkpoint of a model trained on another task or with another architecture (e.g. initializing a BertForSequenceClassification model from a BertForPreTraining model).
- This IS NOT expected if you are initializing RobertaModel from the checkpoint of a model that you expect to be exactly identical (initializing a BertForSequenceClassification model from a BertForSequenceClassification model).
Some weights of RobertaModel were not initialized from the model checkpoint at roberta-large and are newly initialized: ['roberta.pooler.dense.bias', 'roberta.pooler.dense.weight']
You should probably TRAIN this model on a down-stream task to be able to use it for predictions and inference.
echo
WER
[-0.03401361 -0.03401361 -0.04081633 -0.05442177 -0.03401361 -0.02040816
 -0.04081633 -0.04761905 -0.04081633 -0.03401361 -0.05442177 -0.04761905
 -0.04081633 -0.04081633 -0.03401361 -0.02721088 -0.04081633 -0.03401361
 -0.04761905 -0.04081633 -0.02721088 -0.04081633 -0.04761905 -0.04081633
 -0.06802721 -0.04081633 -0.04761905 -0.02721088 -0.05442177 -0.04081633
 -0.04761905 -0.05442177 -0.04081633 -0.04081633 -0.04761905 -0.05442177
 -0.05442177 -0.04761905 -0.05442177 -0.00680272 -0.04081633 -0.05442177
 -0.05442177 -0.02721088 -0.04081633 -0.04081633 -0.05442177 -0.04761905
 -0.04761905 -0.04761905 -0.06122449 -0.02721088 -0.04761905 -0.02721088
 -0.03401361 -0.04081633 -0.03401361 -0.04761905 -0.03401361 -0.04761905
 -0.03401361 -0.04081633 -0.03401361 -0.04081633 -0.04081633 -0.04081633
 -0.03401361 -0.04761905 -0.04761905 -0.05442177 -0.02721088 -0.05442177
 -0.05442177 -0.05442177 -0.04081633 -0.04081633 -0.04081633 -0.04761905
 -0.04081633 -0.05442177 -0.04081633 -0.02721088 -0.04081633 -0.03401361
 -0.04081633 -0.05442177 -0.04081633 -0.03401361 -0.03401361 -0.06122449
 -0.04081633 -0.04081633 -0.03401361 -0.04081633 -0.05442177 -0.05442177
 -0.04081633 -0.04761905 -0.04761905 -0.04761905 -0.06122449 -0.04081633
 -0.04081633 -0.06802721 -0.02040816 -0.03401361 -0.04761905 -0.03401361
 -0.05442177 -0.03401361 -0.04081633 -0.02721088 -0.04081633 -0.03401361
 -0.04081633 -0.03401361 -0.04761905 -0.04081633 -0.04761905 -0.04081633
 -0.05442177 -0.06122449 -0.04761905 -0.06122449 -0.04761905 -0.04081633
 -0.05442177 -0.04081633 -0.03401361 -0.03401361 -0.02721088 -0.04081633
 -0.05442177 -0.05442177 -0.03401361 -0.04761905 -0.05442177 -0.02040816
 -0.04761905 -0.04761905 -0.03401361 -0.03401361 -0.04081633 -0.04761905
 -0.06122449 -0.04761905 -0.01360544 -0.03401361 -0.04761905 -0.05442177
 -0.03401361 -0.04081633 -0.04761905 -0.04761905 -0.02721088 -0.04761905
 -0.04761905 -0.05442177 -0.02721088 -0.03401361 -0.05442177 -0.03401361
 -0.04761905 -0.04081633 -0.06122449 -0.04081633 -0.02721088 -0.04081633
 -0.04761905 -0.03401361 -0.05442177 -0.04081633 -0.03401361 -0.04761905
 -0.04761905 -0.02721088 -0.02721088 -0.05442177 -0.05442177 -0.04081633
 -0.03401361 -0.02721088 -0.04761905 -0.04761905 -0.03401361 -0.04081633
 -0.02721088 -0.05442177 -0.03401361 -0.05442177 -0.03401361 -0.03401361
 -0.03401361 -0.04081633 -0.04081633 -0.02040816 -0.02040816 -0.06122449
 -0.04761905 -0.02721088]
echo
BLEU
[0.225   0.25    0.225   0.24375 0.23125 0.2625  0.24375 0.25625 0.2125
 0.23125 0.25    0.2375  0.21875 0.20625 0.23125 0.2375  0.225   0.24375
 0.2125  0.2625  0.2625  0.24375 0.2125  0.24375 0.2125  0.26875 0.19375
 0.24375 0.25    0.2125  0.225   0.19375 0.2625  0.24375 0.23125 0.2125
 0.21875 0.20625 0.2375  0.29375 0.2625  0.225   0.2125  0.225   0.23125
 0.275   0.23125 0.23125 0.2375  0.2625  0.25    0.225   0.21875 0.28125
 0.23125 0.25    0.25    0.21875 0.25625 0.23125 0.2375  0.2375  0.275
 0.225   0.25625 0.225   0.26875 0.225   0.28125 0.20625 0.225   0.2375
 0.25625 0.2375  0.2625  0.2375  0.25    0.2625  0.25    0.2875  0.26875
 0.275   0.2625  0.2875  0.2375  0.2375  0.25    0.2125  0.2375  0.21875
 0.25    0.21875 0.25625 0.2625  0.23125 0.2625  0.28125 0.20625 0.2125
 0.24375 0.225   0.275   0.21875 0.25    0.28125 0.23125 0.21875 0.24375
 0.25625 0.24375 0.24375 0.26875 0.225   0.28125 0.21875 0.24375 0.2125
 0.21875 0.21875 0.225   0.18125 0.18125 0.24375 0.21875 0.25625 0.25
 0.225   0.225   0.2375  0.2625  0.23125 0.21875 0.2625  0.20625 0.2625
 0.21875 0.225   0.26875 0.225   0.26875 0.25625 0.20625 0.225   0.25625
 0.23125 0.275   0.2875  0.225   0.2375  0.23125 0.275   0.25    0.2375
 0.23125 0.25    0.2125  0.23125 0.21875 0.225   0.2625  0.25625 0.2125
 0.25    0.225   0.19375 0.25625 0.2625  0.24375 0.2375  0.24375 0.20625
 0.225   0.2125  0.2375  0.23125 0.23125 0.25    0.23125 0.2625  0.25
 0.26875 0.2125  0.24375 0.24375 0.25625 0.25625 0.2625  0.2875  0.26875
 0.2375  0.26875 0.24375 0.225   0.26875 0.25625 0.2875  0.25625 0.21875
 0.2625  0.24375]
echo
METEOR
[0.14735432 0.17968541 0.16009962 0.15719064 0.15050167 0.17705819
 0.16377005 0.18697778 0.13721553 0.14362057 0.19057827 0.15719064
 0.16756032 0.14356396 0.16344441 0.1734776  0.17370967 0.17045455
 0.16485479 0.17091153 0.17034068 0.16377005 0.15384615 0.14715719
 0.15675462 0.19334735 0.14720987 0.16344441 0.17336179 0.14046823
 0.16678899 0.13648469 0.19321802 0.14715719 0.17611577 0.15060241
 0.14715719 0.1592486  0.15050167 0.17729538 0.16398929 0.15729585
 0.15020027 0.17282201 0.16912428 0.21307776 0.17606242 0.18289839
 0.15698063 0.18960515 0.1638796  0.1671123  0.14285714 0.17725753
 0.17013338 0.16722408 0.15394913 0.13703209 0.17414601 0.16398929
 0.16398929 0.17370967 0.17702071 0.17729538 0.17705819 0.15708556
 0.18060201 0.15050167 0.1917898  0.13703209 0.14662024 0.15364061
 0.17402945 0.17293754 0.15698063 0.17036098 0.14715719 0.16075017
 0.1638823  0.19025367 0.18060201 0.17379679 0.17382594 0.20080321
 0.15010007 0.16712391 0.16712391 0.16020664 0.19032349 0.13993236
 0.18301616 0.13721553 0.18710285 0.1635514  0.1638823  0.18028597
 0.19993485 0.14390897 0.14028056 0.15708556 0.14037433 0.18562983
 0.1767036  0.18722809 0.20093771 0.17034068 0.14381271 0.16990638
 0.18685288 0.15719064 0.16979311 0.18052731 0.13060951 0.19701453
 0.15394913 0.1797775  0.14381271 0.14366006 0.14333333 0.16980349
 0.13377926 0.12717537 0.15687583 0.14056225 0.17079705 0.19392833
 0.16       0.15729585 0.16075017 0.18338677 0.19070592 0.17047501
 0.1638796  0.14018692 0.17382594 0.14046823 0.16042111 0.2004939
 0.15289871 0.16744809 0.17693984 0.13703209 0.1435247  0.17013338
 0.17001981 0.17056856 0.20342859 0.16990638 0.1638823  0.17024711
 0.18060201 0.17305321 0.16420912 0.17370967 0.17402945 0.13684913
 0.17024711 0.13721553 0.15060241 0.17056856 0.17741421 0.14980027
 0.17359356 0.15384615 0.14381271 0.18697778 0.18040656 0.16366065
 0.17682164 0.1798052  0.15353805 0.1638823  0.15361463 0.17336179
 0.18624983 0.17305321 0.1671123  0.15364061 0.16344229 0.17968541
 0.17705819 0.15685941 0.14390897 0.15740121 0.1671123  0.17382594
 0.17370967 0.17068273 0.17333333 0.17741421 0.17414601 0.15405224
 0.15060241 0.18891974 0.17368069 0.17426273 0.17091153 0.14662024
 0.18048128 0.1575067 ]
echo
BERT
[0.7625185  0.7630768  0.76252294 0.7674632  0.7738017  0.76674867
 0.7646873  0.76872873 0.76918584 0.76837116 0.76382065 0.76838183
 0.7728086  0.77001876 0.7600044  0.7712419  0.7683357  0.77031636
 0.7662785  0.76325417 0.76999915 0.76699996 0.7689499  0.77077514
 0.7632893  0.7711886  0.7708072  0.76487947 0.7692754  0.76550335
 0.76199836 0.76423365 0.76515436 0.77574676 0.7673796  0.77522874
 0.76796937 0.7674043  0.7677902  0.77144957 0.7708888  0.76720655
 0.7654159  0.77321726 0.7723088  0.77474475 0.77165866 0.766622
 0.7673764  0.7672698  0.76473963 0.7681685  0.7651191  0.7705988
 0.7651839  0.76839983 0.7759166  0.7698774  0.7681945  0.77260107
 0.7772831  0.7750818  0.77127695 0.76269436 0.7713525  0.7684628
 0.7745873  0.7680698  0.76971775 0.7617172  0.76714617 0.7675815
 0.768336   0.7709735  0.77300274 0.7730562  0.7686435  0.7676891
 0.77135766 0.7728188  0.78131056 0.7689593  0.76975477 0.7821448
 0.7650347  0.7636961  0.7682613  0.76168656 0.7694187  0.7636409
 0.7668984  0.769812   0.7741326  0.77302635 0.76372063 0.76914
 0.77444565 0.770138   0.76695466 0.76340675 0.76715416 0.7671393
 0.76780564 0.7732688  0.7704921  0.7656987  0.76653224 0.7739179
 0.7683779  0.7643614  0.7714293  0.7722183  0.76697326 0.7729621
 0.76543975 0.76821184 0.76983553 0.765464   0.770013   0.76565665
 0.76507795 0.76882184 0.7759836  0.7650107  0.7666048  0.78050745
 0.7647797  0.76874876 0.7679135  0.76431596 0.77126086 0.7712605
 0.7665209  0.76417327 0.77487946 0.7682432  0.7708509  0.76961637
 0.7688786  0.77517736 0.76756394 0.7643383  0.7736653  0.7688566
 0.76882946 0.7754115  0.7754796  0.76722413 0.77287936 0.7698921
 0.77431166 0.7725661  0.76756334 0.76845634 0.7725421  0.77125716
 0.76516247 0.77087325 0.7637062  0.77094674 0.76587033 0.76537675
 0.76543    0.7695521  0.7630947  0.7789936  0.7790358  0.768515
 0.7703873  0.7662443  0.76690584 0.76413536 0.766801   0.76145965
 0.7611902  0.77222574 0.7769725  0.76691204 0.77084136 0.76938426
 0.7687573  0.7669699  0.7643584  0.77180374 0.76799715 0.77641046
 0.7763778  0.77471906 0.76190734 0.7739973  0.76469105 0.77393043
 0.76337826 0.771049   0.7675386  0.76735646 0.7664161  0.7665637
 0.7696096  0.77316153]
[nltk_data] Downloading package wordnet to /mnt/iusers01/fse-
[nltk_data]     ugpgt01/compsci01/q12628ct/nltk_data...
[nltk_data]   Package wordnet is already up-to-date!
[nltk_data] Downloading package punkt_tab to /mnt/iusers01/fse-
[nltk_data]     ugpgt01/compsci01/q12628ct/nltk_data...
[nltk_data]   Package punkt_tab is already up-to-date!
[nltk_data] Downloading package omw-1.4 to /mnt/iusers01/fse-
[nltk_data]     ugpgt01/compsci01/q12628ct/nltk_data...
[nltk_data]   Package omw-1.4 is already up-to-date!
/mnt/iusers01/fse-ugpgt01/compsci01/q12628ct/.conda/envs/semantic-decoding/lib/python3.10/site-packages/huggingface_hub/file_download.py:945: FutureWarning: `resume_download` is deprecated and will be removed in version 1.0.0. Downloads always resume when possible. If you want to force a new download, use `force_download=True`.
  warnings.warn(
Some weights of the model checkpoint at roberta-large were not used when initializing RobertaModel: ['lm_head.layer_norm.weight', 'lm_head.layer_norm.bias', 'lm_head.bias', 'lm_head.dense.weight', 'lm_head.dense.bias']
- This IS expected if you are initializing RobertaModel from the checkpoint of a model trained on another task or with another architecture (e.g. initializing a BertForSequenceClassification model from a BertForPreTraining model).
- This IS NOT expected if you are initializing RobertaModel from the checkpoint of a model that you expect to be exactly identical (initializing a BertForSequenceClassification model from a BertForSequenceClassification model).
Some weights of RobertaModel were not initialized from the model checkpoint at roberta-large and are newly initialized: ['roberta.pooler.dense.bias', 'roberta.pooler.dense.weight']
You should probably TRAIN this model on a down-stream task to be able to use it for predictions and inference.
echo
WER
[-0.04081633 -0.03401361 -0.02721088 -0.05442177 -0.05442177 -0.04761905
 -0.03401361 -0.03401361 -0.06122449 -0.04761905 -0.05442177 -0.04081633
 -0.03401361 -0.04761905 -0.04081633 -0.02721088 -0.04761905 -0.02721088
 -0.02040816 -0.05442177 -0.04081633 -0.04081633 -0.05442177 -0.04761905
 -0.02040816 -0.03401361 -0.04081633 -0.06122449 -0.06122449 -0.02721088
 -0.02040816 -0.03401361 -0.05442177 -0.04761905 -0.05442177 -0.04081633
 -0.05442177 -0.04081633 -0.06802721 -0.04761905 -0.05442177 -0.05442177
 -0.04761905 -0.06122449 -0.04761905 -0.02721088 -0.04081633 -0.04081633
 -0.04081633 -0.03401361 -0.04761905 -0.04081633 -0.04761905 -0.04081633
 -0.04761905 -0.06122449 -0.06122449 -0.04761905 -0.05442177 -0.04081633
 -0.04761905 -0.03401361 -0.03401361 -0.04761905 -0.04761905 -0.06802721
 -0.04761905 -0.06122449 -0.04081633 -0.04081633 -0.05442177 -0.05442177
 -0.02721088 -0.06122449 -0.04081633 -0.04761905 -0.04081633 -0.04081633
 -0.04761905 -0.04081633 -0.05442177 -0.05442177 -0.04081633 -0.05442177
 -0.04081633 -0.02040816 -0.04761905 -0.05442177 -0.05442177 -0.03401361
 -0.04081633 -0.04761905 -0.06122449 -0.04761905 -0.05442177 -0.06122449
 -0.02040816 -0.03401361 -0.05442177 -0.05442177 -0.04081633 -0.03401361
 -0.05442177 -0.04761905 -0.04081633 -0.04761905 -0.04761905 -0.05442177
 -0.04761905 -0.04761905 -0.04761905 -0.03401361 -0.04761905 -0.04081633
 -0.04761905 -0.05442177 -0.04081633 -0.04081633 -0.04081633 -0.03401361
 -0.03401361 -0.04081633 -0.02721088 -0.02040816 -0.05442177 -0.04761905
 -0.04761905 -0.01360544 -0.04081633 -0.04081633 -0.04081633 -0.04761905
 -0.04081633 -0.04081633 -0.03401361 -0.06122449 -0.04761905 -0.04081633
 -0.02721088 -0.02721088 -0.04761905 -0.04081633 -0.05442177 -0.05442177
 -0.04081633 -0.04761905 -0.04081633 -0.04761905 -0.06122449 -0.03401361
 -0.03401361 -0.04761905 -0.06122449 -0.06122449 -0.06122449 -0.04081633
 -0.04081633 -0.02721088 -0.04761905 -0.02721088 -0.04081633 -0.04081633
 -0.02040816 -0.05442177 -0.04081633 -0.02040816 -0.04761905 -0.04081633
 -0.04761905 -0.03401361 -0.04761905 -0.06122449 -0.06802721 -0.04761905
 -0.04761905 -0.05442177 -0.04081633 -0.04081633 -0.03401361 -0.04761905
 -0.04761905 -0.04081633 -0.04081633 -0.06122449 -0.02721088 -0.03401361
 -0.04761905 -0.04081633 -0.05442177 -0.03401361 -0.04081633 -0.05442177
 -0.06122449 -0.04761905 -0.03401361 -0.05442177 -0.05442177 -0.05442177
 -0.04761905 -0.03401361]
echo
BLEU
[0.22981366 0.24223602 0.2484472  0.22981366 0.26086957 0.22360248
 0.2173913  0.20496894 0.25465839 0.22981366 0.25465839 0.25465839
 0.25465839 0.26708075 0.25465839 0.25465839 0.22981366 0.22360248
 0.2484472  0.21118012 0.25465839 0.24223602 0.24223602 0.26708075
 0.31055901 0.29192547 0.23602484 0.25465839 0.1863354  0.28571429
 0.26708075 0.22981366 0.26086957 0.22981366 0.28571429 0.22981366
 0.22360248 0.26708075 0.23602484 0.24223602 0.2484472  0.22360248
 0.26708075 0.25465839 0.21118012 0.26086957 0.26708075 0.22360248
 0.25465839 0.23602484 0.24223602 0.2484472  0.22360248 0.27950311
 0.24223602 0.16770186 0.2484472  0.2484472  0.24223602 0.22360248
 0.24223602 0.1863354  0.26708075 0.27329193 0.22360248 0.26086957
 0.22360248 0.23602484 0.24223602 0.22360248 0.25465839 0.22981366
 0.23602484 0.26708075 0.22981366 0.22981366 0.23602484 0.29192547
 0.22981366 0.25465839 0.22360248 0.23602484 0.24223602 0.26708075
 0.24223602 0.22981366 0.24223602 0.2173913  0.22360248 0.26086957
 0.22981366 0.25465839 0.25465839 0.26086957 0.25465839 0.25465839
 0.2484472  0.21118012 0.23602484 0.22981366 0.26708075 0.25465839
 0.2484472  0.26086957 0.2173913  0.21118012 0.19875776 0.2484472
 0.25465839 0.24223602 0.24223602 0.22360248 0.25465839 0.27329193
 0.23602484 0.22981366 0.25465839 0.27329193 0.25465839 0.20496894
 0.24223602 0.23602484 0.25465839 0.22981366 0.25465839 0.26708075
 0.23602484 0.23602484 0.24223602 0.22981366 0.26708075 0.2484472
 0.25465839 0.25465839 0.26086957 0.26086957 0.24223602 0.23602484
 0.25465839 0.2484472  0.22360248 0.20496894 0.24223602 0.26708075
 0.19254658 0.29192547 0.2484472  0.24223602 0.27329193 0.26708075
 0.29813665 0.22360248 0.23602484 0.19875776 0.26086957 0.27329193
 0.22360248 0.23602484 0.28571429 0.22981366 0.22360248 0.25465839
 0.28571429 0.19875776 0.2484472  0.25465839 0.24223602 0.26708075
 0.21118012 0.23602484 0.2484472  0.25465839 0.21118012 0.2484472
 0.2484472  0.19875776 0.20496894 0.22981366 0.21118012 0.2484472
 0.2484472  0.25465839 0.26086957 0.21118012 0.22981366 0.23602484
 0.2484472  0.19254658 0.25465839 0.20496894 0.24223602 0.2484472
 0.26708075 0.2484472  0.25465839 0.27329193 0.22981366 0.26086957
 0.1863354  0.26708075]
echo
METEOR
[0.18277181 0.1671123  0.17713904 0.15040107 0.17702071 0.15719064
 0.15361463 0.14705882 0.19076305 0.16690048 0.20878176 0.1638796
 0.18313858 0.17068273 0.15384615 0.18016553 0.1635514  0.19400567
 0.16377005 0.14652243 0.1857535  0.17658572 0.18313858 0.18028597
 0.20035988 0.20356905 0.18004526 0.16701212 0.14371658 0.19063545
 0.18697778 0.14725569 0.16688919 0.15394913 0.18394649 0.14666667
 0.15353805 0.17690254 0.16733601 0.16990638 0.17213211 0.16355366
 0.16722408 0.19366907 0.15371745 0.19980121 0.17391304 0.17370967
 0.16678899 0.17333333 0.15374332 0.17344897 0.14666667 0.17678452
 0.16366065 0.14318087 0.18028597 0.17293754 0.1630698  0.15050167
 0.17359356 0.13965268 0.19295988 0.17414601 0.14715719 0.20384138
 0.15374332 0.16678899 0.16377261 0.15405224 0.16990638 0.17713904
 0.16690048 0.18072289 0.17525187 0.15060241 0.1638796  0.20053476
 0.15719064 0.1833839  0.15706939 0.16744809 0.15060241 0.16733601
 0.15384615 0.16       0.17036098 0.15020027 0.15060241 0.18326116
 0.14323784 0.18600133 0.15394913 0.1798052  0.16021362 0.18704075
 0.18960515 0.16588194 0.14715719 0.16355366 0.18672814 0.17992515
 0.16398929 0.18301616 0.15010007 0.14046823 0.14030701 0.16990638
 0.19405822 0.16042781 0.14960106 0.15050167 0.16988674 0.18406961
 0.17034068 0.16064257 0.17047501 0.21336281 0.19980121 0.14381271
 0.17359356 0.16032064 0.18400093 0.16       0.18072289 0.19076305
 0.16700067 0.15374332 0.18016553 0.15040107 0.17658572 0.17045455
 0.16020664 0.17379679 0.17737617 0.17702071 0.17293754 0.15719064
 0.17368069 0.14725569 0.18004526 0.15361463 0.17582767 0.17713904
 0.1400934  0.19631407 0.17666667 0.15040107 0.18333333 0.18382353
 0.22561833 0.16667765 0.15656229 0.14613248 0.16042781 0.18060201
 0.15353805 0.16344441 0.19076305 0.16032064 0.16968991 0.1635514
 0.19308887 0.15466991 0.17036098 0.16667765 0.16677785 0.20315663
 0.16344229 0.17047501 0.18710285 0.17359356 0.14715719 0.1671123
 0.16656645 0.13684913 0.13052209 0.14037433 0.14647137 0.18722809
 0.16064257 0.16690048 0.19503269 0.16052856 0.15374332 0.15687583
 0.17011341 0.14686248 0.17022697 0.14390897 0.1638796  0.1671123
 0.19648916 0.17359356 0.17414601 0.17414601 0.14390897 0.18394649
 0.13       0.17068273]
echo
BERT
[0.7766598  0.7715298  0.7723813  0.7658643  0.77386355 0.7699789
 0.76559985 0.7675277  0.77040386 0.7795222  0.7703489  0.77513653
 0.7689182  0.77272695 0.7673418  0.776484   0.7824863  0.76998085
 0.76888406 0.7720288  0.7675692  0.7743159  0.76656544 0.77502763
 0.77213246 0.76711476 0.7652398  0.7761418  0.7614727  0.7603178
 0.77630043 0.77286214 0.7701273  0.76771295 0.7724521  0.7701159
 0.7670502  0.7677194  0.76856786 0.7674597  0.7659739  0.7674776
 0.777161   0.7679212  0.7632832  0.7652556  0.76740587 0.7745205
 0.77339756 0.7649287  0.7680337  0.7696918  0.7648599  0.7658739
 0.7716099  0.7618305  0.7587416  0.767653   0.7654298  0.7716057
 0.77051604 0.76621675 0.77063274 0.77396107 0.7708067  0.7752933
 0.76124156 0.7701181  0.76996493 0.77400756 0.7634894  0.7742828
 0.76724845 0.77201647 0.7710962  0.7718471  0.76967406 0.7728709
 0.76549184 0.77100784 0.76711106 0.774003   0.7713442  0.7705647
 0.77438796 0.76290584 0.773378   0.76944745 0.7663039  0.77280235
 0.76753265 0.7698765  0.7738918  0.76911765 0.7672936  0.76481426
 0.766754   0.7647261  0.7678934  0.77118653 0.7689624  0.76441276
 0.7695883  0.7741809  0.7677951  0.7708316  0.7734697  0.767251
 0.7735376  0.7742964  0.7670183  0.7723824  0.7688489  0.7727869
 0.7772422  0.7619492  0.76476455 0.76854223 0.77181894 0.7714965
 0.7740156  0.7663566  0.7673489  0.7638712  0.76671225 0.77758855
 0.7694788  0.77872384 0.7708378  0.76885146 0.7623544  0.7661611
 0.7690648  0.7752406  0.77561295 0.7712999  0.77158594 0.77343225
 0.7764405  0.7652209  0.76838624 0.76484203 0.76658565 0.7704432
 0.7633815  0.7695726  0.77176714 0.7668867  0.76707286 0.7682111
 0.76273274 0.761595   0.7690335  0.76383376 0.76676154 0.77436376
 0.7654462  0.76769376 0.771086   0.76996315 0.7691741  0.76345277
 0.769245   0.77402616 0.7724576  0.7658014  0.7683211  0.76827
 0.7692609  0.769364   0.773396   0.7724098  0.7661967  0.7677926
 0.7670442  0.76135415 0.7715004  0.76304984 0.76363397 0.7738823
 0.7709861  0.768328   0.7618422  0.7658944  0.7661902  0.7661461
 0.76693803 0.76221967 0.76916605 0.7724715  0.76899034 0.7665056
 0.7713003  0.77298    0.77199197 0.76791453 0.7658206  0.7746697
 0.7652614  0.76684177]
[nltk_data] Downloading package wordnet to /mnt/iusers01/fse-
[nltk_data]     ugpgt01/compsci01/q12628ct/nltk_data...
[nltk_data]   Package wordnet is already up-to-date!
[nltk_data] Downloading package punkt_tab to /mnt/iusers01/fse-
[nltk_data]     ugpgt01/compsci01/q12628ct/nltk_data...
[nltk_data]   Package punkt_tab is already up-to-date!
[nltk_data] Downloading package omw-1.4 to /mnt/iusers01/fse-
[nltk_data]     ugpgt01/compsci01/q12628ct/nltk_data...
[nltk_data]   Package omw-1.4 is already up-to-date!
/mnt/iusers01/fse-ugpgt01/compsci01/q12628ct/.conda/envs/semantic-decoding/lib/python3.10/site-packages/huggingface_hub/file_download.py:945: FutureWarning: `resume_download` is deprecated and will be removed in version 1.0.0. Downloads always resume when possible. If you want to force a new download, use `force_download=True`.
  warnings.warn(
Some weights of the model checkpoint at roberta-large were not used when initializing RobertaModel: ['lm_head.dense.weight', 'lm_head.dense.bias', 'lm_head.bias', 'lm_head.layer_norm.bias', 'lm_head.layer_norm.weight']
- This IS expected if you are initializing RobertaModel from the checkpoint of a model trained on another task or with another architecture (e.g. initializing a BertForSequenceClassification model from a BertForPreTraining model).
- This IS NOT expected if you are initializing RobertaModel from the checkpoint of a model that you expect to be exactly identical (initializing a BertForSequenceClassification model from a BertForSequenceClassification model).
Some weights of RobertaModel were not initialized from the model checkpoint at roberta-large and are newly initialized: ['roberta.pooler.dense.weight', 'roberta.pooler.dense.bias']
You should probably TRAIN this model on a down-stream task to be able to use it for predictions and inference.
echo
WER
[-0.02040816 -0.02040816 -0.05442177 -0.06122449 -0.03401361 -0.02721088
 -0.04761905 -0.02040816 -0.03401361 -0.03401361 -0.02040816 -0.03401361
 -0.04081633 -0.01360544 -0.05442177 -0.04081633 -0.04761905 -0.02040816
 -0.02721088 -0.02721088 -0.02721088 -0.01360544 -0.04081633 -0.04761905
 -0.04081633 -0.04761905 -0.04081633 -0.04081633 -0.04761905 -0.06122449
 -0.04081633 -0.03401361 -0.02040816 -0.03401361 -0.02040816 -0.03401361
 -0.01360544 -0.03401361 -0.04081633 -0.03401361 -0.03401361 -0.02721088
 -0.04081633 -0.03401361 -0.02721088 -0.03401361 -0.02721088 -0.03401361
 -0.03401361 -0.00680272 -0.03401361 -0.01360544 -0.04081633 -0.03401361
 -0.04081633 -0.02040816 -0.04081633 -0.04761905 -0.02040816 -0.02721088
 -0.02721088 -0.02721088 -0.04081633 -0.04081633 -0.04081633 -0.04081633
 -0.02721088 -0.03401361 -0.04081633 -0.02721088 -0.04761905 -0.05442177
 -0.02721088 -0.03401361 -0.02040816 -0.03401361 -0.04761905 -0.03401361
 -0.04081633 -0.04081633 -0.02721088 -0.04081633 -0.04081633 -0.02040816
 -0.02721088 -0.03401361 -0.03401361 -0.04081633 -0.05442177 -0.04761905
 -0.02040816 -0.03401361 -0.02721088 -0.04761905 -0.02721088 -0.02721088
 -0.04081633 -0.04761905 -0.05442177 -0.03401361 -0.02721088 -0.04081633
 -0.02040816 -0.02040816 -0.04761905 -0.05442177 -0.04081633 -0.03401361
 -0.04081633 -0.04761905 -0.02721088 -0.02721088 -0.04081633 -0.04761905
 -0.04081633 -0.04081633 -0.04081633 -0.03401361 -0.04081633 -0.01360544
 -0.02721088 -0.02721088 -0.02040816 -0.04761905 -0.05442177 -0.04081633
 -0.03401361 -0.04761905 -0.03401361 -0.01360544 -0.02040816 -0.03401361
 -0.04761905 -0.03401361 -0.04081633 -0.02721088 -0.03401361 -0.04081633
 -0.04761905 -0.04761905 -0.04081633 -0.04761905 -0.03401361 -0.03401361
 -0.04761905 -0.04081633 -0.02721088 -0.04081633 -0.03401361 -0.03401361
 -0.02721088 -0.05442177 -0.04081633 -0.03401361 -0.02721088 -0.03401361
 -0.02721088 -0.04081633 -0.04081633 -0.04081633 -0.05442177 -0.02040816
 -0.03401361 -0.04761905 -0.04761905 -0.02721088 -0.03401361 -0.04081633
 -0.04081633 -0.01360544 -0.02721088 -0.05442177 -0.04081633 -0.04081633
 -0.05442177 -0.04081633 -0.03401361 -0.04081633 -0.03401361 -0.05442177
 -0.04761905 -0.04761905 -0.03401361 -0.03401361 -0.03401361 -0.04081633
 -0.03401361 -0.05442177 -0.02721088 -0.05442177 -0.03401361 -0.04081633
 -0.05442177 -0.02721088 -0.04081633 -0.04761905 -0.04761905 -0.04081633
 -0.04081633 -0.04081633]
echo
BLEU
[0.28930818 0.26415094 0.25157233 0.22641509 0.21383648 0.22012579
 0.22641509 0.26415094 0.24528302 0.25157233 0.27044025 0.20754717
 0.22641509 0.20754717 0.20125786 0.2327044  0.27672956 0.27044025
 0.22641509 0.27044025 0.25786164 0.28930818 0.23899371 0.26415094
 0.29559748 0.22012579 0.25786164 0.25786164 0.20754717 0.18867925
 0.27044025 0.25786164 0.20754717 0.21383648 0.23899371 0.27044025
 0.29559748 0.22641509 0.23899371 0.27044025 0.25157233 0.2327044
 0.23899371 0.27672956 0.2327044  0.24528302 0.27044025 0.21383648
 0.21383648 0.28301887 0.25786164 0.23899371 0.20754717 0.25157233
 0.20754717 0.22641509 0.26415094 0.21383648 0.22012579 0.27044025
 0.24528302 0.21383648 0.22012579 0.22012579 0.2327044  0.22641509
 0.28301887 0.2327044  0.28301887 0.25786164 0.25157233 0.2327044
 0.23899371 0.23899371 0.25157233 0.27044025 0.25157233 0.28301887
 0.22012579 0.23899371 0.27672956 0.22012579 0.21383648 0.20125786
 0.23899371 0.25786164 0.2327044  0.18867925 0.22641509 0.2327044
 0.25157233 0.25157233 0.24528302 0.19496855 0.20754717 0.23899371
 0.24528302 0.21383648 0.24528302 0.27672956 0.23899371 0.24528302
 0.25157233 0.28930818 0.25786164 0.23899371 0.25157233 0.23899371
 0.27044025 0.22641509 0.25786164 0.21383648 0.27672956 0.22012579
 0.23899371 0.25786164 0.26415094 0.25157233 0.25786164 0.26415094
 0.22641509 0.28301887 0.24528302 0.26415094 0.25157233 0.23899371
 0.2327044  0.2327044  0.28930818 0.27044025 0.24528302 0.22641509
 0.23899371 0.2327044  0.22012579 0.25786164 0.19496855 0.27672956
 0.22012579 0.2327044  0.18867925 0.23899371 0.2327044  0.24528302
 0.26415094 0.2327044  0.21383648 0.22641509 0.22012579 0.20754717
 0.23899371 0.24528302 0.27672956 0.2327044  0.23899371 0.29559748
 0.2327044  0.26415094 0.22641509 0.22641509 0.19496855 0.24528302
 0.23899371 0.2327044  0.20125786 0.25157233 0.24528302 0.27044025
 0.2327044  0.24528302 0.27044025 0.2327044  0.24528302 0.23899371
 0.20754717 0.25786164 0.25157233 0.26415094 0.25157233 0.2327044
 0.23899371 0.19496855 0.25786164 0.24528302 0.25786164 0.21383648
 0.28301887 0.24528302 0.24528302 0.26415094 0.25786164 0.22012579
 0.2327044  0.21383648 0.25157233 0.23899371 0.23899371 0.25786164
 0.28301887 0.22641509]
echo
METEOR
[0.1835781  0.16409913 0.18064823 0.14046823 0.14691446 0.15361463
 0.15353805 0.19083374 0.14735432 0.16053512 0.20006868 0.13395847
 0.14725569 0.14390897 0.16317903 0.16344441 0.18662383 0.17414601
 0.16712391 0.17091153 0.17328503 0.20047123 0.16431925 0.17011341
 0.19727827 0.14028056 0.16722408 0.16064257 0.1571746  0.14018692
 0.19594772 0.18722809 0.14691446 0.15371745 0.17079705 0.18052731
 0.22284832 0.17282201 0.18973189 0.17737617 0.16064257 0.16701212
 0.16409913 0.18313858 0.16366065 0.17079705 0.18443997 0.16621459
 0.14696059 0.17749498 0.18052731 0.16398929 0.13043478 0.17356475
 0.13008672 0.16701212 0.16398929 0.1802598  0.1435247  0.17426273
 0.15405224 0.14037433 0.15706939 0.14735432 0.16064257 0.1575067
 0.18387777 0.16733601 0.17426273 0.17359356 0.17725753 0.16032064
 0.16052856 0.16042781 0.20568621 0.17713904 0.16746017 0.19727827
 0.17024711 0.17693984 0.17666667 0.1571746  0.1633353  0.15036526
 0.17693984 0.18040656 0.16744809 0.13351135 0.14696059 0.15384615
 0.16311585 0.14735432 0.16399214 0.143468   0.16063615 0.1671123
 0.15708556 0.16274301 0.17717671 0.19405822 0.15371745 0.16085791
 0.15729585 0.21042874 0.18076931 0.1603138  0.16990638 0.17047501
 0.16677785 0.143468   0.17047501 0.16020664 0.19648916 0.15364061
 0.15394913 0.19953445 0.16733601 0.18072289 0.17665205 0.1638796
 0.15040107 0.18363194 0.1571746  0.17741421 0.17370967 0.15050167
 0.17056856 0.1638796  0.20356485 0.18431635 0.16734793 0.16322633
 0.15687583 0.16064257 0.14028056 0.17070353 0.14002583 0.18375477
 0.14715719 0.17340118 0.12683578 0.16333333 0.16712391 0.16377005
 0.18004526 0.14735432 0.13721553 0.15706939 0.14390897 0.13712375
 0.15729585 0.19217467 0.17056856 0.16420912 0.16756032 0.19076305
 0.14342895 0.17426273 0.15080429 0.13990673 0.15654548 0.18578336
 0.16723584 0.15080429 0.123498   0.17079705 0.1603138  0.19953445
 0.18016553 0.17356475 0.19057827 0.17382594 0.16734793 0.17665205
 0.1435247  0.16688919 0.15687583 0.18048128 0.15070328 0.16052856
 0.17079705 0.14381271 0.1671123  0.18960515 0.17394237 0.14
 0.2004939  0.17324614 0.17079705 0.18747906 0.18016553 0.13377926
 0.15698063 0.15351194 0.16355366 0.1575067  0.15050167 0.16010674
 0.20541142 0.1705892 ]
echo
BERT
[0.76682305 0.775278   0.7669785  0.766084   0.7644237  0.7748482
 0.76395005 0.7747264  0.76632184 0.76977205 0.7634672  0.7715226
 0.77415663 0.76684046 0.76480925 0.76756704 0.77885187 0.77433324
 0.7640501  0.77540416 0.7679833  0.77444077 0.77306646 0.7661295
 0.76944077 0.77202785 0.7639922  0.77562594 0.7629249  0.76378226
 0.7668925  0.76038    0.7683496  0.7723847  0.76568717 0.76899767
 0.7809836  0.7716794  0.76450825 0.7729895  0.77669305 0.76951534
 0.7673763  0.7641477  0.7732188  0.7666625  0.7786306  0.7636795
 0.7661649  0.7680379  0.7695458  0.77796245 0.7699067  0.7667415
 0.7696296  0.7637091  0.77179044 0.77166754 0.76928407 0.7688007
 0.7724156  0.7657079  0.7595554  0.7658317  0.76689065 0.77170014
 0.76801276 0.7689178  0.76872456 0.77056444 0.7746631  0.76782817
 0.76863396 0.7697159  0.7643708  0.7785867  0.7719393  0.77371514
 0.7688924  0.76518214 0.7684354  0.7681055  0.7665128  0.7680464
 0.7720254  0.7755674  0.769557   0.77143157 0.7693882  0.7652037
 0.7727783  0.7693066  0.7713039  0.7660171  0.76751083 0.770857
 0.764698   0.77024055 0.77224684 0.76673305 0.7702434  0.7716666
 0.7678089  0.76908565 0.76957476 0.7660574  0.7652122  0.7773229
 0.7731969  0.76859385 0.7668853  0.76772016 0.7675688  0.766412
 0.7704756  0.7630552  0.7691444  0.77301514 0.77279097 0.77108794
 0.77335024 0.7720778  0.76949596 0.7688403  0.76627636 0.7605746
 0.7682551  0.76829135 0.77514863 0.7742713  0.76987565 0.7630897
 0.76542246 0.77678907 0.7643467  0.7698132  0.7616346  0.76225007
 0.7667209  0.7706856  0.7654323  0.7698736  0.7715915  0.77186173
 0.7658252  0.7709042  0.7678143  0.76364857 0.75995284 0.77055955
 0.7747917  0.76643455 0.7754455  0.7674195  0.76918817 0.78355056
 0.77070034 0.7675201  0.77288496 0.7630676  0.7617599  0.7760817
 0.7647891  0.7657777  0.768281   0.7732748  0.7655686  0.7782916
 0.7695116  0.7735725  0.7778162  0.7749333  0.77135557 0.77176166
 0.76513594 0.7647885  0.7661878  0.76765573 0.76582074 0.76978153
 0.7681638  0.76912004 0.7713634  0.76604736 0.77348626 0.77015275
 0.77076995 0.75928444 0.77043635 0.76977533 0.7728524  0.7690978
 0.7638583  0.764482   0.7709086  0.7706567  0.7699632  0.76611876
 0.771447   0.7685156 ]
[nltk_data] Downloading package wordnet to /mnt/iusers01/fse-
[nltk_data]     ugpgt01/compsci01/q12628ct/nltk_data...
[nltk_data]   Package wordnet is already up-to-date!
[nltk_data] Downloading package punkt_tab to /mnt/iusers01/fse-
[nltk_data]     ugpgt01/compsci01/q12628ct/nltk_data...
[nltk_data]   Package punkt_tab is already up-to-date!
[nltk_data] Downloading package omw-1.4 to /mnt/iusers01/fse-
[nltk_data]     ugpgt01/compsci01/q12628ct/nltk_data...
[nltk_data]   Package omw-1.4 is already up-to-date!
/mnt/iusers01/fse-ugpgt01/compsci01/q12628ct/.conda/envs/semantic-decoding/lib/python3.10/site-packages/huggingface_hub/file_download.py:945: FutureWarning: `resume_download` is deprecated and will be removed in version 1.0.0. Downloads always resume when possible. If you want to force a new download, use `force_download=True`.
  warnings.warn(
Some weights of the model checkpoint at roberta-large were not used when initializing RobertaModel: ['lm_head.layer_norm.weight', 'lm_head.dense.bias', 'lm_head.dense.weight', 'lm_head.layer_norm.bias', 'lm_head.bias']
- This IS expected if you are initializing RobertaModel from the checkpoint of a model trained on another task or with another architecture (e.g. initializing a BertForSequenceClassification model from a BertForPreTraining model).
- This IS NOT expected if you are initializing RobertaModel from the checkpoint of a model that you expect to be exactly identical (initializing a BertForSequenceClassification model from a BertForSequenceClassification model).
Some weights of RobertaModel were not initialized from the model checkpoint at roberta-large and are newly initialized: ['roberta.pooler.dense.bias', 'roberta.pooler.dense.weight']
You should probably TRAIN this model on a down-stream task to be able to use it for predictions and inference.
echo
WER
[-0.07482993 -0.07482993 -0.06802721 -0.08843537 -0.08163265 -0.08163265
 -0.06122449 -0.08843537 -0.08163265 -0.08843537 -0.06802721 -0.07482993
 -0.04761905 -0.07482993 -0.08163265 -0.07482993 -0.07482993 -0.06802721
 -0.07482993 -0.07482993 -0.06122449 -0.06802721 -0.07482993 -0.06802721
 -0.08163265 -0.06122449 -0.06802721 -0.08163265 -0.0952381  -0.08163265
 -0.08843537 -0.07482993 -0.06802721 -0.08843537 -0.08163265 -0.08163265
 -0.04761905 -0.08163265 -0.06122449 -0.06802721 -0.07482993 -0.07482993
 -0.07482993 -0.06802721 -0.07482993 -0.06802721 -0.06802721 -0.06802721
 -0.06802721 -0.08843537 -0.06802721 -0.07482993 -0.07482993 -0.06802721
 -0.07482993 -0.06802721 -0.05442177 -0.08163265 -0.06802721 -0.06122449
 -0.07482993 -0.06802721 -0.08163265 -0.07482993 -0.05442177 -0.06802721
 -0.06122449 -0.07482993 -0.08843537 -0.08163265 -0.04761905 -0.07482993
 -0.05442177 -0.05442177 -0.08843537 -0.06802721 -0.06802721 -0.07482993
 -0.05442177 -0.08163265 -0.08163265 -0.06802721 -0.04761905 -0.07482993
 -0.08163265 -0.07482993 -0.07482993 -0.06802721 -0.06802721 -0.06802721
 -0.08843537 -0.06122449 -0.07482993 -0.08163265 -0.07482993 -0.08843537
 -0.08843537 -0.06122449 -0.06802721 -0.07482993 -0.08163265 -0.07482993
 -0.05442177 -0.04761905 -0.07482993 -0.06122449 -0.06802721 -0.06802721
 -0.06122449 -0.07482993 -0.08163265 -0.06802721 -0.06802721 -0.06122449
 -0.08843537 -0.06802721 -0.06122449 -0.06122449 -0.06122449 -0.08163265
 -0.07482993 -0.06122449 -0.06802721 -0.06802721 -0.06802721 -0.08163265
 -0.07482993 -0.08163265 -0.06802721 -0.08843537 -0.06802721 -0.08163265
 -0.05442177 -0.04081633 -0.08163265 -0.07482993 -0.07482993 -0.07482993
 -0.06802721 -0.08163265 -0.08163265 -0.08843537 -0.07482993 -0.07482993
 -0.08843537 -0.08843537 -0.06802721 -0.03401361 -0.07482993 -0.07482993
 -0.06802721 -0.06802721 -0.06802721 -0.08163265 -0.06802721 -0.08163265
 -0.06802721 -0.04761905 -0.07482993 -0.07482993 -0.07482993 -0.07482993
 -0.08163265 -0.08843537 -0.08163265 -0.08843537 -0.05442177 -0.08163265
 -0.07482993 -0.07482993 -0.06122449 -0.06122449 -0.08163265 -0.07482993
 -0.07482993 -0.04081633 -0.04761905 -0.08163265 -0.06802721 -0.08843537
 -0.08163265 -0.07482993 -0.07482993 -0.05442177 -0.08843537 -0.07482993
 -0.08163265 -0.08163265 -0.05442177 -0.07482993 -0.07482993 -0.0952381
 -0.06122449 -0.06802721 -0.06802721 -0.07482993 -0.08163265 -0.05442177
 -0.06802721 -0.06122449]
echo
BLEU
[0.22891566 0.23493976 0.26506024 0.21084337 0.25301205 0.21686747
 0.25903614 0.20481928 0.21084337 0.26506024 0.21686747 0.21686747
 0.25301205 0.21686747 0.25903614 0.26506024 0.22891566 0.25301205
 0.21686747 0.27710843 0.24096386 0.23493976 0.25903614 0.20481928
 0.23493976 0.21686747 0.25301205 0.27108434 0.20481928 0.25903614
 0.25903614 0.21084337 0.24698795 0.25903614 0.24096386 0.24096386
 0.25301205 0.25301205 0.24698795 0.22891566 0.21686747 0.22289157
 0.23493976 0.20481928 0.22891566 0.23493976 0.27710843 0.25301205
 0.28915663 0.22289157 0.28313253 0.20481928 0.24096386 0.22289157
 0.22289157 0.27108434 0.28313253 0.27710843 0.25301205 0.24096386
 0.26506024 0.25903614 0.27710843 0.22289157 0.26506024 0.24698795
 0.22289157 0.22891566 0.1686747  0.22891566 0.25903614 0.22289157
 0.24698795 0.22289157 0.22289157 0.25301205 0.27108434 0.20481928
 0.24698795 0.22289157 0.22289157 0.23493976 0.28313253 0.27710843
 0.25301205 0.22289157 0.25301205 0.21084337 0.22891566 0.20481928
 0.22289157 0.22891566 0.26506024 0.24096386 0.25301205 0.26506024
 0.22891566 0.26506024 0.27108434 0.26506024 0.24698795 0.22289157
 0.22891566 0.22289157 0.23493976 0.25301205 0.22289157 0.22891566
 0.23493976 0.19277108 0.25903614 0.27108434 0.27710843 0.25903614
 0.19879518 0.24698795 0.25903614 0.22289157 0.24698795 0.21686747
 0.20481928 0.28313253 0.24698795 0.25301205 0.21084337 0.25301205
 0.21084337 0.21084337 0.23493976 0.24096386 0.21686747 0.19879518
 0.25903614 0.24698795 0.22891566 0.21686747 0.23493976 0.26506024
 0.22289157 0.18674699 0.24096386 0.27108434 0.19277108 0.22891566
 0.22289157 0.24698795 0.24096386 0.25301205 0.25301205 0.22289157
 0.20481928 0.24096386 0.23493976 0.25301205 0.20481928 0.22891566
 0.22289157 0.27710843 0.22891566 0.22891566 0.21084337 0.22289157
 0.20481928 0.24096386 0.20481928 0.21686747 0.23493976 0.19879518
 0.22891566 0.20481928 0.24096386 0.26506024 0.21084337 0.22891566
 0.24698795 0.26506024 0.22891566 0.25301205 0.21084337 0.24096386
 0.24096386 0.26506024 0.21686747 0.24698795 0.22289157 0.25301205
 0.22891566 0.25301205 0.21084337 0.22289157 0.24096386 0.19277108
 0.26506024 0.22891566 0.21686747 0.19277108 0.23493976 0.27710843
 0.24096386 0.25301205]
echo
METEOR
[0.16966068 0.15666667 0.16988674 0.16198556 0.15645806 0.14896929
 0.18321119 0.1463272  0.14304724 0.18345564 0.166334   0.1692371
 0.17011341 0.14956438 0.17666667 0.1829674  0.15635396 0.17976032
 0.1598934  0.17678452 0.16656645 0.18252811 0.19218959 0.166334
 0.15957447 0.14936549 0.17344897 0.17333333 0.15645806 0.18956321
 0.17968541 0.16203727 0.17992515 0.18623087 0.18629408 0.18284574
 0.17631404 0.16655563 0.17       0.14656895 0.14656895 0.17858296
 0.14980027 0.15625    0.17       0.16010674 0.19025367 0.1896895
 0.20289139 0.17336179 0.18994259 0.14333333 0.17       0.15282392
 0.17635043 0.17678452 0.19982559 0.17952128 0.17221218 0.16311585
 0.18321119 0.19289542 0.20234508 0.1788206  0.189747   0.19566056
 0.15612886 0.15333333 0.11635638 0.16333333 0.19675149 0.16257465
 0.18562983 0.14940239 0.15353805 0.17287234 0.18573623 0.15654548
 0.16       0.16623376 0.14656895 0.18265518 0.19648916 0.17
 0.16977364 0.16634451 0.16666667 0.14314248 0.16956702 0.18033732
 0.15957447 0.16300732 0.17278507 0.16644474 0.17968541 0.17666667
 0.14896929 0.16655563 0.1896895  0.17       0.18672814 0.15635396
 0.14930325 0.15654548 0.1560425  0.18935217 0.1594605  0.15302728
 0.16966068 0.15302728 0.18623087 0.1920618  0.19588313 0.18981596
 0.14276228 0.19244567 0.19995889 0.17255546 0.16666667 0.1625756
 0.14980027 0.17988008 0.16644474 0.17929777 0.13008672 0.1798052
 0.17547672 0.15592138 0.16644474 0.16634451 0.16311585 0.14289489
 0.15645806 0.18949468 0.13666667 0.15581784 0.1598934  0.18012008
 0.16666667 0.14555144 0.16977364 0.20261488 0.14976379 0.15353805
 0.13639388 0.16289894 0.16021362 0.17571053 0.19635825 0.1497006
 0.14966402 0.17908885 0.15333333 0.1798052  0.12974052 0.16645541
 0.14333333 0.19012675 0.16300732 0.17310253 0.15956667 0.1332445
 0.1459854  0.17011341 0.15251989 0.14920424 0.16979311 0.13648469
 0.14990007 0.14666667 0.17623302 0.17678452 0.15310258 0.1598934
 0.18314226 0.18654231 0.16322452 0.19231754 0.15300058 0.16289894
 0.1560425  0.18660358 0.15625    0.17599867 0.1730153  0.18314226
 0.17278507 0.16010674 0.14333333 0.17599867 0.17       0.14920424
 0.17278507 0.15936255 0.15935448 0.13648469 0.16612316 0.18302024
 0.16977364 0.16311752]
echo
BERT
[0.76769006 0.7713413  0.7732207  0.763512   0.7730875  0.76314056
 0.7717136  0.76442635 0.77299976 0.77351594 0.7717004  0.7694894
 0.7776185  0.7677629  0.7730402  0.76901406 0.76910985 0.7733731
 0.7700088  0.76937985 0.77014977 0.7699342  0.7728531  0.7678621
 0.7680664  0.7658778  0.7712458  0.7751299  0.7630209  0.7692387
 0.7714859  0.7598759  0.77328694 0.7691982  0.77118516 0.7714785
 0.77025104 0.7641857  0.7773659  0.7694038  0.760971   0.7646123
 0.76480293 0.7617865  0.7810941  0.77226853 0.7724687  0.76671743
 0.7823523  0.76764405 0.7679719  0.774858   0.7668557  0.77302134
 0.7653724  0.7655251  0.77400804 0.76578104 0.76487225 0.7589351
 0.7637347  0.77405804 0.7693423  0.76949465 0.77371573 0.76527727
 0.7654058  0.76375175 0.7634381  0.76743215 0.78242576 0.76610315
 0.77179366 0.766148   0.767406   0.7705084  0.76575065 0.76945907
 0.76823145 0.7736588  0.7723503  0.77274865 0.77146083 0.7754342
 0.77061117 0.7703587  0.76958495 0.7634528  0.76585996 0.7633041
 0.7695819  0.76780367 0.7647574  0.7684421  0.7814269  0.776621
 0.76566315 0.77219665 0.7712947  0.7710823  0.76641905 0.7699423
 0.7675234  0.7650632  0.76198137 0.7809835  0.76992685 0.76595753
 0.7715138  0.76219976 0.7655734  0.76442075 0.7728307  0.7686527
 0.76338416 0.76491725 0.76540715 0.76568997 0.77605784 0.76604766
 0.76603985 0.7744334  0.77187616 0.77222645 0.772574   0.773736
 0.7639467  0.7645902  0.7704657  0.76351064 0.7746481  0.7674761
 0.7808517  0.7648892  0.77580935 0.76862836 0.7704705  0.7608338
 0.7790333  0.765089   0.7751112  0.76516443 0.7639915  0.7769294
 0.7591041  0.7729668  0.7693052  0.7627628  0.7791964  0.7720095
 0.7627597  0.7615514  0.77141917 0.7711231  0.76861954 0.7683595
 0.76501316 0.7705633  0.7679548  0.76268923 0.7660447  0.76983964
 0.76030654 0.77295065 0.76078826 0.76125646 0.76616514 0.7676515
 0.76906013 0.7684461  0.7651933  0.7662406  0.77356017 0.77248716
 0.76846355 0.76853776 0.771304   0.77368975 0.7715398  0.7630378
 0.7636881  0.7703991  0.7728459  0.7740227  0.7723565  0.7717427
 0.7672802  0.76866496 0.76836526 0.7648542  0.76722634 0.7683861
 0.77188337 0.76571417 0.7636294  0.772372   0.76939076 0.76501685
 0.7650453  0.7745389 ]
[nltk_data] Downloading package wordnet to /mnt/iusers01/fse-
[nltk_data]     ugpgt01/compsci01/q12628ct/nltk_data...
[nltk_data]   Package wordnet is already up-to-date!
[nltk_data] Downloading package punkt_tab to /mnt/iusers01/fse-
[nltk_data]     ugpgt01/compsci01/q12628ct/nltk_data...
[nltk_data]   Package punkt_tab is already up-to-date!
[nltk_data] Downloading package omw-1.4 to /mnt/iusers01/fse-
[nltk_data]     ugpgt01/compsci01/q12628ct/nltk_data...
[nltk_data]   Package omw-1.4 is already up-to-date!
/mnt/iusers01/fse-ugpgt01/compsci01/q12628ct/.conda/envs/semantic-decoding/lib/python3.10/site-packages/huggingface_hub/file_download.py:945: FutureWarning: `resume_download` is deprecated and will be removed in version 1.0.0. Downloads always resume when possible. If you want to force a new download, use `force_download=True`.
  warnings.warn(
Some weights of the model checkpoint at roberta-large were not used when initializing RobertaModel: ['lm_head.layer_norm.bias', 'lm_head.bias', 'lm_head.layer_norm.weight', 'lm_head.dense.bias', 'lm_head.dense.weight']
- This IS expected if you are initializing RobertaModel from the checkpoint of a model trained on another task or with another architecture (e.g. initializing a BertForSequenceClassification model from a BertForPreTraining model).
- This IS NOT expected if you are initializing RobertaModel from the checkpoint of a model that you expect to be exactly identical (initializing a BertForSequenceClassification model from a BertForSequenceClassification model).
Some weights of RobertaModel were not initialized from the model checkpoint at roberta-large and are newly initialized: ['roberta.pooler.dense.weight', 'roberta.pooler.dense.bias']
You should probably TRAIN this model on a down-stream task to be able to use it for predictions and inference.
echo
WER
[-0.08843537 -0.0952381  -0.08843537 -0.0952381  -0.08843537 -0.06802721
 -0.08163265 -0.10884354 -0.0952381  -0.08843537 -0.06802721 -0.0952381
 -0.08163265 -0.10884354 -0.0952381  -0.10204082 -0.08163265 -0.07482993
 -0.08843537 -0.0952381  -0.11564626 -0.0952381  -0.11564626 -0.10884354
 -0.07482993 -0.11564626 -0.0952381  -0.08163265 -0.0952381  -0.08843537
 -0.0952381  -0.0952381  -0.08843537 -0.10884354 -0.08843537 -0.0952381
 -0.10884354 -0.08163265 -0.10884354 -0.10204082 -0.0952381  -0.08163265
 -0.10884354 -0.10204082 -0.0952381  -0.12244898 -0.0952381  -0.08843537
 -0.08843537 -0.08843537 -0.10204082 -0.08843537 -0.0952381  -0.10204082
 -0.10204082 -0.10204082 -0.0952381  -0.0952381  -0.0952381  -0.0952381
 -0.10884354 -0.08163265 -0.10204082 -0.08843537 -0.10884354 -0.10204082
 -0.0952381  -0.10204082 -0.08163265 -0.11564626 -0.10204082 -0.10884354
 -0.0952381  -0.10204082 -0.0952381  -0.07482993 -0.0952381  -0.10204082
 -0.11564626 -0.11564626 -0.10204082 -0.06122449 -0.08843537 -0.08843537
 -0.0952381  -0.10204082 -0.08843537 -0.07482993 -0.0952381  -0.0952381
 -0.0952381  -0.10884354 -0.08843537 -0.10884354 -0.10204082 -0.07482993
 -0.0952381  -0.0952381  -0.0952381  -0.10204082 -0.10204082 -0.0952381
 -0.10884354 -0.10204082 -0.10204082 -0.11564626 -0.0952381  -0.08843537
 -0.08843537 -0.08163265 -0.10884354 -0.0952381  -0.08843537 -0.08843537
 -0.10884354 -0.10884354 -0.0952381  -0.08843537 -0.08843537 -0.10884354
 -0.06802721 -0.0952381  -0.0952381  -0.10204082 -0.0952381  -0.08843537
 -0.0952381  -0.0952381  -0.10204082 -0.08163265 -0.08843537 -0.08843537
 -0.08163265 -0.11564626 -0.0952381  -0.12244898 -0.0952381  -0.08843537
 -0.08163265 -0.10884354 -0.0952381  -0.08843537 -0.06802721 -0.08843537
 -0.10204082 -0.08163265 -0.10204082 -0.12244898 -0.08163265 -0.08843537
 -0.08163265 -0.0952381  -0.0952381  -0.0952381  -0.0952381  -0.0952381
 -0.08163265 -0.08163265 -0.10204082 -0.10204082 -0.08163265 -0.11564626
 -0.08843537 -0.06122449 -0.11564626 -0.08163265 -0.10204082 -0.08163265
 -0.08843537 -0.10884354 -0.11564626 -0.07482993 -0.0952381  -0.0952381
 -0.10884354 -0.10884354 -0.0952381  -0.08843537 -0.10204082 -0.10204082
 -0.08163265 -0.08843537 -0.08843537 -0.10204082 -0.08843537 -0.10884354
 -0.08163265 -0.0952381  -0.0952381  -0.08163265 -0.0952381  -0.10884354
 -0.08163265 -0.10884354 -0.10884354 -0.0952381  -0.10884354 -0.0952381
 -0.08843537 -0.0952381 ]
echo
BLEU
[0.23529412 0.25882353 0.22352941 0.21176471 0.25294118 0.26470588
 0.24705882 0.22941176 0.23529412 0.22941176 0.25882353 0.23529412
 0.24705882 0.25294118 0.24117647 0.21176471 0.24705882 0.27058824
 0.24117647 0.21764706 0.24705882 0.24705882 0.21176471 0.21764706
 0.26470588 0.20588235 0.22352941 0.24117647 0.22941176 0.24705882
 0.21176471 0.21176471 0.24705882 0.21764706 0.25882353 0.23529412
 0.23529412 0.27058824 0.22352941 0.21764706 0.27058824 0.21764706
 0.21764706 0.23529412 0.24705882 0.23529412 0.26470588 0.25294118
 0.22352941 0.24705882 0.19411765 0.23529412 0.24705882 0.23529412
 0.22941176 0.23529412 0.24117647 0.25294118 0.21176471 0.21764706
 0.25294118 0.24705882 0.23529412 0.21764706 0.24117647 0.21176471
 0.2        0.24117647 0.21176471 0.22941176 0.2        0.21176471
 0.24705882 0.25882353 0.20588235 0.24705882 0.24117647 0.24117647
 0.22941176 0.23529412 0.25882353 0.25882353 0.25294118 0.25882353
 0.23529412 0.21176471 0.27647059 0.22941176 0.28235294 0.23529412
 0.22941176 0.24117647 0.27058824 0.21764706 0.25882353 0.25882353
 0.26470588 0.22352941 0.27647059 0.24117647 0.21764706 0.21176471
 0.22352941 0.23529412 0.22352941 0.25882353 0.25294118 0.25294118
 0.25294118 0.24117647 0.22941176 0.22352941 0.22352941 0.23529412
 0.24117647 0.24117647 0.23529412 0.24705882 0.23529412 0.22352941
 0.25294118 0.25882353 0.20588235 0.24705882 0.24705882 0.25882353
 0.28823529 0.21764706 0.24117647 0.26470588 0.23529412 0.23529412
 0.21176471 0.23529412 0.22352941 0.18823529 0.22941176 0.23529412
 0.22941176 0.22941176 0.21764706 0.27058824 0.27647059 0.23529412
 0.24705882 0.25882353 0.21176471 0.19411765 0.25294118 0.28235294
 0.23529412 0.25294118 0.22941176 0.25294118 0.22941176 0.25882353
 0.23529412 0.26470588 0.21176471 0.23529412 0.24705882 0.22352941
 0.22941176 0.25882353 0.21176471 0.20588235 0.22941176 0.26470588
 0.26470588 0.21176471 0.24705882 0.24705882 0.18823529 0.24705882
 0.22941176 0.23529412 0.22352941 0.26470588 0.25294118 0.25294118
 0.25294118 0.24705882 0.20588235 0.23529412 0.25294118 0.23529412
 0.21764706 0.23529412 0.23529412 0.25294118 0.25294118 0.24705882
 0.24117647 0.22941176 0.18235294 0.24117647 0.22352941 0.22941176
 0.27058824 0.24117647]
echo
METEOR
[0.15946844 0.17584605 0.1592568  0.15573227 0.18585964 0.18610696
 0.20445538 0.16954787 0.16300732 0.18081662 0.16289894 0.16943522
 0.19761119 0.17287234 0.19374023 0.1589404  0.1791639  0.21218012
 0.18229156 0.1592486  0.1857996  0.18548989 0.15872128 0.15936255
 0.18931113 0.14295213 0.14940239 0.16578249 0.16898608 0.17275748
 0.14950166 0.16246765 0.16601271 0.16279193 0.16943522 0.18272425
 0.17275748 0.17928287 0.16922902 0.14960106 0.19583637 0.1658925
 0.1461794  0.166334   0.16945421 0.17241379 0.17904509 0.16844555
 0.16257465 0.17920784 0.15592138 0.15562914 0.179327   0.17631404
 0.18253381 0.16922902 0.18905972 0.17619681 0.15552614 0.1659024
 0.16954787 0.16943522 0.17920784 0.17264276 0.17944631 0.15269539
 0.16557236 0.18217068 0.15625    0.18859728 0.15593895 0.16268369
 0.17631404 0.18604651 0.14956438 0.17264276 0.17264276 0.18241261
 0.16579224 0.15583554 0.16932271 0.18272425 0.17287234 0.18548989
 0.16909814 0.17564831 0.18629408 0.18143948 0.18936877 0.17524353
 0.1560425  0.16921035 0.18567639 0.15272244 0.16943522 0.18931113
 0.18610696 0.1459854  0.19609696 0.16578249 0.14960106 0.15635396
 0.15583554 0.17512717 0.16289894 0.18180899 0.17596282 0.18598322
 0.166334   0.16311585 0.1791639  0.1521164  0.16934154 0.17631404
 0.17920784 0.17501096 0.17611577 0.1626826  0.15946844 0.17572944
 0.16909814 0.16934154 0.14608234 0.15946844 0.19276708 0.18561298
 0.19973369 0.14946486 0.16289894 0.19225543 0.17631404 0.16567263
 0.15645806 0.17643142 0.18797279 0.14266755 0.1626826  0.16943522
 0.16954787 0.18548989 0.16225166 0.18943708 0.18905972 0.15593895
 0.18949468 0.18265518 0.16246684 0.16557236 0.19276708 0.19933555
 0.1658925  0.19860638 0.166334   0.18524421 0.16268369 0.19488207
 0.17232645 0.17619681 0.14930325 0.16911665 0.16932271 0.16909814
 0.16279193 0.19570633 0.15312916 0.16279193 0.17255546 0.17976032
 0.18253381 0.14910537 0.1627907  0.17834596 0.13953488 0.17631404
 0.17275748 0.1658925  0.17944631 0.18592297 0.17619681 0.19180674
 0.18629408 0.16611296 0.17178921 0.16600266 0.1725282  0.16934154
 0.14960106 0.16579224 0.18272425 0.17287234 0.16246684 0.15312916
 0.1852598  0.15614618 0.13953488 0.179327   0.1658925  0.1626826
 0.20608596 0.16921035]
echo
BERT
[0.77445424 0.7675545  0.7672454  0.7648519  0.76855326 0.7772945
 0.7814107  0.7670774  0.7675115  0.77019304 0.76971495 0.7662909
 0.7720225  0.773251   0.77133596 0.76293445 0.77185816 0.7800202
 0.7707832  0.7638413  0.76515937 0.77320397 0.7684249  0.7638054
 0.77187604 0.77455616 0.772718   0.76563907 0.76690817 0.7644083
 0.7607286  0.76441705 0.7698957  0.7702395  0.77275735 0.77258396
 0.7698417  0.7664133  0.76475346 0.7696115  0.7720665  0.76944983
 0.77562845 0.7788149  0.76983774 0.770018   0.76441425 0.7713676
 0.77084243 0.77191675 0.7743745  0.7723148  0.7689544  0.76818573
 0.77263117 0.76773715 0.771965   0.7682167  0.7701026  0.7757246
 0.7647646  0.77831554 0.76648915 0.77001005 0.7708656  0.7692833
 0.7622448  0.76612985 0.767969   0.7650275  0.7658099  0.7641885
 0.7647494  0.76746994 0.77237576 0.7814809  0.7698188  0.7666692
 0.7642164  0.7675166  0.76902395 0.769222   0.7726432  0.7689439
 0.77074015 0.7678739  0.7715311  0.7700876  0.7753515  0.7712264
 0.7695242  0.76550555 0.76415324 0.7688335  0.76907647 0.77662665
 0.7757757  0.76533437 0.7698753  0.7665088  0.7663628  0.77166396
 0.76418585 0.7733667  0.76095587 0.7672954  0.7749541  0.76896095
 0.7725426  0.77239823 0.76587635 0.76724035 0.7655311  0.77452755
 0.7705034  0.7646703  0.771784   0.76421475 0.7732613  0.7678518
 0.77248055 0.76773363 0.7606282  0.7747015  0.7699537  0.7675109
 0.76971257 0.7658816  0.77006197 0.7693467  0.7715974  0.7734113
 0.77244544 0.77171165 0.7675291  0.77299565 0.7635404  0.76614666
 0.7710587  0.7616274  0.7651192  0.7748118  0.76804125 0.7664493
 0.7670801  0.77285635 0.7656208  0.76201415 0.769396   0.77478254
 0.7710776  0.76821077 0.76843405 0.763414   0.7706946  0.77539086
 0.76544523 0.7755973  0.7660806  0.7711243  0.77159745 0.7681595
 0.76803374 0.7697663  0.7720767  0.7726345  0.77520037 0.77335477
 0.77603126 0.771209   0.7728356  0.77515787 0.7616699  0.7680422
 0.76831794 0.7768874  0.7734344  0.76985574 0.7641697  0.76553965
 0.77157927 0.77429485 0.76656544 0.7719965  0.7682227  0.7718613
 0.77000314 0.77003884 0.77068853 0.7696216  0.7687241  0.7701616
 0.7703363  0.76787245 0.76854813 0.7725208  0.7663053  0.7692639
 0.77389604 0.7611042 ]
[nltk_data] Downloading package wordnet to /mnt/iusers01/fse-
[nltk_data]     ugpgt01/compsci01/q12628ct/nltk_data...
[nltk_data]   Package wordnet is already up-to-date!
[nltk_data] Downloading package punkt_tab to /mnt/iusers01/fse-
[nltk_data]     ugpgt01/compsci01/q12628ct/nltk_data...
[nltk_data]   Package punkt_tab is already up-to-date!
[nltk_data] Downloading package omw-1.4 to /mnt/iusers01/fse-
[nltk_data]     ugpgt01/compsci01/q12628ct/nltk_data...
[nltk_data]   Package omw-1.4 is already up-to-date!
/mnt/iusers01/fse-ugpgt01/compsci01/q12628ct/.conda/envs/semantic-decoding/lib/python3.10/site-packages/huggingface_hub/file_download.py:945: FutureWarning: `resume_download` is deprecated and will be removed in version 1.0.0. Downloads always resume when possible. If you want to force a new download, use `force_download=True`.
  warnings.warn(
Some weights of the model checkpoint at roberta-large were not used when initializing RobertaModel: ['lm_head.layer_norm.weight', 'lm_head.dense.weight', 'lm_head.bias', 'lm_head.layer_norm.bias', 'lm_head.dense.bias']
- This IS expected if you are initializing RobertaModel from the checkpoint of a model trained on another task or with another architecture (e.g. initializing a BertForSequenceClassification model from a BertForPreTraining model).
- This IS NOT expected if you are initializing RobertaModel from the checkpoint of a model that you expect to be exactly identical (initializing a BertForSequenceClassification model from a BertForSequenceClassification model).
Some weights of RobertaModel were not initialized from the model checkpoint at roberta-large and are newly initialized: ['roberta.pooler.dense.weight', 'roberta.pooler.dense.bias']
You should probably TRAIN this model on a down-stream task to be able to use it for predictions and inference.
echo
WER
[-0.07482993 -0.06802721 -0.06122449 -0.06122449 -0.07482993 -0.06122449
 -0.04761905 -0.06122449 -0.06122449 -0.06122449 -0.06802721 -0.06122449
 -0.06802721 -0.05442177 -0.06122449 -0.06802721 -0.06122449 -0.04081633
 -0.06802721 -0.06802721 -0.05442177 -0.06122449 -0.06122449 -0.06802721
 -0.07482993 -0.04761905 -0.05442177 -0.06802721 -0.06802721 -0.05442177
 -0.05442177 -0.05442177 -0.05442177 -0.05442177 -0.06802721 -0.06122449
 -0.05442177 -0.05442177 -0.06802721 -0.06122449 -0.06122449 -0.06122449
 -0.06802721 -0.06122449 -0.07482993 -0.06122449 -0.05442177 -0.04761905
 -0.04761905 -0.06122449 -0.06122449 -0.06802721 -0.06122449 -0.06122449
 -0.06122449 -0.06122449 -0.08163265 -0.04761905 -0.05442177 -0.06802721
 -0.06122449 -0.06122449 -0.06122449 -0.06122449 -0.06802721 -0.07482993
 -0.06802721 -0.07482993 -0.06122449 -0.06802721 -0.04761905 -0.08163265
 -0.04761905 -0.03401361 -0.05442177 -0.06122449 -0.07482993 -0.05442177
 -0.06802721 -0.06802721 -0.06802721 -0.05442177 -0.08163265 -0.04761905
 -0.06802721 -0.05442177 -0.08163265 -0.05442177 -0.06802721 -0.04761905
 -0.06802721 -0.06122449 -0.06802721 -0.05442177 -0.05442177 -0.07482993
 -0.05442177 -0.06802721 -0.06802721 -0.05442177 -0.07482993 -0.06122449
 -0.05442177 -0.06122449 -0.06122449 -0.07482993 -0.07482993 -0.06122449
 -0.06122449 -0.08163265 -0.06802721 -0.06122449 -0.06122449 -0.06122449
 -0.08163265 -0.07482993 -0.05442177 -0.06802721 -0.07482993 -0.06802721
 -0.06122449 -0.04081633 -0.03401361 -0.05442177 -0.05442177 -0.02721088
 -0.05442177 -0.05442177 -0.05442177 -0.06122449 -0.06122449 -0.06802721
 -0.07482993 -0.05442177 -0.06802721 -0.07482993 -0.07482993 -0.06802721
 -0.06802721 -0.06802721 -0.06122449 -0.04081633 -0.05442177 -0.06122449
 -0.06802721 -0.07482993 -0.06122449 -0.06122449 -0.07482993 -0.04761905
 -0.06802721 -0.07482993 -0.06802721 -0.06122449 -0.06802721 -0.07482993
 -0.06122449 -0.05442177 -0.06122449 -0.06802721 -0.07482993 -0.08163265
 -0.06802721 -0.06122449 -0.06122449 -0.06802721 -0.06802721 -0.06802721
 -0.05442177 -0.05442177 -0.06802721 -0.06122449 -0.07482993 -0.07482993
 -0.06802721 -0.04761905 -0.05442177 -0.06802721 -0.07482993 -0.06122449
 -0.04761905 -0.06802721 -0.07482993 -0.06122449 -0.06802721 -0.06122449
 -0.07482993 -0.06122449 -0.06802721 -0.08163265 -0.04081633 -0.06122449
 -0.06122449 -0.06122449 -0.07482993 -0.05442177 -0.06122449 -0.04081633
 -0.06122449 -0.08163265]
echo
BLEU
[0.25609756 0.22560976 0.26829268 0.20121951 0.22560976 0.21341463
 0.23780488 0.31097561 0.23780488 0.26219512 0.23780488 0.2195122
 0.20121951 0.23780488 0.20731707 0.22560976 0.25609756 0.27439024
 0.23780488 0.22560976 0.26219512 0.26219512 0.26829268 0.25
 0.21341463 0.25       0.19512195 0.23780488 0.22560976 0.26219512
 0.25       0.25       0.19512195 0.24390244 0.26219512 0.2195122
 0.26219512 0.25       0.26219512 0.25609756 0.23780488 0.25609756
 0.25       0.2195122  0.2804878  0.21341463 0.26829268 0.25
 0.25       0.23780488 0.26219512 0.25609756 0.23780488 0.25609756
 0.27439024 0.2195122  0.20731707 0.27439024 0.2195122  0.23170732
 0.23780488 0.22560976 0.22560976 0.22560976 0.24390244 0.17682927
 0.25       0.23780488 0.23170732 0.24390244 0.25       0.23780488
 0.20731707 0.24390244 0.25609756 0.26829268 0.26219512 0.26829268
 0.21341463 0.24390244 0.23170732 0.26219512 0.25       0.20121951
 0.24390244 0.25609756 0.25609756 0.21341463 0.20121951 0.25609756
 0.2195122  0.23780488 0.25609756 0.21341463 0.2195122  0.22560976
 0.23780488 0.23780488 0.26219512 0.2804878  0.23780488 0.2195122
 0.25       0.23780488 0.25       0.2195122  0.26829268 0.23780488
 0.2195122  0.22560976 0.24390244 0.20121951 0.20731707 0.20121951
 0.23780488 0.22560976 0.23170732 0.24390244 0.20731707 0.18292683
 0.26219512 0.27439024 0.31097561 0.25       0.26219512 0.28658537
 0.28658537 0.23780488 0.24390244 0.21341463 0.19512195 0.17073171
 0.25       0.26829268 0.25       0.23780488 0.25609756 0.25609756
 0.26219512 0.2195122  0.23780488 0.25       0.23170732 0.25
 0.25       0.2195122  0.2195122  0.18292683 0.19512195 0.25609756
 0.27439024 0.25609756 0.22560976 0.25       0.25       0.2804878
 0.22560976 0.2195122  0.20731707 0.25       0.25609756 0.26219512
 0.23170732 0.25       0.20731707 0.24390244 0.23170732 0.18292683
 0.26219512 0.23780488 0.20121951 0.25609756 0.25609756 0.25
 0.21341463 0.28658537 0.23170732 0.22560976 0.20121951 0.2195122
 0.2195122  0.29878049 0.21341463 0.23780488 0.17073171 0.25
 0.25609756 0.22560976 0.20731707 0.24390244 0.2195122  0.25609756
 0.25       0.24390244 0.23170732 0.24390244 0.23780488 0.24390244
 0.23780488 0.22560976]
echo
METEOR
[0.16666667 0.14980027 0.16       0.15343562 0.16311585 0.1633353
 0.17336179 0.19       0.1633353  0.17968541 0.15020027 0.13694055
 0.15333333 0.16656645 0.1400934  0.15956667 0.17034068 0.18048128
 0.15677118 0.16666667 0.18994259 0.19596658 0.18600133 0.16977364
 0.15364061 0.18909987 0.13649682 0.17       0.15010007 0.17356475
 0.15353805 0.17321785 0.14037433 0.17368069 0.18036072 0.14656895
 0.18350928 0.16644474 0.16700067 0.18947858 0.17022697 0.1767036
 0.16990638 0.14333333 0.22151301 0.17201766 0.20262159 0.16344229
 0.18935217 0.16268369 0.16954787 0.18647917 0.17001981 0.18012008
 0.17643142 0.16333333 0.14696059 0.20370512 0.14956438 0.15666667
 0.17992515 0.15010007 0.16656645 0.15968064 0.18672814 0.1230421
 0.17313064 0.17536005 0.16       0.166334   0.17956578 0.18036072
 0.16268369 0.18265518 0.19648916 0.17321785 0.17666667 0.18931113
 0.15010007 0.16021362 0.16366065 0.18289839 0.16021362 0.13657562
 0.15040107 0.18004526 0.17952128 0.13972056 0.1625756  0.16366065
 0.16268369 0.16311585 0.18884824 0.15323118 0.16300884 0.16021362
 0.17956578 0.16344229 0.20013342 0.17379679 0.15623281 0.14323784
 0.17344897 0.15967298 0.17368069 0.14018692 0.20288539 0.15333333
 0.15612886 0.15353805 0.17992515 0.13962766 0.14686248 0.14613248
 0.15698063 0.18004526 0.16       0.18264988 0.16813234 0.13315427
 0.16655563 0.17344897 0.20319787 0.17666667 0.18333333 0.19012675
 0.1934105  0.17313064 0.17011341 0.15687583 0.16901161 0.123498
 0.17623302 0.1896895  0.15978695 0.17658572 0.17619681 0.17298736
 0.17022697 0.14686248 0.14990007 0.16032064 0.18028597 0.18333333
 0.16700067 0.15612886 0.1592486  0.11984021 0.13648469 0.18326443
 0.19635825 0.16677785 0.15956667 0.17643142 0.18314226 0.19328147
 0.16257465 0.15020027 0.15292553 0.18345564 0.16010674 0.1592568
 0.16634451 0.18691589 0.15178709 0.17344897 0.16667765 0.15020027
 0.17992515 0.15666667 0.16009962 0.16677785 0.18204267 0.16021362
 0.15       0.19635825 0.15       0.14647137 0.13342228 0.16279193
 0.15020027 0.23891265 0.15333333 0.16333333 0.12308716 0.16655563
 0.18338677 0.17278507 0.15956667 0.17333333 0.15625    0.16366065
 0.16645541 0.17976032 0.18012008 0.16688919 0.16010674 0.16700067
 0.16979311 0.16042781]
echo
BERT
[0.76703626 0.7604102  0.7684337  0.7680576  0.7674709  0.7615737
 0.7712813  0.7652197  0.7665973  0.77154803 0.76322067 0.7692389
 0.7657981  0.76327354 0.77149606 0.7697103  0.76668036 0.77292144
 0.77067745 0.7658259  0.7721871  0.7661385  0.7673846  0.7634475
 0.7702346  0.7702877  0.77730536 0.7725942  0.76450396 0.7722804
 0.76621157 0.7779379  0.769656   0.77561957 0.76897144 0.76284957
 0.7740291  0.7745387  0.7662308  0.7707388  0.7690275  0.77433157
 0.76804733 0.76719624 0.77147853 0.7649217  0.7709284  0.7702364
 0.7706803  0.76877666 0.76730657 0.7687487  0.76328415 0.7691281
 0.76869607 0.7624571  0.7652327  0.7672417  0.76428473 0.7691853
 0.7698313  0.76673293 0.7753775  0.7656785  0.7697978  0.76988876
 0.7705877  0.76679933 0.7722423  0.763898   0.76728773 0.7741208
 0.7663095  0.763571   0.7758092  0.7659073  0.7711308  0.7662777
 0.7715688  0.76609004 0.77674055 0.7688756  0.76964927 0.7676302
 0.7759102  0.7757201  0.76710725 0.76517403 0.7672185  0.7665998
 0.7646353  0.7630988  0.7762109  0.76652145 0.7656151  0.77856964
 0.7693452  0.7695482  0.7704694  0.77100444 0.77315766 0.7703154
 0.7630712  0.7758254  0.7775359  0.7665541  0.7714951  0.77242565
 0.7674638  0.7699265  0.7645792  0.76838034 0.7660967  0.7650002
 0.7641607  0.77178454 0.77252614 0.77068925 0.76563466 0.7663353
 0.7668617  0.76751435 0.7714461  0.76397073 0.77268267 0.7690675
 0.77713585 0.76581156 0.7662774  0.7676993  0.76458436 0.7649302
 0.76532    0.76870126 0.7679689  0.768754   0.76904845 0.76574874
 0.7628082  0.76901525 0.7697344  0.7755533  0.770746   0.772279
 0.7693511  0.76545966 0.7674056  0.7655755  0.7645587  0.7656587
 0.7671602  0.7736312  0.76955736 0.7733909  0.7660825  0.7713207
 0.7589867  0.7624194  0.76465577 0.76992273 0.771732   0.76732075
 0.7663347  0.77674615 0.7641388  0.7679095  0.7703494  0.7706775
 0.7731413  0.76966584 0.76235616 0.77017367 0.7648179  0.77058357
 0.7650109  0.77516717 0.7670976  0.76678646 0.76449776 0.76293397
 0.76856387 0.78214306 0.7682463  0.77700984 0.7598351  0.7665088
 0.77113724 0.7681607  0.76370156 0.7704392  0.76602536 0.77863383
 0.76931804 0.7721644  0.7677891  0.77403027 0.77205455 0.774967
 0.76251537 0.76666224]
