Job is using 1 GPU(s) with ID(s) 0 and 8 CPU core(s)
torch cuade is available: True
[nltk_data] Downloading package wordnet to /mnt/iusers01/fse-
[nltk_data]     ugpgt01/compsci01/q12628ct/nltk_data...
[nltk_data]   Package wordnet is already up-to-date!
[nltk_data] Downloading package punkt_tab to /mnt/iusers01/fse-
[nltk_data]     ugpgt01/compsci01/q12628ct/nltk_data...
[nltk_data]   Package punkt_tab is already up-to-date!
[nltk_data] Downloading package omw-1.4 to /mnt/iusers01/fse-
[nltk_data]     ugpgt01/compsci01/q12628ct/nltk_data...
[nltk_data]   Package omw-1.4 is already up-to-date!
/mnt/iusers01/fse-ugpgt01/compsci01/q12628ct/.conda/envs/semantic-decoding/lib/python3.10/site-packages/huggingface_hub/file_download.py:945: FutureWarning: `resume_download` is deprecated and will be removed in version 1.0.0. Downloads always resume when possible. If you want to force a new download, use `force_download=True`.
  warnings.warn(
Some weights of the model checkpoint at roberta-large were not used when initializing RobertaModel: ['lm_head.dense.weight', 'lm_head.bias', 'lm_head.layer_norm.bias', 'lm_head.dense.bias', 'lm_head.layer_norm.weight']
- This IS expected if you are initializing RobertaModel from the checkpoint of a model trained on another task or with another architecture (e.g. initializing a BertForSequenceClassification model from a BertForPreTraining model).
- This IS NOT expected if you are initializing RobertaModel from the checkpoint of a model that you expect to be exactly identical (initializing a BertForSequenceClassification model from a BertForSequenceClassification model).
Some weights of RobertaModel were not initialized from the model checkpoint at roberta-large and are newly initialized: ['roberta.pooler.dense.bias', 'roberta.pooler.dense.weight']
You should probably TRAIN this model on a down-stream task to be able to use it for predictions and inference.
wheretheressmoke
WER
[0.03474724 0.03142436 0.02964485 0.03241057 0.03453177 0.03988788
 0.03086464 0.03446048 0.03562604 0.03299478 0.03903892 0.03571028
 0.03535347 0.0330154  0.03467253 0.03631516 0.03784614 0.03702733
 0.03069554 0.03781689 0.03480013 0.03591903 0.03711021 0.03683803
 0.03318772 0.0339993  0.03474028 0.03411085 0.03626875 0.03353969
 0.03552796 0.03314198 0.03395622 0.0310744  0.03513063 0.03686904
 0.03291308 0.03090121 0.04002091 0.03499546 0.03372014 0.03606797
 0.03290736 0.03791849 0.03778091 0.03255056 0.03563131 0.0299582
 0.03609436 0.03470299 0.03618831 0.03511184 0.03290545 0.03116092
 0.03369332 0.03133133 0.03676054 0.03862571 0.03085141 0.02867054
 0.02805586 0.03421597 0.02837489 0.03326466 0.03604094 0.02944832
 0.02603091 0.03289014 0.03196423 0.03133784 0.0372052  0.03678432
 0.03536968 0.03523719 0.03526461 0.03422882 0.03386458 0.04146001
 0.03595242 0.03138175 0.03563461 0.03560049 0.03409299 0.03579496
 0.03349154 0.03279849 0.03602643 0.02982898 0.03361184 0.03792498
 0.03425261 0.0364793  0.03862106 0.03301554 0.03005031 0.02956433
 0.03476769 0.03699231 0.03165133 0.03895187 0.03194479 0.03619287
 0.03470153 0.03820663 0.0350438  0.0319306  0.04098806 0.03627565
 0.03057665 0.03418379 0.02984236 0.03191884 0.03888882 0.03349913
 0.03193606 0.03571452 0.03291097 0.03343762 0.03014415 0.03175247
 0.03090104 0.0388167  0.04115229 0.03174872 0.02796725 0.03568259
 0.03434822 0.03774601 0.03836313 0.03506937 0.04144701 0.03543999
 0.03585152 0.03179816 0.03306405 0.03927303 0.03740337 0.03615902
 0.03167871 0.03368453 0.03615606 0.03585316 0.0396384  0.03239813
 0.03089487 0.03638431 0.02614034 0.034623   0.03151844 0.03333204
 0.03784851 0.03243092 0.03929473 0.03585126 0.03130892 0.03406627
 0.02802451 0.03079949 0.03092635 0.03345734 0.03543988 0.03292777
 0.03256696 0.03606123 0.0316451  0.03820377 0.0312972  0.02987758
 0.0362903  0.03189551 0.03623242 0.03364643 0.03623408 0.03833681
 0.02885785 0.03058594 0.03232362 0.0375851  0.0317761  0.03059235
 0.03498669 0.02986366 0.03488961 0.03538533 0.03652742 0.03686437
 0.0354431  0.03209067 0.03406585 0.03300143 0.03296963 0.03025987
 0.03304724 0.03129065 0.03589149 0.03548067 0.03265423 0.0312389
 0.03023431 0.03100635]
wheretheressmoke
BLEU
[0.19639948 0.17620309 0.18791515 0.1958342  0.18900266 0.18611003
 0.17097909 0.18669992 0.18693405 0.1919639  0.18411272 0.19024575
 0.20321199 0.19049706 0.18410911 0.18515031 0.18695819 0.19200133
 0.18149655 0.18739349 0.1813441  0.19374125 0.18790545 0.1900743
 0.18083117 0.19629363 0.1884469  0.18574235 0.19739463 0.19605318
 0.18625691 0.19436158 0.17869051 0.18598925 0.1944706  0.18583393
 0.19580441 0.18566847 0.20620034 0.18743509 0.18417204 0.2016748
 0.17859998 0.19174137 0.19192249 0.18131874 0.18466116 0.18171897
 0.19154899 0.1868619  0.19209947 0.17773699 0.17751016 0.18305728
 0.17834557 0.18876915 0.19379638 0.19808671 0.17931226 0.17693997
 0.17622098 0.18709954 0.18347364 0.18211029 0.19622578 0.18287917
 0.17046741 0.1863732  0.19658807 0.18487019 0.19231698 0.1955542
 0.18647419 0.19411617 0.20407852 0.19418295 0.19038538 0.20377071
 0.19817013 0.18169682 0.18356003 0.18795212 0.19652168 0.18960677
 0.18445355 0.1953339  0.19030286 0.17497963 0.18605685 0.20587278
 0.18196138 0.18827896 0.19335568 0.19065602 0.18530568 0.18697317
 0.17980628 0.19588191 0.19205766 0.20339093 0.18557671 0.17935616
 0.18915609 0.19125228 0.19940708 0.1987084  0.19542833 0.20281383
 0.18191266 0.18245052 0.17786982 0.17249275 0.19266124 0.18678992
 0.17866437 0.19014412 0.18483598 0.18487967 0.179674   0.18693647
 0.18061831 0.20593966 0.19857581 0.19323168 0.186608   0.18835283
 0.18919747 0.19109468 0.19573302 0.18982733 0.20082348 0.18270055
 0.19539707 0.18128719 0.18692238 0.19046932 0.18582343 0.1836346
 0.18480176 0.18736752 0.1793234  0.18407512 0.199401   0.18646785
 0.18559653 0.1855682  0.17928994 0.19179669 0.18117789 0.18837609
 0.18495886 0.18508968 0.19855963 0.18851606 0.19369862 0.18706696
 0.18827411 0.18037826 0.17853507 0.19025201 0.1801677  0.18908678
 0.19492361 0.19653045 0.18275069 0.19217478 0.18814478 0.18878982
 0.19005897 0.18477855 0.19129405 0.18859458 0.1913254  0.18771214
 0.1865382  0.18858349 0.18758287 0.19294994 0.17504961 0.18091962
 0.1860692  0.18064177 0.19213736 0.19877905 0.18166942 0.1994158
 0.19574126 0.18903343 0.18781742 0.18141142 0.18487965 0.17999884
 0.18437453 0.19377064 0.18931555 0.19600164 0.18690586 0.17634908
 0.17701628 0.19165784]
wheretheressmoke
METEOR
[0.13945623 0.13021653 0.13882146 0.14582992 0.13646149 0.13608254
 0.12991348 0.13827007 0.14403257 0.14070585 0.13428635 0.13594734
 0.14432981 0.13665979 0.13514131 0.1345028  0.13626865 0.14034433
 0.13239995 0.13701531 0.13394752 0.1420053  0.13824499 0.13862244
 0.12630965 0.14728082 0.13987074 0.14213089 0.14677491 0.14135932
 0.13940057 0.13975935 0.1256656  0.13558928 0.13708608 0.13445226
 0.14688147 0.13685488 0.14736499 0.1410745  0.13801653 0.14781029
 0.13301387 0.13356054 0.1370137  0.1306638  0.13721312 0.13036361
 0.1369172  0.13662538 0.14114462 0.13114152 0.13112867 0.13194837
 0.12947097 0.13740339 0.14138047 0.14377186 0.12998945 0.13211823
 0.12403913 0.13981418 0.13274858 0.13717013 0.1453907  0.13208693
 0.12842485 0.13807298 0.14406327 0.13769138 0.14174813 0.13851652
 0.13528948 0.14147418 0.14940904 0.1408247  0.13879285 0.14595456
 0.13998202 0.13409098 0.13197736 0.14097041 0.14055707 0.13864386
 0.13245989 0.13854698 0.13957333 0.13286618 0.13543515 0.1506539
 0.13470356 0.13154001 0.14388409 0.13851961 0.1390591  0.13939913
 0.13443326 0.14193795 0.13904977 0.14538865 0.13251202 0.13346024
 0.1447415  0.14259205 0.14063729 0.14549114 0.14139174 0.1476932
 0.1311971  0.13431266 0.13030636 0.12485261 0.13777038 0.14158613
 0.1299854  0.13651576 0.13791206 0.13708457 0.13555014 0.13766098
 0.132185   0.14279786 0.14528812 0.13528646 0.13406965 0.13773108
 0.13878033 0.13933313 0.14268202 0.13252235 0.1475412  0.13326158
 0.13912163 0.13394497 0.13535694 0.14194375 0.13846331 0.13387368
 0.13635083 0.13786517 0.13798739 0.13579931 0.14015809 0.13579212
 0.13537534 0.14058145 0.13358233 0.14389296 0.13347901 0.13784693
 0.1373868  0.13552084 0.13933832 0.14205939 0.1433381  0.13315777
 0.13703462 0.13144496 0.13345116 0.1394523  0.13433339 0.14333166
 0.14345198 0.14451211 0.13147058 0.143632   0.13691029 0.13705625
 0.14114018 0.13653593 0.13870327 0.13947477 0.1375802  0.13760618
 0.13648131 0.13880558 0.13349577 0.14169059 0.12973725 0.13009584
 0.1429579  0.13517527 0.14017212 0.14320136 0.13256698 0.14339826
 0.1344802  0.13828677 0.13505685 0.13344161 0.13880852 0.1331313
 0.1346818  0.13765413 0.1361991  0.14054433 0.1314769  0.13034655
 0.13320466 0.14122174]
wheretheressmoke
BERT
[0.78983223 0.7878717  0.78799886 0.7918505  0.78907824 0.7880816
 0.7873632  0.7903125  0.79116315 0.790197   0.7911822  0.79174256
 0.791651   0.78967166 0.7911163  0.7897415  0.7893452  0.7902996
 0.7900298  0.79073894 0.78885156 0.78975546 0.7903901  0.7897053
 0.78963995 0.7901626  0.7879488  0.7910768  0.79196966 0.7917755
 0.7898602  0.7904244  0.78909403 0.7890673  0.79076713 0.7897094
 0.79000944 0.78992075 0.79153675 0.78919387 0.7902038  0.79091436
 0.78909993 0.7908932  0.78886825 0.78990227 0.7880391  0.7893045
 0.79197365 0.78789943 0.7886335  0.7895892  0.7886667  0.78975886
 0.789556   0.7896534  0.78927976 0.79103684 0.78821117 0.7899547
 0.7885993  0.7902058  0.78779167 0.7891832  0.7911661  0.78976357
 0.7905504  0.7899265  0.7904894  0.7919603  0.7916173  0.7891864
 0.7900292  0.79149187 0.7919928  0.79121727 0.79038095 0.792917
 0.78920096 0.78830767 0.7893016  0.7890782  0.7920919  0.7887763
 0.7905607  0.78956705 0.7888997  0.7887728  0.79116917 0.7913049
 0.78832716 0.7896695  0.79151714 0.78965575 0.7900974  0.78992933
 0.790428   0.7915336  0.790659   0.7911611  0.78961146 0.7892033
 0.78812695 0.7913879  0.7897857  0.79104763 0.79034585 0.7907488
 0.79078996 0.79233944 0.7895086  0.79002476 0.7914354  0.79035467
 0.7892352  0.79046226 0.78891736 0.7908376  0.78818923 0.78918356
 0.78798366 0.7899939  0.7910748  0.789743   0.78849274 0.78960055
 0.7884353  0.7903027  0.7894715  0.7886188  0.7932165  0.7902641
 0.7889837  0.7891061  0.7894683  0.7911831  0.79041666 0.7893408
 0.7904574  0.78982186 0.7912577  0.79027534 0.7919478  0.78963983
 0.79147875 0.78858507 0.7889469  0.78867143 0.7876289  0.78949374
 0.79053503 0.78853106 0.7897935  0.7902898  0.7889012  0.79092026
 0.7887545  0.7877285  0.7896293  0.7897034  0.7888868  0.79051566
 0.7919701  0.78977966 0.79017836 0.7917681  0.7883821  0.7895619
 0.7889461  0.7900861  0.7889891  0.7898676  0.7881796  0.7910226
 0.7883692  0.78924966 0.7880919  0.7896791  0.78845215 0.7885174
 0.78865194 0.7896889  0.79137677 0.7918906  0.7892125  0.7923829
 0.78858876 0.7902253  0.7905649  0.7878011  0.7886582  0.7885328
 0.7902175  0.79189026 0.7905166  0.79096097 0.7881989  0.7893795
 0.7902452  0.78865165]
[nltk_data] Downloading package wordnet to /mnt/iusers01/fse-
[nltk_data]     ugpgt01/compsci01/q12628ct/nltk_data...
[nltk_data]   Package wordnet is already up-to-date!
[nltk_data] Downloading package punkt_tab to /mnt/iusers01/fse-
[nltk_data]     ugpgt01/compsci01/q12628ct/nltk_data...
[nltk_data]   Package punkt_tab is already up-to-date!
[nltk_data] Downloading package omw-1.4 to /mnt/iusers01/fse-
[nltk_data]     ugpgt01/compsci01/q12628ct/nltk_data...
[nltk_data]   Package omw-1.4 is already up-to-date!
/mnt/iusers01/fse-ugpgt01/compsci01/q12628ct/.conda/envs/semantic-decoding/lib/python3.10/site-packages/huggingface_hub/file_download.py:945: FutureWarning: `resume_download` is deprecated and will be removed in version 1.0.0. Downloads always resume when possible. If you want to force a new download, use `force_download=True`.
  warnings.warn(
Some weights of the model checkpoint at roberta-large were not used when initializing RobertaModel: ['lm_head.layer_norm.weight', 'lm_head.bias', 'lm_head.dense.weight', 'lm_head.dense.bias', 'lm_head.layer_norm.bias']
- This IS expected if you are initializing RobertaModel from the checkpoint of a model trained on another task or with another architecture (e.g. initializing a BertForSequenceClassification model from a BertForPreTraining model).
- This IS NOT expected if you are initializing RobertaModel from the checkpoint of a model that you expect to be exactly identical (initializing a BertForSequenceClassification model from a BertForSequenceClassification model).
Some weights of RobertaModel were not initialized from the model checkpoint at roberta-large and are newly initialized: ['roberta.pooler.dense.weight', 'roberta.pooler.dense.bias']
You should probably TRAIN this model on a down-stream task to be able to use it for predictions and inference.
Traceback (most recent call last):
  File "/net/scratch/q12628ct/semantic-decoding/decoding/evaluate_predictions.py", line 51, in <module>
    ref_data = load_transcript(args.experiment, reference)
  File "/net/scratch/q12628ct/semantic-decoding/decoding/utils_eval.py", line 23, in load_transcript
    with open(grid_path) as f: 
FileNotFoundError: [Errno 2] No such file or directory: '/net/scratch/q12628ct/semantic-decoding/data_test/test_stimulus/perceived_movie/sintel.TextGrid'
[nltk_data] Downloading package wordnet to /mnt/iusers01/fse-
[nltk_data]     ugpgt01/compsci01/q12628ct/nltk_data...
[nltk_data]   Package wordnet is already up-to-date!
[nltk_data] Downloading package punkt_tab to /mnt/iusers01/fse-
[nltk_data]     ugpgt01/compsci01/q12628ct/nltk_data...
[nltk_data]   Package punkt_tab is already up-to-date!
[nltk_data] Downloading package omw-1.4 to /mnt/iusers01/fse-
[nltk_data]     ugpgt01/compsci01/q12628ct/nltk_data...
[nltk_data]   Package omw-1.4 is already up-to-date!
/mnt/iusers01/fse-ugpgt01/compsci01/q12628ct/.conda/envs/semantic-decoding/lib/python3.10/site-packages/huggingface_hub/file_download.py:945: FutureWarning: `resume_download` is deprecated and will be removed in version 1.0.0. Downloads always resume when possible. If you want to force a new download, use `force_download=True`.
  warnings.warn(
Some weights of the model checkpoint at roberta-large were not used when initializing RobertaModel: ['lm_head.layer_norm.weight', 'lm_head.layer_norm.bias', 'lm_head.dense.weight', 'lm_head.dense.bias', 'lm_head.bias']
- This IS expected if you are initializing RobertaModel from the checkpoint of a model trained on another task or with another architecture (e.g. initializing a BertForSequenceClassification model from a BertForPreTraining model).
- This IS NOT expected if you are initializing RobertaModel from the checkpoint of a model that you expect to be exactly identical (initializing a BertForSequenceClassification model from a BertForSequenceClassification model).
Some weights of RobertaModel were not initialized from the model checkpoint at roberta-large and are newly initialized: ['roberta.pooler.dense.bias', 'roberta.pooler.dense.weight']
You should probably TRAIN this model on a down-stream task to be able to use it for predictions and inference.
presto
WER
[0.03592755 0.03105916 0.03213924 0.02282152 0.04080811 0.03388827
 0.03287277 0.03502932 0.02915726 0.03150396 0.03753317 0.03821846
 0.03160617 0.03468387 0.03568725 0.04350339 0.04028086 0.03630514
 0.03781599 0.03150999 0.04036322 0.0330118  0.03397346 0.03334505
 0.03980954 0.0340423  0.03715553 0.03530347 0.03485585 0.03168028
 0.0295603  0.02872055 0.03371329 0.04336486 0.03857726 0.03150272
 0.04347681 0.03415239 0.03706932 0.02738212 0.03283539 0.03423629
 0.03307929 0.04532051 0.03330537 0.03135144 0.03440261 0.028698
 0.03321094 0.03614853 0.03003164 0.03191754 0.03017538 0.03488202
 0.03140856 0.03003029 0.02729997 0.03016739 0.0323247  0.03127956
 0.03225154 0.03048297 0.03104574 0.02741231 0.02941549 0.0310297
 0.03808859 0.03636747 0.0333474  0.0331758  0.04014459 0.03326398
 0.0217829  0.03256706 0.04294902 0.03235095 0.03955062 0.03967386
 0.03087591 0.03201174 0.02982566 0.03370519 0.02768578 0.03366328
 0.04171548 0.03698798 0.02855858 0.03798425 0.02874875 0.03236586
 0.03477324 0.0514018  0.03017451 0.0385863  0.02810756 0.03938892
 0.03267593 0.03459961 0.02963114 0.03028814 0.02976939 0.03396978
 0.02479852 0.03399386 0.032587   0.03205515 0.03834958 0.02877006
 0.03483133 0.02981291 0.03605737 0.03612387 0.02832563 0.03545812
 0.04157962 0.03150245 0.0367013  0.03876585 0.03327213 0.02880713
 0.04468916 0.03003045 0.03153272 0.028964   0.02359239 0.02753888
 0.03914913 0.03188595 0.03504015 0.02999671 0.02828328 0.03381526
 0.03968673 0.03080249 0.02631049 0.03434575 0.02946331 0.03490012
 0.0255052  0.02970874 0.03277702 0.03837096 0.03293603 0.04017439
 0.03150105 0.03288919 0.03030119 0.0298877  0.03176687 0.03947643
 0.0285472  0.03272987 0.03064461 0.03583251 0.03216669 0.0292295
 0.03171733 0.03081483 0.04357082 0.03057037 0.02192963 0.03413015
 0.03559276 0.02417371 0.04184119 0.03214687 0.03052957 0.02444114
 0.02701018 0.0322476  0.03441674 0.02989775 0.02942259 0.0264081
 0.03998096 0.04585776 0.03583076 0.03791651 0.03495048 0.03181113
 0.0307658  0.02737441 0.03282857 0.04016628 0.02993793 0.03963914
 0.04352508 0.03128549 0.02994496 0.03787437 0.03401084 0.03048821
 0.04012499 0.03308411 0.02440708 0.03511568 0.03077083 0.03265273
 0.02860423 0.03605749]
presto
BLEU
[0.1060158  0.12386009 0.12212014 0.10410642 0.13721794 0.12507828
 0.0992743  0.12205376 0.11289283 0.10514268 0.11340518 0.11966336
 0.12590528 0.12061159 0.10953533 0.14346777 0.13621003 0.14317132
 0.12899542 0.11878832 0.1271905  0.11445652 0.13487735 0.11172097
 0.13206248 0.11818709 0.11978766 0.10883491 0.13524554 0.12082851
 0.10274937 0.09840385 0.13039672 0.13473887 0.1243042  0.11152463
 0.13840628 0.12395978 0.13949744 0.10611384 0.1315074  0.12498428
 0.12147557 0.13543158 0.12509    0.11366093 0.116256   0.13416137
 0.11949675 0.12377451 0.11340163 0.11366423 0.11368166 0.12513536
 0.11195596 0.11281567 0.11324966 0.11594123 0.112189   0.11084611
 0.1134706  0.11571876 0.1068797  0.10721869 0.11207231 0.10813567
 0.12137157 0.13121825 0.10932336 0.10471639 0.13464654 0.10658944
 0.1019966  0.11944004 0.13426466 0.11240326 0.12432058 0.13757258
 0.10498066 0.12799834 0.11653014 0.11636648 0.09936395 0.1129859
 0.12847413 0.13701748 0.12089024 0.12105195 0.10751782 0.12169745
 0.12094953 0.14927026 0.11838491 0.13200027 0.11175899 0.12276776
 0.11310261 0.11456772 0.12415373 0.11291142 0.12182886 0.11335365
 0.11376536 0.10985472 0.11444717 0.12389032 0.12835051 0.11648038
 0.1201503  0.11468346 0.14010813 0.12551482 0.11086999 0.11734454
 0.13613461 0.12216888 0.12147169 0.12679692 0.11586724 0.10430526
 0.12593847 0.11820844 0.11511483 0.10458633 0.09941122 0.11651594
 0.12130294 0.12314792 0.11980414 0.11765037 0.11365639 0.11669961
 0.13179165 0.13090906 0.10318211 0.11931507 0.1122562  0.12973151
 0.10281388 0.12094471 0.12596069 0.1300965  0.11413021 0.13416251
 0.11523161 0.11809114 0.11610455 0.11972629 0.12028004 0.13275922
 0.11010346 0.12317579 0.11891726 0.12871853 0.10193071 0.10830234
 0.12223896 0.1251119  0.15722615 0.10756643 0.10172833 0.10956703
 0.11393523 0.10752898 0.12192583 0.11108016 0.11370192 0.09636796
 0.10907517 0.09485355 0.13151419 0.12007247 0.10985354 0.1089572
 0.13359718 0.15088414 0.13706359 0.13471055 0.11743284 0.12036121
 0.11863267 0.10371342 0.11422754 0.13577404 0.12460124 0.13475033
 0.13474191 0.11338558 0.11593835 0.13186516 0.11263545 0.12235355
 0.13516802 0.11748403 0.10459506 0.11968545 0.11748357 0.13238105
 0.11953871 0.11875776]
presto
METEOR
[0.07908104 0.08166356 0.08745559 0.0762912  0.09042961 0.08323239
 0.07224301 0.0792944  0.07807226 0.07099123 0.08115499 0.08182565
 0.08751636 0.08066923 0.0800564  0.09652273 0.09010338 0.09701109
 0.08687672 0.08422097 0.08291615 0.07803622 0.08889793 0.0771465
 0.09049286 0.08674143 0.08006252 0.07954814 0.08625795 0.08160675
 0.07403745 0.07367004 0.08700202 0.09489528 0.08394123 0.07484998
 0.08942257 0.08155747 0.09220751 0.07614385 0.09520762 0.08480938
 0.07947894 0.08588813 0.08815693 0.0793082  0.08189485 0.09294128
 0.07958498 0.08667249 0.0797021  0.07983355 0.08310648 0.08321772
 0.0756912  0.08248453 0.07726916 0.0822203  0.08489985 0.07836016
 0.0749146  0.08093284 0.08190387 0.07222064 0.07702192 0.0805092
 0.08505971 0.08853312 0.07480415 0.07083816 0.08830159 0.07677366
 0.07474776 0.08427802 0.08806047 0.08267534 0.08810059 0.08951024
 0.07515045 0.0875688  0.08170613 0.08113876 0.07213619 0.08319778
 0.08576947 0.09042686 0.08626976 0.08606221 0.07628971 0.07788643
 0.08706105 0.09486235 0.08611964 0.08380386 0.08383871 0.08329246
 0.0811527  0.08049146 0.08215984 0.08132865 0.08709114 0.07793139
 0.08533326 0.0765072  0.08243919 0.08257826 0.088355   0.07863468
 0.08342059 0.07742569 0.09532493 0.08531171 0.07752981 0.08041115
 0.09250422 0.08465424 0.08574034 0.08844058 0.08035836 0.075026
 0.08823707 0.08545849 0.08053189 0.07622407 0.07897483 0.08215599
 0.0801156  0.08646601 0.08279765 0.08098354 0.08391193 0.0793938
 0.08903966 0.09301583 0.077099   0.08053354 0.07944966 0.08419689
 0.07473252 0.0866058  0.08029389 0.09103056 0.08008643 0.08841545
 0.08065121 0.08035023 0.0796237  0.08335499 0.08693077 0.09124746
 0.07957683 0.09145403 0.08272457 0.08992621 0.0744047  0.0779244
 0.08482448 0.08360162 0.1013114  0.07925045 0.0740291  0.0748121
 0.08054692 0.08212321 0.08128128 0.07691352 0.07862568 0.07521447
 0.08145579 0.06967529 0.08999878 0.08049495 0.07683428 0.07507978
 0.08751396 0.09912304 0.0927896  0.09488475 0.08044735 0.08459083
 0.07989241 0.07415185 0.07955572 0.09444506 0.0871255  0.0963187
 0.08980004 0.08062248 0.07697179 0.08750805 0.07744566 0.08544244
 0.09030955 0.08418864 0.07052684 0.08344881 0.08451368 0.08899598
 0.08275273 0.08313425]
presto
BERT
[0.77186686 0.77275664 0.7740676  0.7702208  0.7735876  0.7752091
 0.7698245  0.7703795  0.77063626 0.768693   0.77166355 0.7721603
 0.77359074 0.7705652  0.76973784 0.7721194  0.7769061  0.7723731
 0.7760125  0.77006096 0.7706692  0.77015054 0.7737863  0.77372736
 0.77449864 0.7717188  0.77010643 0.7706773  0.7775186  0.77025
 0.7674712  0.7681073  0.771757   0.77517587 0.7726368  0.7696209
 0.7729509  0.7742411  0.77185464 0.76773745 0.776519   0.7724885
 0.77147865 0.77198404 0.77178735 0.7716916  0.77009094 0.77555877
 0.77122235 0.7710244  0.7699572  0.7714029  0.77154565 0.77196085
 0.77001166 0.77046806 0.7706888  0.771355   0.773006   0.7714498
 0.76964045 0.76938206 0.76832145 0.771151   0.76700205 0.7729493
 0.77046925 0.77231276 0.7694598  0.7679687  0.77423215 0.7686989
 0.77261055 0.77263546 0.7743417  0.7728829  0.7718485  0.77213174
 0.7722567  0.7711983  0.7726251  0.7720444  0.7694693  0.77088207
 0.7714329  0.7729025  0.7722861  0.7711968  0.7712152  0.77023613
 0.7682091  0.7729281  0.7703221  0.7734057  0.7692067  0.7710343
 0.77111435 0.77304304 0.77157646 0.77062106 0.77099884 0.7704247
 0.7727139  0.773717   0.76781315 0.7728883  0.7724137  0.77108157
 0.7710179  0.7691224  0.7746982  0.7691853  0.76829654 0.77249926
 0.7740114  0.7731012  0.77097034 0.77321076 0.77174205 0.76875186
 0.76985484 0.7722984  0.7720879  0.77028453 0.7696509  0.77402437
 0.7724734  0.7715485  0.76859796 0.77291375 0.7682427  0.7683752
 0.77282614 0.7724403  0.7710747  0.7678976  0.7703603  0.77445966
 0.76930696 0.7702103  0.7696534  0.7742075  0.77023953 0.7684421
 0.77087766 0.7731376  0.7715267  0.77064717 0.7724738  0.77225757
 0.7698394  0.77501625 0.77022004 0.7750322  0.7738775  0.7713144
 0.7731365  0.7716252  0.77406436 0.77304065 0.7686162  0.76926386
 0.7741838  0.77096635 0.77024794 0.7672679  0.7692971  0.7707038
 0.77011013 0.77190423 0.7710155  0.7757079  0.7715313  0.7688637
 0.7744004  0.77311075 0.77487856 0.77555877 0.77212626 0.7695016
 0.7700376  0.7688031  0.77172875 0.7736836  0.76930064 0.771045
 0.77495104 0.77094346 0.76932275 0.7725886  0.7693019  0.7713213
 0.77297807 0.7719663  0.7717124  0.77121854 0.7720686  0.7738338
 0.7741173  0.77041173]
[nltk_data] Downloading package wordnet to /mnt/iusers01/fse-
[nltk_data]     ugpgt01/compsci01/q12628ct/nltk_data...
[nltk_data]   Package wordnet is already up-to-date!
[nltk_data] Downloading package punkt_tab to /mnt/iusers01/fse-
[nltk_data]     ugpgt01/compsci01/q12628ct/nltk_data...
[nltk_data]   Package punkt_tab is already up-to-date!
[nltk_data] Downloading package omw-1.4 to /mnt/iusers01/fse-
[nltk_data]     ugpgt01/compsci01/q12628ct/nltk_data...
[nltk_data]   Package omw-1.4 is already up-to-date!
/mnt/iusers01/fse-ugpgt01/compsci01/q12628ct/.conda/envs/semantic-decoding/lib/python3.10/site-packages/huggingface_hub/file_download.py:945: FutureWarning: `resume_download` is deprecated and will be removed in version 1.0.0. Downloads always resume when possible. If you want to force a new download, use `force_download=True`.
  warnings.warn(
Some weights of the model checkpoint at roberta-large were not used when initializing RobertaModel: ['lm_head.dense.weight', 'lm_head.layer_norm.weight', 'lm_head.dense.bias', 'lm_head.layer_norm.bias', 'lm_head.bias']
- This IS expected if you are initializing RobertaModel from the checkpoint of a model trained on another task or with another architecture (e.g. initializing a BertForSequenceClassification model from a BertForPreTraining model).
- This IS NOT expected if you are initializing RobertaModel from the checkpoint of a model that you expect to be exactly identical (initializing a BertForSequenceClassification model from a BertForSequenceClassification model).
Some weights of RobertaModel were not initialized from the model checkpoint at roberta-large and are newly initialized: ['roberta.pooler.dense.weight', 'roberta.pooler.dense.bias']
You should probably TRAIN this model on a down-stream task to be able to use it for predictions and inference.
partlycloudy
WER
[-0.1298857  -0.13826778 -0.13949025 -0.1357648  -0.14510604 -0.14209315
 -0.1341025  -0.12883235 -0.13683988 -0.13690879 -0.14360345 -0.13302511
 -0.13767622 -0.13052619 -0.14097478 -0.13570195 -0.13054916 -0.13413048
 -0.14022333 -0.13942132 -0.12798661 -0.13607921 -0.13836382 -0.14471877
 -0.14226171 -0.13447899 -0.13674726 -0.12383898 -0.12958522 -0.12991727
 -0.13550011 -0.14144791 -0.13761154 -0.12910113 -0.1374395  -0.13245316
 -0.1372577  -0.13456097 -0.13678895 -0.13339393 -0.14185494 -0.13807721
 -0.14062023 -0.14039196 -0.13898973 -0.14133587 -0.12103371 -0.14231859
 -0.14335295 -0.14024304 -0.1368156  -0.12924868 -0.12717667 -0.14432491
 -0.13844479 -0.13162425 -0.13428556 -0.13299477 -0.1250976  -0.13133469
 -0.13164796 -0.12190268 -0.13240445 -0.12805912 -0.13685591 -0.13696419
 -0.12837381 -0.13688182 -0.1335278  -0.13877376 -0.1262368  -0.14294114
 -0.13776947 -0.13211632 -0.14080353 -0.12417103 -0.15056119 -0.13849077
 -0.13359444 -0.13040794 -0.13327841 -0.13039895 -0.14574673 -0.14155153
 -0.13604963 -0.14364087 -0.1361265  -0.1349417  -0.13629231 -0.13620393
 -0.13729806 -0.13751763 -0.12826295 -0.13434998 -0.13419397 -0.14543197
 -0.13513154 -0.13395879 -0.12887577 -0.13535124 -0.13610794 -0.13357578
 -0.13068665 -0.12955251 -0.13522367 -0.1339267  -0.12518444 -0.14353003
 -0.13488869 -0.14010193 -0.13674429 -0.13280901 -0.1365385  -0.13086781
 -0.1320597  -0.13551436 -0.13200435 -0.13696515 -0.13771908 -0.13640903
 -0.14452689 -0.14183653 -0.13821857 -0.14490386 -0.1314662  -0.14559379
 -0.14138598 -0.12784991 -0.13022037 -0.13676869 -0.13257481 -0.13807369
 -0.13129883 -0.13426282 -0.12511053 -0.1089678  -0.13268365 -0.13748735
 -0.13013071 -0.13495301 -0.13757652 -0.14675438 -0.1356558  -0.13162149
 -0.14418631 -0.12953445 -0.13713625 -0.13381252 -0.13987922 -0.14533344
 -0.12276528 -0.13338828 -0.13464315 -0.14307149 -0.12790838 -0.13581486
 -0.14411711 -0.13473055 -0.13176165 -0.14146704 -0.13695337 -0.13960339
 -0.13406102 -0.1352931  -0.12845574 -0.14028106 -0.13070227 -0.1291286
 -0.13351684 -0.1373625  -0.1323592  -0.14392877 -0.13665244 -0.13915864
 -0.12562003 -0.1247886  -0.13842976 -0.12849275 -0.14352284 -0.13084647
 -0.13241572 -0.14538029 -0.13967404 -0.13834487 -0.13837727 -0.13078348
 -0.14191967 -0.13931194 -0.13630916 -0.13141162 -0.13697091 -0.14149097
 -0.12287985 -0.14115594 -0.13579221 -0.13821622 -0.13539215 -0.13630088
 -0.13387497 -0.13826146]
partlycloudy
BLEU
[0.12596438 0.12870805 0.12565746 0.11340725 0.11004764 0.10714493
 0.12073279 0.13609264 0.1219694  0.13228155 0.11466968 0.12660818
 0.12557029 0.13991957 0.12359758 0.1334996  0.14155453 0.12615981
 0.12832481 0.11858734 0.13874971 0.12032454 0.13439048 0.1219138
 0.12172448 0.12082842 0.12344809 0.1349111  0.13471941 0.12334562
 0.11635204 0.12020787 0.11331693 0.14034596 0.12663708 0.12728402
 0.11918048 0.13774944 0.12287497 0.11835036 0.10229203 0.12244384
 0.12048066 0.10758559 0.13121595 0.12243906 0.150733   0.11181165
 0.13254988 0.11029323 0.12850499 0.13044067 0.14431436 0.11243018
 0.12001488 0.11938975 0.12762264 0.11945345 0.14909506 0.12861018
 0.1290313  0.1276978  0.12032349 0.14599333 0.12119742 0.13430159
 0.13213399 0.11768089 0.13335199 0.12003853 0.14857003 0.11732725
 0.11809091 0.13620182 0.12471024 0.126907   0.10635397 0.12986208
 0.11711855 0.13234059 0.12343671 0.14394687 0.09921309 0.11292237
 0.12590494 0.11911283 0.1457462  0.12987842 0.13170162 0.13586318
 0.12662863 0.12011629 0.13096916 0.12264288 0.12781597 0.11236949
 0.13176025 0.132996   0.13748473 0.13381652 0.12858213 0.13079073
 0.11867861 0.12745828 0.13229349 0.13249619 0.14639773 0.1136473
 0.12882698 0.11720211 0.11496629 0.13401115 0.12975572 0.13205845
 0.12844826 0.11690069 0.13593677 0.11776307 0.11826427 0.13320944
 0.12404632 0.11936101 0.12427122 0.12033923 0.12161387 0.12013607
 0.12580369 0.13782043 0.137422   0.12052843 0.13922343 0.11874862
 0.12567848 0.13647524 0.14519186 0.15169205 0.12454907 0.12475776
 0.13096108 0.11721941 0.13056643 0.11230049 0.11683163 0.1283744
 0.11343992 0.12921742 0.12234996 0.1378577  0.11655856 0.11779194
 0.14193962 0.13359013 0.11776436 0.10910803 0.12731496 0.12202185
 0.11490572 0.11416362 0.13532553 0.10614458 0.12588371 0.12001776
 0.14452259 0.13080615 0.14258433 0.11311264 0.14083095 0.11672986
 0.13649288 0.11217239 0.13462102 0.10806437 0.1152236  0.12380896
 0.12830538 0.1319234  0.11880208 0.12486917 0.10824286 0.12934091
 0.14032347 0.10768236 0.13199053 0.12475444 0.12096633 0.13609537
 0.11376271 0.12910725 0.12648848 0.13146873 0.1187055  0.12551661
 0.13631083 0.12579713 0.1309425  0.12487009 0.11969113 0.13988115
 0.13134605 0.12471503]
partlycloudy
METEOR
[0.10725527 0.10344869 0.10323121 0.09129653 0.09720949 0.08826284
 0.09921954 0.11695375 0.10093166 0.11032034 0.09671603 0.10571364
 0.10755912 0.10845217 0.1053393  0.10529024 0.11449638 0.10466295
 0.1016829  0.09464167 0.10923184 0.10349323 0.10895915 0.10193047
 0.10291664 0.10426117 0.0974142  0.10820143 0.10890319 0.10619647
 0.09278127 0.10160861 0.09475294 0.10612583 0.10429087 0.09939832
 0.09589739 0.11119813 0.0988314  0.09442429 0.08409428 0.09956028
 0.09483509 0.090647   0.10328177 0.10593486 0.11756974 0.09372461
 0.10655768 0.0934781  0.11030254 0.11246484 0.11547428 0.09687332
 0.10213735 0.10024365 0.09990584 0.09879865 0.12135569 0.10691942
 0.09809169 0.10467512 0.09325714 0.11525352 0.0983321  0.10681938
 0.10324761 0.09462059 0.10597385 0.09903215 0.11566477 0.09969487
 0.09824    0.11117613 0.09879014 0.10581    0.08985225 0.10785969
 0.09795305 0.10550555 0.10270354 0.11074859 0.08474641 0.09710187
 0.10205407 0.09837366 0.11287147 0.10641655 0.10500295 0.10868177
 0.10599585 0.09961192 0.10600864 0.09643779 0.10971371 0.09506864
 0.10995546 0.1063273  0.10741009 0.11158949 0.10460947 0.108469
 0.10211824 0.10765918 0.1004492  0.11004389 0.11462629 0.09744939
 0.10822445 0.09679539 0.09398661 0.1090524  0.10127172 0.1076564
 0.10367605 0.09605877 0.10737964 0.09653271 0.09493021 0.10182456
 0.10405748 0.09650246 0.09886849 0.10146115 0.09581326 0.09881625
 0.10160397 0.11778276 0.10510643 0.09845611 0.10856247 0.0958022
 0.10186801 0.11698318 0.11495787 0.12343228 0.10542137 0.10322705
 0.10620596 0.09727093 0.1051973  0.09384882 0.09969661 0.10952136
 0.09200863 0.10568988 0.0995091  0.11528869 0.10031331 0.10037472
 0.11352638 0.10547527 0.10234065 0.0965788  0.10420734 0.10167203
 0.0965308  0.09376131 0.10877769 0.09280607 0.09777409 0.10485456
 0.11170685 0.09975556 0.11779334 0.09978927 0.11132393 0.09541274
 0.10422105 0.09089331 0.11004361 0.09298191 0.09632792 0.09703227
 0.10865278 0.10660921 0.09992686 0.1037688  0.09192153 0.10066218
 0.11213514 0.09297672 0.10523449 0.10201477 0.10261697 0.10979043
 0.09063541 0.09946911 0.10338753 0.10544225 0.09472629 0.10081253
 0.11360943 0.10216833 0.10372225 0.10377392 0.095012   0.11484086
 0.10467267 0.09987722]
partlycloudy
BERT
[0.7811148  0.7783823  0.7803585  0.78002673 0.77567774 0.77947265
 0.78115165 0.78089815 0.7791222  0.78077173 0.7774845  0.7792715
 0.7778316  0.78050417 0.7796399  0.7794018  0.7794959  0.7806859
 0.7782502  0.7805261  0.7777563  0.78196573 0.78052145 0.7792479
 0.7792478  0.778013   0.7797515  0.7813242  0.78069484 0.7806459
 0.77791476 0.7793685  0.7812996  0.78270936 0.77923393 0.7820414
 0.7793817  0.7806562  0.78144395 0.7772241  0.77936137 0.78178257
 0.78097105 0.78043634 0.78103787 0.7813513  0.78053695 0.7778821
 0.78150773 0.7794173  0.78064865 0.7782243  0.7817932  0.7797862
 0.7794706  0.7799801  0.7782919  0.7792047  0.780139   0.7799445
 0.7777477  0.7795358  0.7802686  0.7818265  0.7792883  0.7815856
 0.7802727  0.77970344 0.77904636 0.7804815  0.7809543  0.7790296
 0.7820656  0.77916205 0.7786683  0.7808724  0.7784987  0.77790534
 0.7805797  0.78077215 0.7789295  0.781294   0.77825963 0.7797311
 0.779859   0.7803464  0.7808268  0.7794738  0.7772436  0.7807029
 0.77854365 0.7792928  0.78068537 0.77896994 0.77651775 0.77958673
 0.78071463 0.782496   0.7770212  0.7778955  0.7781263  0.7809019
 0.7801041  0.7782969  0.7777565  0.77922624 0.7811306  0.77834094
 0.77814066 0.78080106 0.7787504  0.78020746 0.7801618  0.7798239
 0.78226113 0.7790726  0.77965486 0.7770458  0.7826244  0.780169
 0.78030246 0.77937454 0.7825694  0.780126   0.77905065 0.7779273
 0.77950555 0.7805384  0.781105   0.7790851  0.7807381  0.7797652
 0.7787854  0.7803409  0.7763551  0.7829774  0.78127414 0.777847
 0.78015476 0.7812348  0.77953726 0.7780639  0.7789078  0.78030986
 0.7803157  0.7815562  0.7793838  0.7842359  0.7795724  0.7807298
 0.7836805  0.78250504 0.7775866  0.7797768  0.7838081  0.78057325
 0.78213465 0.77765256 0.77844113 0.777886   0.7777304  0.779239
 0.7819633  0.7799961  0.781567   0.7796773  0.7798922  0.7807877
 0.7798186  0.78072655 0.78062886 0.778316   0.7789395  0.7783288
 0.7811224  0.7793649  0.7786913  0.7806992  0.77846456 0.78027487
 0.7789054  0.7799011  0.78007895 0.779781   0.780471   0.78074753
 0.78083473 0.78156865 0.7792128  0.7823201  0.7792542  0.7776835
 0.78267574 0.78080577 0.777726   0.7825014  0.7805142  0.78086483
 0.77853584 0.78060806]
[nltk_data] Downloading package wordnet to /mnt/iusers01/fse-
[nltk_data]     ugpgt01/compsci01/q12628ct/nltk_data...
[nltk_data]   Package wordnet is already up-to-date!
[nltk_data] Downloading package punkt_tab to /mnt/iusers01/fse-
[nltk_data]     ugpgt01/compsci01/q12628ct/nltk_data...
[nltk_data]   Package punkt_tab is already up-to-date!
[nltk_data] Downloading package omw-1.4 to /mnt/iusers01/fse-
[nltk_data]     ugpgt01/compsci01/q12628ct/nltk_data...
[nltk_data]   Package omw-1.4 is already up-to-date!
/mnt/iusers01/fse-ugpgt01/compsci01/q12628ct/.conda/envs/semantic-decoding/lib/python3.10/site-packages/huggingface_hub/file_download.py:945: FutureWarning: `resume_download` is deprecated and will be removed in version 1.0.0. Downloads always resume when possible. If you want to force a new download, use `force_download=True`.
  warnings.warn(
Some weights of the model checkpoint at roberta-large were not used when initializing RobertaModel: ['lm_head.dense.bias', 'lm_head.layer_norm.bias', 'lm_head.bias', 'lm_head.dense.weight', 'lm_head.layer_norm.weight']
- This IS expected if you are initializing RobertaModel from the checkpoint of a model trained on another task or with another architecture (e.g. initializing a BertForSequenceClassification model from a BertForPreTraining model).
- This IS NOT expected if you are initializing RobertaModel from the checkpoint of a model that you expect to be exactly identical (initializing a BertForSequenceClassification model from a BertForSequenceClassification model).
Some weights of RobertaModel were not initialized from the model checkpoint at roberta-large and are newly initialized: ['roberta.pooler.dense.weight', 'roberta.pooler.dense.bias']
You should probably TRAIN this model on a down-stream task to be able to use it for predictions and inference.
laluna
WER
[-0.0533074  -0.05205216 -0.05398611 -0.0566349  -0.0520492  -0.06132737
 -0.06413857 -0.0443458  -0.06154749 -0.05084422 -0.05776883 -0.06036327
 -0.05812433 -0.04968755 -0.05131646 -0.05745248 -0.05755411 -0.05384298
 -0.05858956 -0.05199529 -0.05721192 -0.04687898 -0.04818306 -0.05556659
 -0.05448806 -0.04978653 -0.06035883 -0.04392163 -0.05753179 -0.05945276
 -0.0582392  -0.05267571 -0.05638537 -0.04997318 -0.05991562 -0.05531484
 -0.05941715 -0.05035615 -0.05856595 -0.06172661 -0.0557036  -0.0580616
 -0.05281006 -0.05195764 -0.05776006 -0.04935417 -0.04736513 -0.05736859
 -0.05257066 -0.04973814 -0.05142726 -0.05598339 -0.05405598 -0.06199823
 -0.04308795 -0.05596313 -0.0522423  -0.05698629 -0.0517367  -0.05923516
 -0.05642679 -0.04466349 -0.05557374 -0.05880328 -0.05949015 -0.06320145
 -0.04889424 -0.04892244 -0.0507549  -0.05500425 -0.05587494 -0.05603815
 -0.05854668 -0.06456059 -0.05983816 -0.05557195 -0.06122844 -0.05717768
 -0.05879827 -0.05851382 -0.05117295 -0.05972479 -0.04768714 -0.05273881
 -0.06087636 -0.05810388 -0.05663564 -0.05380915 -0.05142083 -0.05107697
 -0.05662178 -0.05809981 -0.05975068 -0.05076384 -0.04798635 -0.05700289
 -0.05812805 -0.05687846 -0.05268848 -0.05288132 -0.05601681 -0.04934917
 -0.05469778 -0.05411972 -0.05396977 -0.06054579 -0.05557786 -0.06260877
 -0.05707542 -0.06627103 -0.05473575 -0.04883769 -0.05526887 -0.0565649
 -0.04945086 -0.04622512 -0.05311172 -0.0598164  -0.05898005 -0.05380309
 -0.05358473 -0.05699224 -0.06060735 -0.05349886 -0.05619212 -0.05454791
 -0.04960844 -0.0534301  -0.05667181 -0.05816927 -0.04865338 -0.05520022
 -0.05820141 -0.04909947 -0.05868126 -0.05954904 -0.05867748 -0.05366202
 -0.05528965 -0.05509978 -0.05857959 -0.05088893 -0.04616551 -0.05488712
 -0.05245122 -0.0516202  -0.04754619 -0.05714832 -0.05713888 -0.05803692
 -0.05265829 -0.05450148 -0.05544565 -0.05329779 -0.05691594 -0.05213565
 -0.06015671 -0.04988201 -0.06121583 -0.05423492 -0.05444037 -0.04797462
 -0.05270011 -0.06154129 -0.05788669 -0.05751512 -0.06076346 -0.05993841
 -0.05305221 -0.05366751 -0.05746127 -0.04768279 -0.05706063 -0.04999012
 -0.05306061 -0.06055227 -0.05805414 -0.05886427 -0.05315258 -0.05775049
 -0.05328233 -0.05583798 -0.05726073 -0.05832506 -0.0511147  -0.05666467
 -0.04953528 -0.05521603 -0.04868178 -0.0486836  -0.05017081 -0.05157426
 -0.06132022 -0.04864907 -0.05204443 -0.05837159 -0.05106476 -0.05790354
 -0.05039992 -0.05590089]
laluna
BLEU
[0.13301362 0.12551585 0.12601008 0.13055922 0.13198882 0.11874191
 0.10610767 0.15262791 0.11404824 0.12160681 0.11725958 0.1214521
 0.12834516 0.14245543 0.13398305 0.11563076 0.1127214  0.11695963
 0.11491857 0.12774955 0.10958412 0.13633903 0.12801538 0.12134763
 0.11332927 0.13391445 0.13162273 0.13392425 0.11234038 0.11308181
 0.11910738 0.12032762 0.12155068 0.12511107 0.12764039 0.12370084
 0.11665609 0.12004557 0.11584278 0.12381351 0.12175203 0.11565648
 0.13593628 0.13425704 0.11867866 0.13700661 0.14255374 0.12541208
 0.13024346 0.13125469 0.1197626  0.12620228 0.12255026 0.11436647
 0.13129372 0.13119674 0.11888593 0.12437106 0.11713619 0.13109331
 0.11862221 0.14556404 0.11560628 0.11912841 0.13070438 0.11573631
 0.12616262 0.14161487 0.13983909 0.12158946 0.12836161 0.11971296
 0.11410048 0.11047561 0.11818028 0.12284541 0.10272629 0.12472624
 0.12851603 0.11497183 0.12164819 0.11276107 0.13206075 0.12657437
 0.11770975 0.11303152 0.12377843 0.13071348 0.12374941 0.12198617
 0.11925723 0.12433525 0.12176265 0.13573411 0.14125253 0.12181171
 0.11725251 0.12291235 0.12950548 0.1252933  0.12233928 0.13505504
 0.13544989 0.13991594 0.12952219 0.10935415 0.12460374 0.11108077
 0.12028373 0.1117132  0.12349242 0.13433495 0.11070673 0.12563647
 0.12645049 0.1372502  0.12760436 0.10931842 0.13267329 0.11928192
 0.12112638 0.13045119 0.11137553 0.13357084 0.12036508 0.1225511
 0.12895885 0.12422818 0.11924281 0.1129669  0.13847837 0.12800151
 0.1223658  0.13532948 0.11330123 0.12175915 0.12059917 0.12240746
 0.12886081 0.12226463 0.11843571 0.14260909 0.1391105  0.1166198
 0.128861   0.12544765 0.12477459 0.11864813 0.12795161 0.12076762
 0.1294366  0.12780118 0.13525469 0.11627014 0.11080235 0.12693708
 0.12423834 0.12098935 0.11362527 0.11737763 0.13414391 0.14472258
 0.12288004 0.11047542 0.13177733 0.12444356 0.10454227 0.11171243
 0.12011877 0.12081824 0.13376015 0.14068115 0.11758206 0.13040775
 0.13422313 0.11821606 0.11617297 0.12233868 0.12639999 0.1181653
 0.12217965 0.11877204 0.12029113 0.11782972 0.12965729 0.12555928
 0.13369666 0.11028793 0.13910227 0.13265535 0.13479853 0.11578071
 0.11408119 0.13430797 0.13640452 0.11237578 0.1354038  0.11815317
 0.12109122 0.11636727]
laluna
METEOR
[0.09928161 0.09604117 0.0953101  0.0960137  0.09757219 0.08931956
 0.08333834 0.10834747 0.08468722 0.0907942  0.08708897 0.09138997
 0.09158377 0.10466668 0.09595329 0.08774072 0.08490461 0.09131655
 0.08945493 0.09659573 0.08520209 0.09873894 0.0962757  0.09240256
 0.09054381 0.09661698 0.09340165 0.09922916 0.08648945 0.08757502
 0.08673653 0.09018246 0.09247916 0.09713186 0.09892461 0.09638281
 0.09450332 0.08767495 0.08707362 0.08926508 0.09406889 0.08532539
 0.10397424 0.09779935 0.08955767 0.09935611 0.10427589 0.08933601
 0.09564571 0.09686805 0.09397637 0.09676251 0.08873141 0.08527717
 0.09955715 0.09328179 0.08999375 0.09484535 0.09489007 0.09131417
 0.08584573 0.10562499 0.08625456 0.08496853 0.09271868 0.08256454
 0.09776502 0.10512824 0.09981053 0.09422721 0.09712837 0.09184773
 0.0905631  0.08331137 0.08990292 0.09491263 0.07951998 0.09304937
 0.09417783 0.0888124  0.09028126 0.08611535 0.09671112 0.09540981
 0.08841997 0.08679346 0.08988556 0.09264335 0.09621184 0.09175886
 0.08688542 0.09210197 0.09237942 0.09540016 0.10439763 0.08919875
 0.08525051 0.09277447 0.09686106 0.09404805 0.08950374 0.09953805
 0.09963947 0.09871724 0.09461701 0.08553307 0.09644855 0.08308276
 0.09028759 0.08792966 0.09542554 0.09648786 0.08689061 0.09172204
 0.09562416 0.10020267 0.09052835 0.07928876 0.1012598  0.09212357
 0.0859225  0.09071966 0.08751566 0.1002095  0.08895284 0.09458483
 0.09649378 0.09176152 0.09036369 0.0862409  0.1041438  0.09459016
 0.09061774 0.09742244 0.08758232 0.09187364 0.0900243  0.09148815
 0.09598229 0.08835959 0.09263675 0.10077383 0.09910769 0.08859159
 0.09491239 0.09640131 0.09416404 0.08787808 0.09477834 0.08991454
 0.0977557  0.09160301 0.10304392 0.09084484 0.0816637  0.09851964
 0.09600272 0.0908722  0.09124679 0.08939727 0.09865666 0.10690056
 0.09107265 0.08528143 0.09846533 0.09015844 0.08742529 0.08551295
 0.09017574 0.08832682 0.09421031 0.10116916 0.0879151  0.09863944
 0.09385563 0.09236842 0.08379515 0.09989288 0.09755339 0.08655867
 0.08728573 0.09113992 0.08947284 0.08777178 0.09498434 0.09015652
 0.10079445 0.08548596 0.10098722 0.10106788 0.09713762 0.08615595
 0.09170619 0.10044881 0.10185716 0.08400385 0.09914944 0.08773195
 0.09256311 0.08815237]
laluna
BERT
[0.78469676 0.78605396 0.7853473  0.7832201  0.78471977 0.78305185
 0.7815107  0.78423756 0.78373104 0.7830846  0.7845978  0.78624725
 0.78322756 0.78389335 0.783695   0.78292644 0.78473943 0.78186476
 0.7865142  0.7830556  0.7824387  0.7871802  0.78242993 0.78095734
 0.7844703  0.7860765  0.78431845 0.7869046  0.78548133 0.78511304
 0.78534055 0.7827945  0.78488225 0.7840248  0.7828748  0.78590876
 0.7840875  0.78439164 0.7822413  0.78310704 0.78260934 0.7852713
 0.7861647  0.7827412  0.7821937  0.78412485 0.7863572  0.7851588
 0.7864491  0.7854456  0.78399974 0.78321713 0.78048605 0.782081
 0.78423315 0.78399014 0.7841278  0.78546643 0.7829291  0.78391165
 0.7829977  0.78617597 0.7821404  0.7837482  0.7843227  0.78511584
 0.7869423  0.7884587  0.7876132  0.78693336 0.7854593  0.78122085
 0.7839517  0.7841771  0.7847845  0.781177   0.78595084 0.7831593
 0.7840888  0.7835918  0.7859089  0.7860873  0.7841381  0.7831475
 0.7814555  0.7842314  0.7827452  0.7819874  0.7850919  0.7825803
 0.7842861  0.78451586 0.78389204 0.7833473  0.7866622  0.7803388
 0.7808648  0.7826242  0.7860139  0.7849865  0.78291076 0.78648365
 0.7855913  0.7847813  0.7831261  0.7832262  0.78316146 0.78380436
 0.7832704  0.7832943  0.78456193 0.78354776 0.7856803  0.7825178
 0.7829131  0.7824943  0.7833808  0.7823918  0.78503776 0.7861638
 0.78305656 0.78321034 0.7814568  0.7865854  0.78426045 0.78397536
 0.784761   0.7869467  0.77942187 0.7840984  0.7853519  0.78527075
 0.78579074 0.78219247 0.78356713 0.78365564 0.78483135 0.7848956
 0.78645194 0.7827947  0.7835769  0.78552264 0.78566307 0.78322977
 0.7845626  0.78245217 0.7828191  0.7825491  0.7854218  0.78243965
 0.787397   0.7830964  0.7826068  0.7848364  0.78453153 0.78623664
 0.7844491  0.7817558  0.78356457 0.78454316 0.7861544  0.7873996
 0.7816132  0.78303736 0.7835282  0.7851911  0.7834881  0.7814368
 0.78163403 0.7842903  0.78397554 0.78693086 0.78349435 0.7826598
 0.78317076 0.7834618  0.783856   0.78169733 0.78596467 0.7862736
 0.7834756  0.78131306 0.78434914 0.7818482  0.78350514 0.7845938
 0.782541   0.78495896 0.78419197 0.78574634 0.7851151  0.7834252
 0.78176427 0.78312135 0.7863861  0.783263   0.7856896  0.7853274
 0.78393555 0.7818703 ]
[nltk_data] Downloading package wordnet to /mnt/iusers01/fse-
[nltk_data]     ugpgt01/compsci01/q12628ct/nltk_data...
[nltk_data]   Package wordnet is already up-to-date!
[nltk_data] Downloading package punkt_tab to /mnt/iusers01/fse-
[nltk_data]     ugpgt01/compsci01/q12628ct/nltk_data...
[nltk_data]   Package punkt_tab is already up-to-date!
[nltk_data] Downloading package omw-1.4 to /mnt/iusers01/fse-
[nltk_data]     ugpgt01/compsci01/q12628ct/nltk_data...
[nltk_data]   Package omw-1.4 is already up-to-date!
/mnt/iusers01/fse-ugpgt01/compsci01/q12628ct/.conda/envs/semantic-decoding/lib/python3.10/site-packages/huggingface_hub/file_download.py:945: FutureWarning: `resume_download` is deprecated and will be removed in version 1.0.0. Downloads always resume when possible. If you want to force a new download, use `force_download=True`.
  warnings.warn(
Some weights of the model checkpoint at roberta-large were not used when initializing RobertaModel: ['lm_head.bias', 'lm_head.layer_norm.bias', 'lm_head.dense.bias', 'lm_head.layer_norm.weight', 'lm_head.dense.weight']
- This IS expected if you are initializing RobertaModel from the checkpoint of a model trained on another task or with another architecture (e.g. initializing a BertForSequenceClassification model from a BertForPreTraining model).
- This IS NOT expected if you are initializing RobertaModel from the checkpoint of a model that you expect to be exactly identical (initializing a BertForSequenceClassification model from a BertForSequenceClassification model).
Some weights of RobertaModel were not initialized from the model checkpoint at roberta-large and are newly initialized: ['roberta.pooler.dense.weight', 'roberta.pooler.dense.bias']
You should probably TRAIN this model on a down-stream task to be able to use it for predictions and inference.
alpha_repeat-1
WER
[-0.26521233 -0.23956657 -0.25892955 -0.23018732 -0.23255874 -0.221447
 -0.24086201 -0.24794899 -0.24615136 -0.22372593 -0.22672404 -0.23719897
 -0.25354612 -0.26520021 -0.20267651 -0.23221718 -0.22519014 -0.23790387
 -0.2230939  -0.23660239 -0.20642174 -0.24996719 -0.26056279 -0.21875407
 -0.25443526 -0.2668908  -0.23168521 -0.20012443 -0.22414206 -0.26347046
 -0.22678096 -0.21782631 -0.22958687 -0.22867242 -0.25609442 -0.22732578
 -0.25203539 -0.24138595 -0.22882002 -0.21276888 -0.21236213 -0.25134893
 -0.23857299 -0.25678221 -0.24254955 -0.26938261 -0.20510026 -0.19941544
 -0.2221082  -0.22777543 -0.22801762 -0.22155564 -0.23238492 -0.23133259
 -0.2116484  -0.22340868 -0.25027902 -0.22073956 -0.22189293 -0.23419089
 -0.22962249 -0.2191863  -0.19524223 -0.24154134 -0.23056499 -0.25351805
 -0.23545061 -0.22211781 -0.25514597 -0.21469681 -0.253452   -0.20634585
 -0.25994593 -0.24892295 -0.24165251 -0.22907079 -0.20363953 -0.22495461
 -0.22817863 -0.2531418  -0.23575898 -0.23260703 -0.23171867 -0.21252736
 -0.23697608 -0.2113844  -0.26300898 -0.21844549 -0.21393685 -0.20461145
 -0.20715007 -0.21199637 -0.23433416 -0.24288842 -0.23951026 -0.23269025
 -0.23018386 -0.22428237 -0.25084873 -0.24999401 -0.21737782 -0.24937977
 -0.22959903 -0.23189811 -0.26674558 -0.22776754 -0.2010719  -0.22701229
 -0.2341768  -0.25339017 -0.25558738 -0.24043713 -0.23301697 -0.25497023
 -0.21785727 -0.23750701 -0.22221551 -0.25272713 -0.22944812 -0.24057706
 -0.20074005 -0.22659014 -0.22042013 -0.25451236 -0.24916056 -0.25086876
 -0.22675824 -0.23543227 -0.22595185 -0.25772941 -0.26071486 -0.27205322
 -0.22307838 -0.22818028 -0.23600629 -0.2572417  -0.20909801 -0.25309596
 -0.19582511 -0.24342358 -0.22347196 -0.24657479 -0.25645726 -0.18655485
 -0.21689542 -0.22366722 -0.20308598 -0.25322249 -0.21372416 -0.20506236
 -0.24551044 -0.18999288 -0.24863086 -0.22045267 -0.22177951 -0.24344446
 -0.21306652 -0.22610441 -0.2472157  -0.2007622  -0.233679   -0.23455437
 -0.23564258 -0.22609335 -0.25122173 -0.21608447 -0.28096707 -0.24191356
 -0.22787334 -0.22470804 -0.2259883  -0.24766492 -0.24370386 -0.25460998
 -0.21263827 -0.27235673 -0.26484441 -0.25233718 -0.22808109 -0.23202638
 -0.25646667 -0.21292689 -0.22135905 -0.2592048  -0.20624072 -0.20767791
 -0.2249571  -0.24851274 -0.25401077 -0.21113423 -0.23271567 -0.22719458
 -0.24812386 -0.2256707  -0.25808176 -0.22784156 -0.22985166 -0.19645322
 -0.24496265 -0.20206626]
alpha_repeat-1
BLEU
[0.14131685 0.19496777 0.12202826 0.19262979 0.17959168 0.23863136
 0.18326356 0.13889544 0.18162667 0.18248889 0.22162227 0.20981133
 0.15385212 0.12696857 0.24078495 0.14973651 0.17699243 0.18478712
 0.19249533 0.17324403 0.24271589 0.1720623  0.14019047 0.20372464
 0.14429206 0.11532323 0.18745069 0.23448982 0.16596017 0.2006683
 0.16488182 0.18371003 0.20735627 0.17293953 0.09131234 0.20634521
 0.125224   0.17421631 0.15841917 0.17824344 0.23406953 0.15964367
 0.1537042  0.14031811 0.18615744 0.14165305 0.2051849  0.20440899
 0.18652643 0.20956102 0.20721532 0.19799325 0.18057361 0.1782104
 0.20113787 0.16912197 0.17912393 0.22948835 0.2261126  0.20030703
 0.17911918 0.21000479 0.20275551 0.18863234 0.13757489 0.14142371
 0.21618688 0.19512904 0.14200946 0.2021575  0.14665054 0.20621221
 0.14815389 0.17171093 0.20243276 0.18736425 0.21155813 0.17750694
 0.15175915 0.1242647  0.17152331 0.18408492 0.17459036 0.18511033
 0.17241498 0.2162486  0.13129708 0.20372274 0.19861337 0.18918933
 0.19822629 0.21058321 0.2020355  0.15262555 0.19352825 0.19893817
 0.19794446 0.19555611 0.17005163 0.19864363 0.1935824  0.17465946
 0.18795213 0.18552513 0.13866249 0.18432744 0.20020816 0.20468991
 0.16963197 0.14813238 0.12795106 0.1646369  0.18894193 0.13177862
 0.18294052 0.16174338 0.20361983 0.11562038 0.17754221 0.15558233
 0.17684973 0.2131303  0.17989249 0.1413043  0.21634511 0.16470199
 0.20965232 0.20472372 0.20232746 0.18234834 0.12498286 0.1596393
 0.2179028  0.21563049 0.16432853 0.15470784 0.21487926 0.166308
 0.18742342 0.17592193 0.20588359 0.16466269 0.17880472 0.2125518
 0.17587351 0.17942361 0.20182005 0.19339445 0.22603286 0.20395844
 0.16017871 0.20966823 0.13964645 0.23026999 0.20497667 0.14558362
 0.19889668 0.17689488 0.20761319 0.24436382 0.17775809 0.19325829
 0.19180112 0.20978892 0.14895563 0.20358957 0.10523284 0.15815162
 0.21731024 0.19119154 0.18052869 0.182717   0.13450942 0.19942281
 0.20698261 0.1349088  0.1181687  0.19208972 0.20788278 0.15655713
 0.152338   0.22717705 0.15965484 0.12926416 0.17899206 0.22541759
 0.17634277 0.15529398 0.1726033  0.18975401 0.23694329 0.17744871
 0.19842645 0.1817356  0.15747904 0.20370732 0.18676662 0.20740192
 0.15971383 0.20216   ]
alpha_repeat-1
METEOR
[0.10574379 0.16259065 0.09040624 0.14361902 0.14270125 0.17101839
 0.1512342  0.12065581 0.15006421 0.14130339 0.16239614 0.16483492
 0.1301634  0.10119437 0.18905881 0.11872419 0.14513279 0.13558275
 0.15149957 0.14369036 0.17909175 0.14885251 0.11694537 0.15004229
 0.11018364 0.07972291 0.14934547 0.16544338 0.13701416 0.15191704
 0.14533723 0.13959631 0.17316183 0.12495687 0.0943359  0.17027617
 0.08968058 0.13152704 0.12255583 0.12735372 0.17587793 0.13640413
 0.13787926 0.12464575 0.1573781  0.12399274 0.16065758 0.15191301
 0.13270096 0.163237   0.15746501 0.13594821 0.16223174 0.1606611
 0.15094349 0.13348185 0.13877859 0.15880778 0.15048637 0.16542523
 0.14451401 0.16345734 0.16993397 0.15661131 0.11217857 0.11604022
 0.16369225 0.15449551 0.11650213 0.16336372 0.12498869 0.1774057
 0.13256223 0.14486773 0.17546976 0.15897163 0.16529704 0.14838
 0.11356076 0.10603489 0.112811   0.15301869 0.1264563  0.16600195
 0.13887636 0.16298093 0.10980527 0.16105089 0.14941852 0.1800795
 0.1428353  0.15733153 0.17349549 0.12463877 0.15570452 0.16443503
 0.16291203 0.13986327 0.13940201 0.16429922 0.15050056 0.14508741
 0.15079632 0.1457176  0.10501676 0.13949583 0.15877093 0.15169599
 0.13490314 0.12448061 0.09869838 0.15374487 0.15840632 0.11093345
 0.14558224 0.14176321 0.15810609 0.10284289 0.15851009 0.13234714
 0.14987148 0.17004606 0.16015388 0.11127421 0.17249251 0.13765878
 0.16409748 0.1694156  0.14544335 0.14859415 0.12417774 0.13972878
 0.17868168 0.16098658 0.14404894 0.12616827 0.17501325 0.13761026
 0.15120554 0.14053282 0.16521342 0.12212609 0.12911714 0.18077775
 0.15582336 0.16115196 0.14618717 0.17480807 0.19536586 0.16884262
 0.1247446  0.16602647 0.10685393 0.16806206 0.16046905 0.14075484
 0.16079408 0.1347659  0.1689898  0.17320773 0.14693342 0.16078532
 0.14561563 0.1680859  0.12312025 0.16923692 0.10107597 0.12319684
 0.16467238 0.14942719 0.15276834 0.14025772 0.1167925  0.16299912
 0.15964128 0.11556473 0.11140639 0.14383989 0.15944197 0.13913391
 0.12161649 0.17317488 0.12136123 0.09947593 0.1471325  0.16479028
 0.1342639  0.11910548 0.1398472  0.14560203 0.17660234 0.13028554
 0.15747393 0.14307945 0.11955872 0.179269   0.17222124 0.1479752
 0.1286534  0.16002413]
alpha_repeat-1
BERT
[0.79047114 0.79669124 0.7905938  0.7965123  0.7963001  0.7956166
 0.79793215 0.79758584 0.79225934 0.7897226  0.79839426 0.79377747
 0.79167676 0.78685856 0.80093074 0.7950856  0.7935836  0.794304
 0.79570156 0.79334885 0.7942578  0.7974401  0.78899485 0.79900604
 0.7872026  0.793562   0.79492205 0.7961308  0.7931686  0.7960031
 0.79509205 0.79348487 0.79952407 0.79428893 0.79060596 0.7968787
 0.79265416 0.7931928  0.7936957  0.79053974 0.79579115 0.7924884
 0.7924808  0.7883938  0.7935972  0.78983754 0.7904587  0.79153955
 0.79143226 0.79925907 0.7954777  0.79504544 0.79681975 0.789205
 0.79501694 0.79548866 0.79299855 0.7967035  0.7938693  0.79925126
 0.797836   0.7924284  0.79451954 0.7943505  0.7932948  0.7920408
 0.7923731  0.79323745 0.79299146 0.79505336 0.79289913 0.7982677
 0.7928079  0.7965108  0.7912863  0.8002228  0.80195886 0.797549
 0.79298466 0.79036945 0.7932878  0.7942987  0.79043335 0.7959971
 0.79404056 0.7980793  0.792333   0.7971991  0.7925229  0.79468554
 0.791916   0.7941287  0.79789865 0.79362285 0.79656994 0.7949964
 0.7976319  0.79287374 0.7920711  0.7993239  0.7976162  0.7981723
 0.79500365 0.79637426 0.79327804 0.7895612  0.7929762  0.7974914
 0.79114616 0.79457706 0.78698444 0.79761624 0.79194325 0.79499555
 0.7995974  0.7957437  0.799775   0.7926191  0.79265267 0.7965104
 0.7885985  0.7939306  0.7918477  0.7951136  0.7980983  0.793063
 0.79521656 0.79816717 0.79609585 0.7952659  0.79079455 0.79317445
 0.79745287 0.7970811  0.79302335 0.79502475 0.79489446 0.7916534
 0.79220515 0.7970183  0.7989867  0.7906907  0.79311955 0.792959
 0.7934542  0.7944633  0.7949781  0.79504174 0.799813   0.7930653
 0.79325885 0.78926504 0.792161   0.7971213  0.79645807 0.7922795
 0.79467493 0.7917009  0.79275    0.79966736 0.7946359  0.7953446
 0.7923426  0.7963016  0.7931212  0.79682446 0.7901707  0.7960966
 0.79625034 0.7998485  0.79146945 0.79320264 0.7900845  0.7962527
 0.79553103 0.789338   0.7896818  0.7940734  0.80016226 0.7904172
 0.79380935 0.7991703  0.7917409  0.79338294 0.7941866  0.7945976
 0.7936649  0.7908207  0.793286   0.7935401  0.7948207  0.79516083
 0.79368645 0.7957412  0.7901537  0.79554003 0.7949056  0.8002855
 0.79564947 0.7935806 ]
[nltk_data] Downloading package wordnet to /mnt/iusers01/fse-
[nltk_data]     ugpgt01/compsci01/q12628ct/nltk_data...
[nltk_data]   Package wordnet is already up-to-date!
[nltk_data] Downloading package punkt_tab to /mnt/iusers01/fse-
[nltk_data]     ugpgt01/compsci01/q12628ct/nltk_data...
[nltk_data]   Package punkt_tab is already up-to-date!
[nltk_data] Downloading package omw-1.4 to /mnt/iusers01/fse-
[nltk_data]     ugpgt01/compsci01/q12628ct/nltk_data...
[nltk_data]   Package omw-1.4 is already up-to-date!
/mnt/iusers01/fse-ugpgt01/compsci01/q12628ct/.conda/envs/semantic-decoding/lib/python3.10/site-packages/huggingface_hub/file_download.py:945: FutureWarning: `resume_download` is deprecated and will be removed in version 1.0.0. Downloads always resume when possible. If you want to force a new download, use `force_download=True`.
  warnings.warn(
Some weights of the model checkpoint at roberta-large were not used when initializing RobertaModel: ['lm_head.layer_norm.weight', 'lm_head.layer_norm.bias', 'lm_head.dense.bias', 'lm_head.bias', 'lm_head.dense.weight']
- This IS expected if you are initializing RobertaModel from the checkpoint of a model trained on another task or with another architecture (e.g. initializing a BertForSequenceClassification model from a BertForPreTraining model).
- This IS NOT expected if you are initializing RobertaModel from the checkpoint of a model that you expect to be exactly identical (initializing a BertForSequenceClassification model from a BertForSequenceClassification model).
Some weights of RobertaModel were not initialized from the model checkpoint at roberta-large and are newly initialized: ['roberta.pooler.dense.weight', 'roberta.pooler.dense.bias']
You should probably TRAIN this model on a down-stream task to be able to use it for predictions and inference.
alpha_repeat-2
WER
[-0.1887315  -0.20612886 -0.1702543  -0.19091536 -0.16937384 -0.18851967
 -0.19849092 -0.185888   -0.19346047 -0.1922836  -0.15609143 -0.20114523
 -0.17956376 -0.19377594 -0.18267749 -0.20744714 -0.18085754 -0.170249
 -0.18456916 -0.16014267 -0.16542167 -0.19777193 -0.17232961 -0.16985614
 -0.14233441 -0.15682718 -0.19901954 -0.18871028 -0.18729892 -0.17795658
 -0.15532418 -0.15972398 -0.15199119 -0.18537315 -0.15869174 -0.15647777
 -0.1628553  -0.17292132 -0.19131364 -0.17372847 -0.18656075 -0.20328017
 -0.14340059 -0.19849942 -0.19650373 -0.15055143 -0.15538932 -0.16831284
 -0.17183277 -0.17462075 -0.18729249 -0.2113214  -0.16212418 -0.17988022
 -0.17422053 -0.15911566 -0.14961591 -0.17866082 -0.1998565  -0.18118802
 -0.18036414 -0.17499271 -0.19175131 -0.15571164 -0.14519594 -0.14243502
 -0.19566762 -0.20581582 -0.15779054 -0.15606291 -0.16793586 -0.19682988
 -0.16187056 -0.18284409 -0.17218652 -0.17093398 -0.18001282 -0.1936517
 -0.17418074 -0.18510655 -0.20018156 -0.15676268 -0.17789923 -0.14227003
 -0.16675582 -0.20990148 -0.21046176 -0.19365656 -0.18328076 -0.17097882
 -0.17254655 -0.15383311 -0.18551627 -0.19086532 -0.16440802 -0.16959346
 -0.15006761 -0.18855928 -0.17528835 -0.13738582 -0.20842371 -0.17806905
 -0.17149629 -0.17661127 -0.18209785 -0.18988192 -0.1852013  -0.19032764
 -0.1808924  -0.14400251 -0.17115577 -0.16536845 -0.18416731 -0.17655183
 -0.13752281 -0.15512307 -0.16547781 -0.17528912 -0.18087677 -0.17854021
 -0.17822219 -0.20740785 -0.19084643 -0.18109777 -0.20352728 -0.15177755
 -0.18955044 -0.20507306 -0.16474127 -0.19115909 -0.18615718 -0.17642939
 -0.18549912 -0.19564692 -0.1467261  -0.1474674  -0.17979138 -0.15957749
 -0.16117965 -0.16598643 -0.17074079 -0.21680263 -0.18598006 -0.19693759
 -0.17936517 -0.20003114 -0.168052   -0.17093816 -0.18241277 -0.18234227
 -0.18155516 -0.1779762  -0.18438625 -0.14211802 -0.18316619 -0.2003764
 -0.20419947 -0.16891484 -0.16662182 -0.17825869 -0.18960399 -0.20489162
 -0.1783043  -0.18233461 -0.1797798  -0.15964885 -0.17175493 -0.20060941
 -0.17090843 -0.2044935  -0.20666485 -0.15284952 -0.1650803  -0.1789793
 -0.1902896  -0.16606184 -0.16820093 -0.20620052 -0.15535972 -0.16548267
 -0.18506495 -0.16118584 -0.19478358 -0.18908799 -0.1869473  -0.19590716
 -0.17521136 -0.16581795 -0.19951043 -0.18153418 -0.17995261 -0.17322901
 -0.16506367 -0.1921552  -0.20676274 -0.16767291 -0.1892005  -0.1895416
 -0.16942045 -0.18784009]
alpha_repeat-2
BLEU
[0.19031369 0.16255598 0.23821382 0.17720145 0.23019552 0.15123888
 0.15361061 0.20167186 0.17801601 0.18392333 0.23556715 0.18841154
 0.15389981 0.14747349 0.14058903 0.09860948 0.17642601 0.2126855
 0.19251239 0.18397622 0.18965126 0.15486999 0.17833632 0.18680156
 0.22874992 0.16127589 0.17353864 0.19149797 0.16663969 0.18429065
 0.2261342  0.18998721 0.22693008 0.2017884  0.22483054 0.18889433
 0.21048205 0.16713941 0.17498318 0.19371098 0.17238257 0.12488866
 0.24435025 0.17251681 0.1673753  0.2352468  0.23049376 0.2175594
 0.20344326 0.17979014 0.15620876 0.09769099 0.22491641 0.1976048
 0.19932595 0.16663195 0.20907361 0.18602412 0.12843321 0.19317644
 0.2219513  0.1832901  0.20020007 0.17497609 0.1970666  0.20065329
 0.16106515 0.12478125 0.18368085 0.22276534 0.22339488 0.16539292
 0.21225515 0.18045771 0.18628804 0.19797163 0.20484248 0.15917266
 0.20271973 0.21155962 0.12293571 0.19684587 0.1674645  0.20417623
 0.1795292  0.16020661 0.16117083 0.16480736 0.15088251 0.17294127
 0.22627202 0.20173522 0.20807224 0.22043794 0.20448129 0.18008409
 0.22621422 0.1874803  0.21886994 0.2103945  0.12118786 0.2076001
 0.19612041 0.21348341 0.16904408 0.15075815 0.17170167 0.20986164
 0.20246948 0.22005325 0.20361443 0.19135617 0.1836458  0.20353919
 0.22410008 0.25010299 0.20068506 0.18878374 0.16812863 0.19490138
 0.15635343 0.1679704  0.12275254 0.15539259 0.12687148 0.20084262
 0.16217511 0.13429432 0.23650742 0.16449998 0.15643633 0.2078564
 0.13868529 0.21476955 0.17774244 0.21499565 0.19113156 0.22655896
 0.19851751 0.18721301 0.18672962 0.1052914  0.16933042 0.12582583
 0.17659954 0.12694519 0.18479806 0.14544008 0.17536948 0.17132714
 0.12936008 0.1794086  0.19787581 0.24574058 0.18652342 0.18775118
 0.16185138 0.18871551 0.19783853 0.19037188 0.14680329 0.11895225
 0.18803596 0.18759692 0.19040583 0.19945494 0.16765851 0.12849414
 0.14698248 0.13061623 0.15948901 0.20884316 0.22114195 0.19553349
 0.16567666 0.18691879 0.20242613 0.11215154 0.19848855 0.17410418
 0.19063247 0.17404402 0.10760838 0.19636668 0.15510424 0.17319637
 0.19830022 0.20486807 0.11950104 0.18322219 0.18613854 0.20607165
 0.19347238 0.19602141 0.17664204 0.20538755 0.17463752 0.16229504
 0.20976766 0.15185733]
alpha_repeat-2
METEOR
[0.14280859 0.1201549  0.18902609 0.15353392 0.16099632 0.12484217
 0.12008834 0.15299928 0.1352378  0.12715354 0.15822433 0.13463174
 0.10923375 0.1171045  0.10909027 0.08252462 0.15574069 0.1447885
 0.15880115 0.13262465 0.14940336 0.11521626 0.13813731 0.13827268
 0.15127467 0.13056098 0.1343736  0.15433515 0.12423084 0.14574247
 0.17344216 0.14978871 0.14765228 0.1336576  0.15246305 0.13984335
 0.14721181 0.12296136 0.1147125  0.12868696 0.16419535 0.12381538
 0.17070159 0.1432951  0.13168711 0.17929499 0.17895104 0.17009146
 0.13408393 0.12499191 0.13872829 0.0872613  0.16028662 0.14401013
 0.15885676 0.14250167 0.15155766 0.1437601  0.11264162 0.13235753
 0.1614467  0.14365096 0.1481589  0.12248957 0.14005438 0.14933879
 0.11186122 0.10859397 0.13410132 0.17632434 0.17215506 0.13055926
 0.16670657 0.13532506 0.14438008 0.14114429 0.15075884 0.11695835
 0.13437068 0.14359046 0.10428324 0.1512072  0.11391775 0.14381793
 0.13576617 0.11401799 0.1096708  0.13972104 0.11663074 0.13673702
 0.18094977 0.16368232 0.16359266 0.15920646 0.17266454 0.13724779
 0.16261246 0.15628665 0.16037148 0.15735942 0.09691828 0.15283352
 0.14127639 0.15801163 0.12251185 0.14420293 0.12371984 0.15814677
 0.14309498 0.14682534 0.14592977 0.14831779 0.12903756 0.14685922
 0.17456897 0.18601002 0.15966462 0.13944864 0.10997468 0.14536672
 0.11932736 0.1263339  0.1022688  0.11710805 0.09674492 0.14189741
 0.13324851 0.09427427 0.17518039 0.12727356 0.1243143  0.14631284
 0.11395928 0.15610612 0.14650537 0.15511213 0.15936149 0.16835529
 0.14226368 0.14018659 0.12450841 0.08081959 0.13663205 0.09670121
 0.11992381 0.09463452 0.13253564 0.11339405 0.13419004 0.12799516
 0.09778233 0.15716685 0.14950975 0.17443302 0.13470865 0.1538822
 0.13472446 0.17062368 0.14647805 0.1502727  0.11333372 0.09533058
 0.13136669 0.15148571 0.13829526 0.14659531 0.14105461 0.12019587
 0.11088058 0.09906924 0.11564511 0.15183313 0.15300278 0.15854575
 0.11995486 0.1315906  0.14601932 0.08007105 0.14037293 0.11684268
 0.14478219 0.11588158 0.08617114 0.12883015 0.10989163 0.12031605
 0.15397134 0.14483215 0.09883893 0.13851012 0.15222078 0.15427298
 0.15191541 0.15494973 0.13851997 0.14400048 0.11534926 0.11143266
 0.15212582 0.11471966]
alpha_repeat-2
BERT
[0.7905066  0.7930721  0.7996468  0.79465216 0.79595166 0.78811616
 0.7953588  0.79329747 0.7944966  0.79037166 0.79980123 0.7952223
 0.79341406 0.79667675 0.790526   0.7910403  0.7944709  0.7953828
 0.80408424 0.7982549  0.7926749  0.795685   0.7934478  0.79794705
 0.7938334  0.79591125 0.7900304  0.7964343  0.79247737 0.7935376
 0.7975751  0.8006603  0.7929117  0.79456896 0.7952721  0.79567456
 0.79717666 0.7956611  0.79112643 0.79285794 0.79458255 0.7903855
 0.7998899  0.79551446 0.7906892  0.7991839  0.7964673  0.79308903
 0.79312134 0.78985745 0.79116637 0.7906408  0.7949647  0.79854983
 0.79831195 0.7933915  0.79754275 0.79682624 0.79331225 0.7910896
 0.7963008  0.79577327 0.79625005 0.7945042  0.79398644 0.79535407
 0.79807216 0.79367745 0.7973913  0.7958562  0.79735005 0.7923302
 0.7935013  0.79709977 0.7938299  0.79103565 0.7957248  0.7918112
 0.7961288  0.7957216  0.790182   0.7921766  0.7898288  0.79494256
 0.7908509  0.78975564 0.79323566 0.7979678  0.7902663  0.79618704
 0.7963268  0.79868215 0.7945179  0.7985412  0.8004249  0.79807717
 0.79774874 0.7943863  0.7926019  0.7954189  0.7928611  0.79900986
 0.7906255  0.79355127 0.79292065 0.7887467  0.7915654  0.7942453
 0.7914986  0.7988102  0.78990966 0.79622966 0.7917497  0.7968272
 0.79248476 0.79720277 0.79256344 0.7930405  0.79154205 0.79674494
 0.7968591  0.7907487  0.7890776  0.79166764 0.7868362  0.7974137
 0.794011   0.79029    0.7952637  0.78953433 0.79571265 0.7971727
 0.79565763 0.7946864  0.7923906  0.7934484  0.79541266 0.7950644
 0.7994053  0.7942442  0.79499966 0.79088223 0.7944839  0.7907432
 0.78806275 0.7905277  0.7995237  0.7904448  0.7952585  0.7967398
 0.7927046  0.7970928  0.79151887 0.79311603 0.79224557 0.79336697
 0.7921703  0.7947929  0.7988694  0.795614   0.79275393 0.79058236
 0.79114896 0.79363483 0.79153454 0.79493344 0.7906247  0.79233867
 0.78969294 0.79464656 0.7928637  0.7926204  0.7964909  0.7930096
 0.7937873  0.78906137 0.7987968  0.78831387 0.79682225 0.792134
 0.7940753  0.79310125 0.7886644  0.79614276 0.7911065  0.78901577
 0.7956634  0.7915008  0.7947317  0.79055434 0.7996065  0.7953488
 0.7969589  0.7940467  0.79471934 0.79361326 0.7867309  0.79530364
 0.7921231  0.79487526]
[nltk_data] Downloading package wordnet to /mnt/iusers01/fse-
[nltk_data]     ugpgt01/compsci01/q12628ct/nltk_data...
[nltk_data]   Package wordnet is already up-to-date!
[nltk_data] Downloading package punkt_tab to /mnt/iusers01/fse-
[nltk_data]     ugpgt01/compsci01/q12628ct/nltk_data...
[nltk_data]   Package punkt_tab is already up-to-date!
[nltk_data] Downloading package omw-1.4 to /mnt/iusers01/fse-
[nltk_data]     ugpgt01/compsci01/q12628ct/nltk_data...
[nltk_data]   Package omw-1.4 is already up-to-date!
/mnt/iusers01/fse-ugpgt01/compsci01/q12628ct/.conda/envs/semantic-decoding/lib/python3.10/site-packages/huggingface_hub/file_download.py:945: FutureWarning: `resume_download` is deprecated and will be removed in version 1.0.0. Downloads always resume when possible. If you want to force a new download, use `force_download=True`.
  warnings.warn(
Some weights of the model checkpoint at roberta-large were not used when initializing RobertaModel: ['lm_head.bias', 'lm_head.dense.bias', 'lm_head.dense.weight', 'lm_head.layer_norm.weight', 'lm_head.layer_norm.bias']
- This IS expected if you are initializing RobertaModel from the checkpoint of a model trained on another task or with another architecture (e.g. initializing a BertForSequenceClassification model from a BertForPreTraining model).
- This IS NOT expected if you are initializing RobertaModel from the checkpoint of a model that you expect to be exactly identical (initializing a BertForSequenceClassification model from a BertForSequenceClassification model).
Some weights of RobertaModel were not initialized from the model checkpoint at roberta-large and are newly initialized: ['roberta.pooler.dense.weight', 'roberta.pooler.dense.bias']
You should probably TRAIN this model on a down-stream task to be able to use it for predictions and inference.
bravo_repeat-1
WER
[-0.10916164 -0.06941673 -0.07054117 -0.09374107 -0.0759865  -0.09892392
 -0.07955314 -0.10413499 -0.08476432 -0.06830762 -0.07913394 -0.09357739
 -0.07819024 -0.08868008 -0.10312819 -0.07669087 -0.08115191 -0.10043348
 -0.08921109 -0.08511763 -0.08561096 -0.10069311 -0.08872921 -0.0794661
 -0.07851186 -0.08477247 -0.09363055 -0.08135703 -0.09628079 -0.09371067
 -0.08401764 -0.10166369 -0.09471649 -0.08366024 -0.10056582 -0.08622774
 -0.10471269 -0.07672367 -0.08571331 -0.09179617 -0.10675791 -0.09560458
 -0.08830154 -0.09383002 -0.11572015 -0.10346278 -0.08040626 -0.08349075
 -0.10334671 -0.08327427 -0.07565585 -0.10281731 -0.09692627 -0.09997742
 -0.09233473 -0.09936336 -0.09536341 -0.08545416 -0.07760807 -0.0873484
 -0.10766173 -0.08375284 -0.10080042 -0.07669525 -0.09323536 -0.07557873
 -0.10044828 -0.08246788 -0.09734483 -0.08279153 -0.09738827 -0.0828287
 -0.09273909 -0.07649065 -0.09453831 -0.11009401 -0.08377367 -0.0992422
 -0.08674891 -0.08712445 -0.08447774 -0.08990131 -0.06965161 -0.09536838
 -0.07564493 -0.07455771 -0.08369865 -0.084196   -0.08398982 -0.0866016
 -0.09495298 -0.10390318 -0.08769678 -0.07284435 -0.09139541 -0.11092272
 -0.09706693 -0.06777531 -0.07188893 -0.09036104 -0.08155849 -0.10416446
 -0.09966658 -0.0826767  -0.09718114 -0.09831114 -0.07861263 -0.10139437
 -0.08956239 -0.08183086 -0.09140786 -0.08376999 -0.08637485 -0.10956827
 -0.10905741 -0.09990274 -0.09513406 -0.08862391 -0.06795475 -0.10623127
 -0.11394261 -0.08420324 -0.07613217 -0.08729631 -0.07181392 -0.06587138
 -0.07895176 -0.09545839 -0.07575083 -0.09094713 -0.09096576 -0.0816382
 -0.08786156 -0.10358742 -0.08022814 -0.065491   -0.09031484 -0.0906586
 -0.10244079 -0.10571273 -0.08586062 -0.09526363 -0.08729167 -0.09215618
 -0.07619565 -0.08885792 -0.08261518 -0.07585788 -0.07972623 -0.09761863
 -0.07595515 -0.08641256 -0.07585233 -0.07738395 -0.10797765 -0.11072042
 -0.10027142 -0.11383064 -0.06994211 -0.10293984 -0.10553417 -0.08494953
 -0.06745995 -0.07014547 -0.1013491  -0.07588445 -0.0965118  -0.09740579
 -0.06418281 -0.10708546 -0.09504996 -0.08945981 -0.09116418 -0.08141503
 -0.10232631 -0.09403633 -0.11561542 -0.08257592 -0.08953887 -0.07725054
 -0.09095227 -0.08435787 -0.09586264 -0.07945218 -0.07798036 -0.07325283
 -0.08128461 -0.1002356  -0.10885179 -0.10154105 -0.09955616 -0.09550365
 -0.09763087 -0.08270448 -0.09187826 -0.11778104 -0.09493759 -0.08651419
 -0.08888566 -0.09063053]
bravo_repeat-1
BLEU
[0.18640266 0.23579373 0.22612348 0.19612765 0.21821395 0.17368211
 0.2082688  0.17105193 0.21300213 0.2249444  0.27907008 0.21864385
 0.22727162 0.19818157 0.23265539 0.21902575 0.1869548  0.22637169
 0.20790134 0.20396172 0.21896332 0.2111511  0.21953273 0.22747795
 0.23406009 0.22216428 0.21942988 0.21800319 0.18007109 0.21839213
 0.23755641 0.19830228 0.22827575 0.22422873 0.18977407 0.24979991
 0.23802576 0.21662242 0.17100536 0.21873295 0.19627223 0.16241911
 0.22312535 0.17831064 0.15964203 0.17218111 0.24398981 0.20888664
 0.20151869 0.22040779 0.23529042 0.18374574 0.17604306 0.21101487
 0.21070293 0.22004579 0.25225081 0.2269087  0.25922332 0.21394035
 0.16092367 0.19116811 0.24414903 0.24732808 0.25369351 0.20668849
 0.17110571 0.22866678 0.16150274 0.22818666 0.21490957 0.24686685
 0.21852554 0.2395349  0.2301427  0.19060168 0.22984753 0.24917898
 0.21828379 0.20676677 0.22880708 0.14394015 0.24975349 0.22213508
 0.20834656 0.2492314  0.23165952 0.23649987 0.2236687  0.24887117
 0.22947107 0.20137818 0.18255545 0.26000808 0.25645256 0.1073815
 0.20291703 0.23834484 0.23168367 0.16527337 0.2165594  0.17489725
 0.18404306 0.22247188 0.16689789 0.17735577 0.19622237 0.15796078
 0.24901112 0.2634766  0.21997571 0.20927401 0.19771196 0.21310442
 0.16000049 0.14445642 0.23268195 0.19697354 0.23909533 0.18735267
 0.18604062 0.21580132 0.21538978 0.22513768 0.23825841 0.25480685
 0.21174871 0.23071929 0.22471268 0.18563079 0.23173657 0.22538042
 0.22611351 0.15266988 0.22024142 0.20558022 0.19310783 0.19936942
 0.2330926  0.15213155 0.19312457 0.23022996 0.23917464 0.18313352
 0.2219879  0.24557277 0.19187394 0.22745641 0.21462994 0.20099819
 0.20632171 0.20066999 0.24820176 0.22009745 0.15592955 0.13338997
 0.20957214 0.14572432 0.26014544 0.17962042 0.22032892 0.16430867
 0.2027445  0.22092518 0.20028478 0.22403367 0.19390711 0.22404414
 0.26059788 0.22925043 0.16497631 0.25581884 0.23909736 0.18138208
 0.17458072 0.21811586 0.2067017  0.24553064 0.22698968 0.26289935
 0.19535106 0.25574188 0.22432721 0.25330569 0.18914459 0.19526573
 0.20957036 0.22307996 0.20315341 0.17247257 0.15019648 0.16859067
 0.24182153 0.20786461 0.19839953 0.14815602 0.20100627 0.19677597
 0.23688918 0.19284406]
bravo_repeat-1
METEOR
[0.14742188 0.17047538 0.16571418 0.13098641 0.16092569 0.13456861
 0.15064721 0.11688674 0.14750286 0.14825546 0.19064463 0.17986203
 0.163544   0.14222636 0.14302881 0.15891276 0.14188755 0.16198571
 0.15060878 0.13162675 0.14250427 0.15377324 0.14648626 0.1493418
 0.1823011  0.17686152 0.15413523 0.16050644 0.12340089 0.15501156
 0.17596372 0.13132186 0.16599092 0.15617072 0.1505219  0.17085689
 0.17988589 0.18029633 0.12314291 0.14963897 0.13273189 0.11919175
 0.18175788 0.12330003 0.11023256 0.11251278 0.16847553 0.15661518
 0.14942529 0.16744449 0.16494105 0.12575325 0.14495527 0.15021003
 0.14635584 0.15491316 0.17928955 0.15711404 0.17395112 0.15709546
 0.12915014 0.14991798 0.17056522 0.17344862 0.18296621 0.14651501
 0.13310524 0.17574879 0.11005736 0.17235245 0.16409466 0.16085393
 0.14385658 0.15779379 0.1482306  0.14076816 0.15906813 0.17531328
 0.14791338 0.13485753 0.16285634 0.12357125 0.17897784 0.16085904
 0.13854053 0.18947    0.1515001  0.14913796 0.14824352 0.16382852
 0.16847825 0.13927527 0.12309098 0.19749235 0.16633096 0.09599315
 0.13685512 0.16851195 0.16318874 0.13198703 0.14755746 0.11441191
 0.11846641 0.15650623 0.11432554 0.12481305 0.14275434 0.12156763
 0.16505538 0.17701823 0.1497547  0.15349017 0.12864098 0.13702149
 0.10779558 0.12172801 0.16452125 0.13559918 0.15953509 0.1382563
 0.12713912 0.15815329 0.15534239 0.16828571 0.17290953 0.17623761
 0.14354968 0.15480863 0.15964313 0.13657849 0.16921934 0.15797455
 0.16851829 0.12040114 0.15229821 0.15041887 0.13176122 0.13091954
 0.14782183 0.11947927 0.14319242 0.16296593 0.17082961 0.13644041
 0.17587498 0.16973382 0.14999773 0.15202983 0.15499419 0.15093148
 0.15092244 0.14404665 0.17149779 0.13937774 0.11203684 0.0998554
 0.1691593  0.10983541 0.18263693 0.15812483 0.14518178 0.12958308
 0.13598525 0.1615669  0.14791826 0.16787737 0.15695706 0.15617733
 0.19036817 0.18046954 0.10545683 0.16977739 0.17396607 0.13809669
 0.14300635 0.16456635 0.14122844 0.16123575 0.15808773 0.18539481
 0.1498936  0.16139238 0.15682925 0.16259383 0.13689719 0.15187907
 0.15110412 0.16573019 0.13910924 0.12659132 0.10294135 0.13253129
 0.16340399 0.1545924  0.1343184  0.11671392 0.13912102 0.13934398
 0.16013253 0.1476087 ]
bravo_repeat-1
BERT
[0.80675656 0.81120795 0.8070728  0.8037058  0.8096935  0.80371505
 0.80217797 0.8025612  0.8047192  0.807107   0.80777705 0.80573136
 0.80179363 0.8012629  0.80700654 0.8103872  0.80486697 0.80703026
 0.80417514 0.8091241  0.8038136  0.80856526 0.80520767 0.8072536
 0.8072264  0.8099861  0.8074269  0.8080531  0.80025345 0.8096287
 0.80337894 0.81035435 0.80644876 0.80796415 0.80421495 0.7968671
 0.80707353 0.81290865 0.8041926  0.8063079  0.8041207  0.80490094
 0.8056462  0.8047046  0.8017051  0.8032867  0.81130004 0.80951476
 0.80910885 0.8065408  0.80082947 0.7990975  0.80099654 0.7999125
 0.80277497 0.8058017  0.81232333 0.8083541  0.8074704  0.80655354
 0.80390066 0.8074929  0.80748916 0.8095458  0.8119291  0.80332696
 0.8113294  0.8128836  0.8050514  0.8091381  0.8042095  0.8102308
 0.8043397  0.8032721  0.8027385  0.8051252  0.8068898  0.80786794
 0.80526465 0.80034685 0.8064094  0.8009985  0.8058886  0.8062756
 0.8055741  0.81239283 0.8103591  0.8073274  0.8049462  0.8059829
 0.80785704 0.80524063 0.80593044 0.8110573  0.80202794 0.8041563
 0.8034097  0.80805576 0.8064079  0.80804175 0.8098849  0.80130684
 0.8020912  0.8077781  0.80359435 0.803453   0.8022981  0.8031177
 0.8093958  0.8093061  0.8020214  0.8039931  0.8045455  0.8065803
 0.8024068  0.80100447 0.80816686 0.80784357 0.8032906  0.8016687
 0.8028327  0.80314153 0.8010093  0.80533    0.81173146 0.80206645
 0.8063592  0.8069752  0.8020036  0.8041473  0.8087644  0.80559486
 0.80683935 0.80238694 0.8067702  0.8037813  0.80091995 0.809439
 0.80616325 0.80139375 0.80035067 0.80854964 0.810287   0.8081416
 0.8043326  0.8055725  0.8131448  0.8044412  0.80413306 0.80554646
 0.8043432  0.8073271  0.80368096 0.8009274  0.8001848  0.7996191
 0.8102847  0.80224806 0.8054139  0.8120078  0.80660236 0.8014535
 0.8041885  0.8099447  0.80640066 0.80523753 0.80313706 0.80882657
 0.8053883  0.80888516 0.80073833 0.8030563  0.8038494  0.8030107
 0.8056142  0.8054592  0.8009274  0.8045808  0.8050604  0.80942667
 0.80125993 0.80663097 0.8069675  0.80239606 0.801337   0.7998813
 0.806965   0.8064214  0.8066081  0.8053071  0.7986025  0.80129296
 0.810132   0.80624586 0.80408674 0.8008534  0.80279577 0.80370265
 0.806528   0.8035258 ]
[nltk_data] Downloading package wordnet to /mnt/iusers01/fse-
[nltk_data]     ugpgt01/compsci01/q12628ct/nltk_data...
[nltk_data]   Package wordnet is already up-to-date!
[nltk_data] Downloading package punkt_tab to /mnt/iusers01/fse-
[nltk_data]     ugpgt01/compsci01/q12628ct/nltk_data...
[nltk_data]   Package punkt_tab is already up-to-date!
[nltk_data] Downloading package omw-1.4 to /mnt/iusers01/fse-
[nltk_data]     ugpgt01/compsci01/q12628ct/nltk_data...
[nltk_data]   Package omw-1.4 is already up-to-date!
/mnt/iusers01/fse-ugpgt01/compsci01/q12628ct/.conda/envs/semantic-decoding/lib/python3.10/site-packages/huggingface_hub/file_download.py:945: FutureWarning: `resume_download` is deprecated and will be removed in version 1.0.0. Downloads always resume when possible. If you want to force a new download, use `force_download=True`.
  warnings.warn(
Some weights of the model checkpoint at roberta-large were not used when initializing RobertaModel: ['lm_head.bias', 'lm_head.dense.weight', 'lm_head.layer_norm.bias', 'lm_head.layer_norm.weight', 'lm_head.dense.bias']
- This IS expected if you are initializing RobertaModel from the checkpoint of a model trained on another task or with another architecture (e.g. initializing a BertForSequenceClassification model from a BertForPreTraining model).
- This IS NOT expected if you are initializing RobertaModel from the checkpoint of a model that you expect to be exactly identical (initializing a BertForSequenceClassification model from a BertForSequenceClassification model).
Some weights of RobertaModel were not initialized from the model checkpoint at roberta-large and are newly initialized: ['roberta.pooler.dense.bias', 'roberta.pooler.dense.weight']
You should probably TRAIN this model on a down-stream task to be able to use it for predictions and inference.
bravo_repeat-2
WER
[-0.02514804 -0.01891566 -0.02306482 -0.03243777 -0.04166681 -0.04326391
 -0.04001003 -0.04437393 -0.0468869  -0.03413436 -0.03926151 -0.03596903
 -0.03833142 -0.05048969 -0.02435421 -0.04122507 -0.04140515 -0.0466349
 -0.03803318 -0.03731647 -0.03966734 -0.02922412 -0.03503648 -0.03226949
 -0.04834456 -0.04585193 -0.047246   -0.0541847  -0.04962321 -0.0459292
 -0.03366042 -0.04746055 -0.04430319 -0.04200507 -0.04002679 -0.04011651
 -0.03931731 -0.03967884 -0.0369398  -0.02444858 -0.04292742 -0.0334959
 -0.02547875 -0.0416278  -0.0423588  -0.04130712 -0.03905298 -0.04528153
 -0.0447338  -0.02980055 -0.03656286 -0.05590016 -0.01866146 -0.03612152
 -0.01080162 -0.04269368 -0.0544162  -0.0348317  -0.04136015 -0.04268564
 -0.05238593 -0.03389784 -0.04488848 -0.04843925 -0.02042017 -0.05674374
 -0.035884   -0.0473555  -0.05546209 -0.04737264 -0.03369748 -0.06102479
 -0.01203884 -0.04286536 -0.04121766 -0.03548486 -0.0358655  -0.04919237
 -0.0404634  -0.04101078 -0.04009106 -0.0561948  -0.06245689 -0.03676573
 -0.04463726 -0.04403524 -0.03934805 -0.03580198 -0.03392798 -0.05518434
 -0.04063522 -0.03358891 -0.04329205 -0.02463328 -0.02947394 -0.04839525
 -0.00446425 -0.01995581 -0.04561259 -0.04323092 -0.02921265 -0.03441393
 -0.03351754 -0.02207901 -0.04080552 -0.04878472 -0.03056496 -0.0448861
 -0.04365436 -0.05267751 -0.05284773 -0.04064248 -0.05003199 -0.03512846
 -0.04633705 -0.03572128 -0.03664    -0.03593352 -0.02090407 -0.04713011
 -0.05683338 -0.03193371 -0.04381084 -0.01978686 -0.03610822 -0.0558915
 -0.03784641 -0.02873915 -0.04371501 -0.03248948 -0.04598687 -0.01554507
 -0.03429316 -0.04558649 -0.04658071 -0.05033563 -0.0393069  -0.03406776
 -0.02043911 -0.0425631  -0.05438739 -0.03912771 -0.03542519 -0.03830564
 -0.04498799 -0.03677123 -0.02775567 -0.04083222 -0.02437769 -0.02276187
 -0.03395498 -0.03681866 -0.04071663 -0.04987594 -0.0354868  -0.01905604
 -0.02628363 -0.03333381 -0.03537196 -0.03039768 -0.03918993 -0.04032384
 -0.03182184 -0.02011502 -0.03305698 -0.03475182 -0.02877504 -0.02035245
 -0.04796439 -0.01359297 -0.04526155 -0.05138901 -0.02895663 -0.02494141
 -0.03951823 -0.02108617 -0.04686526 -0.05349483 -0.03222223 -0.05496272
 -0.03316405 -0.02758966 -0.03272901 -0.04668098 -0.03899519 -0.05324777
 -0.04689476 -0.03988779 -0.04535789 -0.03120009 -0.03817019 -0.0517295
 -0.02953248 -0.02504205 -0.04021897 -0.03620283 -0.03563625 -0.03264705
 -0.03073466 -0.03812713]
bravo_repeat-2
BLEU
[0.22331159 0.21861178 0.26962668 0.24342927 0.19544375 0.22049956
 0.21129023 0.23103877 0.17801167 0.21675033 0.22410779 0.20824496
 0.22094447 0.20111126 0.22673604 0.19920986 0.17946575 0.23342714
 0.23795174 0.20258068 0.23042051 0.2273403  0.23565221 0.2047168
 0.19823068 0.15606716 0.22617634 0.2118494  0.18916283 0.22067931
 0.20277252 0.23372456 0.2281369  0.22360778 0.18262144 0.2249546
 0.19645428 0.24358381 0.21831791 0.23563056 0.15778949 0.24609055
 0.22299391 0.22724226 0.17381559 0.1687155  0.25939344 0.19567704
 0.24878699 0.23892292 0.25143342 0.2461439  0.24198769 0.2109659
 0.21390955 0.19522389 0.15814581 0.20225407 0.23828067 0.22237101
 0.15361954 0.22765074 0.24032669 0.16749636 0.21900244 0.17009697
 0.22951648 0.24165245 0.19483146 0.23838014 0.23352838 0.1646333
 0.22788988 0.18245942 0.22144033 0.25263046 0.1928535  0.20603963
 0.24493057 0.24257825 0.21971704 0.15502016 0.15958589 0.26122544
 0.21755218 0.19994632 0.23232221 0.21789205 0.22690916 0.26200397
 0.21677724 0.1966052  0.22634831 0.210646   0.20200568 0.21673891
 0.23761054 0.24419695 0.20497649 0.21479608 0.21636947 0.22887381
 0.16182769 0.23417728 0.17380459 0.18629681 0.1904289  0.19173528
 0.15117748 0.17569898 0.17440832 0.21516421 0.17974837 0.23190416
 0.20217912 0.18200803 0.19763754 0.20594323 0.24814129 0.21664541
 0.18336921 0.24938064 0.14408351 0.25192299 0.22112977 0.13698518
 0.20870642 0.19398694 0.18679405 0.22568839 0.19069658 0.20934113
 0.25148735 0.18539227 0.22883414 0.2089713  0.17661894 0.24712704
 0.18771667 0.20536036 0.23639682 0.21699065 0.23082306 0.28345725
 0.20481574 0.20751929 0.21089859 0.18478015 0.22970355 0.23787136
 0.19617541 0.23336174 0.23511753 0.21392382 0.24571464 0.19077183
 0.26381245 0.19477252 0.20228806 0.21633812 0.23729058 0.21504651
 0.23247538 0.2494225  0.24665114 0.2020963  0.22262079 0.24237887
 0.20008026 0.22549635 0.24293563 0.18386185 0.2694693  0.24929578
 0.22205268 0.23449369 0.21892959 0.16991169 0.188648   0.18626108
 0.18546836 0.2343239  0.18389847 0.19239809 0.24145745 0.23265189
 0.23421495 0.21616683 0.24317406 0.24154887 0.20837749 0.15972137
 0.19912708 0.21989303 0.25303697 0.27725496 0.24892656 0.22098118
 0.23608025 0.15343178]
bravo_repeat-2
METEOR
[0.16210908 0.15580166 0.17657617 0.14736219 0.11627193 0.14900429
 0.14498111 0.14060216 0.12451385 0.14830048 0.13973657 0.13010009
 0.16098889 0.12602006 0.16059754 0.1335676  0.12044918 0.14583397
 0.16866627 0.12975917 0.14427039 0.16239855 0.15753648 0.14229071
 0.14083919 0.12260005 0.1556872  0.14892968 0.12976895 0.16040706
 0.1276079  0.16489111 0.16382874 0.16176201 0.12291097 0.14509203
 0.13541487 0.15762245 0.14300547 0.17409041 0.1190451  0.16714282
 0.16106558 0.14705118 0.1268666  0.10417809 0.16321467 0.1407672
 0.16284012 0.17451414 0.1604437  0.17088534 0.15754157 0.1287315
 0.14203998 0.14543678 0.11978332 0.14816137 0.15838467 0.14015945
 0.11251069 0.16088371 0.15497535 0.12763462 0.14436282 0.10122072
 0.13989576 0.15453995 0.12428366 0.14824215 0.14766625 0.12017064
 0.15172693 0.11961944 0.15393175 0.16360156 0.12899831 0.15448296
 0.18172744 0.14342337 0.15059351 0.10093761 0.13198694 0.14781505
 0.14542251 0.13262929 0.16468814 0.15768683 0.15260911 0.17222341
 0.14503491 0.12813845 0.14362462 0.14921829 0.13260567 0.14627396
 0.14973555 0.16124741 0.1293685  0.14270916 0.15763832 0.15127525
 0.13289772 0.15717437 0.11080651 0.12435777 0.12089943 0.13186985
 0.10333841 0.12707865 0.1101219  0.14772387 0.12730514 0.1530493
 0.13760903 0.13431862 0.15599773 0.14210536 0.15873169 0.15795383
 0.1225959  0.18363982 0.10210526 0.17804528 0.15164254 0.10666033
 0.13023189 0.12861528 0.12524778 0.16265299 0.12821394 0.14152301
 0.16738219 0.11768395 0.15878818 0.145145   0.13010609 0.17546456
 0.12946662 0.14770443 0.16526552 0.14125805 0.16294957 0.18815458
 0.13707693 0.14903575 0.15566919 0.11992943 0.14920919 0.15765027
 0.12342179 0.15572014 0.15393748 0.15062998 0.1829673  0.13957177
 0.16480287 0.12811499 0.14495204 0.13894335 0.14925631 0.13817239
 0.1576785  0.17088096 0.15494586 0.13780851 0.16226638 0.15023237
 0.14053173 0.16505299 0.16242896 0.13130176 0.21112551 0.16905837
 0.14073601 0.15245787 0.14600383 0.12341944 0.12379936 0.12154393
 0.12735433 0.17408976 0.11177039 0.12736729 0.17116744 0.16613691
 0.14807926 0.13007317 0.1500458  0.17820352 0.13744821 0.10984673
 0.1421424  0.16928304 0.17996397 0.19750926 0.18295465 0.14047631
 0.15840441 0.13089648]
bravo_repeat-2
BERT
[0.80540884 0.8043482  0.80926037 0.8038783  0.8031623  0.8020524
 0.804448   0.8070795  0.8066071  0.8066934  0.80129474 0.804222
 0.8032596  0.80623925 0.80601996 0.80153203 0.80169624 0.80705124
 0.806865   0.80194175 0.80648786 0.80123407 0.80375624 0.80442363
 0.81471646 0.8035112  0.8034013  0.8058225  0.804885   0.8068295
 0.80190563 0.80362356 0.80593705 0.8123494  0.80292547 0.80131584
 0.8043175  0.80763406 0.80146736 0.8111629  0.8008741  0.8050383
 0.8032623  0.8075376  0.8080367  0.7990199  0.81067455 0.80360484
 0.8085235  0.80833966 0.8080544  0.8028838  0.8041457  0.8017882
 0.80522156 0.80755866 0.8051146  0.8019323  0.807591   0.8050642
 0.8013063  0.8050163  0.81166893 0.79842067 0.81040823 0.7994314
 0.8052685  0.8065517  0.80584174 0.8018287  0.80539274 0.8033164
 0.8066065  0.80653095 0.80646616 0.80737454 0.8055407  0.80686134
 0.80347896 0.8070732  0.8076336  0.8043226  0.80400884 0.8082498
 0.8048776  0.80549854 0.80284417 0.8096028  0.80740786 0.8096925
 0.80536896 0.8050607  0.80192155 0.79974246 0.80195373 0.803762
 0.8027737  0.80516005 0.8000052  0.8020616  0.80118495 0.80783856
 0.80433303 0.8098353  0.79981947 0.8006684  0.80226016 0.8032661
 0.8013046  0.8059026  0.8025896  0.80589825 0.8042289  0.804162
 0.8065197  0.8085309  0.8069229  0.80707455 0.8036163  0.801929
 0.80144334 0.80763924 0.8042462  0.805815   0.8077666  0.80362105
 0.80654556 0.8002353  0.803092   0.8058906  0.8074359  0.8055903
 0.80688024 0.8024738  0.80832005 0.79746366 0.8021816  0.80846053
 0.802881   0.8070317  0.8074444  0.8055468  0.80555826 0.81005096
 0.80273384 0.80696255 0.804238   0.79987186 0.8115869  0.80430037
 0.8025939  0.8053062  0.80334044 0.8083314  0.8079555  0.808031
 0.8057825  0.8033918  0.8061369  0.80096483 0.80880576 0.8030732
 0.80613446 0.8089231  0.8071141  0.8039715  0.8078247  0.80626065
 0.799648   0.8037119  0.8013046  0.80154663 0.80931056 0.8083818
 0.80137205 0.80365473 0.8033597  0.80355614 0.80064726 0.8026778
 0.806542   0.8081645  0.8016739  0.79842025 0.8096391  0.80982155
 0.8111347  0.80945355 0.80433524 0.80729496 0.80376965 0.8054533
 0.8020927  0.80494624 0.8101397  0.8079605  0.81261027 0.8035218
 0.8085983  0.80420375]
[nltk_data] Downloading package wordnet to /mnt/iusers01/fse-
[nltk_data]     ugpgt01/compsci01/q12628ct/nltk_data...
[nltk_data]   Package wordnet is already up-to-date!
[nltk_data] Downloading package punkt_tab to /mnt/iusers01/fse-
[nltk_data]     ugpgt01/compsci01/q12628ct/nltk_data...
[nltk_data]   Package punkt_tab is already up-to-date!
[nltk_data] Downloading package omw-1.4 to /mnt/iusers01/fse-
[nltk_data]     ugpgt01/compsci01/q12628ct/nltk_data...
[nltk_data]   Package omw-1.4 is already up-to-date!
/mnt/iusers01/fse-ugpgt01/compsci01/q12628ct/.conda/envs/semantic-decoding/lib/python3.10/site-packages/huggingface_hub/file_download.py:945: FutureWarning: `resume_download` is deprecated and will be removed in version 1.0.0. Downloads always resume when possible. If you want to force a new download, use `force_download=True`.
  warnings.warn(
Some weights of the model checkpoint at roberta-large were not used when initializing RobertaModel: ['lm_head.bias', 'lm_head.layer_norm.bias', 'lm_head.dense.bias', 'lm_head.layer_norm.weight', 'lm_head.dense.weight']
- This IS expected if you are initializing RobertaModel from the checkpoint of a model trained on another task or with another architecture (e.g. initializing a BertForSequenceClassification model from a BertForPreTraining model).
- This IS NOT expected if you are initializing RobertaModel from the checkpoint of a model that you expect to be exactly identical (initializing a BertForSequenceClassification model from a BertForSequenceClassification model).
Some weights of RobertaModel were not initialized from the model checkpoint at roberta-large and are newly initialized: ['roberta.pooler.dense.bias', 'roberta.pooler.dense.weight']
You should probably TRAIN this model on a down-stream task to be able to use it for predictions and inference.
charlie_repeat-1
WER
[-0.0797734  -0.07047425 -0.07964694 -0.08756607 -0.09130433 -0.08668477
 -0.09365953 -0.10968321 -0.07504459 -0.08911475 -0.10948566 -0.06781554
 -0.09231987 -0.0982163  -0.09127672 -0.10092841 -0.07916175 -0.08229211
 -0.08357862 -0.0951747  -0.10071299 -0.06970739 -0.10856892 -0.09207744
 -0.07929228 -0.08663067 -0.09124953 -0.08766814 -0.08559579 -0.08627301
 -0.07924718 -0.10330904 -0.09727057 -0.092103   -0.08455092 -0.1076687
 -0.08086574 -0.10165929 -0.09484994 -0.06524201 -0.09184333 -0.07378802
 -0.06863628 -0.10315543 -0.08214838 -0.08556449 -0.0784261  -0.09271122
 -0.11686401 -0.09520329 -0.1031961  -0.08498781 -0.08870083 -0.08971348
 -0.10859927 -0.09315866 -0.0865619  -0.0859217  -0.08114616 -0.09223905
 -0.08497522 -0.08958806 -0.08199693 -0.06554094 -0.09066447 -0.10321399
 -0.09551035 -0.08852503 -0.1096366  -0.09832857 -0.0940693  -0.07602471
 -0.10512199 -0.08832378 -0.09470788 -0.09089567 -0.09009726 -0.07873453
 -0.08071054 -0.09519496 -0.08522657 -0.10306301 -0.08138255 -0.08264053
 -0.10551909 -0.09233365 -0.10379666 -0.10166589 -0.08497864 -0.0769697
 -0.0878568  -0.10592773 -0.07695123 -0.08300291 -0.08296054 -0.0858947
 -0.08300628 -0.08638124 -0.09292221 -0.09784223 -0.08226241 -0.09009041
 -0.09552223 -0.09436247 -0.10260645 -0.10033981 -0.0897319  -0.08374951
 -0.09405967 -0.10147455 -0.07995123 -0.08922469 -0.10090784 -0.09201929
 -0.08642947 -0.1139749  -0.09471679 -0.09457285 -0.0799587  -0.10326809
 -0.08605718 -0.09518144 -0.09549032 -0.08672759 -0.0836589  -0.08339354
 -0.10729269 -0.08972553 -0.08983751 -0.09957601 -0.10635708 -0.08184497
 -0.08337117 -0.09387982 -0.08939102 -0.09256402 -0.09835476 -0.09471948
 -0.11704752 -0.09781526 -0.08102277 -0.08933841 -0.0965222  -0.08461063
 -0.07852505 -0.08714958 -0.08474044 -0.0804691  -0.08634384 -0.07451876
 -0.10502332 -0.09470898 -0.08623774 -0.08154567 -0.1024061  -0.08510457
 -0.10474018 -0.08624133 -0.09724631 -0.06734449 -0.09477083 -0.08254993
 -0.08741569 -0.11867234 -0.09886867 -0.09732105 -0.08360014 -0.07980038
 -0.09762768 -0.09758044 -0.08569681 -0.07000666 -0.07703547 -0.10025487
 -0.10412761 -0.09569919 -0.1029653  -0.09523749 -0.09519114 -0.09704837
 -0.10596108 -0.09168774 -0.10093607 -0.09983776 -0.09207781 -0.0977411
 -0.08637893 -0.09222474 -0.08898836 -0.07138462 -0.08996161 -0.07948725
 -0.09004777 -0.08263736 -0.07363163 -0.08438731 -0.0604247  -0.08666616
 -0.10733724 -0.08845477]
charlie_repeat-1
BLEU
[0.19152758 0.19245495 0.18334824 0.19292151 0.16135832 0.1747648
 0.20382177 0.16334753 0.22018799 0.16422037 0.16927775 0.23954744
 0.20124234 0.19924344 0.18969427 0.17309318 0.23408354 0.16542307
 0.17724521 0.1715159  0.19276118 0.21527907 0.1403924  0.19517025
 0.21442795 0.18337095 0.19316736 0.18497848 0.18869916 0.19770924
 0.17614131 0.17522123 0.20666828 0.18770215 0.18772725 0.20681265
 0.20211604 0.15242929 0.16459823 0.20728007 0.19333759 0.20377402
 0.19566232 0.17838751 0.19373313 0.18350049 0.18330751 0.19290851
 0.15742826 0.16277052 0.16018134 0.16343872 0.21097759 0.23479916
 0.1742195  0.20014692 0.20495189 0.20315831 0.19256873 0.18334645
 0.20336537 0.22418975 0.2066051  0.1771092  0.17188467 0.17724059
 0.17155448 0.16901641 0.15988638 0.17255016 0.17340952 0.16112197
 0.18753989 0.19616834 0.21023205 0.15830051 0.19594476 0.18886009
 0.21569167 0.1627956  0.21912889 0.19359878 0.15433699 0.16949997
 0.14354953 0.20162284 0.17366694 0.15601663 0.18180412 0.19477169
 0.17762075 0.17436781 0.21775745 0.18659676 0.21775201 0.18491521
 0.20369994 0.21891945 0.19721471 0.17917199 0.17188666 0.18155553
 0.20301528 0.16750003 0.15750507 0.19104567 0.19523224 0.17565934
 0.17260809 0.18007985 0.21532397 0.18993223 0.197399   0.21961301
 0.19667149 0.12369361 0.15166318 0.19292386 0.21851104 0.18535545
 0.17983791 0.18262987 0.16961567 0.15287139 0.19598414 0.18328356
 0.1588811  0.1967178  0.17283787 0.1822215  0.17827953 0.19684052
 0.174498   0.1846728  0.18781252 0.19099259 0.20516426 0.16748454
 0.13660558 0.17775832 0.19342261 0.18667841 0.17276537 0.18823151
 0.18526454 0.20460906 0.21947783 0.19454064 0.16374485 0.19523206
 0.16204883 0.16627476 0.20301114 0.16680493 0.17884031 0.20223534
 0.15467304 0.19382949 0.18413955 0.20143657 0.1710662  0.18563463
 0.22475246 0.13762521 0.19978292 0.19359062 0.19904067 0.21845761
 0.18090032 0.18503951 0.20998945 0.18992547 0.19930192 0.1852207
 0.1751417  0.16560547 0.19029359 0.16281526 0.19072922 0.18745351
 0.14971208 0.16528031 0.14527124 0.20234795 0.23006616 0.16948963
 0.19668527 0.16403778 0.18994869 0.1970492  0.21340908 0.20535461
 0.19391483 0.20792852 0.18154531 0.20780934 0.2137994  0.18875907
 0.16284674 0.2013821 ]
charlie_repeat-1
METEOR
[0.1747148  0.1433928  0.13188137 0.14630981 0.11198555 0.12765114
 0.17381917 0.12147656 0.17094099 0.13885692 0.14261047 0.21452952
 0.1570527  0.15159128 0.14324696 0.13083182 0.16247262 0.12083167
 0.15403144 0.12299901 0.14040774 0.17944146 0.10901466 0.1553369
 0.16665517 0.16581328 0.15078162 0.14626303 0.13969052 0.13577669
 0.14418314 0.12732811 0.14516891 0.13756432 0.13974439 0.14487553
 0.15357159 0.13037605 0.12703071 0.13467513 0.13061629 0.15317056
 0.16562968 0.13324867 0.1607202  0.12939289 0.15704258 0.14530477
 0.13461314 0.12267871 0.12785498 0.11479266 0.16283834 0.1622428
 0.13402477 0.15841847 0.15594398 0.14187441 0.16184887 0.15928851
 0.16785955 0.15210842 0.15434762 0.12442289 0.13356345 0.13672405
 0.15039275 0.12939909 0.12105076 0.13386479 0.14631334 0.1407617
 0.13970678 0.15638184 0.1574104  0.12923648 0.1580561  0.15170655
 0.16287229 0.12993887 0.15957326 0.17045457 0.14755393 0.13624853
 0.11589469 0.14771163 0.15545412 0.12895795 0.14441891 0.16518592
 0.16809969 0.13578437 0.18222664 0.14197676 0.14578371 0.14012495
 0.15212872 0.17482795 0.16204704 0.13689699 0.13745663 0.14013805
 0.1565085  0.14725282 0.13348452 0.14129912 0.13783491 0.14020645
 0.13342471 0.14412448 0.17343444 0.1482609  0.14038097 0.15392128
 0.13949063 0.10794578 0.13115205 0.13747136 0.1697226  0.13524805
 0.13936732 0.14617178 0.15256149 0.14551208 0.14465895 0.12847379
 0.12495433 0.15267475 0.14538331 0.15715695 0.14012818 0.16383724
 0.1176845  0.14233747 0.16805718 0.1340035  0.15434743 0.14693971
 0.10879902 0.14319667 0.15518148 0.14898533 0.14954625 0.15200008
 0.14510003 0.14091376 0.180867   0.1572602  0.14339154 0.15904448
 0.11928486 0.11519596 0.14830518 0.13885825 0.1566087  0.15297342
 0.12425501 0.13676215 0.15143831 0.15905773 0.13794922 0.13831937
 0.16825345 0.1085936  0.16495286 0.15714394 0.14921677 0.14762303
 0.12951684 0.14695748 0.15222971 0.15097666 0.15629639 0.14468198
 0.14123751 0.14736976 0.13835966 0.11899841 0.15430983 0.13055442
 0.12931797 0.13843391 0.11986144 0.15412889 0.14918277 0.13453527
 0.16595197 0.14059662 0.15799778 0.14623712 0.14995439 0.14501243
 0.16009703 0.1482238  0.15973576 0.16626566 0.16146674 0.13413997
 0.17046182 0.15269063]
charlie_repeat-1
BERT
[0.79042274 0.7866183  0.78770494 0.7883125  0.7845202  0.78411114
 0.78984004 0.7841669  0.78771794 0.78158003 0.78206635 0.7828115
 0.78838927 0.7877768  0.78472173 0.7862763  0.7875754  0.7882465
 0.78567237 0.78901356 0.7838458  0.7910065  0.7796492  0.794447
 0.7874937  0.7811049  0.78504014 0.7825148  0.78271174 0.7910579
 0.7840686  0.77978694 0.7862653  0.7868596  0.78777856 0.7823733
 0.78230155 0.7816723  0.779664   0.7853918  0.783071   0.78190994
 0.7937315  0.7825443  0.78686774 0.78288186 0.7856584  0.7827488
 0.78736246 0.7872193  0.7791257  0.7796933  0.7887049  0.7909503
 0.78245425 0.7856608  0.78462285 0.7812605  0.79209054 0.78224695
 0.7858744  0.7853631  0.7860127  0.78095675 0.7817706  0.78209376
 0.78104895 0.78145117 0.7849393  0.78102946 0.78738123 0.786459
 0.7832685  0.78707784 0.7840432  0.78078556 0.7838453  0.7819322
 0.7896683  0.787122   0.78402597 0.79009557 0.7824172  0.77884376
 0.7920313  0.7851755  0.78477573 0.7839467  0.7868717  0.7849347
 0.7850512  0.7848486  0.78879726 0.78100747 0.778029   0.78375393
 0.78539497 0.7885851  0.7831354  0.7846784  0.7894103  0.78585
 0.78854823 0.7824293  0.7803172  0.7825306  0.7851763  0.7906987
 0.78958607 0.78257334 0.78893214 0.78620183 0.787531   0.78549
 0.7849013  0.7918761  0.7853316  0.7845757  0.7876656  0.7845305
 0.7852878  0.786227   0.7825301  0.78866893 0.7827951  0.78246975
 0.78125197 0.7835635  0.78536755 0.78476304 0.7885898  0.7857718
 0.7803263  0.7900308  0.7838702  0.7850364  0.7866339  0.7853616
 0.77985317 0.7805204  0.78329533 0.7877642  0.78521776 0.78167015
 0.7803011  0.7802661  0.7899506  0.7865708  0.78398514 0.7824443
 0.78040344 0.7840742  0.7855833  0.784186   0.7888144  0.7898833
 0.7794914  0.7843611  0.78282917 0.79060435 0.7891467  0.78343236
 0.7885065  0.77778363 0.7891116  0.78212917 0.788878   0.782432
 0.77879214 0.7834201  0.7828071  0.7817086  0.7844504  0.78577757
 0.7887052  0.789513   0.7822622  0.7892137  0.7828366  0.7796935
 0.78130543 0.7901763  0.78083    0.7815093  0.78085375 0.7886387
 0.78961414 0.77892494 0.78446186 0.78796935 0.7867971  0.78616536
 0.7842563  0.7847335  0.7816604  0.7865111  0.7873447  0.7840082
 0.77720445 0.78295   ]
[nltk_data] Downloading package wordnet to /mnt/iusers01/fse-
[nltk_data]     ugpgt01/compsci01/q12628ct/nltk_data...
[nltk_data]   Package wordnet is already up-to-date!
[nltk_data] Downloading package punkt_tab to /mnt/iusers01/fse-
[nltk_data]     ugpgt01/compsci01/q12628ct/nltk_data...
[nltk_data]   Package punkt_tab is already up-to-date!
[nltk_data] Downloading package omw-1.4 to /mnt/iusers01/fse-
[nltk_data]     ugpgt01/compsci01/q12628ct/nltk_data...
[nltk_data]   Package omw-1.4 is already up-to-date!
/mnt/iusers01/fse-ugpgt01/compsci01/q12628ct/.conda/envs/semantic-decoding/lib/python3.10/site-packages/huggingface_hub/file_download.py:945: FutureWarning: `resume_download` is deprecated and will be removed in version 1.0.0. Downloads always resume when possible. If you want to force a new download, use `force_download=True`.
  warnings.warn(
Some weights of the model checkpoint at roberta-large were not used when initializing RobertaModel: ['lm_head.layer_norm.bias', 'lm_head.bias', 'lm_head.layer_norm.weight', 'lm_head.dense.bias', 'lm_head.dense.weight']
- This IS expected if you are initializing RobertaModel from the checkpoint of a model trained on another task or with another architecture (e.g. initializing a BertForSequenceClassification model from a BertForPreTraining model).
- This IS NOT expected if you are initializing RobertaModel from the checkpoint of a model that you expect to be exactly identical (initializing a BertForSequenceClassification model from a BertForSequenceClassification model).
Some weights of RobertaModel were not initialized from the model checkpoint at roberta-large and are newly initialized: ['roberta.pooler.dense.bias', 'roberta.pooler.dense.weight']
You should probably TRAIN this model on a down-stream task to be able to use it for predictions and inference.
charlie_repeat-2
WER
[-0.1303912  -0.13460657 -0.12179311 -0.1407709  -0.11479833 -0.13687085
 -0.12101246 -0.12511521 -0.12006295 -0.12670497 -0.12132314 -0.12275691
 -0.14693994 -0.12265509 -0.13783367 -0.13419941 -0.12410296 -0.12623268
 -0.12534357 -0.14852972 -0.11209192 -0.12949763 -0.11905779 -0.13529865
 -0.1155045  -0.12030556 -0.12984504 -0.12041067 -0.13145121 -0.12052889
 -0.14479265 -0.12866607 -0.11121177 -0.1209224  -0.13702004 -0.1187098
 -0.13160488 -0.12071701 -0.12791153 -0.0947435  -0.1382582  -0.11867007
 -0.11672454 -0.1290381  -0.14200219 -0.12923411 -0.12962482 -0.14406763
 -0.12089331 -0.11186637 -0.11378457 -0.12857616 -0.10539749 -0.12557642
 -0.11623874 -0.1209877  -0.11163321 -0.13559486 -0.10594705 -0.15007372
 -0.15181338 -0.12356033 -0.13560863 -0.12422179 -0.13085066 -0.13356072
 -0.14981299 -0.11560958 -0.12483469 -0.13277098 -0.13773024 -0.10784332
 -0.12759465 -0.13461825 -0.1305977  -0.12333075 -0.10981201 -0.1199396
 -0.11937104 -0.11516321 -0.1200663  -0.10702647 -0.1090198  -0.12674638
 -0.13441429 -0.12599489 -0.12015631 -0.13327725 -0.10913441 -0.12381876
 -0.12214521 -0.1155436  -0.13742778 -0.12805737 -0.12575939 -0.13176345
 -0.13766909 -0.13111287 -0.10922457 -0.11746999 -0.12178332 -0.12359778
 -0.14224787 -0.12849121 -0.12665205 -0.12308046 -0.13896856 -0.10172509
 -0.12083236 -0.13750235 -0.11554376 -0.14267187 -0.13183884 -0.13279452
 -0.14382633 -0.1255279  -0.12262908 -0.12310296 -0.13577681 -0.15043812
 -0.13197699 -0.13478278 -0.13369385 -0.12053401 -0.12939374 -0.1463242
 -0.11465197 -0.12381728 -0.13027655 -0.12356034 -0.14810062 -0.11890657
 -0.13617131 -0.13361894 -0.11857141 -0.11163138 -0.1160598  -0.13192877
 -0.13117796 -0.13597792 -0.1266848  -0.12048379 -0.13582037 -0.1235876
 -0.14819472 -0.1332359  -0.13431742 -0.14375819 -0.11388445 -0.09926282
 -0.137609   -0.11893477 -0.12763792 -0.12504829 -0.12493104 -0.13570761
 -0.13377552 -0.13741273 -0.13964906 -0.13714505 -0.12895216 -0.1352797
 -0.13295954 -0.13434099 -0.12206553 -0.14396612 -0.11814141 -0.11914072
 -0.11951906 -0.13096875 -0.12624438 -0.12785902 -0.12593758 -0.13470686
 -0.129878   -0.11194299 -0.13455195 -0.13227778 -0.11853489 -0.12027913
 -0.10614062 -0.14251465 -0.13848521 -0.11297595 -0.13210783 -0.11325527
 -0.1393663  -0.11978665 -0.14179591 -0.13689066 -0.13360787 -0.14312683
 -0.12884311 -0.12943006 -0.13613579 -0.13728217 -0.12846683 -0.12634774
 -0.12827036 -0.13370791]
charlie_repeat-2
BLEU
[0.18752926 0.18272378 0.20427773 0.19088897 0.19866241 0.17750023
 0.17467169 0.19232451 0.20651563 0.18776261 0.18752787 0.17421196
 0.16217619 0.20862528 0.18111633 0.19155943 0.20680397 0.18356749
 0.21450181 0.17247917 0.20932395 0.1754368  0.19220814 0.16114851
 0.1701676  0.17905715 0.19423964 0.19068284 0.19088677 0.2162686
 0.17999104 0.1652365  0.21785409 0.23409051 0.1662884  0.21338587
 0.18257375 0.20466665 0.19105212 0.23814404 0.20954345 0.17039904
 0.20019587 0.17615328 0.15426194 0.18268812 0.1659976  0.15371834
 0.20735552 0.22981585 0.2004382  0.20348713 0.21225356 0.20917263
 0.20690253 0.21498948 0.21882161 0.17487687 0.19789899 0.16176771
 0.15305445 0.19938551 0.18551632 0.20085616 0.22317335 0.1824645
 0.15907161 0.16816837 0.14096509 0.19573218 0.18892251 0.2092659
 0.21211535 0.18868323 0.16567329 0.19475425 0.21957792 0.19197011
 0.15904789 0.18486909 0.17601978 0.23006952 0.23107292 0.19437219
 0.17415548 0.18357704 0.18181986 0.15347429 0.22639712 0.18052464
 0.20513635 0.21542372 0.17198059 0.16536291 0.17306679 0.18500281
 0.1642931  0.2142088  0.19142369 0.22603348 0.23610189 0.17434043
 0.16372396 0.20312549 0.15849425 0.19578713 0.15526874 0.16685766
 0.20016401 0.18136483 0.18909066 0.15531892 0.22002383 0.17487881
 0.15446708 0.1701649  0.17650224 0.1520396  0.21032558 0.15374794
 0.21729321 0.17087022 0.18803141 0.17337547 0.18605798 0.14811748
 0.19019392 0.18194832 0.20595338 0.17177949 0.17978277 0.19291978
 0.18419411 0.18115871 0.17787324 0.21348469 0.23399164 0.19038775
 0.18946562 0.19450908 0.20065157 0.20356177 0.19264473 0.18640505
 0.1638541  0.18782901 0.18810158 0.15142025 0.2023729  0.22184283
 0.20732227 0.21288584 0.2148005  0.20437586 0.18827042 0.1779474
 0.18782278 0.18903946 0.18313372 0.18689503 0.18561532 0.19525785
 0.18412441 0.16695228 0.19981412 0.13627708 0.189027   0.19787988
 0.21414524 0.19358912 0.19283985 0.18287091 0.18986054 0.20495682
 0.19689481 0.18646287 0.20235324 0.19894719 0.19177562 0.20683164
 0.20000783 0.16785062 0.15573239 0.1662253  0.17823198 0.22624557
 0.17535338 0.18337073 0.15401369 0.18133841 0.1749245  0.13691152
 0.20641815 0.19957892 0.17980956 0.16539849 0.18673404 0.19550604
 0.19475094 0.17116979]
charlie_repeat-2
METEOR
[0.15170084 0.17602813 0.15334797 0.14100032 0.15712359 0.1511997
 0.14198919 0.14069591 0.15744103 0.14145159 0.16005187 0.14733026
 0.13315434 0.16372047 0.1495413  0.15530861 0.17092482 0.14840208
 0.18431214 0.11890453 0.1784903  0.14747438 0.1463528  0.13885014
 0.14117966 0.16040569 0.14849214 0.15032149 0.1669954  0.17548216
 0.14736182 0.14854993 0.16555882 0.18056694 0.14215308 0.16493019
 0.15876094 0.14853636 0.1446341  0.19461539 0.16397574 0.13716165
 0.14771666 0.15751567 0.11036862 0.12678289 0.12539961 0.12411919
 0.16748509 0.19024504 0.1618776  0.15357788 0.14786254 0.17270221
 0.1549418  0.16956628 0.17200398 0.13157509 0.16133035 0.1335333
 0.14203979 0.14755637 0.15026375 0.14915874 0.17269167 0.16516813
 0.12850153 0.12429808 0.13489708 0.1378481  0.14100986 0.16581459
 0.16211146 0.15278402 0.1374785  0.14882107 0.18277994 0.16939655
 0.12945595 0.16149153 0.1277162  0.19920437 0.16222491 0.14445189
 0.13843486 0.14545266 0.14916557 0.13248251 0.18113005 0.15006835
 0.14684892 0.17551623 0.1437326  0.12490691 0.12925012 0.14918581
 0.13567536 0.17029816 0.15191989 0.19663131 0.15384636 0.1477439
 0.14412004 0.17340224 0.13361194 0.15917898 0.12322289 0.15396274
 0.15624548 0.16264018 0.16018583 0.13950779 0.16110819 0.15660459
 0.12213091 0.12594305 0.14537752 0.13403218 0.13567086 0.12929208
 0.16356678 0.14680746 0.15196711 0.13124408 0.15004405 0.12605031
 0.1591598  0.15413102 0.17568009 0.15138661 0.137912   0.16153023
 0.1352685  0.13328955 0.14207686 0.19040566 0.15689796 0.15596623
 0.15849327 0.14322163 0.1613631  0.14516417 0.14792861 0.15395838
 0.15394215 0.15586884 0.16340393 0.13953038 0.17999603 0.19988439
 0.15937499 0.15314094 0.17615589 0.16844135 0.14182007 0.13477383
 0.14061794 0.16103782 0.13771037 0.13883483 0.14563924 0.15428623
 0.13726069 0.12168361 0.1577213  0.13489292 0.1539787  0.13958098
 0.17525039 0.15519004 0.15080391 0.13974548 0.15482568 0.14842002
 0.16883144 0.13425329 0.16087847 0.15979085 0.15406604 0.15433258
 0.16589794 0.12251396 0.12480937 0.14833191 0.14560157 0.17511457
 0.12595647 0.15398483 0.14634534 0.14505805 0.15457133 0.10891607
 0.15480534 0.16536332 0.13688621 0.11401086 0.14404375 0.15006283
 0.1795579  0.14877053]
charlie_repeat-2
BERT
[0.7828457  0.7841699  0.78410554 0.7876947  0.78549606 0.78720975
 0.7780526  0.7813777  0.78504497 0.78591424 0.78602356 0.7855568
 0.7804538  0.7870178  0.78184325 0.7818837  0.7909918  0.78371924
 0.7905592  0.7825482  0.7884921  0.78415996 0.7880931  0.78533506
 0.7818327  0.7820234  0.78551346 0.7825281  0.78951067 0.78330266
 0.782915   0.7832879  0.78375477 0.78343266 0.78794026 0.78740805
 0.7875109  0.7912779  0.78842545 0.78614926 0.7870555  0.7875303
 0.7875971  0.7834133  0.7840399  0.7815424  0.78439164 0.7808502
 0.7851998  0.78488207 0.78246146 0.78761196 0.7854581  0.79170245
 0.7860876  0.7846129  0.7931767  0.7823473  0.7864483  0.78396195
 0.78092474 0.78227645 0.7819068  0.7836786  0.7897536  0.78622127
 0.78297657 0.782127   0.7795699  0.78295887 0.78130656 0.7881067
 0.7902767  0.7843097  0.7871273  0.7802151  0.78869134 0.78287876
 0.7799057  0.78355706 0.7795204  0.7900374  0.784597   0.783394
 0.78267354 0.7831983  0.7851182  0.78263927 0.78472257 0.78311723
 0.78449583 0.7857432  0.78180045 0.7846235  0.7813406  0.7861876
 0.78350776 0.78406596 0.78183377 0.7898276  0.78141505 0.7835631
 0.78613    0.7847997  0.7875255  0.78537416 0.7900959  0.7858963
 0.7763899  0.7828385  0.78527564 0.7783391  0.78817487 0.78593296
 0.7820281  0.7841247  0.78243405 0.78060484 0.78660583 0.78129494
 0.7919197  0.78585106 0.7852692  0.77991366 0.78639275 0.7863882
 0.7847519  0.7869571  0.78655654 0.7863849  0.7846972  0.7867291
 0.7865835  0.7849859  0.78647333 0.78821814 0.7856876  0.7872693
 0.783504   0.7833904  0.780853   0.78753394 0.78983194 0.7855648
 0.788084   0.7836196  0.7835498  0.7836087  0.7907929  0.78819376
 0.7880037  0.7816713  0.7915195  0.78607124 0.78382045 0.7834262
 0.78596646 0.78492916 0.7834284  0.7862013  0.782096   0.7903552
 0.7844761  0.78326315 0.78434205 0.78275996 0.78389835 0.7844083
 0.78356224 0.7857665  0.7842115  0.77862185 0.7820455  0.78821534
 0.7833264  0.7823946  0.78550524 0.78334713 0.7857688  0.7871422
 0.7867833  0.7839322  0.7810032  0.7854996  0.78509724 0.79062366
 0.78099924 0.78587794 0.7863497  0.783332   0.78342915 0.78138554
 0.78343403 0.7901366  0.7819978  0.78048736 0.7884618  0.7841022
 0.7843565  0.7883418 ]
[nltk_data] Downloading package wordnet to /mnt/iusers01/fse-
[nltk_data]     ugpgt01/compsci01/q12628ct/nltk_data...
[nltk_data]   Package wordnet is already up-to-date!
[nltk_data] Downloading package punkt_tab to /mnt/iusers01/fse-
[nltk_data]     ugpgt01/compsci01/q12628ct/nltk_data...
[nltk_data]   Package punkt_tab is already up-to-date!
[nltk_data] Downloading package omw-1.4 to /mnt/iusers01/fse-
[nltk_data]     ugpgt01/compsci01/q12628ct/nltk_data...
[nltk_data]   Package omw-1.4 is already up-to-date!
/mnt/iusers01/fse-ugpgt01/compsci01/q12628ct/.conda/envs/semantic-decoding/lib/python3.10/site-packages/huggingface_hub/file_download.py:945: FutureWarning: `resume_download` is deprecated and will be removed in version 1.0.0. Downloads always resume when possible. If you want to force a new download, use `force_download=True`.
  warnings.warn(
Some weights of the model checkpoint at roberta-large were not used when initializing RobertaModel: ['lm_head.dense.weight', 'lm_head.layer_norm.weight', 'lm_head.dense.bias', 'lm_head.bias', 'lm_head.layer_norm.bias']
- This IS expected if you are initializing RobertaModel from the checkpoint of a model trained on another task or with another architecture (e.g. initializing a BertForSequenceClassification model from a BertForPreTraining model).
- This IS NOT expected if you are initializing RobertaModel from the checkpoint of a model that you expect to be exactly identical (initializing a BertForSequenceClassification model from a BertForSequenceClassification model).
Some weights of RobertaModel were not initialized from the model checkpoint at roberta-large and are newly initialized: ['roberta.pooler.dense.bias', 'roberta.pooler.dense.weight']
You should probably TRAIN this model on a down-stream task to be able to use it for predictions and inference.
delta_repeat-1
WER
[-0.20349721 -0.21415451 -0.20336745 -0.18704892 -0.21350066 -0.20053364
 -0.20174566 -0.18689335 -0.18516734 -0.16010936 -0.21301059 -0.1753315
 -0.1937851  -0.21364577 -0.17462536 -0.20615773 -0.21792202 -0.21566739
 -0.17660138 -0.20287494 -0.20022911 -0.18542483 -0.19311825 -0.19490507
 -0.18632737 -0.22819754 -0.21503974 -0.15819959 -0.21765288 -0.15025711
 -0.17384303 -0.21566205 -0.18637413 -0.208116   -0.20188815 -0.17636865
 -0.1936555  -0.17800799 -0.16812454 -0.16960497 -0.20000764 -0.18865015
 -0.17048504 -0.18849408 -0.20919972 -0.19277195 -0.18846152 -0.19582773
 -0.20651276 -0.17875522 -0.16853423 -0.18742292 -0.20846623 -0.18409082
 -0.213317   -0.21838048 -0.18431436 -0.17791057 -0.18091972 -0.19808911
 -0.196807   -0.18324075 -0.17686845 -0.19153643 -0.18660817 -0.18957859
 -0.18038071 -0.16337109 -0.17924728 -0.17810009 -0.17351651 -0.19875676
 -0.18610191 -0.16795754 -0.20181111 -0.18293246 -0.21543274 -0.2080291
 -0.20793191 -0.16379183 -0.18373859 -0.21144203 -0.18050322 -0.17709038
 -0.21232368 -0.18653649 -0.20971591 -0.16199538 -0.17746768 -0.17715399
 -0.18870572 -0.19399714 -0.18980229 -0.18108643 -0.20350413 -0.18041548
 -0.1864677  -0.17872386 -0.21598799 -0.20328634 -0.18844154 -0.1792621
 -0.1717324  -0.19980954 -0.20918847 -0.1906645  -0.17755451 -0.20459396
 -0.19718566 -0.18716157 -0.18578296 -0.18104838 -0.18842265 -0.19063597
 -0.20176196 -0.19358262 -0.20980433 -0.17755054 -0.19942169 -0.1906043
 -0.17354985 -0.18221004 -0.20164254 -0.16480962 -0.18647722 -0.21175107
 -0.17288754 -0.18061543 -0.17283409 -0.21590017 -0.18785925 -0.18897967
 -0.17954699 -0.14541809 -0.19368717 -0.18344278 -0.19362034 -0.17908443
 -0.18101082 -0.1928553  -0.1771263  -0.20764574 -0.20233827 -0.20162027
 -0.17978669 -0.20975395 -0.18825113 -0.18375327 -0.19484199 -0.19744045
 -0.17754231 -0.17348363 -0.19266972 -0.18445732 -0.20857953 -0.20264335
 -0.18035546 -0.17301642 -0.18715559 -0.19074631 -0.18231662 -0.2120435
 -0.21248063 -0.20774636 -0.18519502 -0.19673973 -0.15312591 -0.1666084
 -0.17342908 -0.19194108 -0.18371365 -0.16039611 -0.1995427  -0.20781772
 -0.19369598 -0.16351097 -0.20402306 -0.17341638 -0.19877038 -0.19698224
 -0.18520734 -0.18946844 -0.19866342 -0.17520928 -0.19154818 -0.18220971
 -0.19024232 -0.19595767 -0.19295473 -0.20232821 -0.18018304 -0.19403108
 -0.20612597 -0.1984338  -0.20604562 -0.20199252 -0.21271233 -0.21306993
 -0.19693488 -0.21448677]
delta_repeat-1
BLEU
[0.13102626 0.15685019 0.19328149 0.19044431 0.1498057  0.16757542
 0.16991826 0.16335772 0.20727175 0.20403797 0.15020463 0.18201133
 0.15223596 0.15773859 0.17707393 0.15696146 0.14641234 0.16417744
 0.199814   0.1663429  0.17662097 0.17791321 0.19275238 0.19722471
 0.22401888 0.14686978 0.17107473 0.23075761 0.157414   0.17924974
 0.19177081 0.17734887 0.16755971 0.17983466 0.13643123 0.18078099
 0.18888169 0.20429305 0.19336096 0.20184593 0.17969695 0.19085608
 0.17414382 0.19000742 0.2322989  0.20932485 0.193539   0.17720736
 0.15166702 0.18849626 0.16916306 0.17235974 0.14832451 0.2190046
 0.182466   0.14763993 0.19647366 0.20109384 0.17128678 0.17255854
 0.18815161 0.20027218 0.17477633 0.2073105  0.21619458 0.1817408
 0.20707961 0.21511155 0.21045229 0.19789301 0.21199576 0.17881409
 0.21409732 0.1893233  0.20231498 0.23206497 0.1607958  0.1819614
 0.18201618 0.21978865 0.19597799 0.14399199 0.19651089 0.1841429
 0.17613393 0.17774004 0.15076683 0.23230455 0.18517903 0.19894501
 0.20667917 0.18583636 0.17485853 0.17078314 0.1591871  0.19182948
 0.19422276 0.18364216 0.1446419  0.16671335 0.21040716 0.15193166
 0.18622175 0.19950859 0.13714973 0.19783581 0.19821365 0.17884222
 0.18001501 0.18703142 0.20864493 0.16151627 0.15674868 0.18442579
 0.15896747 0.17761786 0.14360922 0.18167572 0.16941921 0.19567082
 0.20320626 0.1831173  0.1886185  0.2207633  0.21205541 0.18592652
 0.20032987 0.20059279 0.17882578 0.14938285 0.18888923 0.17009854
 0.1862527  0.18294883 0.18396497 0.17865684 0.20940019 0.21851215
 0.21700167 0.16248561 0.19731822 0.14278793 0.17818154 0.13900203
 0.19631217 0.16982908 0.17587874 0.18610304 0.17465253 0.18560553
 0.20355702 0.20044183 0.18040031 0.20367785 0.13337597 0.18783759
 0.23829456 0.20558531 0.21559944 0.18132914 0.19843081 0.16312967
 0.15212058 0.1701796  0.18981697 0.20362159 0.2274172  0.19666409
 0.16714659 0.18112093 0.18743049 0.20791497 0.18709757 0.18682603
 0.14732674 0.20745217 0.20577791 0.19195185 0.17129589 0.13782181
 0.20795017 0.16260254 0.17432326 0.18686617 0.16100529 0.20150348
 0.20017427 0.15183758 0.17806974 0.14002384 0.18065555 0.15037612
 0.17335426 0.15720477 0.15227494 0.16299082 0.19392732 0.20751969
 0.1562217  0.156177  ]
delta_repeat-1
METEOR
[0.10940986 0.13684347 0.18149637 0.15347989 0.1123384  0.15419153
 0.14212347 0.13288529 0.17399466 0.1541074  0.12560486 0.14336171
 0.15090123 0.1536894  0.15010145 0.13382396 0.13670663 0.14395903
 0.16284367 0.16122738 0.14754263 0.13548261 0.17773422 0.16176284
 0.16705871 0.13024059 0.14284615 0.19739763 0.16224767 0.14683231
 0.14568399 0.14820583 0.15179133 0.16679681 0.1215433  0.16671989
 0.14815629 0.16692657 0.18724817 0.1590042  0.14635695 0.13856789
 0.16724649 0.17235251 0.17220611 0.16397614 0.15860433 0.14191455
 0.13078616 0.1524477  0.15360964 0.15601651 0.1417681  0.18857155
 0.15048733 0.13031295 0.17503545 0.14726938 0.18032023 0.15633959
 0.16354253 0.14999096 0.1355293  0.17609618 0.19043864 0.16332931
 0.16611166 0.1697242  0.16331535 0.1333713  0.18509242 0.13957591
 0.16322865 0.1625561  0.16076686 0.19096037 0.14314141 0.16515334
 0.17942272 0.2003785  0.14994109 0.13175928 0.16314709 0.14608604
 0.12897925 0.14490268 0.12473083 0.19512063 0.15644972 0.14988724
 0.18913737 0.13845119 0.15348215 0.13154213 0.12203902 0.14087767
 0.14046027 0.15267161 0.1135243  0.14991886 0.18595545 0.12172078
 0.15301549 0.16616103 0.12863471 0.16405463 0.15967774 0.17260621
 0.15335375 0.16599192 0.15979067 0.14138069 0.14128197 0.1712924
 0.13795928 0.14857494 0.1472335  0.14595142 0.13718681 0.15016456
 0.16502668 0.15846744 0.15504456 0.16252325 0.20913907 0.16934892
 0.16914096 0.17887461 0.14352657 0.13262844 0.14568173 0.15158146
 0.17577927 0.17409331 0.14050034 0.16730151 0.17367535 0.17925157
 0.17508319 0.14065893 0.15778475 0.11493759 0.16035017 0.12763967
 0.16570865 0.13097606 0.13198344 0.15307238 0.14307533 0.15495453
 0.16457804 0.16361679 0.15543317 0.16186292 0.11345244 0.1339278
 0.18432628 0.18630068 0.17526085 0.14576791 0.18336589 0.13527985
 0.16425793 0.13614266 0.17030392 0.15243243 0.19515679 0.16672407
 0.14802343 0.13702707 0.15570726 0.16232513 0.16575693 0.1451834
 0.12084165 0.17402585 0.17526458 0.14887394 0.14628376 0.13433672
 0.19053172 0.1483937  0.14929382 0.16412318 0.13308197 0.17355291
 0.15595842 0.14429387 0.14513313 0.12162682 0.15523615 0.13714907
 0.1635607  0.14435644 0.13329505 0.13995851 0.1453912  0.14951037
 0.15877323 0.15179505]
delta_repeat-1
BERT
[0.7947169  0.79354614 0.8022119  0.7977733  0.7923755  0.7975835
 0.80761117 0.7975686  0.80611455 0.8040516  0.7996573  0.80807793
 0.80293477 0.8021337  0.80691    0.7978205  0.7967359  0.79920524
 0.8042695  0.79904395 0.8034326  0.79569113 0.8093817  0.80249983
 0.7994407  0.7959381  0.80143875 0.8072463  0.7997137  0.80225194
 0.800866   0.79886276 0.7956477  0.7957218  0.79309464 0.799225
 0.8056241  0.8035358  0.81066316 0.8089231  0.8021607  0.79731786
 0.80084366 0.80327976 0.80477923 0.80516434 0.80236435 0.79241526
 0.8004728  0.8039005  0.80003524 0.80496496 0.79789704 0.80523944
 0.80382556 0.79441303 0.80235934 0.80655587 0.8022698  0.80051255
 0.8040359  0.80750966 0.79348093 0.8079819  0.8013722  0.8042449
 0.8054896  0.8039922  0.80721897 0.8002691  0.80646235 0.79524684
 0.8077993  0.80089986 0.8020669  0.8117394  0.7940614  0.7926005
 0.7988969  0.80082136 0.80836856 0.7997904  0.8127745  0.80069214
 0.80264366 0.7980678  0.7934563  0.80670017 0.79961765 0.8052856
 0.8017969  0.79337573 0.8075391  0.8009942  0.7961329  0.80105937
 0.80074114 0.7956554  0.7965075  0.7955074  0.8024352  0.79234666
 0.8029256  0.80102605 0.79290175 0.8053224  0.8006923  0.80208933
 0.7979788  0.8053262  0.8019154  0.7927181  0.7979463  0.7978406
 0.7937727  0.7975059  0.80298597 0.79604703 0.7963295  0.79880834
 0.7992147  0.80252635 0.8037783  0.8062611  0.80517334 0.79878247
 0.80559224 0.80019873 0.7968429  0.80041194 0.8077856  0.796426
 0.794515   0.8032623  0.8004733  0.80345005 0.8019812  0.80847615
 0.80659264 0.80220693 0.80468667 0.7953624  0.8072724  0.79769117
 0.80191475 0.79640514 0.7977688  0.80590045 0.79206413 0.79726976
 0.807658   0.80722576 0.7987679  0.80334157 0.79273975 0.80629975
 0.8040473  0.798636   0.80762315 0.79824513 0.8015261  0.79631263
 0.7969312  0.7972057  0.8022333  0.7998045  0.80732036 0.7946167
 0.7988168  0.79766    0.7946671  0.80343026 0.79559296 0.8030589
 0.7950843  0.8024386  0.804859   0.793432   0.80283135 0.7956584
 0.8067768  0.7960832  0.796607   0.7994687  0.79796183 0.8026367
 0.7989183  0.7943882  0.80048275 0.79402125 0.8047329  0.79198676
 0.7989112  0.79922646 0.7968982  0.7929241  0.79982156 0.79863137
 0.7999375  0.7964871 ]
[nltk_data] Downloading package wordnet to /mnt/iusers01/fse-
[nltk_data]     ugpgt01/compsci01/q12628ct/nltk_data...
[nltk_data]   Package wordnet is already up-to-date!
[nltk_data] Downloading package punkt_tab to /mnt/iusers01/fse-
[nltk_data]     ugpgt01/compsci01/q12628ct/nltk_data...
[nltk_data]   Package punkt_tab is already up-to-date!
[nltk_data] Downloading package omw-1.4 to /mnt/iusers01/fse-
[nltk_data]     ugpgt01/compsci01/q12628ct/nltk_data...
[nltk_data]   Package omw-1.4 is already up-to-date!
/mnt/iusers01/fse-ugpgt01/compsci01/q12628ct/.conda/envs/semantic-decoding/lib/python3.10/site-packages/huggingface_hub/file_download.py:945: FutureWarning: `resume_download` is deprecated and will be removed in version 1.0.0. Downloads always resume when possible. If you want to force a new download, use `force_download=True`.
  warnings.warn(
Some weights of the model checkpoint at roberta-large were not used when initializing RobertaModel: ['lm_head.layer_norm.weight', 'lm_head.dense.weight', 'lm_head.layer_norm.bias', 'lm_head.dense.bias', 'lm_head.bias']
- This IS expected if you are initializing RobertaModel from the checkpoint of a model trained on another task or with another architecture (e.g. initializing a BertForSequenceClassification model from a BertForPreTraining model).
- This IS NOT expected if you are initializing RobertaModel from the checkpoint of a model that you expect to be exactly identical (initializing a BertForSequenceClassification model from a BertForSequenceClassification model).
Some weights of RobertaModel were not initialized from the model checkpoint at roberta-large and are newly initialized: ['roberta.pooler.dense.bias', 'roberta.pooler.dense.weight']
You should probably TRAIN this model on a down-stream task to be able to use it for predictions and inference.
delta_repeat-2
WER
[-0.25642635 -0.23477505 -0.24011563 -0.21784666 -0.24466531 -0.22931794
 -0.25838633 -0.2310091  -0.22078855 -0.242294   -0.24888791 -0.242076
 -0.23895477 -0.22465664 -0.24689401 -0.26031924 -0.24837625 -0.24266679
 -0.25956614 -0.24661956 -0.23581038 -0.24565888 -0.24112281 -0.24916055
 -0.24784036 -0.24661344 -0.23660748 -0.2316557  -0.24871727 -0.23282801
 -0.23860381 -0.24421249 -0.25246582 -0.23312517 -0.22964172 -0.21348393
 -0.23657336 -0.2377741  -0.2372792  -0.23532472 -0.27162381 -0.23328818
 -0.22218314 -0.23338998 -0.24179548 -0.26044907 -0.23590284 -0.23309348
 -0.24105645 -0.24483883 -0.2364039  -0.19878878 -0.2496282  -0.2252575
 -0.219004   -0.25712178 -0.24254104 -0.23930981 -0.23258648 -0.23602787
 -0.24470734 -0.24785473 -0.23111727 -0.22569738 -0.22516451 -0.22826325
 -0.25454113 -0.24745936 -0.25948167 -0.22917174 -0.24812011 -0.19949023
 -0.26833738 -0.24471014 -0.2121326  -0.23712878 -0.25044728 -0.24782132
 -0.25535599 -0.24139845 -0.23677894 -0.25538949 -0.25594576 -0.22696314
 -0.22266331 -0.25281108 -0.23723233 -0.25348477 -0.24067458 -0.23615357
 -0.23751123 -0.22282618 -0.26840008 -0.22648175 -0.22956786 -0.24271646
 -0.24448164 -0.21843787 -0.22756575 -0.22357019 -0.22608143 -0.246432
 -0.24273749 -0.24646028 -0.25509834 -0.25872063 -0.24555316 -0.20606173
 -0.24083781 -0.24556893 -0.2235876  -0.24692708 -0.23456123 -0.2516188
 -0.22572485 -0.25912072 -0.21955668 -0.27465797 -0.22635743 -0.23127495
 -0.21567554 -0.24660747 -0.24543647 -0.23350684 -0.24723272 -0.21300692
 -0.24352564 -0.2493917  -0.21490509 -0.23603486 -0.21876837 -0.24404617
 -0.25486956 -0.22639354 -0.2666952  -0.23787983 -0.23719357 -0.26912078
 -0.24472064 -0.23857708 -0.2054483  -0.216284   -0.25266539 -0.20834458
 -0.2533385  -0.24258385 -0.23995812 -0.23342095 -0.24469394 -0.22725087
 -0.2382142  -0.2482034  -0.25346255 -0.24012455 -0.25707593 -0.22997863
 -0.23228248 -0.23780011 -0.2360164  -0.2431343  -0.24115699 -0.26038574
 -0.2304961  -0.2201034  -0.25279034 -0.23433434 -0.24901324 -0.24155337
 -0.25289554 -0.26522145 -0.21451646 -0.22774565 -0.25763806 -0.22060751
 -0.21319685 -0.26068065 -0.2382223  -0.2381277  -0.22969602 -0.26171481
 -0.23250422 -0.23136354 -0.25650506 -0.23741524 -0.26525523 -0.24170777
 -0.27447163 -0.20536783 -0.25599671 -0.2442286  -0.24560472 -0.24126246
 -0.25619889 -0.22802483 -0.23729321 -0.2274359  -0.24839891 -0.22476127
 -0.23788131 -0.22393809]
delta_repeat-2
BLEU
[0.14539417 0.18470052 0.18024471 0.18698459 0.1810288  0.17080079
 0.13068685 0.20262024 0.17715126 0.16790006 0.17720547 0.19756744
 0.18917916 0.1931282  0.15502029 0.13918318 0.19832505 0.15398223
 0.16093777 0.14794984 0.19853023 0.16576142 0.18300899 0.15031219
 0.17916644 0.19597108 0.17461684 0.20256624 0.15592351 0.20934261
 0.17556458 0.18699353 0.17785752 0.20785741 0.21436143 0.18299326
 0.18935964 0.17913524 0.19118984 0.17698597 0.14725263 0.2014347
 0.19497765 0.17879507 0.17453749 0.15487356 0.18858264 0.17569522
 0.18718049 0.18973273 0.16847569 0.19151852 0.14248154 0.19653447
 0.21310049 0.13001476 0.1966166  0.15954311 0.16925239 0.17998687
 0.17010932 0.1686739  0.19634282 0.1767984  0.17923991 0.19450016
 0.17974156 0.18880256 0.13907752 0.20049471 0.17259228 0.21685852
 0.14411073 0.1697412  0.24408165 0.17102126 0.14775253 0.20488989
 0.21386744 0.168964   0.19940334 0.22785281 0.14822449 0.23936304
 0.16427499 0.20623599 0.20049978 0.17311765 0.15881561 0.19283418
 0.17859605 0.21521465 0.14805797 0.2079853  0.20496231 0.18431764
 0.1791619  0.20483667 0.20354542 0.20970345 0.17114486 0.21543404
 0.17519435 0.1396397  0.1583552  0.14393641 0.12423927 0.2362558
 0.17674946 0.16501056 0.17981436 0.19557311 0.21347654 0.17361822
 0.20373209 0.17419823 0.16416121 0.14422989 0.22361856 0.15516408
 0.1904879  0.16266766 0.16212755 0.19402795 0.1657446  0.1794489
 0.18701767 0.22108971 0.21220156 0.17247294 0.20133854 0.16058708
 0.16845405 0.19705917 0.13976436 0.17378389 0.25498926 0.14044576
 0.1787163  0.20016726 0.21392239 0.1869495  0.16174912 0.19326276
 0.1655534  0.19458181 0.15028865 0.22785805 0.18119979 0.18281958
 0.16266357 0.13979215 0.14602018 0.1676999  0.1612291  0.21598058
 0.17732278 0.2002495  0.19887247 0.18029589 0.15078621 0.15123862
 0.19530004 0.22712576 0.19761934 0.19639446 0.18449978 0.20385093
 0.14578155 0.14899771 0.1916762  0.17088511 0.16469896 0.2028034
 0.19750091 0.14064554 0.22517538 0.17621592 0.16285799 0.13582497
 0.16435592 0.16249493 0.17676701 0.19539697 0.11696248 0.15992253
 0.17460275 0.22741814 0.17640216 0.21680746 0.19132929 0.15588531
 0.20236795 0.18570363 0.15343568 0.19522454 0.19158535 0.18969782
 0.20068605 0.17505995]
delta_repeat-2
METEOR
[0.14857877 0.15334187 0.15069224 0.17019174 0.17912371 0.15922073
 0.14287223 0.18418933 0.15873091 0.15037138 0.15405464 0.1829118
 0.17969029 0.18503115 0.1419847  0.1283971  0.16434923 0.1729361
 0.13542481 0.12158782 0.1646925  0.17458992 0.17221527 0.12462705
 0.15644555 0.16428915 0.1585713  0.16790681 0.14471811 0.1745356
 0.16119703 0.15451457 0.15486255 0.17242839 0.16459972 0.1704948
 0.18146693 0.15248203 0.15528176 0.1551481  0.13508566 0.16071977
 0.17441937 0.16108704 0.15285505 0.13045366 0.15785861 0.15508789
 0.15742682 0.16280794 0.15012402 0.16070469 0.12408947 0.17949809
 0.1704147  0.11164992 0.1860403  0.13587601 0.1348494  0.13934233
 0.15901639 0.13640394 0.17180086 0.16318017 0.15233977 0.13825349
 0.16732104 0.1641625  0.13168042 0.18352587 0.1741733  0.15966039
 0.13202608 0.15734648 0.2002272  0.15332127 0.13327821 0.17190966
 0.17308208 0.15130699 0.17707344 0.17976105 0.13867795 0.1916959
 0.16579701 0.18883687 0.15943103 0.16352765 0.14576193 0.16655481
 0.1701806  0.15964076 0.12407425 0.19057753 0.17391679 0.16727331
 0.15819597 0.15559472 0.17367548 0.18316865 0.14640997 0.18007782
 0.1312253  0.12619604 0.14255661 0.13517411 0.13370275 0.21520221
 0.17450906 0.13825606 0.14109482 0.1594048  0.17395207 0.17142267
 0.1761473  0.16031115 0.12913112 0.14018968 0.18165056 0.13361884
 0.15794589 0.14946089 0.14859944 0.16499541 0.1547505  0.1715896
 0.17583948 0.1787432  0.17344961 0.16281817 0.15914623 0.15606404
 0.14180734 0.17249045 0.11744267 0.16750556 0.1842997  0.11017275
 0.14887715 0.1646877  0.18022183 0.15757409 0.14910632 0.15701937
 0.14200234 0.17588839 0.1416962  0.16975403 0.16975338 0.14520768
 0.14599894 0.14497984 0.13661294 0.14368959 0.14729306 0.18628479
 0.17370247 0.17389722 0.1769996  0.1376313  0.13339354 0.12836795
 0.14469923 0.18899001 0.19107038 0.17494963 0.17168615 0.16435512
 0.13004988 0.13028092 0.15241271 0.16172253 0.14756764 0.1619202
 0.16521478 0.12533363 0.17737799 0.14951474 0.15005625 0.12325733
 0.14688906 0.16357152 0.1470813  0.18588616 0.10858348 0.15319926
 0.16227484 0.18760199 0.17109548 0.16841833 0.15325746 0.13284579
 0.16992593 0.17178802 0.15696303 0.16197039 0.15781758 0.18464331
 0.17385525 0.15390005]
delta_repeat-2
BERT
[0.7960149  0.79569    0.80741996 0.80366105 0.80364364 0.7998896
 0.7941941  0.7977788  0.8004058  0.7957057  0.79495287 0.8009634
 0.8029386  0.8069864  0.80106336 0.7965975  0.80238557 0.80194044
 0.80217075 0.792512   0.8036483  0.79497564 0.7938144  0.7949284
 0.79783386 0.8047824  0.8038393  0.80380315 0.8002324  0.8071292
 0.8010558  0.80048466 0.80434537 0.8033686  0.8053039  0.79908967
 0.80259013 0.80329543 0.802783   0.7965123  0.8006262  0.79797757
 0.8036837  0.8079997  0.79393303 0.79287076 0.80077857 0.7970289
 0.8085805  0.8029875  0.8003757  0.8084304  0.79885453 0.8078615
 0.8044424  0.79414105 0.8068692  0.8008358  0.79507816 0.8017581
 0.8112378  0.79612035 0.80062467 0.7946185  0.8041427  0.8062223
 0.7999397  0.80451816 0.7945883  0.7984688  0.7972721  0.8107915
 0.79146457 0.7943629  0.80924064 0.8013203  0.79453677 0.8016189
 0.8063981  0.7980468  0.80776227 0.8002822  0.7964103  0.8079928
 0.8068761  0.805334   0.8013269  0.80136174 0.8053921  0.8038907
 0.79760224 0.80715746 0.7930399  0.7975215  0.8051501  0.8054423
 0.7949724  0.8049752  0.80657125 0.80250263 0.79067624 0.8066023
 0.79896617 0.79742503 0.7896789  0.79602915 0.79103804 0.8076621
 0.7996319  0.7982055  0.8032446  0.81144935 0.8071397  0.80086863
 0.8051354  0.79488766 0.79663    0.7936271  0.80578464 0.8019807
 0.80350316 0.8034842  0.7944708  0.80185103 0.80187196 0.8015669
 0.799741   0.80212903 0.8035202  0.79734963 0.79832786 0.7948441
 0.7928911  0.8102964  0.79485554 0.79496735 0.80138946 0.7949496
 0.79988235 0.80967134 0.7981229  0.79968077 0.7970964  0.8054829
 0.797651   0.80591583 0.80018836 0.80688214 0.8072545  0.80491006
 0.80369186 0.79255074 0.7996501  0.7987175  0.7989912  0.8057477
 0.801782   0.80311453 0.80518794 0.7946194  0.79401535 0.79614025
 0.80709505 0.8092751  0.8092086  0.8049394  0.8128256  0.8030676
 0.79870725 0.7979685  0.79136556 0.79705316 0.7929155  0.81181914
 0.8045769  0.7941688  0.805153   0.8002509  0.8019611  0.7974283
 0.8052537  0.80022216 0.8102878  0.8051075  0.7952812  0.80052346
 0.80303293 0.81059843 0.80033845 0.8013078  0.80981094 0.79738384
 0.80400234 0.81004584 0.7932986  0.80031306 0.79744005 0.8030456
 0.80622464 0.7987511 ]
[nltk_data] Downloading package wordnet to /mnt/iusers01/fse-
[nltk_data]     ugpgt01/compsci01/q12628ct/nltk_data...
[nltk_data]   Package wordnet is already up-to-date!
[nltk_data] Downloading package punkt_tab to /mnt/iusers01/fse-
[nltk_data]     ugpgt01/compsci01/q12628ct/nltk_data...
[nltk_data]   Package punkt_tab is already up-to-date!
[nltk_data] Downloading package omw-1.4 to /mnt/iusers01/fse-
[nltk_data]     ugpgt01/compsci01/q12628ct/nltk_data...
[nltk_data]   Package omw-1.4 is already up-to-date!
/mnt/iusers01/fse-ugpgt01/compsci01/q12628ct/.conda/envs/semantic-decoding/lib/python3.10/site-packages/huggingface_hub/file_download.py:945: FutureWarning: `resume_download` is deprecated and will be removed in version 1.0.0. Downloads always resume when possible. If you want to force a new download, use `force_download=True`.
  warnings.warn(
Some weights of the model checkpoint at roberta-large were not used when initializing RobertaModel: ['lm_head.dense.bias', 'lm_head.layer_norm.weight', 'lm_head.layer_norm.bias', 'lm_head.dense.weight', 'lm_head.bias']
- This IS expected if you are initializing RobertaModel from the checkpoint of a model trained on another task or with another architecture (e.g. initializing a BertForSequenceClassification model from a BertForPreTraining model).
- This IS NOT expected if you are initializing RobertaModel from the checkpoint of a model that you expect to be exactly identical (initializing a BertForSequenceClassification model from a BertForSequenceClassification model).
Some weights of RobertaModel were not initialized from the model checkpoint at roberta-large and are newly initialized: ['roberta.pooler.dense.weight', 'roberta.pooler.dense.bias']
You should probably TRAIN this model on a down-stream task to be able to use it for predictions and inference.
echo_repeat-1
WER
[-0.01290591 -0.0361091  -0.0452338  -0.02135374 -0.03555211 -0.0468162
 -0.03955813 -0.0256184  -0.02843237 -0.03838217 -0.02241275 -0.03575438
 -0.03365142 -0.03572901 -0.03896381 -0.04518176 -0.02696913 -0.02944755
 -0.03965778 -0.02405802 -0.03752387 -0.04495508 -0.04277744 -0.04338656
 -0.04644653  0.00339423 -0.02873615 -0.03853891 -0.0348882  -0.03862218
 -0.04278051 -0.0055521  -0.03723185 -0.04468806 -0.02290097 -0.03433462
 -0.03713695 -0.01342178 -0.0232875  -0.0359331  -0.02408245 -0.0428516
 -0.02912146 -0.05152297 -0.04137482 -0.03912791 -0.03634451 -0.03840384
 -0.0265732  -0.0475301  -0.02698291 -0.03103594 -0.03312109 -0.02160961
 -0.03016889 -0.03756136 -0.0426121  -0.02146999 -0.03806286 -0.02046622
 -0.02046026 -0.02236292 -0.03784625 -0.01839595 -0.03367899 -0.03928442
 -0.01483632 -0.04387236 -0.03969106 -0.03782252 -0.0431395  -0.02873667
 -0.03652587 -0.04127394 -0.02118533 -0.03155072 -0.03426816 -0.02419775
 -0.03725605 -0.02122658 -0.03026    -0.03626052 -0.0412683  -0.01618088
 -0.03350719 -0.02761903 -0.03928866 -0.03557076 -0.03822089 -0.02772535
 -0.02191905 -0.02488878 -0.02755086 -0.03655955 -0.03789014 -0.029493
 -0.01749415 -0.04830663 -0.03174292 -0.04099521 -0.03781911 -0.02037427
 -0.02701072 -0.03353294 -0.01340771 -0.02551822 -0.03425174 -0.0475423
 -0.02505175 -0.02782707 -0.03606615 -0.03980034 -0.03118925 -0.03253646
 -0.03908143 -0.02545071 -0.04267351 -0.02468123 -0.03925669 -0.023626
 -0.03330143 -0.02592548 -0.02006141 -0.03446568 -0.03686623 -0.04671006
 -0.04526585 -0.03457554 -0.04481204 -0.028534   -0.03507558 -0.02076322
 -0.02483197 -0.0148365  -0.0288522  -0.03737836 -0.02828205 -0.03365161
 -0.03478074 -0.05150022 -0.04778338 -0.03142638 -0.03445511 -0.04023068
 -0.02184303 -0.05038615 -0.03631129 -0.02814867 -0.04644716 -0.04136697
 -0.04962493 -0.03176061 -0.02613738 -0.0413517  -0.03352613 -0.04470813
 -0.04015392 -0.04363423 -0.03567232 -0.0262221  -0.00248048 -0.02341859
 -0.03232602 -0.03487682 -0.03752891 -0.02898888 -0.0221903  -0.03574283
 -0.04028144 -0.01869785 -0.02022974 -0.03960931 -0.02989804 -0.02732356
 -0.03309103 -0.03610547 -0.03472396 -0.02871681 -0.0427896  -0.0391396
 -0.03857764 -0.02485842 -0.04909108 -0.03398665 -0.04580943 -0.03809269
 -0.0364041  -0.04726786 -0.02993371 -0.04379482 -0.03565686 -0.04081109
 -0.04138283 -0.01747551 -0.0344276  -0.0353743  -0.03186406 -0.0484074
 -0.02487374 -0.02325266]
echo_repeat-1
BLEU
[0.21118063 0.15279854 0.12709989 0.17205365 0.14918482 0.19259591
 0.15360378 0.15376915 0.17376198 0.19592052 0.14144984 0.15141843
 0.18307394 0.15671265 0.16300397 0.10950337 0.14457784 0.17123311
 0.15452778 0.18323083 0.15559004 0.17297214 0.12707467 0.16632973
 0.14337991 0.16545931 0.21112739 0.17757251 0.1749495  0.16728376
 0.15562433 0.17836691 0.12362508 0.16624994 0.20754229 0.18345117
 0.13400971 0.19201534 0.17080003 0.20272636 0.19180995 0.16003867
 0.15213061 0.13671289 0.11919741 0.11489337 0.17449809 0.16125684
 0.14803835 0.1725833  0.16074829 0.13125123 0.19921114 0.17510862
 0.17727014 0.15532864 0.16943414 0.18566762 0.16998099 0.14783998
 0.16110963 0.16239781 0.15407783 0.17777098 0.15957702 0.17878057
 0.17413347 0.13923219 0.14886567 0.12585617 0.15484527 0.18676659
 0.13076219 0.17945279 0.15410194 0.15433038 0.1343234  0.1720026
 0.14652202 0.14548429 0.21189349 0.18615409 0.17517591 0.19905255
 0.14353635 0.15032692 0.16392651 0.14782053 0.18349924 0.15738504
 0.14460984 0.16954194 0.16908129 0.15707329 0.12305886 0.14427263
 0.1571817  0.14669186 0.17479111 0.1228561  0.14449989 0.19822125
 0.18840603 0.18359928 0.167539   0.17249988 0.17321817 0.13111783
 0.19601207 0.1729484  0.16301457 0.19814622 0.16656261 0.16302344
 0.16217827 0.15476017 0.1719526  0.17461834 0.14741121 0.16430137
 0.16709391 0.14024593 0.17774708 0.184075   0.16816507 0.14191579
 0.13367698 0.1585546  0.18250362 0.13839318 0.18044591 0.15894315
 0.17501667 0.14059595 0.1834847  0.178111   0.15132478 0.13276299
 0.19139973 0.17500305 0.15042742 0.18096949 0.15225542 0.13220539
 0.18522919 0.14213993 0.1609228  0.1330771  0.16794464 0.15356797
 0.15648531 0.16323465 0.1792116  0.15574371 0.16802305 0.14269459
 0.16463715 0.13090547 0.15065096 0.16218343 0.19667427 0.19484243
 0.16985281 0.20885347 0.20073234 0.19353251 0.16521375 0.17831318
 0.16573674 0.16586093 0.16896213 0.16611712 0.15969489 0.21500577
 0.15323472 0.12207666 0.15204769 0.14176125 0.18942646 0.169988
 0.13570613 0.17910439 0.13716398 0.16050726 0.15044202 0.1516854
 0.15663442 0.12364875 0.17339709 0.18155935 0.17612691 0.1459514
 0.15989247 0.19956892 0.10097402 0.17876098 0.14831665 0.14739739
 0.16507017 0.18513813]
echo_repeat-1
METEOR
[0.13752666 0.10652183 0.08462079 0.12467317 0.08859474 0.13108941
 0.10218866 0.09756778 0.10756614 0.12544137 0.09668694 0.0997312
 0.13796161 0.09835634 0.09884161 0.07795428 0.10166838 0.12313292
 0.10258989 0.11817192 0.09012236 0.11823756 0.08380392 0.11361249
 0.10322444 0.09874183 0.1480259  0.12514016 0.11630719 0.12333522
 0.10453969 0.12657506 0.08756577 0.09899148 0.12894399 0.11819183
 0.08193465 0.11515247 0.11348064 0.13483571 0.12204603 0.09180641
 0.10366876 0.0999236  0.07758925 0.08967188 0.1126876  0.10197822
 0.09200751 0.12392451 0.10865459 0.07797424 0.12137619 0.113874
 0.12011871 0.11110367 0.11772027 0.13402761 0.12083318 0.10722326
 0.12361847 0.09954207 0.09513527 0.11238444 0.10698087 0.11802941
 0.12005989 0.08852739 0.11528669 0.08026337 0.0886267  0.1147138
 0.08860392 0.13524901 0.09776926 0.11744212 0.09324405 0.11656349
 0.10121421 0.1111386  0.12867406 0.11543838 0.12710058 0.13493016
 0.08959751 0.11172309 0.0997651  0.09453998 0.13230376 0.11295704
 0.08832176 0.1038771  0.11006738 0.09902453 0.07981573 0.1077428
 0.10460454 0.09903942 0.12283111 0.08578595 0.09834105 0.12135312
 0.12724862 0.11077504 0.09846803 0.10258208 0.1284965  0.09275925
 0.11914232 0.11634387 0.11660228 0.12508051 0.09451222 0.12498081
 0.09683042 0.11493954 0.10307758 0.11098367 0.11883365 0.10456469
 0.11600825 0.09570396 0.11076794 0.12597485 0.10870057 0.09412685
 0.09053521 0.11116139 0.11262227 0.0911701  0.11345701 0.11526644
 0.11539949 0.10423874 0.11790238 0.11330175 0.09636979 0.0825449
 0.1150487  0.13100991 0.09868307 0.11071675 0.09610862 0.08981622
 0.11457575 0.0986379  0.10577665 0.10057644 0.117877   0.10073557
 0.10537042 0.11154342 0.10996973 0.10318438 0.10578084 0.10344842
 0.10389857 0.10102402 0.10186707 0.12194648 0.12979535 0.12497116
 0.11436161 0.13715149 0.14013978 0.12167051 0.09403348 0.11663523
 0.12335251 0.10254898 0.11530527 0.10038269 0.09775207 0.1415855
 0.11014945 0.10335597 0.09768504 0.09280182 0.11387453 0.10629654
 0.09653155 0.11379875 0.0974058  0.10817961 0.10369095 0.10065187
 0.11803199 0.09354394 0.11275035 0.11302865 0.10347884 0.09952671
 0.11392227 0.13497493 0.08249906 0.11723423 0.0998363  0.10840136
 0.10506526 0.12749032]
echo_repeat-1
BERT
[0.78123176 0.78338295 0.78479403 0.78001565 0.78029335 0.78157204
 0.7819459  0.7819001  0.7854417  0.78048015 0.78014    0.7798535
 0.782468   0.77879596 0.7800194  0.77853125 0.78373104 0.7832874
 0.77665097 0.7843925  0.77994454 0.7821061  0.7793884  0.78158814
 0.7782918  0.78341573 0.7845409  0.78377753 0.78324413 0.78282416
 0.78274983 0.7772076  0.77907395 0.77796733 0.7843707  0.7807982
 0.7774316  0.7810642  0.7839642  0.78335804 0.7839997  0.7814233
 0.78333896 0.7793639  0.7797296  0.78109926 0.78269124 0.78036046
 0.77919376 0.7816311  0.7839153  0.7796139  0.7841647  0.7810775
 0.7836108  0.7780273  0.7805408  0.7784194  0.78184605 0.78019685
 0.7820597  0.78169876 0.7787423  0.7835723  0.7809725  0.7771491
 0.7816233  0.7782912  0.78376853 0.778069   0.77921903 0.7852667
 0.7797625  0.7830699  0.77883685 0.7795875  0.7784342  0.78108114
 0.780284   0.779336   0.7793793  0.77976125 0.78012455 0.78434724
 0.77952904 0.78130025 0.78020096 0.78075695 0.78428763 0.780167
 0.78199685 0.7769179  0.77863896 0.7836983  0.7803606  0.7775951
 0.7845164  0.7825683  0.7776761  0.77841043 0.7789236  0.78794545
 0.7856384  0.7842024  0.78379107 0.7841102  0.7820922  0.7795677
 0.78465897 0.78021455 0.78203976 0.7839604  0.7764196  0.78340715
 0.7814724  0.78061134 0.7807589  0.7814718  0.78388286 0.78003514
 0.78491414 0.7780733  0.7830858  0.77899057 0.7817675  0.78553486
 0.7793095  0.77962315 0.7794944  0.7813489  0.7772619  0.7828385
 0.7886425  0.7797194  0.7860462  0.7804181  0.7813798  0.77873856
 0.7776735  0.78506523 0.7814974  0.7847662  0.77915335 0.7770977
 0.78473866 0.77843034 0.7835171  0.7799406  0.77988136 0.77527875
 0.7822163  0.7809492  0.78328353 0.77996    0.7813105  0.77840745
 0.7803516  0.7790172  0.78041965 0.7791582  0.78282684 0.78384084
 0.77850246 0.783029   0.7802124  0.78296393 0.78144294 0.7828304
 0.78047246 0.7844263  0.78370434 0.78068346 0.78116024 0.78205436
 0.78140306 0.7796691  0.780647   0.7790511  0.77770776 0.7781406
 0.77970284 0.78262067 0.78006905 0.7804473  0.78032565 0.77868736
 0.7838788  0.7795141  0.7821949  0.7804329  0.77931565 0.7763893
 0.78162795 0.7773634  0.781967   0.7771379  0.78138554 0.78246206
 0.78058577 0.78056765]
[nltk_data] Downloading package wordnet to /mnt/iusers01/fse-
[nltk_data]     ugpgt01/compsci01/q12628ct/nltk_data...
[nltk_data]   Package wordnet is already up-to-date!
[nltk_data] Downloading package punkt_tab to /mnt/iusers01/fse-
[nltk_data]     ugpgt01/compsci01/q12628ct/nltk_data...
[nltk_data]   Package punkt_tab is already up-to-date!
[nltk_data] Downloading package omw-1.4 to /mnt/iusers01/fse-
[nltk_data]     ugpgt01/compsci01/q12628ct/nltk_data...
[nltk_data]   Package omw-1.4 is already up-to-date!
/mnt/iusers01/fse-ugpgt01/compsci01/q12628ct/.conda/envs/semantic-decoding/lib/python3.10/site-packages/huggingface_hub/file_download.py:945: FutureWarning: `resume_download` is deprecated and will be removed in version 1.0.0. Downloads always resume when possible. If you want to force a new download, use `force_download=True`.
  warnings.warn(
Some weights of the model checkpoint at roberta-large were not used when initializing RobertaModel: ['lm_head.dense.bias', 'lm_head.dense.weight', 'lm_head.bias', 'lm_head.layer_norm.bias', 'lm_head.layer_norm.weight']
- This IS expected if you are initializing RobertaModel from the checkpoint of a model trained on another task or with another architecture (e.g. initializing a BertForSequenceClassification model from a BertForPreTraining model).
- This IS NOT expected if you are initializing RobertaModel from the checkpoint of a model that you expect to be exactly identical (initializing a BertForSequenceClassification model from a BertForSequenceClassification model).
Some weights of RobertaModel were not initialized from the model checkpoint at roberta-large and are newly initialized: ['roberta.pooler.dense.bias', 'roberta.pooler.dense.weight']
You should probably TRAIN this model on a down-stream task to be able to use it for predictions and inference.
echo_repeat-2
WER
[-0.05609516 -0.05229988 -0.04584802 -0.06118753 -0.04918435 -0.08431958
 -0.07257975 -0.06733594 -0.07016221 -0.05567235 -0.065663   -0.06609429
 -0.05716103 -0.08002447 -0.06293779 -0.06978558 -0.06850822 -0.05546793
 -0.06754602 -0.07224591 -0.05123437 -0.08774499 -0.06066465 -0.07161664
 -0.06495234 -0.08131179 -0.07623    -0.07655041 -0.06360844 -0.08164383
 -0.07071662 -0.07389431 -0.07432322 -0.04168243 -0.07337355 -0.07110652
 -0.07228887 -0.07035022 -0.07630919 -0.06857773 -0.05709582 -0.08823277
 -0.0754009  -0.05315607 -0.05284115 -0.06045688 -0.07696577 -0.08486515
 -0.07047415 -0.06871245 -0.07534502 -0.07388826 -0.08241503 -0.05928637
 -0.07454381 -0.06975989 -0.06557924 -0.07403243 -0.06596976 -0.07797807
 -0.06652455 -0.07830425 -0.0659615  -0.05550748 -0.06245477 -0.06468489
 -0.07332615 -0.06259476 -0.06768273 -0.06078734 -0.05793218 -0.06263038
 -0.06247393 -0.08362074 -0.0798098  -0.06744451 -0.07497055 -0.07480608
 -0.07691738 -0.06175844 -0.07197565 -0.08487109 -0.07717846 -0.07356445
 -0.04255826 -0.06529703 -0.05892659 -0.06419593 -0.07662726 -0.05056781
 -0.08395943 -0.06402724 -0.06318313 -0.07407825 -0.07484092 -0.08320831
 -0.0705795  -0.0694057  -0.06257849 -0.06768898 -0.08116536 -0.05914639
 -0.04981074 -0.07657641 -0.07809763 -0.0734143  -0.06371074 -0.08003733
 -0.07245002 -0.06434528 -0.06043249 -0.08766049 -0.07633829 -0.06304082
 -0.06613126 -0.08248464 -0.07989702 -0.07259501 -0.04961312 -0.06645908
 -0.04955134 -0.0666386  -0.05282029 -0.07132654 -0.05626428 -0.05013811
 -0.07434876 -0.075415   -0.08209825 -0.05545135 -0.07530629 -0.06036566
 -0.07146947 -0.06491717 -0.05981455 -0.06967714 -0.06609213 -0.05929818
 -0.08032079 -0.06759321 -0.0570686  -0.05262261 -0.07629609 -0.07695041
 -0.06798654 -0.06859959 -0.07277987 -0.08880981 -0.06035633 -0.08605318
 -0.06413169 -0.07642621 -0.04297927 -0.08329252 -0.0739573  -0.07157236
 -0.0766007  -0.06300385 -0.04540367 -0.05940554 -0.07335744 -0.07946111
 -0.07622225 -0.07765559 -0.06466438 -0.07689188 -0.05651476 -0.06089048
 -0.07694029 -0.06980069 -0.06263452 -0.07076994 -0.06765799 -0.06745752
 -0.07725141 -0.06437299 -0.07183517 -0.05047608 -0.06754012 -0.071701
 -0.0557583  -0.06103368 -0.06956776 -0.07816409 -0.06813464 -0.07302583
 -0.05664874 -0.06800073 -0.0534099  -0.05494378 -0.06008116 -0.05550383
 -0.07335885 -0.0632151  -0.06702222 -0.07418054 -0.08157011 -0.07266676
 -0.06311415 -0.08102899]
echo_repeat-2
BLEU
[0.17820102 0.18521612 0.20675898 0.16557927 0.17652142 0.14898288
 0.15832305 0.17043009 0.16341665 0.1550776  0.13935246 0.13101727
 0.17442606 0.15051069 0.17252075 0.16060163 0.15483266 0.17269195
 0.15723247 0.1772892  0.17327885 0.15707923 0.16853854 0.16579396
 0.17893643 0.19104431 0.16189201 0.14343622 0.19764538 0.17296652
 0.16897447 0.14527107 0.15121407 0.19210214 0.17718375 0.16520331
 0.15442449 0.1844757  0.18415233 0.12880994 0.17123976 0.10125126
 0.13347345 0.16285877 0.15809826 0.15046686 0.14708805 0.14231133
 0.14862468 0.18398022 0.18201778 0.1443797  0.13278865 0.17138434
 0.15717712 0.14876287 0.13276577 0.19336536 0.18926287 0.13851603
 0.18258089 0.15922297 0.16131724 0.17854033 0.13855075 0.17041223
 0.16155732 0.15525467 0.1568231  0.16269993 0.16444138 0.17018827
 0.16835069 0.18714675 0.1637822  0.17803195 0.14992153 0.12662882
 0.16881363 0.21744742 0.12053311 0.17668597 0.13498472 0.15908306
 0.18221356 0.15679295 0.16868534 0.17409495 0.15339569 0.18045703
 0.13911356 0.15165956 0.16604494 0.13263103 0.12606026 0.14565694
 0.1463927  0.14822946 0.14623705 0.1746742  0.10987875 0.16964251
 0.19517081 0.15083835 0.16955262 0.15367093 0.16867121 0.1630786
 0.14950865 0.16059237 0.20219057 0.13050658 0.14043794 0.15685694
 0.12976829 0.14953697 0.17196062 0.17075141 0.21783515 0.17272279
 0.1780318  0.16784819 0.13029963 0.1621233  0.19344922 0.21451678
 0.13524907 0.13936002 0.16111721 0.15258842 0.14721823 0.17210674
 0.13006709 0.15326144 0.16609869 0.12967751 0.14228751 0.15823733
 0.10795685 0.16645485 0.1630177  0.14313922 0.12837698 0.16229514
 0.18690017 0.16568142 0.13659617 0.13823175 0.14510246 0.15906779
 0.16574767 0.15125075 0.20432327 0.16275051 0.16054739 0.16561207
 0.15632705 0.20128484 0.16748373 0.14228615 0.14658713 0.11379561
 0.17578343 0.13260135 0.1725272  0.17133817 0.14786442 0.16777125
 0.16300422 0.16205244 0.17755925 0.17321896 0.10746932 0.18738755
 0.16855432 0.18095623 0.14451573 0.18576784 0.17732733 0.18545922
 0.15669601 0.16357828 0.15516998 0.13510132 0.17897818 0.17549803
 0.18399779 0.19621489 0.18382703 0.15985204 0.16264682 0.17062072
 0.17692587 0.15293177 0.15485538 0.13921228 0.15068268 0.15271625
 0.1452525  0.13524039]
echo_repeat-2
METEOR
[0.11455799 0.11784367 0.1433805  0.12384082 0.12245729 0.09748248
 0.11484628 0.10780629 0.0975871  0.11005833 0.09319157 0.08705474
 0.11903149 0.09881164 0.10629001 0.11003664 0.10687517 0.1129902
 0.11066973 0.12662493 0.12228043 0.10581326 0.13081418 0.10927071
 0.11529406 0.12124261 0.11430491 0.09630894 0.13801828 0.11650912
 0.10272357 0.09354296 0.10138004 0.13572144 0.10981927 0.10357078
 0.10123833 0.11167954 0.136648   0.09199221 0.11763806 0.0737913
 0.08678876 0.10471489 0.09704601 0.09895605 0.11300377 0.0994996
 0.09763639 0.11236429 0.11363926 0.09867983 0.0892403  0.12234145
 0.10077783 0.10241403 0.09443192 0.15705084 0.1334554  0.09132392
 0.12794978 0.10156008 0.10545953 0.10510031 0.09806764 0.11689424
 0.10970058 0.09254542 0.11729192 0.10951466 0.111689   0.11947182
 0.10334283 0.11808366 0.10849619 0.1253731  0.09569547 0.07366628
 0.1212815  0.15263585 0.08934319 0.1160146  0.09841002 0.10720366
 0.11174642 0.0957977  0.11165819 0.11964118 0.11705178 0.12158076
 0.09540705 0.10399944 0.10843792 0.08191314 0.0887231  0.09235478
 0.0969336  0.09911601 0.1044259  0.11813608 0.09329818 0.10964549
 0.13728497 0.11128073 0.10331504 0.10433777 0.12863318 0.1117981
 0.09788896 0.1239766  0.13623993 0.08078992 0.09350084 0.12096063
 0.09884683 0.08830841 0.11316213 0.10568255 0.13556985 0.12518489
 0.11119127 0.12212746 0.09128965 0.10668585 0.13141663 0.14491956
 0.09773927 0.09512543 0.10850218 0.10366421 0.10297295 0.13083981
 0.09139637 0.11828607 0.10439769 0.09296691 0.09744259 0.12322344
 0.07676041 0.11196549 0.10269176 0.10756856 0.09662768 0.11473406
 0.11636574 0.10065745 0.0922655  0.10197444 0.09979647 0.10939864
 0.10126047 0.10955656 0.14048885 0.12303025 0.10518674 0.10037349
 0.10891967 0.12273331 0.11250731 0.09819544 0.10827104 0.08975216
 0.12391613 0.0957705  0.11030838 0.11131326 0.10852408 0.1014254
 0.10626159 0.10801262 0.13462671 0.10900156 0.07975538 0.12765798
 0.11582335 0.12155308 0.09516417 0.12615687 0.1069592  0.11331756
 0.10333182 0.11313768 0.10520848 0.08266452 0.13067782 0.11010761
 0.11164997 0.12745489 0.13653149 0.10725175 0.12251746 0.10836167
 0.11966002 0.09963897 0.10424587 0.10463315 0.10225636 0.11187537
 0.09370394 0.10507915]
echo_repeat-2
BERT
[0.7799612  0.7846522  0.7860804  0.7821413  0.7844525  0.77918637
 0.7810629  0.7856225  0.7806324  0.7826899  0.7811339  0.7784078
 0.7838558  0.7811004  0.7853628  0.7760556  0.7870315  0.78157306
 0.7804837  0.7845321  0.77838933 0.7820082  0.7819443  0.77925843
 0.78147423 0.7844759  0.78464115 0.7791032  0.7826349  0.7823123
 0.7829097  0.7815653  0.7818914  0.7884948  0.78317475 0.7850977
 0.778929   0.7750256  0.7868658  0.77991265 0.7800418  0.7766035
 0.78221565 0.78422433 0.786675   0.783061   0.7812316  0.78069055
 0.78599185 0.7807932  0.780021   0.7850816  0.7798999  0.78102624
 0.77888054 0.7826046  0.7789679  0.7807184  0.77970415 0.7816021
 0.7796507  0.780208   0.7825105  0.7838891  0.77932686 0.7818529
 0.7803005  0.78057724 0.78175426 0.7774291  0.7805213  0.78288686
 0.78211075 0.78563595 0.7799513  0.78108114 0.7788977  0.77894413
 0.779262   0.7797965  0.7794757  0.7814421  0.77854645 0.777751
 0.7840462  0.7770951  0.78229386 0.78241116 0.78035825 0.77596503
 0.7795934  0.7827135  0.7814586  0.77875125 0.78072906 0.7800777
 0.7829334  0.77984273 0.7763699  0.7812193  0.7780505  0.7784626
 0.77928233 0.7776337  0.77766997 0.7797655  0.7786476  0.77628475
 0.7786435  0.7811219  0.7871802  0.78055644 0.7784875  0.7846862
 0.7828303  0.7793082  0.77782553 0.7804557  0.783242   0.7826541
 0.7803395  0.78020674 0.7810004  0.7791763  0.7808822  0.7842057
 0.7798465  0.7823103  0.7804444  0.7807786  0.78158027 0.7811455
 0.77862173 0.7824106  0.7787025  0.7814026  0.7819065  0.7796573
 0.7773905  0.78445405 0.78156227 0.7784707  0.77532417 0.78200096
 0.7794147  0.7809937  0.78163177 0.78025603 0.7826291  0.77908313
 0.778906   0.7833852  0.78525627 0.77602696 0.7822808  0.77949625
 0.7842999  0.7825723  0.78363514 0.78145635 0.7803623  0.7768077
 0.7799271  0.78006643 0.78469265 0.7812484  0.78286976 0.78126293
 0.78040314 0.78070766 0.7826963  0.7821343  0.78038496 0.784034
 0.7853221  0.78414583 0.7809256  0.7891388  0.7800943  0.78159016
 0.783531   0.7801926  0.7801745  0.783466   0.78181934 0.7805533
 0.7832464  0.7788842  0.7791593  0.78394336 0.7802054  0.78498363
 0.7810916  0.78214246 0.7796351  0.779034   0.7808773  0.78374237
 0.7839954  0.77788514]
[nltk_data] Downloading package wordnet to /mnt/iusers01/fse-
[nltk_data]     ugpgt01/compsci01/q12628ct/nltk_data...
[nltk_data]   Package wordnet is already up-to-date!
[nltk_data] Downloading package punkt_tab to /mnt/iusers01/fse-
[nltk_data]     ugpgt01/compsci01/q12628ct/nltk_data...
[nltk_data]   Package punkt_tab is already up-to-date!
[nltk_data] Downloading package omw-1.4 to /mnt/iusers01/fse-
[nltk_data]     ugpgt01/compsci01/q12628ct/nltk_data...
[nltk_data]   Package omw-1.4 is already up-to-date!
/mnt/iusers01/fse-ugpgt01/compsci01/q12628ct/.conda/envs/semantic-decoding/lib/python3.10/site-packages/huggingface_hub/file_download.py:945: FutureWarning: `resume_download` is deprecated and will be removed in version 1.0.0. Downloads always resume when possible. If you want to force a new download, use `force_download=True`.
  warnings.warn(
Some weights of the model checkpoint at roberta-large were not used when initializing RobertaModel: ['lm_head.dense.bias', 'lm_head.layer_norm.weight', 'lm_head.bias', 'lm_head.layer_norm.bias', 'lm_head.dense.weight']
- This IS expected if you are initializing RobertaModel from the checkpoint of a model trained on another task or with another architecture (e.g. initializing a BertForSequenceClassification model from a BertForPreTraining model).
- This IS NOT expected if you are initializing RobertaModel from the checkpoint of a model that you expect to be exactly identical (initializing a BertForSequenceClassification model from a BertForSequenceClassification model).
Some weights of RobertaModel were not initialized from the model checkpoint at roberta-large and are newly initialized: ['roberta.pooler.dense.bias', 'roberta.pooler.dense.weight']
You should probably TRAIN this model on a down-stream task to be able to use it for predictions and inference.
wheretheressmoke
WER
[0.03479599 0.02893234 0.03361506 0.03367429 0.0399191  0.03214452
 0.03222087 0.0341038  0.04049499 0.02655811 0.04230733 0.03334987
 0.03932672 0.03654438 0.03081784 0.03323712 0.03284853 0.03813606
 0.03108988 0.02984083 0.03494313 0.03722692 0.03272008 0.03301624
 0.03560652 0.03504395 0.03681081 0.03530019 0.03108565 0.03369245
 0.02755071 0.03270836 0.0324481  0.0334533  0.02966984 0.04369732
 0.03578556 0.02572291 0.03185905 0.03101841 0.03126295 0.03013323
 0.03767638 0.03184132 0.03671279 0.03405372 0.030304   0.03384059
 0.0349448  0.03042619 0.03579069 0.03392142 0.03464342 0.02946693
 0.0327323  0.0372741  0.03463274 0.03167593 0.02903761 0.03382702
 0.03493512 0.033276   0.03428347 0.03185454 0.0361166  0.03618366
 0.03338877 0.03107065 0.03552163 0.0377227  0.03177364 0.02936121
 0.03215158 0.03013468 0.03068137 0.0320814  0.03947095 0.03099493
 0.03818075 0.0334736  0.03512928 0.03431583 0.03852675 0.03260006
 0.033338   0.03600686 0.03750738 0.03476875 0.03727276 0.03519186
 0.02944369 0.03756612 0.02867123 0.03458725 0.03576773 0.03849824
 0.03028759 0.03659343 0.02867738 0.02979689 0.03054335 0.03110523
 0.03331481 0.03389964 0.03290881 0.03386531 0.03059183 0.03541854
 0.03634836 0.03681795 0.03560808 0.04400605 0.03214681 0.0391035
 0.03363666 0.03018522 0.03653876 0.03324614 0.03127272 0.04020861
 0.02932695 0.03712941 0.02990326 0.03600037 0.03247254 0.0337436
 0.0339466  0.03027212 0.02915895 0.03784808 0.03453375 0.03206244
 0.03023073 0.0304067  0.03299575 0.03778956 0.03285386 0.03809214
 0.03922678 0.03026507 0.03114145 0.03354347 0.02977292 0.03165149
 0.03331674 0.03917383 0.03045465 0.0302343  0.02879273 0.03412719
 0.0312593  0.03116692 0.03979474 0.03447096 0.03181632 0.03725713
 0.03720483 0.03461207 0.03774526 0.02967236 0.03670261 0.0322239
 0.03489794 0.03280222 0.0314272  0.03214354 0.03527407 0.03266994
 0.03477229 0.0350408  0.03699016 0.03445415 0.02795013 0.03519869
 0.0354612  0.03621637 0.03449345 0.03188398 0.03282853 0.03405863
 0.03547962 0.03384703 0.03242376 0.0330511  0.03637421 0.03455069
 0.03395445 0.03279703 0.02956627 0.03582968 0.03354869 0.03321263
 0.03866099 0.02544131 0.03777841 0.03303146 0.03616723 0.0273074
 0.03279815 0.032583  ]
wheretheressmoke
BLEU
[0.19183639 0.17775669 0.20038034 0.18459921 0.19804515 0.18293729
 0.19569005 0.18768675 0.19184601 0.17269465 0.19637335 0.18945281
 0.19304062 0.18457108 0.17846971 0.17994596 0.1871401  0.19910763
 0.19056016 0.18386474 0.18432585 0.19902137 0.19137083 0.18239684
 0.19072635 0.18620215 0.19267242 0.1959235  0.17888936 0.19077412
 0.18612517 0.18772125 0.19486067 0.18706974 0.18139781 0.19779565
 0.18746997 0.1880175  0.19176541 0.18439216 0.17925461 0.17300112
 0.18812041 0.19153819 0.19150918 0.19286363 0.17788814 0.19150998
 0.19003189 0.17935172 0.18340552 0.18913979 0.19859072 0.17961383
 0.19056823 0.19026679 0.18655118 0.18603359 0.17356558 0.19956493
 0.1944953  0.19234493 0.19260579 0.19005689 0.18331583 0.18805425
 0.18296366 0.17718416 0.19244647 0.1913589  0.18007252 0.17559616
 0.19439763 0.18866106 0.18589348 0.19304301 0.18028074 0.1924714
 0.20487721 0.17862563 0.18481432 0.19064534 0.1974153  0.19646357
 0.19650715 0.19412418 0.17797163 0.1836825  0.18523757 0.18702208
 0.17891325 0.18815517 0.18504102 0.18679402 0.19739552 0.17888294
 0.18642508 0.18893348 0.18700259 0.18022037 0.19527339 0.18033098
 0.19659121 0.18522594 0.19091993 0.18796422 0.18992524 0.18895021
 0.18412121 0.18312625 0.19006595 0.20378365 0.19353954 0.20242925
 0.19575516 0.18381585 0.18863206 0.17453999 0.1810312  0.18845444
 0.19032339 0.19241691 0.18482322 0.18976625 0.19233969 0.19124789
 0.18467979 0.18355142 0.17980868 0.18096557 0.1823139  0.18061537
 0.18393873 0.19153941 0.1864513  0.18793605 0.1937335  0.19544802
 0.19557797 0.17709479 0.18577506 0.17910948 0.18403372 0.18721094
 0.18165203 0.19375628 0.17342998 0.18083266 0.18428638 0.18288281
 0.1939424  0.1869419  0.19887619 0.18174747 0.19006297 0.19424257
 0.18621268 0.19311562 0.17898095 0.1858414  0.19726233 0.18830499
 0.19532572 0.19378905 0.18777228 0.19603616 0.1846464  0.18154412
 0.18878629 0.18941231 0.19126888 0.18814237 0.18649008 0.19718689
 0.18516501 0.19327444 0.19041225 0.18194635 0.19349596 0.19581949
 0.19170756 0.1865466  0.19445479 0.18463603 0.19392996 0.18715629
 0.1874818  0.1877471  0.17810418 0.19784227 0.19517648 0.18474068
 0.19666366 0.17513099 0.18805221 0.18150407 0.19033406 0.1769851
 0.19101655 0.17343892]
wheretheressmoke
METEOR
[0.1343295  0.1333374  0.14824777 0.13193388 0.14255039 0.1370475
 0.14029583 0.13354011 0.13687449 0.12739734 0.1410557  0.14115346
 0.14090461 0.13293574 0.12995956 0.13518691 0.14131041 0.13813348
 0.13868319 0.13279812 0.13433273 0.14071367 0.13815907 0.13273788
 0.13776207 0.1396949  0.1452403  0.14119561 0.13143992 0.13806566
 0.13554194 0.14206588 0.1388466  0.13772861 0.13548369 0.14712007
 0.13258438 0.14175981 0.13707906 0.13479455 0.13264939 0.13140914
 0.14029279 0.14101702 0.13654218 0.1457028  0.13211343 0.14251359
 0.14199594 0.12693147 0.1325219  0.13841795 0.14051081 0.13983206
 0.13545784 0.13629646 0.13543244 0.13821597 0.12836458 0.14383994
 0.13801482 0.13588043 0.14172969 0.13878284 0.13506042 0.13596403
 0.13082706 0.13190567 0.14139578 0.1366706  0.13523095 0.13378354
 0.14020132 0.13932019 0.13216908 0.14060451 0.13022546 0.14152452
 0.14325103 0.13366047 0.14044052 0.13681577 0.14529095 0.14160572
 0.14428853 0.14181494 0.12977959 0.13523044 0.13951297 0.14216629
 0.13097065 0.13241462 0.13738265 0.13676595 0.13993509 0.13372701
 0.14140542 0.13869649 0.13607888 0.13339041 0.14468264 0.13159108
 0.14118367 0.13874818 0.14039648 0.1391213  0.13770384 0.14069541
 0.13412011 0.13576793 0.13650208 0.1476969  0.14164163 0.14327908
 0.1420899  0.13429787 0.13590059 0.12722883 0.1370631  0.13553472
 0.13536975 0.13762735 0.13723285 0.13739601 0.13788981 0.1457373
 0.13369834 0.13339207 0.13478838 0.13510509 0.13578263 0.13078028
 0.13295552 0.13670983 0.13475941 0.14077757 0.1414773  0.14128462
 0.14313897 0.13549895 0.13105449 0.13589132 0.13787536 0.13811459
 0.13553042 0.14312007 0.12962828 0.13705652 0.13221136 0.13576278
 0.13503744 0.13790304 0.14685188 0.1371085  0.13901236 0.14097747
 0.1323675  0.13800038 0.12908467 0.14071512 0.14311268 0.13790009
 0.13938184 0.13663171 0.13472484 0.1397746  0.13930814 0.13422504
 0.138805   0.13222952 0.1378996  0.13992515 0.1354481  0.14201642
 0.1375949  0.14131014 0.13772001 0.13303498 0.14123274 0.14311439
 0.1418862  0.13705132 0.14488293 0.13411002 0.13929085 0.1361737
 0.14094889 0.14110221 0.13199316 0.14151961 0.14540153 0.13719434
 0.1429574  0.12914343 0.13997305 0.13399322 0.13518421 0.13543913
 0.13748081 0.12831225]
wheretheressmoke
BERT
[0.7881439  0.7893428  0.7894436  0.7885003  0.790337   0.78855085
 0.79022723 0.78914946 0.78941864 0.7893191  0.7890223  0.79031354
 0.7917244  0.7888216  0.789138   0.7891663  0.79029256 0.7904611
 0.7896277  0.7895464  0.78982514 0.7899367  0.78953254 0.79001963
 0.7886461  0.789811   0.78813577 0.78902274 0.7892158  0.7884939
 0.79110724 0.79079455 0.78919446 0.7902071  0.7880686  0.790568
 0.7906996  0.7892726  0.7894303  0.78928375 0.7884369  0.7885506
 0.79066825 0.79145914 0.7902771  0.7883858  0.7886851  0.7890999
 0.78999805 0.78825563 0.78988427 0.7897952  0.79112566 0.78924906
 0.7900385  0.79027116 0.79108405 0.79061365 0.7871335  0.7903178
 0.7896923  0.7901204  0.79140025 0.79072833 0.79020864 0.7898204
 0.79076797 0.7880801  0.7904146  0.79004186 0.7888512  0.7908047
 0.79033947 0.79045767 0.79021543 0.79031646 0.7902678  0.7893347
 0.7910904  0.7916178  0.791611   0.7875704  0.7903358  0.79173476
 0.7907936  0.78951997 0.7870463  0.7889812  0.78926146 0.7907365
 0.78952086 0.7903855  0.78887343 0.78968644 0.7917968  0.78998613
 0.79036427 0.7894712  0.78960574 0.7906035  0.78936064 0.7898725
 0.7885768  0.7904548  0.79100704 0.78932667 0.78897935 0.7913621
 0.78946686 0.7899856  0.7885437  0.789864   0.79013044 0.78974384
 0.7905295  0.78873944 0.78768176 0.7883351  0.7899118  0.7895908
 0.7882181  0.78992164 0.7900651  0.7890012  0.79228795 0.78989154
 0.7900039  0.78954285 0.78822815 0.7907691  0.7889547  0.7884205
 0.78974676 0.7909073  0.7898294  0.7909758  0.79084533 0.7912583
 0.79128146 0.7892314  0.78718203 0.78899515 0.7892999  0.792099
 0.7901887  0.7910636  0.788217   0.78893924 0.7896774  0.7882722
 0.7892341  0.79059047 0.79077214 0.7899659  0.79016334 0.7901643
 0.7897001  0.7888309  0.79129165 0.78974    0.790291   0.79045886
 0.7913585  0.78992933 0.78875786 0.7906002  0.7903257  0.78951496
 0.79147583 0.7899183  0.7896079  0.791659   0.788297   0.78963655
 0.7897647  0.7893321  0.7884782  0.78973293 0.7893602  0.7894748
 0.79157037 0.7895325  0.7900909  0.7890655  0.7899228  0.7885989
 0.7886082  0.7887545  0.788779   0.79102844 0.7900149  0.79112023
 0.79141545 0.7890795  0.7904197  0.78900635 0.79138196 0.7892324
 0.7891541  0.7899106 ]
[nltk_data] Downloading package wordnet to /mnt/iusers01/fse-
[nltk_data]     ugpgt01/compsci01/q12628ct/nltk_data...
[nltk_data]   Package wordnet is already up-to-date!
[nltk_data] Downloading package punkt_tab to /mnt/iusers01/fse-
[nltk_data]     ugpgt01/compsci01/q12628ct/nltk_data...
[nltk_data]   Package punkt_tab is already up-to-date!
[nltk_data] Downloading package omw-1.4 to /mnt/iusers01/fse-
[nltk_data]     ugpgt01/compsci01/q12628ct/nltk_data...
[nltk_data]   Package omw-1.4 is already up-to-date!
/mnt/iusers01/fse-ugpgt01/compsci01/q12628ct/.conda/envs/semantic-decoding/lib/python3.10/site-packages/huggingface_hub/file_download.py:945: FutureWarning: `resume_download` is deprecated and will be removed in version 1.0.0. Downloads always resume when possible. If you want to force a new download, use `force_download=True`.
  warnings.warn(
Some weights of the model checkpoint at roberta-large were not used when initializing RobertaModel: ['lm_head.bias', 'lm_head.dense.weight', 'lm_head.dense.bias', 'lm_head.layer_norm.bias', 'lm_head.layer_norm.weight']
- This IS expected if you are initializing RobertaModel from the checkpoint of a model trained on another task or with another architecture (e.g. initializing a BertForSequenceClassification model from a BertForPreTraining model).
- This IS NOT expected if you are initializing RobertaModel from the checkpoint of a model that you expect to be exactly identical (initializing a BertForSequenceClassification model from a BertForSequenceClassification model).
Some weights of RobertaModel were not initialized from the model checkpoint at roberta-large and are newly initialized: ['roberta.pooler.dense.weight', 'roberta.pooler.dense.bias']
You should probably TRAIN this model on a down-stream task to be able to use it for predictions and inference.
Traceback (most recent call last):
  File "/net/scratch/q12628ct/semantic-decoding/decoding/evaluate_predictions.py", line 51, in <module>
    ref_data = load_transcript(args.experiment, reference)
  File "/net/scratch/q12628ct/semantic-decoding/decoding/utils_eval.py", line 23, in load_transcript
    with open(grid_path) as f: 
FileNotFoundError: [Errno 2] No such file or directory: '/net/scratch/q12628ct/semantic-decoding/data_test/test_stimulus/perceived_movie/sintel.TextGrid'
[nltk_data] Downloading package wordnet to /mnt/iusers01/fse-
[nltk_data]     ugpgt01/compsci01/q12628ct/nltk_data...
[nltk_data]   Package wordnet is already up-to-date!
[nltk_data] Downloading package punkt_tab to /mnt/iusers01/fse-
[nltk_data]     ugpgt01/compsci01/q12628ct/nltk_data...
[nltk_data]   Package punkt_tab is already up-to-date!
[nltk_data] Downloading package omw-1.4 to /mnt/iusers01/fse-
[nltk_data]     ugpgt01/compsci01/q12628ct/nltk_data...
[nltk_data]   Package omw-1.4 is already up-to-date!
/mnt/iusers01/fse-ugpgt01/compsci01/q12628ct/.conda/envs/semantic-decoding/lib/python3.10/site-packages/huggingface_hub/file_download.py:945: FutureWarning: `resume_download` is deprecated and will be removed in version 1.0.0. Downloads always resume when possible. If you want to force a new download, use `force_download=True`.
  warnings.warn(
Some weights of the model checkpoint at roberta-large were not used when initializing RobertaModel: ['lm_head.layer_norm.weight', 'lm_head.dense.weight', 'lm_head.bias', 'lm_head.layer_norm.bias', 'lm_head.dense.bias']
- This IS expected if you are initializing RobertaModel from the checkpoint of a model trained on another task or with another architecture (e.g. initializing a BertForSequenceClassification model from a BertForPreTraining model).
- This IS NOT expected if you are initializing RobertaModel from the checkpoint of a model that you expect to be exactly identical (initializing a BertForSequenceClassification model from a BertForSequenceClassification model).
Some weights of RobertaModel were not initialized from the model checkpoint at roberta-large and are newly initialized: ['roberta.pooler.dense.weight', 'roberta.pooler.dense.bias']
You should probably TRAIN this model on a down-stream task to be able to use it for predictions and inference.
presto
WER
[0.02823664 0.03428771 0.0439634  0.02745054 0.0334323  0.03559265
 0.03913782 0.03161939 0.02956738 0.03390331 0.03680613 0.03110858
 0.024325   0.02818556 0.02514154 0.02956105 0.03127349 0.03347866
 0.02462864 0.04429422 0.01866803 0.04001707 0.04025967 0.03267304
 0.04051287 0.03245999 0.02743969 0.04153336 0.03230254 0.03530135
 0.02900471 0.03370205 0.03561852 0.02906397 0.03428269 0.03773064
 0.03655512 0.03076337 0.03201941 0.03413575 0.0308634  0.03001534
 0.0295602  0.03431406 0.03924195 0.04194454 0.02830748 0.02761627
 0.02635614 0.03389271 0.0360704  0.0398155  0.03152974 0.02774624
 0.03094941 0.03596099 0.02669501 0.02850536 0.03324661 0.02901016
 0.02725494 0.03629433 0.02164286 0.02876553 0.03278562 0.02889127
 0.04280369 0.02501594 0.03214682 0.0289469  0.03015238 0.03268376
 0.03778844 0.0387789  0.03025388 0.04354454 0.0380078  0.03779864
 0.03193237 0.02910843 0.03917965 0.02974933 0.03696512 0.03650657
 0.03484563 0.02404596 0.03274143 0.02946697 0.03273778 0.035737
 0.03436112 0.03825373 0.0325453  0.03712144 0.0363113  0.02772997
 0.02984139 0.03292269 0.03363468 0.03145839 0.03416064 0.04083097
 0.03316309 0.03637717 0.03620865 0.02723625 0.03397325 0.02627542
 0.02967807 0.02914129 0.02453772 0.030693   0.04446684 0.03027344
 0.02614981 0.03704689 0.02812361 0.03959195 0.03024183 0.0273346
 0.02895575 0.03190391 0.0325669  0.03886712 0.03835899 0.02729995
 0.03174492 0.04420584 0.03305591 0.03402337 0.03389695 0.03097739
 0.02750628 0.0344351  0.03473583 0.03415413 0.03402274 0.02933918
 0.03543716 0.02039735 0.03096992 0.03739101 0.03762548 0.02732023
 0.03460689 0.0310494  0.03585587 0.03092542 0.02373686 0.03091296
 0.03367436 0.03781422 0.02716813 0.04076758 0.03073316 0.03932537
 0.03115912 0.03405194 0.04004035 0.02111715 0.03449579 0.03104677
 0.03381502 0.02727162 0.03307323 0.02930633 0.03172443 0.03298205
 0.04043023 0.02394263 0.03506867 0.0292576  0.02868738 0.02863397
 0.04034825 0.03091978 0.03269779 0.03768666 0.04118297 0.0297589
 0.03203376 0.03117654 0.03725009 0.03694894 0.03532467 0.03530119
 0.03606214 0.02722572 0.03438385 0.03035577 0.03525055 0.04194133
 0.03821361 0.03647484 0.0396226  0.03520793 0.03885596 0.02982363
 0.03500698 0.0286468 ]
presto
BLEU
[0.11044263 0.12875058 0.12789443 0.10822366 0.11901293 0.12668615
 0.12411844 0.11778981 0.10218932 0.11823509 0.10700447 0.12289344
 0.10682814 0.11015822 0.10271434 0.11200036 0.11345182 0.11510031
 0.10365442 0.13954495 0.10204744 0.1190186  0.13420811 0.1123464
 0.14866213 0.11364508 0.1138868  0.13006672 0.12723312 0.11643118
 0.12032679 0.12093161 0.11973037 0.11146515 0.10862519 0.13330426
 0.12475868 0.10734317 0.10727493 0.12042218 0.11160073 0.10492322
 0.11884533 0.12647684 0.11698347 0.13081426 0.12241373 0.10619652
 0.11252812 0.112547   0.12293108 0.13166548 0.12327646 0.11185546
 0.12174224 0.12366657 0.10632655 0.10712912 0.12549301 0.11438119
 0.10778648 0.12152939 0.08655782 0.11534344 0.12723887 0.09856993
 0.12723121 0.11127069 0.11427797 0.10728738 0.11463016 0.10996247
 0.12548864 0.13255211 0.11419557 0.12944454 0.12903441 0.12201555
 0.10626082 0.0965958  0.14778756 0.11311395 0.1219876  0.12210714
 0.11763147 0.09538198 0.11310861 0.10948058 0.11842862 0.12305495
 0.13780778 0.11642212 0.10768057 0.1156096  0.12635775 0.11056156
 0.10261434 0.11292508 0.10699897 0.11625702 0.10816535 0.13019921
 0.11583818 0.12526775 0.11480011 0.10289003 0.12841622 0.10765566
 0.1130632  0.11995791 0.09412577 0.13547774 0.14205356 0.12053387
 0.10504261 0.12588023 0.1213754  0.12216531 0.11813752 0.1115127
 0.11863235 0.11388388 0.12510714 0.12397797 0.12744706 0.10123362
 0.11588672 0.12809249 0.11447341 0.11307663 0.1139213  0.11678759
 0.11192295 0.12882385 0.12491183 0.12220857 0.12245396 0.11190921
 0.11880816 0.09432896 0.1121704  0.12797474 0.14027316 0.10967548
 0.12408366 0.12129165 0.11967419 0.12504834 0.09199609 0.09996602
 0.12594888 0.13671908 0.10894246 0.12000483 0.11906924 0.14517683
 0.12465073 0.1267727  0.11669457 0.09931696 0.11782656 0.1134096
 0.11609619 0.1102692  0.12348729 0.1128606  0.11179702 0.11500881
 0.13599072 0.10353191 0.12159754 0.11681657 0.11727683 0.1053292
 0.1335076  0.09774132 0.1125383  0.12970975 0.1267141  0.11846106
 0.11612362 0.12982564 0.13389728 0.13144097 0.11798222 0.11724619
 0.12569395 0.10684088 0.12239569 0.11200992 0.12047221 0.11888948
 0.13231591 0.13108227 0.12898892 0.12315361 0.12348504 0.11570343
 0.13383793 0.11200914]
presto
METEOR
[0.08016163 0.08617623 0.09100559 0.07678555 0.08193503 0.08324075
 0.0835901  0.08411329 0.0707085  0.08405015 0.07669878 0.08533077
 0.07682864 0.07426458 0.07356322 0.08250406 0.0774021  0.07789134
 0.07547598 0.088242   0.07369315 0.08204218 0.08585897 0.08340934
 0.10196337 0.08045199 0.0779803  0.08678465 0.08744779 0.08239832
 0.09005551 0.07896332 0.08176721 0.07685859 0.07742414 0.09133396
 0.09030819 0.07724083 0.08076286 0.08227327 0.08173296 0.07578303
 0.08084656 0.0911588  0.08046691 0.09026117 0.08273301 0.0753117
 0.07964966 0.07930497 0.08869096 0.09414017 0.08483757 0.08233779
 0.0782733  0.08079421 0.07378051 0.07421489 0.08303841 0.07615664
 0.0749003  0.08540276 0.06482695 0.08117218 0.08395418 0.07568743
 0.08119678 0.07505336 0.08400109 0.07450992 0.08198521 0.07511628
 0.08506496 0.08554797 0.07620248 0.08268161 0.08437688 0.08223623
 0.07788901 0.06717498 0.09371308 0.08352983 0.08441716 0.08412152
 0.0758737  0.0660009  0.07802422 0.07733387 0.08337769 0.08340541
 0.08808506 0.08625721 0.08067104 0.0794768  0.08768357 0.07816361
 0.07640918 0.07980265 0.07071002 0.07855337 0.0762159  0.08814609
 0.07856867 0.0880126  0.07739563 0.07334158 0.08251619 0.07602599
 0.07704885 0.08002127 0.06931782 0.09088173 0.09658606 0.08331262
 0.07283312 0.08705131 0.08133147 0.08612964 0.08088889 0.07638371
 0.08020283 0.08119907 0.08887923 0.08089032 0.08821874 0.07688207
 0.07689464 0.08802189 0.07629409 0.07824297 0.07780066 0.08088555
 0.0823565  0.08526428 0.08208998 0.0836844  0.08442418 0.0815957
 0.08460102 0.07266819 0.07634206 0.08408094 0.09932573 0.07434073
 0.08736892 0.08152764 0.08411414 0.08455044 0.06888889 0.07022665
 0.08401462 0.09109971 0.07491781 0.0857584  0.08175828 0.09842475
 0.08019809 0.08570123 0.08678214 0.07526225 0.0844384  0.0757806
 0.08271616 0.07894799 0.08610751 0.07584634 0.08019198 0.07997018
 0.09104816 0.07474427 0.08399792 0.08253918 0.08241562 0.07426547
 0.09061077 0.07219378 0.07829877 0.09102197 0.0874093  0.08271001
 0.07970046 0.08822525 0.08763652 0.09132207 0.08284743 0.08587602
 0.08781619 0.0739443  0.08466688 0.08028937 0.08568742 0.0837276
 0.08809679 0.0913333  0.09111496 0.08226981 0.08607328 0.08511923
 0.08843415 0.07664026]
presto
BERT
[0.7702763  0.7748982  0.77047896 0.7705399  0.7748218  0.77327245
 0.7738294  0.77278686 0.7736545  0.7734667  0.77246183 0.77065
 0.7713826  0.7692357  0.77227795 0.77223396 0.7695383  0.7701042
 0.76776934 0.7728795  0.77080655 0.77142715 0.771889   0.76925814
 0.77576494 0.7715549  0.7723769  0.7727057  0.77752787 0.77046615
 0.7708487  0.7735087  0.7703923  0.77027196 0.7705504  0.7732217
 0.77231044 0.7723708  0.76885563 0.7695824  0.7709329  0.77083033
 0.7731795  0.77117515 0.7690917  0.7718905  0.77215457 0.7710264
 0.77230936 0.7702669  0.769545   0.77697915 0.77193576 0.771529
 0.7746634  0.7759557  0.7705934  0.77068585 0.77134055 0.77174395
 0.768516   0.77521175 0.7715194  0.7717572  0.7714414  0.76860094
 0.7703277  0.7694853  0.7728334  0.77113396 0.77016705 0.7701489
 0.77203834 0.7773197  0.77333874 0.7708064  0.77362007 0.7733876
 0.774412   0.7681862  0.7755338  0.7704848  0.7718227  0.774904
 0.7720012  0.76851445 0.7679705  0.76769775 0.77084154 0.77625924
 0.7728399  0.7722233  0.7698435  0.7716549  0.7706842  0.7728017
 0.7707137  0.77007216 0.7720529  0.76917374 0.76980865 0.7691907
 0.76943827 0.77149427 0.7725624  0.7719082  0.7747643  0.7711152
 0.7729778  0.77038413 0.7713213  0.7701643  0.7722378  0.771647
 0.7687627  0.7736302  0.773567   0.7702843  0.7717959  0.771594
 0.7726565  0.7707815  0.773835   0.7739638  0.7730556  0.7687599
 0.77010626 0.7702764  0.7688465  0.77142406 0.7731879  0.7698389
 0.77326244 0.774036   0.7719102  0.7713184  0.7720164  0.77007717
 0.7759036  0.7698547  0.77043146 0.7724593  0.77418435 0.77448905
 0.77052987 0.77397156 0.7717036  0.7739519  0.76795834 0.76846546
 0.77186835 0.77287656 0.7702176  0.7727086  0.7721786  0.77253
 0.7714216  0.77585113 0.76919675 0.7686646  0.77169096 0.77058107
 0.770603   0.7715541  0.7709957  0.76891804 0.7700915  0.7686708
 0.77406883 0.77098185 0.77275795 0.7692666  0.7707319  0.7705991
 0.7713363  0.7684743  0.76978123 0.7703588  0.7732111  0.77268064
 0.77106935 0.7693733  0.7740313  0.772089   0.77562034 0.77486515
 0.77271825 0.7699475  0.7756262  0.7707117  0.77218103 0.7752648
 0.7738125  0.77559835 0.7718607  0.7723726  0.7711595  0.77129775
 0.77570033 0.76975816]
[nltk_data] Downloading package wordnet to /mnt/iusers01/fse-
[nltk_data]     ugpgt01/compsci01/q12628ct/nltk_data...
[nltk_data]   Package wordnet is already up-to-date!
[nltk_data] Downloading package punkt_tab to /mnt/iusers01/fse-
[nltk_data]     ugpgt01/compsci01/q12628ct/nltk_data...
[nltk_data]   Package punkt_tab is already up-to-date!
[nltk_data] Downloading package omw-1.4 to /mnt/iusers01/fse-
[nltk_data]     ugpgt01/compsci01/q12628ct/nltk_data...
[nltk_data]   Package omw-1.4 is already up-to-date!
/mnt/iusers01/fse-ugpgt01/compsci01/q12628ct/.conda/envs/semantic-decoding/lib/python3.10/site-packages/huggingface_hub/file_download.py:945: FutureWarning: `resume_download` is deprecated and will be removed in version 1.0.0. Downloads always resume when possible. If you want to force a new download, use `force_download=True`.
  warnings.warn(
Some weights of the model checkpoint at roberta-large were not used when initializing RobertaModel: ['lm_head.layer_norm.bias', 'lm_head.dense.weight', 'lm_head.bias', 'lm_head.layer_norm.weight', 'lm_head.dense.bias']
- This IS expected if you are initializing RobertaModel from the checkpoint of a model trained on another task or with another architecture (e.g. initializing a BertForSequenceClassification model from a BertForPreTraining model).
- This IS NOT expected if you are initializing RobertaModel from the checkpoint of a model that you expect to be exactly identical (initializing a BertForSequenceClassification model from a BertForSequenceClassification model).
Some weights of RobertaModel were not initialized from the model checkpoint at roberta-large and are newly initialized: ['roberta.pooler.dense.bias', 'roberta.pooler.dense.weight']
You should probably TRAIN this model on a down-stream task to be able to use it for predictions and inference.
partlycloudy
WER
[-0.14435191 -0.13741908 -0.14095906 -0.12984051 -0.13494679 -0.13484723
 -0.13639829 -0.13227213 -0.13118775 -0.14123426 -0.13502654 -0.13950857
 -0.13290002 -0.13432987 -0.13588996 -0.13025462 -0.13339771 -0.13314389
 -0.14455976 -0.12789358 -0.13554152 -0.14499639 -0.12880117 -0.13264075
 -0.12892067 -0.13075151 -0.1348764  -0.13163616 -0.12502305 -0.13262807
 -0.12633303 -0.13131214 -0.14018426 -0.13515918 -0.14014669 -0.13793255
 -0.14179487 -0.1327916  -0.13412646 -0.13501327 -0.13922458 -0.14063622
 -0.13509104 -0.1361888  -0.13471574 -0.13082047 -0.13178549 -0.1340274
 -0.12620237 -0.14533687 -0.14006505 -0.13493088 -0.13696186 -0.14316259
 -0.14006062 -0.13426352 -0.14555231 -0.14157003 -0.13088367 -0.13714117
 -0.13224514 -0.13263413 -0.13635701 -0.13908843 -0.13844176 -0.13666627
 -0.13049818 -0.14375542 -0.1414078  -0.14638986 -0.13714926 -0.14265048
 -0.13405792 -0.14205853 -0.13608682 -0.13914591 -0.13008898 -0.13121691
 -0.12890871 -0.1349416  -0.1333125  -0.13988695 -0.13535898 -0.12528052
 -0.1367239  -0.14443862 -0.13908459 -0.12376634 -0.13548924 -0.13345329
 -0.13094981 -0.1343389  -0.13856281 -0.14017336 -0.13932013 -0.133922
 -0.1414468  -0.13395941 -0.13640514 -0.12024342 -0.14295604 -0.13802864
 -0.14142004 -0.14135317 -0.13740482 -0.13980557 -0.13401372 -0.13943056
 -0.1407363  -0.13560475 -0.13242601 -0.14238657 -0.13479078 -0.14202207
 -0.136643   -0.13905601 -0.13058992 -0.13321882 -0.13540892 -0.13093315
 -0.13238188 -0.13913778 -0.14460831 -0.12433043 -0.13390904 -0.14045403
 -0.13851281 -0.12364017 -0.14044329 -0.13544402 -0.14033842 -0.13050436
 -0.13181015 -0.13638548 -0.13997379 -0.1354663  -0.1261141  -0.13794515
 -0.13751633 -0.13565713 -0.14083217 -0.13777745 -0.13934279 -0.13300075
 -0.14198432 -0.1398623  -0.13240167 -0.14366573 -0.14410933 -0.13919561
 -0.13426094 -0.12555846 -0.13898691 -0.13778415 -0.1436304  -0.13481761
 -0.12855281 -0.12176712 -0.13816929 -0.13177612 -0.13438299 -0.13520677
 -0.13392824 -0.14197421 -0.13169787 -0.13113685 -0.14401853 -0.1328493
 -0.13172367 -0.1318253  -0.13836354 -0.15078032 -0.1330648  -0.14792192
 -0.1255894  -0.14030812 -0.12554628 -0.14004395 -0.13026538 -0.13023647
 -0.1379964  -0.14143358 -0.13399296 -0.13989936 -0.13268021 -0.13239109
 -0.13854325 -0.13513231 -0.13807875 -0.13468234 -0.14562873 -0.14101974
 -0.1383618  -0.1445609  -0.13595547 -0.14293523 -0.12846878 -0.12662427
 -0.1387124  -0.13106549]
partlycloudy
BLEU
[0.11697581 0.12173565 0.12238802 0.13758967 0.13523965 0.12745629
 0.12573722 0.12985404 0.131734   0.11450026 0.12268488 0.13685935
 0.14465266 0.13175504 0.12267179 0.1461423  0.12773727 0.13038548
 0.10785805 0.13129385 0.1257286  0.11506306 0.13186019 0.12843371
 0.12842849 0.13398321 0.12594439 0.13431441 0.14094571 0.12480906
 0.12869552 0.13005414 0.12189061 0.13383112 0.12110303 0.12036006
 0.11683066 0.12246086 0.12778276 0.1418393  0.12267373 0.1103054
 0.11775867 0.12178456 0.13571427 0.12105811 0.1328593  0.12761689
 0.13126632 0.11289616 0.12874829 0.11127038 0.12840849 0.11432003
 0.12659531 0.12096557 0.11128011 0.12617494 0.1233183  0.12899667
 0.12030106 0.11773116 0.13106715 0.12480109 0.1203004  0.12112735
 0.13375613 0.10827566 0.11383669 0.10813706 0.13328953 0.11764782
 0.13477992 0.10910521 0.13578745 0.11689105 0.13873859 0.12709404
 0.12620757 0.12210349 0.13651284 0.11521078 0.11564821 0.13815492
 0.13305418 0.11030323 0.12099833 0.12935785 0.11953482 0.14077741
 0.14432932 0.13500046 0.13186841 0.11847112 0.12330924 0.13868977
 0.10299533 0.1329848  0.11875143 0.14677188 0.11863525 0.13304867
 0.13084189 0.13200552 0.14195408 0.122413   0.12461449 0.12577244
 0.13823792 0.12072619 0.1294022  0.11884581 0.13026259 0.11294757
 0.12787202 0.13147027 0.13306449 0.12618202 0.12865139 0.12174996
 0.12431485 0.11612509 0.11457515 0.14837402 0.12885831 0.12297696
 0.13511404 0.14128606 0.1119005  0.11930247 0.11329971 0.13046955
 0.12168966 0.12683896 0.12427979 0.12315101 0.14672043 0.125561
 0.1255061  0.13156629 0.12607507 0.11597078 0.12385264 0.12472443
 0.12668807 0.11827858 0.12831106 0.11557619 0.12653347 0.12943581
 0.14351122 0.12828664 0.12645028 0.12651592 0.11452743 0.13000461
 0.12784698 0.14479209 0.12275655 0.13090013 0.13777816 0.13591521
 0.11806038 0.13026153 0.13661437 0.13260022 0.11251936 0.12440641
 0.12747455 0.12616767 0.13097664 0.10181598 0.12919786 0.10680231
 0.13533948 0.12792266 0.13844668 0.11590224 0.11670657 0.12045499
 0.1189875  0.11499772 0.12911432 0.12409616 0.12462654 0.11792793
 0.12913285 0.13359313 0.1261675  0.13356896 0.11764521 0.11168036
 0.12858135 0.11946783 0.14230946 0.13194759 0.13328173 0.13958556
 0.11361916 0.12992607]
partlycloudy
METEOR
[0.09703324 0.1041521  0.09815562 0.11304418 0.11050825 0.10496794
 0.10009094 0.10917992 0.10525048 0.09828114 0.09871836 0.11102959
 0.11165621 0.10250574 0.10022795 0.11510803 0.10318051 0.09857267
 0.08916634 0.10553017 0.10588073 0.0976952  0.10332584 0.10790181
 0.11025323 0.10710681 0.09400821 0.10795651 0.11510373 0.09988828
 0.10682969 0.10023238 0.09815164 0.10727084 0.09843543 0.10382836
 0.09895864 0.1016965  0.10172096 0.1057747  0.10329672 0.09254051
 0.09962788 0.10381736 0.10539949 0.10634925 0.10989181 0.09709988
 0.10681445 0.09095321 0.10043223 0.09029088 0.10197586 0.09134213
 0.10632476 0.09843978 0.09555608 0.10071168 0.09723957 0.10990868
 0.09884362 0.10479967 0.10775044 0.10613565 0.10239064 0.09781051
 0.10289952 0.09566038 0.09500397 0.08845841 0.10460739 0.09342225
 0.10403462 0.09685162 0.10879241 0.09973464 0.10639545 0.10322705
 0.0997799  0.10270309 0.11579078 0.09596931 0.09921365 0.10883005
 0.11019119 0.08929625 0.09513735 0.10586616 0.10142747 0.10889868
 0.10907126 0.1044109  0.10395159 0.09493186 0.10461955 0.11126258
 0.09336489 0.1098295  0.09814874 0.11761657 0.09765744 0.1047473
 0.10295595 0.10500794 0.11246325 0.10052482 0.10309165 0.10508145
 0.10772518 0.10007796 0.10678227 0.09987175 0.11300783 0.09388835
 0.10325954 0.10146978 0.10788396 0.10230505 0.1121546  0.09411021
 0.10195301 0.09299516 0.09678906 0.11503563 0.10371387 0.1001039
 0.10289933 0.11775091 0.09771745 0.09710542 0.1013367  0.10040247
 0.10488264 0.1017292  0.09686765 0.10146816 0.11336253 0.10121399
 0.10117155 0.09918068 0.10516301 0.10205095 0.10852533 0.10091641
 0.10038128 0.09907144 0.09910497 0.09722651 0.1051672  0.10810909
 0.1185601  0.10488774 0.10642579 0.1011677  0.09944647 0.10386657
 0.1044952  0.1153279  0.09817122 0.10264831 0.10721049 0.10826464
 0.10339601 0.10129172 0.10496837 0.10201862 0.09611404 0.10307059
 0.10110348 0.10627791 0.0983586  0.09216166 0.10425054 0.09125236
 0.10756709 0.10548922 0.11406638 0.09518188 0.09665932 0.09857032
 0.10441445 0.10022762 0.10608226 0.10413801 0.09981357 0.09725168
 0.10504014 0.10582141 0.09999732 0.10722034 0.10095909 0.09691982
 0.10647099 0.09612138 0.11282525 0.10439443 0.10247077 0.10572116
 0.09323805 0.10135385]
partlycloudy
BERT
[0.77933073 0.77784073 0.7784939  0.78145087 0.7787481  0.78007233
 0.7799693  0.78196955 0.7787537  0.77838933 0.7787582  0.78056526
 0.7815373  0.7792079  0.78013664 0.7838012  0.7823023  0.780767
 0.77746433 0.7804549  0.7804028  0.7789829  0.78053975 0.78181314
 0.7795308  0.77799726 0.7788227  0.78022075 0.782898   0.78142864
 0.7812418  0.7787311  0.7790937  0.780217   0.7817105  0.7799993
 0.7772415  0.7817716  0.7807754  0.78053963 0.7782662  0.7781056
 0.7815864  0.7775192  0.7813301  0.781014   0.7767425  0.7815621
 0.7797764  0.7810083  0.77972674 0.77886057 0.77968085 0.7800994
 0.77910703 0.77927786 0.778335   0.7785956  0.77944064 0.7778724
 0.7792923  0.77918464 0.77756137 0.7812819  0.77892786 0.7782285
 0.778889   0.7762629  0.78158915 0.7793844  0.78025514 0.7798398
 0.77834606 0.7777579  0.78236777 0.7837465  0.7788839  0.7776719
 0.7794551  0.7805365  0.7794058  0.78109884 0.77948135 0.77884847
 0.7787391  0.7768169  0.779285   0.7790183  0.77983254 0.7795276
 0.78192705 0.7805119  0.7797638  0.7791177  0.781213   0.780187
 0.7786059  0.7798816  0.7806978  0.7799801  0.7778842  0.7814396
 0.7787718  0.7791788  0.78134435 0.778889   0.7779339  0.7818397
 0.7808433  0.78087944 0.78292024 0.7797785  0.78037405 0.7790105
 0.77750534 0.7799779  0.7814277  0.7784345  0.7811837  0.77996266
 0.7798723  0.7804163  0.7780482  0.7777819  0.77959186 0.77979213
 0.7818498  0.78300864 0.77754253 0.78002995 0.77908045 0.782029
 0.78307474 0.77783597 0.77967113 0.7779605  0.7801161  0.78307617
 0.7774555  0.77948797 0.77850956 0.7788232  0.7804362  0.7799772
 0.7780424  0.78167564 0.782607   0.777318   0.7833651  0.7827143
 0.78460073 0.78107613 0.780145   0.77924985 0.78319466 0.7816712
 0.7816062  0.7782435  0.77943796 0.778413   0.78066885 0.778728
 0.78104645 0.7798406  0.7802615  0.7793506  0.7799664  0.7757807
 0.78167564 0.7777873  0.7790672  0.7800757  0.78017765 0.77818257
 0.7809794  0.7811723  0.7812202  0.7796356  0.7810777  0.7809729
 0.77713305 0.7787982  0.7807143  0.77843946 0.77924556 0.77733773
 0.7794689  0.78098476 0.77739817 0.7793059  0.780632   0.78039956
 0.7793999  0.77764857 0.7804554  0.7787339  0.78022426 0.78339404
 0.78061986 0.7791567 ]
[nltk_data] Downloading package wordnet to /mnt/iusers01/fse-
[nltk_data]     ugpgt01/compsci01/q12628ct/nltk_data...
[nltk_data]   Package wordnet is already up-to-date!
[nltk_data] Downloading package punkt_tab to /mnt/iusers01/fse-
[nltk_data]     ugpgt01/compsci01/q12628ct/nltk_data...
[nltk_data]   Package punkt_tab is already up-to-date!
[nltk_data] Downloading package omw-1.4 to /mnt/iusers01/fse-
[nltk_data]     ugpgt01/compsci01/q12628ct/nltk_data...
[nltk_data]   Package omw-1.4 is already up-to-date!
/mnt/iusers01/fse-ugpgt01/compsci01/q12628ct/.conda/envs/semantic-decoding/lib/python3.10/site-packages/huggingface_hub/file_download.py:945: FutureWarning: `resume_download` is deprecated and will be removed in version 1.0.0. Downloads always resume when possible. If you want to force a new download, use `force_download=True`.
  warnings.warn(
Some weights of the model checkpoint at roberta-large were not used when initializing RobertaModel: ['lm_head.dense.bias', 'lm_head.layer_norm.bias', 'lm_head.bias', 'lm_head.dense.weight', 'lm_head.layer_norm.weight']
- This IS expected if you are initializing RobertaModel from the checkpoint of a model trained on another task or with another architecture (e.g. initializing a BertForSequenceClassification model from a BertForPreTraining model).
- This IS NOT expected if you are initializing RobertaModel from the checkpoint of a model that you expect to be exactly identical (initializing a BertForSequenceClassification model from a BertForSequenceClassification model).
Some weights of RobertaModel were not initialized from the model checkpoint at roberta-large and are newly initialized: ['roberta.pooler.dense.bias', 'roberta.pooler.dense.weight']
You should probably TRAIN this model on a down-stream task to be able to use it for predictions and inference.
laluna
WER
[-0.04285666 -0.04545326 -0.04960742 -0.05667108 -0.05334847 -0.0614179
 -0.06214314 -0.05472896 -0.05651569 -0.05127686 -0.05494917 -0.06364131
 -0.05042652 -0.05865434 -0.05587913 -0.04913551 -0.0514271  -0.05686292
 -0.04880876 -0.05548035 -0.04769685 -0.05542439 -0.05105673 -0.05513683
 -0.05500875 -0.05741292 -0.06018689 -0.05212477 -0.05226362 -0.05660164
 -0.05766449 -0.04796596 -0.05744864 -0.05733515 -0.05861572 -0.05197926
 -0.06217659 -0.05670339 -0.05676223 -0.05601675 -0.05377541 -0.05579009
 -0.04990953 -0.05217174 -0.06165001 -0.05693938 -0.057271   -0.05482104
 -0.05825366 -0.05668421 -0.06022162 -0.05784315 -0.05067287 -0.052074
 -0.05430018 -0.05214956 -0.05953277 -0.04524096 -0.05547886 -0.05951349
 -0.06781738 -0.05192856 -0.0564664  -0.04368286 -0.05279359 -0.05798533
 -0.0542292  -0.04742928 -0.0596205  -0.05232649 -0.060213   -0.05454427
 -0.05218048 -0.04984931 -0.05944815 -0.05522231 -0.05790801 -0.05580056
 -0.0558433  -0.06316337 -0.05550004 -0.04669568 -0.05283735 -0.04731819
 -0.06058246 -0.05845056 -0.0571401  -0.05151957 -0.05226682 -0.05537648
 -0.0525781  -0.05974391 -0.05667057 -0.0486884  -0.05379626 -0.05048513
 -0.05476679 -0.0524694  -0.05373571 -0.04692054 -0.05763999 -0.06005372
 -0.05252888 -0.04813038 -0.05485674 -0.04978401 -0.04731261 -0.04927631
 -0.04944308 -0.0430391  -0.05404093 -0.05445046 -0.05179743 -0.05451315
 -0.05453181 -0.05281847 -0.0538051  -0.05045534 -0.05052114 -0.05367296
 -0.0572637  -0.05468694 -0.05461538 -0.06262531 -0.05457594 -0.05053236
 -0.05976477 -0.05159308 -0.05878598 -0.05557598 -0.05592678 -0.0522463
 -0.05677298 -0.05719555 -0.05094437 -0.05698192 -0.05509046 -0.0609639
 -0.05144247 -0.05677069 -0.05499909 -0.05958251 -0.04843312 -0.05606884
 -0.05604538 -0.05723709 -0.05459429 -0.05580115 -0.05143508 -0.05273824
 -0.06074832 -0.05180152 -0.06133318 -0.05724812 -0.04952371 -0.05833319
 -0.0512887  -0.05831483 -0.05784922 -0.06030946 -0.05211089 -0.04380723
 -0.05999412 -0.05432669 -0.05800989 -0.04939665 -0.05770992 -0.05050016
 -0.05454779 -0.05453556 -0.0456729  -0.05517252 -0.05319409 -0.05218553
 -0.0549458  -0.05033514 -0.05738985 -0.05743077 -0.05406117 -0.05586594
 -0.0607196  -0.06363117 -0.04345474 -0.06564917 -0.06356994 -0.04868204
 -0.05668031 -0.0501117  -0.05114528 -0.05585561 -0.06344388 -0.0564768
 -0.05923986 -0.0457451  -0.05626034 -0.04907726 -0.05257897 -0.053308
 -0.05450226 -0.04908605]
laluna
BLEU
[0.16898729 0.13335233 0.1281794  0.1168223  0.13695921 0.11462302
 0.1246521  0.11790313 0.12529395 0.13967918 0.11928012 0.10577767
 0.12677237 0.10190712 0.1217214  0.12630614 0.12835074 0.13072432
 0.13299046 0.12926106 0.12869475 0.12379075 0.12941441 0.11859299
 0.13466018 0.12467727 0.11853093 0.12365924 0.13693125 0.12265695
 0.12104939 0.14238615 0.11624064 0.11407039 0.12056342 0.13824436
 0.11628898 0.11972444 0.10868846 0.12218994 0.12662298 0.1240595
 0.12247684 0.1341647  0.11314629 0.11685094 0.11825678 0.12719307
 0.1056511  0.1213113  0.1165512  0.11106589 0.13454605 0.14102585
 0.12195925 0.13546285 0.11786983 0.12943958 0.12868893 0.12380452
 0.11294137 0.12513672 0.12847904 0.14022693 0.1341276  0.11812474
 0.12995396 0.1300701  0.12132523 0.12409895 0.11885393 0.12212258
 0.13077089 0.15264896 0.12101113 0.12168685 0.11308528 0.1233417
 0.12863985 0.11538426 0.11318447 0.12976708 0.12707885 0.13702689
 0.11025588 0.1227565  0.10968673 0.1285838  0.11999323 0.11813061
 0.12967321 0.112127   0.12491098 0.13479933 0.12403816 0.12594436
 0.13207331 0.13234468 0.13004482 0.13525125 0.1244101  0.11519955
 0.13210064 0.12306833 0.12066238 0.12583442 0.12783796 0.12545202
 0.13770004 0.14167266 0.11985406 0.11660641 0.12585561 0.11859313
 0.12240632 0.12251415 0.12310542 0.13404732 0.13016473 0.11970712
 0.13287637 0.13382204 0.13200919 0.12065613 0.11407511 0.12940404
 0.11736804 0.11507634 0.10907117 0.12626455 0.11668973 0.13375368
 0.12091244 0.1249893  0.13342253 0.12371984 0.12696471 0.1164634
 0.13640487 0.1250931  0.12399246 0.11969802 0.13223271 0.11130579
 0.1196509  0.10843714 0.11241541 0.11891536 0.13992868 0.12895263
 0.10610399 0.13661227 0.11314522 0.12444464 0.13708316 0.10764627
 0.11863108 0.13162241 0.13106439 0.12227628 0.12828875 0.14634889
 0.12333346 0.11903804 0.11603189 0.14070548 0.11720573 0.13224406
 0.12787546 0.12047193 0.13400277 0.11713584 0.13042251 0.12748794
 0.12675019 0.12860937 0.11173401 0.11115903 0.12183371 0.11967174
 0.12129241 0.12492611 0.14281642 0.11231531 0.11855596 0.13538155
 0.12184169 0.12114689 0.12984389 0.13747893 0.11363545 0.12184463
 0.11834946 0.12657544 0.13219812 0.13018912 0.12232088 0.13712077
 0.12320606 0.136933  ]
laluna
METEOR
[0.11624273 0.0967035  0.09527294 0.08931559 0.10213593 0.08716835
 0.09022706 0.08650189 0.09385598 0.10016761 0.08938328 0.08515073
 0.09687217 0.08052884 0.08823912 0.0898357  0.09583824 0.09305528
 0.10177367 0.09464855 0.09347578 0.09168699 0.09594395 0.09195674
 0.09806802 0.09000894 0.08949145 0.09264668 0.10109455 0.09160717
 0.08823719 0.10529124 0.08970096 0.08773511 0.09611452 0.09818059
 0.09318264 0.09160375 0.08048023 0.09256203 0.09226109 0.09120821
 0.08832963 0.09952669 0.08432244 0.08740795 0.08311404 0.09842902
 0.08685388 0.08894112 0.08832457 0.09091048 0.0971878  0.10108799
 0.09060137 0.10004602 0.08601558 0.0954203  0.0902089  0.09412497
 0.08515109 0.09338098 0.09943191 0.09992183 0.09515989 0.09236369
 0.09576861 0.09764411 0.0899312  0.09411266 0.08697555 0.08988826
 0.09615202 0.11515747 0.0955068  0.09350095 0.0846479  0.09400266
 0.09488174 0.08937828 0.0893179  0.09827505 0.09252996 0.101469
 0.08518755 0.08956981 0.08477712 0.09458512 0.0885797  0.08966157
 0.09849247 0.09274248 0.09898081 0.10104046 0.09319509 0.09453172
 0.10086753 0.10164437 0.09354288 0.09428696 0.09114347 0.08976897
 0.09407601 0.09126639 0.08866044 0.09161662 0.09808323 0.09339595
 0.10317319 0.1002039  0.09061252 0.08990613 0.09772125 0.09211128
 0.08849187 0.09219716 0.09086831 0.09867445 0.09350657 0.08932007
 0.09422487 0.09988664 0.09770353 0.09180273 0.09232996 0.09401929
 0.09632449 0.08900357 0.08194772 0.08971924 0.09066712 0.09814363
 0.09131244 0.08899199 0.09747734 0.0965827  0.09631232 0.08340675
 0.09988192 0.09141922 0.09952314 0.08619213 0.10322904 0.0871229
 0.09444446 0.08560487 0.08796035 0.08880111 0.10312102 0.09584692
 0.07865578 0.09862594 0.08761398 0.09149024 0.09617148 0.08300823
 0.09506485 0.09662187 0.09383814 0.09030806 0.0943674  0.10930352
 0.09185942 0.0914559  0.08773643 0.10073584 0.08331852 0.09942215
 0.09631482 0.09079331 0.10046013 0.09138907 0.09716372 0.092005
 0.09465706 0.10018853 0.08316744 0.08834327 0.08776293 0.09284728
 0.09424109 0.09617766 0.10254613 0.08908111 0.09369401 0.09865604
 0.09152829 0.08928279 0.09594449 0.09708142 0.0846666  0.09289978
 0.08696459 0.09292596 0.1002658  0.0958923  0.09202966 0.09936935
 0.09381013 0.09956011]
laluna
BERT
[0.7889102  0.78183645 0.78301466 0.78151053 0.78566897 0.7826656
 0.78338265 0.78333384 0.78034943 0.784828   0.78453195 0.78220147
 0.78579944 0.78079766 0.7829782  0.78327686 0.7860574  0.7830566
 0.7856121  0.7850858  0.78534454 0.7838248  0.78392154 0.7847541
 0.7854463  0.7838624  0.7829666  0.78489184 0.7869829  0.78342235
 0.785064   0.78457266 0.7810694  0.7821519  0.7858944  0.78346866
 0.7841635  0.7811962  0.7791704  0.7838384  0.7822935  0.78172547
 0.78372896 0.78560495 0.78321916 0.780325   0.7842445  0.78417414
 0.78174466 0.7802141  0.78430086 0.78346384 0.7839667  0.7860804
 0.78310984 0.78271264 0.786987   0.78376377 0.78203213 0.7837477
 0.7839608  0.7849076  0.78807527 0.7835823  0.78254265 0.78418976
 0.78381866 0.78310597 0.7866867  0.78392595 0.78465384 0.7803669
 0.7854528  0.7868572  0.7835171  0.7846761  0.7835171  0.7836697
 0.7858514  0.78506    0.7834122  0.7851286  0.78100806 0.78431743
 0.7809683  0.7838439  0.7818969  0.7819625  0.7836462  0.78218055
 0.78458166 0.7831792  0.7849335  0.7834978  0.7841116  0.7834929
 0.78699636 0.784545   0.78461266 0.7846678  0.78021777 0.7832732
 0.7838811  0.7840529  0.7849217  0.7856656  0.7839317  0.78558415
 0.78457063 0.7862104  0.7822105  0.7870898  0.78368807 0.779366
 0.78148955 0.7830787  0.7859663  0.78567314 0.7855726  0.7855818
 0.7843861  0.78451484 0.78497446 0.7843208  0.78601027 0.784873
 0.7829538  0.7822087  0.7827504  0.7841775  0.7826319  0.7825312
 0.7834269  0.78280705 0.7855066  0.7858754  0.78383064 0.7828545
 0.7832319  0.7827371  0.7836339  0.7846491  0.78702253 0.7821316
 0.7807003  0.78209114 0.7829919  0.7842209  0.78579336 0.7841645
 0.7816058  0.7862266  0.78084445 0.7843186  0.7830264  0.7837518
 0.78655684 0.78398204 0.7854024  0.7851502  0.7845129  0.786484
 0.78913444 0.7855068  0.78254116 0.78492075 0.78291124 0.7837467
 0.78532904 0.78405005 0.782176   0.78189117 0.7848212  0.783791
 0.7834903  0.78305507 0.78396696 0.78206587 0.7862132  0.78247744
 0.7835438  0.78576106 0.7849602  0.78340715 0.786225   0.78548044
 0.7832616  0.7829949  0.78410125 0.78654015 0.7838138  0.78517985
 0.78352123 0.7836272  0.7838548  0.78451407 0.78360647 0.78725964
 0.78490305 0.7853081 ]
[nltk_data] Downloading package wordnet to /mnt/iusers01/fse-
[nltk_data]     ugpgt01/compsci01/q12628ct/nltk_data...
[nltk_data]   Package wordnet is already up-to-date!
[nltk_data] Downloading package punkt_tab to /mnt/iusers01/fse-
[nltk_data]     ugpgt01/compsci01/q12628ct/nltk_data...
[nltk_data]   Package punkt_tab is already up-to-date!
[nltk_data] Downloading package omw-1.4 to /mnt/iusers01/fse-
[nltk_data]     ugpgt01/compsci01/q12628ct/nltk_data...
[nltk_data]   Package omw-1.4 is already up-to-date!
/mnt/iusers01/fse-ugpgt01/compsci01/q12628ct/.conda/envs/semantic-decoding/lib/python3.10/site-packages/huggingface_hub/file_download.py:945: FutureWarning: `resume_download` is deprecated and will be removed in version 1.0.0. Downloads always resume when possible. If you want to force a new download, use `force_download=True`.
  warnings.warn(
Some weights of the model checkpoint at roberta-large were not used when initializing RobertaModel: ['lm_head.dense.weight', 'lm_head.layer_norm.bias', 'lm_head.layer_norm.weight', 'lm_head.dense.bias', 'lm_head.bias']
- This IS expected if you are initializing RobertaModel from the checkpoint of a model trained on another task or with another architecture (e.g. initializing a BertForSequenceClassification model from a BertForPreTraining model).
- This IS NOT expected if you are initializing RobertaModel from the checkpoint of a model that you expect to be exactly identical (initializing a BertForSequenceClassification model from a BertForSequenceClassification model).
Some weights of RobertaModel were not initialized from the model checkpoint at roberta-large and are newly initialized: ['roberta.pooler.dense.bias', 'roberta.pooler.dense.weight']
You should probably TRAIN this model on a down-stream task to be able to use it for predictions and inference.
alpha_repeat-1
WER
[-0.24852052 -0.24584381 -0.27761415 -0.23111785 -0.25072742 -0.25258842
 -0.21205263 -0.2246123  -0.24642668 -0.20909867 -0.23610654 -0.19798695
 -0.22966657 -0.25978529 -0.21510396 -0.2422648  -0.23497626 -0.2643766
 -0.27024322 -0.24300896 -0.25118491 -0.19551536 -0.24682485 -0.23803052
 -0.22716413 -0.25376811 -0.22820855 -0.21063753 -0.21518175 -0.22537511
 -0.26860977 -0.22268001 -0.24982579 -0.23131024 -0.21033515 -0.25134575
 -0.23720253 -0.22305043 -0.21490743 -0.23715103 -0.2203562  -0.23616324
 -0.24200175 -0.23702059 -0.2601048  -0.23398047 -0.24785861 -0.18828481
 -0.26380573 -0.19951124 -0.26023534 -0.24765966 -0.22116691 -0.23767385
 -0.21017726 -0.25300816 -0.22780235 -0.24039493 -0.22619706 -0.24946309
 -0.23579045 -0.24355977 -0.19652084 -0.27227184 -0.24750675 -0.21804847
 -0.21054741 -0.24856277 -0.22154337 -0.19677797 -0.22919045 -0.22157199
 -0.24954996 -0.22455183 -0.22933164 -0.22909697 -0.24733852 -0.21659988
 -0.21519972 -0.24685609 -0.23115031 -0.22072725 -0.20989819 -0.21707149
 -0.24547882 -0.25835665 -0.21995865 -0.22541302 -0.23480731 -0.28284209
 -0.21306834 -0.26102798 -0.21337404 -0.22967473 -0.233052   -0.20532958
 -0.22940888 -0.22983467 -0.22519433 -0.25286557 -0.250602   -0.20251704
 -0.25122338 -0.22235229 -0.21254071 -0.20078797 -0.23125875 -0.19538089
 -0.23246452 -0.24400165 -0.24740917 -0.22780074 -0.23496137 -0.22729572
 -0.23821749 -0.24831103 -0.27219427 -0.21362473 -0.23201718 -0.22185167
 -0.25368326 -0.20196399 -0.22276938 -0.22573222 -0.24735492 -0.21313587
 -0.26158093 -0.23213226 -0.26085558 -0.25707299 -0.23269242 -0.20113462
 -0.24671532 -0.22547003 -0.22414253 -0.24262029 -0.21449389 -0.22179365
 -0.19858667 -0.22264997 -0.23532219 -0.23904834 -0.20814621 -0.2384496
 -0.22528939 -0.21746062 -0.21783363 -0.25997563 -0.22679719 -0.22758034
 -0.23700638 -0.25147267 -0.21303152 -0.24432587 -0.2354391  -0.23560672
 -0.22720598 -0.21593413 -0.22817858 -0.23769616 -0.22309775 -0.23954711
 -0.22534343 -0.23410585 -0.20219498 -0.26755343 -0.25801044 -0.22318747
 -0.24122408 -0.24752637 -0.22366792 -0.21284722 -0.22431249 -0.24014527
 -0.22891005 -0.24983594 -0.26121761 -0.24546223 -0.24096797 -0.18030778
 -0.22454916 -0.21231243 -0.23843138 -0.24048739 -0.23979064 -0.22688812
 -0.24904955 -0.25152383 -0.25009292 -0.21863902 -0.2507277  -0.2106793
 -0.22535326 -0.2199074  -0.23594519 -0.24713809 -0.23007952 -0.23019928
 -0.26119753 -0.22428409]
alpha_repeat-1
BLEU
[0.1502422  0.19005695 0.09512327 0.17735799 0.13536055 0.14475706
 0.21243552 0.18463553 0.20045413 0.20777355 0.19047156 0.22090619
 0.17454936 0.14249329 0.20267767 0.1217956  0.19322215 0.08860229
 0.13414676 0.19037753 0.19353431 0.21379641 0.1400318  0.16865636
 0.20140268 0.17418984 0.18271542 0.19430251 0.19892382 0.20939784
 0.11581367 0.20908334 0.16019289 0.19062189 0.16549507 0.14071535
 0.16767449 0.17852105 0.24104261 0.18270123 0.21373799 0.16807353
 0.20625887 0.16013597 0.14844055 0.19076389 0.15825805 0.21440239
 0.11575001 0.1992116  0.11640394 0.1852475  0.19721511 0.18510013
 0.20479093 0.19099295 0.19376945 0.14261052 0.18860164 0.19200543
 0.16108684 0.19442876 0.21353738 0.11637556 0.16881997 0.19193506
 0.20505824 0.16837512 0.16069272 0.22189727 0.18162757 0.20556824
 0.1922347  0.1742369  0.16134725 0.1911024  0.13807031 0.17753729
 0.19691666 0.20964361 0.20088289 0.18031739 0.19727267 0.18509439
 0.16887536 0.116784   0.21568623 0.21609598 0.2013955  0.10045311
 0.18744367 0.18140475 0.21750268 0.21525288 0.1747359  0.20265418
 0.16085251 0.18064704 0.19639485 0.17032103 0.13418103 0.21409468
 0.1109676  0.18453229 0.19742911 0.23910704 0.19623448 0.20610145
 0.14719913 0.20720765 0.15431495 0.16539582 0.18830755 0.20956583
 0.19275511 0.18033417 0.12297307 0.22239648 0.18301099 0.20414712
 0.13234628 0.20717976 0.21893547 0.19866631 0.17181851 0.23650954
 0.14064403 0.1942445  0.14257633 0.1297166  0.15811214 0.2216387
 0.18280334 0.20478054 0.18286354 0.20419174 0.18399371 0.2278271
 0.23088603 0.21019989 0.19438014 0.19466978 0.22861298 0.14239839
 0.16642875 0.19613709 0.22473921 0.13375734 0.18012683 0.19672506
 0.2004662  0.15922802 0.21370968 0.17307343 0.18673406 0.17442084
 0.17798674 0.21438763 0.18717893 0.22171192 0.2099287  0.16273939
 0.1471799  0.17634971 0.18543284 0.1456932  0.14371331 0.19554788
 0.20405048 0.18014384 0.22270481 0.23086767 0.17557136 0.20200613
 0.19714224 0.14382348 0.16202366 0.17762839 0.18112308 0.24048521
 0.20807219 0.2250318  0.1912206  0.16921385 0.16810647 0.22500808
 0.14643386 0.15407226 0.13617155 0.1919545  0.19010933 0.2341832
 0.20371794 0.17394856 0.14317614 0.17954261 0.18589336 0.18122201
 0.1209461  0.19247994]
alpha_repeat-1
METEOR
[0.10675129 0.16809903 0.07948122 0.13409859 0.11479106 0.13798094
 0.14869835 0.14350009 0.15860999 0.16200101 0.14655923 0.16571386
 0.13960076 0.12832285 0.15928193 0.12157755 0.13899981 0.08085139
 0.10929635 0.1465394  0.15386088 0.16605757 0.13247111 0.13783334
 0.16002499 0.14989553 0.15055692 0.13495003 0.16957006 0.15996624
 0.08837833 0.16616518 0.13404769 0.12650809 0.13453157 0.12166286
 0.1355288  0.15211555 0.1840299  0.14467388 0.16096596 0.12774768
 0.16051549 0.13451129 0.11869758 0.13412412 0.12891144 0.18360872
 0.09904235 0.15773825 0.1055645  0.13254708 0.15957289 0.15807936
 0.16591958 0.14098941 0.16180785 0.11801264 0.14327961 0.15851999
 0.13222455 0.14988855 0.17506594 0.08853683 0.13509106 0.15759317
 0.15412004 0.12600019 0.13032184 0.1612915  0.14370489 0.17966353
 0.14133318 0.13944953 0.13969954 0.14250677 0.1108852  0.1601864
 0.15654496 0.14596111 0.15123972 0.14212488 0.17081718 0.14763007
 0.13715339 0.08830243 0.16342    0.1662227  0.14811002 0.08143274
 0.14174635 0.12895977 0.16221801 0.17879577 0.11967614 0.13886043
 0.11800858 0.14351478 0.1497712  0.12960706 0.1281402  0.15366552
 0.0953859  0.14412235 0.13387541 0.20201328 0.15783766 0.15070061
 0.127683   0.1891539  0.11001507 0.13451616 0.15105287 0.16959375
 0.1428252  0.14663753 0.10465429 0.16362601 0.15299093 0.16907123
 0.1085494  0.15106221 0.1606099  0.1565343  0.13489372 0.1740696
 0.1075899  0.15633379 0.09956997 0.09314619 0.11334008 0.16158833
 0.14733457 0.16131623 0.15980227 0.14451776 0.13970534 0.17998884
 0.18033164 0.16325296 0.16781284 0.15144378 0.17731971 0.10775414
 0.13518387 0.16494116 0.17014944 0.11176095 0.1434144  0.17691228
 0.14372957 0.12554007 0.15824858 0.13613326 0.13061644 0.15058965
 0.14308123 0.16509027 0.16965474 0.15871447 0.15633621 0.14769748
 0.11679118 0.1324817  0.15989045 0.10458639 0.11306698 0.15943757
 0.1723942  0.13777303 0.16024489 0.17174161 0.14531033 0.15702046
 0.15631667 0.11867668 0.12400321 0.134359   0.1662392  0.1797795
 0.16776294 0.1712491  0.15496413 0.14593162 0.13472348 0.16134232
 0.11984187 0.13884921 0.10127396 0.15990947 0.14939097 0.18946343
 0.16432992 0.14381667 0.12146935 0.14828107 0.15734409 0.14030534
 0.11232362 0.16714519]
alpha_repeat-1
BERT
[0.79236126 0.7991258  0.7882425  0.7917142  0.7933298  0.7931422
 0.79532427 0.7949779  0.7990318  0.79564184 0.7967161  0.79849225
 0.7955033  0.7915321  0.799544   0.7932715  0.7972949  0.7911376
 0.792265   0.79882336 0.7954495  0.7918524  0.79061675 0.7931449
 0.79626566 0.791031   0.797992   0.79714036 0.7967465  0.79605335
 0.794993   0.7918242  0.7917238  0.7949847  0.79051536 0.7892055
 0.7963536  0.7949212  0.7983342  0.7976585  0.7928707  0.78991985
 0.7927095  0.7899064  0.79174286 0.7929928  0.79403144 0.796316
 0.79129046 0.7946087  0.79267573 0.7899813  0.7946104  0.7907504
 0.7972013  0.7980141  0.79153514 0.7878561  0.7912634  0.79839504
 0.7892494  0.8001981  0.8002007  0.7918559  0.79335475 0.7946849
 0.7961862  0.79298615 0.794653   0.79840404 0.7963453  0.80008566
 0.7984354  0.7928709  0.79413974 0.7932641  0.7902021  0.7943759
 0.79614186 0.7984385  0.795212   0.7932872  0.79304236 0.7928527
 0.79442644 0.7936985  0.79430526 0.79218394 0.799259   0.789101
 0.7963192  0.790731   0.79768044 0.7943837  0.7932447  0.7985871
 0.7934642  0.7976962  0.7910043  0.79414487 0.79606295 0.79280055
 0.7916848  0.7936314  0.7908232  0.8012294  0.79404414 0.7944006
 0.7889997  0.7983513  0.7910184  0.7939227  0.7940853  0.7936464
 0.79531527 0.79808146 0.79405665 0.7981483  0.7960018  0.7960844
 0.7893463  0.7916731  0.79733574 0.7990552  0.7944847  0.7964501
 0.7933021  0.7919853  0.7905908  0.7921027  0.7934572  0.79349416
 0.7949421  0.79364824 0.7927697  0.7940276  0.7980947  0.79938936
 0.7987026  0.79261196 0.79050046 0.79668325 0.7940065  0.7903492
 0.7925473  0.7986317  0.7927936  0.791283   0.7975762  0.794808
 0.7939234  0.79327995 0.7917348  0.79505634 0.79336    0.795822
 0.79719174 0.79306924 0.7957542  0.7990664  0.79157734 0.7995919
 0.7902621  0.78724617 0.7931991  0.79168916 0.7916187  0.80141544
 0.7984604  0.7937862  0.796946   0.7971029  0.7968121  0.79557896
 0.7918919  0.7937906  0.7948938  0.7945558  0.79886    0.79605836
 0.7979335  0.8012283  0.797967   0.792588   0.7942903  0.8003218
 0.7962681  0.7953818  0.79176915 0.7954871  0.7959765  0.7996015
 0.799961   0.78837997 0.79420435 0.7939727  0.7982323  0.79668945
 0.79376507 0.79309833]
[nltk_data] Downloading package wordnet to /mnt/iusers01/fse-
[nltk_data]     ugpgt01/compsci01/q12628ct/nltk_data...
[nltk_data]   Package wordnet is already up-to-date!
[nltk_data] Downloading package punkt_tab to /mnt/iusers01/fse-
[nltk_data]     ugpgt01/compsci01/q12628ct/nltk_data...
[nltk_data]   Package punkt_tab is already up-to-date!
[nltk_data] Downloading package omw-1.4 to /mnt/iusers01/fse-
[nltk_data]     ugpgt01/compsci01/q12628ct/nltk_data...
[nltk_data]   Package omw-1.4 is already up-to-date!
/mnt/iusers01/fse-ugpgt01/compsci01/q12628ct/.conda/envs/semantic-decoding/lib/python3.10/site-packages/huggingface_hub/file_download.py:945: FutureWarning: `resume_download` is deprecated and will be removed in version 1.0.0. Downloads always resume when possible. If you want to force a new download, use `force_download=True`.
  warnings.warn(
Some weights of the model checkpoint at roberta-large were not used when initializing RobertaModel: ['lm_head.dense.bias', 'lm_head.layer_norm.bias', 'lm_head.bias', 'lm_head.dense.weight', 'lm_head.layer_norm.weight']
- This IS expected if you are initializing RobertaModel from the checkpoint of a model trained on another task or with another architecture (e.g. initializing a BertForSequenceClassification model from a BertForPreTraining model).
- This IS NOT expected if you are initializing RobertaModel from the checkpoint of a model that you expect to be exactly identical (initializing a BertForSequenceClassification model from a BertForSequenceClassification model).
Some weights of RobertaModel were not initialized from the model checkpoint at roberta-large and are newly initialized: ['roberta.pooler.dense.weight', 'roberta.pooler.dense.bias']
You should probably TRAIN this model on a down-stream task to be able to use it for predictions and inference.
alpha_repeat-2
WER
[-0.17450296 -0.16624904 -0.17293328 -0.16450237 -0.17608228 -0.17022456
 -0.21474124 -0.15455739 -0.17626759 -0.16853416 -0.13501411 -0.20011859
 -0.16269121 -0.20444275 -0.17235435 -0.17964559 -0.1811326  -0.16231877
 -0.20794175 -0.16800397 -0.18370141 -0.19619435 -0.17852327 -0.19208647
 -0.19404783 -0.19816138 -0.17203987 -0.15138306 -0.19271101 -0.16693214
 -0.17618758 -0.18610734 -0.1924873  -0.17853235 -0.19777673 -0.18095819
 -0.18500434 -0.1701647  -0.17142509 -0.19489728 -0.16847781 -0.17203535
 -0.18985238 -0.18282103 -0.16131994 -0.18053576 -0.18949501 -0.17197622
 -0.19136491 -0.21230702 -0.15947125 -0.15623687 -0.20789088 -0.17854836
 -0.16484326 -0.1481345  -0.18396227 -0.2119615  -0.1581557  -0.18700392
 -0.20552712 -0.16624522 -0.18536741 -0.20311386 -0.16900454 -0.17457797
 -0.15058354 -0.17993375 -0.1784075  -0.13831993 -0.18449133 -0.14796385
 -0.17225308 -0.1942787  -0.19173262 -0.18484378 -0.20829946 -0.18570125
 -0.18216332 -0.17635662 -0.15012216 -0.1776383  -0.18310828 -0.18659968
 -0.1976823  -0.16390333 -0.18217708 -0.20720485 -0.17739639 -0.17784124
 -0.16367831 -0.15513631 -0.1968745  -0.15941876 -0.18845756 -0.18752463
 -0.17225563 -0.17379621 -0.16728766 -0.17865099 -0.19214558 -0.17706556
 -0.18612978 -0.16360439 -0.16354351 -0.17892169 -0.17107638 -0.16519234
 -0.19976071 -0.18636247 -0.18093105 -0.20612633 -0.15788682 -0.15700786
 -0.17419887 -0.17038999 -0.18790993 -0.18957472 -0.18771018 -0.17678013
 -0.19076451 -0.18528456 -0.18211127 -0.18614704 -0.18384828 -0.15969511
 -0.20323644 -0.17675177 -0.1704106  -0.17127413 -0.18175919 -0.17312487
 -0.14606754 -0.18052173 -0.19353608 -0.18689569 -0.17918358 -0.15495077
 -0.17181747 -0.18656956 -0.1667232  -0.18103321 -0.1764458  -0.16682035
 -0.15972292 -0.19933615 -0.17298632 -0.16450994 -0.18886642 -0.20684617
 -0.18250455 -0.16327881 -0.16603191 -0.16530805 -0.17880782 -0.17224108
 -0.16560481 -0.18490015 -0.17344109 -0.21548983 -0.18519897 -0.14777657
 -0.20231138 -0.18644733 -0.18310433 -0.16128327 -0.15974539 -0.18837325
 -0.15641401 -0.16840324 -0.18023324 -0.1620821  -0.18609604 -0.1498789
 -0.14736859 -0.16800347 -0.19407126 -0.16388881 -0.17444353 -0.16569738
 -0.17681095 -0.17016763 -0.16508637 -0.18631573 -0.2000532  -0.18650445
 -0.19083437 -0.19468685 -0.21143263 -0.20852536 -0.17394142 -0.17882276
 -0.12606036 -0.17678237 -0.16322562 -0.19491457 -0.1996179  -0.18684479
 -0.1849517  -0.18769164]
alpha_repeat-2
BLEU
[0.1972516  0.19653187 0.18570682 0.21176691 0.17374286 0.20068378
 0.13434116 0.22263636 0.20798914 0.20511196 0.22293465 0.14057125
 0.15269641 0.13013122 0.19469214 0.19222473 0.16709453 0.21282628
 0.12867506 0.20510973 0.20161095 0.19997152 0.20896366 0.15023662
 0.17642156 0.11629901 0.22593082 0.23907079 0.1973312  0.20873824
 0.21366101 0.18903272 0.1854878  0.15758531 0.14620099 0.17759879
 0.16145413 0.20624758 0.22470028 0.18443448 0.21572908 0.20073983
 0.16108587 0.17975971 0.21560958 0.16523211 0.15114316 0.19741341
 0.17057883 0.13354823 0.20279651 0.19062917 0.11759275 0.19127092
 0.19600483 0.22584142 0.17205607 0.1387324  0.22847841 0.14702029
 0.14068499 0.21585412 0.21613251 0.1195938  0.15312602 0.1443873
 0.18197227 0.24203471 0.21520656 0.22471239 0.18640292 0.23234345
 0.20816163 0.18661308 0.16769844 0.19438828 0.14344271 0.17173693
 0.23711437 0.19836288 0.23124787 0.16999625 0.20738532 0.155294
 0.14420938 0.19647982 0.1650505  0.13637858 0.18555744 0.17495123
 0.19945719 0.20136972 0.14026409 0.21066746 0.11239533 0.17208028
 0.17311297 0.16778947 0.18911763 0.21641727 0.18866065 0.19056496
 0.21009312 0.24442794 0.15287616 0.17866173 0.16103234 0.19698667
 0.1358691  0.15477749 0.17791302 0.13592211 0.21309818 0.19479202
 0.20075725 0.24034182 0.13759716 0.17102821 0.19112723 0.23404724
 0.12620179 0.16461086 0.19365617 0.18753429 0.21546851 0.18651989
 0.12713669 0.14662873 0.20967503 0.20390114 0.1825468  0.22033321
 0.22410012 0.17967852 0.18703621 0.15591317 0.17873695 0.19276533
 0.1977787  0.1866987  0.20565662 0.18622004 0.20792216 0.19609481
 0.19474546 0.17099923 0.20645811 0.17973963 0.21047329 0.16406287
 0.16082746 0.17664755 0.19260428 0.20242877 0.16307962 0.19129496
 0.1691955  0.17709785 0.20212629 0.09468149 0.21084495 0.20654395
 0.15833083 0.18669519 0.20602094 0.21118737 0.20566625 0.13546529
 0.19968144 0.23991373 0.18930027 0.18486666 0.14895106 0.22302905
 0.22770139 0.20780055 0.18512413 0.21275577 0.19869095 0.24170794
 0.14699542 0.20692414 0.15568762 0.19129625 0.1502454  0.2032599
 0.18887503 0.1780544  0.16521884 0.13285827 0.19882013 0.19060379
 0.23964162 0.16514699 0.22275578 0.1390116  0.1320085  0.17176537
 0.20174077 0.21937388]
alpha_repeat-2
METEOR
[0.14790866 0.15637017 0.14050916 0.16110369 0.11926809 0.14596748
 0.10630157 0.17968321 0.15067983 0.14635733 0.17754544 0.1066974
 0.12222619 0.09238399 0.15253372 0.14085651 0.12202039 0.15250557
 0.08897875 0.15621596 0.15457299 0.14753842 0.15949839 0.10524813
 0.1318889  0.09249665 0.15718169 0.18621496 0.14836626 0.13832877
 0.15463143 0.1429779  0.13027929 0.12343005 0.10087924 0.11622712
 0.11725746 0.15247978 0.14887624 0.13884114 0.13596406 0.13685366
 0.11891919 0.13539586 0.1563093  0.13084652 0.13141584 0.14062402
 0.13266783 0.09503665 0.15121124 0.14256241 0.10005751 0.15883261
 0.14255225 0.15616119 0.13060605 0.10628332 0.16504549 0.10711682
 0.1083339  0.15693001 0.14406665 0.09733347 0.12935097 0.11319301
 0.13960065 0.17303503 0.16361665 0.16036703 0.14561697 0.16939077
 0.14722205 0.13304741 0.14076806 0.1300441  0.12491042 0.13942275
 0.1859744  0.14681239 0.15995945 0.13188677 0.15194986 0.11920037
 0.12069826 0.14421104 0.13026596 0.09965634 0.1386161  0.12298405
 0.15878118 0.15274151 0.11776863 0.16486597 0.09277019 0.13130812
 0.12888811 0.13259603 0.14627227 0.15338812 0.13653561 0.14540239
 0.16252002 0.17938536 0.11245704 0.13750672 0.14632373 0.15940345
 0.11417877 0.13343553 0.14448246 0.11634098 0.16517777 0.15912756
 0.14052791 0.15950779 0.09863961 0.137742   0.13112257 0.17701694
 0.09691727 0.12838468 0.14356196 0.13822347 0.15133713 0.14732936
 0.0897588  0.10721992 0.1500218  0.1357253  0.12947511 0.15261266
 0.17483099 0.15481842 0.15228879 0.10289882 0.12715959 0.15980117
 0.13912871 0.14019369 0.14709083 0.15577871 0.14507939 0.13383739
 0.16304756 0.12658153 0.16722426 0.15497688 0.16417633 0.1309453
 0.13969201 0.14123514 0.13843121 0.16201748 0.13182502 0.14914852
 0.12644132 0.12819025 0.17218078 0.08869259 0.15068127 0.15793732
 0.11968457 0.17601707 0.15338531 0.17626681 0.1497154  0.10452137
 0.14794738 0.16301058 0.14153936 0.13589539 0.11164964 0.17279984
 0.17135325 0.15533764 0.13883316 0.15021569 0.15167284 0.17758353
 0.12308935 0.16427719 0.11051465 0.14516873 0.11282986 0.15040767
 0.15528868 0.13837864 0.13831414 0.11326097 0.14699548 0.12747911
 0.16533172 0.12827586 0.15669238 0.10754679 0.09092606 0.12272026
 0.15644552 0.15375666]
alpha_repeat-2
BERT
[0.7965438  0.7937058  0.79043263 0.79629683 0.7941231  0.79230964
 0.7966637  0.79725677 0.7946706  0.79567933 0.7949869  0.7942445
 0.7956782  0.7916591  0.7957792  0.7915186  0.7920701  0.7968118
 0.7910702  0.8018298  0.79878336 0.7932649  0.7957215  0.79464173
 0.79169714 0.7914746  0.7987464  0.7979945  0.79328144 0.791482
 0.79711103 0.7930727  0.79504746 0.78950083 0.79133195 0.79269737
 0.7916741  0.7986185  0.7941458  0.7954185  0.79435974 0.7937589
 0.7926705  0.7955326  0.7918963  0.79216415 0.7917147  0.7966033
 0.79353344 0.79346067 0.7928269  0.793931   0.7916163  0.795982
 0.7905298  0.8020107  0.7963862  0.79024494 0.7968909  0.7917117
 0.7920136  0.79808736 0.7942616  0.78697133 0.7906469  0.79174507
 0.78891057 0.7926908  0.79272217 0.79965526 0.7947817  0.7902316
 0.7892793  0.7963081  0.79757255 0.79836607 0.79306954 0.7936307
 0.79481477 0.7928386  0.7961115  0.7926659  0.7928462  0.78857255
 0.79369485 0.799034   0.7964385  0.7877158  0.79558897 0.7940498
 0.7950875  0.7964254  0.79186314 0.79453987 0.79066086 0.7958905
 0.7960192  0.79943895 0.7967212  0.79492855 0.7964509  0.79695827
 0.7982685  0.7997753  0.79305667 0.7982871  0.79341775 0.79497844
 0.7899752  0.7934917  0.7924022  0.79000187 0.79730177 0.7935398
 0.79400265 0.7975855  0.79125476 0.7926166  0.7958426  0.7967131
 0.7928896  0.79291385 0.7973402  0.7957734  0.79317063 0.79496366
 0.79057765 0.7942074  0.7936307  0.79263186 0.7911367  0.7953722
 0.7960723  0.79977846 0.7982242  0.78720206 0.79180455 0.79985744
 0.7906337  0.795269   0.79892826 0.7955344  0.79457694 0.79080296
 0.79802907 0.8000172  0.79785866 0.79752445 0.7966265  0.7891355
 0.7933162  0.79159546 0.79423195 0.79751194 0.7947006  0.7945585
 0.79359436 0.79498273 0.7984291  0.78856903 0.79742104 0.7983966
 0.79703027 0.79673505 0.79478955 0.79607874 0.7921485  0.7908516
 0.7964121  0.7962563  0.78796864 0.7951005  0.7908422  0.79505277
 0.7973631  0.7961499  0.7925213  0.7996349  0.7917033  0.80321085
 0.793326   0.79892117 0.79616845 0.79508823 0.79131514 0.7968843
 0.79716045 0.79305565 0.7952587  0.7936249  0.7918295  0.7996932
 0.7925624  0.7931388  0.79844826 0.79481936 0.79473674 0.7946419
 0.7954912  0.79182416]
[nltk_data] Downloading package wordnet to /mnt/iusers01/fse-
[nltk_data]     ugpgt01/compsci01/q12628ct/nltk_data...
[nltk_data]   Package wordnet is already up-to-date!
[nltk_data] Downloading package punkt_tab to /mnt/iusers01/fse-
[nltk_data]     ugpgt01/compsci01/q12628ct/nltk_data...
[nltk_data]   Package punkt_tab is already up-to-date!
[nltk_data] Downloading package omw-1.4 to /mnt/iusers01/fse-
[nltk_data]     ugpgt01/compsci01/q12628ct/nltk_data...
[nltk_data]   Package omw-1.4 is already up-to-date!
/mnt/iusers01/fse-ugpgt01/compsci01/q12628ct/.conda/envs/semantic-decoding/lib/python3.10/site-packages/huggingface_hub/file_download.py:945: FutureWarning: `resume_download` is deprecated and will be removed in version 1.0.0. Downloads always resume when possible. If you want to force a new download, use `force_download=True`.
  warnings.warn(
Some weights of the model checkpoint at roberta-large were not used when initializing RobertaModel: ['lm_head.bias', 'lm_head.layer_norm.bias', 'lm_head.dense.bias', 'lm_head.layer_norm.weight', 'lm_head.dense.weight']
- This IS expected if you are initializing RobertaModel from the checkpoint of a model trained on another task or with another architecture (e.g. initializing a BertForSequenceClassification model from a BertForPreTraining model).
- This IS NOT expected if you are initializing RobertaModel from the checkpoint of a model that you expect to be exactly identical (initializing a BertForSequenceClassification model from a BertForSequenceClassification model).
Some weights of RobertaModel were not initialized from the model checkpoint at roberta-large and are newly initialized: ['roberta.pooler.dense.bias', 'roberta.pooler.dense.weight']
You should probably TRAIN this model on a down-stream task to be able to use it for predictions and inference.
bravo_repeat-1
WER
[-0.12550248 -0.07528505 -0.09800331 -0.08138135 -0.09889834 -0.10671268
 -0.10238035 -0.09483191 -0.0821217  -0.10413596 -0.09931298 -0.05146952
 -0.07586699 -0.07997666 -0.09079534 -0.10637165 -0.08280856 -0.08309658
 -0.08600426 -0.0758156  -0.06702794 -0.07286844 -0.08561164 -0.1009539
 -0.08798498 -0.07925429 -0.09818616 -0.07489225 -0.08773169 -0.07240599
 -0.08467162 -0.09932856 -0.11143913 -0.10135281 -0.09768861 -0.11483742
 -0.08513897 -0.10147812 -0.09331946 -0.07079213 -0.09319678 -0.08313933
 -0.08564188 -0.10623129 -0.07591558 -0.09485081 -0.08893319 -0.10780299
 -0.08125281 -0.08317351 -0.10471275 -0.11103849 -0.08997521 -0.07791365
 -0.09631741 -0.09874968 -0.08806158 -0.09099022 -0.06311473 -0.08020518
 -0.0868724  -0.06297618 -0.09289817 -0.10325673 -0.10606313 -0.0956819
 -0.09981812 -0.09930818 -0.10802757 -0.09329391 -0.06694298 -0.07220233
 -0.08425422 -0.08988657 -0.09262906 -0.09865082 -0.09482877 -0.06575311
 -0.09048435 -0.09112997 -0.06973119 -0.09594733 -0.11003544 -0.07507536
 -0.08753202 -0.10439436 -0.09642486 -0.09216434 -0.07399833 -0.07237956
 -0.08763755 -0.09318394 -0.08931795 -0.0970459  -0.10782859 -0.0802232
 -0.10034715 -0.06682224 -0.09705727 -0.06898392 -0.11056479 -0.09886052
 -0.06889895 -0.10048114 -0.08537945 -0.07947107 -0.09716432 -0.07576754
 -0.08673777 -0.09415322 -0.07325174 -0.08492595 -0.0837123  -0.10227226
 -0.09388243 -0.10249266 -0.08540045 -0.07026681 -0.09002179 -0.09627461
 -0.09206812 -0.07881008 -0.0826066  -0.09361078 -0.08484843 -0.07930172
 -0.08884177 -0.08595252 -0.11096557 -0.09107534 -0.09317258 -0.08775308
 -0.08805238 -0.10213677 -0.07627807 -0.08153374 -0.09702852 -0.11587846
 -0.07209351 -0.10453289 -0.09498286 -0.09625809 -0.08076696 -0.09578886
 -0.0457744  -0.10780125 -0.0775287  -0.08308501 -0.07666244 -0.09609459
 -0.08265394 -0.09659826 -0.09303411 -0.09042929 -0.09790479 -0.08739104
 -0.07475778 -0.08181789 -0.07239913 -0.08960096 -0.08647876 -0.08732937
 -0.09833737 -0.07780853 -0.10934211 -0.09170364 -0.09295603 -0.07620581
 -0.09028653 -0.07183426 -0.08881519 -0.10662487 -0.06961528 -0.08255111
 -0.09265771 -0.09497345 -0.10081994 -0.08873579 -0.0960828  -0.08671999
 -0.08473208 -0.07905053 -0.09796703 -0.102454   -0.08541507 -0.09204601
 -0.09287919 -0.08971944 -0.06566063 -0.07992149 -0.11092223 -0.08732671
 -0.0922838  -0.10670205 -0.0859661  -0.10323073 -0.08985772 -0.10053828
 -0.09156057 -0.07990508]
bravo_repeat-1
BLEU
[0.13222067 0.2173955  0.15894699 0.22766581 0.22735636 0.23343566
 0.23878435 0.20308052 0.22606835 0.15735619 0.17351926 0.22713271
 0.21768357 0.24202457 0.20834197 0.19402626 0.17403408 0.19797359
 0.18411577 0.24783086 0.1450613  0.21502177 0.185818   0.18415039
 0.19333826 0.24225508 0.23854557 0.21583093 0.16601875 0.2159066
 0.18438367 0.22584606 0.15226028 0.2361995  0.19100758 0.21696458
 0.19916615 0.18742219 0.23132826 0.22727912 0.2360796  0.20294853
 0.20162835 0.15670371 0.24759978 0.23384014 0.18809549 0.17875347
 0.23955931 0.20749849 0.17143496 0.18540981 0.19640612 0.21983165
 0.20184966 0.22490783 0.18098138 0.2403751  0.22662713 0.21226735
 0.21266101 0.23368966 0.20346398 0.14066663 0.21145938 0.16195718
 0.18656202 0.22265535 0.17587239 0.22912525 0.22758953 0.20561634
 0.24606577 0.23405938 0.21852683 0.23212238 0.21976066 0.21805505
 0.15261345 0.21655987 0.26417359 0.15550392 0.20483304 0.24322741
 0.26370068 0.19831613 0.21469363 0.2504045  0.24020025 0.21008286
 0.22330918 0.18041192 0.23842577 0.19753326 0.19877898 0.19394465
 0.24032179 0.21512028 0.2164913  0.28446667 0.18179128 0.21816614
 0.19964828 0.24183722 0.24975972 0.21961205 0.19733374 0.21831916
 0.20549599 0.15843392 0.2222313  0.24653303 0.19959174 0.21453776
 0.149784   0.18137676 0.1893805  0.23809363 0.21270875 0.15214909
 0.21864915 0.25538477 0.20216871 0.19829577 0.21772067 0.20438775
 0.16673868 0.236807   0.19554876 0.26745082 0.20465392 0.23635281
 0.21125032 0.22824271 0.2202264  0.22456893 0.1747594  0.2391424
 0.22098441 0.19630033 0.12741659 0.23212193 0.21429396 0.22095089
 0.21261091 0.12900522 0.23990503 0.21476185 0.24429933 0.22754782
 0.23566918 0.22711282 0.22461789 0.19871436 0.18967442 0.21322174
 0.19348126 0.21917808 0.21393059 0.2066023  0.23545729 0.20062841
 0.16555763 0.21555878 0.17807328 0.14924559 0.21419021 0.2426558
 0.19684644 0.24153657 0.14911398 0.2282378  0.28593701 0.22905611
 0.21379149 0.21677465 0.20708256 0.14421302 0.23477487 0.19698315
 0.21208916 0.22376983 0.17900609 0.18614052 0.21772646 0.2155916
 0.20958745 0.28599976 0.22474748 0.24728498 0.16740987 0.23035641
 0.22988446 0.16841286 0.2154602  0.23226126 0.21673568 0.24138095
 0.21068603 0.26474991]
bravo_repeat-1
METEOR
[0.10927848 0.15530307 0.10354711 0.16639123 0.14988176 0.15497786
 0.16940671 0.15357586 0.1606777  0.10590092 0.13448228 0.16814949
 0.1513525  0.15670863 0.150531   0.14460742 0.12806472 0.15378446
 0.12301405 0.17948236 0.1074179  0.14753786 0.14498522 0.13139453
 0.13872643 0.15927018 0.16826376 0.14709196 0.13798311 0.15218544
 0.12730964 0.17132322 0.11377846 0.16015267 0.12731229 0.14509859
 0.12849077 0.14738429 0.17161905 0.1615603  0.16505568 0.14367343
 0.1378032  0.11402622 0.16843911 0.16418092 0.15419071 0.13033114
 0.17839693 0.16413878 0.13018327 0.14014959 0.13755886 0.16375567
 0.14027312 0.1489437  0.12544834 0.16312067 0.16055801 0.15245696
 0.14278173 0.1533649  0.15468853 0.1057308  0.13857489 0.12278745
 0.12148339 0.15485562 0.11957583 0.16723938 0.18368731 0.14501131
 0.17339485 0.17203441 0.15240776 0.16582184 0.14547263 0.15752918
 0.09870099 0.14945762 0.18714845 0.12284489 0.15493955 0.17143643
 0.17235111 0.16959251 0.16020171 0.18027643 0.17196061 0.16384522
 0.15276011 0.14187428 0.16287467 0.15126824 0.13645592 0.14326945
 0.17575726 0.1693534  0.14598598 0.21606032 0.12409124 0.16104016
 0.13435563 0.15692623 0.16377668 0.1502902  0.1477597  0.15256371
 0.1456234  0.11839313 0.14814655 0.16768943 0.16134481 0.15877869
 0.1174578  0.14380635 0.13692277 0.16437288 0.14558557 0.12597352
 0.17367473 0.18068061 0.13797584 0.14563546 0.15504907 0.14671839
 0.12014755 0.16657818 0.13922195 0.20247879 0.14544286 0.16132749
 0.15195798 0.15603112 0.15711217 0.14338272 0.135216   0.16839495
 0.16950511 0.15211966 0.10016469 0.17853547 0.15296117 0.15399104
 0.16269688 0.10008664 0.17080864 0.16109157 0.17763871 0.16785428
 0.1795986  0.16345023 0.17995361 0.13212479 0.13952038 0.15292422
 0.139507   0.14475454 0.15535326 0.15417911 0.16028402 0.13741032
 0.13047447 0.16702712 0.13350353 0.11946281 0.14216354 0.17738816
 0.15847261 0.17003529 0.11781885 0.15387802 0.20725318 0.16537144
 0.1554307  0.14393167 0.13992594 0.10867272 0.14722908 0.15153938
 0.15018722 0.16447219 0.11451372 0.13005019 0.14431488 0.1601571
 0.14807594 0.19254064 0.16237499 0.17066725 0.13112148 0.16493345
 0.17183919 0.14022729 0.15444001 0.16921249 0.14495988 0.17187093
 0.14211018 0.1809026 ]
bravo_repeat-1
BERT
[0.80026025 0.7991349  0.8020935  0.8052365  0.80438983 0.80510426
 0.8050608  0.80350566 0.7998968  0.80273885 0.8065396  0.80656445
 0.8123577  0.80626136 0.8085971  0.8047115  0.79959655 0.8020936
 0.8051131  0.8081827  0.80287665 0.8048147  0.8058893  0.80519706
 0.8029428  0.8090575  0.80492646 0.80529535 0.8013768  0.8084491
 0.80241543 0.8065444  0.8013405  0.8094063  0.8009332  0.8034962
 0.8142325  0.80591464 0.80188423 0.80894804 0.8103149  0.8014734
 0.80832404 0.798063   0.80511194 0.810909   0.8078258  0.7977883
 0.8034118  0.8091235  0.8034371  0.8049837  0.8037263  0.80679756
 0.803564   0.8097015  0.8026214  0.80694866 0.80891854 0.8002774
 0.8053544  0.8043079  0.80767727 0.8074049  0.80669093 0.79984087
 0.8074296  0.81171453 0.8079512  0.8131576  0.8095318  0.80875015
 0.8058787  0.80727524 0.80236983 0.80388016 0.8052009  0.8128538
 0.7998078  0.810635   0.8079733  0.79941213 0.8027541  0.81003624
 0.8113934  0.8073203  0.8106303  0.8080789  0.8071621  0.80698943
 0.8057801  0.81069744 0.80732334 0.80610293 0.8039164  0.8038494
 0.8071893  0.8092883  0.8041964  0.81604534 0.80514145 0.80553573
 0.80158085 0.8034872  0.80687064 0.8060855  0.8001749  0.80637145
 0.8064605  0.8003585  0.8046272  0.8083985  0.80397576 0.80686384
 0.80131626 0.8011488  0.80404824 0.8038521  0.80452144 0.8004419
 0.80551565 0.81078964 0.8023502  0.80256504 0.8073623  0.79994553
 0.80257344 0.80432796 0.8073525  0.8074099  0.8074283  0.8031996
 0.8009491  0.803943   0.8072369  0.8080059  0.8003837  0.80621487
 0.8094597  0.80545557 0.80146295 0.80769277 0.8044779  0.8011183
 0.8043176  0.8041285  0.80639195 0.80116343 0.80085045 0.8083728
 0.8075548  0.8054961  0.8127305  0.80717534 0.8050284  0.8051126
 0.8051713  0.80482054 0.8035004  0.810758   0.8080604  0.8039975
 0.80387014 0.8014138  0.8035781  0.79909396 0.80427206 0.80963
 0.80527365 0.8028648  0.8045651  0.80350167 0.8128266  0.8044923
 0.80403084 0.80415606 0.8045887  0.80172443 0.80516297 0.8071576
 0.80508703 0.8072865  0.79934806 0.8044394  0.80239606 0.8059233
 0.8029183  0.81009346 0.80408406 0.8114598  0.8077505  0.8060874
 0.8104152  0.7997218  0.8088219  0.8068337  0.8033437  0.8053982
 0.80066633 0.80914307]
[nltk_data] Downloading package wordnet to /mnt/iusers01/fse-
[nltk_data]     ugpgt01/compsci01/q12628ct/nltk_data...
[nltk_data]   Package wordnet is already up-to-date!
[nltk_data] Downloading package punkt_tab to /mnt/iusers01/fse-
[nltk_data]     ugpgt01/compsci01/q12628ct/nltk_data...
[nltk_data]   Package punkt_tab is already up-to-date!
[nltk_data] Downloading package omw-1.4 to /mnt/iusers01/fse-
[nltk_data]     ugpgt01/compsci01/q12628ct/nltk_data...
[nltk_data]   Package omw-1.4 is already up-to-date!
/mnt/iusers01/fse-ugpgt01/compsci01/q12628ct/.conda/envs/semantic-decoding/lib/python3.10/site-packages/huggingface_hub/file_download.py:945: FutureWarning: `resume_download` is deprecated and will be removed in version 1.0.0. Downloads always resume when possible. If you want to force a new download, use `force_download=True`.
  warnings.warn(
Some weights of the model checkpoint at roberta-large were not used when initializing RobertaModel: ['lm_head.bias', 'lm_head.layer_norm.bias', 'lm_head.layer_norm.weight', 'lm_head.dense.bias', 'lm_head.dense.weight']
- This IS expected if you are initializing RobertaModel from the checkpoint of a model trained on another task or with another architecture (e.g. initializing a BertForSequenceClassification model from a BertForPreTraining model).
- This IS NOT expected if you are initializing RobertaModel from the checkpoint of a model that you expect to be exactly identical (initializing a BertForSequenceClassification model from a BertForSequenceClassification model).
Some weights of RobertaModel were not initialized from the model checkpoint at roberta-large and are newly initialized: ['roberta.pooler.dense.bias', 'roberta.pooler.dense.weight']
You should probably TRAIN this model on a down-stream task to be able to use it for predictions and inference.
bravo_repeat-2
WER
[-0.02097607 -0.04190525 -0.02836014 -0.0395275  -0.0347589  -0.03836562
 -0.0338114  -0.04956854 -0.04199441 -0.03939348 -0.02949323 -0.02728508
 -0.03672609 -0.03517529 -0.05244142 -0.04034534 -0.03940837 -0.03514215
 -0.0448014  -0.03187974 -0.04189474 -0.05151641 -0.01494049 -0.05302109
 -0.0445701  -0.02627249 -0.04961981 -0.03040459 -0.04155483 -0.03616674
 -0.03542815 -0.05575588 -0.0360242  -0.034295   -0.03728038 -0.02848047
 -0.05870002 -0.0168347  -0.04800144 -0.04445542 -0.04519495 -0.02756333
 -0.03852319 -0.03148722 -0.03439865 -0.04660728 -0.04458776 -0.06277523
 -0.01988271 -0.03799967 -0.03361011 -0.03146238 -0.04434404 -0.03740302
 -0.02816011 -0.03116404 -0.04936854 -0.04473708 -0.0420603  -0.04685436
 -0.04262185 -0.01994825 -0.04047095 -0.04665155 -0.03399533 -0.06172428
 -0.02819791 -0.03152831 -0.04950174 -0.02585859 -0.0389925  -0.04934353
 -0.01941443 -0.02421588 -0.04239076 -0.04019872 -0.04110459 -0.04470754
 -0.04709505 -0.05082403 -0.02075664 -0.04923361 -0.02950179 -0.0334371
 -0.05126918 -0.03082225 -0.0286939  -0.04710215 -0.03928815 -0.03689285
 -0.03946501 -0.05954993 -0.02265628 -0.01924909 -0.05494787 -0.04477762
 -0.03988836 -0.02658732 -0.04314381 -0.02567809 -0.0505829  -0.03516392
 -0.05057169 -0.04816441 -0.05374949 -0.02194191 -0.03384419 -0.02888882
 -0.03745237 -0.03168338 -0.03447422 -0.04188921 -0.03183604 -0.03020759
 -0.03049266 -0.0485622  -0.04330409 -0.04576338 -0.03488519 -0.05301254
 -0.04796657 -0.03593221 -0.04111454 -0.0211852  -0.04178418 -0.02157435
 -0.06598893 -0.04015763 -0.02596647 -0.04659389 -0.04482156 -0.0554748
 -0.04998458 -0.03250696 -0.02189016 -0.06075235 -0.02556963 -0.04373654
 -0.02674888 -0.05453865 -0.02883433 -0.02943298 -0.04267891 -0.03926814
 -0.05320996 -0.05918555 -0.05189695 -0.0423861  -0.06114397 -0.03705266
 -0.02694652 -0.0473992  -0.03038794 -0.04243035 -0.04251423 -0.04584472
 -0.0371064  -0.04346118 -0.03436858 -0.04342272 -0.04452434 -0.0353235
 -0.03296083 -0.04645769 -0.02278312 -0.05208606 -0.03598962 -0.02011432
 -0.01436514 -0.04852444 -0.02827853 -0.03637283 -0.04120875 -0.03295153
 -0.04239276 -0.0224489  -0.03762243 -0.04275223 -0.04119749 -0.04252609
 -0.05059317 -0.0474626  -0.03024764 -0.02834907 -0.05854013 -0.01975151
 -0.03372509 -0.04965841 -0.04856271 -0.05601088 -0.05213158 -0.03930694
 -0.03442105 -0.03921502 -0.04477533 -0.04936485 -0.04882493 -0.04446275
 -0.0317402  -0.03962048]
bravo_repeat-2
BLEU
[0.23694118 0.23761161 0.21960998 0.2367154  0.22765007 0.22352108
 0.23724637 0.19307134 0.14233372 0.19683807 0.24098231 0.20399
 0.24316798 0.24537531 0.25777773 0.20880261 0.24030334 0.244993
 0.23108777 0.2680797  0.22886549 0.20965858 0.23401515 0.16340217
 0.16677728 0.26368379 0.16753677 0.22783889 0.1983405  0.22855213
 0.20372732 0.18074049 0.23239356 0.23480146 0.16633397 0.2331129
 0.19199339 0.18263335 0.21228522 0.21125978 0.17743657 0.24444941
 0.18711474 0.23720481 0.22743228 0.22585489 0.20281237 0.2078155
 0.2437844  0.26498589 0.1952088  0.22203631 0.22250605 0.24666768
 0.24970978 0.21458056 0.1855866  0.19576173 0.17967818 0.18369315
 0.24391204 0.24575717 0.23685837 0.19655078 0.24453976 0.16754934
 0.25007722 0.25848568 0.22055549 0.22551064 0.21890487 0.18178352
 0.23591625 0.23967997 0.2319779  0.21742871 0.17502003 0.21918693
 0.19365819 0.20482413 0.27802326 0.19347329 0.2431166  0.23127564
 0.19842997 0.25971323 0.22874056 0.14223135 0.24050862 0.20365832
 0.20780943 0.1601775  0.21937743 0.23754526 0.1933151  0.21426293
 0.21976276 0.23720085 0.25129995 0.17228561 0.22684689 0.16873303
 0.19854916 0.20034623 0.1848381  0.24086264 0.25403825 0.24586631
 0.17230215 0.22347944 0.23990246 0.24209507 0.19164526 0.21507535
 0.21217025 0.15491371 0.22675775 0.17366016 0.20811005 0.13632814
 0.18852137 0.25222004 0.17569631 0.25386616 0.23467708 0.24024723
 0.10908909 0.20552602 0.26485854 0.224121   0.22856876 0.13318649
 0.21244895 0.23918706 0.24247616 0.20944125 0.26550081 0.21921825
 0.26326101 0.19942359 0.24001718 0.2438356  0.18637154 0.24737281
 0.24340397 0.20911868 0.22520093 0.21588717 0.19886814 0.22206507
 0.26168836 0.24298589 0.19349839 0.26606599 0.23164019 0.19529134
 0.2034776  0.19853626 0.21764422 0.26242823 0.26643367 0.25835119
 0.21161821 0.21083284 0.23260908 0.19128327 0.24043899 0.22958388
 0.23047547 0.19163196 0.22680739 0.19764595 0.22651931 0.23425305
 0.24086638 0.21107083 0.19685038 0.17642502 0.26601476 0.20824063
 0.20675679 0.18032325 0.25164119 0.27322244 0.2455892  0.20487199
 0.1744428  0.19728718 0.16242376 0.20598243 0.18707083 0.22547163
 0.23553884 0.21523084 0.21595552 0.18063401 0.20833478 0.24604714
 0.21877773 0.18410659]
bravo_repeat-2
METEOR
[0.19082188 0.17537421 0.13929014 0.16396775 0.14112818 0.15219896
 0.15284129 0.12666772 0.09021874 0.15151871 0.14943743 0.13721132
 0.14823492 0.16140983 0.15235795 0.13541343 0.16210139 0.17889431
 0.14640443 0.17522047 0.14632965 0.16746284 0.16809363 0.11502887
 0.11713973 0.17143928 0.12040731 0.16271213 0.12601015 0.15735392
 0.15379511 0.13055832 0.16428287 0.15064826 0.12085611 0.18481282
 0.13336559 0.12913108 0.16236727 0.13022765 0.13148543 0.18260452
 0.12130628 0.15270811 0.16067714 0.14690409 0.14673093 0.16407117
 0.15562484 0.16749602 0.12189919 0.15534134 0.14520832 0.1665082
 0.16333058 0.13689483 0.14452435 0.13697681 0.1180778  0.13108246
 0.15461982 0.18122632 0.15382753 0.13220997 0.15817389 0.12102938
 0.1666627  0.17416584 0.14373246 0.14954892 0.159837   0.13426479
 0.15480971 0.15466046 0.15570307 0.14632838 0.13318166 0.15725806
 0.13979007 0.14050872 0.19482409 0.13573006 0.15947114 0.16052697
 0.12663356 0.17599285 0.15419961 0.09816918 0.17590005 0.13658847
 0.13472432 0.10462415 0.14241048 0.16043866 0.13173692 0.15218179
 0.14337191 0.16004628 0.17946002 0.12514593 0.15772965 0.12747634
 0.14624195 0.14313769 0.13874346 0.1490759  0.16413837 0.17756228
 0.1193427  0.15787067 0.15249035 0.16144346 0.12651228 0.13826449
 0.16658573 0.10318962 0.17465654 0.11992226 0.16278725 0.11400743
 0.1351764  0.15487089 0.11519307 0.16710488 0.16678105 0.16294579
 0.09253253 0.1490277  0.19407273 0.14281354 0.15125542 0.09449296
 0.14786154 0.15789854 0.17144539 0.13773604 0.18216055 0.1396007
 0.18943841 0.15367405 0.1473218  0.14750145 0.1251601  0.16113508
 0.16692327 0.13956699 0.17049097 0.14371987 0.13757341 0.1475542
 0.1701419  0.14327582 0.13758391 0.17184819 0.14225168 0.12024938
 0.14781011 0.13247818 0.15438514 0.1766212  0.16479029 0.16736645
 0.15544195 0.14667607 0.16173482 0.13150962 0.15439873 0.15279418
 0.17200697 0.14565444 0.14878133 0.13603323 0.16622326 0.15047353
 0.17599646 0.13159857 0.12649359 0.14173009 0.19467472 0.14135628
 0.13447102 0.12992928 0.18002085 0.17310147 0.16546333 0.16053261
 0.12813708 0.12821547 0.12519042 0.14381479 0.12439081 0.15793563
 0.15226147 0.13750293 0.14042911 0.13070341 0.16671639 0.14865247
 0.14810702 0.142212  ]
bravo_repeat-2
BERT
[0.8073954  0.8123683  0.80391765 0.7997202  0.8049127  0.8065751
 0.80436456 0.8033587  0.7995425  0.8039728  0.80176854 0.80176896
 0.8055188  0.8084271  0.8035852  0.80224067 0.80450755 0.80552685
 0.8058629  0.81283855 0.8034013  0.80674756 0.8020212  0.8020907
 0.8037466  0.8110411  0.8011826  0.80859876 0.8044808  0.80374676
 0.80814606 0.8032343  0.8054679  0.80910575 0.80436075 0.80478615
 0.8067037  0.80388457 0.8115269  0.80545074 0.8038068  0.8080612
 0.8050691  0.80720305 0.8070047  0.8066879  0.805808   0.8046709
 0.8088669  0.80466133 0.8065006  0.8049884  0.80795866 0.8063653
 0.8101289  0.804032   0.79953074 0.801219   0.8017028  0.80171657
 0.8086093  0.8151288  0.80529225 0.8071199  0.80979306 0.80026394
 0.8049547  0.80841583 0.8042642  0.8036032  0.80608845 0.8035817
 0.8066786  0.80921036 0.80870086 0.8050207  0.80478185 0.80435646
 0.8008877  0.80229837 0.8089984  0.7979801  0.803733   0.8061003
 0.80423194 0.8083211  0.80361587 0.7985853  0.81032014 0.80306756
 0.8049268  0.8045842  0.8012045  0.80874324 0.8038707  0.8077309
 0.7994244  0.8090317  0.8061011  0.8058951  0.8058564  0.802131
 0.8062908  0.8063948  0.79994595 0.8075503  0.81234163 0.811754
 0.8041546  0.8105048  0.807241   0.8061789  0.8078271  0.80484277
 0.8121286  0.79995596 0.8025212  0.8016726  0.8106686  0.8028072
 0.80905765 0.8072992  0.80140007 0.81044966 0.8080824  0.80667084
 0.80206096 0.80386734 0.8050284  0.8031328  0.8061683  0.7970918
 0.80844533 0.8058361  0.81985825 0.80324405 0.80410117 0.8067222
 0.80711335 0.80791223 0.8089699  0.802905   0.8053148  0.804016
 0.8071274  0.80223316 0.8041566  0.80680597 0.80876124 0.8016354
 0.81047916 0.8065045  0.8040801  0.8034855  0.8043128  0.80062485
 0.8038861  0.8025616  0.8049681  0.80593836 0.80743015 0.80489844
 0.8068054  0.8011194  0.8087236  0.8034069  0.8051942  0.80424964
 0.8098912  0.8059752  0.80477643 0.8066628  0.80652916 0.80558443
 0.8095161  0.80637544 0.8011717  0.8042312  0.80696374 0.8033872
 0.80384    0.8085339  0.8067036  0.804729   0.80631477 0.80469847
 0.80438167 0.8042606  0.8048907  0.8022852  0.80894256 0.80486435
 0.8049896  0.8069776  0.80346733 0.80112326 0.80828524 0.80987215
 0.8059366  0.80311036]
[nltk_data] Downloading package wordnet to /mnt/iusers01/fse-
[nltk_data]     ugpgt01/compsci01/q12628ct/nltk_data...
[nltk_data]   Package wordnet is already up-to-date!
[nltk_data] Downloading package punkt_tab to /mnt/iusers01/fse-
[nltk_data]     ugpgt01/compsci01/q12628ct/nltk_data...
[nltk_data]   Package punkt_tab is already up-to-date!
[nltk_data] Downloading package omw-1.4 to /mnt/iusers01/fse-
[nltk_data]     ugpgt01/compsci01/q12628ct/nltk_data...
[nltk_data]   Package omw-1.4 is already up-to-date!
/mnt/iusers01/fse-ugpgt01/compsci01/q12628ct/.conda/envs/semantic-decoding/lib/python3.10/site-packages/huggingface_hub/file_download.py:945: FutureWarning: `resume_download` is deprecated and will be removed in version 1.0.0. Downloads always resume when possible. If you want to force a new download, use `force_download=True`.
  warnings.warn(
Some weights of the model checkpoint at roberta-large were not used when initializing RobertaModel: ['lm_head.dense.weight', 'lm_head.layer_norm.bias', 'lm_head.dense.bias', 'lm_head.layer_norm.weight', 'lm_head.bias']
- This IS expected if you are initializing RobertaModel from the checkpoint of a model trained on another task or with another architecture (e.g. initializing a BertForSequenceClassification model from a BertForPreTraining model).
- This IS NOT expected if you are initializing RobertaModel from the checkpoint of a model that you expect to be exactly identical (initializing a BertForSequenceClassification model from a BertForSequenceClassification model).
Some weights of RobertaModel were not initialized from the model checkpoint at roberta-large and are newly initialized: ['roberta.pooler.dense.bias', 'roberta.pooler.dense.weight']
You should probably TRAIN this model on a down-stream task to be able to use it for predictions and inference.
charlie_repeat-1
WER
[-0.08937213 -0.09256325 -0.09339978 -0.08922386 -0.09524435 -0.08015304
 -0.10117128 -0.11141097 -0.09543266 -0.10994732 -0.10222629 -0.10761497
 -0.11608219 -0.10294604 -0.0926301  -0.09765805 -0.09144698 -0.09090027
 -0.07771863 -0.09780644 -0.09109432 -0.091293   -0.08741476 -0.09649904
 -0.10238766 -0.09063098 -0.0967253  -0.09439801 -0.07872076 -0.07392597
 -0.08052902 -0.09152327 -0.08615941 -0.08925757 -0.09577597 -0.06906746
 -0.10111913 -0.11411788 -0.08265551 -0.0912153  -0.08700623 -0.10072862
 -0.08674186 -0.08589429 -0.10380158 -0.09411601 -0.09722056 -0.08589639
 -0.09425594 -0.0684864  -0.07506846 -0.07687605 -0.10009747 -0.10716651
 -0.1148543  -0.10211144 -0.07855479 -0.08596655 -0.08982549 -0.08643138
 -0.10398467 -0.08942862 -0.07278803 -0.08525622 -0.10581835 -0.08112905
 -0.08480226 -0.07205564 -0.07145475 -0.08662425 -0.09692845 -0.08584292
 -0.10930029 -0.09214521 -0.09161029 -0.07869606 -0.09332208 -0.07426033
 -0.08239188 -0.10612242 -0.07178107 -0.09542253 -0.07130434 -0.0912517
 -0.09091947 -0.09919587 -0.08569648 -0.0996651  -0.09801809 -0.085932
 -0.08192437 -0.08804069 -0.09350704 -0.1027135  -0.08557162 -0.09607758
 -0.08195334 -0.09154145 -0.10627928 -0.09051258 -0.10207934 -0.10291596
 -0.07593174 -0.07613387 -0.09407366 -0.09498091 -0.10523156 -0.09310641
 -0.09253348 -0.08972508 -0.08938672 -0.09787816 -0.09343195 -0.09314371
 -0.07341983 -0.09334108 -0.09268445 -0.09742595 -0.08420215 -0.10258197
 -0.08564234 -0.08952137 -0.09040119 -0.08707621 -0.09760646 -0.08618975
 -0.09585694 -0.09803872 -0.09441134 -0.0897111  -0.08230948 -0.08658362
 -0.09096006 -0.06297029 -0.09576279 -0.0987248  -0.10318257 -0.07920507
 -0.0924603  -0.09501926 -0.09168141 -0.09910551 -0.08753427 -0.08950684
 -0.08937483 -0.07772291 -0.08797712 -0.08753708 -0.0892562  -0.07264466
 -0.09529552 -0.07547185 -0.08680969 -0.1099844  -0.03742691 -0.087184
 -0.07709659 -0.08828315 -0.08500417 -0.07786146 -0.10743176 -0.10227557
 -0.10917471 -0.08714598 -0.08243368 -0.07304143 -0.09914043 -0.10274654
 -0.09795787 -0.09274534 -0.08231795 -0.09686762 -0.09006713 -0.09262363
 -0.08683568 -0.07454935 -0.08787258 -0.10883926 -0.09506286 -0.07997773
 -0.08793693 -0.09857921 -0.08340108 -0.10705206 -0.09989612 -0.09976373
 -0.09486938 -0.08851582 -0.08794465 -0.088218   -0.09000909 -0.07285869
 -0.09413471 -0.09490149 -0.07534897 -0.10164491 -0.08839667 -0.0860535
 -0.09317423 -0.07914352]
charlie_repeat-1
BLEU
[0.19415685 0.16199165 0.17241584 0.18322972 0.18383219 0.22624185
 0.18065432 0.15888779 0.18079824 0.17865683 0.15352976 0.19015086
 0.14670567 0.15961953 0.19356121 0.14946807 0.18007938 0.19792342
 0.2194197  0.13917994 0.18268589 0.21283033 0.21698522 0.17417235
 0.16173938 0.19355319 0.1734234  0.15499921 0.19057118 0.20257433
 0.18961315 0.21215196 0.2112808  0.17181069 0.18059552 0.19927943
 0.16607998 0.18866895 0.21745154 0.21378048 0.18562518 0.13100198
 0.19941353 0.18493956 0.15829914 0.17761652 0.15994797 0.18383391
 0.19948591 0.21809186 0.19802527 0.22419058 0.15095182 0.14169182
 0.14855151 0.19859462 0.17064859 0.22005675 0.19475852 0.18472248
 0.16435944 0.1801704  0.23026431 0.22159048 0.16335052 0.18476098
 0.21146171 0.19325643 0.16932222 0.19064116 0.19456218 0.21321951
 0.17220853 0.17453738 0.17350153 0.19954828 0.17150556 0.22711824
 0.193002   0.19621036 0.20703736 0.16640735 0.20767897 0.21194453
 0.19769814 0.17995078 0.20074232 0.13273649 0.17255068 0.18705372
 0.19337789 0.16164416 0.20060058 0.19871315 0.22632684 0.15584669
 0.20827643 0.19497571 0.15536324 0.2256315  0.1775588  0.18203521
 0.20597493 0.19456218 0.19918695 0.17697599 0.17525458 0.1864566
 0.20364022 0.16153417 0.19238817 0.15823887 0.17270443 0.18325031
 0.1827746  0.18064689 0.2128183  0.15850759 0.19123735 0.13118847
 0.22777146 0.21767534 0.18191144 0.22840555 0.18093196 0.16046934
 0.17307924 0.16613512 0.16068885 0.1700078  0.16732961 0.19190273
 0.20059988 0.21543983 0.17835657 0.16479005 0.16308417 0.23336431
 0.21839449 0.19161503 0.19118113 0.16930163 0.19592524 0.18935172
 0.17181974 0.2477371  0.18625936 0.18841526 0.21099467 0.20776837
 0.18269337 0.2164114  0.18390882 0.16994877 0.2204613  0.19227476
 0.19234101 0.19639198 0.18618098 0.21506127 0.15638939 0.19336976
 0.14416568 0.19264787 0.23063762 0.21711817 0.17568874 0.18515976
 0.20753604 0.19253605 0.17788671 0.18600857 0.19542155 0.19183285
 0.21724293 0.20976403 0.20750627 0.15444387 0.15377806 0.21775503
 0.16243014 0.1824951  0.21687299 0.15487727 0.16475034 0.19380098
 0.20057117 0.18813417 0.1852519  0.17773601 0.19051261 0.21223446
 0.16542589 0.16263777 0.21645651 0.19169423 0.17256851 0.20182712
 0.16710636 0.19678106]
charlie_repeat-1
METEOR
[0.16489582 0.12936008 0.14363913 0.14642511 0.15051884 0.17530287
 0.13514643 0.12667537 0.17180104 0.13534857 0.12642777 0.14516098
 0.13494999 0.1197044  0.14254258 0.1203381  0.15833941 0.14949261
 0.18487868 0.11000739 0.15596041 0.16774612 0.15962294 0.15296497
 0.12649507 0.16988696 0.12137661 0.10392013 0.15432837 0.1517777
 0.13090463 0.15423778 0.16008439 0.14158478 0.13997386 0.14901308
 0.10831359 0.15622612 0.18180809 0.16920989 0.13202371 0.11501456
 0.12752608 0.13613112 0.13366847 0.13496978 0.1103502  0.14295892
 0.16377049 0.16500719 0.14958611 0.18130222 0.13000382 0.12668437
 0.10763434 0.15310355 0.16211769 0.17392453 0.14781858 0.13283474
 0.12862936 0.14322871 0.19857561 0.16340762 0.11959681 0.15973182
 0.17013628 0.14625526 0.15380921 0.1421491  0.17401572 0.18018338
 0.13001333 0.14137671 0.16589373 0.14045435 0.12638568 0.1619926
 0.15851575 0.12679159 0.15309407 0.12507014 0.1518578  0.16319211
 0.14084886 0.14505283 0.14936228 0.11579684 0.14303731 0.15709329
 0.14821311 0.11832785 0.15539879 0.15028969 0.15489085 0.12613711
 0.16981213 0.15005605 0.13623827 0.16903292 0.1558348  0.12999019
 0.1473488  0.15164392 0.14427218 0.13892221 0.12773903 0.15154543
 0.17105825 0.12166804 0.16298872 0.15168917 0.13238937 0.1480851
 0.14154261 0.13316511 0.15785062 0.16352703 0.14953503 0.09517753
 0.17312853 0.15438422 0.14242405 0.1637618  0.13580942 0.14551682
 0.16368164 0.14119877 0.12838193 0.13901333 0.12025821 0.13978263
 0.14318222 0.18394611 0.1254711  0.12434055 0.1341651  0.16824762
 0.17144966 0.14134705 0.14873535 0.13066127 0.14510076 0.14155217
 0.13358609 0.16726393 0.13099124 0.15034582 0.17836462 0.16182223
 0.11701452 0.15446487 0.14605429 0.13520678 0.18294797 0.14100564
 0.1412435  0.15012977 0.13756717 0.15936821 0.11924434 0.16214631
 0.11370449 0.14796184 0.16849973 0.14142061 0.12904387 0.12293421
 0.15856938 0.13773666 0.13560473 0.16981605 0.1538435  0.15121094
 0.18106918 0.1514593  0.14805725 0.14611104 0.13978363 0.19092655
 0.12693836 0.13161838 0.1609181  0.12868218 0.11652243 0.14074053
 0.15275917 0.14073521 0.17235045 0.1317932  0.14570849 0.16512918
 0.12995508 0.14093504 0.16602252 0.13806303 0.12239966 0.15969201
 0.13984878 0.15233116]
charlie_repeat-1
BERT
[0.79015964 0.7777048  0.78287506 0.7907216  0.7890327  0.7822328
 0.7844041  0.7830242  0.78005695 0.78854686 0.78579813 0.78541565
 0.78388065 0.7856437  0.77970177 0.7826553  0.7845622  0.785407
 0.7894835  0.7800701  0.7877668  0.7918039  0.782917   0.7838467
 0.7894878  0.783122   0.78504616 0.78259414 0.7842996  0.7885006
 0.7827226  0.78462267 0.7822936  0.7806456  0.78381634 0.782783
 0.78202486 0.785795   0.78627914 0.78554016 0.7824878  0.7895534
 0.7818264  0.78163576 0.7836286  0.78804535 0.78378475 0.78637415
 0.7800841  0.7824292  0.78633    0.7834202  0.78196555 0.7809743
 0.7826526  0.78630096 0.7830598  0.7945104  0.78763676 0.78149104
 0.78217417 0.7812789  0.7813835  0.79590356 0.7848154  0.7862374
 0.7816685  0.78752166 0.782609   0.78045493 0.78616554 0.7889111
 0.7795763  0.78750545 0.78450876 0.7857296  0.78014207 0.7868065
 0.78779954 0.78229594 0.78330547 0.7810437  0.7875967  0.7888787
 0.78200644 0.7876136  0.7872144  0.78107464 0.7799244  0.78671134
 0.78642637 0.7826818  0.7897654  0.78425395 0.78405726 0.7855568
 0.7818323  0.7854531  0.7822616  0.7809908  0.78542125 0.7818791
 0.78414273 0.78373605 0.78283775 0.78472036 0.7826834  0.79401046
 0.7849398  0.78446    0.7853266  0.78200793 0.79110473 0.78315216
 0.7878851  0.7819277  0.7846842  0.7810201  0.78267986 0.7822669
 0.7868563  0.7874066  0.788929   0.7887555  0.78153265 0.783432
 0.7815831  0.78178555 0.7856626  0.786293   0.7811457  0.7866932
 0.7871482  0.7838304  0.78137875 0.7836717  0.7818812  0.78981733
 0.7836569  0.7878828  0.78005284 0.7806881  0.7820579  0.78367746
 0.78579134 0.785954   0.78872263 0.78744787 0.7885775  0.7864314
 0.7806423  0.78155816 0.7855769  0.783182   0.7914958  0.7808168
 0.78614795 0.7824679  0.78405184 0.7869712  0.7861688  0.785384
 0.78463614 0.78623295 0.7854133  0.782784   0.7824842  0.781591
 0.7844089  0.78078026 0.78695714 0.78145945 0.7883432  0.7843049
 0.7853     0.7820531  0.78606546 0.7818245  0.7879307  0.79250604
 0.7806207  0.7900729  0.7862361  0.7889796  0.78207594 0.78367585
 0.7822047  0.78760135 0.7903541  0.7890565  0.78521246 0.78444684
 0.7874757  0.77971244 0.7915873  0.78577244 0.7916111  0.78250074
 0.7834892  0.790536  ]
[nltk_data] Downloading package wordnet to /mnt/iusers01/fse-
[nltk_data]     ugpgt01/compsci01/q12628ct/nltk_data...
[nltk_data]   Package wordnet is already up-to-date!
[nltk_data] Downloading package punkt_tab to /mnt/iusers01/fse-
[nltk_data]     ugpgt01/compsci01/q12628ct/nltk_data...
[nltk_data]   Package punkt_tab is already up-to-date!
[nltk_data] Downloading package omw-1.4 to /mnt/iusers01/fse-
[nltk_data]     ugpgt01/compsci01/q12628ct/nltk_data...
[nltk_data]   Package omw-1.4 is already up-to-date!
/mnt/iusers01/fse-ugpgt01/compsci01/q12628ct/.conda/envs/semantic-decoding/lib/python3.10/site-packages/huggingface_hub/file_download.py:945: FutureWarning: `resume_download` is deprecated and will be removed in version 1.0.0. Downloads always resume when possible. If you want to force a new download, use `force_download=True`.
  warnings.warn(
Some weights of the model checkpoint at roberta-large were not used when initializing RobertaModel: ['lm_head.dense.weight', 'lm_head.dense.bias', 'lm_head.layer_norm.weight', 'lm_head.bias', 'lm_head.layer_norm.bias']
- This IS expected if you are initializing RobertaModel from the checkpoint of a model trained on another task or with another architecture (e.g. initializing a BertForSequenceClassification model from a BertForPreTraining model).
- This IS NOT expected if you are initializing RobertaModel from the checkpoint of a model that you expect to be exactly identical (initializing a BertForSequenceClassification model from a BertForSequenceClassification model).
Some weights of RobertaModel were not initialized from the model checkpoint at roberta-large and are newly initialized: ['roberta.pooler.dense.bias', 'roberta.pooler.dense.weight']
You should probably TRAIN this model on a down-stream task to be able to use it for predictions and inference.
charlie_repeat-2
WER
[-0.10670778 -0.11265225 -0.11651493 -0.12977012 -0.14441315 -0.14092878
 -0.12844535 -0.13377344 -0.14141208 -0.12430148 -0.12103047 -0.11689062
 -0.13231028 -0.11199383 -0.12555188 -0.1488261  -0.13759047 -0.11612005
 -0.13394456 -0.11656402 -0.10889244 -0.11771826 -0.13681787 -0.1533834
 -0.1134951  -0.11792971 -0.13249211 -0.12226074 -0.12973769 -0.1393347
 -0.13153177 -0.12244538 -0.1159572  -0.14174948 -0.11849162 -0.13801112
 -0.13426095 -0.13248704 -0.13237494 -0.12567915 -0.1245639  -0.13387089
 -0.1234645  -0.11225459 -0.14278522 -0.12619343 -0.11913217 -0.08850593
 -0.12031137 -0.14617428 -0.13378264 -0.12606853 -0.13391797 -0.12326442
 -0.13818577 -0.12627839 -0.12225142 -0.14427978 -0.12056135 -0.12252617
 -0.13202159 -0.13662152 -0.12498992 -0.13527512 -0.12863147 -0.12966243
 -0.13278585 -0.12541852 -0.12026623 -0.12416269 -0.11491635 -0.13540841
 -0.13648911 -0.14995712 -0.10620109 -0.13684357 -0.14477812 -0.14028354
 -0.11849188 -0.1285576  -0.12873025 -0.12144467 -0.13110354 -0.12749281
 -0.12123821 -0.13445224 -0.13586716 -0.11003265 -0.12181776 -0.13153165
 -0.12731456 -0.12972873 -0.12629449 -0.13792077 -0.13260612 -0.11499981
 -0.12751479 -0.13153836 -0.10495677 -0.13589944 -0.120549   -0.13090543
 -0.11932629 -0.13938993 -0.12447302 -0.10402257 -0.12726886 -0.12907689
 -0.12815555 -0.10899351 -0.14273643 -0.11077333 -0.10610713 -0.1183171
 -0.11286059 -0.11373101 -0.13367889 -0.13589009 -0.10839412 -0.11892169
 -0.11904561 -0.13418948 -0.12618263 -0.12178741 -0.13100201 -0.13451092
 -0.1384053  -0.11278837 -0.13933591 -0.13985389 -0.12633669 -0.11253174
 -0.12137267 -0.12452357 -0.1433584  -0.12830005 -0.14390366 -0.12308155
 -0.12364778 -0.1239592  -0.13154319 -0.13316194 -0.13951766 -0.14101774
 -0.1315193  -0.11789746 -0.13053197 -0.12068621 -0.13316816 -0.12596763
 -0.1304856  -0.12303035 -0.12780675 -0.11908704 -0.1074697  -0.11621071
 -0.11523008 -0.13381237 -0.14144656 -0.13293485 -0.13071627 -0.10730766
 -0.14684686 -0.11948447 -0.11487211 -0.1295419  -0.11865963 -0.11318116
 -0.14019454 -0.13987064 -0.12378914 -0.12368588 -0.13501106 -0.10640541
 -0.11736323 -0.14753946 -0.12441006 -0.13392456 -0.14886059 -0.12834827
 -0.13152248 -0.13279705 -0.13130106 -0.10222889 -0.14855025 -0.13846751
 -0.1333007  -0.13399096 -0.11254982 -0.13105687 -0.13557883 -0.11784913
 -0.12378166 -0.13451058 -0.13214704 -0.12656543 -0.12241552 -0.10784819
 -0.12136144 -0.10450354]
charlie_repeat-2
BLEU
[0.19447468 0.20916611 0.21460132 0.18175599 0.18033984 0.15812851
 0.20673238 0.15343083 0.19162549 0.18492685 0.1998257  0.17905163
 0.18496954 0.2171971  0.20498489 0.17317263 0.14193937 0.19199964
 0.1869159  0.20415516 0.19662198 0.18446558 0.17232619 0.1411216
 0.18494436 0.19229803 0.17411479 0.20713637 0.16225741 0.14936144
 0.20242913 0.18804975 0.21241063 0.15447565 0.1833143  0.19862898
 0.20284106 0.17516642 0.18579179 0.15823973 0.19967506 0.18507422
 0.16310701 0.17357763 0.17284628 0.17105801 0.19340979 0.19140299
 0.20602629 0.15816574 0.1678357  0.19873494 0.18100703 0.19067529
 0.15971359 0.2044107  0.19656911 0.19195835 0.1783357  0.17446339
 0.17667318 0.17461993 0.19894291 0.18034778 0.18909277 0.19191338
 0.19064853 0.18242425 0.18149114 0.20723849 0.20419496 0.17247043
 0.16626272 0.18845802 0.20804591 0.19503921 0.20140166 0.15198381
 0.18581635 0.17018155 0.18994279 0.18167268 0.16938284 0.15885764
 0.1996145  0.20908574 0.17190811 0.21487014 0.20000972 0.17526356
 0.20735718 0.20251411 0.19365829 0.16947483 0.16677343 0.19138005
 0.16140049 0.19540537 0.20667362 0.19415281 0.19552281 0.18748846
 0.20659403 0.17887809 0.20297354 0.20080235 0.19085641 0.18648467
 0.18580818 0.18377447 0.19237605 0.19602728 0.20577109 0.21287325
 0.17736479 0.18633418 0.20360866 0.15633747 0.18668178 0.19131104
 0.19853357 0.18724771 0.16144224 0.18642389 0.18432674 0.18279386
 0.17688314 0.23658461 0.17655796 0.14829148 0.16679599 0.20647311
 0.20583421 0.22284753 0.17003134 0.21121065 0.16332089 0.21661355
 0.18721804 0.18453357 0.18805702 0.19962417 0.15493575 0.17832932
 0.19665283 0.19456838 0.18909616 0.17838838 0.18629427 0.18575003
 0.2058942  0.193175   0.17497676 0.18990265 0.1670238  0.18531899
 0.2065968  0.16318016 0.14506358 0.18733924 0.17379212 0.16981437
 0.17368522 0.23922286 0.19370846 0.17260871 0.2098808  0.19645214
 0.17790341 0.18530615 0.19321853 0.1748205  0.17277956 0.2199349
 0.19676212 0.16816932 0.19680928 0.15347072 0.13759387 0.19472855
 0.15926694 0.16190847 0.19451971 0.21766236 0.15222504 0.17548813
 0.17838589 0.2062684  0.21815953 0.21952034 0.15268936 0.19398636
 0.21083357 0.17212402 0.17860547 0.21416316 0.20968636 0.20724753
 0.17411693 0.21522449]
charlie_repeat-2
METEOR
[0.18289985 0.15016361 0.15816514 0.14552683 0.15363251 0.12827301
 0.16857929 0.1210727  0.16987446 0.14666189 0.17359978 0.13643399
 0.14544777 0.1630706  0.16034132 0.12456442 0.11872792 0.17726387
 0.14458122 0.13346401 0.17394661 0.14423941 0.13685866 0.11621084
 0.14798849 0.14783322 0.15078772 0.15156677 0.13085648 0.13401897
 0.16151062 0.14716708 0.18244018 0.14414754 0.14559648 0.15418161
 0.14494092 0.14057344 0.17123275 0.14151975 0.15927203 0.14172957
 0.14391453 0.1470674  0.15045169 0.15411526 0.13445007 0.17795812
 0.15786392 0.12397568 0.12332186 0.17494293 0.14314058 0.15711617
 0.14703855 0.15490593 0.17184605 0.13464758 0.15023357 0.13245588
 0.18233319 0.12335869 0.15691381 0.13531934 0.15016539 0.14992325
 0.15806989 0.13999983 0.150492   0.15830441 0.16947164 0.14689751
 0.13396828 0.16235308 0.16933387 0.13819787 0.17778661 0.12512723
 0.14241498 0.13143864 0.14537439 0.15477571 0.13516584 0.13668491
 0.17070668 0.16107835 0.12384851 0.16704817 0.14854064 0.13871524
 0.16711705 0.15081757 0.14247462 0.13917352 0.13874006 0.14545853
 0.13146813 0.14230665 0.17025215 0.15110448 0.16080954 0.13752098
 0.15472347 0.13131578 0.17305766 0.16292692 0.16841876 0.13256854
 0.14840908 0.15593437 0.14854887 0.15895636 0.15404542 0.14694706
 0.16156047 0.16055763 0.14704072 0.11999308 0.1451869  0.14052635
 0.1594826  0.14659799 0.12817724 0.16348883 0.14844349 0.1392847
 0.14325616 0.20225529 0.13582906 0.13032241 0.12777551 0.17948515
 0.16762105 0.1702716  0.13991968 0.15893848 0.13459598 0.14716528
 0.12850955 0.14349076 0.14271076 0.16039555 0.11290045 0.13450543
 0.16444344 0.14316197 0.13377187 0.14436465 0.15716008 0.12688052
 0.1632674  0.14738271 0.15480109 0.15037127 0.16403539 0.14174982
 0.16200244 0.13160387 0.11832122 0.1241998  0.13424419 0.12690553
 0.12847227 0.16866948 0.14884457 0.12973039 0.1643558  0.17029805
 0.12833337 0.14495448 0.1385002  0.14797111 0.14813194 0.15848949
 0.14986478 0.13530777 0.14583266 0.12910091 0.11048656 0.14253688
 0.14044507 0.14094834 0.15274282 0.1658603  0.12605343 0.14182722
 0.1616948  0.16530229 0.17872329 0.16660167 0.14680827 0.16015454
 0.18355153 0.11861376 0.14993268 0.15764877 0.14282758 0.16365765
 0.12704695 0.19348849]
charlie_repeat-2
BERT
[0.78648067 0.78229225 0.78917116 0.7826573  0.7866007  0.78456366
 0.78713536 0.78227776 0.7871479  0.7824734  0.78701085 0.78957146
 0.7808239  0.78797084 0.78564763 0.78133404 0.78237116 0.7921803
 0.7828605  0.78973454 0.7936602  0.7837251  0.78069156 0.78293544
 0.78944844 0.78259015 0.7827855  0.78297687 0.78205985 0.78653705
 0.7889433  0.7834571  0.78751934 0.783532   0.78605187 0.78307945
 0.7848361  0.78418314 0.7858714  0.7802122  0.7876021  0.7821954
 0.78082985 0.78367233 0.7800628  0.7853876  0.78664285 0.7859313
 0.7834134  0.7881064  0.7822186  0.7782205  0.785922   0.79130715
 0.7855085  0.7840188  0.7895276  0.7849416  0.77786785 0.7826049
 0.78164077 0.7831411  0.7872875  0.7829412  0.7834965  0.7829791
 0.7869138  0.78936714 0.7851417  0.785179   0.78199506 0.7824236
 0.78154194 0.7831647  0.7863429  0.78451425 0.78352726 0.7838382
 0.7845678  0.78838617 0.7849445  0.78468287 0.78157824 0.7807395
 0.7856289  0.7853893  0.78138    0.78376603 0.78518665 0.78109986
 0.7871693  0.78324974 0.7870546  0.7799348  0.7844044  0.7850298
 0.7874434  0.7862255  0.77937436 0.7803415  0.7891043  0.7836044
 0.787596   0.7812031  0.7854661  0.7843268  0.7835791  0.78544885
 0.78954697 0.78736335 0.78158176 0.7865236  0.78621554 0.7874089
 0.7902441  0.78578585 0.78499985 0.787388   0.7800099  0.7844998
 0.78263324 0.78555435 0.7845046  0.79446614 0.7840714  0.7823981
 0.7812911  0.79019463 0.7845606  0.78217363 0.78320664 0.7915095
 0.7872777  0.7886522  0.7880085  0.78905004 0.77983534 0.786981
 0.78653175 0.78151137 0.790488   0.7894549  0.78564274 0.78286445
 0.78424656 0.78096956 0.78420186 0.78016484 0.7834856  0.7800699
 0.784975   0.7832414  0.7834484  0.790079   0.7850489  0.78600764
 0.7878393  0.78342503 0.78074765 0.78639984 0.78305966 0.7830199
 0.77921623 0.78371847 0.78258765 0.78586996 0.79254925 0.78560024
 0.78870124 0.7816167  0.78378177 0.7863008  0.7851699  0.78420126
 0.78215843 0.7891013  0.7855675  0.7804472  0.7786014  0.7874194
 0.7873513  0.7832448  0.79145116 0.7900542  0.783432   0.783776
 0.7906902  0.78153515 0.78653    0.788448   0.7807349  0.7831
 0.7941541  0.7815668  0.78381336 0.7829129  0.78586376 0.78137785
 0.7822825  0.7892135 ]
[nltk_data] Downloading package wordnet to /mnt/iusers01/fse-
[nltk_data]     ugpgt01/compsci01/q12628ct/nltk_data...
[nltk_data]   Package wordnet is already up-to-date!
[nltk_data] Downloading package punkt_tab to /mnt/iusers01/fse-
[nltk_data]     ugpgt01/compsci01/q12628ct/nltk_data...
[nltk_data]   Package punkt_tab is already up-to-date!
[nltk_data] Downloading package omw-1.4 to /mnt/iusers01/fse-
[nltk_data]     ugpgt01/compsci01/q12628ct/nltk_data...
[nltk_data]   Package omw-1.4 is already up-to-date!
/mnt/iusers01/fse-ugpgt01/compsci01/q12628ct/.conda/envs/semantic-decoding/lib/python3.10/site-packages/huggingface_hub/file_download.py:945: FutureWarning: `resume_download` is deprecated and will be removed in version 1.0.0. Downloads always resume when possible. If you want to force a new download, use `force_download=True`.
  warnings.warn(
Some weights of the model checkpoint at roberta-large were not used when initializing RobertaModel: ['lm_head.layer_norm.bias', 'lm_head.dense.bias', 'lm_head.layer_norm.weight', 'lm_head.dense.weight', 'lm_head.bias']
- This IS expected if you are initializing RobertaModel from the checkpoint of a model trained on another task or with another architecture (e.g. initializing a BertForSequenceClassification model from a BertForPreTraining model).
- This IS NOT expected if you are initializing RobertaModel from the checkpoint of a model that you expect to be exactly identical (initializing a BertForSequenceClassification model from a BertForSequenceClassification model).
Some weights of RobertaModel were not initialized from the model checkpoint at roberta-large and are newly initialized: ['roberta.pooler.dense.weight', 'roberta.pooler.dense.bias']
You should probably TRAIN this model on a down-stream task to be able to use it for predictions and inference.
delta_repeat-1
WER
[-0.1854511  -0.20241393 -0.20831383 -0.21299077 -0.18945787 -0.20668328
 -0.18609431 -0.20005431 -0.20550613 -0.16055048 -0.17933485 -0.18472405
 -0.21741391 -0.20028124 -0.15575687 -0.17145879 -0.18334099 -0.19724749
 -0.17283312 -0.17805531 -0.17295805 -0.17535619 -0.19084748 -0.19677507
 -0.18788926 -0.18457743 -0.16472495 -0.20028017 -0.195297   -0.19978335
 -0.1851637  -0.19571936 -0.19173031 -0.18781707 -0.18912578 -0.20117532
 -0.18924409 -0.1812462  -0.18993022 -0.18814481 -0.17991145 -0.20429493
 -0.19163903 -0.19351213 -0.19864794 -0.19349912 -0.19454902 -0.17194028
 -0.17517193 -0.19979444 -0.2105537  -0.20292279 -0.18001954 -0.17493426
 -0.1960339  -0.19346414 -0.180501   -0.20805423 -0.20658115 -0.1890907
 -0.16852037 -0.15849799 -0.21334028 -0.17604356 -0.20602882 -0.21117447
 -0.18606056 -0.1915689  -0.19379075 -0.20084288 -0.19556011 -0.17632639
 -0.17285856 -0.1957112  -0.20257645 -0.20651486 -0.19598336 -0.16913877
 -0.16827911 -0.20284695 -0.19772682 -0.18893995 -0.1945839  -0.19122334
 -0.19281846 -0.19723178 -0.19253939 -0.18401283 -0.1954252  -0.17422228
 -0.20834343 -0.19782394 -0.18068782 -0.18296942 -0.17903803 -0.19248073
 -0.18673137 -0.2256634  -0.1880321  -0.19599403 -0.19017016 -0.18353429
 -0.20843903 -0.16538103 -0.17708181 -0.17413816 -0.18033863 -0.21130037
 -0.17546962 -0.1867322  -0.19751813 -0.16915047 -0.1871555  -0.1902093
 -0.17501315 -0.19297963 -0.19071858 -0.18484048 -0.19031223 -0.18886932
 -0.18435168 -0.21503204 -0.20298069 -0.18575957 -0.20457984 -0.18911081
 -0.18007113 -0.17032975 -0.20251847 -0.18078263 -0.19697485 -0.17321548
 -0.18856385 -0.20878097 -0.19921244 -0.18080183 -0.19812042 -0.18114826
 -0.179813   -0.17563618 -0.18545719 -0.19838007 -0.19383267 -0.20134034
 -0.17359326 -0.16045358 -0.16129572 -0.20437029 -0.18857062 -0.19539011
 -0.19243385 -0.19427227 -0.20820271 -0.19353466 -0.17564424 -0.19170422
 -0.18725062 -0.19896857 -0.18857408 -0.18433285 -0.19487581 -0.20451091
 -0.21281539 -0.19520696 -0.18018234 -0.20088939 -0.18201083 -0.18816709
 -0.21559179 -0.19417269 -0.18967273 -0.16981154 -0.19200572 -0.18957937
 -0.18523207 -0.19572913 -0.19331956 -0.20613974 -0.17031273 -0.17755312
 -0.1965941  -0.17657281 -0.20086214 -0.17814308 -0.20741892 -0.18182668
 -0.18147005 -0.1844786  -0.19468383 -0.21214077 -0.15869606 -0.20141221
 -0.19200088 -0.19629742 -0.18157271 -0.17686227 -0.18777879 -0.19444668
 -0.18216076 -0.20222383]
delta_repeat-1
BLEU
[0.21381418 0.14735217 0.17416325 0.13560764 0.17716439 0.13028403
 0.1875494  0.18451939 0.16624332 0.17548905 0.18881886 0.17104689
 0.1584246  0.16097809 0.19764736 0.21661966 0.17112202 0.12572987
 0.18936266 0.17865432 0.23440358 0.18122285 0.21523108 0.1730669
 0.2056804  0.21616571 0.1873837  0.16576714 0.16496617 0.17714427
 0.19434104 0.1605673  0.17970205 0.16997243 0.18573469 0.2075575
 0.208241   0.21298773 0.15186593 0.18777482 0.1995301  0.17433963
 0.16863417 0.15216054 0.15600315 0.1530712  0.17828522 0.21963466
 0.23101231 0.15020647 0.16490374 0.16496342 0.18829044 0.19679972
 0.17824207 0.18634066 0.19066659 0.1378163  0.16643293 0.19857505
 0.19911584 0.22288998 0.13151345 0.2057338  0.18375625 0.15036077
 0.19850245 0.17081103 0.17479844 0.18911718 0.17144218 0.17410844
 0.21238272 0.16499465 0.16778727 0.20147784 0.18125235 0.19537565
 0.22281561 0.13824324 0.18129032 0.20536087 0.17799528 0.1843468
 0.1878692  0.15975893 0.19999509 0.20779149 0.19640067 0.2003279
 0.20006859 0.14232656 0.21708218 0.19096135 0.18755851 0.18562308
 0.23644677 0.14183456 0.18163065 0.16228905 0.18603423 0.2176443
 0.15137611 0.19501495 0.23528246 0.22300941 0.16024589 0.17871597
 0.20466665 0.17764276 0.2043574  0.2115007  0.18812762 0.16712165
 0.20362886 0.1904392  0.17280491 0.19415469 0.20001945 0.21025611
 0.19551009 0.20380973 0.19648542 0.20060712 0.16656804 0.18796749
 0.23144135 0.17808152 0.15864999 0.2217403  0.17921684 0.1999134
 0.19807986 0.18008058 0.16211581 0.191049   0.17819858 0.22866557
 0.16718612 0.18676799 0.18806953 0.16841524 0.17578689 0.19724453
 0.22623793 0.22064277 0.22904495 0.1733245  0.1655948  0.17225691
 0.1855673  0.17833052 0.15313234 0.17873889 0.22320467 0.18564531
 0.16323533 0.20756794 0.16846771 0.17352493 0.18648198 0.15618679
 0.19841344 0.18066674 0.22650844 0.16696727 0.15563794 0.19509353
 0.15532883 0.17447347 0.19772227 0.20186649 0.16826546 0.16558217
 0.17995246 0.1600813  0.16230808 0.17298469 0.17423792 0.20763996
 0.17338048 0.20636757 0.16352934 0.18305049 0.18122418 0.19295925
 0.21747478 0.20236086 0.16165317 0.13820592 0.20474205 0.17648782
 0.2034751  0.20956419 0.19842429 0.20999957 0.22412065 0.18671044
 0.18534639 0.15955423]
delta_repeat-1
METEOR
[0.20068049 0.13378249 0.15725981 0.13846013 0.14196672 0.12146127
 0.15973804 0.1665201  0.12845447 0.14498092 0.16296195 0.13997188
 0.12962396 0.13421475 0.15209802 0.18058012 0.13791989 0.11893533
 0.1723712  0.14936696 0.18302396 0.15489609 0.161533   0.16124383
 0.17023156 0.17232902 0.1470748  0.16804231 0.15694478 0.16467007
 0.16875524 0.13939619 0.14048648 0.15147801 0.14884466 0.16663093
 0.16886888 0.16442033 0.12929667 0.14219655 0.1525037  0.14494851
 0.16260142 0.14005031 0.14127451 0.1533643  0.15814469 0.17946284
 0.18603272 0.13850577 0.14593714 0.14727354 0.16355016 0.17368294
 0.16296387 0.15753262 0.17569976 0.11612625 0.14848656 0.17149937
 0.16914092 0.19174622 0.13063643 0.18275098 0.1401026  0.13834677
 0.16348787 0.15192324 0.14786934 0.15748074 0.15168759 0.16390087
 0.17641227 0.14195041 0.16769468 0.16028983 0.14155162 0.18151677
 0.16228713 0.11785525 0.14325154 0.17040283 0.14834047 0.16586224
 0.18750065 0.13862025 0.16858389 0.15312842 0.16166709 0.1811499
 0.17143579 0.14818417 0.17483002 0.1677646  0.16497221 0.15094064
 0.18154578 0.13284583 0.14256958 0.12860843 0.15465216 0.17533967
 0.14138156 0.18138619 0.18420925 0.17890362 0.12098542 0.16096056
 0.1696378  0.14029254 0.1775508  0.18843085 0.15031653 0.15796231
 0.1541532  0.16058098 0.13923733 0.15211773 0.19203487 0.19708523
 0.14759621 0.16053719 0.16246175 0.14956796 0.12499011 0.15496476
 0.18353718 0.14760087 0.12916736 0.18176089 0.13388176 0.1849728
 0.15223509 0.1503598  0.15986223 0.15508051 0.16056155 0.19277022
 0.16010893 0.16084279 0.16504751 0.12755581 0.15638375 0.15358088
 0.19610472 0.19493766 0.17657159 0.15285298 0.15968815 0.15918759
 0.13916821 0.15517021 0.12373957 0.15446446 0.17353864 0.14915778
 0.15302749 0.15982086 0.15842909 0.14877541 0.16490818 0.1319085
 0.15611898 0.16401836 0.18551187 0.15484844 0.15050788 0.14865836
 0.12980541 0.147315   0.15922617 0.16949566 0.17207887 0.14627513
 0.15491195 0.14838187 0.1565578  0.15026985 0.14010593 0.17105905
 0.14478706 0.1772119  0.16396415 0.14172524 0.15208616 0.18458855
 0.15480814 0.17772394 0.14531279 0.1085537  0.16153578 0.17062496
 0.18603676 0.17057815 0.16798616 0.20966034 0.20527174 0.16025704
 0.17715751 0.13047135]
delta_repeat-1
BERT
[0.80906844 0.79390615 0.7984205  0.7959722  0.79330987 0.7965089
 0.79388016 0.8024138  0.79177594 0.80531275 0.80447865 0.7933321
 0.79890686 0.8043425  0.80296326 0.8013455  0.79922307 0.79160935
 0.80250496 0.7994702  0.80794823 0.80204636 0.8067323  0.7939574
 0.80393785 0.8056758  0.8078874  0.79897934 0.79658496 0.7939321
 0.79335684 0.7946009  0.8002712  0.8027368  0.7958676  0.80591965
 0.8099275  0.80495423 0.7972946  0.8029842  0.8061139  0.79452944
 0.7951703  0.80049413 0.7986943  0.7955065  0.79633534 0.8013671
 0.8075974  0.7967196  0.795602   0.8001085  0.8048935  0.8103821
 0.795129   0.79562926 0.8033739  0.79217964 0.79798704 0.8021275
 0.79932886 0.81515336 0.7933228  0.8066352  0.8007126  0.8000573
 0.7965952  0.7978466  0.7970369  0.8038561  0.7944765  0.8023449
 0.7963458  0.79363537 0.7930482  0.80052006 0.80187726 0.8020826
 0.8094955  0.7926692  0.7923808  0.8027627  0.7958653  0.80167824
 0.8061734  0.801393   0.8045888  0.8070073  0.7998702  0.811164
 0.80456126 0.7961781  0.80328786 0.80528355 0.79933995 0.8040073
 0.80901915 0.7938453  0.80060697 0.8041126  0.80123574 0.80627656
 0.7957557  0.79724735 0.7999934  0.80134284 0.80191076 0.8085747
 0.810148   0.7972145  0.8163174  0.80521125 0.802027   0.7948043
 0.808783   0.805754   0.80240846 0.805104   0.8066809  0.80365384
 0.799026   0.8000651  0.8052206  0.79984    0.79635257 0.79493
 0.8046175  0.7992217  0.7988338  0.8059685  0.8001641  0.8108116
 0.79615456 0.7993398  0.80026025 0.8012173  0.8050547  0.80633676
 0.79577327 0.8044382  0.8026743  0.79769635 0.803657   0.80718446
 0.8028345  0.8051657  0.7986173  0.8018109  0.7929643  0.7964659
 0.8007073  0.7943625  0.79909253 0.80153054 0.809743   0.80529606
 0.7939241  0.7979929  0.8077576  0.80155843 0.796859   0.79498535
 0.80346394 0.7996876  0.80721104 0.79548764 0.8031834  0.8024844
 0.7930094  0.8035927  0.802779   0.8008209  0.7982844  0.7961302
 0.8031551  0.8023358  0.79505575 0.79536426 0.79439807 0.80908203
 0.80061835 0.80746263 0.80179775 0.8046588  0.80103564 0.8059861
 0.7986142  0.80679715 0.79694235 0.79354924 0.80292696 0.80297357
 0.806596   0.8046592  0.80034256 0.8060331  0.80857235 0.8005902
 0.80732465 0.79281497]
[nltk_data] Downloading package wordnet to /mnt/iusers01/fse-
[nltk_data]     ugpgt01/compsci01/q12628ct/nltk_data...
[nltk_data]   Package wordnet is already up-to-date!
[nltk_data] Downloading package punkt_tab to /mnt/iusers01/fse-
[nltk_data]     ugpgt01/compsci01/q12628ct/nltk_data...
[nltk_data]   Package punkt_tab is already up-to-date!
[nltk_data] Downloading package omw-1.4 to /mnt/iusers01/fse-
[nltk_data]     ugpgt01/compsci01/q12628ct/nltk_data...
[nltk_data]   Package omw-1.4 is already up-to-date!
/mnt/iusers01/fse-ugpgt01/compsci01/q12628ct/.conda/envs/semantic-decoding/lib/python3.10/site-packages/huggingface_hub/file_download.py:945: FutureWarning: `resume_download` is deprecated and will be removed in version 1.0.0. Downloads always resume when possible. If you want to force a new download, use `force_download=True`.
  warnings.warn(
Some weights of the model checkpoint at roberta-large were not used when initializing RobertaModel: ['lm_head.bias', 'lm_head.layer_norm.weight', 'lm_head.dense.bias', 'lm_head.layer_norm.bias', 'lm_head.dense.weight']
- This IS expected if you are initializing RobertaModel from the checkpoint of a model trained on another task or with another architecture (e.g. initializing a BertForSequenceClassification model from a BertForPreTraining model).
- This IS NOT expected if you are initializing RobertaModel from the checkpoint of a model that you expect to be exactly identical (initializing a BertForSequenceClassification model from a BertForSequenceClassification model).
Some weights of RobertaModel were not initialized from the model checkpoint at roberta-large and are newly initialized: ['roberta.pooler.dense.bias', 'roberta.pooler.dense.weight']
You should probably TRAIN this model on a down-stream task to be able to use it for predictions and inference.
delta_repeat-2
WER
[-0.27085262 -0.24452665 -0.23379457 -0.24568412 -0.23759793 -0.25253916
 -0.23385957 -0.25795149 -0.23427828 -0.23852821 -0.24064394 -0.20695299
 -0.24926721 -0.25201781 -0.24690008 -0.24431358 -0.26348241 -0.22650357
 -0.23292217 -0.1862887  -0.23306843 -0.248197   -0.24098456 -0.25731268
 -0.23700075 -0.22684397 -0.25930353 -0.19763507 -0.23609546 -0.23560743
 -0.25678526 -0.22071442 -0.2553876  -0.25329546 -0.25636757 -0.23387823
 -0.21351699 -0.23626577 -0.22071022 -0.23786061 -0.25003474 -0.23296937
 -0.2512003  -0.25743243 -0.22458497 -0.24388605 -0.25770891 -0.23877628
 -0.23835466 -0.25429177 -0.24512992 -0.23173579 -0.22431901 -0.23291677
 -0.25745123 -0.21582689 -0.26678228 -0.26671552 -0.24653811 -0.23770379
 -0.2600604  -0.23993209 -0.26656192 -0.23398541 -0.21684959 -0.26742441
 -0.21732765 -0.23461267 -0.24304721 -0.24550724 -0.25467381 -0.21070072
 -0.23214098 -0.22502455 -0.21360575 -0.23180831 -0.21949154 -0.22814427
 -0.2054928  -0.22239874 -0.23365496 -0.23393604 -0.23164293 -0.23908963
 -0.22278157 -0.20118016 -0.24876195 -0.23471541 -0.24225696 -0.26507549
 -0.23583402 -0.20385155 -0.22414299 -0.21909965 -0.25526627 -0.25474934
 -0.22740863 -0.22271591 -0.24433545 -0.24245356 -0.23581859 -0.23525494
 -0.24360733 -0.24189127 -0.24362486 -0.22839429 -0.24577589 -0.24297621
 -0.25117391 -0.23306914 -0.24959593 -0.20705378 -0.23090819 -0.24601546
 -0.25100564 -0.24653734 -0.24373995 -0.25130611 -0.23100489 -0.24477161
 -0.2465004  -0.25010315 -0.22530986 -0.27560758 -0.23951586 -0.22838691
 -0.24849277 -0.24628875 -0.23545907 -0.24669914 -0.23525852 -0.26986856
 -0.24833933 -0.23300601 -0.22898666 -0.22800674 -0.23489831 -0.24489424
 -0.25909621 -0.24986743 -0.24053874 -0.25844653 -0.24118623 -0.2321363
 -0.22690766 -0.24285128 -0.2298748  -0.21057467 -0.24227695 -0.21259547
 -0.21547765 -0.21839976 -0.25128904 -0.22977193 -0.24594467 -0.23783915
 -0.2271906  -0.25825029 -0.21994759 -0.24139534 -0.24526973 -0.26890653
 -0.19658893 -0.24505391 -0.24912117 -0.25149452 -0.25345802 -0.24488484
 -0.23857221 -0.2227045  -0.23642651 -0.24868909 -0.24610394 -0.23410779
 -0.23248023 -0.23328867 -0.25568594 -0.27273146 -0.23696222 -0.23850655
 -0.20596512 -0.24973655 -0.23989323 -0.22338432 -0.24329276 -0.25057089
 -0.2504798  -0.23016226 -0.26146381 -0.23649398 -0.22966591 -0.24481468
 -0.2501313  -0.23695746 -0.25347111 -0.22674542 -0.25159922 -0.19658328
 -0.21445071 -0.2473606 ]
delta_repeat-2
BLEU
[0.10119734 0.1781375  0.17421188 0.17076724 0.18019472 0.16526632
 0.17773906 0.17465118 0.18723792 0.18776821 0.16127026 0.20602204
 0.16107604 0.18769122 0.16659311 0.17579543 0.19401919 0.21915479
 0.18270153 0.25329772 0.16003221 0.17086751 0.21288286 0.17453302
 0.19971769 0.19975398 0.18174942 0.21598522 0.19011115 0.18015577
 0.16322108 0.20534776 0.17229103 0.16376459 0.1509765  0.18666283
 0.19451804 0.1843323  0.19496245 0.17227529 0.16916562 0.20611166
 0.16595861 0.15234138 0.1697023  0.20325512 0.12755058 0.21176421
 0.18609612 0.15633276 0.17094245 0.15069562 0.19620979 0.17508948
 0.16022872 0.17132185 0.16546039 0.1507549  0.16750999 0.18550112
 0.1689003  0.17730903 0.13394311 0.17810089 0.21393819 0.13663795
 0.17296748 0.17787999 0.18102651 0.16721039 0.20202754 0.20899405
 0.18186958 0.20135876 0.22792789 0.18200779 0.20274567 0.19841504
 0.17128964 0.20903511 0.19804144 0.16603608 0.19945115 0.16820491
 0.16202992 0.21372148 0.19631786 0.22559398 0.16096331 0.14331716
 0.20905315 0.18483324 0.19973524 0.20452808 0.18587042 0.18071592
 0.21179458 0.22009894 0.16799436 0.20351742 0.21035297 0.18246024
 0.18269253 0.20862392 0.20961047 0.19939754 0.18279603 0.17380715
 0.1716125  0.19830587 0.22644681 0.21057393 0.18542938 0.15258295
 0.18740493 0.20316282 0.16399925 0.14310157 0.20873824 0.14331837
 0.18096276 0.21065862 0.18781752 0.14372457 0.17831225 0.21369296
 0.1731367  0.1856974  0.21032238 0.15382691 0.18848093 0.12226753
 0.12682311 0.15928685 0.19814874 0.20902315 0.19737133 0.17340839
 0.15413056 0.16717273 0.16466061 0.14816408 0.17395337 0.20220343
 0.19172755 0.19059819 0.17393496 0.20619669 0.17500317 0.20750166
 0.21269715 0.17450373 0.17611719 0.20776012 0.13720683 0.1893991
 0.18944191 0.17555803 0.19660297 0.18119536 0.17166292 0.16276498
 0.19425663 0.19303589 0.18022982 0.13769676 0.16900251 0.20411182
 0.17499286 0.1865183  0.18433401 0.18763753 0.14159781 0.17009076
 0.15788494 0.17206708 0.17142517 0.12668127 0.17316763 0.17825668
 0.21897809 0.16856369 0.17013196 0.21173787 0.15810949 0.15319001
 0.21491693 0.19102058 0.15674198 0.18399331 0.1902962  0.1870533
 0.15839671 0.17222053 0.14881811 0.19541872 0.15263351 0.19800791
 0.22286742 0.19076945]
delta_repeat-2
METEOR
[0.09022249 0.15418137 0.13277058 0.142972   0.14487084 0.13783587
 0.15407019 0.14188357 0.16079886 0.16133939 0.13268116 0.15269895
 0.14555745 0.16207056 0.17616141 0.18007039 0.16203192 0.1787793
 0.16829531 0.2139553  0.14312741 0.15851428 0.18929126 0.14835046
 0.1688455  0.16653984 0.15105494 0.17163053 0.17156363 0.16669316
 0.13821695 0.17157306 0.16991462 0.12476511 0.1391499  0.1706108
 0.18256357 0.15479426 0.18680314 0.15668421 0.1385659  0.19610789
 0.13883143 0.14129969 0.14396918 0.16721294 0.11614875 0.18164209
 0.15738833 0.13504746 0.15331479 0.14266314 0.16511705 0.16081139
 0.14631463 0.14044963 0.14235643 0.13603722 0.13000546 0.16619384
 0.1496929  0.16828286 0.14406896 0.15875103 0.17793638 0.10989502
 0.16699979 0.16747952 0.15823568 0.16282322 0.17608974 0.17261292
 0.15929726 0.16231394 0.17082963 0.14218299 0.18868564 0.16234083
 0.15243758 0.16102096 0.16990221 0.15010597 0.16535213 0.1564273
 0.13761222 0.17262363 0.15401192 0.18577251 0.14022839 0.13171958
 0.18689869 0.16913562 0.17807332 0.16946263 0.16415188 0.14900542
 0.16093396 0.19769364 0.14271553 0.16118392 0.16642112 0.15919346
 0.16376292 0.17935777 0.1441403  0.17252197 0.1333562  0.14525613
 0.14653845 0.17516966 0.18754929 0.18278342 0.14897657 0.1270139
 0.16479369 0.18284351 0.15330669 0.12162156 0.17987419 0.14136366
 0.17272039 0.16045059 0.18205442 0.15176179 0.14475616 0.18107241
 0.14485523 0.17482649 0.16591356 0.12160997 0.16726209 0.0994664
 0.12545768 0.15320885 0.18641653 0.2129464  0.16324518 0.15968819
 0.1413838  0.15183098 0.16114364 0.12220724 0.1543684  0.19050123
 0.17237913 0.16795514 0.1721388  0.17789301 0.15257423 0.17734979
 0.19005843 0.15391281 0.16045134 0.18688236 0.12126003 0.13937766
 0.16744055 0.16735515 0.16467878 0.17620919 0.16697618 0.1479998
 0.17136242 0.17488569 0.17648189 0.1416206  0.13169853 0.1606425
 0.14736421 0.16096285 0.17497405 0.17337747 0.14289182 0.1544462
 0.15917239 0.12817887 0.16005985 0.11199442 0.16069711 0.15356074
 0.17772874 0.13908292 0.15767693 0.17953918 0.14258445 0.13370259
 0.17139952 0.16262206 0.15712717 0.15810386 0.14434172 0.15273044
 0.14557538 0.13867539 0.14032655 0.15466091 0.13366476 0.18799157
 0.21403993 0.16786499]
delta_repeat-2
BERT
[0.7914822  0.80199164 0.7952596  0.8011699  0.8035879  0.79759103
 0.80010873 0.80991846 0.7992451  0.8019465  0.805007   0.80084825
 0.79898566 0.80050313 0.8043208  0.8060071  0.79859644 0.81546205
 0.7991678  0.815325   0.7998047  0.79421014 0.80287254 0.79820263
 0.8090553  0.80953485 0.7965464  0.8040995  0.8038824  0.80623925
 0.793091   0.79963946 0.8045459  0.8039321  0.79616815 0.80406094
 0.8016903  0.80052054 0.806596   0.8017363  0.8072213  0.8091053
 0.7944568  0.7958024  0.8050499  0.8069389  0.7942372  0.80939174
 0.8063468  0.7985276  0.79866886 0.8017619  0.80954194 0.80103034
 0.7925586  0.7955284  0.8028864  0.7992751  0.7943059  0.80281204
 0.79888433 0.7946486  0.7948917  0.7984591  0.8101644  0.79516816
 0.8044308  0.80381876 0.799524   0.7980542  0.79129803 0.79566735
 0.80189365 0.7993287  0.80597967 0.8016589  0.8015059  0.8040671
 0.8013901  0.79800415 0.8063109  0.7976457  0.79555446 0.7941712
 0.7946585  0.8051823  0.7992804  0.8072336  0.8010657  0.80133873
 0.8064635  0.8107371  0.80152225 0.80623    0.80086917 0.80974466
 0.80157053 0.8026687  0.79780763 0.80386025 0.8019061  0.80124545
 0.79853404 0.81497204 0.8043814  0.8069821  0.80155236 0.80517197
 0.79530084 0.7970049  0.8031359  0.8082696  0.79987997 0.8019328
 0.80273724 0.80981743 0.7998344  0.794122   0.80467486 0.79905933
 0.8061781  0.80961293 0.80527717 0.7945623  0.80174124 0.8015102
 0.79874885 0.8041849  0.8017537  0.7934907  0.79488003 0.79519725
 0.7923065  0.7912304  0.80627173 0.80699825 0.79789084 0.7987441
 0.7910992  0.79536957 0.80410755 0.79486483 0.7980439  0.7978595
 0.7983475  0.79921585 0.79982656 0.7968229  0.79413736 0.805376
 0.8104107  0.80315834 0.79679674 0.8068156  0.7966717  0.80445844
 0.7957266  0.8028871  0.80396056 0.8025131  0.8030752  0.8043855
 0.80240875 0.80103153 0.7941367  0.8025924  0.79732376 0.80123085
 0.79704386 0.80319625 0.796438   0.7999288  0.7950725  0.80046415
 0.7995187  0.7950347  0.80616474 0.7958875  0.79658324 0.79956436
 0.80451715 0.79740727 0.7936006  0.81111294 0.79491675 0.798607
 0.8030535  0.8072651  0.8076943  0.7944223  0.8036769  0.79927623
 0.79743713 0.7988566  0.7952679  0.80916744 0.79752827 0.8013024
 0.81138045 0.80653363]
[nltk_data] Downloading package wordnet to /mnt/iusers01/fse-
[nltk_data]     ugpgt01/compsci01/q12628ct/nltk_data...
[nltk_data]   Package wordnet is already up-to-date!
[nltk_data] Downloading package punkt_tab to /mnt/iusers01/fse-
[nltk_data]     ugpgt01/compsci01/q12628ct/nltk_data...
[nltk_data]   Package punkt_tab is already up-to-date!
[nltk_data] Downloading package omw-1.4 to /mnt/iusers01/fse-
[nltk_data]     ugpgt01/compsci01/q12628ct/nltk_data...
[nltk_data]   Package omw-1.4 is already up-to-date!
/mnt/iusers01/fse-ugpgt01/compsci01/q12628ct/.conda/envs/semantic-decoding/lib/python3.10/site-packages/huggingface_hub/file_download.py:945: FutureWarning: `resume_download` is deprecated and will be removed in version 1.0.0. Downloads always resume when possible. If you want to force a new download, use `force_download=True`.
  warnings.warn(
Some weights of the model checkpoint at roberta-large were not used when initializing RobertaModel: ['lm_head.layer_norm.weight', 'lm_head.dense.bias', 'lm_head.layer_norm.bias', 'lm_head.bias', 'lm_head.dense.weight']
- This IS expected if you are initializing RobertaModel from the checkpoint of a model trained on another task or with another architecture (e.g. initializing a BertForSequenceClassification model from a BertForPreTraining model).
- This IS NOT expected if you are initializing RobertaModel from the checkpoint of a model that you expect to be exactly identical (initializing a BertForSequenceClassification model from a BertForSequenceClassification model).
Some weights of RobertaModel were not initialized from the model checkpoint at roberta-large and are newly initialized: ['roberta.pooler.dense.weight', 'roberta.pooler.dense.bias']
You should probably TRAIN this model on a down-stream task to be able to use it for predictions and inference.
echo_repeat-1
WER
[-0.02250531 -0.03255259 -0.03212846 -0.0416132  -0.04375133 -0.03643629
 -0.03521367 -0.02761113 -0.03794773 -0.03963215 -0.02720939 -0.03795308
 -0.04011245 -0.03413687 -0.04146429 -0.02383865 -0.03669622 -0.02455023
 -0.03597318 -0.02026821 -0.02859227 -0.0424566  -0.0362397  -0.0480821
 -0.01952509 -0.04162772 -0.02755375 -0.02480813 -0.03358203 -0.03483873
 -0.02323343 -0.03124421 -0.03237279 -0.02161476 -0.01109454 -0.04145239
 -0.04453784 -0.03918539 -0.0366801  -0.03312347 -0.02414701 -0.02917073
 -0.03375865 -0.02585512 -0.04075919 -0.01969261 -0.02630345 -0.04361223
 -0.04372454 -0.0393543  -0.03204947 -0.03051533 -0.049632   -0.04195434
 -0.02767551 -0.04159879 -0.04760178 -0.02992037 -0.02888925 -0.04848094
 -0.01912406 -0.04782829 -0.03313395 -0.03624999 -0.03189124 -0.0200906
 -0.03479604 -0.02871238 -0.03791894 -0.04368825 -0.03940102 -0.02724355
 -0.0367769  -0.03059647 -0.04432187 -0.03342335 -0.04226825 -0.03525895
 -0.04629814 -0.04154076 -0.03762704 -0.02624099 -0.02735086 -0.03664152
 -0.02533259 -0.03932039 -0.00601989 -0.03788923 -0.03946142 -0.0340169
 -0.03771428 -0.02464582 -0.03874269 -0.03106656 -0.03966977 -0.04222446
 -0.0356536  -0.02491586 -0.04105845 -0.03180062 -0.02725384 -0.04101895
 -0.03853846 -0.01935794 -0.03650623 -0.0410634  -0.04384996 -0.04294509
 -0.03026069 -0.02936409 -0.03040996 -0.03624616 -0.04346052 -0.03341789
 -0.02736192 -0.03604909 -0.01416403 -0.04125042 -0.03158007 -0.03830544
 -0.03674593 -0.02559176 -0.0156637  -0.0310349  -0.03792241 -0.03948496
 -0.03527001 -0.02889748 -0.03459273 -0.03472842 -0.04448061 -0.03730542
 -0.03956369 -0.04549019 -0.03589763 -0.02508321 -0.03629103 -0.05023431
 -0.02661127 -0.02593178 -0.0237837  -0.02375277 -0.02948669 -0.03800183
 -0.03620317 -0.04449448 -0.03954074 -0.02468165 -0.01238398 -0.03792645
 -0.03244723 -0.0143647  -0.03608365 -0.04640345 -0.02423429 -0.02927354
 -0.03033936 -0.04050073 -0.02778222 -0.02568244 -0.0474339  -0.03948161
 -0.02817517 -0.02585364 -0.04566263 -0.02151913 -0.04236568 -0.04002446
 -0.02234969 -0.04736485 -0.03438013 -0.02004222 -0.01058753 -0.04744373
 -0.02257007 -0.05063988 -0.04000449 -0.04144147 -0.05177708 -0.03449414
 -0.03829219 -0.03422269 -0.02517498 -0.01684052 -0.03483295 -0.04172031
 -0.01866623 -0.03883908 -0.02933148 -0.03177717 -0.03788328 -0.04065106
 -0.03004807 -0.03297761 -0.03364077 -0.0289013  -0.04045891 -0.03957099
 -0.02768311 -0.03087592]
echo_repeat-1
BLEU
[0.14312027 0.18143608 0.14692611 0.16224462 0.15201275 0.16575087
 0.18020306 0.1636797  0.17925952 0.15157621 0.16715994 0.15343264
 0.13663513 0.15321098 0.15267135 0.18242469 0.1850956  0.1460664
 0.15004514 0.18493151 0.14188013 0.11187327 0.12161289 0.16671925
 0.17827296 0.16217837 0.15963763 0.19547479 0.12287842 0.17165905
 0.16194884 0.14525862 0.18640727 0.15923685 0.16266886 0.17077541
 0.12640248 0.13692874 0.17232455 0.17373993 0.11903161 0.16200522
 0.14161542 0.17330238 0.16762758 0.13474419 0.1828134  0.13838192
 0.14120578 0.17168779 0.14952096 0.15632101 0.11040582 0.13396912
 0.18849174 0.13909201 0.15807372 0.17866753 0.15151131 0.14452174
 0.18447683 0.17589308 0.16275325 0.14581596 0.17008616 0.19951586
 0.16253512 0.17949094 0.15001938 0.16556736 0.1494219  0.18794239
 0.14703507 0.15260276 0.13659055 0.15186275 0.14027892 0.18423807
 0.14571559 0.15089138 0.1596377  0.16364718 0.18713137 0.12610551
 0.1827043  0.16130905 0.16135482 0.20008791 0.15662474 0.15158193
 0.13823557 0.15439451 0.14790468 0.18565738 0.17958975 0.12770614
 0.15451862 0.17301211 0.13500007 0.20261733 0.15932911 0.13642451
 0.17684569 0.17157817 0.15328488 0.16274528 0.1613499  0.1297618
 0.18059038 0.17270502 0.17259735 0.16383513 0.1784426  0.15647059
 0.13848096 0.18005912 0.16394039 0.15084753 0.16214867 0.16836807
 0.14020991 0.18339993 0.18731291 0.14516577 0.14430625 0.13676363
 0.14713904 0.17089579 0.18371482 0.13600285 0.17107989 0.19040714
 0.14766682 0.1939646  0.13319364 0.16595413 0.1805122  0.16077598
 0.14213425 0.19839808 0.1697127  0.16987344 0.14496955 0.19600147
 0.16609282 0.19640751 0.15133562 0.15094619 0.16736808 0.17947792
 0.15255863 0.19538034 0.14062943 0.15612475 0.14418116 0.15503648
 0.15578063 0.13581876 0.18399593 0.17306697 0.13557612 0.13611304
 0.16853408 0.15278938 0.16618433 0.15497785 0.17470487 0.13835642
 0.16623841 0.12521695 0.14398257 0.1554569  0.16275485 0.13598987
 0.17901014 0.11787146 0.17976924 0.16374803 0.11344018 0.17738168
 0.15573855 0.22298614 0.15335735 0.17860616 0.14648851 0.1574299
 0.18318592 0.1528151  0.18015372 0.14679764 0.15829799 0.13372655
 0.20303485 0.17152451 0.15492154 0.18431192 0.19600831 0.16412141
 0.16365945 0.17063873]
echo_repeat-1
METEOR
[0.08866615 0.12519939 0.09403537 0.09513302 0.10029467 0.10301802
 0.11267513 0.10272258 0.10450219 0.10447144 0.10614001 0.12745359
 0.08917388 0.09272822 0.09052083 0.12778436 0.11063879 0.10602171
 0.10480381 0.11395089 0.09257669 0.07688433 0.07987442 0.1087173
 0.11755401 0.09898094 0.10458891 0.12395145 0.08357473 0.10633128
 0.10334091 0.0901502  0.12506417 0.1058632  0.11591241 0.10371128
 0.08635975 0.10020428 0.1073248  0.12188213 0.08251046 0.09414781
 0.10064224 0.12578619 0.11045671 0.0988034  0.12623142 0.09203202
 0.08852137 0.11756765 0.10464592 0.08948182 0.08231682 0.08095864
 0.14631719 0.08623227 0.10313822 0.12682651 0.10179652 0.08815981
 0.13051484 0.11273413 0.10553389 0.09048959 0.11125285 0.12748891
 0.10588222 0.12658196 0.10257755 0.1151927  0.09324141 0.11976292
 0.09139789 0.1019948  0.09120868 0.09103889 0.10357387 0.12384572
 0.09663713 0.11548008 0.11143773 0.11675398 0.1282647  0.0804052
 0.1109966  0.09867693 0.10947274 0.13567343 0.11293396 0.10090025
 0.09059809 0.10418489 0.09963752 0.12262116 0.11588698 0.0853206
 0.09861332 0.11101004 0.10273702 0.12126066 0.11213942 0.09563036
 0.10411637 0.12452628 0.11640053 0.09629128 0.10036171 0.07929221
 0.11273153 0.11699481 0.10082241 0.1037598  0.11668185 0.10416246
 0.09552953 0.1255943  0.11322208 0.09629916 0.10365735 0.10562909
 0.09081326 0.12007299 0.12422732 0.09817838 0.0882525  0.09033385
 0.1052539  0.11152951 0.11705931 0.07916389 0.10504188 0.1179024
 0.10917011 0.1345497  0.0866822  0.0972869  0.1175611  0.09691247
 0.08718546 0.11845535 0.10685509 0.11530944 0.09723163 0.13359178
 0.11404091 0.1279906  0.09129918 0.0943297  0.11457982 0.10934063
 0.09285144 0.12176236 0.09143729 0.0963673  0.10605701 0.10804842
 0.10081956 0.09063456 0.1171177  0.11072889 0.08932202 0.10488665
 0.11348932 0.10832483 0.11056075 0.12175608 0.11255861 0.09299827
 0.11670779 0.07505036 0.09893569 0.0942616  0.09968369 0.09251121
 0.10386471 0.09277067 0.11043077 0.11072681 0.07869828 0.12632605
 0.09459523 0.13545375 0.09701262 0.10743116 0.08764359 0.11274967
 0.12414233 0.10509512 0.10215709 0.11519231 0.10031475 0.08233818
 0.12032314 0.11967445 0.11327338 0.12242603 0.11327078 0.10650043
 0.12298382 0.11002286]
echo_repeat-1
BERT
[0.7791496  0.7842305  0.7777989  0.7835461  0.78043926 0.7811556
 0.7858633  0.78053635 0.78441584 0.7786602  0.7815311  0.7843735
 0.7798992  0.77975017 0.7794135  0.7826657  0.7817915  0.78286624
 0.7823303  0.7845666  0.7803428  0.7821387  0.7794604  0.78047806
 0.7864783  0.7806849  0.7816709  0.7813061  0.77915263 0.7791472
 0.7833144  0.78426343 0.78267    0.7831681  0.7784651  0.7774303
 0.7743292  0.7848378  0.781038   0.7812344  0.78191745 0.78212374
 0.7825268  0.7804419  0.78064215 0.77961314 0.7836073  0.7759267
 0.77963984 0.7823441  0.7782971  0.7835578  0.77959466 0.77740085
 0.7818456  0.7802902  0.7777717  0.78902006 0.77644664 0.7777457
 0.7814207  0.77960914 0.78310895 0.7775083  0.77804315 0.78350925
 0.7819265  0.7819211  0.7789385  0.7829313  0.7766759  0.7804564
 0.77894217 0.78124166 0.77955806 0.785063   0.78307706 0.7846501
 0.7832391  0.78210217 0.7813235  0.77856064 0.7848486  0.7807554
 0.7820778  0.7850715  0.7815723  0.78712565 0.77989    0.77779275
 0.7755319  0.78007984 0.7788755  0.78404945 0.78186154 0.77843654
 0.779094   0.78230584 0.78217417 0.78042674 0.7857688  0.7781905
 0.7821483  0.7784274  0.7801826  0.78108215 0.7815439  0.7845552
 0.7792452  0.7806338  0.7819121  0.78238815 0.77946705 0.7828684
 0.7801235  0.7782628  0.7828845  0.7815981  0.78027755 0.7897039
 0.78525704 0.7857905  0.7889577  0.7777845  0.7821803  0.7801604
 0.7797753  0.7839949  0.78130853 0.78264797 0.78075224 0.78147644
 0.7819143  0.779975   0.77670467 0.77827865 0.78471065 0.7800709
 0.78373057 0.782067   0.77967453 0.77976924 0.778352   0.78224003
 0.781519   0.7862569  0.7818089  0.7794844  0.7780766  0.7822967
 0.7791239  0.78520083 0.77993995 0.7804078  0.78002995 0.77784675
 0.7821514  0.7781743  0.7853335  0.78139925 0.7773642  0.7758554
 0.7799082  0.78210205 0.78295565 0.783091   0.78315616 0.7794357
 0.78486234 0.7822489  0.7786106  0.7824842  0.7805415  0.7779703
 0.78625077 0.781683   0.7820668  0.7773868  0.77830225 0.7814376
 0.7807445  0.78038263 0.78231525 0.7832466  0.7782007  0.7772868
 0.781035   0.7798429  0.77902293 0.78019214 0.7804124  0.7803288
 0.781697   0.77967936 0.780531   0.7834495  0.7866793  0.7810931
 0.7840049  0.7847363 ]
[nltk_data] Downloading package wordnet to /mnt/iusers01/fse-
[nltk_data]     ugpgt01/compsci01/q12628ct/nltk_data...
[nltk_data]   Package wordnet is already up-to-date!
[nltk_data] Downloading package punkt_tab to /mnt/iusers01/fse-
[nltk_data]     ugpgt01/compsci01/q12628ct/nltk_data...
[nltk_data]   Package punkt_tab is already up-to-date!
[nltk_data] Downloading package omw-1.4 to /mnt/iusers01/fse-
[nltk_data]     ugpgt01/compsci01/q12628ct/nltk_data...
[nltk_data]   Package omw-1.4 is already up-to-date!
/mnt/iusers01/fse-ugpgt01/compsci01/q12628ct/.conda/envs/semantic-decoding/lib/python3.10/site-packages/huggingface_hub/file_download.py:945: FutureWarning: `resume_download` is deprecated and will be removed in version 1.0.0. Downloads always resume when possible. If you want to force a new download, use `force_download=True`.
  warnings.warn(
Some weights of the model checkpoint at roberta-large were not used when initializing RobertaModel: ['lm_head.dense.bias', 'lm_head.layer_norm.bias', 'lm_head.dense.weight', 'lm_head.bias', 'lm_head.layer_norm.weight']
- This IS expected if you are initializing RobertaModel from the checkpoint of a model trained on another task or with another architecture (e.g. initializing a BertForSequenceClassification model from a BertForPreTraining model).
- This IS NOT expected if you are initializing RobertaModel from the checkpoint of a model that you expect to be exactly identical (initializing a BertForSequenceClassification model from a BertForSequenceClassification model).
Some weights of RobertaModel were not initialized from the model checkpoint at roberta-large and are newly initialized: ['roberta.pooler.dense.bias', 'roberta.pooler.dense.weight']
You should probably TRAIN this model on a down-stream task to be able to use it for predictions and inference.
echo_repeat-2
WER
[-0.05746517 -0.05560976 -0.08962754 -0.06848138 -0.08221565 -0.06780182
 -0.07314646 -0.06325081 -0.0915493  -0.05594037 -0.08211379 -0.06949511
 -0.06695173 -0.05118514 -0.07908509 -0.06820996 -0.06944534 -0.06218506
 -0.08113137 -0.07389902 -0.07283336 -0.06600417 -0.06557742 -0.0786133
 -0.05149071 -0.06438069 -0.06155736 -0.0646884  -0.06080115 -0.05376609
 -0.06594619 -0.07433089 -0.06941008 -0.07693444 -0.05994084 -0.06596129
 -0.06175981 -0.06200804 -0.07248715 -0.07810753 -0.07116712 -0.0633163
 -0.06604515 -0.06186826 -0.08266205 -0.05526866 -0.0850192  -0.072422
 -0.07135783 -0.07060825 -0.06891777 -0.07491881 -0.07323567 -0.06244191
 -0.06307604 -0.04806662 -0.08131206 -0.05385231 -0.07512993 -0.07902984
 -0.05862948 -0.04762198 -0.06334104 -0.07566258 -0.06765569 -0.06019283
 -0.06242104 -0.06323373 -0.0727977  -0.06072889 -0.05969365 -0.04807383
 -0.05125376 -0.06964856 -0.06136607 -0.06421255 -0.06200195 -0.05512327
 -0.07781037 -0.07593665 -0.07702914 -0.06441558 -0.0724525  -0.08140539
 -0.06458577 -0.07055869 -0.06718495 -0.07661751 -0.06995961 -0.04962996
 -0.06715795 -0.06981084 -0.07536371 -0.07586773 -0.06142769 -0.07021443
 -0.06918761 -0.07256723 -0.0685874  -0.06453723 -0.06881344 -0.0757464
 -0.07059492 -0.07272281 -0.06148339 -0.06853885 -0.06720857 -0.05717432
 -0.07248643 -0.05872142 -0.07145924 -0.06857087 -0.06772158 -0.0720305
 -0.0600466  -0.07363836 -0.06613871 -0.07372191 -0.0861724  -0.06814791
 -0.0881511  -0.05903703 -0.08186118 -0.06615775 -0.05949792 -0.08464538
 -0.05406669 -0.04482218 -0.05675024 -0.07484262 -0.06582931 -0.06997005
 -0.06439432 -0.07247107 -0.06463678 -0.07135466 -0.0739042  -0.07697568
 -0.06313453 -0.06052626 -0.06542166 -0.05589778 -0.05846791 -0.08263637
 -0.05592027 -0.06247322 -0.06961799 -0.07719262 -0.06108479 -0.07881006
 -0.06395311 -0.06401195 -0.07812794 -0.07997448 -0.07414182 -0.06980433
 -0.07325855 -0.08924704 -0.073046   -0.07278315 -0.0662425  -0.06478916
 -0.07677494 -0.07586607 -0.07883588 -0.0558472  -0.06511643 -0.06113522
 -0.05473797 -0.0627208  -0.06706454 -0.07031598 -0.07279831 -0.06308785
 -0.07235774 -0.06376152 -0.08658329 -0.07342645 -0.06753341 -0.07620927
 -0.07460623 -0.07290493 -0.05536027 -0.05598684 -0.07249174 -0.06969483
 -0.07945835 -0.0896496  -0.07188103 -0.07574985 -0.05609161 -0.04056613
 -0.0693761  -0.06203334 -0.08577183 -0.07256396 -0.07462592 -0.06698922
 -0.06781016 -0.06708562]
echo_repeat-2
BLEU
[0.16818508 0.16488427 0.12650921 0.17965706 0.13089593 0.13018679
 0.14496637 0.16570137 0.1496372  0.19386824 0.1609478  0.13999734
 0.16243979 0.20453842 0.13491491 0.14776574 0.16430653 0.14435051
 0.12017795 0.15374632 0.15385876 0.15616648 0.14827464 0.13482561
 0.19067268 0.16030336 0.18258755 0.16087973 0.19694823 0.15972037
 0.18982191 0.1465345  0.14925247 0.15406469 0.15338405 0.15734569
 0.16165744 0.16347132 0.14767382 0.14289538 0.19226696 0.157781
 0.16235482 0.16775336 0.11550699 0.19464939 0.13751571 0.16748865
 0.19780276 0.15592585 0.14897432 0.16235991 0.16760183 0.17675539
 0.18633032 0.16210325 0.16588512 0.19698238 0.13222475 0.13616397
 0.1727212  0.20714295 0.18548106 0.11612769 0.14774989 0.16973633
 0.14375064 0.18485634 0.16390891 0.15168816 0.17574255 0.18246271
 0.18264615 0.16225509 0.16555811 0.19329982 0.1629999  0.14991391
 0.1531111  0.16757129 0.14328297 0.16435296 0.19632322 0.15122651
 0.17076723 0.16321591 0.17106649 0.15737136 0.14779571 0.17326325
 0.18790137 0.16752493 0.15617241 0.16575454 0.15489798 0.18220616
 0.19007873 0.13840496 0.18034625 0.19532303 0.15269964 0.14071603
 0.15580147 0.15241422 0.19716946 0.1599458  0.14731994 0.17264086
 0.15954084 0.16236087 0.19414828 0.17692523 0.13541622 0.13720546
 0.14445947 0.14518904 0.10801033 0.17971343 0.13018461 0.12810605
 0.16014416 0.17399889 0.16830849 0.15298477 0.19403441 0.13839494
 0.19918456 0.16835745 0.16835584 0.16391533 0.17205857 0.13762991
 0.16088003 0.15816649 0.13645006 0.17353185 0.13898283 0.16884896
 0.16272948 0.16519507 0.15644227 0.17913978 0.17948378 0.16823721
 0.15955357 0.21381824 0.15425887 0.19495121 0.20182439 0.12252306
 0.14001293 0.15009289 0.16863225 0.14110427 0.16312212 0.14209497
 0.144463   0.14721953 0.15993797 0.15276053 0.17178511 0.17855377
 0.14763673 0.14877877 0.15396346 0.17449283 0.16942047 0.17637389
 0.19928616 0.17542443 0.19889767 0.16168531 0.14246955 0.16777364
 0.16045424 0.16189546 0.09174011 0.15514514 0.15415391 0.16480333
 0.16929198 0.15185539 0.19136677 0.16599336 0.17200594 0.17619984
 0.14521633 0.13985683 0.14247551 0.16910351 0.18240315 0.16719617
 0.15750552 0.16944452 0.12050718 0.16435112 0.15331995 0.13517682
 0.16636327 0.20004658]
echo_repeat-2
METEOR
[0.11508879 0.10309505 0.07860769 0.12014082 0.09007419 0.09494076
 0.11128329 0.10227611 0.10499939 0.12605793 0.12060229 0.0937633
 0.10739802 0.12901699 0.10424074 0.10435942 0.11733067 0.10098705
 0.09646748 0.10642286 0.09316278 0.10234073 0.10458718 0.08527246
 0.12358167 0.11080143 0.12374283 0.13114738 0.13084995 0.10573313
 0.12165259 0.10354868 0.11869752 0.10188352 0.09604492 0.09929662
 0.11217712 0.09679137 0.09881007 0.10828093 0.12400644 0.11584884
 0.10115926 0.11922879 0.08292519 0.14359535 0.09423727 0.11125067
 0.13412058 0.10267147 0.11002919 0.11444325 0.13190697 0.1236272
 0.12469307 0.10879987 0.10300086 0.12755931 0.09787425 0.09082078
 0.12411008 0.13926049 0.12603453 0.09142319 0.109292   0.1203229
 0.09582742 0.12180851 0.11766946 0.09602255 0.10713913 0.13753459
 0.11416662 0.10480161 0.11663742 0.13442669 0.10616755 0.10274449
 0.11253055 0.11727253 0.08465716 0.12179411 0.13137211 0.11017335
 0.11092227 0.10225331 0.10341632 0.1101875  0.10869043 0.11487736
 0.13607768 0.12194376 0.10810575 0.12169537 0.10065583 0.11575512
 0.12236125 0.07977515 0.120669   0.13959253 0.09972149 0.08884087
 0.10533178 0.11449236 0.12182775 0.10432096 0.10185114 0.11885001
 0.11670515 0.1087985  0.12345561 0.10822723 0.09721491 0.09732665
 0.10051719 0.09415874 0.07408121 0.11385349 0.10684911 0.09039134
 0.11404289 0.11458678 0.11677483 0.100681   0.11701572 0.09657875
 0.1227675  0.10952644 0.11821102 0.11227746 0.1106612  0.08853654
 0.10548048 0.09967368 0.09184362 0.0976674  0.08955041 0.10398864
 0.13047726 0.10925505 0.11261777 0.11170293 0.12117567 0.10968957
 0.12244964 0.13909257 0.10470657 0.12384766 0.13220135 0.11136996
 0.10137975 0.11132457 0.11961709 0.09961055 0.10312906 0.09666427
 0.08935265 0.11269286 0.10645266 0.09458863 0.11784068 0.13227577
 0.09856387 0.09598876 0.101011   0.10634734 0.10171024 0.13961715
 0.12287811 0.12613175 0.12386486 0.12598763 0.09144357 0.11820077
 0.10871227 0.11280267 0.0786682  0.1005126  0.10504992 0.11169472
 0.11248005 0.09915492 0.11690104 0.10647528 0.11393883 0.11439761
 0.09724042 0.0865153  0.08867117 0.10999417 0.11156256 0.10805974
 0.10685599 0.11245706 0.077776   0.10323712 0.1051735  0.08291263
 0.10323842 0.1341588 ]
echo_repeat-2
BERT
[0.78074086 0.78130144 0.78120434 0.7853332  0.7827618  0.78028965
 0.7795055  0.78383285 0.78097403 0.78063685 0.7845686  0.7770867
 0.7827349  0.7819802  0.7822707  0.78179187 0.77934575 0.77928984
 0.7809706  0.77837306 0.77953607 0.779045   0.7797825  0.78290725
 0.7847655  0.78009385 0.7819     0.7824976  0.7827128  0.78521895
 0.7806776  0.78020215 0.77719176 0.77912796 0.7810032  0.78136307
 0.78366077 0.7791052  0.7779551  0.7769715  0.78317714 0.78450173
 0.7777671  0.7863175  0.7758203  0.7812195  0.77986133 0.7832717
 0.78136754 0.7832391  0.77857596 0.7835405  0.77866447 0.78095263
 0.77935696 0.77880317 0.7809649  0.77806187 0.78416157 0.7794372
 0.7900012  0.7834548  0.7809692  0.77966076 0.78390634 0.7824583
 0.7769406  0.7821423  0.78165865 0.78172386 0.78026205 0.7830794
 0.7824664  0.78176266 0.77916133 0.7818119  0.7802775  0.7815606
 0.78211373 0.7834506  0.7795439  0.7830252  0.78356415 0.7833945
 0.7807325  0.78240454 0.7807952  0.78125876 0.78144443 0.7830298
 0.78869694 0.78190845 0.779508   0.7807539  0.78076935 0.78252244
 0.7854526  0.78228796 0.7838869  0.78434056 0.77905476 0.7798393
 0.7816111  0.7765188  0.7805196  0.77568114 0.78057086 0.78464943
 0.77811563 0.7797762  0.784961   0.7811828  0.78436714 0.7836662
 0.78003395 0.7801756  0.7774798  0.78433174 0.7808824  0.7802796
 0.7797424  0.78193766 0.7820889  0.782389   0.7786204  0.77965516
 0.7853956  0.7813237  0.7846253  0.7845354  0.7842318  0.781631
 0.7817743  0.78123045 0.77671134 0.78346914 0.77787334 0.77631027
 0.782547   0.78118765 0.78124434 0.7827902  0.7830817  0.77749026
 0.78002596 0.7822173  0.7828497  0.7813824  0.787815   0.77768785
 0.7844859  0.7799048  0.7835448  0.7790785  0.7808447  0.78328323
 0.77979547 0.7794473  0.779792   0.77902657 0.78258884 0.7845711
 0.78069633 0.78133255 0.7839272  0.7823269  0.78704    0.7810485
 0.78315735 0.7816636  0.78108495 0.78039825 0.78052187 0.7805697
 0.78594244 0.78292716 0.7775236  0.7813966  0.7812713  0.77798533
 0.78845567 0.77949876 0.78453434 0.78137535 0.7793157  0.78343
 0.778476   0.77946496 0.78021556 0.7772612  0.7825997  0.7814505
 0.7828953  0.77819467 0.77820015 0.7854287  0.78019315 0.78167576
 0.7816107  0.78220433]
[nltk_data] Downloading package wordnet to /mnt/iusers01/fse-
[nltk_data]     ugpgt01/compsci01/q12628ct/nltk_data...
[nltk_data]   Package wordnet is already up-to-date!
[nltk_data] Downloading package punkt_tab to /mnt/iusers01/fse-
[nltk_data]     ugpgt01/compsci01/q12628ct/nltk_data...
[nltk_data]   Package punkt_tab is already up-to-date!
[nltk_data] Downloading package omw-1.4 to /mnt/iusers01/fse-
[nltk_data]     ugpgt01/compsci01/q12628ct/nltk_data...
[nltk_data]   Package omw-1.4 is already up-to-date!
/mnt/iusers01/fse-ugpgt01/compsci01/q12628ct/.conda/envs/semantic-decoding/lib/python3.10/site-packages/huggingface_hub/file_download.py:945: FutureWarning: `resume_download` is deprecated and will be removed in version 1.0.0. Downloads always resume when possible. If you want to force a new download, use `force_download=True`.
  warnings.warn(
Some weights of the model checkpoint at roberta-large were not used when initializing RobertaModel: ['lm_head.dense.weight', 'lm_head.layer_norm.weight', 'lm_head.bias', 'lm_head.dense.bias', 'lm_head.layer_norm.bias']
- This IS expected if you are initializing RobertaModel from the checkpoint of a model trained on another task or with another architecture (e.g. initializing a BertForSequenceClassification model from a BertForPreTraining model).
- This IS NOT expected if you are initializing RobertaModel from the checkpoint of a model that you expect to be exactly identical (initializing a BertForSequenceClassification model from a BertForSequenceClassification model).
Some weights of RobertaModel were not initialized from the model checkpoint at roberta-large and are newly initialized: ['roberta.pooler.dense.weight', 'roberta.pooler.dense.bias']
You should probably TRAIN this model on a down-stream task to be able to use it for predictions and inference.
wheretheressmoke
WER
[0.02909933 0.0334506  0.03688222 0.03130984 0.03302457 0.03815922
 0.03334453 0.03432347 0.03174132 0.03384623 0.03564956 0.03587671
 0.03123375 0.02778491 0.03420399 0.03839307 0.03346304 0.03103899
 0.03422015 0.03102068 0.03275744 0.03244622 0.02618082 0.0353247
 0.0321778  0.03357122 0.03483609 0.029241   0.03355812 0.03926313
 0.03406437 0.0352796  0.03865633 0.02887063 0.02981566 0.03213453
 0.03639551 0.03195199 0.03313964 0.03064155 0.03139019 0.03587765
 0.02742208 0.03603991 0.03479265 0.03229969 0.03812243 0.03084487
 0.0313835  0.03183484 0.03807152 0.03261171 0.03604872 0.02982449
 0.03117313 0.02833856 0.0385429  0.03782768 0.03360396 0.03602364
 0.03609087 0.03555088 0.03065842 0.03348416 0.03771545 0.03866585
 0.03900342 0.02498459 0.03328589 0.03064452 0.03513044 0.03363203
 0.03331109 0.03248808 0.03756811 0.03928108 0.03551825 0.03309602
 0.02670055 0.03761692 0.03611489 0.03193817 0.038309   0.03149252
 0.02813542 0.03107162 0.03545038 0.03397462 0.03313674 0.0345992
 0.03436004 0.03498895 0.02979522 0.03973767 0.02946279 0.03591531
 0.03556309 0.03632251 0.04302105 0.0365426  0.04165757 0.0335223
 0.03209065 0.03150818 0.03670115 0.030664   0.03181248 0.04557439
 0.02907326 0.03147613 0.03075558 0.03238455 0.02883768 0.0373477
 0.0344574  0.0314325  0.02885479 0.03555649 0.03544404 0.03836757
 0.03413367 0.0344839  0.03198262 0.03405432 0.03587075 0.02983591
 0.03625885 0.03777608 0.03853473 0.032616   0.03767929 0.03635455
 0.02893729 0.03718103 0.0369764  0.03677754 0.03636787 0.03020752
 0.03608309 0.04024599 0.03139641 0.029558   0.02982191 0.03301715
 0.03576984 0.02525408 0.03463453 0.03409537 0.03233849 0.03090665
 0.03459418 0.03277322 0.03440214 0.03257167 0.03646882 0.03352159
 0.03860228 0.03898992 0.02857987 0.02861755 0.03444409 0.03747156
 0.04064999 0.03349574 0.03771373 0.03170431 0.03853442 0.03667242
 0.0313697  0.03234496 0.03184506 0.03022332 0.03492615 0.03417528
 0.03278062 0.03192265 0.03331692 0.03363178 0.03298939 0.03590415
 0.03648929 0.0351685  0.02968251 0.03023536 0.0345733  0.03348284
 0.0351488  0.03742967 0.04029244 0.02933453 0.03947124 0.03328471
 0.03201722 0.02893401 0.03663661 0.03136374 0.02796236 0.03181475
 0.02965861 0.03088681]
wheretheressmoke
BLEU
[0.17651587 0.19184364 0.1888342  0.19193888 0.18724677 0.19908971
 0.18519598 0.18409818 0.18986402 0.18424234 0.19236326 0.19084295
 0.18652337 0.18078351 0.1891367  0.19411922 0.19161682 0.18255038
 0.19670089 0.16999596 0.18528122 0.19472196 0.17461943 0.19443989
 0.18533185 0.17850767 0.17963518 0.18561017 0.18458419 0.20425235
 0.19961844 0.19267074 0.20354926 0.18973586 0.18551989 0.18980399
 0.17812471 0.19214701 0.18885158 0.19160622 0.17926303 0.18732213
 0.18630045 0.19097683 0.19248748 0.19590516 0.18418119 0.1923558
 0.17932501 0.18965966 0.19664728 0.19811932 0.19384263 0.18435414
 0.18840904 0.17220902 0.18759308 0.19899479 0.18581323 0.1866279
 0.18714805 0.19100818 0.18995283 0.18759462 0.18989136 0.18438504
 0.19437041 0.18274488 0.18429116 0.19278465 0.19505413 0.18254381
 0.19431747 0.17927669 0.19635045 0.193411   0.177936   0.19609891
 0.17802147 0.19606395 0.1849922  0.19164752 0.19675    0.18504707
 0.18354856 0.18686642 0.19733389 0.1786941  0.19197668 0.18611829
 0.18470627 0.19032934 0.18357122 0.19588781 0.17215217 0.18719974
 0.18733051 0.20043483 0.20162801 0.18243205 0.21006818 0.18752945
 0.18290854 0.19578706 0.20243748 0.17997257 0.18538394 0.19450218
 0.18307565 0.18227511 0.18932025 0.17692943 0.18798783 0.19443152
 0.17823596 0.18217207 0.1714467  0.17676695 0.19971508 0.19655093
 0.18764459 0.19661298 0.1851531  0.18068421 0.18583777 0.19830984
 0.19068588 0.18733155 0.18904058 0.1874417  0.20011263 0.18517141
 0.18250584 0.19818094 0.19811925 0.19140965 0.1929825  0.18303818
 0.18927016 0.18719371 0.18260212 0.18005789 0.17598636 0.18677523
 0.18783293 0.18076361 0.18785486 0.19271774 0.18714421 0.18419744
 0.19551584 0.18076713 0.18567158 0.18745793 0.19055548 0.19169607
 0.18781546 0.18497553 0.17796423 0.18650412 0.18403876 0.18760565
 0.19518464 0.19573751 0.19477485 0.19112284 0.18090586 0.19492999
 0.18393607 0.18951919 0.17610061 0.17937094 0.180701   0.18623082
 0.18285402 0.18481507 0.18789247 0.1991661  0.19311096 0.18772927
 0.18679056 0.19544629 0.18424808 0.19037955 0.18057589 0.1822735
 0.18312217 0.19156184 0.19680895 0.17799232 0.18783582 0.17684318
 0.19154729 0.1869573  0.18786535 0.19434344 0.19111733 0.18541931
 0.18061277 0.18250088]
wheretheressmoke
METEOR
[0.13569182 0.138115   0.13630051 0.13539339 0.13700409 0.14717407
 0.1421624  0.1362404  0.13506159 0.13766243 0.13927908 0.1390579
 0.13791993 0.13127834 0.14034396 0.14545558 0.13920846 0.13426107
 0.14337468 0.12926941 0.13174841 0.1414445  0.13283093 0.13701097
 0.13954078 0.13168345 0.13362881 0.13954039 0.13712181 0.1445369
 0.14119543 0.14536341 0.14590519 0.13822076 0.14045063 0.1422926
 0.133612   0.1353863  0.14097525 0.13989422 0.13333357 0.1386279
 0.13013763 0.13371933 0.13657485 0.14502219 0.13849689 0.14064655
 0.13405267 0.13214249 0.13876403 0.14153562 0.14240241 0.13317752
 0.13687278 0.12966593 0.13430812 0.14218829 0.13692704 0.140827
 0.13312911 0.13866776 0.14247307 0.13581009 0.13991666 0.1341884
 0.14407625 0.13393318 0.13251325 0.14190662 0.14248415 0.1326282
 0.14374108 0.13584724 0.14407993 0.14130806 0.12969975 0.14226038
 0.13064307 0.14044447 0.13220636 0.14176325 0.14407131 0.13424903
 0.1386119  0.1344073  0.13966271 0.12903915 0.13873849 0.13777568
 0.13672611 0.13747607 0.13629303 0.14052622 0.13029809 0.1375036
 0.13557341 0.14017846 0.14482237 0.13772613 0.15223844 0.13458948
 0.13117737 0.14112417 0.14615341 0.13055141 0.13055058 0.142016
 0.13401774 0.13709624 0.13749238 0.13446426 0.13918185 0.13799893
 0.1304306  0.13348479 0.1272247  0.1335365  0.1421461  0.14036023
 0.13562946 0.14246891 0.14001106 0.12993692 0.13500201 0.14202934
 0.14419896 0.13391251 0.14104847 0.13518318 0.14049882 0.13916484
 0.1341896  0.14277686 0.13969558 0.13717414 0.14042749 0.13335734
 0.13854304 0.1400403  0.13429683 0.12845205 0.12903567 0.13569349
 0.13926062 0.13032952 0.13358838 0.13861183 0.13894928 0.13506877
 0.14141339 0.1327365  0.14029569 0.1393162  0.1443888  0.13782594
 0.13644827 0.13603634 0.13180393 0.13800795 0.13475775 0.14273767
 0.14396382 0.14196605 0.14322992 0.13933005 0.13168143 0.14182422
 0.13356751 0.13653248 0.13111214 0.13006321 0.13675004 0.13712582
 0.13440997 0.13692728 0.14001329 0.14288479 0.13997689 0.13462934
 0.13420947 0.13976854 0.13939312 0.13923769 0.135496   0.13572485
 0.13347414 0.1426666  0.14264926 0.13614954 0.1376196  0.13499797
 0.13859571 0.13310739 0.13673905 0.1442247  0.14095931 0.13841005
 0.13531581 0.13545703]
wheretheressmoke
BERT
[0.7878882  0.78766173 0.78971326 0.79046184 0.7899403  0.79061323
 0.79051477 0.7901479  0.7878566  0.7895182  0.7889091  0.78987795
 0.7896012  0.7886188  0.78859913 0.79107094 0.79132783 0.7897033
 0.7900252  0.7888953  0.7897537  0.789269   0.78822136 0.788932
 0.79001844 0.7882855  0.78855056 0.78934014 0.7893938  0.78984505
 0.79015535 0.7892238  0.7882729  0.78818643 0.79046863 0.7907679
 0.7895284  0.7896864  0.7909245  0.79015595 0.7905272  0.78994507
 0.78811675 0.7890985  0.79133093 0.79170513 0.7900179  0.792745
 0.7885761  0.78964144 0.79083216 0.79047203 0.7907149  0.78953916
 0.7890192  0.78955585 0.79039323 0.78937984 0.79077846 0.7900732
 0.7895963  0.78968567 0.7901157  0.789854   0.78947747 0.78821623
 0.79171824 0.78907466 0.7905692  0.7889954  0.7891475  0.7880803
 0.79055727 0.7895206  0.79062295 0.78957206 0.7900211  0.7906064
 0.78929013 0.7898722  0.7911326  0.7899079  0.79175305 0.78942406
 0.7913265  0.78915954 0.790247   0.7895459  0.7897013  0.79001546
 0.78980446 0.78863496 0.7901648  0.78967535 0.788124   0.7904102
 0.7898357  0.7909367  0.790738   0.7898089  0.7899918  0.7893608
 0.78765416 0.79185885 0.79061323 0.7891451  0.7886876  0.7914221
 0.7912318  0.78961277 0.7886256  0.7896963  0.79071033 0.7890691
 0.788224   0.7883283  0.7881023  0.78891474 0.78918284 0.7908573
 0.7906122  0.79140437 0.7896976  0.7889383  0.79069895 0.78981394
 0.7916639  0.7882297  0.7897702  0.79094815 0.7910028  0.7902033
 0.79057777 0.79088616 0.7926509  0.79032296 0.7897621  0.78875786
 0.79059285 0.7899713  0.7906982  0.7904544  0.78832304 0.78896767
 0.7894982  0.7883575  0.79095143 0.7894544  0.78852886 0.78965646
 0.78948164 0.7903337  0.7897279  0.786875   0.789309   0.7900915
 0.78870314 0.78958416 0.7917949  0.7887446  0.7895893  0.7918533
 0.79120415 0.78919697 0.7903023  0.7899481  0.7887584  0.78957665
 0.7906139  0.78982395 0.78999937 0.78831553 0.7896922  0.78984976
 0.78765154 0.7900861  0.7918412  0.7909713  0.7911733  0.7899116
 0.7884989  0.78933567 0.78790563 0.78994364 0.79060835 0.7915099
 0.7891046  0.7913469  0.78938353 0.79178447 0.7902137  0.7913167
 0.7890783  0.79002464 0.7915712  0.7899527  0.7899515  0.7882753
 0.78842336 0.78857654]
[nltk_data] Downloading package wordnet to /mnt/iusers01/fse-
[nltk_data]     ugpgt01/compsci01/q12628ct/nltk_data...
[nltk_data]   Package wordnet is already up-to-date!
[nltk_data] Downloading package punkt_tab to /mnt/iusers01/fse-
[nltk_data]     ugpgt01/compsci01/q12628ct/nltk_data...
[nltk_data]   Package punkt_tab is already up-to-date!
[nltk_data] Downloading package omw-1.4 to /mnt/iusers01/fse-
[nltk_data]     ugpgt01/compsci01/q12628ct/nltk_data...
[nltk_data]   Package omw-1.4 is already up-to-date!
/mnt/iusers01/fse-ugpgt01/compsci01/q12628ct/.conda/envs/semantic-decoding/lib/python3.10/site-packages/huggingface_hub/file_download.py:945: FutureWarning: `resume_download` is deprecated and will be removed in version 1.0.0. Downloads always resume when possible. If you want to force a new download, use `force_download=True`.
  warnings.warn(
Some weights of the model checkpoint at roberta-large were not used when initializing RobertaModel: ['lm_head.layer_norm.bias', 'lm_head.dense.bias', 'lm_head.dense.weight', 'lm_head.bias', 'lm_head.layer_norm.weight']
- This IS expected if you are initializing RobertaModel from the checkpoint of a model trained on another task or with another architecture (e.g. initializing a BertForSequenceClassification model from a BertForPreTraining model).
- This IS NOT expected if you are initializing RobertaModel from the checkpoint of a model that you expect to be exactly identical (initializing a BertForSequenceClassification model from a BertForSequenceClassification model).
Some weights of RobertaModel were not initialized from the model checkpoint at roberta-large and are newly initialized: ['roberta.pooler.dense.bias', 'roberta.pooler.dense.weight']
You should probably TRAIN this model on a down-stream task to be able to use it for predictions and inference.
Traceback (most recent call last):
  File "/net/scratch/q12628ct/semantic-decoding/decoding/evaluate_predictions.py", line 51, in <module>
    ref_data = load_transcript(args.experiment, reference)
  File "/net/scratch/q12628ct/semantic-decoding/decoding/utils_eval.py", line 23, in load_transcript
    with open(grid_path) as f: 
FileNotFoundError: [Errno 2] No such file or directory: '/net/scratch/q12628ct/semantic-decoding/data_test/test_stimulus/perceived_movie/sintel.TextGrid'
[nltk_data] Downloading package wordnet to /mnt/iusers01/fse-
[nltk_data]     ugpgt01/compsci01/q12628ct/nltk_data...
[nltk_data]   Package wordnet is already up-to-date!
[nltk_data] Downloading package punkt_tab to /mnt/iusers01/fse-
[nltk_data]     ugpgt01/compsci01/q12628ct/nltk_data...
[nltk_data]   Package punkt_tab is already up-to-date!
[nltk_data] Downloading package omw-1.4 to /mnt/iusers01/fse-
[nltk_data]     ugpgt01/compsci01/q12628ct/nltk_data...
[nltk_data]   Package omw-1.4 is already up-to-date!
/mnt/iusers01/fse-ugpgt01/compsci01/q12628ct/.conda/envs/semantic-decoding/lib/python3.10/site-packages/huggingface_hub/file_download.py:945: FutureWarning: `resume_download` is deprecated and will be removed in version 1.0.0. Downloads always resume when possible. If you want to force a new download, use `force_download=True`.
  warnings.warn(
Some weights of the model checkpoint at roberta-large were not used when initializing RobertaModel: ['lm_head.dense.bias', 'lm_head.layer_norm.bias', 'lm_head.bias', 'lm_head.dense.weight', 'lm_head.layer_norm.weight']
- This IS expected if you are initializing RobertaModel from the checkpoint of a model trained on another task or with another architecture (e.g. initializing a BertForSequenceClassification model from a BertForPreTraining model).
- This IS NOT expected if you are initializing RobertaModel from the checkpoint of a model that you expect to be exactly identical (initializing a BertForSequenceClassification model from a BertForSequenceClassification model).
Some weights of RobertaModel were not initialized from the model checkpoint at roberta-large and are newly initialized: ['roberta.pooler.dense.bias', 'roberta.pooler.dense.weight']
You should probably TRAIN this model on a down-stream task to be able to use it for predictions and inference.
presto
WER
[0.03720783 0.03815762 0.03097007 0.03746338 0.02939282 0.0341964
 0.02955555 0.02872483 0.03266769 0.0329717  0.0297492  0.03173615
 0.03368106 0.03143865 0.03565864 0.03596183 0.02701871 0.03042407
 0.02995451 0.03653125 0.02805388 0.02924372 0.03792443 0.03555648
 0.02720129 0.03029879 0.0252761  0.03694027 0.03063986 0.03175269
 0.02890789 0.03478566 0.02992382 0.03149774 0.02809545 0.03813875
 0.0251628  0.03818733 0.03337636 0.02890896 0.02885242 0.03252347
 0.03320057 0.0223985  0.03069846 0.02952959 0.03337354 0.02148458
 0.03541435 0.03420838 0.02873736 0.03881157 0.03874603 0.03662763
 0.02512742 0.02109347 0.02632437 0.03539277 0.03953549 0.03308068
 0.03109325 0.03523535 0.03717218 0.02974468 0.03906104 0.03499415
 0.03629602 0.03386041 0.03493259 0.03383684 0.02892627 0.03999546
 0.03510506 0.041886   0.03275383 0.03728311 0.03471715 0.03153805
 0.04512072 0.02877713 0.03547497 0.02661728 0.03453744 0.03922905
 0.0298016  0.03321858 0.02275308 0.03522316 0.03471924 0.02662657
 0.03243847 0.03668449 0.02730625 0.03420239 0.02551824 0.02605516
 0.03686053 0.03530928 0.02566616 0.03305673 0.03285728 0.03555789
 0.03180192 0.03854044 0.0331049  0.03047219 0.02888951 0.02963037
 0.02678451 0.03958207 0.02294886 0.03487914 0.03414803 0.03536549
 0.03618833 0.03311932 0.02913002 0.030989   0.03769707 0.03013648
 0.0353062  0.02755887 0.03165549 0.03421361 0.02829171 0.02444594
 0.03589648 0.03266921 0.0311499  0.02946003 0.03469337 0.03806287
 0.03230799 0.02870242 0.03042702 0.03718502 0.0412238  0.03328436
 0.03143211 0.02991872 0.02981898 0.03426333 0.03745415 0.02724706
 0.03703434 0.03902466 0.02806713 0.02613951 0.01993887 0.0312416
 0.0429761  0.03085234 0.03305576 0.03412149 0.03045078 0.03343553
 0.03809456 0.03588756 0.02993584 0.03529843 0.03363936 0.03980739
 0.03382266 0.02333324 0.03536324 0.03090765 0.03755621 0.03545509
 0.03173212 0.03641753 0.02583628 0.0381176  0.03775926 0.03037027
 0.034015   0.02681801 0.03027283 0.03706739 0.03082219 0.03999173
 0.03206435 0.03377387 0.02433029 0.03275386 0.0341242  0.04049123
 0.0447653  0.0374211  0.04740814 0.03253011 0.03125444 0.02650453
 0.02698822 0.03705493 0.03899429 0.0368873  0.03179327 0.04037123
 0.02751882 0.04259174]
presto
BLEU
[0.12019367 0.13360282 0.1066556  0.14358825 0.1281138  0.11976355
 0.1197106  0.12120291 0.12128    0.12008076 0.10877684 0.10129638
 0.12704994 0.10666291 0.11421366 0.12162176 0.10222321 0.12101186
 0.13556389 0.13154619 0.11113038 0.10670782 0.11930371 0.11921767
 0.10855847 0.11633599 0.09745229 0.11833506 0.11469507 0.11049063
 0.11704108 0.11351403 0.11333824 0.11873424 0.11011125 0.12556833
 0.11296932 0.12779328 0.12790992 0.11701585 0.11994367 0.1181731
 0.11266381 0.09815165 0.11875816 0.1008867  0.11823617 0.09240769
 0.11478406 0.10773714 0.11339213 0.12555622 0.1279509  0.11693184
 0.1020058  0.09160271 0.10857903 0.134235   0.12960203 0.12041776
 0.12429884 0.12859257 0.13457893 0.11802183 0.13013317 0.13224245
 0.12844018 0.13161445 0.13092901 0.11074694 0.1242793  0.12166676
 0.11980406 0.11895979 0.11947114 0.13445973 0.11762692 0.10468416
 0.12693133 0.10787379 0.12487156 0.11113942 0.12203219 0.12198143
 0.11028004 0.11870171 0.09519891 0.11980982 0.11719799 0.11257536
 0.12699831 0.13020801 0.11081991 0.13164266 0.10372728 0.10652737
 0.12640366 0.11301866 0.11135236 0.1230551  0.12250047 0.11636634
 0.12160244 0.11872647 0.10620882 0.1183636  0.10255607 0.10299124
 0.10176596 0.13777487 0.09652294 0.13134605 0.11942509 0.1304455
 0.13825538 0.12187984 0.10301826 0.11714441 0.12966645 0.13031012
 0.11371676 0.11058496 0.11526548 0.09968472 0.09561168 0.11269254
 0.12237993 0.13346527 0.1130624  0.0993678  0.11617531 0.13427718
 0.11029705 0.10047475 0.11112757 0.11805322 0.12174684 0.12253865
 0.11803341 0.11136978 0.1090578  0.11892165 0.11739856 0.09291258
 0.11764151 0.13914341 0.10603436 0.1009517  0.10112883 0.11215533
 0.12676007 0.11708204 0.11873792 0.12320492 0.11806373 0.10944368
 0.11258912 0.12530013 0.1072227  0.11684605 0.11838475 0.12780732
 0.11150642 0.09610888 0.12603424 0.11091724 0.12695024 0.11457607
 0.11987959 0.11806167 0.10042125 0.12723222 0.13265715 0.11578261
 0.123352   0.10006573 0.11370047 0.13618168 0.10986842 0.11489136
 0.12685309 0.12692038 0.09608617 0.11136383 0.11841712 0.14997247
 0.1466391  0.13306619 0.12504491 0.11919891 0.10989767 0.10343342
 0.12187239 0.12295964 0.11962718 0.1224572  0.10123166 0.12821945
 0.11178843 0.13366037]
presto
METEOR
[0.08161329 0.09006036 0.07686606 0.09152704 0.08745568 0.08353774
 0.08034363 0.08300469 0.08168136 0.08083453 0.07227683 0.06860843
 0.09479707 0.08278049 0.07985369 0.08083676 0.0709279  0.08709766
 0.09387537 0.09147587 0.07455956 0.07574921 0.0795491  0.08188254
 0.0762904  0.08331271 0.07013159 0.08181619 0.0848893  0.07886111
 0.08165137 0.07972005 0.07783154 0.08079987 0.07951056 0.0849861
 0.0760644  0.08679613 0.08624814 0.0815495  0.08521227 0.08430293
 0.07862847 0.07528821 0.07883565 0.07344272 0.08667391 0.06650191
 0.08354406 0.07437887 0.07967327 0.08827049 0.08727291 0.08116045
 0.07175079 0.06881373 0.07911259 0.09150123 0.08779535 0.08503395
 0.08537338 0.08805461 0.08667739 0.08264722 0.09381122 0.08872596
 0.09012087 0.08779225 0.08741964 0.07818805 0.08269684 0.08569846
 0.08043747 0.0834187  0.08345174 0.09236115 0.08452777 0.07551565
 0.08790623 0.08045547 0.08454094 0.08288065 0.08927304 0.08314073
 0.07485063 0.08361977 0.0712535  0.08039364 0.08048388 0.07952215
 0.08588281 0.08758369 0.07825559 0.08434566 0.07762239 0.07081317
 0.08940408 0.08220347 0.07632533 0.08614972 0.08299722 0.07975571
 0.08261961 0.08582051 0.07707515 0.0830536  0.0716691  0.07343854
 0.07166801 0.0920481  0.07042991 0.08624294 0.0832193  0.08980802
 0.09005346 0.08385177 0.0732759  0.08253368 0.08935961 0.08775563
 0.07572717 0.07624887 0.08421135 0.07140594 0.07100656 0.0785769
 0.08120377 0.08967515 0.08257321 0.07054229 0.07640238 0.08912838
 0.07752293 0.07202053 0.0820558  0.08731757 0.08499506 0.08015132
 0.08561162 0.07993577 0.07957169 0.08088064 0.08121588 0.06590257
 0.0806342  0.08978155 0.07550298 0.07278572 0.07648851 0.07782844
 0.08678633 0.08375493 0.08149212 0.0872582  0.08417394 0.07533866
 0.07764082 0.08075133 0.07504492 0.08040097 0.07936793 0.08571918
 0.07631515 0.07435426 0.08458608 0.07310138 0.09064179 0.07889004
 0.08429579 0.07914839 0.07641076 0.08714575 0.08685449 0.08229845
 0.08796553 0.07199633 0.08150901 0.09444286 0.07838785 0.08032692
 0.08449258 0.08587381 0.07300184 0.08116725 0.08015855 0.0946628
 0.09802403 0.09011978 0.08134611 0.0874234  0.07454705 0.0735583
 0.08762865 0.08161434 0.07998963 0.08734874 0.07368368 0.08790736
 0.07912966 0.09055862]
presto
BERT
[0.7714348  0.7724227  0.77220196 0.7741851  0.77265316 0.7693402
 0.77117044 0.7725755  0.7685547  0.77189213 0.7728472  0.7719141
 0.77293223 0.77117103 0.77218395 0.7712117  0.7685399  0.7721806
 0.7736836  0.774152   0.7699197  0.7709573  0.7703811  0.77178395
 0.7693394  0.7701111  0.7682776  0.7702163  0.7703433  0.77275765
 0.7701763  0.77048755 0.77318776 0.7707766  0.7724007  0.77359164
 0.771701   0.77278274 0.77147853 0.7714232  0.7717028  0.7720981
 0.7708546  0.7702756  0.7729535  0.77177054 0.7720071  0.7685626
 0.7699515  0.77183473 0.77133405 0.7700476  0.7699306  0.7700675
 0.7687705  0.76896864 0.7705843  0.7750432  0.7707233  0.7768069
 0.7753927  0.7719554  0.7739781  0.7720097  0.77027416 0.77576107
 0.771193   0.7705769  0.76911324 0.7708472  0.7733466  0.7725338
 0.77184707 0.771324   0.7697086  0.77548766 0.77200216 0.771271
 0.77363354 0.7703283  0.7690389  0.7720529  0.7702864  0.77544194
 0.7722619  0.77099997 0.77052057 0.7697785  0.7706056  0.77237546
 0.7720685  0.7732708  0.771772   0.7709799  0.7699984  0.77351
 0.77286834 0.7696369  0.7714522  0.77189577 0.7724469  0.7734417
 0.7731223  0.76913536 0.7695525  0.7737097  0.7701477  0.7698164
 0.7702936  0.77278495 0.7691776  0.77242213 0.7722485  0.7730615
 0.7736667  0.77254546 0.7688441  0.7723301  0.77265626 0.77594477
 0.7692448  0.7694985  0.77011627 0.76915425 0.7695156  0.7734808
 0.77219456 0.77415717 0.77139336 0.76899    0.77006435 0.77099663
 0.77061754 0.7684297  0.77058893 0.77226394 0.77149725 0.7718709
 0.7730618  0.76887447 0.76899904 0.77337897 0.77065676 0.76953787
 0.7695871  0.7740363  0.77139556 0.77286214 0.770765   0.7725999
 0.7759601  0.76903325 0.7722537  0.7737133  0.7702399  0.7700365
 0.7743068  0.77065974 0.76885045 0.7703769  0.7714218  0.7712765
 0.7706616  0.76881945 0.7709931  0.76979566 0.7715488  0.7720221
 0.77278143 0.77185786 0.7696144  0.7737839  0.77062434 0.7699897
 0.7715301  0.7712684  0.7712532  0.77602875 0.7695955  0.7711205
 0.7745101  0.7739524  0.77067155 0.7692805  0.77204317 0.772549
 0.7765114  0.77414715 0.7744977  0.7719966  0.76979303 0.7715495
 0.77094007 0.77257353 0.77095836 0.77385926 0.7695602  0.7768474
 0.76918614 0.7753879 ]
[nltk_data] Downloading package wordnet to /mnt/iusers01/fse-
[nltk_data]     ugpgt01/compsci01/q12628ct/nltk_data...
[nltk_data]   Package wordnet is already up-to-date!
[nltk_data] Downloading package punkt_tab to /mnt/iusers01/fse-
[nltk_data]     ugpgt01/compsci01/q12628ct/nltk_data...
[nltk_data]   Package punkt_tab is already up-to-date!
[nltk_data] Downloading package omw-1.4 to /mnt/iusers01/fse-
[nltk_data]     ugpgt01/compsci01/q12628ct/nltk_data...
[nltk_data]   Package omw-1.4 is already up-to-date!
/mnt/iusers01/fse-ugpgt01/compsci01/q12628ct/.conda/envs/semantic-decoding/lib/python3.10/site-packages/huggingface_hub/file_download.py:945: FutureWarning: `resume_download` is deprecated and will be removed in version 1.0.0. Downloads always resume when possible. If you want to force a new download, use `force_download=True`.
  warnings.warn(
Some weights of the model checkpoint at roberta-large were not used when initializing RobertaModel: ['lm_head.dense.weight', 'lm_head.dense.bias', 'lm_head.bias', 'lm_head.layer_norm.bias', 'lm_head.layer_norm.weight']
- This IS expected if you are initializing RobertaModel from the checkpoint of a model trained on another task or with another architecture (e.g. initializing a BertForSequenceClassification model from a BertForPreTraining model).
- This IS NOT expected if you are initializing RobertaModel from the checkpoint of a model that you expect to be exactly identical (initializing a BertForSequenceClassification model from a BertForSequenceClassification model).
Some weights of RobertaModel were not initialized from the model checkpoint at roberta-large and are newly initialized: ['roberta.pooler.dense.weight', 'roberta.pooler.dense.bias']
You should probably TRAIN this model on a down-stream task to be able to use it for predictions and inference.
partlycloudy
WER
[-0.14065309 -0.13802865 -0.14075084 -0.13624547 -0.13832757 -0.13348013
 -0.13279329 -0.13784273 -0.13423514 -0.13194302 -0.13415454 -0.13448112
 -0.13726897 -0.13055294 -0.13180864 -0.13397047 -0.12853155 -0.13981942
 -0.13509195 -0.13589599 -0.14004488 -0.13499082 -0.13707429 -0.14182384
 -0.13182135 -0.13531509 -0.14047854 -0.14409569 -0.12928226 -0.12378139
 -0.12892217 -0.1372443  -0.13380462 -0.13594607 -0.13077129 -0.13523742
 -0.13144287 -0.12685533 -0.13585971 -0.13888858 -0.13362769 -0.13632916
 -0.13498182 -0.13102277 -0.12481573 -0.13427353 -0.13926741 -0.14099654
 -0.14243039 -0.14086439 -0.13845723 -0.14411013 -0.13897072 -0.13818211
 -0.13757824 -0.13650463 -0.13455234 -0.14446697 -0.13381578 -0.13857362
 -0.13759635 -0.14211344 -0.13085136 -0.1358568  -0.12888677 -0.14143986
 -0.13782417 -0.13923835 -0.13230327 -0.13820333 -0.13136763 -0.13785183
 -0.1380915  -0.13706096 -0.14072285 -0.13305406 -0.13419396 -0.13991411
 -0.1402793  -0.13528319 -0.14040221 -0.13201726 -0.13622113 -0.13537396
 -0.13912234 -0.1346083  -0.13881564 -0.13435969 -0.14378632 -0.13167555
 -0.13445986 -0.13702378 -0.14696309 -0.13054063 -0.14187546 -0.13496515
 -0.12367314 -0.14357315 -0.13239367 -0.12493594 -0.13724798 -0.1412069
 -0.13677453 -0.12808425 -0.13683128 -0.13566065 -0.13765961 -0.13217274
 -0.13667424 -0.13927584 -0.13755385 -0.1488046  -0.13337034 -0.13155515
 -0.13428586 -0.13411683 -0.14127823 -0.14315997 -0.12717611 -0.12369382
 -0.14538896 -0.12961701 -0.13875462 -0.1347214  -0.13997932 -0.13550124
 -0.136169   -0.14899071 -0.14018888 -0.13299279 -0.13682668 -0.14447577
 -0.13493641 -0.13393002 -0.14012113 -0.14089417 -0.13669463 -0.13477925
 -0.13463818 -0.13735328 -0.13523302 -0.14141259 -0.14215977 -0.14501769
 -0.13389226 -0.13646116 -0.13851209 -0.14000647 -0.13688273 -0.13446318
 -0.12596871 -0.14070994 -0.12758049 -0.13256931 -0.13926454 -0.134947
 -0.13186375 -0.13123178 -0.13676299 -0.13935321 -0.12676942 -0.12726016
 -0.13736961 -0.13713684 -0.14110747 -0.13516799 -0.14485281 -0.14256414
 -0.14516146 -0.13253451 -0.12606782 -0.12615232 -0.13266743 -0.13079412
 -0.13417325 -0.12544223 -0.13369159 -0.13110534 -0.13635563 -0.14172289
 -0.13020623 -0.13638261 -0.13849504 -0.1362114  -0.13793985 -0.13226608
 -0.13654565 -0.12411516 -0.13328498 -0.13318491 -0.14753996 -0.1343751
 -0.13291761 -0.13682504 -0.13799042 -0.14370599 -0.13877651 -0.13531851
 -0.12994558 -0.14286475]
partlycloudy
BLEU
[0.12195396 0.12892797 0.1220611  0.11732606 0.12069102 0.12547919
 0.12636649 0.10831222 0.13163331 0.13489156 0.13493712 0.13494594
 0.11350346 0.1443909  0.12831206 0.11890158 0.13154894 0.12086503
 0.11648396 0.12827742 0.12438205 0.12404288 0.11549114 0.12474087
 0.11928851 0.13869092 0.11921066 0.11614389 0.12365408 0.13633954
 0.14501127 0.12891082 0.12354468 0.13392403 0.12480536 0.12312711
 0.12500698 0.13351589 0.12680468 0.12804357 0.12944814 0.12121558
 0.13757459 0.12824508 0.15059769 0.1188866  0.12331516 0.10491406
 0.1282586  0.11796812 0.11403126 0.10757942 0.12843207 0.13028327
 0.12388753 0.12475631 0.13789595 0.12240663 0.13172277 0.1218426
 0.12638514 0.12188544 0.13347456 0.13549395 0.13833644 0.11717497
 0.1194202  0.12006753 0.13350199 0.13564625 0.13316499 0.11406582
 0.12022892 0.12885116 0.12173195 0.14383571 0.13271836 0.12095137
 0.13335341 0.13066813 0.11938089 0.13397297 0.12116438 0.12934964
 0.1078531  0.13217551 0.10978509 0.13338805 0.11779941 0.12760043
 0.11698032 0.11773723 0.11134224 0.13958132 0.11054586 0.12039893
 0.13270271 0.11872502 0.12956086 0.14277042 0.10667804 0.1085696
 0.11848216 0.13544814 0.12042353 0.12011011 0.13339187 0.13741061
 0.13228839 0.13389312 0.10831134 0.11400526 0.14180569 0.12084666
 0.12728111 0.12554177 0.10797776 0.12424612 0.14405371 0.1503156
 0.11397312 0.14997064 0.13302604 0.1209797  0.12496915 0.12864116
 0.11935231 0.11254134 0.10787174 0.12858887 0.13275595 0.10595685
 0.12551657 0.12842959 0.13543276 0.121584   0.11322381 0.13700384
 0.13442096 0.1221291  0.13689811 0.12226442 0.13022876 0.11949815
 0.13148468 0.12748969 0.12469168 0.13330289 0.13649304 0.13690068
 0.13982376 0.12149475 0.13559151 0.13303823 0.12038501 0.13296221
 0.11896477 0.13165561 0.12090343 0.11948971 0.13145214 0.13884694
 0.12180647 0.12499563 0.11810283 0.13351986 0.10641001 0.11036785
 0.11843778 0.14274293 0.14382969 0.12900833 0.12979471 0.13273406
 0.12132212 0.13774587 0.13666659 0.14022263 0.12437164 0.11257792
 0.13383899 0.11418799 0.13244035 0.11812989 0.12911994 0.13463721
 0.13451614 0.1380519  0.12945495 0.12169233 0.11584729 0.12796605
 0.13056962 0.13570629 0.11793767 0.12005093 0.12723099 0.12490188
 0.13366177 0.10899355]
partlycloudy
METEOR
[0.098823   0.10495748 0.09962164 0.10450791 0.09448921 0.10265945
 0.10075773 0.09741882 0.10208081 0.10195874 0.10932862 0.09934744
 0.09501654 0.11505417 0.10072042 0.0982941  0.10177117 0.09958219
 0.09406642 0.10279068 0.10003989 0.10100328 0.09659167 0.1043453
 0.10157727 0.10529042 0.0976944  0.09404341 0.09954086 0.10898328
 0.11722996 0.10642336 0.10046652 0.10577263 0.10341658 0.10319906
 0.10068324 0.1073409  0.10608901 0.10611536 0.10614612 0.0980558
 0.10971221 0.09774248 0.12237895 0.10373298 0.09902021 0.09023155
 0.10484133 0.09279119 0.0990049  0.08776025 0.10661581 0.10962292
 0.09752731 0.09815113 0.10901021 0.09399689 0.09855402 0.0972756
 0.0975995  0.09874595 0.10596004 0.10721424 0.11849542 0.0991415
 0.10037421 0.09705472 0.10708091 0.10997146 0.10752526 0.09011865
 0.09649516 0.10297941 0.10011796 0.1140865  0.1118151  0.09889384
 0.10768402 0.10485449 0.09798821 0.1090018  0.0978995  0.10539893
 0.0991684  0.10668156 0.09079738 0.10366467 0.09709382 0.10394468
 0.09987654 0.09757676 0.09512707 0.11367625 0.091356   0.0981273
 0.10765877 0.09257544 0.10249057 0.10808604 0.08959927 0.09338034
 0.104079   0.10967842 0.09351173 0.09702603 0.1064191  0.10722315
 0.10726502 0.11081941 0.09063599 0.09602162 0.11257817 0.10217995
 0.09902946 0.10638018 0.09254088 0.0985302  0.11234386 0.1231
 0.09417712 0.11817059 0.10299468 0.09945723 0.10782354 0.10313262
 0.09569096 0.0911656  0.0945608  0.10364199 0.10989519 0.08784023
 0.10693427 0.10033604 0.10251872 0.10578142 0.0936413  0.10704287
 0.10321819 0.09646095 0.10738372 0.10028843 0.10367322 0.10340814
 0.10597547 0.10256796 0.09606895 0.11422823 0.11274724 0.10723049
 0.11444812 0.10073272 0.11065029 0.10886145 0.10026907 0.10398963
 0.09359678 0.10713863 0.09310797 0.08957968 0.10379713 0.10793435
 0.09870368 0.10244052 0.09296871 0.10806004 0.09081084 0.09323037
 0.09305419 0.1167517  0.11278054 0.10409495 0.10258694 0.1091086
 0.10204103 0.11610978 0.10732396 0.11482687 0.10012602 0.09094469
 0.1080633  0.09562711 0.10642367 0.09639056 0.10815167 0.1087985
 0.1103436  0.10674531 0.10230505 0.10422785 0.10289985 0.1027767
 0.10355057 0.11519683 0.10138849 0.09462464 0.0987885  0.10304524
 0.10444719 0.08884752]
partlycloudy
BERT
[0.7812399  0.77938735 0.77828145 0.77939886 0.78181714 0.7811739
 0.7787798  0.7796096  0.7790613  0.7805713  0.77945304 0.7792854
 0.7802921  0.78201777 0.77929604 0.77801204 0.7810954  0.7787646
 0.78216386 0.78129107 0.7795112  0.7801289  0.77808416 0.77821356
 0.77987015 0.78250885 0.7795817  0.781324   0.78192127 0.781463
 0.782154   0.7770702  0.77667886 0.780995   0.7789997  0.7801769
 0.77790993 0.78058696 0.7815186  0.7815373  0.77847326 0.7776292
 0.7768174  0.78065604 0.7811429  0.78072447 0.7765754  0.7784278
 0.7786446  0.7779334  0.7809224  0.77737194 0.7785456  0.781174
 0.77827483 0.77932125 0.77796876 0.7796699  0.7772255  0.78131783
 0.7790027  0.7843335  0.7780127  0.7794782  0.7806922  0.78042424
 0.7785588  0.7798211  0.77891076 0.7820149  0.7804874  0.77946424
 0.77743655 0.78233004 0.7790451  0.7800765  0.7805715  0.7823838
 0.78224254 0.7814287  0.78185797 0.78302336 0.780448   0.7798207
 0.7786776  0.7814342  0.7795371  0.78175485 0.7783656  0.77779174
 0.7768676  0.780538   0.77795446 0.78116566 0.780802   0.779015
 0.7822168  0.7784865  0.78233135 0.78455055 0.77918875 0.7789236
 0.779557   0.7808262  0.7789515  0.77897143 0.7804635  0.77750987
 0.78110737 0.7796921  0.77887875 0.7767731  0.78145665 0.779736
 0.7802752  0.7795815  0.7802658  0.78177786 0.7803004  0.78277683
 0.77886987 0.780834   0.7805785  0.7786675  0.77967364 0.77979845
 0.7799119  0.78141063 0.77963746 0.78148735 0.78027517 0.7812521
 0.7801161  0.77883935 0.7797791  0.77953035 0.7777749  0.7845273
 0.7820965  0.7830665  0.77918905 0.77799964 0.7808158  0.7781787
 0.77827287 0.7828542  0.77826655 0.78106534 0.7835886  0.78094006
 0.7826527  0.7789464  0.78237486 0.78101987 0.7805001  0.78175366
 0.7799789  0.7800281  0.77916795 0.77946514 0.77943265 0.7805492
 0.7792827  0.7819103  0.7790865  0.77915066 0.78039443 0.77920634
 0.77832067 0.78287786 0.781886   0.78243786 0.779363   0.77811277
 0.78157943 0.78084373 0.78114367 0.7797746  0.77908164 0.783083
 0.782456   0.77939516 0.78045714 0.77731264 0.7805249  0.77768385
 0.7791958  0.7841127  0.7799815  0.7795524  0.77757585 0.78018796
 0.7821191  0.77911615 0.78111196 0.7791746  0.7798772  0.77811337
 0.78156763 0.78017   ]
[nltk_data] Downloading package wordnet to /mnt/iusers01/fse-
[nltk_data]     ugpgt01/compsci01/q12628ct/nltk_data...
[nltk_data]   Package wordnet is already up-to-date!
[nltk_data] Downloading package punkt_tab to /mnt/iusers01/fse-
[nltk_data]     ugpgt01/compsci01/q12628ct/nltk_data...
[nltk_data]   Package punkt_tab is already up-to-date!
[nltk_data] Downloading package omw-1.4 to /mnt/iusers01/fse-
[nltk_data]     ugpgt01/compsci01/q12628ct/nltk_data...
[nltk_data]   Package omw-1.4 is already up-to-date!
/mnt/iusers01/fse-ugpgt01/compsci01/q12628ct/.conda/envs/semantic-decoding/lib/python3.10/site-packages/huggingface_hub/file_download.py:945: FutureWarning: `resume_download` is deprecated and will be removed in version 1.0.0. Downloads always resume when possible. If you want to force a new download, use `force_download=True`.
  warnings.warn(
Some weights of the model checkpoint at roberta-large were not used when initializing RobertaModel: ['lm_head.dense.bias', 'lm_head.layer_norm.bias', 'lm_head.layer_norm.weight', 'lm_head.bias', 'lm_head.dense.weight']
- This IS expected if you are initializing RobertaModel from the checkpoint of a model trained on another task or with another architecture (e.g. initializing a BertForSequenceClassification model from a BertForPreTraining model).
- This IS NOT expected if you are initializing RobertaModel from the checkpoint of a model that you expect to be exactly identical (initializing a BertForSequenceClassification model from a BertForSequenceClassification model).
Some weights of RobertaModel were not initialized from the model checkpoint at roberta-large and are newly initialized: ['roberta.pooler.dense.weight', 'roberta.pooler.dense.bias']
You should probably TRAIN this model on a down-stream task to be able to use it for predictions and inference.
laluna
WER
[-0.05603288 -0.05221427 -0.05773621 -0.05571285 -0.05360717 -0.04587401
 -0.04473789 -0.04438898 -0.06484437 -0.05289004 -0.06357311 -0.05794675
 -0.0638479  -0.05619107 -0.06553971 -0.0561392  -0.06136639 -0.04800706
 -0.05077207 -0.05848733 -0.0401823  -0.0517513  -0.05301081 -0.05070837
 -0.06077463 -0.06509958 -0.05658009 -0.06264562 -0.0546704  -0.04674784
 -0.06110287 -0.05882549 -0.0564764  -0.05757673 -0.05454868 -0.06557644
 -0.05046923 -0.05441524 -0.050172   -0.04781024 -0.04914035 -0.05902175
 -0.05309844 -0.04752531 -0.05868313 -0.04294526 -0.05504414 -0.05559012
 -0.05529849 -0.05577554 -0.05132515 -0.05378786 -0.05507347 -0.05929715
 -0.06159299 -0.05823776 -0.05029492 -0.05783467 -0.05611441 -0.05419199
 -0.06014875 -0.05365054 -0.05395458 -0.05432044 -0.048238   -0.06065306
 -0.04511122 -0.05355284 -0.0538     -0.04898422 -0.05806572 -0.04978983
 -0.04893306 -0.05570346 -0.05590742 -0.05723308 -0.05595295 -0.05241794
 -0.06171153 -0.05128118 -0.0586577  -0.04912839 -0.0490143  -0.06387845
 -0.04596669 -0.0533867  -0.04988961 -0.05835556 -0.06039895 -0.05227393
 -0.04852461 -0.05536457 -0.05819568 -0.0515264  -0.04621179 -0.05317017
 -0.05662104 -0.05661998 -0.05426522 -0.05569684 -0.0445887  -0.05102483
 -0.05876334 -0.05588729 -0.04884521 -0.05294896 -0.04920521 -0.05169996
 -0.05244529 -0.06344685 -0.04779993 -0.06431645 -0.04887398 -0.05530859
 -0.05110305 -0.05416214 -0.06117976 -0.04936132 -0.04964994 -0.05257749
 -0.04738001 -0.0581041  -0.05850853 -0.05171573 -0.05715485 -0.05485768
 -0.06525747 -0.0558121  -0.0608034  -0.05074705 -0.05617439 -0.06135331
 -0.0474886  -0.04937519 -0.05583232 -0.04901195 -0.06081355 -0.05874493
 -0.05717845 -0.05477191 -0.05493581 -0.05868233 -0.05247942 -0.05391546
 -0.0582348  -0.0587319  -0.05142018 -0.0530249  -0.04992296 -0.0493692
 -0.06145036 -0.05212025 -0.06278665 -0.05683289 -0.05376626 -0.05391272
 -0.04913328 -0.05246086 -0.05387532 -0.05107399 -0.0583104  -0.05483849
 -0.0535846  -0.04821028 -0.05763126 -0.05826099 -0.06037979 -0.05749744
 -0.05355751 -0.05411993 -0.05393065 -0.05090352 -0.0547859  -0.05763369
 -0.05603904 -0.05179468 -0.05561313 -0.05069968 -0.0474392  -0.0534851
 -0.05036637 -0.05903396 -0.05420723 -0.04657671 -0.05920674 -0.05793051
 -0.05445451 -0.06328513 -0.05012726 -0.04704516 -0.0450986  -0.05245164
 -0.05635641 -0.04671013 -0.05764926 -0.04911713 -0.05756286 -0.05077644
 -0.04965839 -0.05829292]
laluna
BLEU
[0.12577921 0.1304033  0.12608865 0.12027028 0.13092776 0.14796901
 0.14420731 0.13689069 0.1104286  0.12854473 0.10903821 0.11000259
 0.12373113 0.12019316 0.10489715 0.12590003 0.11296459 0.12731444
 0.12757356 0.12250658 0.16194936 0.12383601 0.12320695 0.12411308
 0.12011508 0.11691396 0.13298611 0.10935063 0.12820809 0.13945342
 0.11524525 0.12600598 0.11875235 0.12377665 0.11863474 0.10830619
 0.13181661 0.12080302 0.12500871 0.13724613 0.13694044 0.12202351
 0.13234179 0.1562328  0.11975929 0.14874711 0.12938861 0.11806533
 0.12797611 0.12989177 0.14009192 0.11815217 0.11836839 0.12904204
 0.12898541 0.10470539 0.13543554 0.11899256 0.12401552 0.13070287
 0.13112716 0.12459465 0.12914757 0.11474209 0.13489126 0.11491538
 0.14335564 0.12196869 0.12195294 0.14226242 0.12004463 0.13540383
 0.11978464 0.12048819 0.1244821  0.12152883 0.12277103 0.1280958
 0.11526484 0.13882559 0.108801   0.14014223 0.12298706 0.12210957
 0.13295877 0.12499846 0.12695211 0.12552163 0.12834188 0.13722383
 0.12441514 0.12297546 0.12103318 0.12955282 0.13624237 0.11813821
 0.10819858 0.13472572 0.1139477  0.13712108 0.13852088 0.14203158
 0.11045001 0.12245623 0.12742115 0.13008377 0.14244731 0.12387588
 0.13589455 0.11526969 0.13672035 0.11220926 0.13276267 0.12925022
 0.12471841 0.12174129 0.11719432 0.13555826 0.13268974 0.1329538
 0.13967171 0.11741715 0.12644487 0.12770905 0.11668889 0.12586402
 0.11879175 0.12408576 0.11866484 0.12665326 0.11939717 0.1046434
 0.13108658 0.1307458  0.12334861 0.12942918 0.11162484 0.11362126
 0.12073443 0.11680943 0.13360027 0.12000894 0.13798088 0.12843281
 0.1278468  0.11860664 0.13435495 0.11874852 0.12975114 0.14147576
 0.13150167 0.11861698 0.11509738 0.12988876 0.13416825 0.12056348
 0.12418233 0.1117869  0.11945373 0.13162978 0.11645915 0.12338542
 0.12986857 0.14141405 0.11693444 0.1066991  0.1106277  0.11881856
 0.12663882 0.11748465 0.13117255 0.12446705 0.11736804 0.11718898
 0.12252554 0.12785019 0.11857456 0.11897615 0.13571159 0.11534142
 0.13170837 0.11947495 0.11938996 0.1459369  0.12124877 0.12059278
 0.12307423 0.11436921 0.13779188 0.13638751 0.14932364 0.11567001
 0.11716503 0.13241653 0.12307554 0.13124384 0.11773631 0.12980554
 0.12455824 0.11244349]
laluna
METEOR
[0.09418097 0.09627125 0.09561735 0.08896803 0.09716595 0.10443795
 0.10524092 0.10175115 0.08501018 0.09370487 0.0869925  0.08430554
 0.09062939 0.08843092 0.08177699 0.09262421 0.08875705 0.09796974
 0.09589936 0.09408158 0.11119167 0.09375472 0.08759656 0.09431097
 0.08989451 0.08893378 0.09771161 0.08709397 0.09673312 0.10163533
 0.08875064 0.09341156 0.08779967 0.0940034  0.08866226 0.0829414
 0.0925894  0.08760985 0.09029013 0.09787523 0.09998295 0.09027227
 0.098648   0.11289144 0.08318224 0.10931938 0.0974817  0.08554501
 0.09171145 0.0936605  0.10245393 0.08867849 0.09274571 0.0955616
 0.09286592 0.08571857 0.09656429 0.08797547 0.09150476 0.09960539
 0.0918313  0.09088513 0.09891732 0.08633878 0.09964245 0.08830625
 0.10410736 0.08724364 0.09323185 0.10722968 0.08829709 0.10022331
 0.09085663 0.09143267 0.09308958 0.09201311 0.09162097 0.09656747
 0.08649926 0.10233986 0.08849731 0.09703621 0.09444466 0.0944295
 0.09805115 0.09336226 0.09228289 0.0940547  0.09951579 0.09889236
 0.09713733 0.09518081 0.09439794 0.09566985 0.10090474 0.09066785
 0.08544582 0.104725   0.08618806 0.10264114 0.10551826 0.101361
 0.0809942  0.09182754 0.09984262 0.09657571 0.10218333 0.09106119
 0.09948788 0.08653764 0.09825188 0.08285668 0.09677156 0.09679436
 0.09255068 0.08897437 0.08776557 0.09853671 0.09986821 0.1004014
 0.10204968 0.0886982  0.09392536 0.09379892 0.08830369 0.09707755
 0.08694502 0.092598   0.08765734 0.09453502 0.08855194 0.07844846
 0.0984829  0.09455752 0.09631594 0.09681493 0.08592992 0.08597753
 0.08959364 0.09115719 0.10624356 0.0902595  0.09889831 0.09359684
 0.0970108  0.08688378 0.09906243 0.08807638 0.09934995 0.10003957
 0.10144436 0.09202256 0.0855658  0.09877749 0.097538   0.09419877
 0.09471976 0.08563188 0.08611327 0.09900984 0.09039632 0.09263236
 0.10131209 0.0994957  0.08955015 0.08163553 0.08611681 0.09011929
 0.09498271 0.08976858 0.09427521 0.09446074 0.08950069 0.08695804
 0.09776434 0.09899555 0.090547   0.09102847 0.09997218 0.0882294
 0.0968704  0.09255108 0.08574259 0.10487714 0.09186583 0.08872317
 0.09213501 0.08799539 0.10292932 0.10112945 0.10690003 0.08736731
 0.08721279 0.09993108 0.09322006 0.08926715 0.08534674 0.09253315
 0.08919219 0.08844321]
laluna
BERT
[0.7839981  0.78429353 0.7863633  0.7830536  0.7849228  0.7870303
 0.78489727 0.7859278  0.78239936 0.7855623  0.7819325  0.78300977
 0.78380483 0.78214914 0.78334934 0.7833714  0.7809276  0.78555936
 0.7808814  0.7843938  0.784675   0.7826224  0.78401667 0.78454286
 0.78555363 0.78287464 0.78525066 0.78406    0.7832879  0.7890227
 0.7836676  0.78461456 0.7846201  0.7847904  0.7839253  0.78373426
 0.783438   0.7811463  0.78510815 0.7853528  0.78783375 0.7838853
 0.7865729  0.78856564 0.78255266 0.7838551  0.7828747  0.7833859
 0.78304803 0.783254   0.78357226 0.7838701  0.78165615 0.78420013
 0.78183764 0.7813805  0.78485954 0.78355044 0.78230107 0.78722066
 0.78233784 0.7810949  0.7825853  0.78096014 0.7847858  0.7824582
 0.7851816  0.78285813 0.78486925 0.78583115 0.78394735 0.7867838
 0.78084725 0.78125    0.7814294  0.78517544 0.781888   0.78440577
 0.78273034 0.78683573 0.7839902  0.785176   0.78660595 0.78516
 0.7832256  0.7842271  0.7820384  0.78663707 0.78273976 0.786365
 0.7848575  0.7878277  0.7821541  0.7838671  0.7856533  0.7841514
 0.782154   0.7835756  0.7833208  0.7859045  0.7847985  0.7879342
 0.78215975 0.78356254 0.78289074 0.78286654 0.78360325 0.78411984
 0.78312975 0.7840477  0.7849433  0.7849332  0.7831013  0.782772
 0.7847983  0.783901   0.7855105  0.7876578  0.78446364 0.7855675
 0.7825795  0.78295815 0.7822144  0.78301126 0.78351086 0.7876533
 0.7820881  0.78112847 0.78352714 0.7846848  0.78314483 0.7815115
 0.78437626 0.78325975 0.7833419  0.782318   0.7866484  0.78229856
 0.78231394 0.78404295 0.78473455 0.7835523  0.7863867  0.78428847
 0.787109   0.7852338  0.7859595  0.7855455  0.78683424 0.7848976
 0.7829738  0.7837175  0.78295916 0.78799707 0.78470916 0.7843265
 0.7802996  0.7808959  0.78520733 0.7849001  0.7843568  0.7859714
 0.7851475  0.7846875  0.7832164  0.78404737 0.7825103  0.78304243
 0.784804   0.7804204  0.7836326  0.78261626 0.7840355  0.78282356
 0.7831289  0.78309155 0.7814324  0.78108174 0.7876081  0.7813107
 0.7830757  0.78400135 0.78332925 0.7848976  0.78284335 0.7852184
 0.7824177  0.78378063 0.78719413 0.78305507 0.7887282  0.7831886
 0.78249013 0.7859616  0.7858184  0.7843936  0.78008664 0.7848251
 0.7817223  0.7841969 ]
[nltk_data] Downloading package wordnet to /mnt/iusers01/fse-
[nltk_data]     ugpgt01/compsci01/q12628ct/nltk_data...
[nltk_data]   Package wordnet is already up-to-date!
[nltk_data] Downloading package punkt_tab to /mnt/iusers01/fse-
[nltk_data]     ugpgt01/compsci01/q12628ct/nltk_data...
[nltk_data]   Package punkt_tab is already up-to-date!
[nltk_data] Downloading package omw-1.4 to /mnt/iusers01/fse-
[nltk_data]     ugpgt01/compsci01/q12628ct/nltk_data...
[nltk_data]   Package omw-1.4 is already up-to-date!
/mnt/iusers01/fse-ugpgt01/compsci01/q12628ct/.conda/envs/semantic-decoding/lib/python3.10/site-packages/huggingface_hub/file_download.py:945: FutureWarning: `resume_download` is deprecated and will be removed in version 1.0.0. Downloads always resume when possible. If you want to force a new download, use `force_download=True`.
  warnings.warn(
Some weights of the model checkpoint at roberta-large were not used when initializing RobertaModel: ['lm_head.layer_norm.weight', 'lm_head.layer_norm.bias', 'lm_head.bias', 'lm_head.dense.weight', 'lm_head.dense.bias']
- This IS expected if you are initializing RobertaModel from the checkpoint of a model trained on another task or with another architecture (e.g. initializing a BertForSequenceClassification model from a BertForPreTraining model).
- This IS NOT expected if you are initializing RobertaModel from the checkpoint of a model that you expect to be exactly identical (initializing a BertForSequenceClassification model from a BertForSequenceClassification model).
Some weights of RobertaModel were not initialized from the model checkpoint at roberta-large and are newly initialized: ['roberta.pooler.dense.bias', 'roberta.pooler.dense.weight']
You should probably TRAIN this model on a down-stream task to be able to use it for predictions and inference.
alpha_repeat-1
WER
[-0.25178499 -0.24105359 -0.23633795 -0.22882523 -0.19639881 -0.25056562
 -0.22305467 -0.25751916 -0.25843481 -0.21164873 -0.22607984 -0.25955792
 -0.2650209  -0.24826752 -0.25645484 -0.22735505 -0.23828912 -0.2505482
 -0.24628977 -0.25474192 -0.24554644 -0.24883702 -0.25511658 -0.24387875
 -0.25953373 -0.23820435 -0.24953058 -0.20312997 -0.2310102  -0.21509871
 -0.24716379 -0.27293744 -0.18341302 -0.20807146 -0.22962011 -0.24710216
 -0.27215449 -0.225049   -0.19798547 -0.22730882 -0.21778777 -0.21889706
 -0.23868712 -0.23865007 -0.24282746 -0.21886816 -0.24451854 -0.23049516
 -0.24593263 -0.24400808 -0.22358339 -0.2720368  -0.22189554 -0.24067769
 -0.25328624 -0.24231916 -0.21692172 -0.24224237 -0.22075369 -0.2468919
 -0.23458082 -0.21879973 -0.22900507 -0.26953726 -0.23754783 -0.18913285
 -0.21938224 -0.24090516 -0.23699161 -0.22312485 -0.26053766 -0.24663258
 -0.2549905  -0.23201585 -0.24419663 -0.22451448 -0.19789805 -0.21280563
 -0.2040688  -0.23374166 -0.22922804 -0.2323862  -0.21808839 -0.24987506
 -0.2234996  -0.24987376 -0.20932901 -0.25448173 -0.24553096 -0.2433842
 -0.25913076 -0.22913236 -0.22875283 -0.22937442 -0.23389878 -0.24379596
 -0.22110531 -0.1958933  -0.18465707 -0.25750867 -0.22514052 -0.25461754
 -0.22636335 -0.23363321 -0.23311999 -0.23192432 -0.21596412 -0.24412596
 -0.22859532 -0.24875886 -0.23582027 -0.23811285 -0.23683089 -0.23222841
 -0.22648404 -0.20645837 -0.20526717 -0.25361674 -0.21187771 -0.23507571
 -0.22887119 -0.21511108 -0.24060737 -0.21458392 -0.1967677  -0.22091526
 -0.24941035 -0.22845198 -0.24116039 -0.25792172 -0.24007041 -0.24762338
 -0.2468463  -0.23041841 -0.22623081 -0.25644814 -0.24623269 -0.20899293
 -0.25562858 -0.20404461 -0.2483255  -0.23903808 -0.26233555 -0.23751741
 -0.24538654 -0.24798894 -0.23044907 -0.23362923 -0.22955875 -0.22395793
 -0.26555501 -0.23817185 -0.22372414 -0.22987292 -0.24391847 -0.22186188
 -0.23304304 -0.22185128 -0.20921557 -0.23370124 -0.25236023 -0.25656167
 -0.24602525 -0.25161844 -0.25862037 -0.21345855 -0.27722216 -0.19656717
 -0.19216426 -0.26132627 -0.23463284 -0.20992383 -0.21528249 -0.21915908
 -0.21506515 -0.23018444 -0.2263009  -0.23134789 -0.25169784 -0.23845551
 -0.23874949 -0.17770236 -0.20821392 -0.2506352  -0.21717403 -0.23323422
 -0.2476129  -0.23106909 -0.20060098 -0.25339359 -0.25148106 -0.23775488
 -0.2336178  -0.24703484 -0.23128693 -0.24936361 -0.22475252 -0.19821201
 -0.22922229 -0.2040376 ]
alpha_repeat-1
BLEU
[0.17421639 0.19234295 0.18369732 0.21944103 0.23103852 0.16947946
 0.20024708 0.12473165 0.13524767 0.17405593 0.18608054 0.15375952
 0.13177558 0.14918285 0.16785742 0.20067229 0.15134299 0.1905689
 0.16746506 0.18744824 0.18452137 0.18595981 0.17898522 0.21786869
 0.168735   0.17581056 0.17640335 0.24006929 0.19446834 0.16591656
 0.16169553 0.11748546 0.24684589 0.21674017 0.17176905 0.1500994
 0.13032612 0.19438206 0.21905435 0.17848954 0.21962149 0.20093101
 0.1873166  0.14563327 0.19189105 0.18796696 0.19399202 0.15674873
 0.18780312 0.16770963 0.1707217  0.13537305 0.15728274 0.17927554
 0.13871707 0.1589565  0.19180409 0.17945457 0.22029181 0.18158151
 0.19444792 0.22068333 0.2116469  0.12153831 0.18777821 0.2073552
 0.2169024  0.21271486 0.16458085 0.16691378 0.14914465 0.17849107
 0.18522067 0.19643532 0.15697837 0.22005132 0.1853677  0.2190788
 0.19579047 0.18250286 0.21525388 0.17846653 0.19619921 0.17712419
 0.19365489 0.14486618 0.24638074 0.15541081 0.1817616  0.13805559
 0.14245169 0.17407398 0.20416908 0.17079073 0.16156207 0.16051733
 0.208383   0.22890436 0.24251323 0.17641814 0.19807072 0.12789097
 0.2191557  0.20780106 0.18477437 0.14669675 0.18206319 0.14199114
 0.24748201 0.12953381 0.21275772 0.18515438 0.18076227 0.19447364
 0.20470136 0.21993819 0.23199349 0.14939546 0.2066774  0.2109018
 0.19819557 0.22436042 0.1498364  0.22269559 0.22790581 0.187714
 0.19179899 0.19233746 0.19179181 0.11151665 0.17129131 0.19331159
 0.17893455 0.16534361 0.20759239 0.16964881 0.15704668 0.19476325
 0.17082029 0.22645376 0.14877714 0.18241483 0.10666709 0.20030249
 0.14278601 0.17072861 0.17471833 0.1622629  0.18030331 0.21141376
 0.14069139 0.19394228 0.17439397 0.16979888 0.17516814 0.17058271
 0.17853517 0.20988761 0.16996276 0.16259191 0.18677285 0.12513329
 0.16812745 0.14992099 0.16599852 0.19517842 0.12707653 0.19142371
 0.21538284 0.15098494 0.2189951  0.20086906 0.17778273 0.18209536
 0.19237496 0.18537019 0.20871395 0.15542559 0.17477907 0.20306341
 0.19076    0.21227227 0.16846211 0.14982428 0.22537241 0.20499015
 0.12781959 0.13813205 0.21337052 0.11896607 0.15486594 0.21187678
 0.17191907 0.17167038 0.16331983 0.15578544 0.17966871 0.23879348
 0.17865747 0.22927555]
alpha_repeat-1
METEOR
[0.13776149 0.14450003 0.13516533 0.15818803 0.16755275 0.12539703
 0.15991559 0.10674771 0.10333501 0.16107879 0.13783879 0.12840318
 0.10050787 0.13944639 0.1380831  0.14368816 0.11433316 0.14716322
 0.13104813 0.14971635 0.15021652 0.14288122 0.16581307 0.17787282
 0.1245354  0.14075741 0.1274257  0.18305287 0.16708953 0.12810338
 0.13121693 0.08304632 0.178206   0.15799344 0.16220727 0.12987453
 0.11418922 0.14502965 0.18578437 0.14046243 0.17307404 0.1497589
 0.13958304 0.11110782 0.14243926 0.15385757 0.14751437 0.13197091
 0.13786183 0.13830472 0.14129788 0.12385507 0.12099708 0.14601748
 0.1195069  0.12533516 0.17651335 0.13376434 0.15797443 0.15989727
 0.15590922 0.1594251  0.16644345 0.105753   0.1684769  0.16338178
 0.1579237  0.17572758 0.12660974 0.11377178 0.11885439 0.14501698
 0.13972249 0.15487004 0.11163563 0.1652125  0.1494259  0.18403304
 0.15392269 0.13220384 0.18010413 0.13156248 0.14950442 0.14483352
 0.18755174 0.11563548 0.17792579 0.11821283 0.15096182 0.09840718
 0.11845976 0.14001186 0.15382626 0.14033073 0.14228968 0.12252314
 0.16539104 0.17783645 0.18648355 0.14036134 0.15507257 0.11618113
 0.18064412 0.16003529 0.16327978 0.11308521 0.14761753 0.13837111
 0.18088451 0.1005159  0.16436874 0.1478066  0.15079704 0.16802824
 0.15251207 0.16570257 0.18197803 0.13602955 0.17229043 0.14743419
 0.14390733 0.15455599 0.1183434  0.19304548 0.18029304 0.14629429
 0.15010812 0.15628202 0.14109371 0.08342955 0.12772326 0.1498807
 0.13586269 0.13177367 0.15343747 0.12910408 0.12647998 0.16886373
 0.14379476 0.19135388 0.11841435 0.14300798 0.07937041 0.1427705
 0.10393567 0.14534517 0.1349099  0.12728875 0.1415959  0.18804751
 0.12934034 0.14869923 0.13858367 0.13891589 0.14979878 0.12840412
 0.14370264 0.16061996 0.12502315 0.13833924 0.14157748 0.10303286
 0.13029966 0.12470369 0.13199785 0.15510427 0.10994703 0.15531286
 0.16395809 0.15047809 0.15235093 0.14249508 0.12845568 0.12606683
 0.15001697 0.15775177 0.16708382 0.12604207 0.13165811 0.16630036
 0.15450715 0.17192512 0.12769305 0.11388099 0.1788865  0.14711382
 0.10528023 0.11299633 0.17521249 0.11050049 0.11471031 0.16508258
 0.13598386 0.14499149 0.12394126 0.13042753 0.13886483 0.16644115
 0.12415743 0.18675879]
alpha_repeat-1
BERT
[0.7922839  0.7947772  0.7911484  0.7951127  0.798655   0.7901797
 0.79563046 0.790804   0.7908621  0.7947597  0.79438895 0.79305977
 0.79071397 0.7896077  0.7945248  0.79583853 0.7916002  0.79406136
 0.793491   0.794045   0.7969095  0.79078555 0.79561603 0.79702276
 0.7912266  0.7935846  0.7968632  0.7968435  0.791791   0.78780717
 0.79013664 0.7902564  0.79751766 0.7954166  0.7995101  0.78916115
 0.79612994 0.79725313 0.8019774  0.7896816  0.79357517 0.7907164
 0.79292923 0.7937463  0.7956243  0.79275113 0.8003028  0.7937782
 0.79353875 0.7932596  0.79641855 0.79056156 0.79465866 0.79160625
 0.797419   0.79570305 0.79625124 0.78891504 0.7966999  0.79926133
 0.7949869  0.7973205  0.7935264  0.7916724  0.7962353  0.7973125
 0.7981609  0.79584503 0.7920363  0.7927235  0.7905723  0.79726994
 0.7882601  0.7939252  0.79106975 0.7961139  0.79657376 0.79803467
 0.79463077 0.79403937 0.800486   0.792572   0.7985599  0.796264
 0.79811794 0.78984267 0.798842   0.7911041  0.79279524 0.7867906
 0.7925457  0.7919119  0.79774094 0.79527265 0.79404736 0.79155415
 0.7949637  0.79341984 0.7951723  0.7899555  0.8006165  0.796966
 0.7954531  0.79217464 0.7938989  0.79158616 0.79480845 0.79682106
 0.79470897 0.7915358  0.797874   0.7958354  0.79444325 0.7934935
 0.79405445 0.8019733  0.7962014  0.7965784  0.79690367 0.796436
 0.7989795  0.79532063 0.791891   0.799577   0.7942706  0.7943041
 0.78920317 0.7979377  0.7934237  0.7922519  0.79159445 0.798046
 0.7943721  0.7970309  0.7967047  0.7928445  0.79271996 0.7962773
 0.7906056  0.7975753  0.79102856 0.7964799  0.7936942  0.79837304
 0.7912981  0.79588586 0.79321057 0.7949079  0.79742616 0.8004011
 0.7919478  0.79009956 0.79504263 0.79209995 0.79142994 0.7948535
 0.7916681  0.79392254 0.7914578  0.7951476  0.7979489  0.78681135
 0.79377544 0.79265314 0.791703   0.7937994  0.7927919  0.7886235
 0.794205   0.7938757  0.79509467 0.79268146 0.79444814 0.7939961
 0.8009166  0.79441166 0.7915824  0.7932903  0.79484206 0.7927633
 0.79578215 0.7934012  0.7988581  0.79110646 0.797815   0.7947751
 0.7932086  0.79015213 0.79923564 0.7936731  0.79210615 0.79465055
 0.7969105  0.797413   0.79084516 0.7920431  0.79332685 0.7995988
 0.7923229  0.79595196]
[nltk_data] Downloading package wordnet to /mnt/iusers01/fse-
[nltk_data]     ugpgt01/compsci01/q12628ct/nltk_data...
[nltk_data]   Package wordnet is already up-to-date!
[nltk_data] Downloading package punkt_tab to /mnt/iusers01/fse-
[nltk_data]     ugpgt01/compsci01/q12628ct/nltk_data...
[nltk_data]   Package punkt_tab is already up-to-date!
[nltk_data] Downloading package omw-1.4 to /mnt/iusers01/fse-
[nltk_data]     ugpgt01/compsci01/q12628ct/nltk_data...
[nltk_data]   Package omw-1.4 is already up-to-date!
/mnt/iusers01/fse-ugpgt01/compsci01/q12628ct/.conda/envs/semantic-decoding/lib/python3.10/site-packages/huggingface_hub/file_download.py:945: FutureWarning: `resume_download` is deprecated and will be removed in version 1.0.0. Downloads always resume when possible. If you want to force a new download, use `force_download=True`.
  warnings.warn(
Some weights of the model checkpoint at roberta-large were not used when initializing RobertaModel: ['lm_head.dense.bias', 'lm_head.layer_norm.weight', 'lm_head.layer_norm.bias', 'lm_head.bias', 'lm_head.dense.weight']
- This IS expected if you are initializing RobertaModel from the checkpoint of a model trained on another task or with another architecture (e.g. initializing a BertForSequenceClassification model from a BertForPreTraining model).
- This IS NOT expected if you are initializing RobertaModel from the checkpoint of a model that you expect to be exactly identical (initializing a BertForSequenceClassification model from a BertForSequenceClassification model).
Some weights of RobertaModel were not initialized from the model checkpoint at roberta-large and are newly initialized: ['roberta.pooler.dense.weight', 'roberta.pooler.dense.bias']
You should probably TRAIN this model on a down-stream task to be able to use it for predictions and inference.
alpha_repeat-2
WER
[-0.19964648 -0.15155166 -0.1890268  -0.15637419 -0.18837788 -0.18165207
 -0.17520257 -0.19243119 -0.17157077 -0.18000438 -0.18804005 -0.18247371
 -0.16769023 -0.16610896 -0.1819856  -0.15186395 -0.17404227 -0.19135512
 -0.17365523 -0.16941569 -0.18105155 -0.17079977 -0.18090309 -0.16766821
 -0.17427516 -0.16631293 -0.20833133 -0.19459868 -0.19875513 -0.17077764
 -0.17052121 -0.19722117 -0.20137173 -0.15574409 -0.16142399 -0.14636293
 -0.16601327 -0.17719116 -0.17966585 -0.19259408 -0.20484721 -0.18574166
 -0.17427101 -0.15127963 -0.19183503 -0.18532285 -0.19646696 -0.1887579
 -0.18724292 -0.18897852 -0.17594207 -0.16269599 -0.1551578  -0.20364574
 -0.17172086 -0.20430968 -0.16270925 -0.18228724 -0.17563278 -0.19488424
 -0.17329609 -0.16047892 -0.20013482 -0.13320249 -0.1575174  -0.20421359
 -0.19758411 -0.18290158 -0.1866778  -0.18948319 -0.1631424  -0.14906892
 -0.19189808 -0.1736722  -0.17632644 -0.16628904 -0.19219277 -0.15767435
 -0.15482732 -0.17773826 -0.17204857 -0.19050623 -0.18991605 -0.17198706
 -0.20578308 -0.18346251 -0.17994022 -0.16689857 -0.15012064 -0.18825427
 -0.15115712 -0.16565031 -0.16185329 -0.17182309 -0.18055664 -0.14488436
 -0.16695333 -0.21107311 -0.16847489 -0.15717017 -0.14462353 -0.18789901
 -0.17286959 -0.15420653 -0.19454858 -0.17107138 -0.18201686 -0.16171012
 -0.18973027 -0.17907064 -0.18580563 -0.16397914 -0.20117792 -0.18898561
 -0.17742249 -0.18544188 -0.16875804 -0.15233698 -0.16247863 -0.17801609
 -0.16650213 -0.18412119 -0.17188928 -0.16232407 -0.18040079 -0.17388716
 -0.1649267  -0.18423203 -0.17053375 -0.18993559 -0.14948856 -0.16452167
 -0.17063495 -0.18882388 -0.17037826 -0.1530962  -0.18615579 -0.14197803
 -0.14661157 -0.11639598 -0.17366463 -0.19344623 -0.15469282 -0.21130707
 -0.18496773 -0.21072619 -0.16584975 -0.18861713 -0.16356977 -0.1834141
 -0.17924272 -0.16118652 -0.21821674 -0.18371995 -0.15902488 -0.19453764
 -0.14909682 -0.18404857 -0.18347944 -0.19831339 -0.17757727 -0.18926731
 -0.21358196 -0.21855575 -0.16906824 -0.17568442 -0.18233023 -0.20482557
 -0.15327176 -0.18479569 -0.19121059 -0.20084295 -0.20365038 -0.19467351
 -0.1849007  -0.17170164 -0.17817711 -0.17186999 -0.18728661 -0.14436651
 -0.21115495 -0.14513586 -0.17797144 -0.20810068 -0.17991635 -0.17065866
 -0.1660387  -0.17857233 -0.15776664 -0.19551558 -0.17815455 -0.18689833
 -0.21083046 -0.18174005 -0.20220082 -0.15167144 -0.15444672 -0.17526486
 -0.19049524 -0.1726571 ]
alpha_repeat-2
BLEU
[0.12877909 0.20184229 0.15206905 0.21936388 0.18027927 0.21815817
 0.20299303 0.21646764 0.19415981 0.20397598 0.11762534 0.20027635
 0.1750538  0.22297371 0.17346761 0.20706244 0.19898307 0.18698649
 0.19828431 0.19523285 0.2021613  0.21581861 0.17038549 0.16630672
 0.18108642 0.25252465 0.11855896 0.17165538 0.17143647 0.17829095
 0.18008158 0.16256869 0.14406372 0.21893593 0.19208548 0.19904652
 0.18744839 0.23092082 0.18307868 0.21178226 0.13505818 0.18716764
 0.22117819 0.20453102 0.1666894  0.12067113 0.15439822 0.12364852
 0.2066639  0.13076448 0.16351352 0.21805517 0.22077069 0.22038041
 0.17864192 0.16649281 0.210449   0.17591996 0.18913674 0.14300582
 0.18589619 0.22954602 0.19882496 0.23920398 0.23205407 0.17162169
 0.16177441 0.18835682 0.1515279  0.12749794 0.21534006 0.23263597
 0.15185429 0.20759181 0.22274823 0.17276474 0.14148065 0.21381821
 0.20493728 0.18933703 0.23121943 0.16546389 0.18355793 0.21448688
 0.12096411 0.19536774 0.18227566 0.21615348 0.23377273 0.15044113
 0.22701353 0.18264798 0.23177325 0.21755049 0.17936125 0.21620096
 0.20828738 0.13771791 0.17129203 0.20962986 0.21813068 0.16633362
 0.16466273 0.21163458 0.19537888 0.18534849 0.20328508 0.22321059
 0.20954256 0.20196589 0.17196556 0.19823522 0.1541761  0.14689981
 0.14142383 0.17078973 0.22400237 0.21908947 0.22892321 0.16513515
 0.18571479 0.20295332 0.22062166 0.1797517  0.18411591 0.20830583
 0.20963778 0.17806623 0.2211339  0.17082435 0.19720867 0.1899586
 0.17985481 0.14815956 0.19152743 0.20951628 0.15535569 0.2439765
 0.22158484 0.22760222 0.17832378 0.17757804 0.20807611 0.1227712
 0.14059301 0.13574942 0.17880406 0.16829754 0.22441248 0.19634901
 0.18654975 0.24452003 0.1273094  0.20715288 0.21895963 0.18319155
 0.19803914 0.18214953 0.16080097 0.11128135 0.1796197  0.16361206
 0.11765361 0.14505257 0.20906006 0.1602947  0.19299345 0.14081032
 0.19626767 0.15210783 0.14116203 0.16110699 0.13590322 0.16570817
 0.13149578 0.18639718 0.1748635  0.23050499 0.16759859 0.25776827
 0.13779473 0.21615724 0.17113401 0.14382852 0.20851014 0.22392274
 0.18876293 0.21594786 0.20638528 0.14481259 0.15166592 0.21677151
 0.13820596 0.20721754 0.15256127 0.24377728 0.23768518 0.20232134
 0.17189124 0.22014237]
alpha_repeat-2
METEOR
[0.09981028 0.14530513 0.11911303 0.16256491 0.135259   0.15178161
 0.14218812 0.15313836 0.14792506 0.13312558 0.1064702  0.14587527
 0.13353038 0.16766465 0.12096    0.15740531 0.17830927 0.13752556
 0.14536931 0.14047932 0.1337139  0.1580137  0.13698063 0.13070419
 0.1357133  0.17746032 0.08920705 0.13045038 0.1368614  0.13692502
 0.14347896 0.12222868 0.09996936 0.14495844 0.12931052 0.15116883
 0.13786045 0.16208077 0.13449353 0.18360804 0.11436088 0.12743877
 0.15024852 0.14675127 0.12266135 0.09338106 0.13580267 0.08704344
 0.14272512 0.10235032 0.11495595 0.14078458 0.18462607 0.16775771
 0.12254829 0.14044065 0.15077366 0.13930214 0.13064697 0.1141365
 0.14338911 0.16399745 0.15038065 0.18238952 0.19852543 0.14198824
 0.12440986 0.13410421 0.11610084 0.10293505 0.15675732 0.1759713
 0.10837612 0.15725689 0.15591527 0.12514513 0.10586755 0.15183123
 0.14852397 0.14797929 0.15440018 0.11092185 0.15420952 0.15502375
 0.11157132 0.15197459 0.15238849 0.15188858 0.17173872 0.11399717
 0.15708497 0.14856144 0.17574908 0.16997279 0.14896852 0.15560912
 0.15254491 0.10414728 0.13123734 0.16305787 0.14791307 0.12737092
 0.12141155 0.16864049 0.14542606 0.13144318 0.14187243 0.15566724
 0.14437401 0.16272168 0.1315739  0.13878393 0.11683271 0.11514325
 0.11991554 0.1303466  0.15279979 0.17718727 0.17501282 0.13344166
 0.14958765 0.13791102 0.15482335 0.1343732  0.12405503 0.14529644
 0.13851141 0.13698953 0.18185447 0.12582472 0.13806772 0.13325825
 0.13711225 0.10547699 0.14390507 0.15654505 0.134407   0.17345388
 0.17673688 0.17640371 0.12939379 0.138347   0.14486286 0.08749308
 0.1242249  0.09351681 0.14400975 0.120769   0.17076929 0.14914035
 0.15457921 0.17107121 0.09231662 0.1478602  0.14469217 0.13203007
 0.13290538 0.13431811 0.13892237 0.08117298 0.14161237 0.11952054
 0.0899491  0.11236818 0.14264771 0.12024178 0.15874577 0.10969363
 0.15257811 0.11999698 0.10569667 0.1292373  0.12768077 0.1103408
 0.10339313 0.13741531 0.13794789 0.16562635 0.14161442 0.19549777
 0.09801833 0.17079636 0.12863665 0.1216662  0.14548449 0.14998555
 0.1474744  0.16951207 0.14997698 0.11857087 0.11886984 0.16263614
 0.0901986  0.17070825 0.11220037 0.1780643  0.15910688 0.14993064
 0.11987293 0.16127591]
alpha_repeat-2
BERT
[0.7907076  0.7977371  0.79570276 0.79340905 0.7938118  0.7955196
 0.79152846 0.7885641  0.7980259  0.79345673 0.79236156 0.79416823
 0.7883073  0.7922894  0.7905829  0.79846674 0.7955193  0.7911956
 0.79785293 0.79524875 0.795105   0.79733014 0.788959   0.79301506
 0.79206103 0.8006741  0.79343104 0.7927561  0.79055005 0.7967193
 0.79572016 0.7956407  0.79157305 0.7995901  0.79562044 0.7930764
 0.79483634 0.79844266 0.7927125  0.79765713 0.79028815 0.7910558
 0.7969465  0.7919948  0.7903895  0.78867227 0.78986555 0.7905681
 0.7975615  0.7891215  0.78764975 0.7949644  0.79500085 0.8015374
 0.79673237 0.7981347  0.79500717 0.79226536 0.79499424 0.7903142
 0.7919371  0.7971536  0.79162055 0.7952934  0.79553574 0.79459196
 0.79565346 0.79297656 0.79331505 0.7903141  0.7944391  0.79770184
 0.7914343  0.79105663 0.79884964 0.7962612  0.7894261  0.7995242
 0.79481536 0.7927783  0.79360616 0.79347706 0.7918079  0.79618675
 0.7901809  0.7925355  0.7940258  0.7965794  0.7998941  0.7981954
 0.7974456  0.79852515 0.79629433 0.7949531  0.79433376 0.79375553
 0.799584   0.78964996 0.79325885 0.7945893  0.79537636 0.79769254
 0.7898264  0.796643   0.7965567  0.79619735 0.795951   0.7933232
 0.7974694  0.79410124 0.79377437 0.79492056 0.79529536 0.79076403
 0.7886587  0.79428494 0.7969953  0.8013423  0.7911966  0.79424834
 0.7902351  0.79326016 0.79527164 0.79411185 0.791682   0.7927138
 0.7970485  0.79314643 0.79826355 0.78862476 0.79497427 0.79301405
 0.7955127  0.78883094 0.7936896  0.79453754 0.79339117 0.7948703
 0.79871655 0.7956306  0.7919453  0.79491425 0.79120135 0.78662723
 0.79195887 0.78759646 0.79196864 0.7906446  0.7923655  0.7956087
 0.795502   0.7997163  0.7923577  0.79389626 0.7966197  0.7950572
 0.7938954  0.79659075 0.7952307  0.7929679  0.79665077 0.7915787
 0.7926135  0.7889597  0.79619586 0.7911521  0.79821044 0.7944256
 0.79566145 0.7980397  0.7917125  0.79468125 0.79356796 0.7951123
 0.79282117 0.7934013  0.7953481  0.7986764  0.7911637  0.79477245
 0.79174227 0.7964231  0.7985445  0.7887744  0.79116493 0.7945099
 0.79255843 0.7942928  0.79230165 0.79569525 0.79434747 0.79942924
 0.78875315 0.79569525 0.7942085  0.79720235 0.7976449  0.7906054
 0.79391533 0.7938989 ]
[nltk_data] Downloading package wordnet to /mnt/iusers01/fse-
[nltk_data]     ugpgt01/compsci01/q12628ct/nltk_data...
[nltk_data]   Package wordnet is already up-to-date!
[nltk_data] Downloading package punkt_tab to /mnt/iusers01/fse-
[nltk_data]     ugpgt01/compsci01/q12628ct/nltk_data...
[nltk_data]   Package punkt_tab is already up-to-date!
[nltk_data] Downloading package omw-1.4 to /mnt/iusers01/fse-
[nltk_data]     ugpgt01/compsci01/q12628ct/nltk_data...
[nltk_data]   Package omw-1.4 is already up-to-date!
/mnt/iusers01/fse-ugpgt01/compsci01/q12628ct/.conda/envs/semantic-decoding/lib/python3.10/site-packages/huggingface_hub/file_download.py:945: FutureWarning: `resume_download` is deprecated and will be removed in version 1.0.0. Downloads always resume when possible. If you want to force a new download, use `force_download=True`.
  warnings.warn(
Some weights of the model checkpoint at roberta-large were not used when initializing RobertaModel: ['lm_head.dense.bias', 'lm_head.layer_norm.bias', 'lm_head.bias', 'lm_head.layer_norm.weight', 'lm_head.dense.weight']
- This IS expected if you are initializing RobertaModel from the checkpoint of a model trained on another task or with another architecture (e.g. initializing a BertForSequenceClassification model from a BertForPreTraining model).
- This IS NOT expected if you are initializing RobertaModel from the checkpoint of a model that you expect to be exactly identical (initializing a BertForSequenceClassification model from a BertForSequenceClassification model).
Some weights of RobertaModel were not initialized from the model checkpoint at roberta-large and are newly initialized: ['roberta.pooler.dense.bias', 'roberta.pooler.dense.weight']
You should probably TRAIN this model on a down-stream task to be able to use it for predictions and inference.
bravo_repeat-1
WER
[-0.0993307  -0.09192052 -0.09550845 -0.10096617 -0.10724856 -0.08270909
 -0.09814373 -0.06944993 -0.09126481 -0.07201202 -0.07531011 -0.08526234
 -0.06127722 -0.08712875 -0.06725041 -0.08157434 -0.09741209 -0.08671572
 -0.10578408 -0.09973497 -0.06460693 -0.06999356 -0.08375998 -0.0988901
 -0.10743594 -0.07622502 -0.09408048 -0.07798472 -0.06402746 -0.08401968
 -0.08508041 -0.10844507 -0.10520651 -0.09585487 -0.08222229 -0.09649478
 -0.08832564 -0.11125928 -0.09482325 -0.08230452 -0.08103622 -0.07686192
 -0.10681371 -0.11112469 -0.06810403 -0.08885822 -0.07664809 -0.11117943
 -0.08269525 -0.11021508 -0.09627545 -0.104958   -0.07195546 -0.09058985
 -0.06824081 -0.08029958 -0.08629391 -0.09308356 -0.08928082 -0.10250184
 -0.06140468 -0.09397079 -0.09908615 -0.10344937 -0.06991011 -0.10087512
 -0.07165281 -0.08621467 -0.07251923 -0.08805067 -0.082035   -0.07490015
 -0.06923628 -0.08508831 -0.09806583 -0.09693277 -0.08785304 -0.0869066
 -0.08628965 -0.07273732 -0.10685442 -0.08849092 -0.08458579 -0.09864151
 -0.08278125 -0.0927323  -0.11849043 -0.08276461 -0.06888657 -0.11155983
 -0.07284198 -0.10158074 -0.08018881 -0.0993079  -0.10222117 -0.06466543
 -0.08275205 -0.09787846 -0.10365933 -0.11088716 -0.0873211  -0.08987627
 -0.09076835 -0.09382793 -0.09135755 -0.07628278 -0.07289969 -0.08178862
 -0.07180673 -0.10523657 -0.10239428 -0.08449116 -0.08266555 -0.07603515
 -0.09795307 -0.10296818 -0.10344642 -0.08866899 -0.063002   -0.10207561
 -0.10264304 -0.08148678 -0.09581056 -0.11035424 -0.09045107 -0.08375639
 -0.09802446 -0.10130364 -0.11250776 -0.09866098 -0.08767984 -0.09222934
 -0.06544743 -0.08643046 -0.08941652 -0.09476215 -0.09772698 -0.11040665
 -0.08606782 -0.0878596  -0.09518245 -0.10676801 -0.05792453 -0.08885301
 -0.07976219 -0.10536845 -0.08650889 -0.09745435 -0.09396617 -0.09232243
 -0.05687002 -0.09209073 -0.08805479 -0.07770364 -0.08097041 -0.09399672
 -0.08624073 -0.08097187 -0.08319734 -0.07650332 -0.09760773 -0.0491092
 -0.11041027 -0.07989972 -0.10253777 -0.09031291 -0.10922622 -0.09209472
 -0.10196694 -0.1023468  -0.09842006 -0.07165156 -0.10382336 -0.08416971
 -0.09661722 -0.08966228 -0.09455374 -0.07039477 -0.10984621 -0.08184195
 -0.08618526 -0.07050479 -0.09466518 -0.10133487 -0.06691758 -0.08662035
 -0.09368931 -0.08840456 -0.08800139 -0.09845599 -0.07615682 -0.08467185
 -0.07177298 -0.10512602 -0.10102981 -0.07987098 -0.09502211 -0.07928424
 -0.10093209 -0.07883904]
bravo_repeat-1
BLEU
[0.17865321 0.20334185 0.21252189 0.2328907  0.20455177 0.25070661
 0.22181762 0.24046209 0.19017457 0.21937845 0.1928172  0.21878105
 0.1959414  0.21117938 0.2540648  0.24074652 0.16695831 0.24027834
 0.13033498 0.20779517 0.27469704 0.24816613 0.22707405 0.16238163
 0.16209426 0.1923903  0.20207338 0.22152814 0.21930084 0.2240006
 0.23973929 0.19197345 0.2533441  0.21261342 0.17738939 0.20501136
 0.23233873 0.14711512 0.23688092 0.24451536 0.20584492 0.21426377
 0.15033584 0.16087463 0.23876854 0.20334572 0.20938963 0.18244866
 0.25356381 0.18845314 0.21251949 0.17614234 0.24703138 0.19023313
 0.25209475 0.23251114 0.24055117 0.21109935 0.18600859 0.1699467
 0.23096331 0.19602047 0.20861424 0.16630949 0.25821621 0.24026044
 0.23311759 0.20177195 0.23541293 0.18913616 0.22818492 0.22357855
 0.23955321 0.17279811 0.17426185 0.25740922 0.25276657 0.19686412
 0.21762066 0.22015691 0.18373724 0.24066504 0.15669439 0.15335453
 0.24786912 0.2198195  0.2281385  0.20347668 0.26287843 0.20124875
 0.24884514 0.21359623 0.2343775  0.17238436 0.24139131 0.2371829
 0.21832126 0.24472197 0.19480011 0.14887122 0.21347812 0.22579671
 0.20556413 0.23618803 0.2692563  0.22741978 0.23053028 0.23348041
 0.25636208 0.21438998 0.19740389 0.21342713 0.24332375 0.22622397
 0.18470511 0.16121134 0.20566073 0.20579191 0.22220648 0.17505364
 0.23068775 0.24667247 0.242299   0.15853595 0.20096782 0.17766829
 0.18262514 0.15259241 0.17059179 0.15304608 0.22445634 0.19276986
 0.24971415 0.23251429 0.24974285 0.22887184 0.21614062 0.14176957
 0.24098416 0.20696446 0.17126944 0.18613697 0.21980589 0.23375819
 0.25500011 0.18854893 0.20665842 0.23943754 0.13643718 0.21634054
 0.27497704 0.22990985 0.23053605 0.23329573 0.18915459 0.18180803
 0.21313841 0.20090368 0.19600616 0.26268711 0.22872627 0.24303702
 0.15047396 0.20542322 0.1816468  0.20412444 0.15671529 0.20031066
 0.25879719 0.21085985 0.19210798 0.21815879 0.20203436 0.21747515
 0.21315424 0.2109636  0.18484681 0.19993375 0.17922148 0.2089572
 0.24368149 0.24387943 0.18651748 0.17180844 0.21885515 0.21780828
 0.20248414 0.21308147 0.24238326 0.21360732 0.22234594 0.20749764
 0.20403686 0.17606114 0.22673834 0.21933653 0.21566292 0.1929763
 0.26291252 0.27322246]
bravo_repeat-1
METEOR
[0.13231127 0.13296593 0.14219961 0.16927332 0.15754395 0.17616632
 0.15026622 0.15348364 0.13828411 0.15603421 0.13977537 0.1430487
 0.13208133 0.14231895 0.17642467 0.16834854 0.11865139 0.16274784
 0.10017562 0.15253596 0.1936949  0.18662303 0.15445192 0.11764915
 0.12872049 0.14269093 0.14583121 0.1552143  0.14311421 0.17611965
 0.17478228 0.13541364 0.18659667 0.14581293 0.13712984 0.13464994
 0.15696726 0.11540133 0.16117894 0.16814373 0.13806331 0.15269045
 0.11275303 0.1260954  0.17765051 0.13484004 0.16057796 0.12918649
 0.17667162 0.12855763 0.14757807 0.14371117 0.18420045 0.13996858
 0.1776034  0.16877262 0.15565664 0.1498514  0.12721665 0.13028727
 0.17085571 0.13982378 0.15549689 0.12344253 0.19538492 0.15819312
 0.16769021 0.15945941 0.15034447 0.13764126 0.17352764 0.18887692
 0.16546571 0.11129967 0.11789532 0.17375727 0.19568293 0.14387854
 0.15491702 0.14357756 0.13737047 0.18058176 0.12121905 0.10573794
 0.17506828 0.16463163 0.16152498 0.14200661 0.18274343 0.16372742
 0.17603952 0.14472454 0.17741305 0.12606502 0.17636539 0.16402667
 0.15993295 0.17013676 0.14099668 0.10840325 0.15141554 0.16085259
 0.14202938 0.15293392 0.20090828 0.18107067 0.15234356 0.16846361
 0.17117778 0.14806154 0.14359078 0.14908612 0.17115207 0.1442645
 0.12102414 0.11710411 0.1486169  0.14830045 0.16829554 0.1197443
 0.15625129 0.16441593 0.16118486 0.10809438 0.1359584  0.1159421
 0.13642301 0.113477   0.12270791 0.10520405 0.15130446 0.12321129
 0.17277692 0.16070229 0.17106298 0.15888627 0.13984542 0.1000773
 0.16260242 0.14795694 0.13719627 0.12386969 0.15555097 0.16189603
 0.1903145  0.14274943 0.15203531 0.16853588 0.11635847 0.15273756
 0.19662595 0.16089622 0.1665624  0.18381807 0.12566046 0.13563935
 0.1651003  0.14224385 0.14236013 0.17949564 0.16252602 0.18196667
 0.11431887 0.15766903 0.13207634 0.14396502 0.12443177 0.14036513
 0.18290832 0.16360317 0.14893318 0.1609816  0.15546643 0.14114336
 0.14391067 0.14872645 0.13931761 0.14699462 0.13392297 0.14216675
 0.18518541 0.18892268 0.15257987 0.14638116 0.15002029 0.15430267
 0.15512951 0.15681664 0.17039095 0.1526753  0.16220624 0.16835478
 0.14919054 0.12028084 0.16983185 0.1484026  0.15795251 0.15334794
 0.19423318 0.1833369 ]
bravo_repeat-1
BERT
[0.802062   0.8043669  0.80468965 0.8067289  0.8024819  0.8065275
 0.8082022  0.8085805  0.8028505  0.8100093  0.80702543 0.8022653
 0.80070645 0.8022511  0.8104751  0.8078101  0.8035086  0.8011762
 0.80067277 0.80567896 0.8055105  0.80958927 0.804681   0.8015848
 0.80260795 0.8040656  0.8040683  0.8122244  0.80198026 0.80587834
 0.8057573  0.8059447  0.80654323 0.8094435  0.80948454 0.8081517
 0.80666953 0.80155635 0.8060598  0.8080451  0.80789006 0.8104048
 0.80069983 0.8010174  0.8074641  0.8067556  0.80661875 0.8052632
 0.81009257 0.80018365 0.80228704 0.80125076 0.80741847 0.80529654
 0.8033636  0.80768234 0.80556077 0.80288035 0.8045148  0.802948
 0.80812323 0.79922813 0.80838126 0.8057402  0.8109062  0.8145976
 0.80709624 0.8041917  0.804214   0.80852294 0.805239   0.80702007
 0.8102815  0.80235076 0.80547845 0.8119252  0.81435794 0.80484325
 0.80630994 0.80444914 0.8062684  0.8091195  0.80619633 0.8015898
 0.80968773 0.80559206 0.8078127  0.80376005 0.8069758  0.8032515
 0.8096601  0.8030054  0.8082295  0.80420315 0.8110026  0.80415565
 0.8052428  0.81071025 0.80088246 0.80056    0.8072104  0.8061674
 0.8046132  0.8029813  0.81531686 0.81064445 0.8021864  0.81072235
 0.80544186 0.8051035  0.80336946 0.80573624 0.8038857  0.80272853
 0.8032895  0.800697   0.8108079  0.80382884 0.8068882  0.8060303
 0.8079998  0.8076945  0.80852795 0.80346197 0.8017082  0.8000032
 0.80221    0.80214936 0.8022634  0.801079   0.8021419  0.8070946
 0.80753857 0.80411    0.80585796 0.80593324 0.80352366 0.80201155
 0.8120521  0.8062777  0.8019316  0.805619   0.8097976  0.80838215
 0.80740535 0.8056561  0.8067484  0.8059596  0.80397767 0.8081693
 0.8119631  0.80827296 0.8090863  0.80543315 0.7981884  0.79971343
 0.8074447  0.8049204  0.80277884 0.80265856 0.8032852  0.8104709
 0.80515605 0.8051703  0.8022483  0.81132376 0.8011823  0.8073686
 0.8041841  0.8035013  0.7988781  0.80801105 0.80613595 0.80482453
 0.8056556  0.8095837  0.80018085 0.8023528  0.7990671  0.804727
 0.81429625 0.807661   0.8071548  0.80473214 0.805024   0.8011075
 0.80629134 0.80927056 0.80651325 0.8004732  0.81154764 0.8039269
 0.805432   0.80228144 0.8012193  0.80358607 0.8102586  0.812207
 0.8091826  0.8080408 ]
[nltk_data] Downloading package wordnet to /mnt/iusers01/fse-
[nltk_data]     ugpgt01/compsci01/q12628ct/nltk_data...
[nltk_data]   Package wordnet is already up-to-date!
[nltk_data] Downloading package punkt_tab to /mnt/iusers01/fse-
[nltk_data]     ugpgt01/compsci01/q12628ct/nltk_data...
[nltk_data]   Package punkt_tab is already up-to-date!
[nltk_data] Downloading package omw-1.4 to /mnt/iusers01/fse-
[nltk_data]     ugpgt01/compsci01/q12628ct/nltk_data...
[nltk_data]   Package omw-1.4 is already up-to-date!
/mnt/iusers01/fse-ugpgt01/compsci01/q12628ct/.conda/envs/semantic-decoding/lib/python3.10/site-packages/huggingface_hub/file_download.py:945: FutureWarning: `resume_download` is deprecated and will be removed in version 1.0.0. Downloads always resume when possible. If you want to force a new download, use `force_download=True`.
  warnings.warn(
Some weights of the model checkpoint at roberta-large were not used when initializing RobertaModel: ['lm_head.bias', 'lm_head.layer_norm.weight', 'lm_head.layer_norm.bias', 'lm_head.dense.weight', 'lm_head.dense.bias']
- This IS expected if you are initializing RobertaModel from the checkpoint of a model trained on another task or with another architecture (e.g. initializing a BertForSequenceClassification model from a BertForPreTraining model).
- This IS NOT expected if you are initializing RobertaModel from the checkpoint of a model that you expect to be exactly identical (initializing a BertForSequenceClassification model from a BertForSequenceClassification model).
Some weights of RobertaModel were not initialized from the model checkpoint at roberta-large and are newly initialized: ['roberta.pooler.dense.bias', 'roberta.pooler.dense.weight']
You should probably TRAIN this model on a down-stream task to be able to use it for predictions and inference.
bravo_repeat-2
WER
[-0.04039615 -0.02012715 -0.04145031 -0.04771236 -0.0244051  -0.04051379
 -0.03665655 -0.04997059 -0.0445921  -0.04576993 -0.03056894 -0.04740345
 -0.03149551 -0.02038193 -0.01897853 -0.03454843 -0.0398193  -0.04128388
 -0.04018452 -0.02742986 -0.02935563 -0.02305604 -0.03777456 -0.02692648
 -0.0225536  -0.04471474 -0.04845881 -0.02453365 -0.05289591 -0.02310181
 -0.03415964 -0.00926465 -0.04516345 -0.03610495 -0.01743449 -0.02714932
 -0.05409766  0.01036759 -0.02374675 -0.04549891 -0.03245867 -0.02495148
 -0.0561992  -0.05095056 -0.0351706  -0.04937136 -0.0382075  -0.05215459
 -0.03741609 -0.04971889 -0.05582105 -0.04331147 -0.04051558 -0.034838
 -0.05238319 -0.04213811 -0.0322563  -0.03136848 -0.03464648 -0.03745782
 -0.02647781 -0.04414347 -0.03033799 -0.0393203  -0.03437022 -0.02589512
 -0.03404513 -0.0341364  -0.03779075 -0.04148265 -0.04967419 -0.02834044
 -0.03794688 -0.04936471 -0.03726227 -0.03557025 -0.0470564  -0.01064565
 -0.03055605 -0.04436926 -0.00417554 -0.03220098 -0.02442088 -0.04825997
 -0.03509838 -0.0287398  -0.03633955 -0.06052008 -0.03955141 -0.03188857
 -0.03869397 -0.02765621 -0.04660329 -0.05470187 -0.05927845 -0.03491845
 -0.04906824 -0.03909478 -0.05397134 -0.04882406 -0.03404752 -0.03214594
 -0.03433827 -0.03567476 -0.0199971  -0.03507676 -0.03153488 -0.03930552
 -0.04187913 -0.03162852 -0.01714077 -0.05052642 -0.0182764  -0.03619937
 -0.03449585 -0.04735373 -0.03130284 -0.02419309 -0.03195712 -0.04597852
 -0.02332966 -0.04250904 -0.04811689 -0.03940446 -0.01734679 -0.02824116
 -0.03739669 -0.04014635 -0.0286292  -0.03795046 -0.01584246 -0.05795649
 -0.01408167 -0.05148246 -0.00931208  0.00047903 -0.05151548 -0.04425922
 -0.03906072 -0.04544258 -0.03861877 -0.04019578 -0.03972503 -0.05435939
 -0.05057164 -0.03572944 -0.0339528  -0.03557719 -0.04545769 -0.05721605
 -0.03400204 -0.04470575 -0.0472854  -0.03142408 -0.0138405  -0.02948439
 -0.03815781 -0.04455752 -0.04059867 -0.03304399 -0.02762     0.01037735
 -0.02239514 -0.04272466 -0.03675235 -0.02721883 -0.03864826 -0.04681684
 -0.04364578 -0.01732266 -0.04901199 -0.04322166 -0.00930793 -0.04362788
 -0.03206105 -0.06219163 -0.04241742 -0.03393334 -0.05082807 -0.04399159
 -0.05564744 -0.02067094 -0.05261332 -0.04627582 -0.05403799 -0.04620345
 -0.04458005 -0.04144436 -0.05678152 -0.02014316 -0.02818368 -0.04208758
 -0.03510028 -0.03267805 -0.03851827 -0.04442467 -0.06199746 -0.04376833
 -0.03869651 -0.04081197]
bravo_repeat-2
BLEU
[0.17114964 0.26645356 0.21901239 0.22246767 0.1903071  0.20828037
 0.21644921 0.17529858 0.2211959  0.18670805 0.19778538 0.17589544
 0.23003819 0.22044311 0.22565938 0.18432489 0.21515558 0.16304636
 0.15660793 0.24449775 0.19244685 0.23239874 0.24202565 0.2458473
 0.28681366 0.16369223 0.1527396  0.22580416 0.18096114 0.20710892
 0.22405592 0.23233657 0.19077393 0.24517294 0.23668007 0.22739574
 0.16026467 0.2864858  0.26885852 0.1994171  0.24339604 0.20330059
 0.14424163 0.17312209 0.25254717 0.19268347 0.22712759 0.19278366
 0.19805869 0.20730834 0.21223736 0.2202119  0.23472343 0.24751254
 0.18045937 0.20113915 0.23654206 0.24090818 0.20935632 0.21004286
 0.24045928 0.18688303 0.19963965 0.18676598 0.20266475 0.22893876
 0.22874546 0.197285   0.15340181 0.17738279 0.25166272 0.24622559
 0.20508306 0.1849796  0.25004474 0.22926979 0.24010472 0.26035427
 0.25383185 0.17476442 0.22697616 0.23607271 0.23973134 0.16656618
 0.22231767 0.29352724 0.21345589 0.15663913 0.20892086 0.22032819
 0.21062748 0.21372205 0.19980386 0.14770695 0.16637926 0.20423418
 0.17831898 0.22691314 0.17630933 0.20101409 0.21791941 0.2336194
 0.19650469 0.22868977 0.24976342 0.21083187 0.23452371 0.26039813
 0.1746636  0.23105967 0.22257243 0.21280947 0.2438224  0.20988569
 0.19997718 0.21979535 0.24647543 0.23889994 0.22944064 0.18464961
 0.18680275 0.21233998 0.16870122 0.20146778 0.22717904 0.20179659
 0.23138551 0.22880915 0.21597762 0.1799253  0.26139132 0.15610726
 0.25016829 0.15926576 0.26803136 0.23766671 0.21440283 0.18913166
 0.19151431 0.16644575 0.18330199 0.20962302 0.24012018 0.24273554
 0.20322847 0.220521   0.21913737 0.21915948 0.23408195 0.19354469
 0.19125063 0.19129295 0.19133934 0.19653497 0.22975105 0.17948905
 0.2023162  0.16290021 0.24347912 0.26017502 0.22452936 0.27533092
 0.2400027  0.17410107 0.20678604 0.20352912 0.23676136 0.18132635
 0.23168623 0.21583403 0.19083928 0.17850241 0.25852454 0.20004642
 0.20649212 0.15541425 0.23359911 0.20609739 0.17167545 0.20340649
 0.22757277 0.24389893 0.15586263 0.22544863 0.16710994 0.20531096
 0.23059362 0.20079989 0.12896304 0.23635322 0.2003783  0.19173293
 0.19581145 0.20816467 0.24545631 0.21428633 0.15875691 0.19196232
 0.23551873 0.20990281]
bravo_repeat-2
METEOR
[0.11838703 0.16480268 0.16261396 0.14838298 0.12537507 0.13630656
 0.14942276 0.12644365 0.14394737 0.11968719 0.14622002 0.11397261
 0.13209211 0.15866836 0.15727148 0.13559509 0.14479533 0.11676973
 0.12694758 0.15393809 0.13310278 0.15462544 0.17178417 0.16039432
 0.18674502 0.12734762 0.11593829 0.15769867 0.11078133 0.15076946
 0.15891272 0.1590191  0.12320569 0.16029831 0.15120712 0.16439882
 0.12383252 0.19507635 0.17728747 0.14447658 0.16633149 0.1321587
 0.10008639 0.12897051 0.16987308 0.11854865 0.14851168 0.11971303
 0.13398859 0.15149885 0.14214192 0.14716113 0.1495651  0.15985981
 0.12841197 0.15159925 0.15568113 0.16549647 0.16265628 0.15550582
 0.17008769 0.1226464  0.14918629 0.12993014 0.14901579 0.14290632
 0.16016796 0.15602705 0.12310499 0.11889572 0.18345013 0.16500377
 0.14156475 0.13399801 0.16255314 0.15449828 0.18383438 0.18182582
 0.16279296 0.12128738 0.14643059 0.16131747 0.17223935 0.12187728
 0.14222364 0.18489245 0.14006216 0.10939387 0.13817252 0.15614756
 0.15067828 0.15682326 0.12562284 0.10510821 0.11717264 0.13042639
 0.11695595 0.1494264  0.11384086 0.14995033 0.14745398 0.1757331
 0.14537346 0.14946838 0.18131107 0.14949225 0.1713693  0.17458516
 0.11887996 0.14860887 0.1543405  0.13658198 0.16933181 0.12858496
 0.13825052 0.14442707 0.16570619 0.15305859 0.14596612 0.12403041
 0.1288027  0.14200742 0.13155204 0.13338046 0.16404    0.14139954
 0.15661884 0.15884639 0.15107544 0.12982405 0.17552685 0.11871405
 0.16241095 0.11235884 0.1721206  0.1784957  0.15117386 0.13588325
 0.13389859 0.11162351 0.13843444 0.14516969 0.17737901 0.16158009
 0.14754234 0.15393813 0.16358568 0.14814379 0.15496472 0.13863785
 0.13464147 0.12630052 0.13714013 0.13275201 0.1640916  0.12696769
 0.14294109 0.1295084  0.17196162 0.17097579 0.15658563 0.17999541
 0.16686374 0.117302   0.15166345 0.14195152 0.14703625 0.11820085
 0.16372976 0.15073066 0.13238616 0.11847846 0.18960948 0.14712782
 0.13388622 0.11509762 0.16410554 0.14790346 0.11729571 0.15227709
 0.15453802 0.18750226 0.11190335 0.15371231 0.12393022 0.14880818
 0.14598074 0.17160257 0.08891683 0.15940564 0.12755686 0.11539345
 0.13315185 0.13984319 0.16666405 0.13387555 0.11126925 0.14392693
 0.15164947 0.17181944]
bravo_repeat-2
BERT
[0.8061274  0.81169343 0.80656713 0.8059707  0.8019069  0.8054658
 0.80245155 0.8099369  0.8109259  0.80022764 0.80119807 0.8023262
 0.8025551  0.80500066 0.8101402  0.80533653 0.80525625 0.7983407
 0.8084954  0.8088827  0.8013462  0.80500865 0.80462444 0.80689025
 0.81020766 0.80535424 0.80307055 0.80291486 0.8015072  0.8079355
 0.8100511  0.8063814  0.8044462  0.80337805 0.8034892  0.8005053
 0.8042118  0.8033202  0.81210905 0.8034696  0.8072999  0.804691
 0.79965276 0.7994511  0.8050821  0.8015535  0.80340874 0.8078454
 0.80846536 0.8062373  0.80413634 0.8117071  0.8091347  0.8026811
 0.80343413 0.80828315 0.8076515  0.8050468  0.80656564 0.80935323
 0.81029797 0.80230725 0.8032615  0.80253994 0.8065683  0.80582416
 0.8089802  0.8126758  0.8065657  0.80318165 0.80837715 0.80531806
 0.8052706  0.8027151  0.8052409  0.8065219  0.80471814 0.8071344
 0.8051969  0.8045379  0.8034165  0.8032369  0.80693483 0.79965293
 0.8081089  0.80968326 0.80570686 0.8039531  0.8082268  0.8099236
 0.80905885 0.8028611  0.8043375  0.8064073  0.802871   0.80106896
 0.80515236 0.8012476  0.80116916 0.80699885 0.80642605 0.80503094
 0.80213153 0.8056334  0.8230229  0.80966103 0.8060284  0.80931544
 0.80845493 0.803294   0.80673367 0.8042924  0.8088712  0.8021538
 0.8058931  0.8039605  0.80876994 0.80875695 0.8076959  0.8056684
 0.801247   0.8036446  0.80114496 0.80777156 0.8095393  0.80674213
 0.8035593  0.80802035 0.81100464 0.8004826  0.80807143 0.8011249
 0.80463547 0.8036125  0.81361586 0.8108272  0.8065673  0.8055815
 0.80348337 0.8030642  0.801397   0.80469996 0.8068963  0.80676454
 0.8027688  0.8031313  0.8025906  0.8033779  0.8076709  0.805194
 0.80497575 0.80043143 0.80945426 0.8042558  0.8064839  0.8052133
 0.8021203  0.7999911  0.8078748  0.80845875 0.8082736  0.80642235
 0.8064781  0.80029136 0.80312765 0.80514556 0.8087696  0.8029668
 0.8059973  0.8012033  0.80334973 0.8002112  0.80646205 0.80410945
 0.8062041  0.8032867  0.8073518  0.8064932  0.8062117  0.8059668
 0.7997285  0.80760837 0.8017034  0.80739164 0.803289   0.8062255
 0.8041806  0.8055571  0.7994146  0.8060107  0.8030757  0.8013649
 0.8026559  0.80360657 0.8026005  0.8033717  0.80521375 0.8086903
 0.80485135 0.808778  ]
[nltk_data] Downloading package wordnet to /mnt/iusers01/fse-
[nltk_data]     ugpgt01/compsci01/q12628ct/nltk_data...
[nltk_data]   Package wordnet is already up-to-date!
[nltk_data] Downloading package punkt_tab to /mnt/iusers01/fse-
[nltk_data]     ugpgt01/compsci01/q12628ct/nltk_data...
[nltk_data]   Package punkt_tab is already up-to-date!
[nltk_data] Downloading package omw-1.4 to /mnt/iusers01/fse-
[nltk_data]     ugpgt01/compsci01/q12628ct/nltk_data...
[nltk_data]   Package omw-1.4 is already up-to-date!
/mnt/iusers01/fse-ugpgt01/compsci01/q12628ct/.conda/envs/semantic-decoding/lib/python3.10/site-packages/huggingface_hub/file_download.py:945: FutureWarning: `resume_download` is deprecated and will be removed in version 1.0.0. Downloads always resume when possible. If you want to force a new download, use `force_download=True`.
  warnings.warn(
Some weights of the model checkpoint at roberta-large were not used when initializing RobertaModel: ['lm_head.layer_norm.bias', 'lm_head.bias', 'lm_head.layer_norm.weight', 'lm_head.dense.bias', 'lm_head.dense.weight']
- This IS expected if you are initializing RobertaModel from the checkpoint of a model trained on another task or with another architecture (e.g. initializing a BertForSequenceClassification model from a BertForPreTraining model).
- This IS NOT expected if you are initializing RobertaModel from the checkpoint of a model that you expect to be exactly identical (initializing a BertForSequenceClassification model from a BertForSequenceClassification model).
Some weights of RobertaModel were not initialized from the model checkpoint at roberta-large and are newly initialized: ['roberta.pooler.dense.bias', 'roberta.pooler.dense.weight']
You should probably TRAIN this model on a down-stream task to be able to use it for predictions and inference.
charlie_repeat-1
WER
[-0.0846178  -0.0777692  -0.09019446 -0.08926641 -0.09267247 -0.0965075
 -0.08287394 -0.11109771 -0.07675888 -0.10496377 -0.089779   -0.09372021
 -0.08179712 -0.09351536 -0.08409567 -0.0886561  -0.09293309 -0.09841713
 -0.08433025 -0.07878183 -0.09269056 -0.07521245 -0.0837854  -0.09838827
 -0.09886748 -0.07352349 -0.0724485  -0.09665327 -0.11832916 -0.08999887
 -0.0882639  -0.08959704 -0.10113486 -0.09773156 -0.09263693 -0.09395954
 -0.06133049 -0.08500181 -0.08537661 -0.09581679 -0.08349605 -0.08031405
 -0.0969225  -0.08922724 -0.09589201 -0.09325766 -0.09140207 -0.08550816
 -0.08462914 -0.09207307 -0.10439201 -0.10378101 -0.07919932 -0.09308573
 -0.07510092 -0.08837779 -0.09643468 -0.08478561 -0.1002713  -0.06902265
 -0.09229198 -0.07862123 -0.09571556 -0.08747235 -0.08979752 -0.10198661
 -0.08206278 -0.08781347 -0.10358693 -0.09699926 -0.10574146 -0.08754032
 -0.10734013 -0.10495223 -0.09823545 -0.06383065 -0.09897997 -0.1006458
 -0.10151225 -0.08139688 -0.10468375 -0.11910868 -0.10217304 -0.07473383
 -0.09964894 -0.08591958 -0.0949476  -0.08919348 -0.08119937 -0.101547
 -0.0949641  -0.11952677 -0.07520295 -0.09789517 -0.09098306 -0.09594069
 -0.09980282 -0.09395268 -0.10568329 -0.08239319 -0.08261782 -0.09096244
 -0.06863603 -0.08730096 -0.07853641 -0.08899752 -0.09541629 -0.09447952
 -0.08994827 -0.08080033 -0.07371528 -0.0935468  -0.09330901 -0.09196611
 -0.08004577 -0.0812584  -0.09304204 -0.09782447 -0.07769701 -0.08624569
 -0.10224403 -0.08528602 -0.10801416 -0.08086526 -0.10807789 -0.10101784
 -0.0950231  -0.07942509 -0.11032656 -0.08901273 -0.08207121 -0.07695994
 -0.09497011 -0.09894929 -0.08497336 -0.08809088 -0.09098867 -0.10224456
 -0.0873135  -0.07847134 -0.07489238 -0.08549341 -0.08585885 -0.09197069
 -0.0880649  -0.08435006 -0.09563773 -0.08850266 -0.08751392 -0.07975008
 -0.08837694 -0.07825785 -0.08696592 -0.08716044 -0.09360894 -0.08303447
 -0.09310134 -0.07484191 -0.08625249 -0.08249544 -0.0910335  -0.07403544
 -0.0976564  -0.0979693  -0.07511731 -0.08103453 -0.09552141 -0.08025493
 -0.10329727 -0.09163511 -0.07293116 -0.0985475  -0.09325504 -0.06192033
 -0.08106048 -0.09016294 -0.09321491 -0.09989806 -0.074645   -0.08398117
 -0.08422566 -0.09457428 -0.07625732 -0.06934456 -0.09350526 -0.09393666
 -0.0832138  -0.08918792 -0.10182397 -0.0855846  -0.0943499  -0.09481184
 -0.08686551 -0.075943   -0.10893426 -0.09430655 -0.09386946 -0.11053924
 -0.09935903 -0.1006872 ]
charlie_repeat-1
BLEU
[0.16975163 0.20163326 0.17484534 0.16695406 0.18579736 0.19235469
 0.21019103 0.15945384 0.1862827  0.14859642 0.19259107 0.18723372
 0.198256   0.17829073 0.23105561 0.20562158 0.18921781 0.1796447
 0.22155633 0.22039136 0.20029504 0.20919872 0.22588663 0.16365354
 0.17146299 0.20185432 0.22375693 0.20703276 0.15525282 0.19621521
 0.19589563 0.16708558 0.18639927 0.18831093 0.20737708 0.18034906
 0.19456588 0.20718078 0.16160807 0.17620008 0.19199676 0.20755213
 0.18290015 0.16951898 0.18905255 0.17633066 0.18884455 0.15627326
 0.15220425 0.17748727 0.14816905 0.16629952 0.19040064 0.18610806
 0.2184635  0.17822211 0.19955301 0.22890978 0.15273649 0.21932136
 0.21721093 0.17491071 0.20001722 0.2159896  0.17625684 0.18673059
 0.23627687 0.21819661 0.18254757 0.1691165  0.16781488 0.19900703
 0.18426043 0.1891383  0.20687741 0.20730338 0.19050792 0.15088083
 0.18681226 0.18402122 0.16023918 0.15410814 0.20691121 0.23167249
 0.19464384 0.23067806 0.17991453 0.18208271 0.2071068  0.18847298
 0.14322736 0.13393909 0.21487122 0.20307898 0.19057458 0.18484484
 0.18967147 0.20794925 0.15940989 0.20389032 0.20931614 0.17761944
 0.20347272 0.1978248  0.21400695 0.19230672 0.15898152 0.20294082
 0.20654583 0.1893024  0.17722255 0.18892076 0.21056565 0.20784144
 0.16520887 0.18315155 0.20444768 0.18833306 0.19236673 0.20493926
 0.16667449 0.1752986  0.1674195  0.17799996 0.17799633 0.13367849
 0.19358496 0.17427057 0.16905518 0.17753476 0.18208711 0.2017696
 0.19786111 0.13946151 0.2027951  0.19917423 0.1992721  0.16757257
 0.17940232 0.21916961 0.23322742 0.17804414 0.20195635 0.15874146
 0.17159808 0.21142851 0.19206672 0.17258937 0.19469266 0.20348011
 0.21791893 0.18586997 0.14381756 0.16803663 0.1710269  0.19993552
 0.17062517 0.21382149 0.19294672 0.2243378  0.18306916 0.19293465
 0.1463681  0.19260093 0.21987443 0.17840238 0.172197   0.18430182
 0.14691494 0.19887425 0.23753307 0.19188827 0.19243406 0.22583762
 0.19638204 0.22276934 0.16247226 0.18530189 0.21901297 0.18950293
 0.20108759 0.22040845 0.19134316 0.1893746  0.16997056 0.19493618
 0.22103693 0.21247449 0.18513257 0.21961316 0.19340319 0.14883596
 0.18872146 0.18175852 0.19752366 0.22342785 0.15573584 0.13940871
 0.17129628 0.18189296]
charlie_repeat-1
METEOR
[0.13392023 0.12817763 0.13634474 0.13217382 0.14587333 0.17147314
 0.15855322 0.13549566 0.1478772  0.12324716 0.13544607 0.13346579
 0.15492037 0.15310582 0.17929012 0.16897899 0.14575085 0.16062809
 0.17200765 0.15833153 0.13900238 0.14865139 0.17126824 0.11798773
 0.12918737 0.17542696 0.18160915 0.16027225 0.11506991 0.14206163
 0.13850149 0.13699023 0.13618953 0.14727091 0.1808458  0.1483165
 0.16824677 0.15052593 0.12988374 0.13997525 0.14848158 0.1497163
 0.13511574 0.1269482  0.16206581 0.13586793 0.13884568 0.120513
 0.14005469 0.13415272 0.12778367 0.1465325  0.14757935 0.14399329
 0.15108312 0.15030148 0.14039961 0.16560352 0.12084236 0.15234879
 0.1777504  0.13977184 0.15587301 0.19155905 0.13717047 0.15497329
 0.15391762 0.18153278 0.15401002 0.13337169 0.15338855 0.17198429
 0.12872675 0.13967691 0.17678502 0.1438627  0.14665838 0.13660255
 0.14174664 0.15418183 0.14526604 0.12476636 0.15545561 0.193514
 0.14238979 0.16414683 0.14102273 0.15645389 0.17857092 0.13597252
 0.10630265 0.10639488 0.16863017 0.16582911 0.15143203 0.15458233
 0.13255766 0.15299573 0.12841145 0.17845722 0.16305487 0.16729107
 0.16620025 0.1672893  0.17800526 0.16176586 0.11383477 0.15349281
 0.16806748 0.14813005 0.13086608 0.15855105 0.15227268 0.17870963
 0.13366591 0.15085317 0.15943488 0.13053378 0.14642207 0.15568973
 0.15278861 0.13318192 0.13104465 0.15681754 0.13872642 0.13938579
 0.13623918 0.12819157 0.11354649 0.11203463 0.15114917 0.14992121
 0.14757816 0.10741512 0.16211108 0.14314758 0.14548908 0.14766896
 0.13729649 0.16203247 0.16980978 0.14207987 0.1598236  0.14514559
 0.13848561 0.16213117 0.14439334 0.15379135 0.16492673 0.15550167
 0.15190863 0.12745354 0.12443527 0.13408337 0.13074458 0.1355523
 0.12556459 0.15383776 0.16264381 0.17701272 0.17065821 0.1465742
 0.11961817 0.14054793 0.16059332 0.15904711 0.12068015 0.12391477
 0.10470185 0.1556024  0.17922366 0.15334913 0.14147403 0.16294548
 0.15755571 0.16371103 0.13334401 0.14163169 0.1499762  0.15961733
 0.14462065 0.14695963 0.14034558 0.16346584 0.14606482 0.14129519
 0.1621087  0.15702453 0.14382114 0.16636548 0.15439968 0.11880626
 0.12963763 0.15668782 0.15095137 0.1709999  0.11590218 0.11842639
 0.16047766 0.15172471]
charlie_repeat-1
BERT
[0.7802203  0.79038703 0.7806008  0.7823445  0.7778853  0.793467
 0.7842887  0.7792388  0.78595763 0.7854427  0.78445137 0.7830689
 0.7808728  0.78430676 0.790975   0.78407633 0.7858334  0.78049755
 0.7890829  0.7891756  0.782677   0.7843744  0.78829575 0.7843762
 0.781703   0.7849989  0.78753626 0.78819114 0.78189236 0.7865841
 0.78780615 0.7817283  0.7847222  0.7892576  0.78412795 0.78227335
 0.7863109  0.783329   0.7894767  0.7818915  0.7859175  0.7860464
 0.7847965  0.7839866  0.7910548  0.78245    0.78075546 0.78971595
 0.7825469  0.784662   0.7765909  0.7790077  0.7823864  0.7849113
 0.7830587  0.77966654 0.7857348  0.7907536  0.78658926 0.7834574
 0.791904   0.78524345 0.7822357  0.7867196  0.7894307  0.78622335
 0.7889887  0.7866256  0.78673756 0.77914923 0.7822446  0.7852579
 0.783097   0.78247684 0.7871665  0.7830072  0.7846689  0.7871104
 0.78342617 0.7836115  0.7881321  0.78433245 0.7873794  0.78797513
 0.7854293  0.782229   0.78397334 0.78583723 0.79311126 0.78722215
 0.78073764 0.7873301  0.7817447  0.78627557 0.78557914 0.7839916
 0.78058857 0.79517514 0.7844824  0.7823076  0.78371614 0.78330547
 0.7836807  0.78239655 0.7819879  0.7822483  0.78092545 0.78311986
 0.7868415  0.78354    0.7897208  0.78599155 0.790381   0.79169685
 0.78999364 0.77921134 0.78454787 0.7812821  0.7835527  0.79128146
 0.7850921  0.78216416 0.78749263 0.780609   0.7844042  0.7834762
 0.78624606 0.77947605 0.7827394  0.78099674 0.78810936 0.7831687
 0.78307825 0.7882941  0.79430073 0.78763497 0.7921752  0.7849215
 0.78372437 0.7853206  0.7860786  0.7849133  0.78136396 0.78721184
 0.78173435 0.7846011  0.78484493 0.7883264  0.78639174 0.7907542
 0.78868645 0.7861391  0.78419226 0.78415626 0.7868168  0.7809279
 0.7832272  0.78484094 0.78581834 0.7858379  0.7828807  0.7924448
 0.786879   0.7865294  0.7862799  0.7895119  0.77960265 0.7865649
 0.7800974  0.7856571  0.78408974 0.78128684 0.78396237 0.78508365
 0.78757626 0.7799425  0.7822058  0.7873746  0.78785855 0.7882723
 0.7814681  0.79216206 0.78597754 0.78370965 0.78903145 0.77833676
 0.7860539  0.7818526  0.7905789  0.780414   0.78229094 0.78925425
 0.7826648  0.7861948  0.78622603 0.78152764 0.7828197  0.780174
 0.79114664 0.784693  ]
[nltk_data] Downloading package wordnet to /mnt/iusers01/fse-
[nltk_data]     ugpgt01/compsci01/q12628ct/nltk_data...
[nltk_data]   Package wordnet is already up-to-date!
[nltk_data] Downloading package punkt_tab to /mnt/iusers01/fse-
[nltk_data]     ugpgt01/compsci01/q12628ct/nltk_data...
[nltk_data]   Package punkt_tab is already up-to-date!
[nltk_data] Downloading package omw-1.4 to /mnt/iusers01/fse-
[nltk_data]     ugpgt01/compsci01/q12628ct/nltk_data...
[nltk_data]   Package omw-1.4 is already up-to-date!
/mnt/iusers01/fse-ugpgt01/compsci01/q12628ct/.conda/envs/semantic-decoding/lib/python3.10/site-packages/huggingface_hub/file_download.py:945: FutureWarning: `resume_download` is deprecated and will be removed in version 1.0.0. Downloads always resume when possible. If you want to force a new download, use `force_download=True`.
  warnings.warn(
Some weights of the model checkpoint at roberta-large were not used when initializing RobertaModel: ['lm_head.layer_norm.bias', 'lm_head.dense.weight', 'lm_head.dense.bias', 'lm_head.bias', 'lm_head.layer_norm.weight']
- This IS expected if you are initializing RobertaModel from the checkpoint of a model trained on another task or with another architecture (e.g. initializing a BertForSequenceClassification model from a BertForPreTraining model).
- This IS NOT expected if you are initializing RobertaModel from the checkpoint of a model that you expect to be exactly identical (initializing a BertForSequenceClassification model from a BertForSequenceClassification model).
Some weights of RobertaModel were not initialized from the model checkpoint at roberta-large and are newly initialized: ['roberta.pooler.dense.weight', 'roberta.pooler.dense.bias']
You should probably TRAIN this model on a down-stream task to be able to use it for predictions and inference.
charlie_repeat-2
WER
[-0.12247073 -0.12308811 -0.13569962 -0.11897169 -0.1084073  -0.12485358
 -0.12336602 -0.13416333 -0.12481094 -0.12094666 -0.13371828 -0.1360334
 -0.12152872 -0.116916   -0.13466068 -0.13609746 -0.14946647 -0.14487259
 -0.12945463 -0.12508664 -0.10754017 -0.1120847  -0.13571219 -0.1261054
 -0.10803189 -0.12439698 -0.1299203  -0.12920312 -0.12343601 -0.126308
 -0.11829151 -0.09943412 -0.13366139 -0.13752571 -0.11743598 -0.12836789
 -0.14198738 -0.12810019 -0.10979999 -0.10517233 -0.12858041 -0.13469934
 -0.13099392 -0.11876805 -0.14451612 -0.12390701 -0.12031361 -0.11516796
 -0.12664875 -0.11053478 -0.11209643 -0.12044624 -0.11786783 -0.15223069
 -0.1267066  -0.13522139 -0.1064218  -0.12364438 -0.13424482 -0.11991799
 -0.12284507 -0.11429195 -0.11414357 -0.11349338 -0.12648751 -0.14684666
 -0.1402008  -0.12994788 -0.12905386 -0.14132721 -0.13410251 -0.12722967
 -0.1091147  -0.10164434 -0.13102987 -0.13065471 -0.14230533 -0.1079907
 -0.13480087 -0.12920017 -0.13675276 -0.11929208 -0.11552296 -0.13757234
 -0.1349516  -0.11907736 -0.12686366 -0.13524029 -0.11459735 -0.13171069
 -0.14092339 -0.13091267 -0.12741527 -0.12098038 -0.12060587 -0.12883983
 -0.12343666 -0.13375335 -0.1311652  -0.12106012 -0.12234197 -0.13876972
 -0.13817193 -0.13600118 -0.11047129 -0.13462788 -0.15041089 -0.13466672
 -0.1276545  -0.12521469 -0.12949996 -0.12169406 -0.13513966 -0.14141682
 -0.12199801 -0.12015297 -0.11714039 -0.12161477 -0.10868215 -0.12036051
 -0.09692713 -0.13380899 -0.14219064 -0.12952697 -0.12789424 -0.12501044
 -0.12873238 -0.11822536 -0.11135465 -0.14533668 -0.13826978 -0.12194061
 -0.10996724 -0.13709663 -0.13723281 -0.11892717 -0.14138949 -0.13814793
 -0.12605691 -0.12183989 -0.12606104 -0.10948941 -0.1184333  -0.0997337
 -0.12872018 -0.1209172  -0.13344506 -0.1280312  -0.11827312 -0.13372379
 -0.12071274 -0.11921283 -0.11978155 -0.1183093  -0.10984346 -0.13653163
 -0.12630147 -0.13153037 -0.1169179  -0.12397593 -0.14082802 -0.13123706
 -0.1353364  -0.13037109 -0.13338932 -0.13310829 -0.12225201 -0.11766561
 -0.13470086 -0.12424713 -0.12508396 -0.13561711 -0.12819957 -0.13299099
 -0.13264947 -0.13250769 -0.12716265 -0.13385485 -0.13810796 -0.12817656
 -0.1120474  -0.12026428 -0.12410905 -0.13785177 -0.12419025 -0.11298012
 -0.13347066 -0.13550738 -0.1341853  -0.13419606 -0.1265915  -0.15261538
 -0.12349135 -0.14120664 -0.1177819  -0.13031802 -0.11597247 -0.13086493
 -0.12923158 -0.13651871]
charlie_repeat-2
BLEU
[0.18272612 0.18567407 0.15390081 0.17102832 0.24468843 0.17142098
 0.2216485  0.18113656 0.17057508 0.20385283 0.17392661 0.18608699
 0.21920878 0.18021008 0.17695963 0.19180461 0.14656813 0.14630934
 0.1757636  0.20703787 0.2058112  0.17929044 0.17237185 0.18682131
 0.19020847 0.21102947 0.14633514 0.19147858 0.18698764 0.20986577
 0.18657973 0.16870261 0.18408932 0.18612507 0.21133062 0.18247379
 0.15398914 0.18691897 0.18569501 0.17296369 0.17834135 0.22284899
 0.17922807 0.19179777 0.21397399 0.18383792 0.17960111 0.20961161
 0.19557529 0.23435247 0.20481337 0.23498151 0.21279455 0.1718734
 0.17002354 0.16887956 0.22138546 0.17071882 0.2089226  0.21244031
 0.17933128 0.16404614 0.22305833 0.19514768 0.15883175 0.16219286
 0.18664628 0.16269908 0.18361135 0.14480195 0.1538508  0.19577823
 0.20753698 0.25070659 0.19190347 0.21362113 0.15654183 0.19974855
 0.15996645 0.20661153 0.1828342  0.20404073 0.19750583 0.18892402
 0.17038063 0.16956328 0.20718451 0.16781839 0.21466028 0.20320218
 0.19952141 0.15928345 0.18970159 0.20107554 0.2026703  0.14646465
 0.20797095 0.1926232  0.16740963 0.184395   0.18177016 0.16711032
 0.1790449  0.16435941 0.2049414  0.17961125 0.20973335 0.18988122
 0.19395969 0.19731776 0.20298997 0.16925191 0.17466128 0.15028526
 0.23316093 0.19158498 0.20427712 0.22822504 0.23798905 0.22562459
 0.21987374 0.18431544 0.16756036 0.19250021 0.21344613 0.19633791
 0.18015977 0.19683059 0.18806347 0.18160618 0.1865721  0.17467757
 0.18904006 0.17661822 0.17925722 0.19255082 0.19053528 0.20218581
 0.18856484 0.19574368 0.1870076  0.22122625 0.19060933 0.22919148
 0.20441879 0.18253911 0.20321577 0.18205979 0.19242671 0.15611157
 0.20553724 0.21557913 0.21728989 0.20258666 0.20161338 0.17880356
 0.2069164  0.17829432 0.18208728 0.17295673 0.16553471 0.19469959
 0.15528111 0.19076773 0.15419249 0.18662881 0.22825976 0.21984802
 0.18546966 0.17404978 0.18518528 0.19725522 0.15406379 0.18114351
 0.19621421 0.16508956 0.18633683 0.20081721 0.19083712 0.19222601
 0.21540269 0.18313646 0.20284578 0.17596277 0.21952706 0.22087494
 0.21401159 0.15626844 0.20237191 0.16604316 0.20076434 0.15611219
 0.20374905 0.17266163 0.16791999 0.20443666 0.22375434 0.15028106
 0.16900552 0.19782065]
charlie_repeat-2
METEOR
[0.15209129 0.15363633 0.13418603 0.12981262 0.16474827 0.15191556
 0.16301526 0.13646171 0.12806824 0.1532025  0.12799671 0.11708401
 0.16942349 0.15650509 0.14434884 0.13879871 0.12040899 0.11420083
 0.1485854  0.16137448 0.15349129 0.14751629 0.14455547 0.16783942
 0.15164683 0.1634912  0.1230947  0.18593907 0.13339659 0.15161779
 0.15858934 0.13456769 0.14217557 0.14672248 0.14972275 0.17078999
 0.13915493 0.14622786 0.15841704 0.14615623 0.14704706 0.149126
 0.14831547 0.1619735  0.16383484 0.14525546 0.1604541  0.17763696
 0.13962409 0.18133268 0.1690017  0.2015305  0.1697485  0.12564816
 0.14195727 0.14395955 0.16553982 0.13994175 0.16610131 0.15368533
 0.14356095 0.13023009 0.17701349 0.18197732 0.13984214 0.14364426
 0.13811284 0.14156563 0.1521756  0.13040756 0.13102408 0.13394607
 0.16358087 0.19931184 0.15218434 0.15560586 0.13738314 0.14853515
 0.13220881 0.16252626 0.15674547 0.15950389 0.16807032 0.13505508
 0.13545835 0.14728451 0.1377924  0.12339846 0.16784939 0.17268336
 0.16847621 0.12082738 0.14384284 0.16554547 0.14314063 0.12036792
 0.14797342 0.14049253 0.14411492 0.15153972 0.14846744 0.11683105
 0.14148452 0.13616177 0.18448682 0.15060478 0.16268861 0.15574759
 0.14742208 0.16169397 0.14269757 0.138771   0.1295981  0.12432933
 0.17041388 0.15689025 0.16632147 0.18176356 0.20145225 0.16968585
 0.16792683 0.14282032 0.13722131 0.14978045 0.17557015 0.1657545
 0.14667157 0.19172161 0.16810548 0.1581869  0.14006276 0.14737479
 0.14857369 0.13967091 0.13697805 0.16418315 0.15456818 0.16268663
 0.17569351 0.1592525  0.14588476 0.1758504  0.14630984 0.18041842
 0.17034265 0.15165286 0.15143047 0.15462224 0.15156134 0.12868506
 0.16712352 0.17062932 0.17851609 0.16044981 0.17277708 0.14530568
 0.17093376 0.12766637 0.13006032 0.15437741 0.14308738 0.16898908
 0.15747385 0.13352656 0.13276418 0.13888916 0.1725769  0.17768637
 0.14042859 0.13632566 0.15041856 0.16236991 0.12073057 0.14641382
 0.15354829 0.14625467 0.14498358 0.14475546 0.14377232 0.15046431
 0.14324655 0.1630999  0.18202226 0.13922859 0.17653602 0.16937464
 0.15900648 0.12285075 0.1699006  0.13626105 0.15267008 0.11583427
 0.15256514 0.14751231 0.133555   0.16419727 0.15976189 0.12372985
 0.15603733 0.16089997]
charlie_repeat-2
BERT
[0.7844615  0.79006755 0.7813784  0.77989244 0.7836903  0.78445506
 0.7855747  0.7800174  0.78257954 0.7806428  0.78391397 0.78099453
 0.7892604  0.78471345 0.78346103 0.786201   0.78076106 0.782783
 0.7797311  0.7934281  0.7879909  0.78104746 0.78333765 0.78373754
 0.77991515 0.7875312  0.7811083  0.78221214 0.78557706 0.77916366
 0.7836781  0.792235   0.7840634  0.7874744  0.7907055  0.78270435
 0.7846206  0.78153807 0.7878081  0.787326   0.7885646  0.78658557
 0.7913969  0.78658366 0.7879201  0.7841461  0.78470796 0.7881718
 0.7841311  0.7915605  0.7948217  0.7890679  0.7853568  0.78096527
 0.7861423  0.7880315  0.7897135  0.7784374  0.78514016 0.79061645
 0.78447986 0.78173083 0.7853624  0.7914932  0.7843734  0.78404015
 0.78185666 0.78029424 0.7906008  0.77923214 0.78640264 0.7889822
 0.78388613 0.7912578  0.785407   0.78632087 0.78033006 0.782353
 0.7829752  0.7928485  0.78396225 0.7912558  0.7889257  0.78244966
 0.77938485 0.7839454  0.7852533  0.7806398  0.78299767 0.7798857
 0.7848778  0.78163177 0.7837591  0.78623146 0.786641   0.7832275
 0.7852009  0.7867079  0.78211546 0.7876232  0.7892317  0.7839259
 0.78123707 0.7835133  0.78427756 0.7876091  0.7852157  0.78339636
 0.7838521  0.78414166 0.7849919  0.7830951  0.78638244 0.7858076
 0.7866488  0.7864539  0.78890556 0.79155284 0.78715485 0.7895841
 0.78494865 0.78738236 0.7838166  0.77937645 0.79230636 0.7930882
 0.7861068  0.78917575 0.7854916  0.78447956 0.7848385  0.7830767
 0.78742695 0.7835911  0.78394204 0.7812326  0.7865688  0.7898689
 0.7853548  0.784458   0.78237206 0.7921987  0.78578556 0.78660977
 0.78566927 0.78312534 0.77896273 0.7875247  0.7833866  0.78012925
 0.78293407 0.7819253  0.78154755 0.7884916  0.7860062  0.78334177
 0.7831956  0.7847424  0.7833232  0.78977436 0.78265977 0.7884153
 0.7855177  0.788106   0.78378856 0.7831882  0.7859759  0.7796385
 0.78239226 0.77897394 0.7846129  0.78130525 0.7812555  0.7906443
 0.7806911  0.78748286 0.78497595 0.78851813 0.7857966  0.7811661
 0.79315305 0.7882361  0.7829623  0.7828878  0.7862774  0.7880174
 0.7841624  0.7874348  0.7905245  0.7851369  0.78204596 0.78443474
 0.7834474  0.78044057 0.7835889  0.7877856  0.7840256  0.78038996
 0.79190844 0.7855605 ]
[nltk_data] Downloading package wordnet to /mnt/iusers01/fse-
[nltk_data]     ugpgt01/compsci01/q12628ct/nltk_data...
[nltk_data]   Package wordnet is already up-to-date!
[nltk_data] Downloading package punkt_tab to /mnt/iusers01/fse-
[nltk_data]     ugpgt01/compsci01/q12628ct/nltk_data...
[nltk_data]   Package punkt_tab is already up-to-date!
[nltk_data] Downloading package omw-1.4 to /mnt/iusers01/fse-
[nltk_data]     ugpgt01/compsci01/q12628ct/nltk_data...
[nltk_data]   Package omw-1.4 is already up-to-date!
/mnt/iusers01/fse-ugpgt01/compsci01/q12628ct/.conda/envs/semantic-decoding/lib/python3.10/site-packages/huggingface_hub/file_download.py:945: FutureWarning: `resume_download` is deprecated and will be removed in version 1.0.0. Downloads always resume when possible. If you want to force a new download, use `force_download=True`.
  warnings.warn(
Some weights of the model checkpoint at roberta-large were not used when initializing RobertaModel: ['lm_head.layer_norm.weight', 'lm_head.dense.weight', 'lm_head.bias', 'lm_head.layer_norm.bias', 'lm_head.dense.bias']
- This IS expected if you are initializing RobertaModel from the checkpoint of a model trained on another task or with another architecture (e.g. initializing a BertForSequenceClassification model from a BertForPreTraining model).
- This IS NOT expected if you are initializing RobertaModel from the checkpoint of a model that you expect to be exactly identical (initializing a BertForSequenceClassification model from a BertForSequenceClassification model).
Some weights of RobertaModel were not initialized from the model checkpoint at roberta-large and are newly initialized: ['roberta.pooler.dense.weight', 'roberta.pooler.dense.bias']
You should probably TRAIN this model on a down-stream task to be able to use it for predictions and inference.
delta_repeat-1
WER
[-0.17984879 -0.20136212 -0.19920848 -0.19775833 -0.16270854 -0.1883737
 -0.17155328 -0.19678469 -0.17296389 -0.17027478 -0.17851223 -0.18856314
 -0.20268162 -0.16119514 -0.22049259 -0.17430342 -0.16615819 -0.19171564
 -0.18114115 -0.21135696 -0.16329226 -0.18506924 -0.19098038 -0.17900576
 -0.19554574 -0.18665019 -0.19425465 -0.20573864 -0.1825795  -0.18617499
 -0.19734144 -0.18150421 -0.18724267 -0.2028087  -0.19934629 -0.18899547
 -0.17082723 -0.18833399 -0.18477063 -0.17250566 -0.19939741 -0.17034404
 -0.20604947 -0.17408401 -0.21803264 -0.19659799 -0.17653574 -0.20461996
 -0.17328786 -0.17994273 -0.18252657 -0.19210818 -0.15510928 -0.18741225
 -0.2002692  -0.19034191 -0.19854486 -0.18221663 -0.16387573 -0.19558641
 -0.13495173 -0.18759241 -0.17680352 -0.19536009 -0.18573269 -0.20170625
 -0.1926299  -0.20332958 -0.19989841 -0.2038538  -0.19294503 -0.18361071
 -0.21140183 -0.18577776 -0.18355555 -0.20292233 -0.18786565 -0.19675735
 -0.19164394 -0.17846818 -0.182151   -0.19202135 -0.19430547 -0.18545068
 -0.16467963 -0.17523361 -0.19902381 -0.19221036 -0.18073231 -0.16511697
 -0.19982736 -0.18599099 -0.18038396 -0.19698713 -0.18615861 -0.16718035
 -0.18919384 -0.16978354 -0.19387291 -0.19937278 -0.18552678 -0.18204803
 -0.22193509 -0.19605691 -0.20812465 -0.20365773 -0.18892391 -0.1888513
 -0.17351569 -0.18664579 -0.19912545 -0.19993021 -0.18096211 -0.20262058
 -0.21092928 -0.1759758  -0.16971086 -0.18379845 -0.18399377 -0.23203587
 -0.20103109 -0.19293749 -0.18335386 -0.20901725 -0.17305616 -0.18927527
 -0.18249669 -0.1964915  -0.18896158 -0.18309822 -0.17527007 -0.19209461
 -0.17438199 -0.17209129 -0.18213637 -0.18810934 -0.20978395 -0.17963426
 -0.20931488 -0.2114359  -0.20752795 -0.2010445  -0.17288993 -0.19980243
 -0.16935436 -0.18642233 -0.19681474 -0.19911346 -0.18351882 -0.2060401
 -0.19729345 -0.18917151 -0.18419368 -0.17590898 -0.19899638 -0.16950395
 -0.18220654 -0.17671191 -0.1881385  -0.1830789  -0.15288684 -0.21379839
 -0.18314743 -0.17194044 -0.19224963 -0.20972602 -0.17209251 -0.1909652
 -0.19348784 -0.18009271 -0.18440935 -0.17320283 -0.20135991 -0.18951158
 -0.20610207 -0.17140882 -0.198332   -0.19039121 -0.16527544 -0.16777399
 -0.19140173 -0.1574641  -0.17871773 -0.18059912 -0.19637503 -0.19865681
 -0.17273774 -0.18634116 -0.17688661 -0.21150457 -0.18980643 -0.17164683
 -0.2038432  -0.16849796 -0.17742884 -0.17784768 -0.2075011  -0.17623425
 -0.17029054 -0.18093926]
delta_repeat-1
BLEU
[0.20927296 0.14440584 0.17848808 0.15803469 0.22607715 0.18895876
 0.19831419 0.20048083 0.19975302 0.20848312 0.21366771 0.19253015
 0.15121399 0.22464323 0.11966612 0.20630834 0.23026569 0.13053812
 0.19868489 0.17102628 0.2140895  0.1822579  0.18755654 0.19799856
 0.17471696 0.17823552 0.18658495 0.14845993 0.19621894 0.17799828
 0.16950226 0.17505274 0.175653   0.15754731 0.17854622 0.19381484
 0.19075495 0.21676237 0.18087714 0.21309062 0.14523593 0.191585
 0.1606877  0.21988792 0.1108386  0.14785334 0.19770388 0.15132401
 0.20017539 0.18263452 0.16854913 0.16034912 0.22121084 0.19947562
 0.19167382 0.20233574 0.18907306 0.17155597 0.19807783 0.1997566
 0.21241993 0.22181621 0.21183643 0.18844325 0.16778099 0.20484192
 0.16995298 0.17543984 0.18023975 0.14254176 0.20737612 0.20945987
 0.19028145 0.17983663 0.16766249 0.18767521 0.17581834 0.17428713
 0.16966105 0.20881461 0.18477266 0.17402934 0.20075659 0.17422321
 0.20015031 0.16750691 0.17327041 0.20328804 0.19826899 0.19740406
 0.15768189 0.23374994 0.23468056 0.16402554 0.1546582  0.18756297
 0.15920554 0.23124882 0.15552353 0.18523628 0.19493882 0.18325086
 0.15009697 0.17421318 0.15509689 0.20234896 0.178348   0.16844624
 0.22077314 0.19442602 0.16819354 0.16574651 0.16866554 0.19573871
 0.16262692 0.17916324 0.2084396  0.1762033  0.17758195 0.14355266
 0.18925795 0.23762911 0.19141368 0.1777924  0.20301745 0.1567754
 0.18602374 0.17101002 0.2180174  0.17266563 0.20005482 0.20773759
 0.17824318 0.23190603 0.16016244 0.1654495  0.15246077 0.2196638
 0.14613452 0.15771888 0.12861464 0.18464843 0.17569661 0.15341889
 0.17567847 0.15376089 0.20152766 0.16909065 0.18279627 0.18540406
 0.18335858 0.17983919 0.18672456 0.18009277 0.16377739 0.18379784
 0.20066204 0.2123829  0.16176383 0.21901489 0.23547425 0.16572985
 0.19621361 0.18815862 0.16729801 0.19639739 0.19135428 0.18823916
 0.15645182 0.15308709 0.18542134 0.21900597 0.14939603 0.22340421
 0.13674933 0.22124061 0.19676726 0.20439237 0.21483716 0.22298419
 0.15887274 0.19919399 0.20354379 0.192979   0.20804433 0.18051203
 0.20478892 0.1998839  0.20309681 0.16236352 0.17266946 0.20386318
 0.15164094 0.20296326 0.19777509 0.19701432 0.18571856 0.20883072
 0.20332634 0.17141151]
delta_repeat-1
METEOR
[0.17637209 0.12398801 0.13385784 0.15356851 0.1851441  0.1553491
 0.15559636 0.14705223 0.18320083 0.16616671 0.17461611 0.15885977
 0.14102208 0.21449408 0.11821115 0.14698142 0.18370589 0.11390734
 0.16993267 0.14592518 0.16717762 0.15916616 0.15639439 0.15737379
 0.14565681 0.1601802  0.14545817 0.13281319 0.17966852 0.15592014
 0.13986761 0.17084743 0.14483935 0.12995034 0.14206856 0.16567522
 0.15991419 0.15361967 0.15520865 0.1701646  0.1294141  0.15900769
 0.11968617 0.18631315 0.11095414 0.11338112 0.17860392 0.13333327
 0.18210344 0.15865475 0.13525922 0.14562781 0.18765342 0.17905402
 0.16937209 0.15574819 0.16216746 0.15453936 0.15755983 0.15806109
 0.17274047 0.16174939 0.18260067 0.14759309 0.13682963 0.2085395
 0.14659576 0.16062152 0.15770212 0.10553781 0.18378165 0.17831707
 0.1489106  0.1336176  0.15594787 0.17013855 0.14838617 0.15383752
 0.13467898 0.19731452 0.15405469 0.14608054 0.16390751 0.17131116
 0.16017337 0.15143296 0.15987744 0.17699479 0.16101151 0.1819652
 0.14222611 0.18092228 0.20584244 0.13285167 0.12779777 0.14743324
 0.12793126 0.18139404 0.14050212 0.1488677  0.16450693 0.1539047
 0.13000041 0.14220092 0.13331886 0.16418059 0.13667061 0.12591757
 0.18087746 0.18535869 0.15009646 0.1535289  0.15048518 0.15653842
 0.13497743 0.15379476 0.14852921 0.12687423 0.16717209 0.11611241
 0.1582503  0.19941353 0.1665203  0.14722929 0.16750371 0.1309525
 0.16338287 0.15336221 0.20122356 0.14686177 0.16507696 0.18551152
 0.14530125 0.19289216 0.16784187 0.14608839 0.13575648 0.16708135
 0.14741884 0.14522571 0.11619073 0.13924801 0.16114473 0.13553346
 0.15469031 0.13668715 0.16517601 0.15783472 0.16790635 0.14098187
 0.14521772 0.13776799 0.1505083  0.14701631 0.15050356 0.15269736
 0.16605797 0.17974132 0.16283203 0.19396265 0.23091472 0.13820468
 0.16249152 0.13997332 0.14348424 0.15163488 0.17201118 0.15451665
 0.13821993 0.13329761 0.1522926  0.17641012 0.14136099 0.17134974
 0.12857493 0.17079095 0.16842544 0.16726835 0.2023963  0.17894018
 0.12768711 0.17693776 0.17590054 0.16320607 0.19166187 0.16596855
 0.16216039 0.16635339 0.16444386 0.12862657 0.14342854 0.16188429
 0.13968231 0.15438995 0.19612895 0.1770566  0.14503915 0.15831388
 0.15023169 0.16093199]
delta_repeat-1
BERT
[0.803912   0.79487145 0.7965841  0.79691494 0.80683017 0.8006657
 0.79667664 0.8042929  0.80725896 0.7964028  0.8067027  0.8070906
 0.79656166 0.8079376  0.78907025 0.80684847 0.8014289  0.7977466
 0.80853236 0.798021   0.8071445  0.8031537  0.7992228  0.7984397
 0.80684036 0.795477   0.8062455  0.8067878  0.80275893 0.80443907
 0.80622613 0.7969472  0.79615086 0.79646796 0.80126023 0.80516464
 0.80275035 0.80091673 0.8042451  0.8029443  0.7967962  0.80303854
 0.7929091  0.8039937  0.797637   0.7960994  0.80360997 0.7940349
 0.80337906 0.798029   0.8008302  0.7966172  0.8011297  0.80900586
 0.7977784  0.80189013 0.8026881  0.8027259  0.80747825 0.7985853
 0.8039143  0.804273   0.8089291  0.7959256  0.80708843 0.8093627
 0.8052413  0.8016391  0.80116135 0.80057836 0.80254394 0.80437154
 0.7979104  0.796984   0.79942393 0.8095391  0.8002467  0.79701847
 0.7952236  0.80700207 0.8092789  0.79831535 0.80440044 0.79556054
 0.8051841  0.8002812  0.80087495 0.79772836 0.805739   0.80070084
 0.8036189  0.80477756 0.8081783  0.7955845  0.79720604 0.80170923
 0.8014823  0.8066259  0.7991484  0.8016401  0.79819834 0.8039026
 0.7954081  0.79307985 0.8049658  0.80904984 0.8022867  0.7928702
 0.80017835 0.79717094 0.804071   0.7969274  0.79819274 0.79852605
 0.79584855 0.800227   0.80889016 0.79906297 0.8079821  0.7967427
 0.80307376 0.80960345 0.8069357  0.7953149  0.80113935 0.7932904
 0.80549556 0.802872   0.8055158  0.8022167  0.8054043  0.8097131
 0.80524313 0.80658704 0.8087868  0.79597473 0.7997722  0.8025939
 0.7960703  0.8004056  0.79101384 0.81150275 0.8032154  0.80101347
 0.7942838  0.8006751  0.7966541  0.79911494 0.79511    0.80763775
 0.8082733  0.79831135 0.8015628  0.80353475 0.796664   0.79637563
 0.79674727 0.8068893  0.807313   0.81445897 0.81215435 0.797837
 0.8001467  0.79887503 0.80459756 0.79697335 0.80861264 0.80169725
 0.79887974 0.8009955  0.7998453  0.80671227 0.79790413 0.8097149
 0.79581666 0.8048348  0.8060927  0.8040768  0.80993557 0.79792285
 0.8013621  0.8092952  0.80589896 0.80068094 0.8040831  0.80294997
 0.8063233  0.8033184  0.8021602  0.8000352  0.8070072  0.7963118
 0.7933427  0.8091449  0.8075674  0.8075674  0.7940886  0.8077281
 0.80840737 0.7985105 ]
[nltk_data] Downloading package wordnet to /mnt/iusers01/fse-
[nltk_data]     ugpgt01/compsci01/q12628ct/nltk_data...
[nltk_data]   Package wordnet is already up-to-date!
[nltk_data] Downloading package punkt_tab to /mnt/iusers01/fse-
[nltk_data]     ugpgt01/compsci01/q12628ct/nltk_data...
[nltk_data]   Package punkt_tab is already up-to-date!
[nltk_data] Downloading package omw-1.4 to /mnt/iusers01/fse-
[nltk_data]     ugpgt01/compsci01/q12628ct/nltk_data...
[nltk_data]   Package omw-1.4 is already up-to-date!
/mnt/iusers01/fse-ugpgt01/compsci01/q12628ct/.conda/envs/semantic-decoding/lib/python3.10/site-packages/huggingface_hub/file_download.py:945: FutureWarning: `resume_download` is deprecated and will be removed in version 1.0.0. Downloads always resume when possible. If you want to force a new download, use `force_download=True`.
  warnings.warn(
Some weights of the model checkpoint at roberta-large were not used when initializing RobertaModel: ['lm_head.layer_norm.bias', 'lm_head.layer_norm.weight', 'lm_head.bias', 'lm_head.dense.weight', 'lm_head.dense.bias']
- This IS expected if you are initializing RobertaModel from the checkpoint of a model trained on another task or with another architecture (e.g. initializing a BertForSequenceClassification model from a BertForPreTraining model).
- This IS NOT expected if you are initializing RobertaModel from the checkpoint of a model that you expect to be exactly identical (initializing a BertForSequenceClassification model from a BertForSequenceClassification model).
Some weights of RobertaModel were not initialized from the model checkpoint at roberta-large and are newly initialized: ['roberta.pooler.dense.bias', 'roberta.pooler.dense.weight']
You should probably TRAIN this model on a down-stream task to be able to use it for predictions and inference.
delta_repeat-2
WER
[-0.24832361 -0.23527873 -0.23038454 -0.25478254 -0.24840428 -0.23112693
 -0.25627704 -0.24939644 -0.22637623 -0.23527118 -0.2028874  -0.22909455
 -0.23035997 -0.2203291  -0.244925   -0.26604144 -0.25090869 -0.26156869
 -0.24069631 -0.24974761 -0.23646568 -0.20474523 -0.25872773 -0.24687197
 -0.24772343 -0.26040074 -0.26246426 -0.23771053 -0.24713009 -0.23705104
 -0.2584555  -0.26335418 -0.23137279 -0.25460692 -0.26107388 -0.23560497
 -0.25177714 -0.26856794 -0.24954781 -0.24686374 -0.25632126 -0.23138713
 -0.25669011 -0.21641002 -0.20397677 -0.25275973 -0.23103427 -0.21898434
 -0.26113623 -0.22585898 -0.24292517 -0.22333854 -0.24329845 -0.24064179
 -0.23361376 -0.23028567 -0.23040272 -0.23076271 -0.24161205 -0.26221992
 -0.24093099 -0.22234893 -0.2334592  -0.24280731 -0.24206228 -0.24994184
 -0.24651255 -0.23772609 -0.19271786 -0.25266698 -0.23514548 -0.24105853
 -0.25323521 -0.23534764 -0.26887408 -0.23762632 -0.25588839 -0.24378984
 -0.21811943 -0.23187389 -0.25496947 -0.24263498 -0.22892151 -0.2439824
 -0.2616998  -0.23453029 -0.21843856 -0.23284029 -0.22342417 -0.28136697
 -0.26830599 -0.23786801 -0.2337116  -0.20616438 -0.24892377 -0.21775457
 -0.25372202 -0.24321322 -0.24469935 -0.2437863  -0.26160979 -0.21984652
 -0.24327782 -0.26216438 -0.24215973 -0.23957284 -0.2384537  -0.21673144
 -0.24241231 -0.19698839 -0.23007364 -0.22997063 -0.22901234 -0.23227922
 -0.26363859 -0.25038147 -0.22102359 -0.21840213 -0.24335067 -0.24031421
 -0.23344637 -0.24259475 -0.25465996 -0.26927502 -0.25604238 -0.22507496
 -0.22540074 -0.2667929  -0.24199028 -0.22401619 -0.24615103 -0.23139416
 -0.25175174 -0.25509394 -0.23443286 -0.22867449 -0.24565844 -0.21446129
 -0.22513847 -0.21885786 -0.23267615 -0.22722995 -0.25297026 -0.24764301
 -0.26871434 -0.21896589 -0.24296875 -0.23809775 -0.23967222 -0.25230257
 -0.24452143 -0.21987741 -0.23569094 -0.20916006 -0.22291075 -0.23668333
 -0.20710211 -0.24654042 -0.24354645 -0.2317394  -0.23475745 -0.23104442
 -0.24239984 -0.23227257 -0.22118424 -0.22655797 -0.25423917 -0.24937721
 -0.23631938 -0.21261256 -0.23679877 -0.25153484 -0.2173864  -0.21530798
 -0.26660177 -0.2648437  -0.23451272 -0.24474341 -0.23245048 -0.23673026
 -0.23242234 -0.23630822 -0.23507729 -0.23069858 -0.22682577 -0.24325304
 -0.2471647  -0.23618812 -0.2328194  -0.24709385 -0.22163611 -0.22265177
 -0.24041246 -0.21591626 -0.2493452  -0.2345785  -0.23650336 -0.23915829
 -0.24847264 -0.2362536 ]
delta_repeat-2
BLEU
[0.15738351 0.20859051 0.17011744 0.17673769 0.17150552 0.18510939
 0.13401619 0.21888868 0.18653822 0.16997612 0.21445673 0.19725459
 0.17768586 0.16273789 0.18645418 0.17724457 0.16377    0.14067589
 0.1754344  0.16437157 0.17619431 0.19280175 0.15682951 0.16284142
 0.13398589 0.16950539 0.14734009 0.15287063 0.19569933 0.19212888
 0.13505393 0.13515525 0.21231219 0.19070825 0.17132651 0.19459482
 0.17336276 0.17922053 0.17860856 0.20803049 0.16694871 0.16053572
 0.16550015 0.222873   0.15812062 0.1924775  0.18407481 0.2129939
 0.13937812 0.17939823 0.16788674 0.23134439 0.19837456 0.17244449
 0.14488535 0.20791993 0.23014496 0.19388225 0.14313221 0.13761917
 0.18708362 0.2000035  0.2260139  0.17596666 0.1855483  0.15739054
 0.18817716 0.19103435 0.23692514 0.14933103 0.16326378 0.16551293
 0.17659294 0.20144783 0.14523109 0.1694524  0.15762956 0.19656491
 0.20147307 0.1847817  0.1840114  0.17109753 0.20555052 0.17080463
 0.14949869 0.17568806 0.18576288 0.20662529 0.21017969 0.132793
 0.17154756 0.14666245 0.17092496 0.21632684 0.1994654  0.22437078
 0.19036165 0.1679911  0.15972841 0.18956909 0.1823339  0.19199616
 0.1840089  0.13861909 0.14189409 0.18237101 0.17139235 0.16828302
 0.16897462 0.24107349 0.21174183 0.15026533 0.21540084 0.19546699
 0.12963475 0.18055954 0.1657994  0.19524255 0.18550922 0.18223409
 0.20548552 0.1842872  0.17260882 0.1404489  0.18993894 0.17241939
 0.20880492 0.1579686  0.19513543 0.20429648 0.16855801 0.21111014
 0.18608365 0.12661936 0.17593428 0.19480546 0.16673835 0.2204393
 0.1976867  0.20023751 0.19404503 0.19145198 0.15112246 0.17521166
 0.12153358 0.19393991 0.19956702 0.13753645 0.15842297 0.14497235
 0.18805846 0.22450837 0.14193714 0.17195767 0.17938381 0.21449945
 0.18861087 0.1688765  0.1731566  0.17951346 0.15643621 0.20992371
 0.14294728 0.20122283 0.21987511 0.16856392 0.18424987 0.17939134
 0.16966527 0.19561953 0.18524094 0.18812984 0.20311517 0.21610003
 0.14885785 0.12910122 0.15482843 0.16785489 0.16712178 0.18224365
 0.22662848 0.17100622 0.217494   0.18881487 0.18183205 0.18763927
 0.15145001 0.19494899 0.19274213 0.19301544 0.16375458 0.19411656
 0.18288348 0.21569454 0.15421695 0.15957547 0.16902828 0.20982779
 0.16232067 0.19290066]
delta_repeat-2
METEOR
[0.12990607 0.18096766 0.14435738 0.14465217 0.16372399 0.17121519
 0.14259132 0.16913959 0.16636202 0.1713319  0.16176098 0.1686571
 0.13660882 0.14701048 0.15549349 0.15282759 0.15057052 0.14151724
 0.15583649 0.15043293 0.14557936 0.16930941 0.15148478 0.14499565
 0.13125654 0.14980154 0.12995546 0.1387742  0.18616073 0.17421527
 0.12089075 0.13146647 0.19106521 0.16369813 0.1556028  0.16710542
 0.16779823 0.17370147 0.17369472 0.19847573 0.1529892  0.15194046
 0.14196636 0.17614387 0.13750767 0.1747255  0.16656189 0.16940245
 0.14158512 0.17632163 0.15091598 0.19664324 0.18348314 0.16944573
 0.13779772 0.1658154  0.20773919 0.16965939 0.1338769  0.13920651
 0.15357837 0.17362797 0.19364326 0.12955972 0.1648839  0.15210063
 0.17125708 0.16287821 0.18755299 0.10577036 0.13415686 0.14216341
 0.15607389 0.18741278 0.11015106 0.16650973 0.13052324 0.17425809
 0.16708383 0.15683908 0.16721514 0.13958277 0.17966512 0.1666355
 0.1536333  0.18256955 0.14810312 0.16580647 0.18774093 0.11998943
 0.13454347 0.12069186 0.1517871  0.17861652 0.17290772 0.17942717
 0.18436511 0.15634143 0.13601699 0.14744068 0.15770904 0.16703705
 0.1593516  0.14489234 0.12749524 0.18476401 0.16471798 0.14645544
 0.14629493 0.21698159 0.19624848 0.13098236 0.20081507 0.1610222
 0.13089748 0.15801506 0.16277914 0.18960727 0.18116114 0.14866765
 0.17733909 0.17713263 0.14893108 0.1227735  0.15707983 0.15321028
 0.17040795 0.13889046 0.15273681 0.15472617 0.14311019 0.15985602
 0.16116078 0.12742264 0.14565247 0.16755096 0.15183938 0.1664589
 0.19538315 0.17137614 0.1719844  0.17076393 0.13390603 0.15164814
 0.11340884 0.16501614 0.18714911 0.12349722 0.13724325 0.13024497
 0.14940379 0.21438774 0.14893372 0.16527944 0.15870298 0.16380971
 0.16903119 0.15048669 0.16879017 0.14757202 0.14960206 0.17951469
 0.15749396 0.18222959 0.17899644 0.15559148 0.16117271 0.15418561
 0.15565294 0.16474573 0.17089206 0.16890545 0.17054025 0.18028926
 0.14207028 0.12680964 0.14548094 0.1614548  0.1370524  0.17195456
 0.16914928 0.15462348 0.16810903 0.17198388 0.17031175 0.17237194
 0.1191685  0.15172086 0.19037797 0.16001263 0.15374958 0.16352892
 0.15592035 0.19154863 0.13843902 0.16110184 0.15557729 0.19954074
 0.15417723 0.16995217]
delta_repeat-2
BERT
[0.7983425  0.8103168  0.7934927  0.8007101  0.79657924 0.80270606
 0.79839045 0.80429935 0.80021715 0.79438    0.8058642  0.805505
 0.8069236  0.7935389  0.7989137  0.8047372  0.80146354 0.7962263
 0.79879516 0.8011834  0.79312366 0.80148447 0.79493797 0.79752976
 0.7939802  0.80232173 0.795946   0.7992345  0.7986999  0.7955279
 0.794309   0.7946079  0.8035     0.80410355 0.8011471  0.80548084
 0.79649913 0.8002245  0.8032908  0.8052189  0.81012744 0.8004744
 0.8000435  0.80338883 0.7987655  0.81072545 0.80187243 0.8008952
 0.8026352  0.8061743  0.797531   0.80488056 0.79991364 0.79515904
 0.7967823  0.80104774 0.8085659  0.80364347 0.7962919  0.7921373
 0.80081505 0.8041474  0.8016565  0.80937344 0.8067225  0.79755497
 0.7966877  0.8101699  0.80264217 0.79828525 0.79574865 0.7954783
 0.7930483  0.8002326  0.7945205  0.8013037  0.8035343  0.79493386
 0.802878   0.80225974 0.8006124  0.79670286 0.80415416 0.7986735
 0.7957812  0.7980224  0.80478615 0.80114186 0.80140454 0.79417354
 0.7931799  0.7891723  0.79501826 0.8044132  0.8062041  0.79886097
 0.8022935  0.79714805 0.79642665 0.8059606  0.7965527  0.80273104
 0.8002403  0.7965235  0.7989528  0.8010179  0.8066859  0.80284697
 0.8048508  0.80975944 0.80301136 0.7977993  0.806972   0.8037874
 0.79741454 0.8033741  0.7971639  0.812857   0.80444485 0.80350333
 0.80381674 0.804793   0.80280614 0.7979246  0.7953079  0.8065525
 0.7982334  0.79501194 0.79802537 0.79899114 0.79885596 0.8017306
 0.8026604  0.79811895 0.79539627 0.80666304 0.7981973  0.80377245
 0.8117954  0.8026923  0.79960036 0.80620426 0.80006045 0.79848295
 0.7913944  0.7996681  0.7971878  0.7943447  0.795328   0.7946767
 0.7989791  0.80964863 0.79588884 0.79909813 0.8088778  0.802334
 0.80778635 0.79727036 0.79617625 0.7944443  0.7968469  0.81545097
 0.7980876  0.79772234 0.8026362  0.80481434 0.7981824  0.80571103
 0.7985485  0.80142874 0.80354273 0.79861945 0.8022123  0.80483264
 0.79601127 0.79583687 0.8010025  0.8046567  0.796265   0.7974719
 0.80731136 0.7976053  0.808309   0.7978322  0.8106167  0.79584384
 0.79690903 0.7946273  0.80651176 0.8033666  0.79966754 0.80426985
 0.7993579  0.80775785 0.79452235 0.79387665 0.8007554  0.80823064
 0.7982486  0.80081576]
[nltk_data] Downloading package wordnet to /mnt/iusers01/fse-
[nltk_data]     ugpgt01/compsci01/q12628ct/nltk_data...
[nltk_data]   Package wordnet is already up-to-date!
[nltk_data] Downloading package punkt_tab to /mnt/iusers01/fse-
[nltk_data]     ugpgt01/compsci01/q12628ct/nltk_data...
[nltk_data]   Package punkt_tab is already up-to-date!
[nltk_data] Downloading package omw-1.4 to /mnt/iusers01/fse-
[nltk_data]     ugpgt01/compsci01/q12628ct/nltk_data...
[nltk_data]   Package omw-1.4 is already up-to-date!
/mnt/iusers01/fse-ugpgt01/compsci01/q12628ct/.conda/envs/semantic-decoding/lib/python3.10/site-packages/huggingface_hub/file_download.py:945: FutureWarning: `resume_download` is deprecated and will be removed in version 1.0.0. Downloads always resume when possible. If you want to force a new download, use `force_download=True`.
  warnings.warn(
Some weights of the model checkpoint at roberta-large were not used when initializing RobertaModel: ['lm_head.bias', 'lm_head.dense.weight', 'lm_head.layer_norm.weight', 'lm_head.dense.bias', 'lm_head.layer_norm.bias']
- This IS expected if you are initializing RobertaModel from the checkpoint of a model trained on another task or with another architecture (e.g. initializing a BertForSequenceClassification model from a BertForPreTraining model).
- This IS NOT expected if you are initializing RobertaModel from the checkpoint of a model that you expect to be exactly identical (initializing a BertForSequenceClassification model from a BertForSequenceClassification model).
Some weights of RobertaModel were not initialized from the model checkpoint at roberta-large and are newly initialized: ['roberta.pooler.dense.bias', 'roberta.pooler.dense.weight']
You should probably TRAIN this model on a down-stream task to be able to use it for predictions and inference.
echo_repeat-1
WER
[-0.04373289 -0.02712954 -0.02258131 -0.03101017 -0.02396748 -0.02383445
 -0.02736347 -0.03114077 -0.01408863 -0.03327735 -0.02188107 -0.03961001
 -0.02746457 -0.03499144 -0.02195528 -0.03157994 -0.03232871 -0.03704437
 -0.04016465 -0.04619918 -0.04128098 -0.02848493 -0.03627485 -0.02668726
 -0.02689804 -0.04342784 -0.02368696 -0.03696302 -0.05242598 -0.03292924
 -0.03635642 -0.03060276 -0.02787401 -0.03549832 -0.03192712 -0.04072304
 -0.01870287 -0.03220633 -0.03662534 -0.02157859 -0.05001626 -0.01658661
 -0.02020144 -0.03652013 -0.03412983 -0.02761758 -0.02231507 -0.02992239
 -0.0401244  -0.01837823 -0.03140668 -0.04136004 -0.01394504 -0.02396545
 -0.01534148 -0.04284025 -0.02245391 -0.03593114 -0.03507354 -0.03434793
 -0.03373095 -0.03698179 -0.05086997 -0.02170428 -0.05188456 -0.02801837
 -0.04873568 -0.02351539 -0.03735687 -0.02624397 -0.021192   -0.02425874
 -0.02381469 -0.02344553 -0.03787761 -0.03241791 -0.04214841 -0.04879114
 -0.03849    -0.03575253 -0.02119967 -0.03155616 -0.04617245 -0.03076974
 -0.05832176 -0.03918243 -0.02150111 -0.04489828 -0.04282469 -0.01101179
 -0.04272499 -0.03261699 -0.02792704 -0.04504275 -0.03402066 -0.04347348
 -0.03944892 -0.02629682 -0.02991447 -0.0432513  -0.02887098 -0.02159024
 -0.03289889 -0.02982716 -0.03390915 -0.02426952 -0.04840009 -0.03871848
 -0.03923674 -0.03684465 -0.02594765 -0.04014866 -0.03183762 -0.03556588
 -0.02801103 -0.01775385 -0.0381541  -0.02933565 -0.02471431 -0.02079514
 -0.04273504 -0.04057905 -0.04361095 -0.04975278 -0.03996991 -0.0366952
 -0.02755218 -0.03314855 -0.04577261 -0.04481246 -0.03484098 -0.04934421
 -0.02939318 -0.03157351 -0.02515571 -0.03364511 -0.05141286 -0.02909657
 -0.03547703 -0.02768045 -0.0476461  -0.02487474 -0.04889747 -0.03254371
 -0.02524995 -0.05295211 -0.03437794 -0.03256469 -0.04441685 -0.02728615
 -0.04112772 -0.02668834 -0.03938131 -0.03860545 -0.0374742  -0.03614828
 -0.04854482 -0.02854891 -0.03665509 -0.02524065 -0.03850501 -0.02903411
 -0.03383303 -0.04011374 -0.04314525 -0.04499115 -0.02449568 -0.0292178
 -0.03505919 -0.04003058 -0.03829285 -0.03914822 -0.03097342 -0.03007061
 -0.03814692 -0.02135499 -0.04658504 -0.03264187 -0.03929814 -0.02618667
 -0.02994169 -0.03192477 -0.04776893 -0.01950931 -0.03647911 -0.02111488
 -0.03374318 -0.05080563 -0.01617994 -0.03055351 -0.03432409 -0.03955858
 -0.03474843 -0.04096765 -0.03896687 -0.04058549 -0.02536828 -0.0478374
 -0.03216666 -0.04528873]
echo_repeat-1
BLEU
[0.14636244 0.1481301  0.18582487 0.16550014 0.17891796 0.13504348
 0.15666993 0.1770426  0.18807581 0.17178837 0.19772507 0.12658037
 0.16849479 0.13375205 0.19501487 0.14886104 0.15847304 0.14813436
 0.16781478 0.12731697 0.14165505 0.15944875 0.1382364  0.13305006
 0.17702108 0.14875502 0.14296139 0.17369541 0.13419796 0.18512657
 0.16512425 0.16109163 0.16042557 0.14969004 0.15940997 0.14284921
 0.19193123 0.1496881  0.14431234 0.16365129 0.12277201 0.15399113
 0.19543694 0.17965981 0.17391042 0.13186931 0.15984479 0.161395
 0.1205592  0.17916072 0.13937278 0.14047067 0.18816296 0.16443076
 0.18069339 0.18115851 0.18310721 0.12875133 0.15921636 0.13309886
 0.18638766 0.1180507  0.15126641 0.15480451 0.12385437 0.17739344
 0.14047458 0.15616452 0.16223241 0.18960031 0.21250942 0.17128296
 0.16552514 0.18311388 0.13663254 0.16902489 0.19831973 0.14067255
 0.16953395 0.15143335 0.19159915 0.16608607 0.12408409 0.13326925
 0.12336047 0.16649016 0.19393906 0.1456432  0.14614258 0.17368011
 0.13159964 0.15496533 0.18481044 0.13830821 0.14675024 0.18174033
 0.17379089 0.1707162  0.15757282 0.14428938 0.16817434 0.15086124
 0.17433433 0.12666496 0.14238424 0.20776552 0.16770036 0.16418502
 0.14870342 0.14017839 0.15860397 0.15861118 0.13195819 0.18246467
 0.15980846 0.17713859 0.11566437 0.18717252 0.16656991 0.18978996
 0.14214068 0.13412305 0.1123885  0.13314621 0.15637084 0.12759694
 0.1435219  0.17511995 0.16274298 0.11865173 0.14567827 0.146586
 0.16517237 0.16817512 0.14094028 0.16384038 0.16169551 0.17694714
 0.20090778 0.17947225 0.16078306 0.15712767 0.17885282 0.1682175
 0.15990504 0.10570027 0.15614865 0.17239695 0.14558903 0.18150207
 0.1840222  0.1364     0.14785797 0.15032097 0.14079876 0.16532093
 0.16208871 0.17746896 0.13422966 0.15102413 0.15884223 0.17137327
 0.13705638 0.10800764 0.14525738 0.14728991 0.19018815 0.13923068
 0.15773693 0.19903692 0.17559432 0.14307929 0.15775418 0.17261694
 0.14058683 0.1687302  0.16613484 0.11750895 0.13154999 0.16070442
 0.16518714 0.14020289 0.15982806 0.18501051 0.18567712 0.17740927
 0.16432845 0.13229636 0.15905818 0.14422702 0.10270977 0.15488972
 0.11216704 0.15164791 0.15284294 0.16170471 0.15338655 0.15095473
 0.17952578 0.13112255]
echo_repeat-1
METEOR
[0.09032179 0.10301799 0.11827163 0.0961369  0.13013996 0.08791449
 0.11057386 0.10508164 0.12839832 0.14236234 0.11845353 0.08594253
 0.10590114 0.08896968 0.13876348 0.09472257 0.10805416 0.10608426
 0.10678446 0.1032009  0.09718019 0.10215617 0.11003754 0.08780602
 0.12856469 0.10761976 0.08191375 0.10864907 0.09237173 0.11302467
 0.10588941 0.09855446 0.10479026 0.10030732 0.10196573 0.09335402
 0.1256805  0.11561828 0.10842126 0.11271787 0.08116307 0.09801576
 0.1277351  0.11083602 0.10571912 0.09876579 0.10393223 0.10805987
 0.08465113 0.11803286 0.10977075 0.08681297 0.13373046 0.11638449
 0.11758947 0.13497914 0.10887702 0.07957853 0.09798382 0.08763724
 0.10885523 0.08841864 0.11598148 0.11541928 0.08788059 0.10490288
 0.09449983 0.10347934 0.11059961 0.13059427 0.12799785 0.10543782
 0.12009887 0.1184295  0.09076649 0.11230113 0.1149613  0.082864
 0.12158513 0.10474546 0.12448206 0.11130158 0.08683504 0.09633982
 0.09348832 0.10064955 0.12390662 0.10084876 0.09617632 0.12283516
 0.08637496 0.09425031 0.11983789 0.1133619  0.10770489 0.11359731
 0.11789484 0.11108527 0.09197025 0.09846443 0.12097558 0.09896993
 0.11472781 0.08493533 0.08913119 0.14428028 0.10976762 0.10952157
 0.10814306 0.10515816 0.11570117 0.10401883 0.08162651 0.13318073
 0.09694951 0.11015384 0.09012815 0.1153698  0.10319192 0.11896942
 0.08966587 0.07734226 0.08528923 0.08593026 0.11464176 0.09947805
 0.08418557 0.09801501 0.10987439 0.09719374 0.09313057 0.11041069
 0.10309842 0.11130715 0.10824341 0.09611351 0.10254695 0.1165337
 0.13145178 0.1010332  0.10506408 0.12372012 0.11652601 0.10282728
 0.11213296 0.06937273 0.11652468 0.1066855  0.10251234 0.12415817
 0.12553229 0.09709816 0.09311475 0.10120635 0.0823244  0.11968183
 0.09808936 0.1353693  0.08527903 0.11024045 0.11054657 0.1064951
 0.09589298 0.0703649  0.09679571 0.10440394 0.12911568 0.08400732
 0.09852374 0.13266368 0.11310089 0.09848166 0.09093069 0.1106614
 0.09267276 0.10166692 0.10782337 0.08078184 0.09437081 0.09935406
 0.11403865 0.10015517 0.09531908 0.11930914 0.1254354  0.10804566
 0.1096261  0.08673303 0.11567801 0.09835627 0.07098751 0.10191304
 0.07985935 0.09716736 0.10392204 0.1097843  0.1094126  0.09538826
 0.11905591 0.10688128]
echo_repeat-1
BERT
[0.7812724  0.7771267  0.77919275 0.78598714 0.7828862  0.7778838
 0.78088164 0.7831271  0.78427505 0.7834904  0.7840404  0.78282183
 0.781266   0.77753013 0.78584766 0.78135514 0.7822342  0.78184074
 0.77852416 0.7814961  0.78242546 0.78213996 0.78064877 0.783967
 0.78465873 0.7797448  0.7811971  0.7793165  0.7804974  0.7750518
 0.77990603 0.78414184 0.7816894  0.7815839  0.78142965 0.77832645
 0.7852093  0.77983654 0.78386587 0.7845016  0.77953327 0.78014535
 0.78327924 0.7845535  0.78019327 0.7798604  0.77851295 0.7789948
 0.77893645 0.77844566 0.7788407  0.7776484  0.78446096 0.7813527
 0.7816867  0.78360546 0.7809574  0.7743629  0.7843958  0.7858638
 0.77935904 0.77988106 0.7847826  0.7836508  0.7818731  0.781355
 0.77882713 0.7825802  0.78479636 0.78327495 0.7843888  0.7795826
 0.78159004 0.78432304 0.77809006 0.78254884 0.78065825 0.7788505
 0.7806109  0.7824767  0.77970564 0.78485304 0.78285795 0.77653706
 0.7774661  0.77812433 0.77898884 0.78618723 0.7803376  0.78120375
 0.7782009  0.7775776  0.7843546  0.7812823  0.7748862  0.7773106
 0.7777412  0.7820413  0.7815152  0.7806106  0.7824835  0.7814646
 0.77837676 0.77994144 0.7817515  0.78503746 0.77792144 0.7811483
 0.77761215 0.77999187 0.7857399  0.7835563  0.7792587  0.78135186
 0.78104156 0.781666   0.7797183  0.78682697 0.77732337 0.7822151
 0.7801039  0.7772222  0.77970487 0.7815228  0.77976197 0.7818098
 0.778761   0.78302467 0.78130585 0.78096443 0.782683   0.77978885
 0.7899629  0.7795078  0.78404415 0.78111666 0.7778298  0.786804
 0.78256255 0.77987176 0.78064567 0.77741903 0.7756716  0.77996105
 0.78063166 0.7807778  0.7815572  0.7849831  0.7827125  0.78149563
 0.78081995 0.7794245  0.7824243  0.77878463 0.776643   0.7862891
 0.78097546 0.782999   0.7824684  0.78732216 0.78361857 0.78129923
 0.77895623 0.7799331  0.7787795  0.7779364  0.7853687  0.78524303
 0.78494275 0.78811425 0.7780922  0.7840361  0.7806226  0.78244233
 0.77710426 0.7798999  0.77858657 0.7818702  0.7853188  0.7846466
 0.78060496 0.7817225  0.7821686  0.78093207 0.7802388  0.78475374
 0.7768997  0.782271   0.78565586 0.779706   0.7768323  0.7786093
 0.77758634 0.7810735  0.7821815  0.78257614 0.77832425 0.7786574
 0.7792246  0.7834181 ]
[nltk_data] Downloading package wordnet to /mnt/iusers01/fse-
[nltk_data]     ugpgt01/compsci01/q12628ct/nltk_data...
[nltk_data]   Package wordnet is already up-to-date!
[nltk_data] Downloading package punkt_tab to /mnt/iusers01/fse-
[nltk_data]     ugpgt01/compsci01/q12628ct/nltk_data...
[nltk_data]   Package punkt_tab is already up-to-date!
[nltk_data] Downloading package omw-1.4 to /mnt/iusers01/fse-
[nltk_data]     ugpgt01/compsci01/q12628ct/nltk_data...
[nltk_data]   Package omw-1.4 is already up-to-date!
/mnt/iusers01/fse-ugpgt01/compsci01/q12628ct/.conda/envs/semantic-decoding/lib/python3.10/site-packages/huggingface_hub/file_download.py:945: FutureWarning: `resume_download` is deprecated and will be removed in version 1.0.0. Downloads always resume when possible. If you want to force a new download, use `force_download=True`.
  warnings.warn(
Some weights of the model checkpoint at roberta-large were not used when initializing RobertaModel: ['lm_head.dense.bias', 'lm_head.layer_norm.bias', 'lm_head.dense.weight', 'lm_head.layer_norm.weight', 'lm_head.bias']
- This IS expected if you are initializing RobertaModel from the checkpoint of a model trained on another task or with another architecture (e.g. initializing a BertForSequenceClassification model from a BertForPreTraining model).
- This IS NOT expected if you are initializing RobertaModel from the checkpoint of a model that you expect to be exactly identical (initializing a BertForSequenceClassification model from a BertForSequenceClassification model).
Some weights of RobertaModel were not initialized from the model checkpoint at roberta-large and are newly initialized: ['roberta.pooler.dense.weight', 'roberta.pooler.dense.bias']
You should probably TRAIN this model on a down-stream task to be able to use it for predictions and inference.
echo_repeat-2
WER
[-0.06540688 -0.05805175 -0.07465905 -0.06965014 -0.07879765 -0.08137313
 -0.06324871 -0.06277053 -0.06682046 -0.0746645  -0.04669536 -0.07237007
 -0.08393997 -0.07611398 -0.07137786 -0.06744462 -0.05050235 -0.07325702
 -0.06471439 -0.06235236 -0.04599812 -0.07011797 -0.05737414 -0.0691782
 -0.05796703 -0.06182682 -0.04126706 -0.08130054 -0.07596855 -0.04967773
 -0.06772483 -0.06432639 -0.05983207 -0.07545498 -0.06744537 -0.06142392
 -0.0677527  -0.04766    -0.07445016 -0.07775132 -0.06418436 -0.08122271
 -0.07183168 -0.0438964  -0.06666797 -0.06204436 -0.02590394 -0.07575941
 -0.07510662 -0.06784873 -0.06447445 -0.07982034 -0.05155927 -0.05454129
 -0.06028754 -0.07585859 -0.06715539 -0.0676012  -0.07679712 -0.07166184
 -0.07897362 -0.06553433 -0.07787255 -0.08358467 -0.05794992 -0.04091162
 -0.07129282 -0.06977638 -0.06923985 -0.05651401 -0.06956299 -0.06303435
 -0.06479713 -0.05840324 -0.07027753 -0.07333563 -0.07273483 -0.0520443
 -0.06544389 -0.05321884 -0.06777773 -0.06816441 -0.06823297 -0.06983285
 -0.07823158 -0.06064108 -0.0724146  -0.06566754 -0.04714692 -0.08448178
 -0.07109186 -0.07348119 -0.0657019  -0.08000403 -0.06488883 -0.06718187
 -0.05614585 -0.0696565  -0.04374638 -0.06691357 -0.06630351 -0.08010807
 -0.08357452 -0.06676641 -0.06057847 -0.06646792 -0.06405978 -0.06438572
 -0.07420386 -0.05883139 -0.06876557 -0.0818668  -0.06058446 -0.0662307
 -0.06447641 -0.0509726  -0.07361376 -0.08185519 -0.07396402 -0.07646657
 -0.07080322 -0.06969746 -0.0403205  -0.07249998 -0.04797926 -0.04718911
 -0.07362881 -0.02804361 -0.05034314 -0.05374654 -0.05574551 -0.07498681
 -0.07519062 -0.06851269 -0.09217272 -0.03291184 -0.07146274 -0.08098766
 -0.06586745 -0.06371375 -0.06231959 -0.0794984  -0.07036655 -0.05936689
 -0.06458817 -0.08205693 -0.06919544 -0.07252265 -0.0735374  -0.06467398
 -0.06944563 -0.04784656 -0.07097608 -0.07538332 -0.07442884 -0.07286202
 -0.05465801 -0.06626493 -0.07320586 -0.04330837 -0.0668601  -0.07513753
 -0.08241015 -0.06216938 -0.05163678 -0.0608994  -0.06831912 -0.05933666
 -0.08080542 -0.0631168  -0.08335803 -0.06552252 -0.052623   -0.07930503
 -0.0644515  -0.06270327 -0.0692306  -0.0622222  -0.06194574 -0.06974948
 -0.06650101 -0.05620921 -0.07867138 -0.06151288 -0.05934586 -0.06925317
 -0.0788106  -0.05808621 -0.05882219 -0.06579458 -0.07226994 -0.06587388
 -0.07018819 -0.06199616 -0.06813469 -0.0633498  -0.08225543 -0.07832288
 -0.06625611 -0.07255745]
echo_repeat-2
BLEU
[0.15156575 0.15896193 0.15725754 0.1302633  0.13308596 0.17810678
 0.16643932 0.14645653 0.15478929 0.15389864 0.15371017 0.17521042
 0.14994504 0.12601365 0.16078631 0.18178136 0.18745324 0.15125351
 0.15294739 0.16156553 0.17374615 0.16969921 0.16961179 0.1583666
 0.14905401 0.16001929 0.20154579 0.13060225 0.14182417 0.16933639
 0.18759125 0.17780047 0.17018304 0.14106634 0.16879171 0.1571976
 0.16152595 0.191198   0.17922136 0.13816356 0.1506346  0.12243713
 0.14459847 0.17301183 0.14158432 0.16448089 0.17729688 0.14358507
 0.13383486 0.15771676 0.19576144 0.12483549 0.21256779 0.17974258
 0.16160454 0.15193331 0.19268932 0.17578521 0.13496036 0.15517949
 0.1767353  0.17838772 0.14079077 0.16185725 0.17557081 0.18248109
 0.13095866 0.137951   0.17464986 0.2065628  0.15135547 0.18337614
 0.17182736 0.17028318 0.14447026 0.1671127  0.16664286 0.17720772
 0.19257659 0.16490854 0.1600609  0.17252787 0.1684887  0.16017856
 0.15189454 0.19036608 0.14967107 0.16667611 0.18829148 0.15087147
 0.19233958 0.13779047 0.12681913 0.15783636 0.18381291 0.18767966
 0.18943221 0.15809427 0.18583933 0.17243304 0.15086676 0.17170147
 0.16072163 0.13001082 0.19654102 0.14462291 0.14724095 0.16986863
 0.14632757 0.14902397 0.16053011 0.13271705 0.1756662  0.1895181
 0.1582729  0.16361953 0.11224177 0.13290931 0.17495561 0.16740267
 0.14280819 0.18128994 0.18109203 0.16937992 0.16059587 0.16759836
 0.1391953  0.20782509 0.2054188  0.14021798 0.19235657 0.18016928
 0.17000215 0.1806991  0.1331631  0.19407396 0.14826753 0.14128934
 0.15700274 0.17548944 0.1821037  0.17464282 0.13588766 0.16296996
 0.14830778 0.14289132 0.1427401  0.16735738 0.1606812  0.16247651
 0.15109478 0.18334542 0.14110782 0.11024672 0.17663506 0.14030425
 0.16307173 0.15622015 0.17766922 0.1761996  0.15650578 0.14950198
 0.14352133 0.15887459 0.17295121 0.16754389 0.13250344 0.15654968
 0.14074389 0.18135192 0.16115774 0.17455375 0.18431694 0.1447217
 0.16255428 0.16761482 0.1300227  0.17488758 0.19072047 0.16388852
 0.16004485 0.16216664 0.14697567 0.18403009 0.17388561 0.18426732
 0.13920758 0.14942566 0.17645529 0.15996393 0.16916507 0.1738773
 0.16302739 0.1760939  0.15120991 0.17452317 0.10992114 0.12851822
 0.16270476 0.18151798]
echo_repeat-2
METEOR
[0.11144013 0.10208607 0.11543498 0.08436317 0.08511478 0.12058211
 0.13643066 0.09921196 0.10825189 0.09695308 0.10209995 0.13949882
 0.11597637 0.08465093 0.11349559 0.11548183 0.13290568 0.09306842
 0.10821217 0.1136698  0.11125729 0.1104421  0.1067787  0.10458867
 0.09245479 0.10213666 0.12862558 0.07061312 0.11812526 0.10274296
 0.13043434 0.10769538 0.11770536 0.10314865 0.10923499 0.10214412
 0.11191988 0.13292952 0.12109073 0.08947468 0.10675273 0.0829499
 0.1153324  0.12805287 0.113019   0.11456649 0.1199468  0.10652044
 0.09752327 0.11021531 0.12849104 0.07891149 0.16254599 0.13336546
 0.1049336  0.10662953 0.11665324 0.10843421 0.10690781 0.10964198
 0.10824193 0.12919663 0.09586664 0.10295148 0.12269272 0.12736439
 0.08497387 0.09500523 0.1156459  0.12564851 0.08459605 0.12978779
 0.10054813 0.12068628 0.0928792  0.11256755 0.1095975  0.12458081
 0.12256948 0.1111436  0.1207133  0.12076516 0.11908478 0.11539288
 0.10237284 0.11287941 0.09640485 0.12119335 0.11872146 0.10458227
 0.13167577 0.08672593 0.07998964 0.10318712 0.11339625 0.11913204
 0.11812291 0.09951645 0.12380182 0.10651728 0.09839906 0.11515522
 0.12136385 0.08984071 0.12744425 0.09179811 0.09960737 0.10012674
 0.09547079 0.12706383 0.09899145 0.08866118 0.10772961 0.13036978
 0.11997356 0.10822832 0.09212538 0.10133377 0.11716253 0.11776343
 0.1062615  0.12186407 0.11316904 0.11008184 0.10997845 0.12476198
 0.10242827 0.1333245  0.12552518 0.10721621 0.12380014 0.13193853
 0.11931559 0.11823793 0.0881814  0.13327098 0.10142005 0.10383972
 0.10593849 0.11398081 0.11075473 0.11040391 0.09346266 0.09905181
 0.106589   0.09551966 0.10246495 0.11568756 0.11204456 0.09979129
 0.09693977 0.11994721 0.09467374 0.0762012  0.12671903 0.09102656
 0.11072088 0.11082469 0.11178651 0.10931902 0.10631016 0.09723554
 0.09303807 0.11585942 0.1272933  0.12472154 0.08210928 0.10344823
 0.08396041 0.11858059 0.11195259 0.10562251 0.12822457 0.09260442
 0.1149019  0.11075834 0.08522794 0.10955868 0.1250777  0.1109797
 0.10430654 0.1050818  0.1025977  0.1179727  0.10713622 0.11454479
 0.09342821 0.10633773 0.12374647 0.11186712 0.12529412 0.11782993
 0.0998981  0.11976481 0.09613253 0.14096802 0.0874782  0.10368237
 0.10688021 0.1122177 ]
echo_repeat-2
BERT
[0.7840533  0.78476816 0.7796547  0.7791266  0.7765688  0.7845817
 0.7789022  0.78132385 0.7835275  0.780053   0.78027755 0.78561217
 0.77791375 0.7787081  0.7839988  0.78757906 0.7798545  0.7844267
 0.7773558  0.78210586 0.7869711  0.77777433 0.7787054  0.782087
 0.7824742  0.7806096  0.7763914  0.7791698  0.78230387 0.7832755
 0.78596246 0.78487927 0.7851579  0.7778245  0.7811568  0.7800423
 0.78468555 0.7854276  0.7810815  0.77949506 0.7788796  0.7750348
 0.7805879  0.7816577  0.7779745  0.78206533 0.7801024  0.7806231
 0.7803169  0.77894175 0.78325623 0.7772004  0.78369915 0.7805961
 0.78167343 0.7829631  0.7806151  0.7838304  0.7791235  0.7768123
 0.7787988  0.78297675 0.77949536 0.77979344 0.78016454 0.7855298
 0.7790476  0.7794979  0.7776005  0.78359956 0.78061295 0.78025055
 0.782858   0.77933276 0.779843   0.78109926 0.78004295 0.7837239
 0.78034115 0.7847642  0.7861658  0.78501844 0.7843439  0.7789907
 0.7808508  0.78169763 0.7806385  0.7828611  0.7828407  0.7789987
 0.78697735 0.77640903 0.7796903  0.7847944  0.78512734 0.78055674
 0.7843855  0.77840656 0.7801107  0.78096956 0.78065526 0.77922875
 0.7808883  0.777992   0.7875675  0.78206235 0.7777911  0.7798598
 0.77983063 0.784429   0.78551555 0.77823323 0.7855974  0.7814398
 0.77847624 0.77946144 0.7801495  0.7801576  0.7799372  0.7790447
 0.7787774  0.7836181  0.7813421  0.7813084  0.77861637 0.788377
 0.78371674 0.7835778  0.7832202  0.7785344  0.78126377 0.7831539
 0.7849244  0.7810939  0.7767024  0.783146   0.78076404 0.78558594
 0.77947307 0.782129   0.78180003 0.78415847 0.77904    0.778386
 0.7754861  0.7821541  0.7763373  0.7835816  0.78283113 0.7810158
 0.78121    0.78295565 0.780377   0.7784586  0.7807845  0.78038293
 0.7769214  0.780063   0.78294617 0.7829345  0.7872112  0.7815968
 0.7837969  0.78315365 0.7813485  0.7783427  0.777396   0.7809438
 0.78011775 0.78089637 0.782212   0.781682   0.78017014 0.7798504
 0.7787349  0.77828854 0.77668834 0.78542256 0.7782772  0.78533155
 0.77970743 0.7843759  0.77678627 0.7789965  0.7822364  0.7821456
 0.78356713 0.7815538  0.78302616 0.78073007 0.7819335  0.78499603
 0.7818827  0.7818184  0.7823973  0.78417766 0.7786342  0.7786396
 0.7779369  0.7766648 ]
[nltk_data] Downloading package wordnet to /mnt/iusers01/fse-
[nltk_data]     ugpgt01/compsci01/q12628ct/nltk_data...
[nltk_data]   Package wordnet is already up-to-date!
[nltk_data] Downloading package punkt_tab to /mnt/iusers01/fse-
[nltk_data]     ugpgt01/compsci01/q12628ct/nltk_data...
[nltk_data]   Package punkt_tab is already up-to-date!
[nltk_data] Downloading package omw-1.4 to /mnt/iusers01/fse-
[nltk_data]     ugpgt01/compsci01/q12628ct/nltk_data...
[nltk_data]   Package omw-1.4 is already up-to-date!
/mnt/iusers01/fse-ugpgt01/compsci01/q12628ct/.conda/envs/semantic-decoding/lib/python3.10/site-packages/huggingface_hub/file_download.py:945: FutureWarning: `resume_download` is deprecated and will be removed in version 1.0.0. Downloads always resume when possible. If you want to force a new download, use `force_download=True`.
  warnings.warn(
Some weights of the model checkpoint at roberta-large were not used when initializing RobertaModel: ['lm_head.dense.weight', 'lm_head.bias', 'lm_head.layer_norm.bias', 'lm_head.layer_norm.weight', 'lm_head.dense.bias']
- This IS expected if you are initializing RobertaModel from the checkpoint of a model trained on another task or with another architecture (e.g. initializing a BertForSequenceClassification model from a BertForPreTraining model).
- This IS NOT expected if you are initializing RobertaModel from the checkpoint of a model that you expect to be exactly identical (initializing a BertForSequenceClassification model from a BertForSequenceClassification model).
Some weights of RobertaModel were not initialized from the model checkpoint at roberta-large and are newly initialized: ['roberta.pooler.dense.bias', 'roberta.pooler.dense.weight']
You should probably TRAIN this model on a down-stream task to be able to use it for predictions and inference.
wheretheressmoke
WER
[0.03635784 0.03867167 0.0329211  0.02394496 0.03079646 0.02814976
 0.03515293 0.03270592 0.03768334 0.03215078 0.024498   0.03641402
 0.03465416 0.03063809 0.03866955 0.03307853 0.04017568 0.03063563
 0.03777439 0.03888302 0.03563155 0.03779776 0.03508047 0.03403984
 0.033051   0.03572386 0.03939403 0.03288711 0.03562012 0.03199281
 0.03347841 0.03738614 0.03562523 0.03896684 0.03574231 0.03244657
 0.0345618  0.03993636 0.03320942 0.03290801 0.03384801 0.03424511
 0.0374125  0.03473468 0.03413034 0.03160082 0.03045399 0.03484033
 0.03469073 0.03337883 0.03212609 0.02918871 0.03456736 0.04070903
 0.02949483 0.03261055 0.03279604 0.02759433 0.03332465 0.03908898
 0.04136121 0.04046048 0.03411858 0.03841412 0.03729445 0.0300967
 0.03735305 0.0335024  0.03495764 0.03073399 0.02917517 0.03176255
 0.03006017 0.03460978 0.03159371 0.02839926 0.03495461 0.02973533
 0.03811526 0.03470781 0.03226311 0.0362557  0.03373393 0.03600361
 0.0359383  0.03359297 0.03744083 0.0364853  0.03720098 0.04149951
 0.03555306 0.03277515 0.03640972 0.03340035 0.03682425 0.03465012
 0.03388718 0.03437421 0.03147144 0.03179408 0.03200471 0.03584492
 0.0367512  0.03182202 0.0354975  0.03348248 0.03400361 0.03548116
 0.03168887 0.03462908 0.03222007 0.03964125 0.03294291 0.02609022
 0.0339781  0.03631574 0.03853831 0.03489664 0.03353349 0.03132713
 0.03701552 0.03565873 0.03440538 0.02871851 0.04146455 0.03661173
 0.0387698  0.03768241 0.03551328 0.04097086 0.0326606  0.03248797
 0.03980352 0.03555511 0.03345318 0.03682373 0.03580741 0.03473841
 0.03274578 0.03033161 0.04045378 0.03561637 0.03782869 0.03428511
 0.03236748 0.0333722  0.03478111 0.03875475 0.02960044 0.03304816
 0.0304976  0.03038865 0.03810362 0.03459845 0.02828085 0.03210595
 0.03489667 0.03363782 0.0353957  0.03198223 0.0339081  0.02817921
 0.0295439  0.03764716 0.03833162 0.02875179 0.02947273 0.03257398
 0.03179231 0.03447802 0.03823333 0.03372907 0.03378041 0.0327387
 0.03319317 0.02575775 0.03250054 0.03190521 0.03425494 0.03123531
 0.0333395  0.0323918  0.03039803 0.03307349 0.03635505 0.03205199
 0.03062901 0.03357003 0.02923738 0.03117936 0.03506582 0.03549148
 0.03333305 0.03615973 0.02993779 0.03047044 0.03049043 0.0353746
 0.03295321 0.03164667]
wheretheressmoke
BLEU
[0.19260483 0.19990416 0.17841533 0.17797145 0.18371545 0.18338692
 0.18529786 0.19660982 0.18832993 0.18856666 0.17966778 0.18717658
 0.19607495 0.17563136 0.18728141 0.19275998 0.1924841  0.18810623
 0.19078325 0.19269982 0.18548934 0.19422101 0.18927565 0.18266949
 0.18596982 0.19211634 0.19924606 0.18914954 0.19145309 0.18827785
 0.1890779  0.19396979 0.19046379 0.19057023 0.18411103 0.18511075
 0.19975533 0.19575308 0.18335156 0.18952932 0.18977378 0.19522636
 0.19383277 0.19206729 0.19113809 0.18347197 0.19082456 0.18790289
 0.19260644 0.18832358 0.18018112 0.1843601  0.18631371 0.18738082
 0.1893732  0.18674563 0.19060768 0.18668799 0.18085124 0.1959373
 0.19830678 0.19578892 0.18346916 0.19659467 0.19837525 0.1843505
 0.18731731 0.19755515 0.19067031 0.19303166 0.18564124 0.18535717
 0.18590499 0.19862418 0.19978839 0.18398872 0.18256176 0.16852804
 0.19244427 0.19404679 0.17290803 0.19396997 0.18955454 0.20302458
 0.19387035 0.19308949 0.19663955 0.19068257 0.1911555  0.20324115
 0.18829872 0.19566795 0.20179773 0.19029233 0.18976543 0.18182854
 0.18601271 0.19117627 0.18201268 0.18277381 0.19777269 0.19840486
 0.19336446 0.18525758 0.19335633 0.18068413 0.1898937  0.18588258
 0.19040217 0.17876885 0.18269101 0.19562347 0.18731899 0.18490289
 0.18404206 0.19338236 0.19983952 0.19821666 0.17935159 0.18677741
 0.19146845 0.19128996 0.1876593  0.18094986 0.1951597  0.18816113
 0.19553996 0.19277604 0.18926165 0.19184884 0.18970295 0.19220565
 0.21016567 0.18740638 0.1864963  0.18942795 0.17724336 0.18966249
 0.19419473 0.18991019 0.20154647 0.19076977 0.18947978 0.19307844
 0.19009983 0.18104429 0.19156304 0.19271782 0.17900273 0.17539041
 0.18103401 0.17498704 0.18693101 0.19186182 0.1880799  0.18509668
 0.18176335 0.18056879 0.19503801 0.18976589 0.19499294 0.1767931
 0.18426705 0.18601472 0.19662822 0.18536165 0.18014892 0.19251502
 0.19284615 0.18867405 0.19637625 0.19006278 0.19178496 0.18147395
 0.18602733 0.19240091 0.18760234 0.18967091 0.18888058 0.18856909
 0.17553013 0.18528761 0.17994759 0.1877056  0.19128766 0.17518724
 0.18263733 0.17690397 0.17233208 0.18606796 0.18746252 0.19257995
 0.1765976  0.18879622 0.18751886 0.19300011 0.18154621 0.189819
 0.19205049 0.186439  ]
wheretheressmoke
METEOR
[0.14071999 0.14063135 0.13148629 0.13830015 0.13733269 0.13409459
 0.13902462 0.14015116 0.13846984 0.13418762 0.13196888 0.13670782
 0.13871236 0.12829333 0.13945143 0.14016729 0.13931927 0.13931699
 0.13820945 0.14782848 0.13714647 0.14512646 0.14027299 0.13126165
 0.14009523 0.13670258 0.14543565 0.13892677 0.14057291 0.13814501
 0.1355002  0.13516964 0.13817955 0.13330767 0.13569997 0.13759866
 0.14495644 0.14263904 0.14328369 0.14104067 0.13866435 0.14288363
 0.14140602 0.13919498 0.14390884 0.13087087 0.13935779 0.13704323
 0.14113984 0.13600915 0.12665297 0.13400522 0.13825758 0.13534414
 0.13516778 0.13832671 0.1372635  0.1391293  0.12961796 0.14252868
 0.14587825 0.13827974 0.12903969 0.14152684 0.13936057 0.13400793
 0.13630218 0.14076571 0.1415309  0.14613556 0.13492307 0.13794374
 0.13917163 0.14478444 0.14607196 0.13469729 0.13296401 0.12628871
 0.1416318  0.14198708 0.12884205 0.14074779 0.1425378  0.14789104
 0.14194552 0.13843873 0.14714248 0.14128675 0.14200889 0.1500583
 0.1384094  0.14005555 0.14515605 0.14028504 0.14224767 0.13531891
 0.13218927 0.13952383 0.1354019  0.13258366 0.13889279 0.14255411
 0.13868585 0.13683674 0.13934733 0.13466386 0.14220085 0.13923042
 0.13626862 0.13021217 0.13256371 0.14576064 0.13625287 0.13427504
 0.13621655 0.13769801 0.14543854 0.14298574 0.13199212 0.13503751
 0.13715612 0.13757388 0.13685224 0.13326851 0.14191769 0.13208592
 0.13950789 0.1407339  0.14140448 0.13278623 0.13929729 0.13638185
 0.15058867 0.13806488 0.13929841 0.13912444 0.12946779 0.13747154
 0.13517928 0.14100974 0.15122026 0.13519589 0.13625068 0.13782012
 0.13654606 0.1316864  0.13948269 0.14182017 0.13715229 0.13323123
 0.13407225 0.13068779 0.13881372 0.13995783 0.14050444 0.13940819
 0.13145825 0.13799475 0.13896374 0.13350589 0.13817113 0.13443125
 0.13065982 0.13494717 0.14527975 0.13287377 0.13419748 0.13941923
 0.13895063 0.13876004 0.13747719 0.13958953 0.14086815 0.13611603
 0.1380466  0.13898892 0.13809148 0.13655456 0.13956154 0.13784753
 0.12834858 0.14020619 0.13278438 0.13504241 0.13468917 0.13035798
 0.1413253  0.13464323 0.13411448 0.14066468 0.13542029 0.13274602
 0.12760804 0.14209595 0.13859831 0.14257502 0.1321436  0.13690536
 0.14246168 0.13580127]
wheretheressmoke
BERT
[0.7922027  0.7895288  0.7890086  0.7888308  0.789871   0.7897588
 0.7900008  0.7883587  0.7913881  0.78971386 0.78742623 0.787523
 0.7892226  0.78871655 0.79       0.7895419  0.7894655  0.7909094
 0.7895876  0.79157585 0.7896415  0.7896652  0.7902108  0.7898612
 0.789168   0.79017437 0.7902856  0.7911874  0.79167914 0.78948295
 0.79003954 0.7920004  0.7909636  0.7913057  0.7895757  0.7894821
 0.79182297 0.79009235 0.7893703  0.79007095 0.791674   0.78982365
 0.7906459  0.78988576 0.7916683  0.7890323  0.7896441  0.79119486
 0.7916133  0.7910449  0.78689283 0.78882974 0.78930783 0.7887643
 0.79061794 0.7903517  0.79100966 0.7899865  0.7879064  0.79027605
 0.7918306  0.79021764 0.7891707  0.7897109  0.7895995  0.78843415
 0.7904066  0.7896471  0.7916325  0.78930163 0.7909022  0.78876
 0.7905975  0.79010546 0.7890474  0.78962773 0.7900136  0.7884548
 0.7892866  0.79151845 0.7889902  0.7912718  0.78974676 0.7896541
 0.78957355 0.79113424 0.79097575 0.7906053  0.78930336 0.7902794
 0.789109   0.7905266  0.79264235 0.7890736  0.7889532  0.78905296
 0.7889467  0.7903753  0.78982747 0.7893045  0.79165435 0.79099166
 0.7896956  0.7876367  0.79075676 0.7887702  0.7884052  0.78985685
 0.7903484  0.78885055 0.788283   0.7900907  0.7887467  0.7883403
 0.7876976  0.791578   0.7915068  0.7909421  0.7888793  0.79043096
 0.7913653  0.7896187  0.79153925 0.78797364 0.7910948  0.7882867
 0.78941464 0.7894056  0.7906294  0.7908601  0.7894347  0.7901017
 0.7915905  0.7897731  0.7907792  0.7917013  0.7900009  0.7894983
 0.7897768  0.79117537 0.79172194 0.7896238  0.7902304  0.7903792
 0.7890633  0.7903464  0.7929298  0.78886926 0.79246616 0.78761977
 0.79040265 0.7876993  0.7907341  0.7920997  0.78961104 0.78884685
 0.79040116 0.78922206 0.788702   0.78880024 0.7896522  0.78892565
 0.7890989  0.78944033 0.78883207 0.7897311  0.79029435 0.7895902
 0.7896796  0.78659433 0.79009956 0.78915715 0.7887733  0.78994256
 0.7889887  0.7896406  0.790091   0.78927773 0.79109967 0.788901
 0.7899935  0.78920424 0.7890077  0.7906138  0.7894463  0.7913331
 0.78999203 0.79158014 0.78772986 0.79134566 0.78926575 0.7899452
 0.7891557  0.79041576 0.78923196 0.7921757  0.7904868  0.7900096
 0.78990877 0.7896779 ]
[nltk_data] Downloading package wordnet to /mnt/iusers01/fse-
[nltk_data]     ugpgt01/compsci01/q12628ct/nltk_data...
[nltk_data]   Package wordnet is already up-to-date!
[nltk_data] Downloading package punkt_tab to /mnt/iusers01/fse-
[nltk_data]     ugpgt01/compsci01/q12628ct/nltk_data...
[nltk_data]   Package punkt_tab is already up-to-date!
[nltk_data] Downloading package omw-1.4 to /mnt/iusers01/fse-
[nltk_data]     ugpgt01/compsci01/q12628ct/nltk_data...
[nltk_data]   Package omw-1.4 is already up-to-date!
/mnt/iusers01/fse-ugpgt01/compsci01/q12628ct/.conda/envs/semantic-decoding/lib/python3.10/site-packages/huggingface_hub/file_download.py:945: FutureWarning: `resume_download` is deprecated and will be removed in version 1.0.0. Downloads always resume when possible. If you want to force a new download, use `force_download=True`.
  warnings.warn(
Some weights of the model checkpoint at roberta-large were not used when initializing RobertaModel: ['lm_head.bias', 'lm_head.layer_norm.weight', 'lm_head.dense.weight', 'lm_head.layer_norm.bias', 'lm_head.dense.bias']
- This IS expected if you are initializing RobertaModel from the checkpoint of a model trained on another task or with another architecture (e.g. initializing a BertForSequenceClassification model from a BertForPreTraining model).
- This IS NOT expected if you are initializing RobertaModel from the checkpoint of a model that you expect to be exactly identical (initializing a BertForSequenceClassification model from a BertForSequenceClassification model).
Some weights of RobertaModel were not initialized from the model checkpoint at roberta-large and are newly initialized: ['roberta.pooler.dense.weight', 'roberta.pooler.dense.bias']
You should probably TRAIN this model on a down-stream task to be able to use it for predictions and inference.
Traceback (most recent call last):
  File "/net/scratch/q12628ct/semantic-decoding/decoding/evaluate_predictions.py", line 51, in <module>
    ref_data = load_transcript(args.experiment, reference)
  File "/net/scratch/q12628ct/semantic-decoding/decoding/utils_eval.py", line 23, in load_transcript
    with open(grid_path) as f: 
FileNotFoundError: [Errno 2] No such file or directory: '/net/scratch/q12628ct/semantic-decoding/data_test/test_stimulus/perceived_movie/sintel.TextGrid'
[nltk_data] Downloading package wordnet to /mnt/iusers01/fse-
[nltk_data]     ugpgt01/compsci01/q12628ct/nltk_data...
[nltk_data]   Package wordnet is already up-to-date!
[nltk_data] Downloading package punkt_tab to /mnt/iusers01/fse-
[nltk_data]     ugpgt01/compsci01/q12628ct/nltk_data...
[nltk_data]   Package punkt_tab is already up-to-date!
[nltk_data] Downloading package omw-1.4 to /mnt/iusers01/fse-
[nltk_data]     ugpgt01/compsci01/q12628ct/nltk_data...
[nltk_data]   Package omw-1.4 is already up-to-date!
/mnt/iusers01/fse-ugpgt01/compsci01/q12628ct/.conda/envs/semantic-decoding/lib/python3.10/site-packages/huggingface_hub/file_download.py:945: FutureWarning: `resume_download` is deprecated and will be removed in version 1.0.0. Downloads always resume when possible. If you want to force a new download, use `force_download=True`.
  warnings.warn(
Some weights of the model checkpoint at roberta-large were not used when initializing RobertaModel: ['lm_head.layer_norm.bias', 'lm_head.dense.bias', 'lm_head.dense.weight', 'lm_head.layer_norm.weight', 'lm_head.bias']
- This IS expected if you are initializing RobertaModel from the checkpoint of a model trained on another task or with another architecture (e.g. initializing a BertForSequenceClassification model from a BertForPreTraining model).
- This IS NOT expected if you are initializing RobertaModel from the checkpoint of a model that you expect to be exactly identical (initializing a BertForSequenceClassification model from a BertForSequenceClassification model).
Some weights of RobertaModel were not initialized from the model checkpoint at roberta-large and are newly initialized: ['roberta.pooler.dense.bias', 'roberta.pooler.dense.weight']
You should probably TRAIN this model on a down-stream task to be able to use it for predictions and inference.
presto
WER
[0.02871511 0.03948756 0.03872351 0.02710003 0.04011706 0.0346012
 0.03977204 0.02928976 0.0454732  0.03179941 0.02953335 0.04133929
 0.03622364 0.02132844 0.0389067  0.0311374  0.03415575 0.03692931
 0.04330509 0.03131026 0.02374185 0.03698757 0.02327116 0.03250678
 0.03062834 0.02631937 0.03410355 0.03927754 0.03774748 0.03118828
 0.0233235  0.03319681 0.03877159 0.03879099 0.03075903 0.02406871
 0.02709699 0.02857162 0.03811052 0.0302141  0.0336542  0.02709198
 0.03206506 0.03847799 0.03643912 0.02330786 0.03608199 0.03999707
 0.03747912 0.0203734  0.03552508 0.03157413 0.0327501  0.03400646
 0.03437753 0.03082015 0.02967189 0.02707871 0.03148254 0.04179873
 0.02656132 0.03031722 0.03492852 0.04219748 0.03473533 0.03911725
 0.02758431 0.02879756 0.02609024 0.03448075 0.03954623 0.0329942
 0.03321854 0.02842406 0.02834385 0.0340392  0.02834087 0.03564004
 0.03113125 0.02341246 0.03767868 0.03194116 0.03318074 0.02550473
 0.04022506 0.0404055  0.03559117 0.0220549  0.0364618  0.02413704
 0.03497811 0.03260559 0.03138907 0.03606571 0.02935783 0.0295347
 0.03029087 0.02508674 0.03407765 0.02721356 0.03316868 0.03825015
 0.03765206 0.03570485 0.03903116 0.02993306 0.02411492 0.02569254
 0.03389336 0.0302574  0.03862283 0.03801807 0.032056   0.03569501
 0.02966944 0.03162251 0.0350743  0.04370747 0.03603323 0.03254514
 0.03008703 0.03210583 0.02694687 0.03418014 0.02694806 0.03253641
 0.03441693 0.03199256 0.03024379 0.03376848 0.03401876 0.03092394
 0.0355502  0.02080574 0.03588638 0.03429121 0.0335417  0.03633743
 0.02587528 0.03360672 0.03481596 0.0301352  0.0386994  0.0322908
 0.02405676 0.03524183 0.03836853 0.02741397 0.02390886 0.03543457
 0.02339036 0.04006907 0.02805398 0.03049209 0.0302891  0.0331079
 0.03166889 0.02794916 0.03439215 0.03265402 0.03186999 0.03565487
 0.03213124 0.03640072 0.03758049 0.03548015 0.0350559  0.03329103
 0.02975487 0.03074276 0.02382592 0.03273649 0.03139276 0.02840615
 0.03293575 0.03791225 0.04278139 0.03887681 0.03140635 0.03230709
 0.02907442 0.01956533 0.03910548 0.04786562 0.03108492 0.02781191
 0.02191503 0.03161935 0.04121407 0.03079647 0.03572662 0.02941225
 0.0234628  0.03599413 0.03504996 0.0456884  0.02787546 0.03762024
 0.03957515 0.03967738]
presto
BLEU
[0.10777555 0.13905898 0.12787516 0.12225312 0.14443793 0.11445277
 0.12418789 0.11191758 0.13464948 0.10892843 0.1045392  0.12222671
 0.10517135 0.09868711 0.11598954 0.11352947 0.13254352 0.13375817
 0.13244921 0.12705862 0.1082634  0.12188615 0.10243098 0.11130333
 0.1256231  0.10834231 0.12004178 0.13610037 0.13592284 0.11340166
 0.10404316 0.13361436 0.13895582 0.12010103 0.11102047 0.09729558
 0.10609885 0.11424405 0.13655445 0.11990648 0.12115196 0.0980558
 0.11063499 0.13406036 0.11997225 0.11236224 0.12611405 0.118365
 0.12233071 0.10129374 0.1260385  0.12682816 0.113113   0.12803871
 0.12858457 0.11907279 0.12187165 0.11073278 0.11061973 0.12955285
 0.11898221 0.10987254 0.12958794 0.13531654 0.12069022 0.1261455
 0.10879294 0.10604819 0.11281709 0.13473364 0.12423157 0.10936124
 0.12201668 0.11863709 0.10890791 0.11477842 0.10700149 0.12684096
 0.10925497 0.11143748 0.12821663 0.11586883 0.12023682 0.10977875
 0.12221284 0.12336075 0.12937805 0.09014913 0.12780404 0.10773278
 0.11542612 0.11081733 0.1170136  0.12232157 0.11236275 0.12045113
 0.10294989 0.09726417 0.11533629 0.10884132 0.11346525 0.12269397
 0.13271667 0.11569717 0.12469224 0.11164839 0.0920498  0.10944408
 0.11594364 0.12086083 0.1208487  0.13892425 0.11744619 0.12011762
 0.10975326 0.12248055 0.11856672 0.11868881 0.11388808 0.12249616
 0.12234233 0.12093835 0.11056182 0.12697505 0.11536237 0.11713146
 0.12235562 0.1257219  0.11458785 0.13280111 0.11284271 0.11020116
 0.11887795 0.10132685 0.11660592 0.12401876 0.12558327 0.12709953
 0.0961091  0.12801779 0.1240601  0.11019625 0.1263937  0.12675847
 0.09554505 0.12653736 0.12176884 0.11005442 0.09598023 0.1299576
 0.09694512 0.13685039 0.11584148 0.106183   0.11324438 0.13025168
 0.10806658 0.11518585 0.10984964 0.10844884 0.10382214 0.12360358
 0.10865836 0.12200022 0.11673756 0.14386823 0.11640852 0.1169338
 0.11372729 0.10521232 0.11108918 0.13013343 0.12290002 0.11874519
 0.12084067 0.14793782 0.12924474 0.1258796  0.12045483 0.11575524
 0.11182842 0.08647206 0.12890472 0.14004693 0.11585331 0.10283791
 0.08883842 0.11411825 0.12290291 0.11895791 0.13362427 0.11513098
 0.10239173 0.12761222 0.12316993 0.14109631 0.11161876 0.1223169
 0.14519082 0.13091115]
presto
METEOR
[0.07509226 0.09189589 0.08937613 0.08327212 0.09301702 0.07758126
 0.09012563 0.07986282 0.08779275 0.07582503 0.07687725 0.08334025
 0.07803584 0.07031602 0.08795435 0.07767227 0.08510036 0.09172563
 0.0899897  0.08598372 0.07483365 0.08347321 0.07624816 0.08049165
 0.09098349 0.08001498 0.08143692 0.08980789 0.09196691 0.08000677
 0.07171959 0.09356619 0.09466175 0.08292884 0.0757525  0.06786329
 0.07260969 0.08120751 0.09059983 0.08443045 0.08359513 0.06911588
 0.08197819 0.08716113 0.08192613 0.07863862 0.08212721 0.08106759
 0.08629874 0.07113356 0.08657731 0.08736405 0.08057942 0.08831201
 0.08999609 0.08111854 0.08064641 0.07800509 0.08012095 0.08331669
 0.08334186 0.07725803 0.08750839 0.08729404 0.08449699 0.08461442
 0.07774179 0.0788767  0.07656175 0.08804394 0.08568275 0.07872978
 0.08459746 0.08003947 0.07410461 0.08288069 0.07415516 0.08683372
 0.07307004 0.08009865 0.08800949 0.07947851 0.0827215  0.07822875
 0.08590672 0.08057611 0.08633953 0.06897597 0.08530118 0.07676274
 0.07801103 0.07534814 0.07652627 0.08162147 0.077662   0.0787415
 0.07577672 0.07114616 0.07801287 0.08128848 0.07832186 0.08324305
 0.0911046  0.08092113 0.08301723 0.08224285 0.07057104 0.07388238
 0.08340842 0.08499263 0.08871922 0.09222741 0.0794146  0.08141017
 0.07944062 0.08294759 0.08394514 0.08369207 0.07557263 0.08517045
 0.08277217 0.08459624 0.07875874 0.08388634 0.08181732 0.07887918
 0.08447759 0.07992315 0.07631626 0.08688973 0.07810273 0.0774345
 0.07751669 0.07178073 0.08276223 0.08187842 0.08155097 0.08739546
 0.07293359 0.08538368 0.08452134 0.07784332 0.08753824 0.08869984
 0.06709331 0.08333787 0.08930512 0.08051682 0.07266459 0.08944684
 0.07235796 0.08991473 0.08662844 0.07339899 0.08177961 0.08834592
 0.07381596 0.08068427 0.07521176 0.07133044 0.07782505 0.08559535
 0.07775739 0.08431643 0.082481   0.09278974 0.08323034 0.08273336
 0.08173884 0.07284274 0.07811271 0.08654171 0.08187745 0.07815425
 0.08399852 0.09399594 0.08614562 0.0894916  0.07781187 0.08015324
 0.07575818 0.06778527 0.09018936 0.09686016 0.08511972 0.07432658
 0.06545643 0.0746661  0.08969723 0.0859574  0.09005796 0.08629957
 0.07020747 0.08624417 0.08478789 0.0923109  0.07882003 0.07795172
 0.10004521 0.08775084]
presto
BERT
[0.7682757  0.7728751  0.7749934  0.77115333 0.7744574  0.7734591
 0.771701   0.77329135 0.77601653 0.7723034  0.7671247  0.7748243
 0.7701773  0.7710375  0.7694494  0.7711962  0.7738988  0.77604556
 0.77616334 0.7721538  0.7682869  0.7717213  0.7708878  0.77319014
 0.7736238  0.77099055 0.770827   0.7750369  0.77479744 0.77167934
 0.76945347 0.77448094 0.7724686  0.7709204  0.7682954  0.771074
 0.77028936 0.77040166 0.7729716  0.7746612  0.7723141  0.77115285
 0.7710657  0.77221596 0.77144194 0.7711661  0.77296156 0.77314156
 0.7695979  0.7678833  0.77101284 0.77284634 0.77249855 0.7717157
 0.7714595  0.7694823  0.7751045  0.7698042  0.76923627 0.77368766
 0.7733358  0.7703744  0.77190876 0.77564347 0.7739067  0.77376205
 0.77083284 0.7744614  0.7725004  0.7731083  0.7696642  0.7699796
 0.7699455  0.77022684 0.7706018  0.77027726 0.7730723  0.77289116
 0.7697892  0.76953644 0.7716273  0.7721713  0.77298295 0.77134454
 0.77170837 0.76987    0.773543   0.76938665 0.77239823 0.77140254
 0.7745511  0.7695137  0.76876193 0.770083   0.77110726 0.77061677
 0.77008426 0.7701039  0.7706017  0.77220106 0.77083206 0.77152854
 0.77381736 0.7709731  0.77315897 0.7714645  0.7683956  0.7701222
 0.7707998  0.7726069  0.7740634  0.7737568  0.76952463 0.7725291
 0.7693029  0.77265537 0.7690483  0.7741467  0.76959205 0.77253693
 0.77174854 0.7718361  0.7710636  0.7743838  0.7740753  0.7716798
 0.77339154 0.7769044  0.7711891  0.7739801  0.7716645  0.7700028
 0.7713207  0.7698424  0.7731683  0.7710838  0.7719641  0.7745867
 0.7683389  0.77289695 0.77470237 0.7714566  0.76980644 0.77128005
 0.76913404 0.77196616 0.77282864 0.77045476 0.76836723 0.7710444
 0.7660289  0.77521545 0.77148414 0.7700891  0.77045286 0.7693879
 0.76953727 0.7690519  0.7718637  0.76821876 0.77231276 0.77107763
 0.7707882  0.76852804 0.7720686  0.77268165 0.7704861  0.77329195
 0.7698481  0.76932764 0.7747752  0.77205795 0.7720342  0.7705828
 0.77022326 0.7759894  0.77473396 0.77207565 0.7700194  0.77177626
 0.7713122  0.7681898  0.773      0.7763862  0.7704883  0.77016395
 0.76926816 0.76708883 0.7678207  0.7713991  0.77424043 0.772872
 0.7675129  0.7704604  0.770071   0.77560705 0.77413964 0.771183
 0.7731431  0.77542436]
[nltk_data] Downloading package wordnet to /mnt/iusers01/fse-
[nltk_data]     ugpgt01/compsci01/q12628ct/nltk_data...
[nltk_data]   Package wordnet is already up-to-date!
[nltk_data] Downloading package punkt_tab to /mnt/iusers01/fse-
[nltk_data]     ugpgt01/compsci01/q12628ct/nltk_data...
[nltk_data]   Package punkt_tab is already up-to-date!
[nltk_data] Downloading package omw-1.4 to /mnt/iusers01/fse-
[nltk_data]     ugpgt01/compsci01/q12628ct/nltk_data...
[nltk_data]   Package omw-1.4 is already up-to-date!
/mnt/iusers01/fse-ugpgt01/compsci01/q12628ct/.conda/envs/semantic-decoding/lib/python3.10/site-packages/huggingface_hub/file_download.py:945: FutureWarning: `resume_download` is deprecated and will be removed in version 1.0.0. Downloads always resume when possible. If you want to force a new download, use `force_download=True`.
  warnings.warn(
Some weights of the model checkpoint at roberta-large were not used when initializing RobertaModel: ['lm_head.dense.weight', 'lm_head.layer_norm.weight', 'lm_head.layer_norm.bias', 'lm_head.bias', 'lm_head.dense.bias']
- This IS expected if you are initializing RobertaModel from the checkpoint of a model trained on another task or with another architecture (e.g. initializing a BertForSequenceClassification model from a BertForPreTraining model).
- This IS NOT expected if you are initializing RobertaModel from the checkpoint of a model that you expect to be exactly identical (initializing a BertForSequenceClassification model from a BertForSequenceClassification model).
Some weights of RobertaModel were not initialized from the model checkpoint at roberta-large and are newly initialized: ['roberta.pooler.dense.bias', 'roberta.pooler.dense.weight']
You should probably TRAIN this model on a down-stream task to be able to use it for predictions and inference.
partlycloudy
WER
[-0.13661163 -0.14158583 -0.13337292 -0.13117879 -0.13866807 -0.13737928
 -0.13641991 -0.13180284 -0.13520118 -0.13935099 -0.14584268 -0.13743438
 -0.13157199 -0.12030776 -0.12615797 -0.13298418 -0.14473474 -0.14163126
 -0.13885101 -0.12956839 -0.13100935 -0.1458024  -0.12908775 -0.13934684
 -0.14419341 -0.13475794 -0.13622873 -0.14252832 -0.13281073 -0.1352879
 -0.14047293 -0.12871383 -0.13707427 -0.13940717 -0.13746042 -0.13126654
 -0.14268612 -0.1318994  -0.12948328 -0.12971274 -0.13454478 -0.12933456
 -0.1448428  -0.15290631 -0.13656965 -0.12713074 -0.1383195  -0.12450528
 -0.1352403  -0.13435222 -0.14626394 -0.13499803 -0.12966689 -0.14035489
 -0.14647935 -0.12890676 -0.14360221 -0.14664217 -0.14084221 -0.13666196
 -0.13611362 -0.13918206 -0.13520114 -0.12914967 -0.14039676 -0.12845776
 -0.13736495 -0.14712179 -0.12626212 -0.13537144 -0.13200495 -0.1279412
 -0.1240252  -0.14191189 -0.14223001 -0.14553652 -0.13180046 -0.13574577
 -0.13448842 -0.13153586 -0.14534153 -0.13511923 -0.13213249 -0.13804328
 -0.14023918 -0.13215825 -0.13531358 -0.13077499 -0.1391224  -0.13084926
 -0.14677276 -0.13960368 -0.1375435  -0.1375887  -0.13322307 -0.13559098
 -0.13465069 -0.13299695 -0.14412553 -0.13268126 -0.13407709 -0.12752871
 -0.139702   -0.14010262 -0.14497988 -0.14050108 -0.13705344 -0.13359335
 -0.1440893  -0.13615307 -0.13718242 -0.12750049 -0.13560288 -0.13131822
 -0.13426655 -0.13140541 -0.13943378 -0.12981494 -0.13559706 -0.1440249
 -0.13755849 -0.14268754 -0.13807387 -0.13287266 -0.1330158  -0.13141065
 -0.13885217 -0.13158788 -0.13977375 -0.13245603 -0.14029032 -0.143442
 -0.14630361 -0.13673298 -0.13545561 -0.13758973 -0.13006854 -0.13696329
 -0.13106862 -0.13717969 -0.13690959 -0.1369487  -0.14117082 -0.13905211
 -0.1336821  -0.13808631 -0.13296388 -0.14071018 -0.13267395 -0.12672685
 -0.14157946 -0.13926567 -0.1331187  -0.14402304 -0.12805305 -0.13504335
 -0.13195619 -0.13153151 -0.14190184 -0.1356785  -0.14147956 -0.14412655
 -0.12852305 -0.13780492 -0.13310421 -0.13758169 -0.13394379 -0.13246428
 -0.14144471 -0.13590167 -0.13648382 -0.13649987 -0.13425821 -0.13815463
 -0.14021536 -0.14070427 -0.12750155 -0.14516844 -0.13676415 -0.1287234
 -0.13052395 -0.14008767 -0.1312749  -0.13642873 -0.13522564 -0.14290298
 -0.13672237 -0.1224324  -0.13662314 -0.12875405 -0.14402366 -0.14315043
 -0.13351527 -0.14242551 -0.1350717  -0.14154398 -0.13884686 -0.1365951
 -0.12724137 -0.13041506]
partlycloudy
BLEU
[0.11813503 0.12104239 0.13509621 0.13022215 0.10666826 0.11838068
 0.12968044 0.13976871 0.12327155 0.11558384 0.12076848 0.1385274
 0.1368778  0.15199804 0.14312483 0.13692188 0.11879561 0.12789806
 0.12820427 0.13707907 0.13415294 0.12524551 0.12855067 0.1235822
 0.11276995 0.13132558 0.12634573 0.12085571 0.14014139 0.13368653
 0.12471778 0.13100063 0.1106044  0.11057318 0.1255211  0.11702565
 0.11353712 0.13906262 0.13800508 0.13509409 0.12276826 0.12715909
 0.09417366 0.10484637 0.11975407 0.1447054  0.11907929 0.13625375
 0.1285613  0.12761238 0.1106631  0.1286858  0.13604671 0.12765574
 0.10832362 0.11960494 0.11783431 0.10907865 0.11494321 0.123427
 0.11828565 0.11662657 0.12934379 0.1470005  0.12407252 0.14479099
 0.12271482 0.1163621  0.13910688 0.12654549 0.12987264 0.14000546
 0.13547767 0.10978087 0.11862179 0.11024136 0.12909989 0.12705457
 0.12715264 0.12917657 0.11823788 0.12685767 0.13753875 0.1342126
 0.10622069 0.13362016 0.12525255 0.13152475 0.10280404 0.13002686
 0.12235113 0.11994659 0.11885087 0.10860935 0.12918274 0.12372365
 0.1184632  0.12986408 0.13138811 0.13449183 0.13167473 0.12668803
 0.11748913 0.11266389 0.10797855 0.11514027 0.13353564 0.13163754
 0.12325568 0.11542509 0.13003305 0.1401309  0.10881511 0.13419618
 0.11941411 0.15068127 0.12057242 0.13661138 0.11227044 0.10977678
 0.13170674 0.1036004  0.11716356 0.13450954 0.13633539 0.1443488
 0.12534718 0.12949824 0.12154829 0.12759158 0.12942014 0.1214355
 0.11516862 0.12364477 0.12124143 0.13496909 0.11960505 0.1216986
 0.13068701 0.12865208 0.12827274 0.13188478 0.11663637 0.14069176
 0.1330346  0.12578772 0.13842254 0.11662384 0.13937291 0.13375301
 0.12477806 0.11846715 0.12583376 0.11550937 0.1233618  0.12559715
 0.13947647 0.13142511 0.11856367 0.12535055 0.11917446 0.11668924
 0.13654501 0.11991481 0.13493072 0.11277577 0.12236454 0.13805596
 0.12049915 0.14123767 0.11165054 0.1314297  0.1309341  0.13140725
 0.1172454  0.11329663 0.13337289 0.11210155 0.12858024 0.14237778
 0.13844508 0.11218114 0.13502091 0.12714052 0.13004068 0.11419153
 0.11985068 0.15522215 0.11417751 0.14474369 0.10334513 0.10898176
 0.13284518 0.12250101 0.13081575 0.12356252 0.12050489 0.12682754
 0.13886592 0.13625833]
partlycloudy
METEOR
[0.0917595  0.09764493 0.10475286 0.10890559 0.09200904 0.10279228
 0.10586318 0.11016397 0.09844603 0.10098727 0.10071988 0.11203797
 0.11609635 0.12574867 0.11438251 0.11236717 0.09689123 0.10106691
 0.10391279 0.10995746 0.10461333 0.10612056 0.10567855 0.10116922
 0.08912691 0.10581071 0.10652237 0.09677505 0.11416203 0.11266977
 0.10150214 0.10866439 0.09453526 0.09168241 0.10564323 0.09658692
 0.09867522 0.11178259 0.12087861 0.1040119  0.10480037 0.10044613
 0.08917797 0.08730987 0.09867791 0.11337624 0.09691298 0.10649726
 0.110035   0.10466127 0.09689181 0.10036215 0.10838998 0.10550733
 0.09035577 0.09548135 0.09798168 0.0896197  0.09689096 0.10341488
 0.10254582 0.10183108 0.10583602 0.11480699 0.1038285  0.11903058
 0.09978927 0.09688769 0.11080831 0.10550513 0.10669321 0.11050517
 0.11457539 0.0908155  0.09337174 0.09081259 0.10107628 0.10404733
 0.10631162 0.10515218 0.1014374  0.10185451 0.10748454 0.11130227
 0.09495633 0.10909837 0.10603463 0.10475575 0.08690821 0.10361538
 0.10430325 0.10020282 0.09242242 0.09464598 0.10495685 0.10564126
 0.09605885 0.1048711  0.10287997 0.1074608  0.10430472 0.10103984
 0.09436559 0.09663692 0.08697288 0.09457388 0.10224096 0.10632545
 0.09358327 0.09703315 0.10430223 0.11631028 0.09020447 0.10903705
 0.10117268 0.11419762 0.09992312 0.1083522  0.0965545  0.08679919
 0.10383815 0.08576399 0.09328764 0.10816649 0.11228994 0.11035562
 0.10059647 0.10144106 0.10227111 0.10728881 0.1002573  0.10022568
 0.09504605 0.10449942 0.1017817  0.11226613 0.09992736 0.09964296
 0.1019977  0.10464716 0.10971417 0.10855633 0.09579656 0.1107684
 0.10929972 0.09762207 0.12238245 0.09757281 0.1083204  0.10372795
 0.10351442 0.10040466 0.10734148 0.09531407 0.09973905 0.10549654
 0.11487622 0.10550235 0.09579467 0.10272435 0.09427208 0.09554026
 0.11255713 0.10377187 0.10646485 0.09401994 0.09863895 0.11689112
 0.10076093 0.11236545 0.09766535 0.10370796 0.10294339 0.10490735
 0.08731726 0.10056401 0.11164449 0.09490561 0.10648314 0.11069685
 0.1090804  0.09169205 0.1055508  0.10672147 0.10800857 0.09133328
 0.10330553 0.12081414 0.09258053 0.11245596 0.08451107 0.08744998
 0.10917478 0.09838256 0.09873783 0.09654006 0.095701   0.10237727
 0.11002005 0.11502375]
partlycloudy
BERT
[0.780471   0.78015983 0.7822305  0.77912927 0.7783724  0.7785794
 0.7791425  0.78306055 0.7785869  0.7808208  0.7800569  0.7807754
 0.7807861  0.77984864 0.7800788  0.7815939  0.78168035 0.7814333
 0.77996975 0.7805422  0.78243446 0.78107816 0.7819827  0.782734
 0.7797592  0.78073424 0.7803866  0.78014034 0.78126    0.7805144
 0.7803417  0.7820865  0.7793856  0.7777587  0.7807297  0.7792863
 0.78137606 0.78120166 0.77952474 0.7796551  0.7804302  0.7788569
 0.77858573 0.7791032  0.77974606 0.78057575 0.77939385 0.7812539
 0.7830107  0.7820661  0.7791423  0.7791868  0.7803563  0.7800915
 0.7807273  0.77747375 0.7782643  0.77677065 0.7791302  0.78041846
 0.7800835  0.78049594 0.7798512  0.78006566 0.7816691  0.78129804
 0.7769741  0.7784615  0.7830019  0.78143084 0.77925104 0.7844577
 0.7801365  0.78093463 0.7785374  0.779515   0.7820481  0.78101224
 0.7814735  0.7777241  0.77806854 0.7818796  0.7795894  0.779375
 0.777451   0.7798662  0.77996063 0.7784213  0.7803751  0.77895564
 0.7796025  0.77979416 0.77812505 0.7810445  0.77757835 0.7806342
 0.7800494  0.7796242  0.7807493  0.7790484  0.7781431  0.78008246
 0.77780646 0.77684414 0.777689   0.7815742  0.77822876 0.7801016
 0.7787745  0.7808326  0.77877283 0.7790546  0.7784351  0.7843766
 0.7803937  0.77979434 0.7790021  0.7807256  0.782392   0.77742547
 0.77982914 0.77969265 0.7791763  0.7812234  0.7841777  0.7854039
 0.7805126  0.77973616 0.77867544 0.7780792  0.77992153 0.77799517
 0.77717143 0.78189445 0.7769449  0.77945083 0.7788845  0.7790712
 0.78178287 0.7789738  0.77833307 0.7774726  0.77795494 0.7815278
 0.7804402  0.7802726  0.77903765 0.7776124  0.77974755 0.7789815
 0.78085095 0.7795297  0.77803326 0.7778542  0.7805136  0.7811468
 0.7808453  0.77710295 0.7780404  0.7781051  0.7763182  0.77695805
 0.78147477 0.7812218  0.7797883  0.7795164  0.77815294 0.7812112
 0.7797684  0.7821445  0.7794547  0.78044784 0.7795691  0.78055716
 0.77784014 0.77960944 0.77992356 0.7763029  0.7791226  0.7815227
 0.77955055 0.77917945 0.78034014 0.7802475  0.7801283  0.7806726
 0.7817638  0.7813201  0.7794415  0.7818384  0.77917576 0.78036386
 0.7814711  0.77823174 0.77992356 0.77973086 0.78138787 0.77884847
 0.7796952  0.78031516]
[nltk_data] Downloading package wordnet to /mnt/iusers01/fse-
[nltk_data]     ugpgt01/compsci01/q12628ct/nltk_data...
[nltk_data]   Package wordnet is already up-to-date!
[nltk_data] Downloading package punkt_tab to /mnt/iusers01/fse-
[nltk_data]     ugpgt01/compsci01/q12628ct/nltk_data...
[nltk_data]   Package punkt_tab is already up-to-date!
[nltk_data] Downloading package omw-1.4 to /mnt/iusers01/fse-
[nltk_data]     ugpgt01/compsci01/q12628ct/nltk_data...
[nltk_data]   Package omw-1.4 is already up-to-date!
/mnt/iusers01/fse-ugpgt01/compsci01/q12628ct/.conda/envs/semantic-decoding/lib/python3.10/site-packages/huggingface_hub/file_download.py:945: FutureWarning: `resume_download` is deprecated and will be removed in version 1.0.0. Downloads always resume when possible. If you want to force a new download, use `force_download=True`.
  warnings.warn(
Some weights of the model checkpoint at roberta-large were not used when initializing RobertaModel: ['lm_head.bias', 'lm_head.dense.bias', 'lm_head.layer_norm.bias', 'lm_head.layer_norm.weight', 'lm_head.dense.weight']
- This IS expected if you are initializing RobertaModel from the checkpoint of a model trained on another task or with another architecture (e.g. initializing a BertForSequenceClassification model from a BertForPreTraining model).
- This IS NOT expected if you are initializing RobertaModel from the checkpoint of a model that you expect to be exactly identical (initializing a BertForSequenceClassification model from a BertForSequenceClassification model).
Some weights of RobertaModel were not initialized from the model checkpoint at roberta-large and are newly initialized: ['roberta.pooler.dense.weight', 'roberta.pooler.dense.bias']
You should probably TRAIN this model on a down-stream task to be able to use it for predictions and inference.
laluna
WER
[-0.04994705 -0.05058423 -0.05303111 -0.0552032  -0.05817447 -0.05345106
 -0.0581498  -0.0528567  -0.05539648 -0.05265585 -0.05351679 -0.05425539
 -0.06151397 -0.05082902 -0.05139113 -0.04937144 -0.05993087 -0.05193702
 -0.05936434 -0.04652687 -0.04746991 -0.06002052 -0.06142114 -0.05309785
 -0.05761643 -0.05226137 -0.05872674 -0.05317488 -0.04416058 -0.05841314
 -0.05774824 -0.04823842 -0.05244039 -0.0490514  -0.0571266  -0.05539624
 -0.05308171 -0.04799226 -0.06327887 -0.05258123 -0.05081285 -0.05413442
 -0.06027832 -0.05892216 -0.05619858 -0.05023407 -0.06019656 -0.05778462
 -0.05633174 -0.05254874 -0.06176029 -0.05781676 -0.05053493 -0.0505543
 -0.05996267 -0.05006958 -0.05114517 -0.05742326 -0.05593271 -0.04849224
 -0.04898638 -0.05542913 -0.06174761 -0.05506685 -0.05810774 -0.06073014
 -0.06120806 -0.05786129 -0.05189482 -0.05212138 -0.05553772 -0.05444623
 -0.04670065 -0.05364137 -0.0532031  -0.04804249 -0.05318375 -0.05565045
 -0.05217752 -0.05719807 -0.05132103 -0.03940715 -0.05352464 -0.05482959
 -0.05850739 -0.05509682 -0.05963199 -0.05556489 -0.04874767 -0.04969557
 -0.06153641 -0.05453833 -0.04795602 -0.05139552 -0.05691092 -0.05268059
 -0.05827633 -0.04835522 -0.05433519 -0.06432241 -0.05190726 -0.05881759
 -0.05817915 -0.04681609 -0.04810399 -0.05424571 -0.05775657 -0.0580415
 -0.05288491 -0.03676435 -0.0512006  -0.04552626 -0.05351791 -0.05466681
 -0.0622091  -0.04920308 -0.05809325 -0.04960726 -0.04655757 -0.05284022
 -0.05427306 -0.06100824 -0.04542705 -0.04422302 -0.05774589 -0.05526215
 -0.05648263 -0.05581706 -0.06219791 -0.06148737 -0.05155585 -0.05807961
 -0.05765343 -0.056013   -0.05250108 -0.05669622 -0.05657002 -0.05373309
 -0.04898541 -0.05446449 -0.0532978  -0.05119526 -0.05189795 -0.05402445
 -0.04821578 -0.04823307 -0.05623858 -0.05417826 -0.05469691 -0.05626542
 -0.0594481  -0.05841807 -0.04806269 -0.05628418 -0.05227529 -0.05455237
 -0.06467861 -0.05769902 -0.04696744 -0.04615004 -0.05856973 -0.05359704
 -0.05262322 -0.05727319 -0.0542379  -0.05491518 -0.05091673 -0.05839826
 -0.05027018 -0.05414243 -0.04677737 -0.04561829 -0.05956791 -0.04945143
 -0.06178737 -0.06186248 -0.05781094 -0.06206581 -0.04675073 -0.0596706
 -0.04347077 -0.05422727 -0.05573754 -0.06154209 -0.04691863 -0.05939996
 -0.06124911 -0.05138155 -0.05088059 -0.05346121 -0.05051371 -0.05226302
 -0.05401882 -0.04970607 -0.05456623 -0.05008143 -0.0571075  -0.05342582
 -0.05106314 -0.05276654]
laluna
BLEU
[0.12954442 0.12583046 0.13764674 0.1302857  0.12168436 0.12665948
 0.12414954 0.12475985 0.11675648 0.12288207 0.13344366 0.13206733
 0.12221327 0.14421844 0.13654756 0.12521586 0.12007498 0.13244505
 0.11655919 0.1208217  0.13140175 0.12129665 0.11620219 0.13321018
 0.12479697 0.12437362 0.12357511 0.13837862 0.1388243  0.1135924
 0.12743981 0.12187541 0.13694264 0.12928284 0.13033793 0.1228652
 0.12975492 0.13729648 0.10822004 0.13040423 0.13343915 0.12290936
 0.11647311 0.11091281 0.1163537  0.12545679 0.11784482 0.11135344
 0.12479828 0.13039779 0.11263187 0.11386626 0.13054195 0.12206727
 0.11832794 0.12830357 0.12309911 0.11990229 0.11339723 0.12485561
 0.12818919 0.12204828 0.11708756 0.12535646 0.11650052 0.12602958
 0.11173877 0.11510766 0.1268145  0.12486811 0.12209615 0.13210853
 0.13710684 0.12260006 0.12962355 0.14077188 0.13358595 0.13236134
 0.12672297 0.11955806 0.1332887  0.14124946 0.12541418 0.13650936
 0.11356127 0.1304952  0.1219534  0.12409309 0.12924626 0.12756015
 0.11810633 0.11452872 0.14517103 0.12739677 0.12243945 0.1256811
 0.128802   0.14140399 0.11974088 0.10780443 0.11865394 0.12709109
 0.12074837 0.13007365 0.13636801 0.11908893 0.11805701 0.12588503
 0.11867133 0.15333967 0.1213443  0.1452315  0.12964114 0.13548511
 0.11834637 0.13601904 0.12588345 0.14087431 0.13875314 0.12728906
 0.12252586 0.11204065 0.1505862  0.1523521  0.11434727 0.12108315
 0.11895582 0.13106599 0.11120604 0.11316974 0.12063374 0.11640043
 0.12426346 0.12571865 0.12951607 0.12889176 0.11368786 0.11623688
 0.12497381 0.11773516 0.11758513 0.12210908 0.12943859 0.13856396
 0.1335287  0.12263459 0.13125056 0.13555734 0.12851755 0.1255952
 0.11429277 0.12087019 0.12672978 0.12068855 0.13595931 0.12731244
 0.11500562 0.10730424 0.13701251 0.14146615 0.12951419 0.12704763
 0.12953733 0.12780618 0.12946276 0.1260253  0.12800815 0.12675733
 0.12324112 0.13073635 0.13005065 0.13176233 0.12615536 0.13817112
 0.12377132 0.12257168 0.11981309 0.1031705  0.13981248 0.11161091
 0.1350989  0.12068408 0.1330282  0.10919551 0.13782191 0.12542662
 0.11937057 0.12870142 0.12821737 0.11866675 0.12476022 0.1238777
 0.13163355 0.12642607 0.11604646 0.13947711 0.13361062 0.1291934
 0.11327549 0.12922591]
laluna
METEOR
[0.10099569 0.09509542 0.10087982 0.09845497 0.08976246 0.09623246
 0.08883403 0.09430496 0.08799041 0.09493044 0.09676999 0.09742586
 0.09305512 0.1016403  0.1016838  0.09485552 0.09042667 0.09591572
 0.08841773 0.09752291 0.10218044 0.09284036 0.08676482 0.09821861
 0.08932728 0.09625375 0.09285291 0.10688801 0.09798742 0.08837849
 0.09138456 0.0916179  0.10164655 0.09891732 0.094304   0.09017362
 0.09455309 0.10010544 0.0831317  0.09962862 0.09967682 0.0879917
 0.09183353 0.08547948 0.08783946 0.09182921 0.09254023 0.08737228
 0.08914008 0.09788178 0.08347577 0.08445741 0.09642078 0.09339899
 0.09355936 0.09527785 0.09676776 0.09318803 0.08960585 0.09022906
 0.09919939 0.09312796 0.08998957 0.09439061 0.08850677 0.09627414
 0.08450296 0.09048983 0.10001541 0.09215041 0.08923541 0.10088214
 0.10373439 0.09596981 0.09615138 0.1013839  0.09921116 0.09593241
 0.10366595 0.08625402 0.09767656 0.10394437 0.10024574 0.09758232
 0.08573387 0.09698244 0.09848757 0.08832242 0.09682579 0.09172372
 0.09026771 0.08826087 0.10197484 0.09222613 0.08825921 0.09097928
 0.09470926 0.10532009 0.08666116 0.08826031 0.08922737 0.09894315
 0.09457871 0.09857256 0.09978507 0.09440501 0.09200882 0.09192201
 0.08535156 0.10707777 0.08705878 0.1041975  0.09416622 0.09702624
 0.09108235 0.1004977  0.0931709  0.10148964 0.10454644 0.09450726
 0.0928417  0.08510115 0.10833821 0.11179643 0.08736368 0.08623328
 0.08752997 0.09614271 0.08848638 0.08595451 0.09031988 0.09169686
 0.09645238 0.0910936  0.09425729 0.09467568 0.0891847  0.08482544
 0.09532813 0.08978907 0.08619972 0.08835508 0.09545985 0.10035577
 0.10043484 0.09530288 0.0970818  0.10121269 0.09219151 0.09633719
 0.09090129 0.08864648 0.0943719  0.08860875 0.10458399 0.09039394
 0.0871499  0.08730479 0.10292992 0.10491974 0.09565615 0.09650942
 0.09575967 0.09520807 0.09761001 0.09590969 0.09232928 0.09574618
 0.09312376 0.09914417 0.09542032 0.09773755 0.09767135 0.10651411
 0.09353644 0.09372602 0.0886142  0.08095036 0.09919677 0.08229137
 0.10088665 0.08661815 0.10039238 0.08253071 0.09789302 0.09201248
 0.09440442 0.09261107 0.09522217 0.0921078  0.09211115 0.08958881
 0.09734576 0.09901108 0.09307076 0.09845497 0.09700464 0.09886477
 0.08995226 0.09475647]
laluna
BERT
[0.7870138  0.78338253 0.7851153  0.783828   0.7852114  0.78257394
 0.78281754 0.78214043 0.78175026 0.7815418  0.78567606 0.7845638
 0.78460056 0.7867777  0.7841204  0.784624   0.7820576  0.7834862
 0.7847646  0.7825147  0.78673506 0.78158015 0.78218657 0.7854437
 0.78375465 0.78269356 0.7831017  0.78414965 0.78517973 0.78099495
 0.78396004 0.78336734 0.7840333  0.7824773  0.784655   0.7808647
 0.7839516  0.78558016 0.780947   0.7852394  0.78596336 0.781857
 0.78239703 0.783838   0.78255117 0.78097486 0.7804344  0.781827
 0.7851232  0.78178495 0.7804127  0.7826929  0.7850829  0.7838216
 0.7833158  0.7871524  0.78485423 0.781841   0.7828516  0.78202707
 0.78417736 0.7822596  0.7836693  0.7841865  0.7820824  0.78377336
 0.78341275 0.7816172  0.7843029  0.78216773 0.78332907 0.7855563
 0.7852585  0.7850337  0.7846805  0.78588367 0.78452706 0.7851797
 0.784713   0.7803579  0.78531116 0.7866078  0.7863954  0.78526044
 0.78040785 0.78287673 0.7860041  0.7833141  0.78194886 0.78175855
 0.7845341  0.78225005 0.790919   0.7865881  0.784089   0.7819591
 0.7820578  0.7862252  0.7831727  0.78835744 0.7840421  0.7856277
 0.78338826 0.78584623 0.7879637  0.78265435 0.7835882  0.7849265
 0.78430986 0.78628606 0.7799251  0.7848022  0.7854795  0.78291434
 0.7852318  0.7870642  0.78490204 0.7847384  0.7854867  0.7831345
 0.78057474 0.7812653  0.7885346  0.78664875 0.78001094 0.78421086
 0.78505087 0.78704834 0.78395545 0.7814628  0.7799212  0.7836909
 0.786049   0.7832881  0.7847114  0.7850349  0.7813976  0.7823093
 0.7815675  0.7795884  0.7824331  0.7856058  0.78348386 0.78751034
 0.78618276 0.78472465 0.7867079  0.7847388  0.7830533  0.7825867
 0.78384817 0.785022   0.7838841  0.78290975 0.7843562  0.784339
 0.7808282  0.7821056  0.7841426  0.7846064  0.7850917  0.7820676
 0.78378046 0.78529125 0.7819701  0.7860713  0.7867853  0.7852348
 0.7850072  0.7845474  0.7841146  0.7859927  0.78391296 0.78667474
 0.78533566 0.78270984 0.78304225 0.7809509  0.7875538  0.78286004
 0.78637666 0.7816855  0.7867777  0.780686   0.7831406  0.7821965
 0.78342664 0.78514683 0.7856162  0.7847401  0.7847954  0.7804744
 0.78395575 0.78654927 0.78320515 0.78979456 0.7877125  0.7855752
 0.78279525 0.7856078 ]
[nltk_data] Downloading package wordnet to /mnt/iusers01/fse-
[nltk_data]     ugpgt01/compsci01/q12628ct/nltk_data...
[nltk_data]   Package wordnet is already up-to-date!
[nltk_data] Downloading package punkt_tab to /mnt/iusers01/fse-
[nltk_data]     ugpgt01/compsci01/q12628ct/nltk_data...
[nltk_data]   Package punkt_tab is already up-to-date!
[nltk_data] Downloading package omw-1.4 to /mnt/iusers01/fse-
[nltk_data]     ugpgt01/compsci01/q12628ct/nltk_data...
[nltk_data]   Package omw-1.4 is already up-to-date!
/mnt/iusers01/fse-ugpgt01/compsci01/q12628ct/.conda/envs/semantic-decoding/lib/python3.10/site-packages/huggingface_hub/file_download.py:945: FutureWarning: `resume_download` is deprecated and will be removed in version 1.0.0. Downloads always resume when possible. If you want to force a new download, use `force_download=True`.
  warnings.warn(
Some weights of the model checkpoint at roberta-large were not used when initializing RobertaModel: ['lm_head.bias', 'lm_head.dense.bias', 'lm_head.dense.weight', 'lm_head.layer_norm.weight', 'lm_head.layer_norm.bias']
- This IS expected if you are initializing RobertaModel from the checkpoint of a model trained on another task or with another architecture (e.g. initializing a BertForSequenceClassification model from a BertForPreTraining model).
- This IS NOT expected if you are initializing RobertaModel from the checkpoint of a model that you expect to be exactly identical (initializing a BertForSequenceClassification model from a BertForSequenceClassification model).
Some weights of RobertaModel were not initialized from the model checkpoint at roberta-large and are newly initialized: ['roberta.pooler.dense.bias', 'roberta.pooler.dense.weight']
You should probably TRAIN this model on a down-stream task to be able to use it for predictions and inference.
alpha_repeat-1
WER
[-0.23153611 -0.24152685 -0.23231308 -0.22170149 -0.20909894 -0.22894547
 -0.24062157 -0.2431075  -0.24800492 -0.22356461 -0.25645943 -0.22968507
 -0.22255625 -0.25156311 -0.23746406 -0.23310276 -0.23426595 -0.27676109
 -0.24561947 -0.21769873 -0.22730502 -0.24436879 -0.23572674 -0.2194111
 -0.2167059  -0.24437232 -0.22674356 -0.22017383 -0.25825438 -0.18024416
 -0.25242624 -0.25103738 -0.22543317 -0.22689328 -0.20113939 -0.23237746
 -0.2249025  -0.23183594 -0.21569177 -0.21412345 -0.20147375 -0.23749801
 -0.24477477 -0.24746662 -0.25818372 -0.19776743 -0.20425082 -0.22077444
 -0.22764233 -0.20018346 -0.24826699 -0.23802092 -0.23804761 -0.23220434
 -0.25423007 -0.20444024 -0.23273811 -0.22138072 -0.25055886 -0.22874816
 -0.25200504 -0.22127777 -0.24552617 -0.18616396 -0.25587848 -0.22808058
 -0.22048085 -0.22480031 -0.2431524  -0.21376777 -0.24968499 -0.24553815
 -0.22154887 -0.25650909 -0.26011555 -0.23769006 -0.20675083 -0.23984644
 -0.22298246 -0.2004432  -0.23512517 -0.27961584 -0.24384425 -0.21976528
 -0.27123381 -0.23745878 -0.22534873 -0.22567033 -0.21517255 -0.27162116
 -0.24764032 -0.23928341 -0.26019887 -0.20465853 -0.25543907 -0.21992054
 -0.27688804 -0.22735755 -0.25873149 -0.23075188 -0.22453142 -0.25301372
 -0.25851871 -0.23355967 -0.25744875 -0.24606893 -0.24703841 -0.23507008
 -0.2023109  -0.2220549  -0.2513844  -0.22893597 -0.25961104 -0.21918548
 -0.22393996 -0.22284626 -0.24219166 -0.22831461 -0.24484894 -0.22928204
 -0.18237525 -0.23319422 -0.20253293 -0.25910471 -0.22413811 -0.22032333
 -0.22757572 -0.25900381 -0.21559085 -0.2250213  -0.21149995 -0.23684824
 -0.21503371 -0.19708437 -0.20781553 -0.23074934 -0.22083719 -0.22461451
 -0.22667306 -0.23902449 -0.27906953 -0.23739328 -0.19479106 -0.19889985
 -0.26536359 -0.2538437  -0.19566174 -0.21680276 -0.18801944 -0.23447006
 -0.2357962  -0.2448132  -0.26088547 -0.2519135  -0.2256076  -0.2194593
 -0.23856864 -0.21042406 -0.24307503 -0.26160649 -0.22699883 -0.23797088
 -0.25350176 -0.19422804 -0.22388833 -0.24171498 -0.22814505 -0.2448721
 -0.22401494 -0.25808529 -0.2454024  -0.21625409 -0.2282787  -0.22810668
 -0.22174456 -0.24983689 -0.24113985 -0.23027628 -0.24611155 -0.21649519
 -0.24384359 -0.20690541 -0.23338189 -0.23639391 -0.21175868 -0.22490245
 -0.23886264 -0.21952872 -0.21937954 -0.22563724 -0.25846737 -0.25416587
 -0.26741723 -0.24981559 -0.23040951 -0.19605211 -0.25619532 -0.22720246
 -0.26142847 -0.25052835]
alpha_repeat-1
BLEU
[0.21768474 0.19128017 0.17069545 0.20698713 0.21386062 0.18978738
 0.18271924 0.16713564 0.12746648 0.17923674 0.15104656 0.18906168
 0.18757984 0.15380005 0.15401654 0.17543366 0.17602886 0.11830346
 0.18181688 0.20498503 0.18621385 0.20729292 0.16476745 0.20349182
 0.20649647 0.18840864 0.20345251 0.20276898 0.16273731 0.23308537
 0.16597777 0.18897177 0.13538142 0.19748863 0.2267721  0.13585213
 0.19353454 0.21191388 0.21658733 0.21330771 0.17124999 0.17747179
 0.20083887 0.13577308 0.12961798 0.22639311 0.20010986 0.14737299
 0.19775774 0.19318634 0.17447183 0.2075535  0.188706   0.22042828
 0.18503244 0.23297197 0.18959521 0.20750547 0.18550028 0.17907844
 0.16529131 0.19887004 0.15671066 0.22211411 0.16017088 0.20025145
 0.19799104 0.20884522 0.17034298 0.22655432 0.1447671  0.18830453
 0.17162906 0.1663631  0.15145746 0.1951944  0.21469106 0.18611029
 0.22869504 0.220226   0.16063178 0.11584293 0.17065514 0.19273772
 0.1327417  0.17233537 0.20684193 0.15380362 0.16926598 0.15991734
 0.17989002 0.19710315 0.13875384 0.20232352 0.15107576 0.17786491
 0.1134     0.18209187 0.16520958 0.17132719 0.17000999 0.18328894
 0.13479407 0.17987736 0.1602014  0.16720673 0.15538843 0.21635883
 0.2047262  0.15586694 0.12822367 0.17567786 0.11215924 0.17790901
 0.19075202 0.14454799 0.19458467 0.20183414 0.16582173 0.2042126
 0.23813608 0.1899076  0.19282327 0.1897318  0.19752944 0.20360993
 0.17615543 0.12543156 0.19301867 0.16708603 0.21625063 0.16471739
 0.22230822 0.210782   0.22881765 0.18521466 0.19350887 0.19961249
 0.16544556 0.1701139  0.09552753 0.18898255 0.21689859 0.23208177
 0.11746438 0.14575109 0.22013215 0.23014466 0.23726964 0.17672112
 0.19003508 0.13131286 0.15037816 0.1664871  0.1663586  0.18206391
 0.19737163 0.1777797  0.15145095 0.12098669 0.18093901 0.1679525
 0.16866678 0.21237741 0.18796699 0.20986422 0.1839602  0.16718989
 0.16925973 0.13433839 0.19391677 0.21996185 0.1670818  0.20408584
 0.18334232 0.18384503 0.16903269 0.19602038 0.17605138 0.23425064
 0.16427005 0.18762584 0.18042085 0.18790056 0.16835456 0.17526758
 0.17962878 0.20924752 0.19682597 0.21856278 0.12585508 0.14966872
 0.14259284 0.15931007 0.17239493 0.24319782 0.13407857 0.14615597
 0.13369252 0.17878988]
alpha_repeat-1
METEOR
[0.17667482 0.15190476 0.13754244 0.16934021 0.15897601 0.1494629
 0.1370536  0.14398485 0.11407065 0.13389045 0.11586454 0.15169599
 0.13416993 0.11415063 0.10849305 0.14134983 0.13147755 0.08896887
 0.15084069 0.15908637 0.14654522 0.16333607 0.12376179 0.14092142
 0.1441623  0.13855026 0.16120281 0.17316665 0.13200474 0.17324684
 0.12517471 0.14363359 0.13764988 0.16382742 0.20451519 0.11393933
 0.15365288 0.17294669 0.15443089 0.16270556 0.13315413 0.13314335
 0.13717382 0.10040667 0.09798956 0.17442055 0.14758788 0.12926985
 0.17109244 0.15974561 0.1538707  0.14361015 0.14251663 0.1764518
 0.14223717 0.16745077 0.14720907 0.17365757 0.14330297 0.14580178
 0.13448213 0.14533957 0.12204374 0.15553643 0.12353329 0.1680974
 0.16095354 0.15710516 0.1338804  0.16851374 0.12502763 0.15010819
 0.14070197 0.12262683 0.10966056 0.16628231 0.1573099  0.16491681
 0.16784164 0.17346134 0.14022643 0.09598725 0.14964509 0.16721905
 0.12231851 0.13404842 0.15142421 0.13480396 0.14072886 0.13527581
 0.13376739 0.13814833 0.11252464 0.15464981 0.11903384 0.12686785
 0.08538438 0.15455995 0.12784696 0.15184674 0.13110201 0.12477582
 0.10769163 0.14235751 0.12019868 0.13044084 0.11556167 0.17431018
 0.16927739 0.13911778 0.11557198 0.12987485 0.09058661 0.14785963
 0.16657296 0.12790528 0.15377222 0.15701377 0.12912382 0.15525491
 0.17780266 0.16312014 0.1722809  0.15949808 0.16042944 0.15918019
 0.14050236 0.0954222  0.1512212  0.1289889  0.15926661 0.13622539
 0.17227916 0.17006389 0.19101285 0.16244338 0.15234701 0.15819737
 0.12155056 0.15295343 0.08769481 0.12980606 0.1607576  0.18224229
 0.08972363 0.11751677 0.16963096 0.16702974 0.16936353 0.14781728
 0.14921832 0.10460513 0.11720514 0.14031522 0.12412439 0.14943213
 0.17983018 0.13151906 0.1391688  0.09576071 0.13977585 0.13618894
 0.12258983 0.16357395 0.15519542 0.16161782 0.14120013 0.14314532
 0.1226934  0.12514927 0.14155523 0.16626255 0.13986978 0.17117418
 0.13227575 0.1380403  0.13783035 0.16079674 0.12965026 0.17238972
 0.13388102 0.14512195 0.15185603 0.14513788 0.13207606 0.14914634
 0.14461665 0.16513371 0.16066076 0.18281566 0.10664741 0.11755027
 0.13514069 0.11383801 0.13608722 0.18576976 0.11702973 0.12425462
 0.10912613 0.12563701]
alpha_repeat-1
BERT
[0.79876894 0.79636335 0.7918408  0.7915829  0.7954775  0.7965
 0.79526573 0.7963743  0.795267   0.7966808  0.7943519  0.79875946
 0.7993179  0.78980273 0.7924743  0.79644126 0.7973719  0.78776735
 0.79483795 0.79970133 0.793492   0.7939831  0.7874208  0.7910776
 0.7904694  0.79690224 0.79590446 0.7985815  0.7929472  0.79792076
 0.7927284  0.79419595 0.7939558  0.79312927 0.7953267  0.7895455
 0.79737824 0.7970304  0.7892508  0.7908078  0.79224217 0.7969198
 0.7942719  0.79196167 0.7909189  0.8001782  0.797347   0.7924683
 0.79530066 0.79486895 0.7929636  0.79353386 0.79519904 0.7943361
 0.7951841  0.8005442  0.7935686  0.79629403 0.7973257  0.79485834
 0.80317885 0.7901767  0.79550886 0.7972122  0.7911246  0.7947892
 0.7946101  0.79837483 0.79149616 0.79438263 0.79198587 0.7924911
 0.7923689  0.79188585 0.79361576 0.79564005 0.7942437  0.7934109
 0.7922086  0.7969997  0.7877482  0.7911211  0.7935655  0.7954065
 0.7943747  0.79188883 0.7939534  0.7928659  0.792476   0.7911856
 0.79537296 0.7870279  0.7914858  0.79488635 0.7912124  0.7952896
 0.7945381  0.79333925 0.7956166  0.7936328  0.7933376  0.7935021
 0.79583323 0.79220265 0.7943866  0.7936886  0.78951234 0.7915921
 0.80005044 0.7929226  0.7899228  0.7934035  0.78957677 0.79790384
 0.8004495  0.79172844 0.7938964  0.79319    0.7921627  0.7964303
 0.7968385  0.7940568  0.7965081  0.79634446 0.7936768  0.79517394
 0.79494894 0.7877281  0.79782706 0.7954272  0.7953083  0.78885853
 0.7947972  0.79573786 0.79813504 0.792409   0.7965018  0.7929689
 0.79539955 0.79391974 0.79322267 0.79425144 0.7953116  0.7940743
 0.78941375 0.79047126 0.79864883 0.8019668  0.7990059  0.8003437
 0.796303   0.7923458  0.7916704  0.7975096  0.79550153 0.79647774
 0.7931246  0.7922731  0.7926136  0.79316294 0.7968878  0.7958789
 0.79691315 0.79404235 0.7949493  0.79064345 0.7976776  0.7948663
 0.79616493 0.7966156  0.794762   0.80011505 0.79744774 0.796918
 0.78769755 0.7936373  0.7930666  0.79480314 0.79093504 0.7967397
 0.79562724 0.7927425  0.79253054 0.7930174  0.79508835 0.79226315
 0.7923506  0.79695547 0.7950433  0.7973229  0.7960479  0.7925363
 0.79352915 0.7902807  0.7975479  0.7969903  0.7916689  0.78843445
 0.7927264  0.78956026]
[nltk_data] Downloading package wordnet to /mnt/iusers01/fse-
[nltk_data]     ugpgt01/compsci01/q12628ct/nltk_data...
[nltk_data]   Package wordnet is already up-to-date!
[nltk_data] Downloading package punkt_tab to /mnt/iusers01/fse-
[nltk_data]     ugpgt01/compsci01/q12628ct/nltk_data...
[nltk_data]   Package punkt_tab is already up-to-date!
[nltk_data] Downloading package omw-1.4 to /mnt/iusers01/fse-
[nltk_data]     ugpgt01/compsci01/q12628ct/nltk_data...
[nltk_data]   Package omw-1.4 is already up-to-date!
/mnt/iusers01/fse-ugpgt01/compsci01/q12628ct/.conda/envs/semantic-decoding/lib/python3.10/site-packages/huggingface_hub/file_download.py:945: FutureWarning: `resume_download` is deprecated and will be removed in version 1.0.0. Downloads always resume when possible. If you want to force a new download, use `force_download=True`.
  warnings.warn(
Some weights of the model checkpoint at roberta-large were not used when initializing RobertaModel: ['lm_head.bias', 'lm_head.dense.weight', 'lm_head.layer_norm.weight', 'lm_head.layer_norm.bias', 'lm_head.dense.bias']
- This IS expected if you are initializing RobertaModel from the checkpoint of a model trained on another task or with another architecture (e.g. initializing a BertForSequenceClassification model from a BertForPreTraining model).
- This IS NOT expected if you are initializing RobertaModel from the checkpoint of a model that you expect to be exactly identical (initializing a BertForSequenceClassification model from a BertForSequenceClassification model).
Some weights of RobertaModel were not initialized from the model checkpoint at roberta-large and are newly initialized: ['roberta.pooler.dense.bias', 'roberta.pooler.dense.weight']
You should probably TRAIN this model on a down-stream task to be able to use it for predictions and inference.
alpha_repeat-2
WER
[-0.17981812 -0.21781226 -0.17085565 -0.18594295 -0.16988291 -0.16163133
 -0.14972535 -0.15518961 -0.16548303 -0.17034478 -0.19349486 -0.18437822
 -0.16784988 -0.17054426 -0.16285538 -0.18790907 -0.19646266 -0.15222814
 -0.17121823 -0.16902116 -0.19014318 -0.16727107 -0.17737761 -0.1914716
 -0.19756307 -0.17961784 -0.17663899 -0.19706849 -0.20492819 -0.20280513
 -0.16868467 -0.15856788 -0.18188292 -0.1637143  -0.1885791  -0.19210497
 -0.18319788 -0.17529081 -0.15054309 -0.19501213 -0.1909312  -0.15068186
 -0.160521   -0.18512634 -0.1713322  -0.15532347 -0.18340858 -0.15409457
 -0.19735731 -0.17152366 -0.14321294 -0.1633445  -0.19703352 -0.14871267
 -0.18520912 -0.16809786 -0.18299714 -0.17792383 -0.17960093 -0.14564319
 -0.18787573 -0.16955531 -0.17753961 -0.14950097 -0.16681091 -0.1733086
 -0.19868561 -0.20760124 -0.18798378 -0.20054258 -0.19028474 -0.16609855
 -0.20527692 -0.15011195 -0.1843211  -0.18264132 -0.1674693  -0.18588055
 -0.17123282 -0.1815467  -0.1806067  -0.16805432 -0.18504706 -0.16052997
 -0.19110121 -0.16954716 -0.1658149  -0.17300455 -0.15709502 -0.18155839
 -0.18202485 -0.16984282 -0.1974694  -0.17803145 -0.16914293 -0.18472434
 -0.19016797 -0.17571227 -0.18203529 -0.1661882  -0.14795113 -0.19401176
 -0.17582243 -0.20698311 -0.19115104 -0.19631021 -0.1967436  -0.15565733
 -0.17714256 -0.19492879 -0.14055429 -0.19211283 -0.18625102 -0.17028738
 -0.18936797 -0.18883903 -0.14199048 -0.16478846 -0.15898931 -0.18353084
 -0.17666162 -0.18194195 -0.15195978 -0.1616559  -0.18894054 -0.18610172
 -0.20337149 -0.17748207 -0.17301572 -0.19413504 -0.18791133 -0.17211015
 -0.19837499 -0.16699959 -0.18780637 -0.17590216 -0.15050077 -0.18285473
 -0.16586607 -0.18315896 -0.18702992 -0.18935554 -0.17588937 -0.18556182
 -0.15827141 -0.17237007 -0.16944204 -0.1811493  -0.21315714 -0.18078849
 -0.15315139 -0.20094253 -0.1567972  -0.17170227 -0.1490895  -0.17553771
 -0.20846948 -0.1923245  -0.18810875 -0.16849048 -0.21744318 -0.18830885
 -0.18026938 -0.19508522 -0.19942755 -0.14416463 -0.17340909 -0.16204662
 -0.15559986 -0.17837127 -0.16138096 -0.17259323 -0.1874177  -0.19177219
 -0.17404485 -0.14986031 -0.18090156 -0.19922885 -0.15794834 -0.19204546
 -0.16228446 -0.17654884 -0.18708223 -0.1748743  -0.14010545 -0.15166123
 -0.1625298  -0.15700587 -0.15487838 -0.18860295 -0.21439193 -0.17184994
 -0.19556753 -0.16956102 -0.16577092 -0.15574022 -0.18163267 -0.16623634
 -0.19263343 -0.16826109]
alpha_repeat-2
BLEU
[0.19201489 0.11299685 0.19825025 0.17859925 0.19153266 0.22684527
 0.20788882 0.22850488 0.23514954 0.18463255 0.19010353 0.21146927
 0.17079199 0.1792119  0.19534601 0.13807304 0.1925533  0.19004276
 0.1646084  0.24577835 0.13263584 0.19281398 0.17000935 0.17688158
 0.16468072 0.14074595 0.20514846 0.19919723 0.12427477 0.15003794
 0.20080103 0.23385604 0.15844952 0.18201249 0.17778498 0.16979453
 0.21115545 0.19444164 0.25350686 0.16985774 0.15035893 0.20309535
 0.22549231 0.15598077 0.1975558  0.21320681 0.1825579  0.20435279
 0.15070024 0.21718935 0.21876827 0.19988362 0.15186932 0.21270075
 0.20289956 0.18116325 0.17296633 0.21126992 0.16128438 0.23326304
 0.19683797 0.22391063 0.18797658 0.22633176 0.22331371 0.18852028
 0.14234587 0.13028224 0.16284575 0.18752217 0.18605318 0.1872011
 0.16024062 0.24115864 0.1654234  0.19590112 0.14280527 0.19521756
 0.16076507 0.1781473  0.20739136 0.19517985 0.17316502 0.21071001
 0.13962182 0.20220319 0.19503499 0.19358532 0.22180819 0.16584802
 0.17491145 0.20788696 0.17465817 0.16487197 0.15687407 0.15981411
 0.14105549 0.16699258 0.14564868 0.19653574 0.2254453  0.17076213
 0.21325749 0.19329683 0.16734745 0.15391596 0.15581358 0.21521282
 0.1725353  0.15014376 0.21138097 0.20232533 0.14674584 0.20057746
 0.15164268 0.18043982 0.27206074 0.21127559 0.22068534 0.19264722
 0.19178169 0.18596856 0.20955679 0.23135393 0.20690463 0.14533301
 0.13172434 0.14825733 0.20017032 0.14633079 0.19601814 0.21714223
 0.11730421 0.19722651 0.21553926 0.20787625 0.23060444 0.18283232
 0.20443518 0.17973125 0.16501231 0.15607422 0.18263373 0.22100739
 0.18930434 0.23153183 0.1935226  0.15354852 0.11890351 0.20039085
 0.21433965 0.16856266 0.20250081 0.18831552 0.19719372 0.20873206
 0.13363535 0.18862098 0.16368201 0.20584654 0.15926344 0.15126099
 0.2071982  0.19173627 0.16268814 0.22307631 0.17248633 0.20796672
 0.17354734 0.1688881  0.18424906 0.18304988 0.17925927 0.14534381
 0.15419837 0.21137925 0.1828758  0.14561962 0.21361494 0.17002291
 0.20942678 0.14499308 0.16240498 0.17427147 0.22461562 0.19963465
 0.20615578 0.17566376 0.23887079 0.18085346 0.14725969 0.15659248
 0.17271928 0.1435104  0.19176368 0.25246427 0.13769716 0.21763093
 0.18845131 0.14394072]
alpha_repeat-2
METEOR
[0.14580786 0.08828102 0.14666717 0.12517491 0.14543872 0.1615849
 0.14543422 0.17053038 0.17689271 0.13270502 0.13082661 0.15277935
 0.13376853 0.14397502 0.13996299 0.10525539 0.15057103 0.1424556
 0.11788093 0.17019582 0.09245817 0.15029311 0.13447972 0.13802878
 0.12192524 0.11073445 0.16213174 0.14647997 0.08926279 0.12207418
 0.15393462 0.15390381 0.1378412  0.13182818 0.12687719 0.12375316
 0.15583182 0.12971645 0.17247398 0.12594462 0.12044545 0.16599496
 0.18065343 0.11001706 0.1466974  0.1431871  0.13719818 0.15164475
 0.10702243 0.17048491 0.15074141 0.15002905 0.13080066 0.1449999
 0.15700291 0.14280374 0.12276035 0.15784075 0.12874161 0.18945032
 0.135947   0.16366913 0.13092712 0.1756909  0.16195236 0.14344892
 0.11162653 0.10066544 0.12022449 0.14202372 0.1341883  0.14134329
 0.13711935 0.17698001 0.12488545 0.1641344  0.12247628 0.15823794
 0.113176   0.12211862 0.15216341 0.13347707 0.12508976 0.17079922
 0.13152402 0.14866551 0.16101716 0.18122304 0.15453496 0.13159779
 0.12278861 0.14168283 0.11980449 0.12566195 0.12210779 0.12435197
 0.11539    0.12153394 0.12446402 0.1483817  0.16032934 0.11698849
 0.15623325 0.15424203 0.13443961 0.12018198 0.12347027 0.15185551
 0.12458848 0.13506605 0.15981201 0.14345062 0.09851455 0.1399631
 0.11847253 0.13834196 0.18125799 0.15911323 0.17361612 0.13924095
 0.14604397 0.12971773 0.1458023  0.1646401  0.14741137 0.10402364
 0.09218602 0.11423263 0.13652379 0.11805314 0.14997544 0.166271
 0.08688442 0.15300832 0.18007167 0.1511716  0.16739295 0.13428407
 0.16568754 0.1380516  0.12419936 0.1150498  0.1331719  0.18077239
 0.13426107 0.17059508 0.152661   0.12768342 0.09520734 0.15910466
 0.15220091 0.1305798  0.14720077 0.14962101 0.15644355 0.16528784
 0.11640924 0.12554498 0.12822782 0.13523519 0.12570787 0.11474014
 0.16018807 0.13586214 0.1256453  0.15115931 0.13319204 0.14694824
 0.12179907 0.13191719 0.13670567 0.14939637 0.1369317  0.12091415
 0.12526145 0.15056066 0.1276093  0.10444469 0.17011321 0.12095922
 0.1453255  0.12621185 0.13276818 0.13211098 0.1654689  0.1760109
 0.16404151 0.12578507 0.16388915 0.128356   0.11901093 0.12528322
 0.13753577 0.12116127 0.14137097 0.18105526 0.12111228 0.14813979
 0.14090324 0.11084193]
alpha_repeat-2
BERT
[0.79443973 0.7913631  0.7958483  0.7969626  0.797364   0.79588413
 0.7954374  0.7913792  0.79498476 0.7959784  0.7963563  0.7943601
 0.79102045 0.7922217  0.797291   0.7898077  0.7897287  0.79016477
 0.79024553 0.79368424 0.7904411  0.7987897  0.7876373  0.79901344
 0.7954342  0.7923087  0.79350567 0.7902081  0.7886697  0.79134357
 0.79293555 0.79897827 0.79232097 0.7898672  0.79387116 0.79134566
 0.79346514 0.79692143 0.7989427  0.7939357  0.7965943  0.79733443
 0.7965803  0.79120606 0.79247934 0.7923544  0.7943981  0.79044956
 0.78777415 0.79100007 0.7986761  0.79401016 0.7929708  0.79091364
 0.7923904  0.79737955 0.7933225  0.79516786 0.7894474  0.80096024
 0.79439807 0.79395014 0.79605204 0.7943506  0.78780776 0.79728335
 0.7902246  0.79372245 0.7874502  0.7937672  0.7898271  0.7961315
 0.79563504 0.79379135 0.7951931  0.7905776  0.7900152  0.7920158
 0.7930056  0.80137515 0.7970404  0.7996705  0.79198027 0.7967032
 0.79539025 0.7924237  0.79770905 0.8027982  0.7935869  0.7922288
 0.7960567  0.79385227 0.7927067  0.7920552  0.7919366  0.79305136
 0.79423785 0.7937288  0.794638   0.7971828  0.8012368  0.79214823
 0.7921167  0.79805857 0.7923894  0.78915393 0.7918918  0.7917179
 0.78986907 0.7927092  0.7944379  0.7961928  0.79729444 0.79205126
 0.79352736 0.7965377  0.7960895  0.79292345 0.8023695  0.7975895
 0.79599845 0.79585487 0.7926813  0.7994076  0.7948267  0.7888583
 0.79178077 0.7949323  0.7923557  0.78938365 0.80023193 0.7960048
 0.79183596 0.7942367  0.7974215  0.79954547 0.79612845 0.79501474
 0.79561263 0.79929    0.7916487  0.7923328  0.7947975  0.7934919
 0.7961683  0.8001202  0.7975823  0.79103386 0.7920474  0.8000879
 0.7961572  0.800334   0.79839736 0.79325986 0.7961442  0.79087764
 0.79365677 0.79587287 0.78880405 0.79439944 0.79372287 0.79110736
 0.80227613 0.79069406 0.79210883 0.79779214 0.79260224 0.7973721
 0.7894712  0.79522204 0.79065436 0.79516697 0.7981974  0.7896075
 0.7970846  0.7957131  0.79257107 0.79624075 0.7932594  0.7926511
 0.79857415 0.7877507  0.79260033 0.7947005  0.7956383  0.79942554
 0.79250705 0.79186386 0.7954551  0.7894372  0.79043615 0.79055095
 0.80041087 0.7923206  0.7888824  0.79868263 0.7939128  0.797252
 0.7960236  0.79110515]
[nltk_data] Downloading package wordnet to /mnt/iusers01/fse-
[nltk_data]     ugpgt01/compsci01/q12628ct/nltk_data...
[nltk_data]   Package wordnet is already up-to-date!
[nltk_data] Downloading package punkt_tab to /mnt/iusers01/fse-
[nltk_data]     ugpgt01/compsci01/q12628ct/nltk_data...
[nltk_data]   Package punkt_tab is already up-to-date!
[nltk_data] Downloading package omw-1.4 to /mnt/iusers01/fse-
[nltk_data]     ugpgt01/compsci01/q12628ct/nltk_data...
[nltk_data]   Package omw-1.4 is already up-to-date!
/mnt/iusers01/fse-ugpgt01/compsci01/q12628ct/.conda/envs/semantic-decoding/lib/python3.10/site-packages/huggingface_hub/file_download.py:945: FutureWarning: `resume_download` is deprecated and will be removed in version 1.0.0. Downloads always resume when possible. If you want to force a new download, use `force_download=True`.
  warnings.warn(
Some weights of the model checkpoint at roberta-large were not used when initializing RobertaModel: ['lm_head.layer_norm.weight', 'lm_head.dense.weight', 'lm_head.layer_norm.bias', 'lm_head.bias', 'lm_head.dense.bias']
- This IS expected if you are initializing RobertaModel from the checkpoint of a model trained on another task or with another architecture (e.g. initializing a BertForSequenceClassification model from a BertForPreTraining model).
- This IS NOT expected if you are initializing RobertaModel from the checkpoint of a model that you expect to be exactly identical (initializing a BertForSequenceClassification model from a BertForSequenceClassification model).
Some weights of RobertaModel were not initialized from the model checkpoint at roberta-large and are newly initialized: ['roberta.pooler.dense.weight', 'roberta.pooler.dense.bias']
You should probably TRAIN this model on a down-stream task to be able to use it for predictions and inference.
bravo_repeat-1
WER
[-0.09131656 -0.10639174 -0.10455361 -0.08677507 -0.08144605 -0.09943635
 -0.08846367 -0.09092865 -0.08929641 -0.09417542 -0.06144979 -0.08959778
 -0.10309617 -0.11203673 -0.08829239 -0.07641776 -0.08834133 -0.08576981
 -0.09345538 -0.08354629 -0.08489121 -0.08503999 -0.08748458 -0.08613892
 -0.08865861 -0.08770987 -0.07652315 -0.07238383 -0.07504087 -0.11406839
 -0.08728573 -0.081501   -0.09116972 -0.06885082 -0.07629073 -0.09922791
 -0.06319078 -0.09525931 -0.07866264 -0.10809576 -0.07488174 -0.08923157
 -0.0929911  -0.08636365 -0.0843107  -0.08817581 -0.08666132 -0.07951239
 -0.09800253 -0.09444334 -0.10197403 -0.10474913 -0.07504221 -0.08804934
 -0.06429827 -0.09571874 -0.10602925 -0.10238331 -0.0923339  -0.08435505
 -0.09046657 -0.09069784 -0.08083691 -0.1202333  -0.1072441  -0.10482998
 -0.09729459 -0.09660458 -0.09583573 -0.07872987 -0.07325675 -0.08748755
 -0.06248293 -0.09796927 -0.10528473 -0.09509023 -0.0869031  -0.08659039
 -0.09080875 -0.07782216 -0.10189214 -0.0784175  -0.07853053 -0.05319379
 -0.07368447 -0.08136551 -0.06742136 -0.0893294  -0.08127733 -0.09670743
 -0.06431232 -0.08152561 -0.10521773 -0.11318556 -0.06528701 -0.08351281
 -0.09862668 -0.08028054 -0.09810375 -0.08990521 -0.08693671 -0.09531983
 -0.08606779 -0.07817072 -0.09488013 -0.0952019  -0.10738645 -0.09315069
 -0.0953722  -0.08526543 -0.09113832 -0.09173209 -0.09860442 -0.09297832
 -0.07789286 -0.09715621 -0.0787366  -0.09419887 -0.09243423 -0.10053016
 -0.07824131 -0.100168   -0.09952086 -0.1057139  -0.08677921 -0.07706872
 -0.07116608 -0.08378754 -0.08360467 -0.09549599 -0.09408024 -0.09000503
 -0.07716222 -0.06644459 -0.1093449  -0.07312102 -0.08527451 -0.0730949
 -0.09417016 -0.09736948 -0.07564455 -0.10012812 -0.07600584 -0.08622175
 -0.07353723 -0.08498203 -0.09301686 -0.10441841 -0.08425679 -0.05808699
 -0.06710671 -0.10203078 -0.09998521 -0.10396796 -0.10165099 -0.10353874
 -0.08039494 -0.10622337 -0.08065118 -0.08475398 -0.11387502 -0.10740541
 -0.08729104 -0.08603077 -0.08975229 -0.09905448 -0.10223097 -0.08144172
 -0.10024062 -0.10039654 -0.07751055 -0.0958669  -0.0973643  -0.07607133
 -0.09172101 -0.08142865 -0.10486131 -0.0756731  -0.09380876 -0.0960157
 -0.09130761 -0.06485324 -0.08590185 -0.07767432 -0.09209349 -0.10271215
 -0.08703951 -0.08824531 -0.09398918 -0.10425689 -0.08679847 -0.08954014
 -0.07856646 -0.08471055 -0.08545459 -0.08933857 -0.1023545  -0.08568272
 -0.0948118  -0.10335312]
bravo_repeat-1
BLEU
[0.21559004 0.15932012 0.15780837 0.22635531 0.23176029 0.22236477
 0.25004611 0.2187175  0.21896455 0.21685705 0.23346185 0.23248368
 0.23012886 0.20414134 0.24851576 0.21612874 0.20823648 0.20391474
 0.19193802 0.23894894 0.21176364 0.17445515 0.2765791  0.21013073
 0.22917224 0.20916301 0.23297726 0.23758058 0.2018559  0.14362617
 0.22712397 0.21568333 0.2101786  0.25377694 0.21252167 0.19932644
 0.2164686  0.20759198 0.25659991 0.19816959 0.21231447 0.21320288
 0.18838591 0.22202586 0.22802977 0.26558548 0.22230953 0.19832344
 0.17450509 0.23834812 0.15770572 0.21720866 0.23496914 0.18212413
 0.21270494 0.25828337 0.1664334  0.17418672 0.19012078 0.21641438
 0.23663643 0.21878387 0.24861576 0.16599226 0.18859164 0.21863376
 0.21557152 0.15253791 0.18505295 0.21737989 0.22410668 0.22246076
 0.21931415 0.24665357 0.16426614 0.19228994 0.25907251 0.27002334
 0.19202656 0.24080442 0.16112369 0.24875197 0.2213362  0.22900469
 0.24642953 0.20708593 0.2652413  0.24689632 0.22553927 0.19685106
 0.26737185 0.213958   0.23546241 0.17851175 0.22881776 0.21388061
 0.17889063 0.18687235 0.21760751 0.19348666 0.20177621 0.23900004
 0.22438282 0.22588618 0.19819058 0.25932838 0.18595224 0.23825014
 0.22486914 0.21344854 0.2177209  0.19802971 0.18212268 0.19745224
 0.25529294 0.22638548 0.1972238  0.19791403 0.20081147 0.18617383
 0.19332438 0.19382371 0.1701474  0.23243662 0.23452447 0.22675631
 0.25175738 0.24065323 0.21527967 0.21611485 0.20446635 0.26414688
 0.24446044 0.20269887 0.13624948 0.2043487  0.20652787 0.24985493
 0.18942051 0.16040697 0.20673415 0.19245329 0.22043859 0.16731213
 0.22188589 0.2379137  0.19567785 0.19147427 0.23367113 0.21016302
 0.28138105 0.20769639 0.21600386 0.14684549 0.18060319 0.20081477
 0.25776344 0.17174652 0.19165496 0.24466608 0.12715694 0.20153363
 0.23755657 0.26091492 0.21609162 0.18523508 0.22288623 0.19325586
 0.18182488 0.17760964 0.20069573 0.19034631 0.2238012  0.21594675
 0.18385326 0.2158827  0.21214958 0.2202293  0.21527456 0.20539582
 0.17605034 0.2615548  0.22118796 0.28152644 0.24377991 0.1633735
 0.25176784 0.21720197 0.20841179 0.20341149 0.2469751  0.19368498
 0.2578387  0.23511221 0.23030367 0.20777253 0.18760638 0.21929257
 0.23316118 0.16418354]
bravo_repeat-1
METEOR
[0.14662729 0.12322402 0.12131225 0.15532859 0.15096091 0.14678865
 0.17186294 0.13709022 0.13985349 0.16900274 0.15773664 0.14712841
 0.15900569 0.15548484 0.17485034 0.15038597 0.15544482 0.13561036
 0.12803436 0.16578829 0.1539028  0.11978752 0.18499867 0.145416
 0.16157636 0.16953917 0.1653501  0.18347551 0.14930766 0.10080036
 0.15450715 0.14190594 0.14876714 0.1842658  0.14654564 0.15584214
 0.18018047 0.15808321 0.18516637 0.15946666 0.1492366  0.14025509
 0.12137176 0.15318238 0.15984101 0.18178259 0.16979946 0.14218761
 0.13088887 0.16485782 0.10931452 0.14347692 0.185128   0.12447109
 0.13945247 0.18287883 0.1322812  0.13834391 0.14196762 0.14860741
 0.15877222 0.14706325 0.18411522 0.11143281 0.13352689 0.14777155
 0.15873333 0.11265949 0.13306269 0.17682873 0.1574182  0.18508016
 0.16593712 0.17204851 0.13350489 0.14245483 0.18620108 0.18672408
 0.13241468 0.16535632 0.13375643 0.1887358  0.13581295 0.16550156
 0.1553981  0.14260322 0.2001395  0.16914484 0.14298796 0.14745453
 0.17362181 0.15167603 0.16503372 0.13596809 0.16698311 0.15276387
 0.127332   0.12073082 0.14773904 0.14877914 0.15533945 0.18733491
 0.17301208 0.15476757 0.12890106 0.18363683 0.13383568 0.17182224
 0.14502132 0.14530499 0.14278039 0.14499779 0.12217466 0.14500095
 0.17155697 0.16476252 0.15855303 0.151753   0.13105706 0.13791385
 0.13615903 0.13981658 0.12336923 0.15684225 0.17148977 0.15771795
 0.17140668 0.1691996  0.16915777 0.14354923 0.14091211 0.17868394
 0.17472156 0.13725404 0.11232959 0.14737318 0.15768628 0.16839047
 0.13074623 0.12545059 0.14592718 0.14514192 0.14264166 0.12011083
 0.15729383 0.16546892 0.1639683  0.15255104 0.15761964 0.15751453
 0.20128964 0.15639363 0.13699818 0.11428964 0.12331278 0.14988302
 0.18045888 0.12724007 0.1287795  0.16894472 0.09516178 0.15445611
 0.16891092 0.19282616 0.13335817 0.13209999 0.14160334 0.1584352
 0.13862569 0.14098479 0.15762941 0.12911635 0.1525385  0.13795919
 0.1331866  0.15742484 0.15837242 0.16558023 0.1499392  0.13678095
 0.12230252 0.18259571 0.15989357 0.19892069 0.16700988 0.13103789
 0.18389617 0.15180863 0.13661225 0.15088529 0.18084254 0.13965828
 0.17508822 0.17544781 0.15090619 0.14238365 0.13574471 0.14567451
 0.16595901 0.12302284]
bravo_repeat-1
BERT
[0.805566   0.79994434 0.8031321  0.80508775 0.80584866 0.80756426
 0.81040096 0.80492103 0.8073172  0.80267304 0.8116969  0.80266076
 0.80572    0.80722743 0.80674744 0.80938274 0.8068538  0.8031117
 0.8011775  0.805775   0.81101555 0.7990487  0.81091046 0.80631626
 0.8107151  0.80497414 0.8069816  0.80596226 0.80288035 0.80336773
 0.8040949  0.80160236 0.80626583 0.8035655  0.8056466  0.8093286
 0.8088538  0.80678463 0.8000052  0.8027689  0.80377626 0.8099754
 0.8003185  0.8019018  0.80108994 0.807693   0.80816406 0.80634886
 0.8064554  0.80437154 0.7969353  0.8048986  0.80567056 0.8048
 0.8004172  0.8039159  0.8008939  0.8050055  0.8044067  0.804274
 0.80684    0.80470854 0.816466   0.80252755 0.8092091  0.80137205
 0.8051295  0.8016253  0.80404526 0.809125   0.8044102  0.8100981
 0.80279857 0.8075628  0.8048704  0.8022209  0.81029    0.8111345
 0.8020146  0.81032693 0.80600625 0.8064661  0.80471003 0.80520445
 0.8042879  0.80870175 0.80805045 0.8034361  0.8091386  0.80551463
 0.8048787  0.80671114 0.80420715 0.8055169  0.8119237  0.8115775
 0.80398315 0.8009449  0.80566454 0.79924244 0.8081045  0.8081628
 0.80698365 0.80725247 0.8066985  0.8060706  0.8031765  0.8093899
 0.80344325 0.807014   0.8073157  0.8020995  0.80203235 0.80289406
 0.8094227  0.80058986 0.8084393  0.8006031  0.8048384  0.8051299
 0.8042368  0.8060284  0.80295956 0.8039236  0.8054239  0.80513793
 0.8047676  0.8092008  0.81063825 0.80278033 0.8002024  0.80421734
 0.8100676  0.8064292  0.80249786 0.803983   0.80489945 0.8109458
 0.81006277 0.80262905 0.80751866 0.800306   0.80574214 0.80052894
 0.8071317  0.8054018  0.8085999  0.8045007  0.8083255  0.80678016
 0.8114556  0.80682075 0.8009818  0.80143756 0.80315834 0.80413985
 0.8101049  0.8031064  0.80350566 0.80760044 0.8034588  0.80633724
 0.80675626 0.81205565 0.80465466 0.80544615 0.80651337 0.80791456
 0.8030658  0.8087669  0.8030882  0.80173314 0.80561113 0.8072845
 0.8021363  0.8087988  0.80566037 0.80243117 0.8027604  0.8031123
 0.80672127 0.80968094 0.8058417  0.80914354 0.80676705 0.8056415
 0.81116635 0.8086432  0.8018435  0.8004261  0.8080552  0.80107063
 0.8105759  0.80218756 0.8089478  0.80506146 0.8037897  0.8095117
 0.80657595 0.80086035]
[nltk_data] Downloading package wordnet to /mnt/iusers01/fse-
[nltk_data]     ugpgt01/compsci01/q12628ct/nltk_data...
[nltk_data]   Package wordnet is already up-to-date!
[nltk_data] Downloading package punkt_tab to /mnt/iusers01/fse-
[nltk_data]     ugpgt01/compsci01/q12628ct/nltk_data...
[nltk_data]   Package punkt_tab is already up-to-date!
[nltk_data] Downloading package omw-1.4 to /mnt/iusers01/fse-
[nltk_data]     ugpgt01/compsci01/q12628ct/nltk_data...
[nltk_data]   Package omw-1.4 is already up-to-date!
/mnt/iusers01/fse-ugpgt01/compsci01/q12628ct/.conda/envs/semantic-decoding/lib/python3.10/site-packages/huggingface_hub/file_download.py:945: FutureWarning: `resume_download` is deprecated and will be removed in version 1.0.0. Downloads always resume when possible. If you want to force a new download, use `force_download=True`.
  warnings.warn(
Some weights of the model checkpoint at roberta-large were not used when initializing RobertaModel: ['lm_head.bias', 'lm_head.layer_norm.weight', 'lm_head.layer_norm.bias', 'lm_head.dense.weight', 'lm_head.dense.bias']
- This IS expected if you are initializing RobertaModel from the checkpoint of a model trained on another task or with another architecture (e.g. initializing a BertForSequenceClassification model from a BertForPreTraining model).
- This IS NOT expected if you are initializing RobertaModel from the checkpoint of a model that you expect to be exactly identical (initializing a BertForSequenceClassification model from a BertForSequenceClassification model).
Some weights of RobertaModel were not initialized from the model checkpoint at roberta-large and are newly initialized: ['roberta.pooler.dense.weight', 'roberta.pooler.dense.bias']
You should probably TRAIN this model on a down-stream task to be able to use it for predictions and inference.
bravo_repeat-2
WER
[-0.03561601 -0.03931649 -0.03915873 -0.03824351 -0.04906983 -0.02704237
 -0.05759338 -0.0542622  -0.03511258 -0.02789242 -0.04857666 -0.05588169
 -0.05070138 -0.0208207  -0.06269422 -0.04651411 -0.0398236  -0.04855324
 -0.04188279 -0.03225849 -0.04467357 -0.04595173 -0.03501003 -0.03285412
 -0.02793162 -0.01626309 -0.03237721 -0.04229056 -0.03775305 -0.03637136
 -0.04301331 -0.04945756 -0.03487304 -0.03547735 -0.03824452 -0.03582435
 -0.04734406 -0.02874388 -0.04030952 -0.04393191 -0.02700128 -0.04603125
 -0.04778496 -0.02388278 -0.01821587 -0.04937396 -0.04260161 -0.05376823
 -0.02732142 -0.03167962 -0.04435113 -0.04432165 -0.02241158 -0.04338704
 -0.03473778 -0.01640269 -0.052592   -0.049398   -0.03891425 -0.04692437
 -0.02751714 -0.0316954  -0.02285795 -0.05102126 -0.03834012 -0.01451906
 -0.05983566 -0.03397773 -0.04037831 -0.02455207 -0.04955061 -0.03156297
 -0.02605668 -0.03451186 -0.03416395 -0.0109532  -0.03376089 -0.04692318
 -0.04335747 -0.03652282 -0.04254356 -0.04361165 -0.03363131 -0.03229587
 -0.03450253 -0.04291554 -0.04300805 -0.03166086 -0.04784568 -0.01459432
 -0.04749944 -0.03618608 -0.03853128 -0.0426633  -0.04295176 -0.03705927
 -0.04718606 -0.04008645 -0.0344503  -0.04818286 -0.04819023 -0.02149422
 -0.02602468 -0.03104668 -0.03015228 -0.04913461 -0.03410442 -0.05356128
 -0.03230819 -0.05532032 -0.04656889 -0.03544379 -0.05829775 -0.03692258
 -0.05315627 -0.03024074 -0.03486027 -0.03601527 -0.03513565 -0.03590968
 -0.04870136 -0.04463189 -0.02640149 -0.02673626 -0.04018678 -0.03753679
 -0.04317161 -0.05722316 -0.03836359 -0.04968262 -0.04551269 -0.05339791
 -0.04002005 -0.03976565 -0.04304337 -0.04965609 -0.02850526 -0.04049211
 -0.03362184 -0.02446064 -0.03568649 -0.04660426 -0.0380016  -0.06261355
 -0.03562451 -0.03003339 -0.03992009 -0.05147393 -0.04605015 -0.04187986
 -0.01532684 -0.04425714 -0.03768053 -0.0252297  -0.03075273 -0.0396265
 -0.03577614 -0.04897615 -0.03250898 -0.03014722 -0.03868597 -0.0440532
 -0.04230584 -0.04382749 -0.04730464 -0.03196122 -0.0467369  -0.036787
 -0.03228668 -0.03421891 -0.03470854 -0.04007514 -0.03886826 -0.04736862
 -0.03911833 -0.05209906 -0.02897305 -0.0527336  -0.0453624  -0.03288672
 -0.0444937  -0.03156088 -0.03997263 -0.04085575 -0.04146558 -0.02968836
 -0.01906209 -0.04573114 -0.04584936 -0.04195488 -0.03121477 -0.03572731
 -0.03280129 -0.04240728 -0.02697139 -0.05075309 -0.04325485 -0.04054339
 -0.03812016 -0.0333189 ]
bravo_repeat-2
BLEU
[0.22177862 0.2424134  0.21205201 0.20021863 0.21978156 0.24738042
 0.14460723 0.23103519 0.19830151 0.20735369 0.23893767 0.18566069
 0.20337736 0.2363703  0.16669606 0.11973418 0.19228648 0.21963805
 0.19715728 0.23542574 0.23674662 0.15836534 0.20753601 0.24735066
 0.20111553 0.21531464 0.2659798  0.20450389 0.23511246 0.25129936
 0.23078606 0.18442603 0.2251553  0.22104343 0.22093094 0.1767979
 0.21326944 0.24218859 0.24614667 0.16253773 0.26064499 0.15413194
 0.1839361  0.25972558 0.2673444  0.16577879 0.22376429 0.19934084
 0.23308372 0.23099793 0.22470051 0.15639651 0.21887413 0.19632037
 0.20803858 0.19889966 0.17764472 0.22144439 0.18590071 0.1918114
 0.25833957 0.23702525 0.24698955 0.1663628  0.20126548 0.27353708
 0.2126554  0.1766011  0.20942835 0.24508977 0.18171549 0.21070629
 0.21862873 0.26936152 0.22811908 0.22909478 0.21102766 0.17408023
 0.1757691  0.20727429 0.20397771 0.1380441  0.24355222 0.21485738
 0.23447011 0.18821735 0.212857   0.25126961 0.17398485 0.27271157
 0.18180094 0.20487242 0.23901874 0.16583027 0.21909813 0.20461915
 0.19234233 0.21855786 0.24586247 0.18814358 0.212975   0.23780249
 0.23949875 0.22185834 0.23524301 0.16600074 0.2261843  0.16980947
 0.19524342 0.21563556 0.24206082 0.21985313 0.16066356 0.23989206
 0.14895971 0.18878464 0.22148576 0.25092325 0.22644651 0.21014989
 0.26181198 0.19627745 0.24692086 0.23843189 0.23815894 0.20175529
 0.19791635 0.17436183 0.23219324 0.18474895 0.21356753 0.16147655
 0.21186225 0.20568436 0.21372177 0.15069407 0.22586656 0.18506122
 0.23542951 0.20816918 0.23537864 0.2223833  0.23831999 0.14377849
 0.20505295 0.18895944 0.25206785 0.12598254 0.22274798 0.20867036
 0.25057915 0.22135584 0.21895424 0.23715035 0.20798507 0.20379039
 0.22717211 0.2091288  0.25661345 0.20594453 0.22163918 0.23621454
 0.20490804 0.23198342 0.15068121 0.23334206 0.14590736 0.21685526
 0.16507928 0.2271773  0.21679108 0.21963263 0.2344209  0.24343246
 0.23066162 0.19618331 0.28199183 0.14939752 0.23057168 0.22216256
 0.21685998 0.22545951 0.21202895 0.21781152 0.1926662  0.21934661
 0.22541382 0.23687614 0.22182889 0.22810131 0.20141594 0.25934999
 0.24556372 0.25827334 0.25783576 0.1752238  0.23739334 0.25570676
 0.20224714 0.23342805]
bravo_repeat-2
METEOR
[0.14194103 0.16453024 0.1481259  0.12818811 0.16405319 0.20179297
 0.10016526 0.16462872 0.14712259 0.15100955 0.16651874 0.12536804
 0.14160074 0.16730434 0.13060083 0.09252293 0.13637897 0.14422369
 0.13987166 0.14396578 0.16407538 0.10523601 0.1304444  0.15852113
 0.1476402  0.15591958 0.1700882  0.15893316 0.17623946 0.18116602
 0.14401848 0.11761966 0.14920688 0.14839987 0.1557501  0.11846064
 0.14419111 0.17066583 0.14508019 0.12127237 0.16371189 0.10495963
 0.11480731 0.16043892 0.19398385 0.10685755 0.15432702 0.14369392
 0.15275087 0.18697984 0.15642996 0.11470598 0.1467358  0.12797008
 0.1385266  0.13320653 0.11637551 0.15008997 0.1259937  0.13564494
 0.17387493 0.17786661 0.15675715 0.1098072  0.13750213 0.17272981
 0.15083099 0.13348175 0.14261315 0.15927806 0.13316705 0.14588796
 0.19617118 0.17333653 0.13999269 0.16920143 0.14784771 0.13003615
 0.12211306 0.13432877 0.12644104 0.10252891 0.15022691 0.14677048
 0.16882684 0.11424688 0.16349989 0.1765396  0.12259981 0.19751771
 0.11947375 0.13221179 0.16262439 0.12318153 0.15947185 0.15243851
 0.12405537 0.17746315 0.16582831 0.1143218  0.14736325 0.15604768
 0.17451681 0.1574973  0.14945596 0.11984582 0.14705503 0.11929874
 0.1283301  0.14613047 0.15318005 0.15880702 0.11897302 0.15133981
 0.11488341 0.13233362 0.16109088 0.17873093 0.14697608 0.15921142
 0.17555295 0.1356728  0.16861944 0.16345732 0.17050896 0.13153133
 0.12970749 0.11091192 0.15645697 0.13231674 0.14219131 0.10288718
 0.13821841 0.13652485 0.14202562 0.12960867 0.15497244 0.14764373
 0.1597199  0.14945404 0.16809557 0.16454207 0.16194951 0.10251018
 0.15865206 0.1123026  0.18351822 0.09491258 0.1428404  0.14142188
 0.18150253 0.1421448  0.14276801 0.1534016  0.13827529 0.15153217
 0.16379802 0.13784873 0.17715961 0.12904174 0.16139373 0.15460614
 0.1396996  0.16807543 0.10943536 0.14154162 0.09926815 0.15153351
 0.1342908  0.14362294 0.17025311 0.158778   0.16244494 0.16700175
 0.16289192 0.13500414 0.17261088 0.10039606 0.17363588 0.15945939
 0.14745683 0.15479056 0.15313955 0.13307943 0.13468326 0.14905251
 0.13953345 0.15141541 0.14952365 0.15077774 0.15990262 0.163124
 0.18358629 0.17118399 0.18929287 0.1220454  0.15206472 0.17914595
 0.12908334 0.14657243]
bravo_repeat-2
BERT
[0.8031134  0.8061404  0.80816203 0.80831856 0.8034749  0.8092076
 0.8032489  0.8041273  0.8021663  0.80485415 0.803842   0.8046943
 0.8089916  0.8062588  0.8078992  0.7982991  0.8006323  0.80473495
 0.8042006  0.80721664 0.8074433  0.80044013 0.8074548  0.8100903
 0.80319077 0.8104328  0.8043092  0.81090814 0.8084554  0.8086918
 0.8038554  0.80216897 0.8065731  0.80261064 0.8123166  0.80221224
 0.8062241  0.8087575  0.8035713  0.8056082  0.8067665  0.801883
 0.80611    0.8113176  0.8024722  0.8004847  0.8037823  0.8022725
 0.8011228  0.8068738  0.80716056 0.8000375  0.80538106 0.8034983
 0.80051255 0.8008264  0.8023119  0.8059636  0.80397546 0.8048663
 0.8057029  0.80664307 0.8058614  0.7990285  0.8069004  0.806859
 0.802765   0.8039473  0.8055057  0.80532473 0.802349   0.8057327
 0.8096219  0.80357397 0.8059379  0.8058011  0.8039109  0.8018904
 0.8057997  0.80598503 0.805025   0.7996146  0.80946034 0.80918133
 0.80666035 0.80373245 0.80507547 0.8083604  0.8068236  0.8046889
 0.8040498  0.80466676 0.8053338  0.80069685 0.8061223  0.8056917
 0.8040136  0.80956894 0.80413747 0.80234426 0.80259705 0.80515206
 0.8088278  0.8027007  0.80872613 0.8005174  0.8035753  0.798985
 0.79678315 0.805847   0.80186725 0.80558926 0.80285335 0.80906063
 0.8016818  0.8024573  0.80484676 0.80612147 0.80450755 0.8048887
 0.8046538  0.806703   0.8079585  0.80782133 0.8074488  0.8061942
 0.8067038  0.79830116 0.8080846  0.8021805  0.80656147 0.8049936
 0.80368006 0.7998574  0.80724996 0.80119586 0.8050043  0.809319
 0.8114924  0.80307484 0.8048474  0.8065698  0.80436045 0.80051655
 0.80371636 0.8065617  0.80772156 0.7983389  0.8060671  0.80171317
 0.80448866 0.807232   0.8052757  0.80512166 0.80767006 0.8010586
 0.80760586 0.8109424  0.80828047 0.8075807  0.80195117 0.80674595
 0.80137897 0.80989206 0.8005489  0.8029506  0.79930466 0.8070248
 0.8007739  0.8028545  0.80452347 0.8019889  0.8055656  0.81167185
 0.80496585 0.8070435  0.8083048  0.8030301  0.80617857 0.8008888
 0.8026423  0.8048885  0.8056425  0.7994503  0.8070196  0.80613977
 0.8038954  0.80757093 0.80713767 0.8030991  0.80437404 0.8070755
 0.807403   0.80647564 0.8076122  0.80034256 0.8052117  0.80630755
 0.8073512  0.8038204 ]
[nltk_data] Downloading package wordnet to /mnt/iusers01/fse-
[nltk_data]     ugpgt01/compsci01/q12628ct/nltk_data...
[nltk_data]   Package wordnet is already up-to-date!
[nltk_data] Downloading package punkt_tab to /mnt/iusers01/fse-
[nltk_data]     ugpgt01/compsci01/q12628ct/nltk_data...
[nltk_data]   Package punkt_tab is already up-to-date!
[nltk_data] Downloading package omw-1.4 to /mnt/iusers01/fse-
[nltk_data]     ugpgt01/compsci01/q12628ct/nltk_data...
[nltk_data]   Package omw-1.4 is already up-to-date!
/mnt/iusers01/fse-ugpgt01/compsci01/q12628ct/.conda/envs/semantic-decoding/lib/python3.10/site-packages/huggingface_hub/file_download.py:945: FutureWarning: `resume_download` is deprecated and will be removed in version 1.0.0. Downloads always resume when possible. If you want to force a new download, use `force_download=True`.
  warnings.warn(
Some weights of the model checkpoint at roberta-large were not used when initializing RobertaModel: ['lm_head.dense.bias', 'lm_head.bias', 'lm_head.layer_norm.weight', 'lm_head.dense.weight', 'lm_head.layer_norm.bias']
- This IS expected if you are initializing RobertaModel from the checkpoint of a model trained on another task or with another architecture (e.g. initializing a BertForSequenceClassification model from a BertForPreTraining model).
- This IS NOT expected if you are initializing RobertaModel from the checkpoint of a model that you expect to be exactly identical (initializing a BertForSequenceClassification model from a BertForSequenceClassification model).
Some weights of RobertaModel were not initialized from the model checkpoint at roberta-large and are newly initialized: ['roberta.pooler.dense.bias', 'roberta.pooler.dense.weight']
You should probably TRAIN this model on a down-stream task to be able to use it for predictions and inference.
charlie_repeat-1
WER
[-0.09679733 -0.09897437 -0.0987887  -0.07529269 -0.10585547 -0.08497874
 -0.08007676 -0.11222126 -0.08819133 -0.07475012 -0.10013519 -0.10795494
 -0.10409743 -0.09338086 -0.08381483 -0.0891541  -0.0891316  -0.08295823
 -0.08525465 -0.07484698 -0.08927627 -0.08945099 -0.08989928 -0.0703626
 -0.06744824 -0.08062283 -0.0894851  -0.07956444 -0.08325264 -0.07938123
 -0.07002103 -0.08555316 -0.08565219 -0.07858668 -0.09010611 -0.08436989
 -0.07574106 -0.0759944  -0.09240753 -0.08263393 -0.09235296 -0.10945624
 -0.0917531  -0.09850251 -0.09010747 -0.0860644  -0.0688278  -0.09785183
 -0.09204251 -0.09576612 -0.08039794 -0.06575057 -0.10310903 -0.08678652
 -0.1070714  -0.09430283 -0.09267694 -0.09635931 -0.09627365 -0.10485263
 -0.08097571 -0.08175584 -0.10241904 -0.09350868 -0.07931457 -0.12234922
 -0.10384713 -0.07394478 -0.08924479 -0.08181136 -0.09507839 -0.07711178
 -0.07731573 -0.09296666 -0.09223395 -0.07074638 -0.10500949 -0.08108037
 -0.09709634 -0.08767848 -0.08003327 -0.08159923 -0.09977708 -0.09835629
 -0.09138712 -0.07300534 -0.09416692 -0.09711162 -0.09901256 -0.09274815
 -0.0753236  -0.08251213 -0.08637433 -0.08580888 -0.078361   -0.05141067
 -0.09737049 -0.09091466 -0.08682888 -0.08263236 -0.0797031  -0.10638273
 -0.0863988  -0.10807401 -0.09349137 -0.07503073 -0.09120024 -0.06453596
 -0.10083064 -0.09017763 -0.10619981 -0.0858062  -0.09042839 -0.08715026
 -0.09096253 -0.10372378 -0.08357286 -0.09092561 -0.08113865 -0.08109348
 -0.09239619 -0.07164701 -0.07811224 -0.09787939 -0.08297123 -0.08702122
 -0.08648646 -0.09942396 -0.08386466 -0.07939388 -0.09284433 -0.08408091
 -0.08942647 -0.10856796 -0.07012583 -0.09936189 -0.09532503 -0.08979503
 -0.10346364 -0.08221493 -0.09702192 -0.08283478 -0.07988801 -0.10286504
 -0.0932142  -0.07557545 -0.08914588 -0.07965774 -0.10191616 -0.10190387
 -0.10119819 -0.09170398 -0.09193693 -0.08186609 -0.09420338 -0.10512665
 -0.07370434 -0.09187567 -0.07930291 -0.08869107 -0.08866804 -0.09885213
 -0.09572512 -0.08680264 -0.09232088 -0.08160953 -0.10168607 -0.06765018
 -0.08146246 -0.1025049  -0.10325751 -0.0885289  -0.06919931 -0.09006788
 -0.07753126 -0.09081232 -0.09254215 -0.10532079 -0.07300252 -0.10085851
 -0.0783158  -0.10546402 -0.09721842 -0.08927348 -0.09890308 -0.10463721
 -0.09251202 -0.08763755 -0.08886907 -0.10174917 -0.10651555 -0.0718265
 -0.08161266 -0.0791442  -0.07339259 -0.10105239 -0.09558028 -0.08685439
 -0.09202337 -0.08600565]
charlie_repeat-1
BLEU
[0.20578653 0.13984568 0.18480634 0.21243978 0.16529352 0.20443914
 0.19463161 0.17040339 0.21183428 0.17924755 0.18600536 0.17345536
 0.17940522 0.18403104 0.19514719 0.18948066 0.1816506  0.20273553
 0.21927482 0.22181141 0.20113914 0.22211668 0.21453974 0.2127963
 0.18417535 0.20677062 0.16442918 0.20277554 0.18298601 0.19791015
 0.21820547 0.22684002 0.1848688  0.20242788 0.18424664 0.21665214
 0.18073981 0.21779621 0.16289036 0.19804045 0.18250196 0.17879426
 0.19757289 0.20176133 0.15758716 0.14609753 0.16906416 0.17409137
 0.20154511 0.15371714 0.19792544 0.21842213 0.16076321 0.18694041
 0.18494858 0.14860448 0.20018546 0.19642333 0.16387478 0.16087467
 0.19828863 0.19503865 0.18193593 0.18311216 0.20809944 0.1253796
 0.16180045 0.19836305 0.20158283 0.23068987 0.1959677  0.21794041
 0.20990501 0.1967735  0.17712565 0.20230312 0.15246111 0.15645983
 0.15206328 0.20167322 0.24209133 0.18613296 0.18317302 0.18734188
 0.20359639 0.20475999 0.18957702 0.16965906 0.16591285 0.19018105
 0.18132496 0.19707239 0.23179258 0.20575768 0.20848482 0.2273499
 0.18430342 0.21043892 0.18915562 0.21902482 0.2026242  0.15496762
 0.20798785 0.15531584 0.1601229  0.19872395 0.20500732 0.24908943
 0.15558035 0.2001735  0.17053604 0.20436575 0.19135143 0.20763038
 0.21514166 0.16585224 0.2037001  0.18950404 0.21987007 0.20062456
 0.18841019 0.19570573 0.19473041 0.18132555 0.21828299 0.16899481
 0.18333551 0.17350269 0.19520397 0.18921658 0.21913098 0.1920327
 0.17722087 0.18542783 0.18934374 0.1875296  0.16834652 0.21844225
 0.18626757 0.19947705 0.18385138 0.20413696 0.22947435 0.21538025
 0.1881103  0.17340892 0.18614863 0.16931688 0.17152208 0.18883836
 0.17100808 0.18828609 0.19289799 0.19317494 0.19158883 0.16619638
 0.18992794 0.18577279 0.22908421 0.2096901  0.17846643 0.21157605
 0.21173762 0.19505393 0.2045343  0.19319845 0.18199807 0.17208672
 0.20038613 0.17460257 0.19684193 0.19149601 0.1870425  0.15766412
 0.2002374  0.18796438 0.17981482 0.17828497 0.22776386 0.20482975
 0.23045228 0.17014098 0.17994569 0.17075055 0.17014467 0.1748647
 0.16928418 0.18482888 0.19391301 0.14746656 0.14982122 0.17625155
 0.1905731  0.18709146 0.18148851 0.13890787 0.19887923 0.21629285
 0.19977968 0.19699916]
charlie_repeat-1
METEOR
[0.14538892 0.12829556 0.13824685 0.17504798 0.13178341 0.16356041
 0.17003773 0.12938041 0.15855266 0.14253835 0.1515683  0.14896082
 0.12626861 0.13822158 0.15902295 0.14485672 0.1432634  0.16179534
 0.17058219 0.16927634 0.16409449 0.18012785 0.14962652 0.16219313
 0.13852791 0.17433307 0.13598909 0.16208849 0.14545764 0.15702263
 0.1591193  0.17675366 0.16165871 0.15200557 0.15215889 0.16525186
 0.13581223 0.18098279 0.12003863 0.14751508 0.13358567 0.14225784
 0.14783078 0.13992948 0.1222295  0.13406307 0.14858252 0.14798193
 0.13784708 0.12565924 0.13887618 0.15841299 0.13659063 0.15111313
 0.1303625  0.1210763  0.15860667 0.15258505 0.11396961 0.12531529
 0.13709849 0.15800978 0.14261874 0.14265441 0.1494498  0.12167219
 0.13114825 0.15954799 0.16199123 0.16176524 0.14912444 0.17092869
 0.15441634 0.14778906 0.1249213  0.16018179 0.11747449 0.1293418
 0.12854357 0.1636125  0.15611743 0.14238036 0.13290947 0.16135918
 0.14985862 0.15591708 0.15009678 0.12648658 0.13752598 0.13678045
 0.15191884 0.160145   0.17617197 0.17488059 0.13620666 0.19525094
 0.13806061 0.15902066 0.13599794 0.17648963 0.1513478  0.1235956
 0.16112205 0.13130245 0.12864365 0.14972527 0.16425152 0.19034899
 0.12376863 0.16887898 0.13079806 0.15908673 0.15837211 0.15821411
 0.16243895 0.12989637 0.13746783 0.15318688 0.17804293 0.14888446
 0.1549755  0.14171819 0.14048063 0.14813099 0.18128639 0.11751125
 0.16797115 0.14329108 0.14971031 0.14406073 0.14358562 0.17949789
 0.13408656 0.12331261 0.15602014 0.13932189 0.14284868 0.16698365
 0.16056876 0.14915586 0.14496286 0.14935001 0.17808291 0.16587985
 0.15363944 0.14773171 0.14271886 0.1276009  0.14528452 0.13803799
 0.14626031 0.15124749 0.14998847 0.17393509 0.14846584 0.14249641
 0.14558714 0.15540073 0.18534419 0.1564327  0.14301451 0.17159767
 0.15340157 0.14364295 0.17067589 0.15699174 0.15393631 0.15095195
 0.16362145 0.15758126 0.14480842 0.13686766 0.13802907 0.13569164
 0.15145788 0.15454767 0.12235274 0.1378543  0.16779244 0.16733597
 0.15465609 0.14208143 0.15951545 0.13446923 0.14270664 0.13847603
 0.11758278 0.14126518 0.1502675  0.13130747 0.12976337 0.16555987
 0.17234852 0.15329917 0.14235437 0.11558361 0.13743394 0.14476513
 0.15110233 0.13493326]
charlie_repeat-1
BERT
[0.7855671  0.78558844 0.7861403  0.79204494 0.7813835  0.78328156
 0.7899815  0.787847   0.7877111  0.7834484  0.78635716 0.7851353
 0.78032625 0.78969204 0.78413737 0.78777975 0.7806213  0.78521895
 0.78140455 0.78755605 0.78402746 0.7820574  0.785579   0.7802613
 0.78484774 0.7827503  0.7783929  0.79205805 0.7857008  0.7820954
 0.7825896  0.7869823  0.788035   0.78063715 0.7830888  0.78380716
 0.7803742  0.7915119  0.7824543  0.78992873 0.78170294 0.78376406
 0.7871838  0.78588384 0.78554153 0.78371674 0.78429914 0.78371894
 0.7835118  0.78929275 0.78744835 0.78571206 0.781761   0.78507066
 0.785993   0.7889237  0.7875423  0.7851561  0.781937   0.7787837
 0.7856597  0.78555393 0.7843682  0.7860497  0.77989763 0.7827089
 0.78187466 0.78624976 0.7843426  0.7910682  0.7874392  0.7863372
 0.79073113 0.78155166 0.7834806  0.7855604  0.7817182  0.78202003
 0.78230554 0.7854293  0.7917607  0.7887795  0.7787376  0.78100103
 0.78686756 0.78487176 0.7845392  0.78046644 0.7806297  0.7857464
 0.7875242  0.7872333  0.7879571  0.7833561  0.78262496 0.78469664
 0.7836339  0.7847917  0.7829281  0.78824085 0.78261566 0.7834405
 0.78291416 0.78190464 0.7841276  0.786518   0.78509223 0.78633416
 0.7787711  0.7915759  0.78467923 0.7901346  0.7877815  0.7830175
 0.78288746 0.78278005 0.7862418  0.7804552  0.78405166 0.7822904
 0.78893995 0.7835936  0.7864279  0.7879143  0.7825042  0.7867257
 0.7854918  0.7794058  0.78246105 0.78272563 0.7807888  0.78581274
 0.7893992  0.7796869  0.7843256  0.7894375  0.7911388  0.7934202
 0.786731   0.78308266 0.7844489  0.7842631  0.79068345 0.78332585
 0.7841284  0.79114085 0.7845834  0.78209525 0.7834466  0.7898461
 0.78238225 0.78539026 0.7872716  0.78778577 0.7837544  0.7825578
 0.78206813 0.7832086  0.7891605  0.78920436 0.7914114  0.79068625
 0.78475857 0.7843313  0.7864967  0.7796563  0.78016067 0.7822176
 0.7847011  0.7864128  0.78420454 0.77945477 0.7818346  0.7858883
 0.78865445 0.7831393  0.784693   0.7804362  0.79109955 0.78555775
 0.7876098  0.78283936 0.7865422  0.7839791  0.7828654  0.79120415
 0.78113276 0.78667367 0.7837496  0.7837783  0.7884637  0.785443
 0.77949315 0.7828077  0.7890403  0.78721565 0.7822732  0.7863539
 0.7858911  0.78177714]
[nltk_data] Downloading package wordnet to /mnt/iusers01/fse-
[nltk_data]     ugpgt01/compsci01/q12628ct/nltk_data...
[nltk_data]   Package wordnet is already up-to-date!
[nltk_data] Downloading package punkt_tab to /mnt/iusers01/fse-
[nltk_data]     ugpgt01/compsci01/q12628ct/nltk_data...
[nltk_data]   Package punkt_tab is already up-to-date!
[nltk_data] Downloading package omw-1.4 to /mnt/iusers01/fse-
[nltk_data]     ugpgt01/compsci01/q12628ct/nltk_data...
[nltk_data]   Package omw-1.4 is already up-to-date!
/mnt/iusers01/fse-ugpgt01/compsci01/q12628ct/.conda/envs/semantic-decoding/lib/python3.10/site-packages/huggingface_hub/file_download.py:945: FutureWarning: `resume_download` is deprecated and will be removed in version 1.0.0. Downloads always resume when possible. If you want to force a new download, use `force_download=True`.
  warnings.warn(
Some weights of the model checkpoint at roberta-large were not used when initializing RobertaModel: ['lm_head.bias', 'lm_head.layer_norm.bias', 'lm_head.dense.bias', 'lm_head.layer_norm.weight', 'lm_head.dense.weight']
- This IS expected if you are initializing RobertaModel from the checkpoint of a model trained on another task or with another architecture (e.g. initializing a BertForSequenceClassification model from a BertForPreTraining model).
- This IS NOT expected if you are initializing RobertaModel from the checkpoint of a model that you expect to be exactly identical (initializing a BertForSequenceClassification model from a BertForSequenceClassification model).
Some weights of RobertaModel were not initialized from the model checkpoint at roberta-large and are newly initialized: ['roberta.pooler.dense.bias', 'roberta.pooler.dense.weight']
You should probably TRAIN this model on a down-stream task to be able to use it for predictions and inference.
charlie_repeat-2
WER
[-0.1167038  -0.12625593 -0.12648998 -0.11001136 -0.12770666 -0.13038578
 -0.12835765 -0.13446631 -0.13285023 -0.12295082 -0.13003725 -0.12445955
 -0.1298162  -0.12277778 -0.13002511 -0.14357087 -0.13479963 -0.10044741
 -0.1255021  -0.12594407 -0.11851978 -0.13377221 -0.13307902 -0.12618586
 -0.12023653 -0.11677678 -0.12184099 -0.14185567 -0.12428244 -0.1394019
 -0.13802838 -0.12486244 -0.12887969 -0.13815019 -0.12909486 -0.10817542
 -0.1293868  -0.12350976 -0.13332309 -0.12660614 -0.1142211  -0.12652899
 -0.13650562 -0.14535121 -0.1165207  -0.11349267 -0.14540328 -0.12977855
 -0.12122483 -0.13337773 -0.127368   -0.15244498 -0.13174235 -0.13246626
 -0.10064623 -0.12084969 -0.12413469 -0.11216955 -0.0941787  -0.12381869
 -0.12900916 -0.13012385 -0.105725   -0.13636764 -0.12416043 -0.11671215
 -0.12541626 -0.14212129 -0.12722808 -0.12864047 -0.12285595 -0.10679845
 -0.13319236 -0.12591902 -0.13129135 -0.15125569 -0.12089648 -0.13336541
 -0.12191343 -0.11915413 -0.12804237 -0.12608642 -0.12264969 -0.14199307
 -0.13840367 -0.1209597  -0.13697643 -0.13705771 -0.10646524 -0.13269842
 -0.11951602 -0.13630331 -0.13744654 -0.12191661 -0.10526178 -0.11471376
 -0.13103214 -0.13090265 -0.13316727 -0.12886888 -0.14117894 -0.1240113
 -0.12374317 -0.11660243 -0.11462562 -0.1120176  -0.11058602 -0.12393699
 -0.13308951 -0.12187002 -0.11930702 -0.1264785  -0.13330628 -0.1193107
 -0.11935147 -0.14468409 -0.12848494 -0.13643115 -0.13315381 -0.13391495
 -0.13242335 -0.10804303 -0.12831478 -0.12638845 -0.12692526 -0.11456964
 -0.12496708 -0.13208042 -0.13860132 -0.13515063 -0.11539518 -0.14305706
 -0.1343862  -0.13844001 -0.14018151 -0.12281843 -0.12220372 -0.14709294
 -0.12796934 -0.13396009 -0.12781502 -0.13679182 -0.11783618 -0.12848489
 -0.12775687 -0.12484304 -0.13004385 -0.11633944 -0.10522111 -0.13385987
 -0.12650514 -0.1212007  -0.1022463  -0.13841746 -0.12177219 -0.1289083
 -0.13722648 -0.1432435  -0.13669366 -0.148655   -0.12048227 -0.11601614
 -0.11771177 -0.14047054 -0.13641676 -0.12774879 -0.12885133 -0.12461029
 -0.13234529 -0.13000319 -0.12444763 -0.13846837 -0.10981707 -0.12839337
 -0.1182019  -0.12881245 -0.14345688 -0.10508527 -0.14187397 -0.12083685
 -0.10937842 -0.12703231 -0.12191773 -0.12998215 -0.14362478 -0.10224031
 -0.12399964 -0.13429673 -0.11377266 -0.12310038 -0.12561056 -0.11605301
 -0.12670245 -0.12165429 -0.12962416 -0.11180069 -0.11712791 -0.13297341
 -0.10894447 -0.12870456]
charlie_repeat-2
BLEU
[0.23804972 0.19369319 0.2014772  0.17141633 0.19701661 0.18864586
 0.19600979 0.2096477  0.1830781  0.21474245 0.17529023 0.19128727
 0.21360662 0.19698375 0.17490346 0.19299621 0.16309962 0.21231783
 0.18606984 0.20425894 0.21786384 0.16111405 0.22956114 0.21138931
 0.17438178 0.21783596 0.20896502 0.16948381 0.17742376 0.14170389
 0.20010947 0.2099619  0.19786222 0.15916448 0.19508203 0.21209485
 0.17207307 0.20708053 0.18977005 0.24110264 0.18857749 0.19113316
 0.18317718 0.1820006  0.20459291 0.21135962 0.14419549 0.23255919
 0.16618629 0.17886671 0.2081129  0.16286001 0.18050049 0.1706563
 0.20505202 0.18635244 0.19288301 0.1615826  0.23867429 0.20339408
 0.16470393 0.17121501 0.20875411 0.20731888 0.21693236 0.1692427
 0.18099186 0.17700697 0.19370898 0.1639191  0.20603459 0.25764996
 0.15381095 0.2029811  0.18610419 0.15710114 0.16111787 0.16861303
 0.18378582 0.19200068 0.16095696 0.19463846 0.19877004 0.1712309
 0.18119477 0.19329743 0.15485643 0.13672959 0.22478484 0.21164439
 0.2207742  0.16185103 0.17773373 0.18726589 0.21269141 0.19628757
 0.17710675 0.19876828 0.17982595 0.18930206 0.16365906 0.20582544
 0.17455055 0.20473543 0.19238098 0.2363993  0.20896415 0.19405529
 0.19148933 0.24929252 0.19778227 0.16295349 0.19141919 0.17310627
 0.21002471 0.16607001 0.19565245 0.16093192 0.1733423  0.18527791
 0.16437976 0.19478448 0.20162804 0.21975205 0.17932739 0.22917725
 0.19756814 0.16620196 0.176269   0.16547605 0.19259658 0.18377129
 0.17534461 0.19631017 0.15752998 0.17900387 0.19102042 0.18982958
 0.20754044 0.18602688 0.19360578 0.16543998 0.22484374 0.19484061
 0.17632823 0.19065849 0.20365243 0.21739029 0.18104684 0.1607325
 0.23006016 0.18717903 0.19388282 0.14830459 0.18115959 0.18700359
 0.14202105 0.18297018 0.1882525  0.16443557 0.19860467 0.21113587
 0.2042659  0.18626882 0.18343789 0.20395443 0.18254984 0.20478723
 0.20148326 0.19555466 0.19017974 0.17978491 0.20470495 0.22600768
 0.18073808 0.16312502 0.15271387 0.18556874 0.15035434 0.2315245
 0.19946222 0.17669497 0.19775699 0.18090924 0.17583956 0.22180944
 0.2017323  0.17867118 0.19172062 0.18559595 0.19152309 0.2268289
 0.18253089 0.20952069 0.1761726  0.21359915 0.21824732 0.20796466
 0.18989903 0.17917944]
charlie_repeat-2
METEOR
[0.17432068 0.16920424 0.17190092 0.16261593 0.15237533 0.13677208
 0.17913765 0.14872977 0.12398946 0.1515059  0.13989149 0.14985698
 0.18662236 0.19733085 0.12805712 0.14966311 0.13489001 0.17677506
 0.15769584 0.19573293 0.16593419 0.14320763 0.17336914 0.14873148
 0.11733928 0.17271786 0.15810785 0.11586704 0.13337484 0.11324327
 0.16632239 0.16700806 0.14797579 0.13474769 0.15750427 0.18900424
 0.15927519 0.13445106 0.16571521 0.16380844 0.14460981 0.16318897
 0.15666376 0.13584756 0.15684876 0.16977613 0.13139269 0.18644718
 0.13602642 0.13896807 0.15639778 0.14862041 0.17228908 0.14050749
 0.15844709 0.17275772 0.15905706 0.12759887 0.18478948 0.15011472
 0.13347533 0.14648434 0.16462717 0.17700996 0.17358945 0.13641341
 0.14840971 0.1395378  0.13213762 0.12614599 0.17682289 0.20516445
 0.14059147 0.159136   0.14985575 0.12158546 0.13930699 0.14433679
 0.14017722 0.14800559 0.12443743 0.15370552 0.15110432 0.12500337
 0.15403766 0.18915085 0.14706023 0.1433609  0.16476742 0.14957769
 0.16412972 0.12068645 0.1387253  0.13447468 0.17942823 0.15471949
 0.13929447 0.18213562 0.13849031 0.13950244 0.11952835 0.17311131
 0.15645662 0.16757634 0.14944647 0.19101991 0.17679495 0.15047151
 0.13020845 0.21054915 0.16228217 0.14695008 0.16437489 0.14248357
 0.16168099 0.11600972 0.14604542 0.14797079 0.1377476  0.13313257
 0.13538333 0.16035171 0.17983997 0.15197848 0.14296053 0.18415234
 0.15953666 0.1397224  0.14565933 0.1246311  0.16651371 0.1350202
 0.12835957 0.16262524 0.13235358 0.15173917 0.161773   0.14923046
 0.16683003 0.14301595 0.15317066 0.1669245  0.1564602  0.15356216
 0.13487634 0.18122872 0.17271715 0.19524708 0.15830526 0.13311819
 0.17739285 0.16409498 0.16285146 0.13282393 0.13632774 0.14803157
 0.0978412  0.14587876 0.14069311 0.12486759 0.1419979  0.15364673
 0.15007892 0.15647319 0.18291916 0.16516517 0.15784734 0.13565436
 0.15030274 0.14160209 0.1555235  0.17152891 0.14538725 0.17838374
 0.15330897 0.13222918 0.12964755 0.16737076 0.11167354 0.16301426
 0.15547912 0.14791282 0.1383796  0.15455488 0.15462139 0.17882967
 0.14871929 0.13795985 0.15348447 0.14326959 0.14759089 0.16726091
 0.14230948 0.15771099 0.12370591 0.16607687 0.15946798 0.16534842
 0.15076548 0.13708372]
charlie_repeat-2
BERT
[0.7864174  0.78276426 0.7904983  0.78918767 0.78560007 0.78404087
 0.7833045  0.78340364 0.77774674 0.78652656 0.7816728  0.7815235
 0.7869787  0.7831482  0.7889261  0.78387284 0.7860685  0.78846246
 0.78339106 0.7857557  0.7929379  0.78352803 0.7876852  0.7852641
 0.77986735 0.78588057 0.78458655 0.7837146  0.78240484 0.7803816
 0.7879382  0.7801509  0.7879012  0.7837186  0.78778124 0.78699905
 0.7822118  0.78506786 0.78865534 0.784618   0.78170514 0.7832869
 0.7880783  0.7837956  0.7854726  0.7887343  0.7817126  0.78943384
 0.78228647 0.78811806 0.7812329  0.7901167  0.78528774 0.7819092
 0.7814757  0.7861252  0.7813835  0.7783377  0.7854394  0.78706324
 0.7860522  0.78060013 0.78978145 0.78590477 0.7856891  0.78341895
 0.78249407 0.7854392  0.7929598  0.7940938  0.7824412  0.78514045
 0.7863836  0.783435   0.7865566  0.7810452  0.7822285  0.7896466
 0.78952974 0.78406096 0.785371   0.78064847 0.7867636  0.78748137
 0.7824518  0.786649   0.786949   0.7802264  0.7881551  0.78015167
 0.78597313 0.77977633 0.7869062  0.7876384  0.78612304 0.78908026
 0.78271854 0.7860172  0.78517115 0.78402513 0.78176844 0.7819173
 0.79149526 0.7861677  0.7876094  0.78381944 0.78331095 0.7792639
 0.7837571  0.7839506  0.78339356 0.78262746 0.7870678  0.78255343
 0.79095525 0.7834398  0.78441167 0.7850217  0.7813966  0.7845671
 0.78270805 0.7849415  0.7923354  0.78589994 0.7811168  0.7899517
 0.79049647 0.7823443  0.7849173  0.7798999  0.78440356 0.78314126
 0.78164405 0.7854694  0.78354394 0.7814436  0.78726333 0.7851889
 0.7865527  0.78666157 0.7879138  0.7884825  0.78695166 0.78601474
 0.7828303  0.7891005  0.788076   0.7903359  0.7846008  0.78337085
 0.78652585 0.7817758  0.7865917  0.7801275  0.7837531  0.7854138
 0.7844376  0.78124803 0.7875316  0.782485   0.78751975 0.78593165
 0.7839442  0.78138405 0.7915029  0.7914097  0.78177726 0.781017
 0.7841392  0.7853823  0.78781575 0.7877561  0.7766908  0.7909163
 0.7891343  0.78302747 0.7836499  0.78993493 0.78188825 0.78891766
 0.7823465  0.7841012  0.78149426 0.7847344  0.7807796  0.79148346
 0.7843694  0.7845499  0.7795795  0.786573   0.7821204  0.7827537
 0.78375256 0.78704995 0.78590244 0.785725   0.7850534  0.7856724
 0.7855656  0.7830512 ]
[nltk_data] Downloading package wordnet to /mnt/iusers01/fse-
[nltk_data]     ugpgt01/compsci01/q12628ct/nltk_data...
[nltk_data]   Package wordnet is already up-to-date!
[nltk_data] Downloading package punkt_tab to /mnt/iusers01/fse-
[nltk_data]     ugpgt01/compsci01/q12628ct/nltk_data...
[nltk_data]   Package punkt_tab is already up-to-date!
[nltk_data] Downloading package omw-1.4 to /mnt/iusers01/fse-
[nltk_data]     ugpgt01/compsci01/q12628ct/nltk_data...
[nltk_data]   Package omw-1.4 is already up-to-date!
/mnt/iusers01/fse-ugpgt01/compsci01/q12628ct/.conda/envs/semantic-decoding/lib/python3.10/site-packages/huggingface_hub/file_download.py:945: FutureWarning: `resume_download` is deprecated and will be removed in version 1.0.0. Downloads always resume when possible. If you want to force a new download, use `force_download=True`.
  warnings.warn(
Some weights of the model checkpoint at roberta-large were not used when initializing RobertaModel: ['lm_head.bias', 'lm_head.layer_norm.weight', 'lm_head.layer_norm.bias', 'lm_head.dense.bias', 'lm_head.dense.weight']
- This IS expected if you are initializing RobertaModel from the checkpoint of a model trained on another task or with another architecture (e.g. initializing a BertForSequenceClassification model from a BertForPreTraining model).
- This IS NOT expected if you are initializing RobertaModel from the checkpoint of a model that you expect to be exactly identical (initializing a BertForSequenceClassification model from a BertForSequenceClassification model).
Some weights of RobertaModel were not initialized from the model checkpoint at roberta-large and are newly initialized: ['roberta.pooler.dense.bias', 'roberta.pooler.dense.weight']
You should probably TRAIN this model on a down-stream task to be able to use it for predictions and inference.
delta_repeat-1
WER
[-0.20049565 -0.19338069 -0.18857737 -0.1878913  -0.17796554 -0.19441146
 -0.19901168 -0.19677271 -0.17702491 -0.19186658 -0.19818109 -0.1974127
 -0.20228485 -0.21564174 -0.19923117 -0.19514432 -0.17589569 -0.18165006
 -0.20790283 -0.20226595 -0.1859342  -0.19235162 -0.18917638 -0.20048883
 -0.18945019 -0.20510003 -0.17531161 -0.20036632 -0.17163435 -0.19638931
 -0.1738542  -0.2056736  -0.21360564 -0.19476417 -0.16576663 -0.19559601
 -0.17443023 -0.20105521 -0.17895302 -0.17591496 -0.17691877 -0.20464114
 -0.19714748 -0.2023628  -0.22097579 -0.19279714 -0.17057178 -0.17115098
 -0.19658724 -0.18734991 -0.19441834 -0.21618651 -0.1814543  -0.18967693
 -0.20984712 -0.18827743 -0.15821632 -0.20561126 -0.20082233 -0.19688945
 -0.18371526 -0.180741   -0.20889171 -0.23432008 -0.17292723 -0.20183745
 -0.18368882 -0.17223453 -0.19088655 -0.20122984 -0.21182464 -0.19581882
 -0.19958593 -0.19863088 -0.17758097 -0.2053642  -0.19042151 -0.16934282
 -0.19401699 -0.17383013 -0.20362889 -0.19116104 -0.19117518 -0.18713688
 -0.18533737 -0.18630622 -0.16139535 -0.17872861 -0.1983021  -0.19110048
 -0.17079747 -0.1869719  -0.19039736 -0.18691222 -0.18964403 -0.1923288
 -0.20038642 -0.16185794 -0.19572419 -0.18690827 -0.17892717 -0.19012392
 -0.18487033 -0.18790196 -0.1976334  -0.20664532 -0.18830981 -0.19058844
 -0.20220462 -0.20317652 -0.19233382 -0.16046449 -0.17803159 -0.19563533
 -0.2039957  -0.19341548 -0.19514614 -0.18259239 -0.21080164 -0.20088506
 -0.19261202 -0.19996893 -0.19444842 -0.17900372 -0.20801327 -0.17475135
 -0.19598554 -0.19295451 -0.19548834 -0.19167299 -0.17275453 -0.1934656
 -0.20240079 -0.18364253 -0.17495409 -0.17409581 -0.18295364 -0.19641057
 -0.16578113 -0.20720026 -0.19691593 -0.19148597 -0.19976508 -0.17918265
 -0.20134096 -0.18985473 -0.15223569 -0.14999434 -0.17837798 -0.19752815
 -0.19268333 -0.182122   -0.19192453 -0.17534535 -0.17372633 -0.17843347
 -0.19000773 -0.19912007 -0.20058437 -0.16478245 -0.19921897 -0.18066443
 -0.19591868 -0.181586   -0.19188102 -0.19626172 -0.1718376  -0.18712244
 -0.1790948  -0.19176347 -0.20586385 -0.15023055 -0.18052121 -0.18500749
 -0.18935461 -0.19333656 -0.17345077 -0.19947174 -0.18600102 -0.19384365
 -0.19497713 -0.20329273 -0.17415704 -0.19792147 -0.19220082 -0.19245739
 -0.18726713 -0.18126625 -0.15622111 -0.1883062  -0.19226501 -0.20450285
 -0.18784419 -0.1663006  -0.19504899 -0.18534725 -0.18035473 -0.18425436
 -0.18248472 -0.17740288]
delta_repeat-1
BLEU
[0.19012799 0.17242197 0.19590849 0.1729973  0.18633687 0.21605327
 0.19274045 0.13726544 0.19236613 0.19033972 0.16857426 0.17894938
 0.19426199 0.18352511 0.13744712 0.16121433 0.20730902 0.2176002
 0.14998562 0.16147378 0.19129017 0.19062194 0.18170988 0.17478076
 0.13479461 0.15574363 0.1908802  0.16121254 0.18528471 0.16411151
 0.18497992 0.15782486 0.15219165 0.1781908  0.18485083 0.17349124
 0.19421434 0.16611947 0.1634154  0.19403243 0.20520972 0.15148156
 0.15473822 0.13165363 0.13004644 0.18427643 0.19396664 0.17669232
 0.17787708 0.18422467 0.17944623 0.12955873 0.18415977 0.1975763
 0.16620012 0.18139598 0.20635049 0.14992698 0.18565273 0.18728487
 0.16693027 0.19974569 0.15603574 0.15743722 0.21901685 0.15259996
 0.1843886  0.20324512 0.18160546 0.14152646 0.1569839  0.17960866
 0.16683478 0.17183286 0.19547438 0.17735533 0.12772465 0.16811664
 0.16571968 0.21073011 0.1597882  0.20067528 0.20274206 0.21110874
 0.20494579 0.17787907 0.20637123 0.22477554 0.15993381 0.16316127
 0.21429226 0.19202631 0.18953933 0.21175039 0.22415241 0.21034337
 0.21784157 0.21889954 0.19865709 0.17163827 0.19913772 0.16998821
 0.17841348 0.20676952 0.1554523  0.18837771 0.17321664 0.19744336
 0.18977199 0.18632738 0.162713   0.21260293 0.18637074 0.19229158
 0.20977095 0.19213889 0.13961914 0.19074979 0.16128059 0.14898242
 0.20720379 0.18662487 0.19180058 0.18893109 0.14574887 0.2130389
 0.21374812 0.14969717 0.18085114 0.17044028 0.21276702 0.17087392
 0.19584983 0.16016263 0.19454484 0.18586073 0.1824976  0.16110878
 0.20991612 0.16353845 0.19104658 0.15975681 0.22506102 0.22271809
 0.18849862 0.20984737 0.22440922 0.2154019  0.20568541 0.18421033
 0.22172076 0.18873328 0.20126362 0.21246181 0.18701009 0.19856814
 0.18517546 0.15919881 0.14508649 0.17775779 0.16143126 0.17239928
 0.1773742  0.1867163  0.17987769 0.18749505 0.20879737 0.16805267
 0.20985819 0.19827708 0.15263384 0.23393533 0.19084573 0.19351236
 0.21151016 0.20002356 0.22052653 0.15188265 0.19346294 0.1627081
 0.19622258 0.16899254 0.23378631 0.20858634 0.17591894 0.17966435
 0.19705952 0.17998859 0.22343686 0.19037169 0.21111585 0.1615337
 0.22195982 0.19757647 0.17014025 0.17943846 0.1663694  0.21417271
 0.16308731 0.1847792 ]
delta_repeat-1
METEOR
[0.14391595 0.13202402 0.16784987 0.14525912 0.16728901 0.18881244
 0.16404362 0.12606475 0.17562936 0.14739566 0.17368509 0.15607947
 0.17225309 0.14453109 0.13897389 0.13385014 0.15884599 0.16806793
 0.12719425 0.11358995 0.1662622  0.17408048 0.17997272 0.13746446
 0.12994532 0.14455809 0.15824503 0.14589237 0.14930565 0.14609067
 0.17177681 0.13191001 0.12870802 0.15277661 0.1659779  0.15130643
 0.15121819 0.14836209 0.14511551 0.16836063 0.18298217 0.13086044
 0.14985219 0.12442737 0.11282185 0.1649498  0.16066928 0.1587088
 0.16939911 0.14635666 0.14026516 0.11492581 0.16770329 0.17678588
 0.15239405 0.15159286 0.16660021 0.13896056 0.15118327 0.14397597
 0.15452273 0.15129356 0.14283121 0.11780014 0.16762032 0.15116448
 0.14450125 0.1736833  0.15328992 0.12029673 0.14115254 0.14137995
 0.12467284 0.13238496 0.15351695 0.13749976 0.1235155  0.13650285
 0.15406876 0.17139128 0.15146041 0.16426784 0.18043915 0.16216895
 0.18945395 0.15754366 0.18289447 0.1984384  0.14266423 0.13092474
 0.17088345 0.1490882  0.15026565 0.17067328 0.19994315 0.16755464
 0.17431439 0.17096135 0.1826273  0.13535946 0.14772182 0.13788688
 0.1492895  0.17575743 0.14156546 0.16730036 0.16841974 0.1688177
 0.15772577 0.14704562 0.14309154 0.15421408 0.17195421 0.1594515
 0.18024414 0.16387672 0.15107556 0.16606058 0.14170587 0.15220464
 0.15789046 0.16441576 0.15600146 0.13462416 0.12731946 0.16985094
 0.16448176 0.12572134 0.15908818 0.16510937 0.18043241 0.16029954
 0.16464303 0.14525454 0.17708094 0.15637554 0.13897877 0.12944315
 0.18009282 0.15658842 0.17201855 0.13757439 0.15863341 0.18630225
 0.16452528 0.18981652 0.17028367 0.19320997 0.17673987 0.15158159
 0.19265999 0.16993779 0.16296382 0.15864624 0.17215867 0.15215144
 0.17140313 0.12911041 0.12836433 0.14292988 0.16306913 0.13502582
 0.13702124 0.16252814 0.15047808 0.14386761 0.15851668 0.15404073
 0.19127978 0.1636046  0.14617536 0.20133385 0.16638412 0.16470622
 0.16600149 0.17549544 0.20234937 0.1246906  0.17436994 0.14442693
 0.14922409 0.12997161 0.17627716 0.1919752  0.15158054 0.14992872
 0.17662152 0.15121325 0.1925607  0.17639049 0.16033523 0.12671878
 0.18938483 0.16366711 0.14269517 0.1639849  0.12918604 0.16974546
 0.13345309 0.13192469]
delta_repeat-1
BERT
[0.8004379  0.7989836  0.8084232  0.8021754  0.8030185  0.80533123
 0.802168   0.7955001  0.81173295 0.8002177  0.8126264  0.7991033
 0.8021416  0.7991376  0.7920706  0.8001868  0.8043267  0.80095804
 0.79461706 0.79432076 0.79321784 0.80188453 0.80432755 0.7953106
 0.7927663  0.79973423 0.8046298  0.7954705  0.8056354  0.79777855
 0.7935695  0.79235905 0.79630893 0.8015511  0.80357164 0.79680735
 0.8075902  0.79861885 0.7995385  0.80598944 0.8050995  0.7961543
 0.8020942  0.7926989  0.7922378  0.79884094 0.8060094  0.8045657
 0.8019253  0.8089368  0.79550606 0.79545546 0.7990965  0.7999115
 0.7971961  0.80530995 0.8068141  0.7978051  0.79657227 0.79911494
 0.8005195  0.80107254 0.7941576  0.79982126 0.8072668  0.7991907
 0.8024786  0.80744416 0.7996942  0.79520917 0.7942649  0.7955847
 0.797043   0.8053098  0.80712724 0.79848164 0.7938427  0.79568464
 0.80420685 0.80852574 0.80599993 0.79906046 0.8097438  0.8023907
 0.806737   0.8026912  0.80945456 0.8047631  0.7995582  0.7945467
 0.8071341  0.79647446 0.7990633  0.8072438  0.8112569  0.8023123
 0.7999442  0.7991298  0.8087102  0.79782254 0.80257994 0.79399145
 0.79749626 0.79839194 0.792908   0.79494166 0.79598755 0.802713
 0.80832154 0.8047741  0.7995231  0.80246156 0.8023153  0.795333
 0.8025454  0.8065273  0.79639417 0.7981155  0.8010528  0.79656553
 0.80476594 0.7964059  0.80656034 0.8101034  0.79494363 0.80444646
 0.7975464  0.7943205  0.7926712  0.79600406 0.8050019  0.80019516
 0.80545676 0.795911   0.80051816 0.80349535 0.80181533 0.8009022
 0.79903066 0.7977614  0.8004474  0.798696   0.8056437  0.80986273
 0.80095345 0.8033331  0.8106736  0.80669534 0.8047237  0.80428463
 0.8080255  0.80104923 0.8014621  0.8035736  0.8028517  0.80249155
 0.8043455  0.7968641  0.7966058  0.81069314 0.80630165 0.80613214
 0.7989366  0.80408525 0.8066327  0.7954776  0.80226386 0.80086964
 0.7983321  0.8062762  0.7991769  0.80821973 0.79964966 0.80498135
 0.80729026 0.80532634 0.81211054 0.7918235  0.7999586  0.79366034
 0.8005814  0.8021685  0.8033673  0.80167586 0.8059321  0.7985891
 0.80473214 0.79792035 0.8092063  0.7980934  0.80305696 0.7931917
 0.8005162  0.7992898  0.79628986 0.80272526 0.79764247 0.8039202
 0.8031309  0.7972795 ]
[nltk_data] Downloading package wordnet to /mnt/iusers01/fse-
[nltk_data]     ugpgt01/compsci01/q12628ct/nltk_data...
[nltk_data]   Package wordnet is already up-to-date!
[nltk_data] Downloading package punkt_tab to /mnt/iusers01/fse-
[nltk_data]     ugpgt01/compsci01/q12628ct/nltk_data...
[nltk_data]   Package punkt_tab is already up-to-date!
[nltk_data] Downloading package omw-1.4 to /mnt/iusers01/fse-
[nltk_data]     ugpgt01/compsci01/q12628ct/nltk_data...
[nltk_data]   Package omw-1.4 is already up-to-date!
/mnt/iusers01/fse-ugpgt01/compsci01/q12628ct/.conda/envs/semantic-decoding/lib/python3.10/site-packages/huggingface_hub/file_download.py:945: FutureWarning: `resume_download` is deprecated and will be removed in version 1.0.0. Downloads always resume when possible. If you want to force a new download, use `force_download=True`.
  warnings.warn(
Some weights of the model checkpoint at roberta-large were not used when initializing RobertaModel: ['lm_head.dense.bias', 'lm_head.dense.weight', 'lm_head.layer_norm.bias', 'lm_head.layer_norm.weight', 'lm_head.bias']
- This IS expected if you are initializing RobertaModel from the checkpoint of a model trained on another task or with another architecture (e.g. initializing a BertForSequenceClassification model from a BertForPreTraining model).
- This IS NOT expected if you are initializing RobertaModel from the checkpoint of a model that you expect to be exactly identical (initializing a BertForSequenceClassification model from a BertForSequenceClassification model).
Some weights of RobertaModel were not initialized from the model checkpoint at roberta-large and are newly initialized: ['roberta.pooler.dense.weight', 'roberta.pooler.dense.bias']
You should probably TRAIN this model on a down-stream task to be able to use it for predictions and inference.
delta_repeat-2
WER
[-0.23579392 -0.2240286  -0.24573    -0.22422308 -0.25563368 -0.21281447
 -0.25800171 -0.244321   -0.25902523 -0.25099649 -0.2397577  -0.24678867
 -0.24151562 -0.24920768 -0.21553397 -0.23972154 -0.21253041 -0.23342798
 -0.23219097 -0.2360583  -0.22025567 -0.2669328  -0.24286808 -0.24534743
 -0.23230622 -0.24354722 -0.24878451 -0.21899729 -0.22223893 -0.23837088
 -0.23970063 -0.24588154 -0.21272315 -0.23135091 -0.22775772 -0.22910873
 -0.22480256 -0.22504602 -0.23910729 -0.20265736 -0.23933108 -0.24542062
 -0.22116465 -0.22812718 -0.24918404 -0.23495171 -0.23300216 -0.21145479
 -0.25841698 -0.22216685 -0.24306671 -0.21591487 -0.24001132 -0.24323893
 -0.23328167 -0.21305933 -0.24878719 -0.23678002 -0.22575341 -0.21586756
 -0.23186584 -0.23967313 -0.23838867 -0.23362918 -0.24528846 -0.23560461
 -0.24098246 -0.25140685 -0.2563104  -0.21975947 -0.2415633  -0.21183662
 -0.21239277 -0.24339404 -0.25387483 -0.21862843 -0.26811726 -0.23744618
 -0.28664159 -0.21896293 -0.2121231  -0.24043879 -0.26465279 -0.24928906
 -0.22819136 -0.21539685 -0.20662375 -0.21501708 -0.24155655 -0.24621487
 -0.25974363 -0.21710257 -0.23625854 -0.2486071  -0.2563364  -0.22718282
 -0.22659443 -0.25385146 -0.25810168 -0.22820225 -0.2243358  -0.21865184
 -0.25499001 -0.22029819 -0.24515262 -0.23835424 -0.21816962 -0.2269958
 -0.23679922 -0.25841364 -0.2103183  -0.26520445 -0.22451849 -0.2607727
 -0.23320239 -0.23265752 -0.23420069 -0.24769301 -0.25707124 -0.25744699
 -0.24054036 -0.26413522 -0.24784474 -0.24356752 -0.23138131 -0.27397398
 -0.24429073 -0.23549733 -0.25552944 -0.24708736 -0.21695613 -0.24049635
 -0.26597742 -0.24681521 -0.22421947 -0.26064296 -0.24724977 -0.2538605
 -0.22360777 -0.26084005 -0.2365431  -0.24551729 -0.22103139 -0.22536154
 -0.26147804 -0.23872809 -0.23829326 -0.18640415 -0.23070136 -0.25276813
 -0.24645872 -0.24332635 -0.23908049 -0.23648459 -0.24411461 -0.23508273
 -0.22563163 -0.25743971 -0.22231417 -0.23220403 -0.24865341 -0.23686748
 -0.26570763 -0.23566013 -0.22748554 -0.24219541 -0.22041978 -0.25503055
 -0.24460187 -0.23322508 -0.23181314 -0.21726295 -0.2672986  -0.21014613
 -0.21069957 -0.23192973 -0.24806455 -0.23640666 -0.23493931 -0.23746024
 -0.24358469 -0.24807714 -0.27030301 -0.22762154 -0.22565714 -0.23178787
 -0.22859383 -0.24933293 -0.23592591 -0.25357443 -0.25794149 -0.25121152
 -0.23358838 -0.24299681 -0.24095269 -0.25589556 -0.23570794 -0.2579829
 -0.23917773 -0.2353692 ]
delta_repeat-2
BLEU
[0.17427285 0.1855639  0.17651772 0.20262066 0.19780056 0.17305051
 0.14451902 0.17435002 0.13624267 0.1446797  0.16820732 0.17513402
 0.16805153 0.18141003 0.15685427 0.20397113 0.17560587 0.23374574
 0.18934452 0.17075411 0.15107764 0.14387849 0.16519225 0.18577486
 0.20198345 0.20964118 0.16413744 0.23835749 0.20831074 0.20126121
 0.16904031 0.16024873 0.20439182 0.18249419 0.1938512  0.20459688
 0.21408307 0.21763334 0.18071349 0.22242877 0.15913826 0.19818112
 0.19649479 0.18781844 0.14905699 0.21222782 0.16816871 0.21175825
 0.16796109 0.1805715  0.16682788 0.18885635 0.19175842 0.17917148
 0.18511964 0.1973779  0.149937   0.17117135 0.21432258 0.23430763
 0.18657963 0.19255836 0.16416526 0.19912446 0.14930983 0.1705284
 0.18503235 0.16143301 0.15520482 0.17378743 0.20087041 0.17801271
 0.18227087 0.22456235 0.18250072 0.17396273 0.17026758 0.16645427
 0.12803471 0.18515062 0.22205149 0.17850625 0.14803248 0.18041255
 0.18618922 0.21601795 0.21139885 0.15343533 0.16772289 0.17330663
 0.17332184 0.1992217  0.16255141 0.18413666 0.1636035  0.194945
 0.19391718 0.17316242 0.15918526 0.20142206 0.20443284 0.18514059
 0.15586604 0.197172   0.16523591 0.14539365 0.17517618 0.18998635
 0.16923206 0.15210483 0.19830316 0.14778233 0.22685568 0.13202614
 0.17535961 0.16298043 0.17557178 0.16049382 0.16087877 0.18584355
 0.18103365 0.19248203 0.15995157 0.1794259  0.18442928 0.15324925
 0.22049442 0.19771138 0.17654984 0.18948804 0.19247362 0.17491964
 0.14427166 0.16553605 0.22314841 0.13460461 0.16733097 0.17758845
 0.19862591 0.1480848  0.16869317 0.17652587 0.19902434 0.17860237
 0.14702171 0.15324144 0.14655137 0.20462888 0.19193819 0.16192915
 0.17835346 0.21148874 0.17932589 0.21171807 0.15553225 0.18834952
 0.19248826 0.16208112 0.17186479 0.17743437 0.2010221  0.18315451
 0.11275951 0.16017648 0.21023514 0.17858978 0.1821356  0.15193529
 0.20657666 0.20575159 0.15270158 0.17023379 0.1499432  0.18259063
 0.20340807 0.20465038 0.1576299  0.204272   0.19804133 0.20494854
 0.18929213 0.21218913 0.11590352 0.18906275 0.17266349 0.19788665
 0.1878605  0.17330095 0.18171146 0.16499343 0.15375847 0.13606529
 0.17800458 0.20387997 0.14886412 0.16557247 0.17908367 0.15767802
 0.19432524 0.18413037]
delta_repeat-2
METEOR
[0.13869123 0.18264105 0.16199038 0.18660804 0.16567831 0.15306332
 0.12888064 0.14264132 0.12913367 0.13112663 0.15749433 0.17086525
 0.15233894 0.15058372 0.14552246 0.1420543  0.15046378 0.18801665
 0.17388664 0.16167428 0.13753609 0.11449573 0.13725531 0.15566439
 0.18025999 0.17402006 0.12957821 0.21401309 0.19240915 0.18679225
 0.14368327 0.14481375 0.17642281 0.14065636 0.15772922 0.18985138
 0.2079856  0.17989653 0.17910133 0.1924357  0.15582656 0.16805658
 0.15792364 0.18575706 0.13875677 0.18614258 0.1518465  0.18014535
 0.15427654 0.15916259 0.15656812 0.17100291 0.1541893  0.15435591
 0.15189317 0.18029753 0.12880096 0.16448513 0.17385678 0.21816052
 0.16170971 0.14953442 0.14006881 0.16025177 0.11943322 0.16010395
 0.13790321 0.13849744 0.1370871  0.16325305 0.1757474  0.17457905
 0.16657409 0.172221   0.1629441  0.140889   0.14066939 0.16018377
 0.11749608 0.15880872 0.18607559 0.1665141  0.14618673 0.15218964
 0.18399468 0.18227003 0.19601332 0.1379969  0.14085209 0.16950412
 0.15477417 0.19485974 0.14791768 0.16009521 0.14560996 0.1698402
 0.15267728 0.13720885 0.16650135 0.15601689 0.18488209 0.16016415
 0.12466961 0.16667677 0.17764148 0.13720752 0.15047286 0.16533962
 0.15131415 0.14808015 0.15466663 0.13946046 0.18282099 0.12799243
 0.16836984 0.17474108 0.17170566 0.14127976 0.13453703 0.17603629
 0.15267837 0.14594744 0.15738941 0.14180888 0.17708089 0.13345296
 0.19081576 0.18660325 0.16285939 0.17453419 0.18065519 0.14310165
 0.1107208  0.1512528  0.18181312 0.1243689  0.14484584 0.15927678
 0.17163182 0.14714882 0.14528912 0.14850016 0.18529191 0.15225758
 0.13048304 0.13542962 0.14089301 0.17177454 0.16535794 0.14572989
 0.13406047 0.17764854 0.15667386 0.1717503  0.15194026 0.1712855
 0.17110479 0.13417634 0.14920268 0.1718387  0.1885567  0.14700518
 0.10609329 0.14987311 0.17899393 0.14067693 0.1848918  0.12154523
 0.18089235 0.17309553 0.14886342 0.14798619 0.13109336 0.14761765
 0.17804832 0.16279424 0.17670112 0.17427146 0.17779203 0.16669817
 0.15629517 0.18056819 0.09759079 0.17275628 0.18401374 0.15736853
 0.18473787 0.14464666 0.16851417 0.13490686 0.13756824 0.13759743
 0.1565299  0.18699275 0.15729267 0.1434044  0.15355008 0.12092574
 0.14684682 0.16984008]
delta_repeat-2
BERT
[0.80135626 0.8033912  0.8017875  0.7990058  0.8091635  0.80305165
 0.7959344  0.8036216  0.8036277  0.79378307 0.80084264 0.80161846
 0.7976026  0.7974802  0.79727393 0.80767894 0.7949028  0.8143407
 0.7984395  0.8042986  0.79301804 0.7950873  0.79920036 0.80118895
 0.8035976  0.81038785 0.7964705  0.8103349  0.8022351  0.8001371
 0.796394   0.7982631  0.8025533  0.79962957 0.8002069  0.80340946
 0.80082256 0.8116674  0.8016552  0.79716164 0.7953559  0.80060065
 0.8067856  0.80292827 0.80323774 0.80481637 0.79904443 0.80408794
 0.7958727  0.7952747  0.80414087 0.80345154 0.80040306 0.8000464
 0.8047628  0.802433   0.7990999  0.7989431  0.8061699  0.8107072
 0.7947202  0.80653626 0.7998755  0.80884224 0.79288346 0.7970881
 0.8044561  0.80265605 0.8019567  0.80316997 0.8012307  0.8049201
 0.8046231  0.81352645 0.8017555  0.79973173 0.8001951  0.7975791
 0.8001015  0.7998204  0.8031384  0.7938712  0.79606545 0.8054975
 0.81271315 0.8002248  0.8063491  0.8019016  0.7991631  0.79909587
 0.798302   0.8112161  0.8038667  0.7948824  0.79613525 0.8070904
 0.80283624 0.7984037  0.7921358  0.8027966  0.80391115 0.80443585
 0.8027501  0.8033883  0.798266   0.7935018  0.8082907  0.80139774
 0.80319524 0.79803056 0.79940087 0.7947703  0.80405116 0.79546356
 0.8047396  0.80410665 0.8011783  0.79624623 0.79863983 0.808497
 0.8022258  0.79908967 0.79301053 0.793519   0.8017931  0.7963262
 0.8001142  0.8062671  0.8045527  0.8062165  0.8019064  0.79962826
 0.79575115 0.7956351  0.8015102  0.795214   0.80203813 0.79831916
 0.8049402  0.798458   0.80142707 0.80489165 0.8084425  0.7996471
 0.79285944 0.791731   0.79855895 0.8025881  0.7972188  0.7962281
 0.80088055 0.80079335 0.80123705 0.80719143 0.79374    0.80785334
 0.80052334 0.79792714 0.80096316 0.7992698  0.8063852  0.79891175
 0.7950093  0.79888356 0.80372125 0.7973137  0.80546206 0.7943082
 0.8043467  0.80069107 0.7953664  0.8029837  0.7927171  0.7976745
 0.8116049  0.8070879  0.80674726 0.8043628  0.81170404 0.7982201
 0.7980816  0.80390817 0.8003175  0.80534893 0.80637854 0.7998421
 0.8042453  0.79854184 0.80524516 0.79690206 0.7962122  0.7912419
 0.79975057 0.7972852  0.7989957  0.79295367 0.7991364  0.79345125
 0.8039936  0.7988123 ]
[nltk_data] Downloading package wordnet to /mnt/iusers01/fse-
[nltk_data]     ugpgt01/compsci01/q12628ct/nltk_data...
[nltk_data]   Package wordnet is already up-to-date!
[nltk_data] Downloading package punkt_tab to /mnt/iusers01/fse-
[nltk_data]     ugpgt01/compsci01/q12628ct/nltk_data...
[nltk_data]   Package punkt_tab is already up-to-date!
[nltk_data] Downloading package omw-1.4 to /mnt/iusers01/fse-
[nltk_data]     ugpgt01/compsci01/q12628ct/nltk_data...
[nltk_data]   Package omw-1.4 is already up-to-date!
/mnt/iusers01/fse-ugpgt01/compsci01/q12628ct/.conda/envs/semantic-decoding/lib/python3.10/site-packages/huggingface_hub/file_download.py:945: FutureWarning: `resume_download` is deprecated and will be removed in version 1.0.0. Downloads always resume when possible. If you want to force a new download, use `force_download=True`.
  warnings.warn(
Some weights of the model checkpoint at roberta-large were not used when initializing RobertaModel: ['lm_head.dense.weight', 'lm_head.dense.bias', 'lm_head.layer_norm.bias', 'lm_head.layer_norm.weight', 'lm_head.bias']
- This IS expected if you are initializing RobertaModel from the checkpoint of a model trained on another task or with another architecture (e.g. initializing a BertForSequenceClassification model from a BertForPreTraining model).
- This IS NOT expected if you are initializing RobertaModel from the checkpoint of a model that you expect to be exactly identical (initializing a BertForSequenceClassification model from a BertForSequenceClassification model).
Some weights of RobertaModel were not initialized from the model checkpoint at roberta-large and are newly initialized: ['roberta.pooler.dense.weight', 'roberta.pooler.dense.bias']
You should probably TRAIN this model on a down-stream task to be able to use it for predictions and inference.
echo_repeat-1
WER
[-0.01799861 -0.02542716 -0.03524723 -0.02600237 -0.03601152 -0.03268114
 -0.03309473 -0.0382594  -0.04136575 -0.0349667  -0.03119471 -0.04573317
 -0.03457213 -0.03376989 -0.02746809 -0.03519079 -0.04720696 -0.02443784
 -0.03560212 -0.03887663 -0.05404118 -0.02987637 -0.04229996 -0.02793647
 -0.03265441 -0.04512433 -0.01590022 -0.04510442 -0.03172524 -0.03406264
 -0.03788246 -0.03467157 -0.03495479 -0.03524749 -0.03287641 -0.03920256
 -0.02239832 -0.04310355 -0.03702752 -0.04992716 -0.03627949 -0.04513177
 -0.04432056 -0.02204045 -0.03715823 -0.02956832 -0.02266218 -0.02185515
 -0.02728084 -0.02802474 -0.02558965 -0.03570019 -0.03927076 -0.03585415
 -0.04221427 -0.03074239 -0.02374914 -0.03904779 -0.03694298 -0.04310905
 -0.04007993 -0.03743335 -0.0287603  -0.02113171 -0.01762847 -0.01921674
 -0.02670052 -0.02096288 -0.03049109 -0.02324902 -0.03861099 -0.03813907
 -0.03388963 -0.03736169 -0.02134029 -0.03597854 -0.04155517 -0.03278309
 -0.0339164  -0.01948249 -0.05002843 -0.0345577  -0.03597862 -0.03293211
 -0.0481012  -0.04060418 -0.04622496 -0.03079291 -0.02191768 -0.0156608
 -0.02647459 -0.04721008 -0.03582764 -0.01981876 -0.03143678 -0.02765339
 -0.03638893 -0.02670265 -0.02230505 -0.0261582  -0.04610177 -0.03304202
 -0.02035987 -0.03674172 -0.03836802 -0.03796984 -0.0392292  -0.02911727
 -0.03250878 -0.0237959  -0.01968173 -0.02486221 -0.03739683 -0.05395967
 -0.03417568 -0.03292059 -0.03547119 -0.03581657 -0.02140618 -0.0346578
 -0.03858441 -0.0446574  -0.03083731 -0.01681828 -0.03356044 -0.05053431
 -0.04168913 -0.0310674  -0.04272955 -0.03527212 -0.03884736 -0.05133727
 -0.0382639  -0.0405677  -0.03973483 -0.03099426 -0.04007799 -0.03360136
 -0.03665537 -0.04437935 -0.03671898 -0.04497317 -0.05181031 -0.03883068
 -0.0317901  -0.03899363 -0.03981271 -0.02981038 -0.03528755 -0.01037573
 -0.05208614 -0.03991248 -0.04431886 -0.03144756 -0.03427627 -0.03564199
 -0.02222415 -0.0387182  -0.03420067 -0.04234072 -0.04171658 -0.03835617
 -0.04087879 -0.04529272 -0.02378453 -0.0361821  -0.01883992 -0.03404097
 -0.03899252 -0.0474381  -0.03384757 -0.01694939 -0.03173704 -0.02752818
 -0.04186122 -0.03592611 -0.02916178 -0.02305798 -0.03477792 -0.03874276
 -0.00411879 -0.02706488 -0.02868764 -0.03693916 -0.02922411 -0.03333057
 -0.02746833 -0.0434035  -0.03111346 -0.03831976 -0.01179012 -0.03708792
 -0.04400626 -0.00987921 -0.03547706 -0.01933855 -0.05391968 -0.03305766
 -0.01353407 -0.03964653]
echo_repeat-1
BLEU
[0.18877828 0.1849608  0.15592737 0.18515583 0.16177515 0.13603325
 0.17022487 0.15130401 0.17169429 0.16520271 0.13608433 0.12326316
 0.18388882 0.1714902  0.1969333  0.15098469 0.14924992 0.165109
 0.15017608 0.1459684  0.13452855 0.14525739 0.14031804 0.18491085
 0.14591648 0.13913696 0.16915059 0.16418095 0.1574008  0.16484475
 0.14380709 0.14982813 0.14985965 0.15819872 0.15894666 0.13757714
 0.15110373 0.17563483 0.14039081 0.14395894 0.14760651 0.16951984
 0.09790161 0.14709776 0.14252156 0.15624625 0.18870804 0.2048682
 0.13814509 0.18143186 0.20038897 0.15542282 0.15459149 0.15837054
 0.14025304 0.13591295 0.15946142 0.15864065 0.13660353 0.16059251
 0.16124399 0.1668774  0.18955808 0.17301027 0.14805425 0.18641443
 0.17819316 0.1579196  0.13799043 0.15264987 0.16551128 0.16968309
 0.2174861  0.13550144 0.18696667 0.16189378 0.16413198 0.16375557
 0.15460175 0.15326535 0.08133019 0.1753279  0.16037648 0.18403423
 0.13450185 0.16813324 0.1073153  0.14139781 0.18960005 0.2005419
 0.1586281  0.12652895 0.18280951 0.17597243 0.15415625 0.17397895
 0.14203744 0.14618052 0.17101992 0.16355357 0.15832093 0.15067985
 0.20419521 0.13169702 0.16383365 0.15042752 0.13400319 0.14989708
 0.22100238 0.19029683 0.18475977 0.17776907 0.13079559 0.14354724
 0.18345518 0.17956145 0.22978043 0.15740858 0.17524111 0.14739679
 0.17811052 0.16224102 0.18479971 0.18973259 0.17006738 0.14317692
 0.14303249 0.16982303 0.18663862 0.15508212 0.14254716 0.09961854
 0.15278061 0.15536661 0.19822254 0.15056986 0.16512655 0.19516182
 0.15631227 0.17873825 0.1950281  0.11030516 0.12974629 0.15503345
 0.1765204  0.16696687 0.15641278 0.18518329 0.14709673 0.192962
 0.13666415 0.17911705 0.17766234 0.1608395  0.16396904 0.1368306
 0.15896464 0.15255898 0.19836271 0.15236749 0.14874576 0.15395762
 0.17258624 0.17513997 0.16028719 0.14990777 0.22246771 0.14372797
 0.15307135 0.14399021 0.16595709 0.19132193 0.17935805 0.15574285
 0.14779858 0.16890283 0.14516436 0.13297299 0.19721521 0.14291344
 0.23088453 0.15229604 0.16203324 0.19632619 0.14203672 0.17679973
 0.19817977 0.12590363 0.1835169  0.13213461 0.16895416 0.17173945
 0.15837084 0.17411332 0.15194577 0.18098924 0.14897497 0.16598197
 0.16650757 0.16552227]
echo_repeat-1
METEOR
[0.12095685 0.13789683 0.10698898 0.10290098 0.10493134 0.09634002
 0.1132495  0.0969491  0.11765578 0.11654448 0.08173642 0.10044055
 0.10717969 0.10765655 0.12863599 0.09679879 0.0943368  0.09995217
 0.11125247 0.0962759  0.08702567 0.09865225 0.09429429 0.11974062
 0.10058513 0.08529207 0.12096772 0.10860293 0.10953303 0.12788201
 0.09200876 0.10152086 0.10993923 0.09601482 0.09777279 0.09704664
 0.11592885 0.12419386 0.09525789 0.0870107  0.09788713 0.11082888
 0.07178039 0.09000026 0.09079776 0.10279885 0.11124917 0.12562897
 0.08329387 0.11305904 0.12507878 0.09807215 0.1057435  0.10017196
 0.09076935 0.09387383 0.10114655 0.09281532 0.09006304 0.11270762
 0.11611308 0.10828168 0.11559635 0.10043491 0.10227918 0.11234852
 0.12162    0.11051331 0.10348913 0.10828283 0.10462521 0.11601038
 0.1449347  0.08503092 0.10831868 0.11415818 0.11273465 0.12776873
 0.10852668 0.10615434 0.0583842  0.11015841 0.10362829 0.11589291
 0.07396928 0.10690175 0.06681517 0.09181857 0.12313778 0.12042818
 0.10231101 0.07782938 0.1131611  0.11393133 0.09878192 0.09963638
 0.09625839 0.10751852 0.10369192 0.09478536 0.11074825 0.0950515
 0.12482116 0.09441228 0.11580632 0.10054811 0.0803048  0.1011097
 0.1506522  0.12924357 0.14113499 0.12269137 0.08904068 0.08765734
 0.10458214 0.114166   0.13239211 0.0978285  0.11614407 0.10077842
 0.10915786 0.10106267 0.11428267 0.12884374 0.10452204 0.09661927
 0.09772487 0.11434949 0.11616583 0.09635202 0.08911558 0.07594945
 0.1004902  0.1080035  0.12568861 0.09108597 0.11118815 0.11375576
 0.10684591 0.12458055 0.13503783 0.0806543  0.09640336 0.09117012
 0.12721415 0.11494541 0.10304533 0.1105578  0.10127194 0.1090229
 0.08720206 0.11862603 0.1163704  0.11080556 0.10875996 0.10111397
 0.1104293  0.0959635  0.14579076 0.09947484 0.09133548 0.08547784
 0.11757433 0.11375058 0.09953821 0.09611564 0.14202923 0.08943233
 0.09807042 0.09151981 0.1044736  0.12619499 0.13072192 0.10166537
 0.09146857 0.11070141 0.09553174 0.09521313 0.12593912 0.10354635
 0.14550831 0.09191988 0.10811123 0.13102228 0.10114775 0.12257242
 0.12661323 0.0826574  0.12161956 0.0772196  0.11498722 0.10706343
 0.11653936 0.11681376 0.10260299 0.1187023  0.10595534 0.10760506
 0.11173339 0.11344178]
echo_repeat-1
BERT
[0.78342    0.78591734 0.7787     0.78152    0.77973515 0.7820124
 0.783376   0.77749604 0.77979267 0.7813739  0.78175473 0.7798473
 0.7828372  0.78271836 0.7819492  0.7792387  0.7827525  0.777483
 0.78864336 0.7820436  0.7757872  0.78050685 0.77847975 0.78232837
 0.780552   0.78104985 0.78197116 0.7791194  0.7755602  0.7831026
 0.77981204 0.7804415  0.77965415 0.7839815  0.7795732  0.77973205
 0.7817365  0.78211075 0.77929085 0.7800748  0.7787341  0.782437
 0.7792767  0.77622676 0.782028   0.7803018  0.78206354 0.78252953
 0.780075   0.78241825 0.782254   0.7821565  0.7795069  0.7811639
 0.77570575 0.7830557  0.7825541  0.7788377  0.77999276 0.78166676
 0.7827862  0.78188634 0.7880098  0.7797777  0.78044087 0.78261304
 0.7845686  0.78678524 0.7790635  0.7758824  0.7825789  0.781422
 0.7798213  0.7803108  0.7826392  0.7836287  0.78389925 0.7819764
 0.7809388  0.7818894  0.77683944 0.78081185 0.7826887  0.78095084
 0.7785701  0.7828974  0.7791806  0.7818884  0.7820368  0.7840729
 0.78152263 0.7763344  0.78524464 0.7809932  0.78317726 0.78073865
 0.7810284  0.7772675  0.7801608  0.78264755 0.7777448  0.7824332
 0.7824929  0.78073734 0.781698   0.7801728  0.78051174 0.7817598
 0.79008174 0.77994996 0.7872578  0.77887166 0.77909034 0.7785084
 0.78066796 0.7850338  0.7839967  0.78380597 0.78321624 0.7792275
 0.7838189  0.7819549  0.77948976 0.7818111  0.78522295 0.773884
 0.78081775 0.78300476 0.77575356 0.77740425 0.7788571  0.7774996
 0.78470325 0.7773247  0.7827143  0.7806551  0.77982706 0.78220004
 0.78588134 0.781241   0.78068674 0.7793691  0.78152764 0.7780517
 0.78230023 0.7836224  0.7802976  0.7847797  0.7799261  0.78474057
 0.7742417  0.78215164 0.7773548  0.7829437  0.7834628  0.7804508
 0.78162    0.78403974 0.787379   0.7816859  0.7844175  0.7792758
 0.7821633  0.7830272  0.7779332  0.7780488  0.7810362  0.78402084
 0.7807992  0.7784102  0.78390855 0.78382576 0.78142715 0.78108037
 0.784942   0.77653646 0.7794901  0.78527784 0.7839787  0.7822342
 0.78665936 0.782844   0.776087   0.7838516  0.780886   0.77885914
 0.7845489  0.7832846  0.78286904 0.7793121  0.7786665  0.7812152
 0.77920854 0.7793353  0.7779865  0.78233236 0.7772857  0.7779856
 0.7876395  0.78141814]
[nltk_data] Downloading package wordnet to /mnt/iusers01/fse-
[nltk_data]     ugpgt01/compsci01/q12628ct/nltk_data...
[nltk_data]   Package wordnet is already up-to-date!
[nltk_data] Downloading package punkt_tab to /mnt/iusers01/fse-
[nltk_data]     ugpgt01/compsci01/q12628ct/nltk_data...
[nltk_data]   Package punkt_tab is already up-to-date!
[nltk_data] Downloading package omw-1.4 to /mnt/iusers01/fse-
[nltk_data]     ugpgt01/compsci01/q12628ct/nltk_data...
[nltk_data]   Package omw-1.4 is already up-to-date!
/mnt/iusers01/fse-ugpgt01/compsci01/q12628ct/.conda/envs/semantic-decoding/lib/python3.10/site-packages/huggingface_hub/file_download.py:945: FutureWarning: `resume_download` is deprecated and will be removed in version 1.0.0. Downloads always resume when possible. If you want to force a new download, use `force_download=True`.
  warnings.warn(
Some weights of the model checkpoint at roberta-large were not used when initializing RobertaModel: ['lm_head.bias', 'lm_head.dense.weight', 'lm_head.layer_norm.weight', 'lm_head.layer_norm.bias', 'lm_head.dense.bias']
- This IS expected if you are initializing RobertaModel from the checkpoint of a model trained on another task or with another architecture (e.g. initializing a BertForSequenceClassification model from a BertForPreTraining model).
- This IS NOT expected if you are initializing RobertaModel from the checkpoint of a model that you expect to be exactly identical (initializing a BertForSequenceClassification model from a BertForSequenceClassification model).
Some weights of RobertaModel were not initialized from the model checkpoint at roberta-large and are newly initialized: ['roberta.pooler.dense.weight', 'roberta.pooler.dense.bias']
You should probably TRAIN this model on a down-stream task to be able to use it for predictions and inference.
echo_repeat-2
WER
[-0.0767033  -0.08328749 -0.05571887 -0.06704187 -0.0479032  -0.06474872
 -0.06395216 -0.06995658 -0.06922695 -0.06464144 -0.06726366 -0.08269199
 -0.06374878 -0.08065572 -0.06436212 -0.06946293 -0.06502972 -0.07889345
 -0.07145667 -0.07305752 -0.05825258 -0.05540344 -0.05217848 -0.06513687
 -0.07542377 -0.0693275  -0.0498338  -0.05736548 -0.0708844  -0.07371949
 -0.0692056  -0.07504398 -0.0773814  -0.06511009 -0.05827048 -0.0633914
 -0.08531838 -0.07645732 -0.06434235 -0.07525812 -0.07325429 -0.05173097
 -0.06408033 -0.05615957 -0.06148348 -0.0723811  -0.07333126 -0.05696139
 -0.06673371 -0.06778665 -0.06858854 -0.06523103 -0.06145193 -0.08525576
 -0.07631816 -0.06507157 -0.06773293 -0.0694212  -0.07835528 -0.06074716
 -0.07940597 -0.07461869 -0.08018787 -0.05520969 -0.07128996 -0.06113361
 -0.06127093 -0.09224613 -0.06964095 -0.07443397 -0.06157692 -0.06908674
 -0.07348998 -0.07740895 -0.07878684 -0.08954665 -0.06464109 -0.0656475
 -0.07421992 -0.07480199 -0.05432714 -0.06707836 -0.0559034  -0.06575794
 -0.0511689  -0.07358834 -0.06969856 -0.06745798 -0.07461402 -0.06499969
 -0.06440396 -0.05872809 -0.06632114 -0.06023203 -0.07413928 -0.06069579
 -0.07455606 -0.06088346 -0.06250539 -0.06838323 -0.06318502 -0.06407432
 -0.07387007 -0.06582899 -0.07180314 -0.04603623 -0.07345267 -0.06789114
 -0.07155936 -0.08089563 -0.06824359 -0.07376341 -0.07729489 -0.05875806
 -0.06751924 -0.06536326 -0.05146199 -0.05877061 -0.06838635 -0.07663288
 -0.05535762 -0.06557855 -0.05969106 -0.06227969 -0.06152708 -0.0736877
 -0.07124196 -0.07048457 -0.0747945  -0.06033608 -0.07878267 -0.06313049
 -0.06615811 -0.05100304 -0.06282547 -0.08401685 -0.05524376 -0.06111808
 -0.06824471 -0.08064472 -0.07558186 -0.06968359 -0.07220714 -0.06422292
 -0.07138248 -0.05379761 -0.06421732 -0.07690486 -0.07279573 -0.08103338
 -0.07565173 -0.07737555 -0.08249801 -0.08448036 -0.07613628 -0.06979816
 -0.07452727 -0.07258806 -0.05607615 -0.07575627 -0.08033791 -0.04588151
 -0.07761703 -0.07075227 -0.07721412 -0.05882132 -0.06052126 -0.07338
 -0.07838097 -0.06098361 -0.05832491 -0.0698413  -0.04887857 -0.06047364
 -0.07994556 -0.07034259 -0.06388478 -0.06162579 -0.07660739 -0.06461086
 -0.08467186 -0.0587022  -0.07232844 -0.05770704 -0.05887799 -0.07501722
 -0.08059509 -0.05391458 -0.07120444 -0.05619648 -0.07311123 -0.07229046
 -0.06820798 -0.06502487 -0.06841441 -0.06530318 -0.06754807 -0.07278893
 -0.07524982 -0.07189112]
echo_repeat-2
BLEU
[0.15081032 0.13708795 0.21432806 0.15159086 0.17664906 0.15145164
 0.15588867 0.16885077 0.15227718 0.14004673 0.18848188 0.15786789
 0.16422115 0.1408841  0.19865135 0.18565204 0.17423105 0.12763596
 0.16421768 0.15963996 0.18326342 0.20452253 0.17777699 0.13760322
 0.1145845  0.15819928 0.15490736 0.1746218  0.16024651 0.14209147
 0.17675372 0.15027382 0.15886309 0.16632558 0.16861971 0.20376584
 0.14418941 0.12410512 0.16460666 0.20578657 0.15574237 0.1552508
 0.16748519 0.18743883 0.18183483 0.14382984 0.13924858 0.19221718
 0.15370748 0.17373011 0.1397947  0.15059913 0.15932562 0.13548325
 0.14830758 0.16722661 0.15224431 0.19575815 0.12462635 0.17688081
 0.11556805 0.19230544 0.1588679  0.17206745 0.17714726 0.1310569
 0.16441926 0.1629734  0.14459584 0.15469572 0.13572267 0.17880237
 0.1448045  0.11974505 0.16427541 0.13976576 0.17997172 0.17030001
 0.14259505 0.11900229 0.17812026 0.16062961 0.17930087 0.16425826
 0.1637673  0.13605188 0.1602561  0.16244418 0.1495005  0.19476148
 0.12486782 0.16481046 0.19114656 0.171367   0.17709886 0.14100094
 0.15213785 0.17088184 0.15733191 0.1561932  0.16059871 0.1577363
 0.14949609 0.16773963 0.15238583 0.153872   0.14951167 0.1685714
 0.13678211 0.12314828 0.18408251 0.15718533 0.17132839 0.17620638
 0.16924259 0.14474818 0.16016442 0.17151035 0.16046651 0.15285854
 0.13775366 0.17932392 0.19808184 0.18407188 0.17530321 0.12931083
 0.16196915 0.13998238 0.15419556 0.15836381 0.13479752 0.15771512
 0.19535428 0.18316631 0.16390465 0.16438698 0.18198343 0.16177477
 0.17077643 0.13775687 0.12680678 0.15663726 0.14103319 0.15991843
 0.19059924 0.19231893 0.17426927 0.12295884 0.1350945  0.13691871
 0.12970607 0.1259001  0.12683793 0.13563317 0.14620822 0.16611619
 0.16382321 0.14523571 0.17830429 0.16100566 0.13938427 0.19295306
 0.143985   0.14801232 0.16146494 0.16687944 0.16157631 0.14915571
 0.15385075 0.17421414 0.15906344 0.19197876 0.20020605 0.18372252
 0.15472087 0.16898955 0.15133149 0.16138744 0.16998754 0.16968768
 0.13257114 0.18233335 0.16757602 0.18898603 0.18001684 0.1356692
 0.15571681 0.20416668 0.20208026 0.16135093 0.15335247 0.16477804
 0.16280447 0.15109672 0.18543762 0.15000304 0.15498132 0.17462568
 0.17137604 0.18251809]
echo_repeat-2
METEOR
[0.11628365 0.0924994  0.14813406 0.08807414 0.12443692 0.09528643
 0.10273523 0.10516507 0.09856008 0.10692117 0.12418535 0.10938257
 0.10477867 0.11406111 0.12896964 0.12097982 0.11956997 0.08908768
 0.1060551  0.12973617 0.11373806 0.12421114 0.11767304 0.10324341
 0.07885789 0.11898592 0.1056721  0.11438796 0.12107849 0.09813285
 0.11932048 0.10379893 0.10630256 0.11692479 0.11575608 0.13495232
 0.09563763 0.07829353 0.10891119 0.13250872 0.1184901  0.11760587
 0.09930595 0.13164683 0.12016915 0.10300983 0.1003648  0.11676941
 0.11037375 0.10772336 0.09224874 0.09684098 0.10946985 0.09097169
 0.10783624 0.12028676 0.10433791 0.13127161 0.08192523 0.1208122
 0.08551678 0.13511654 0.11773208 0.10973677 0.13615477 0.09200099
 0.13035747 0.11935748 0.09207713 0.10587972 0.0915526  0.13212245
 0.09901185 0.09479513 0.11596945 0.09377298 0.13138401 0.11254696
 0.09180853 0.08831666 0.11231652 0.11560056 0.11693872 0.0925262
 0.11913844 0.08906457 0.11111882 0.10590889 0.10054975 0.14878247
 0.09117936 0.1158847  0.11971074 0.10842025 0.12420899 0.10862355
 0.09384783 0.11219634 0.11369401 0.10295218 0.1129215  0.10046888
 0.09374028 0.10134917 0.09514686 0.10838311 0.09343902 0.11467849
 0.10425054 0.08643897 0.11261102 0.11132035 0.11251689 0.11641198
 0.10359588 0.08510068 0.10387333 0.12269368 0.10763673 0.10524144
 0.08798434 0.11663564 0.12743565 0.12669287 0.11214941 0.0806304
 0.10506719 0.09403699 0.11728613 0.10200871 0.09483751 0.10374593
 0.11759751 0.12492852 0.11745224 0.10347331 0.13028904 0.11320854
 0.11388544 0.08201927 0.08372124 0.10743137 0.09415911 0.10606041
 0.1377257  0.12569047 0.11396427 0.08214533 0.10138603 0.09003145
 0.09139172 0.08410649 0.08806241 0.09192662 0.09093753 0.10280623
 0.11004881 0.09497186 0.12999609 0.10181498 0.10021718 0.12910597
 0.09266565 0.10715208 0.10776942 0.14438167 0.10722154 0.09381235
 0.11335312 0.11215579 0.10876036 0.1147444  0.11827582 0.13514384
 0.09374216 0.1192697  0.0970951  0.10792243 0.11306186 0.11590739
 0.09338679 0.12434958 0.1138643  0.12394178 0.12270238 0.09988871
 0.10976012 0.13036422 0.13173491 0.10136616 0.11011243 0.10823606
 0.11359298 0.1001542  0.12837356 0.11188974 0.11042536 0.12421375
 0.1142256  0.13100876]
echo_repeat-2
BERT
[0.77998996 0.78349036 0.78464544 0.78424656 0.7841621  0.7815479
 0.78190184 0.7811897  0.78068626 0.7820858  0.78481245 0.7828865
 0.778668   0.77815044 0.78798664 0.7827865  0.7845166  0.78113484
 0.7820066  0.7816417  0.7788624  0.78138846 0.78701085 0.7759292
 0.77950096 0.7809538  0.7819723  0.7829052  0.7794025  0.77783084
 0.78303367 0.77820086 0.7819876  0.78540653 0.7826191  0.7873424
 0.7812938  0.77635264 0.7771707  0.78364295 0.78226674 0.778544
 0.78583705 0.78908557 0.7819766  0.78178334 0.77845055 0.7821849
 0.77796644 0.77784806 0.77810574 0.78202254 0.7770029  0.78376955
 0.784485   0.78085494 0.78396976 0.77985317 0.77937096 0.7802353
 0.779198   0.784045   0.7865423  0.7882583  0.78002495 0.78322655
 0.78008276 0.7810243  0.78034073 0.7822639  0.78417873 0.7813849
 0.78112084 0.77907836 0.77944976 0.7788603  0.7815767  0.78405017
 0.78070647 0.77995646 0.7839899  0.78194326 0.783099   0.7802861
 0.77900773 0.77854484 0.7860995  0.7791301  0.7801926  0.7831479
 0.78176314 0.78092647 0.78374696 0.78085357 0.779297   0.77921987
 0.780306   0.7811172  0.7829842  0.77987695 0.7762284  0.78279334
 0.7809039  0.7843938  0.7807352  0.77945286 0.780712   0.77898353
 0.77974373 0.77935916 0.78299004 0.78064376 0.7826872  0.7796204
 0.7829932  0.78050727 0.78094333 0.7808624  0.77833015 0.7773064
 0.7764417  0.7795381  0.7795329  0.78396404 0.78489023 0.7803861
 0.78062457 0.7792741  0.78209674 0.7829227  0.7824899  0.7778355
 0.78020066 0.784212   0.7824692  0.78212726 0.7860134  0.779812
 0.7851129  0.77853787 0.77768266 0.7840399  0.78030604 0.77719414
 0.77696913 0.78228843 0.78153795 0.7772496  0.7826263  0.7771656
 0.77907085 0.7801924  0.77782893 0.78261715 0.7778428  0.7783477
 0.7842171  0.7787848  0.78100914 0.7795674  0.78046083 0.78543544
 0.7795088  0.78209966 0.7820768  0.7875431  0.78352076 0.78146565
 0.7802859  0.779028   0.7825468  0.77813494 0.7882619  0.7854274
 0.78584605 0.7830192  0.77852124 0.781325   0.78170496 0.77935696
 0.7818096  0.7775882  0.77929485 0.7830029  0.78633976 0.77977896
 0.7818192  0.7820605  0.7824158  0.7803414  0.7850158  0.78851366
 0.78308797 0.78375876 0.7856545  0.77993584 0.7854428  0.7847879
 0.7795939  0.78329885]
[nltk_data] Downloading package wordnet to /mnt/iusers01/fse-
[nltk_data]     ugpgt01/compsci01/q12628ct/nltk_data...
[nltk_data]   Package wordnet is already up-to-date!
[nltk_data] Downloading package punkt_tab to /mnt/iusers01/fse-
[nltk_data]     ugpgt01/compsci01/q12628ct/nltk_data...
[nltk_data]   Package punkt_tab is already up-to-date!
[nltk_data] Downloading package omw-1.4 to /mnt/iusers01/fse-
[nltk_data]     ugpgt01/compsci01/q12628ct/nltk_data...
[nltk_data]   Package omw-1.4 is already up-to-date!
/mnt/iusers01/fse-ugpgt01/compsci01/q12628ct/.conda/envs/semantic-decoding/lib/python3.10/site-packages/huggingface_hub/file_download.py:945: FutureWarning: `resume_download` is deprecated and will be removed in version 1.0.0. Downloads always resume when possible. If you want to force a new download, use `force_download=True`.
  warnings.warn(
Some weights of the model checkpoint at roberta-large were not used when initializing RobertaModel: ['lm_head.dense.bias', 'lm_head.layer_norm.bias', 'lm_head.dense.weight', 'lm_head.layer_norm.weight', 'lm_head.bias']
- This IS expected if you are initializing RobertaModel from the checkpoint of a model trained on another task or with another architecture (e.g. initializing a BertForSequenceClassification model from a BertForPreTraining model).
- This IS NOT expected if you are initializing RobertaModel from the checkpoint of a model that you expect to be exactly identical (initializing a BertForSequenceClassification model from a BertForSequenceClassification model).
Some weights of RobertaModel were not initialized from the model checkpoint at roberta-large and are newly initialized: ['roberta.pooler.dense.weight', 'roberta.pooler.dense.bias']
You should probably TRAIN this model on a down-stream task to be able to use it for predictions and inference.
wheretheressmoke
WER
[0.03294263 0.03284998 0.03106903 0.04244107 0.0357266  0.03716575
 0.0366284  0.03363226 0.0307085  0.03204789 0.03261752 0.0379837
 0.0345542  0.04090466 0.03713712 0.03516437 0.03489411 0.03185782
 0.03850576 0.03718078 0.03600865 0.02758574 0.03145896 0.02871375
 0.03480894 0.0339255  0.03429269 0.03401021 0.03127847 0.03357213
 0.03709926 0.03447425 0.03674958 0.03767918 0.03428777 0.03249109
 0.03623207 0.03569483 0.03960494 0.03274243 0.03221112 0.03314276
 0.03085548 0.03582337 0.02861087 0.03658167 0.03696573 0.02897002
 0.02770271 0.03463495 0.0350428  0.03352864 0.03192316 0.03425883
 0.03363509 0.03347013 0.03305265 0.03360204 0.03796965 0.0323782
 0.03116602 0.03869685 0.03133806 0.03885252 0.03520913 0.03541952
 0.02840412 0.03104536 0.0296325  0.03684717 0.02766079 0.03615034
 0.03238569 0.03536686 0.03439537 0.02876785 0.0365156  0.03513159
 0.03493414 0.03136499 0.03286212 0.03367524 0.03334904 0.03314252
 0.0311951  0.03201215 0.02855642 0.03290199 0.03175302 0.03347434
 0.0335163  0.03086331 0.03059542 0.03063845 0.03150533 0.03548999
 0.03335052 0.03600417 0.03595692 0.03337059 0.02965278 0.03557092
 0.03281125 0.03807064 0.03463885 0.03358904 0.03634405 0.03789471
 0.03428719 0.03395741 0.03339253 0.03733922 0.03427841 0.03618034
 0.0368519  0.03374204 0.03281079 0.0337387  0.04168442 0.03639954
 0.03615558 0.03669566 0.03912465 0.0342888  0.03156215 0.03420672
 0.03224979 0.03034171 0.03702071 0.02818399 0.03412573 0.03650008
 0.02713229 0.03536185 0.03846638 0.02928272 0.0317309  0.03258109
 0.04097226 0.03206921 0.0354698  0.03627697 0.03653641 0.03571319
 0.03075007 0.03115996 0.03430173 0.03278388 0.0351826  0.03958344
 0.03351404 0.03771523 0.03250265 0.03418002 0.03339701 0.03429556
 0.03334395 0.03669373 0.03056456 0.03257245 0.04012768 0.03621086
 0.03122867 0.03635552 0.0356723  0.03716116 0.03772234 0.0306909
 0.03586521 0.03588481 0.02736121 0.03473973 0.03370592 0.03202232
 0.035647   0.03602928 0.02607986 0.03639253 0.03415913 0.03682069
 0.03244541 0.03160428 0.03179638 0.03671554 0.03538404 0.03968927
 0.03234511 0.03215089 0.03097864 0.02756308 0.02922144 0.03663653
 0.03883039 0.03529877 0.03484264 0.03271337 0.03393885 0.02853997
 0.03294635 0.03161027]
wheretheressmoke
BLEU
[0.2011748  0.19568923 0.18555012 0.2003761  0.18534888 0.18217583
 0.19018339 0.19054825 0.18448433 0.19199607 0.18041565 0.19736061
 0.19273497 0.19025402 0.18952869 0.18917987 0.19409468 0.18735796
 0.18863039 0.19168278 0.19134791 0.17184302 0.19049042 0.17073001
 0.18244985 0.18812557 0.19460814 0.18773802 0.18265005 0.17846059
 0.18927265 0.20183647 0.20106944 0.18905017 0.18519401 0.19452999
 0.19206182 0.1811362  0.19182174 0.18273307 0.18606746 0.19419005
 0.19283123 0.19977108 0.18622111 0.19961901 0.18992348 0.1800816
 0.18989582 0.18245027 0.1830845  0.17344399 0.19037917 0.19086545
 0.19901378 0.19343432 0.19624805 0.19073721 0.1931886  0.18065359
 0.18030169 0.19253552 0.18471406 0.19490536 0.19096267 0.18150632
 0.18510112 0.18705223 0.17939082 0.19638458 0.17318494 0.19040634
 0.19057145 0.1901623  0.18720432 0.18006135 0.18130772 0.18418302
 0.18709269 0.18403559 0.18339521 0.18984929 0.19881018 0.18391638
 0.18048532 0.18913185 0.18265443 0.17756682 0.19280238 0.19883677
 0.19139461 0.18237923 0.17518409 0.19603387 0.18090872 0.18767629
 0.19084909 0.18342818 0.18720828 0.18815201 0.18739761 0.19123152
 0.17548241 0.19142482 0.19188709 0.18647238 0.19477964 0.18928889
 0.18022035 0.18815945 0.18326014 0.19984084 0.19170857 0.19236582
 0.19508747 0.18391676 0.18529911 0.18828831 0.1979369  0.19913296
 0.1804242  0.19616893 0.19740202 0.18687156 0.1813588  0.18649752
 0.18375854 0.19006311 0.19360922 0.19551531 0.19451302 0.19727944
 0.176275   0.18945462 0.19476042 0.17812803 0.19397721 0.18562128
 0.20648713 0.18916868 0.18281039 0.19004557 0.17880926 0.18694233
 0.17582433 0.19759309 0.18577168 0.17998647 0.18785224 0.19425565
 0.18506056 0.20114941 0.19598728 0.19074352 0.19863587 0.18755501
 0.18989728 0.18493494 0.1866741  0.18598132 0.19766762 0.186041
 0.19112004 0.18760246 0.19614032 0.1819771  0.19473622 0.18475335
 0.18803443 0.19705169 0.17361997 0.19456805 0.17907265 0.18501633
 0.18167514 0.18672899 0.16935971 0.18650739 0.18610828 0.18748102
 0.19318869 0.18793326 0.18448987 0.19877332 0.18740883 0.18902528
 0.18604282 0.18530018 0.1822391  0.18292881 0.19149696 0.18839881
 0.19408005 0.19315364 0.18871717 0.1811669  0.18096615 0.17193131
 0.18470056 0.1892537 ]
wheretheressmoke
METEOR
[0.14406726 0.13973314 0.13198002 0.14114167 0.13563012 0.13507583
 0.13990827 0.13918068 0.13941119 0.13549437 0.13528943 0.13733711
 0.14161367 0.14201163 0.14244527 0.13853497 0.13544752 0.13815476
 0.13736985 0.13851031 0.14019364 0.12814286 0.13833045 0.13067467
 0.1372111  0.14121507 0.14165081 0.13695784 0.13152027 0.13229507
 0.14248216 0.14617154 0.14927108 0.1425763  0.13437096 0.14148266
 0.13896192 0.13341697 0.14245331 0.12871554 0.13426185 0.13907954
 0.13763872 0.14475792 0.13383171 0.14045937 0.14354341 0.13322116
 0.14409629 0.13272986 0.13013305 0.12886239 0.14165034 0.13935318
 0.14246883 0.13695382 0.13889036 0.13766099 0.14074726 0.13297538
 0.130397   0.14614729 0.13706786 0.14236277 0.13968227 0.13142394
 0.13748527 0.13610391 0.13338    0.13679347 0.12734976 0.13896691
 0.14063216 0.13938399 0.1379887  0.13287383 0.14064656 0.13358853
 0.13856868 0.13156535 0.13206861 0.13910766 0.14134374 0.13490677
 0.13322503 0.13680491 0.13310843 0.13047628 0.14153431 0.14237949
 0.13669411 0.13607814 0.13246067 0.14248946 0.13029948 0.13567676
 0.13773199 0.13846889 0.136056   0.13785583 0.13789042 0.13971017
 0.12777952 0.13957101 0.13793931 0.14360221 0.14635229 0.13777246
 0.13797625 0.13388139 0.1346737  0.13811106 0.14029557 0.14154737
 0.14035159 0.13533962 0.13571095 0.14019729 0.14085331 0.14191753
 0.1297215  0.14586719 0.1460005  0.13869803 0.13500907 0.13860854
 0.13465738 0.13855085 0.1430959  0.1384494  0.14009272 0.14107157
 0.1324085  0.13940939 0.14233372 0.13038456 0.14404369 0.13428222
 0.1445224  0.13825974 0.13655554 0.13803161 0.13459804 0.13812434
 0.13000397 0.14736435 0.14075014 0.13060207 0.13672675 0.14130264
 0.13484364 0.14743429 0.13974065 0.13572096 0.14552402 0.13872107
 0.13782596 0.13502873 0.13498461 0.1395898  0.14759702 0.13293954
 0.13550804 0.13659653 0.1391831  0.13534966 0.14372573 0.14020531
 0.13853104 0.14149984 0.13496878 0.1379893  0.13206063 0.13855078
 0.13387218 0.13649968 0.12586954 0.1386303  0.13486293 0.13941373
 0.14506662 0.13681415 0.13271843 0.14256981 0.14014191 0.13640449
 0.13465995 0.13426055 0.13768773 0.13448317 0.1370388  0.14275066
 0.14117787 0.14070765 0.13528838 0.13718634 0.13529503 0.12697289
 0.14143841 0.13958646]
wheretheressmoke
BERT
[0.7914614  0.7907658  0.78883916 0.78927106 0.788353   0.790631
 0.7908499  0.78949463 0.7894151  0.78922856 0.7879007  0.7902315
 0.7883662  0.7895678  0.7915622  0.7884564  0.7891478  0.79088646
 0.79085267 0.79161775 0.79077613 0.78786665 0.7888488  0.78951716
 0.79102457 0.7902779  0.7898155  0.789172   0.78711545 0.7879581
 0.7915656  0.79075444 0.790685   0.79228216 0.7879906  0.7898345
 0.79046494 0.78832567 0.79056114 0.78904516 0.7905843  0.79084265
 0.78863263 0.79133576 0.7891605  0.78886616 0.7907257  0.789321
 0.79071957 0.7905729  0.7903785  0.7884383  0.7907854  0.7913821
 0.7907814  0.7881697  0.79041696 0.7883482  0.7906289  0.7900228
 0.789292   0.79241854 0.7886574  0.79001486 0.79012245 0.7909399
 0.7889431  0.79042566 0.78960866 0.78889287 0.7890392  0.7904129
 0.79035574 0.7905542  0.7892878  0.7895835  0.7894461  0.79122144
 0.7889894  0.7890945  0.7901443  0.79071015 0.7901916  0.7892673
 0.7891507  0.7907265  0.7902185  0.7884659  0.78882134 0.79131347
 0.7882211  0.7886139  0.78910327 0.78910136 0.7896315  0.78918624
 0.79098886 0.7889714  0.7895239  0.79011744 0.78947276 0.7894441
 0.7901619  0.78996795 0.7878906  0.7894475  0.79022276 0.7898967
 0.78813356 0.79030794 0.7899195  0.7883536  0.7906443  0.789808
 0.7922599  0.7897884  0.7885847  0.78886545 0.7896863  0.79122853
 0.78944075 0.7917822  0.790967   0.78929645 0.7882317  0.78969485
 0.78999627 0.78880525 0.7897608  0.79083437 0.79174536 0.7884856
 0.7896498  0.7896007  0.79193735 0.78941786 0.790219   0.78956246
 0.79017824 0.79113716 0.7891457  0.7901961  0.78955287 0.7887028
 0.7880638  0.7917569  0.7908318  0.7891667  0.790902   0.79052764
 0.78875214 0.78856784 0.7921017  0.7909473  0.7918844  0.78714025
 0.7894768  0.790913   0.7885228  0.7882775  0.79183173 0.78923225
 0.7903114  0.7899828  0.78894943 0.78933537 0.79007405 0.7890302
 0.7904214  0.7896531  0.78731924 0.79121727 0.7894797  0.79090893
 0.79042524 0.7910405  0.7881846  0.7900256  0.7875312  0.7892362
 0.78946954 0.7884567  0.7882788  0.7918876  0.7896071  0.789989
 0.79052085 0.7905445  0.7897552  0.79064316 0.7900049  0.78855467
 0.7883962  0.7894379  0.7888492  0.79100066 0.78963125 0.78831124
 0.78939325 0.7900604 ]
[nltk_data] Downloading package wordnet to /mnt/iusers01/fse-
[nltk_data]     ugpgt01/compsci01/q12628ct/nltk_data...
[nltk_data]   Package wordnet is already up-to-date!
[nltk_data] Downloading package punkt_tab to /mnt/iusers01/fse-
[nltk_data]     ugpgt01/compsci01/q12628ct/nltk_data...
[nltk_data]   Package punkt_tab is already up-to-date!
[nltk_data] Downloading package omw-1.4 to /mnt/iusers01/fse-
[nltk_data]     ugpgt01/compsci01/q12628ct/nltk_data...
[nltk_data]   Package omw-1.4 is already up-to-date!
/mnt/iusers01/fse-ugpgt01/compsci01/q12628ct/.conda/envs/semantic-decoding/lib/python3.10/site-packages/huggingface_hub/file_download.py:945: FutureWarning: `resume_download` is deprecated and will be removed in version 1.0.0. Downloads always resume when possible. If you want to force a new download, use `force_download=True`.
  warnings.warn(
Some weights of the model checkpoint at roberta-large were not used when initializing RobertaModel: ['lm_head.layer_norm.bias', 'lm_head.bias', 'lm_head.dense.weight', 'lm_head.dense.bias', 'lm_head.layer_norm.weight']
- This IS expected if you are initializing RobertaModel from the checkpoint of a model trained on another task or with another architecture (e.g. initializing a BertForSequenceClassification model from a BertForPreTraining model).
- This IS NOT expected if you are initializing RobertaModel from the checkpoint of a model that you expect to be exactly identical (initializing a BertForSequenceClassification model from a BertForSequenceClassification model).
Some weights of RobertaModel were not initialized from the model checkpoint at roberta-large and are newly initialized: ['roberta.pooler.dense.bias', 'roberta.pooler.dense.weight']
You should probably TRAIN this model on a down-stream task to be able to use it for predictions and inference.
Traceback (most recent call last):
  File "/net/scratch/q12628ct/semantic-decoding/decoding/evaluate_predictions.py", line 51, in <module>
    ref_data = load_transcript(args.experiment, reference)
  File "/net/scratch/q12628ct/semantic-decoding/decoding/utils_eval.py", line 23, in load_transcript
    with open(grid_path) as f: 
FileNotFoundError: [Errno 2] No such file or directory: '/net/scratch/q12628ct/semantic-decoding/data_test/test_stimulus/perceived_movie/sintel.TextGrid'
[nltk_data] Downloading package wordnet to /mnt/iusers01/fse-
[nltk_data]     ugpgt01/compsci01/q12628ct/nltk_data...
[nltk_data]   Package wordnet is already up-to-date!
[nltk_data] Downloading package punkt_tab to /mnt/iusers01/fse-
[nltk_data]     ugpgt01/compsci01/q12628ct/nltk_data...
[nltk_data]   Package punkt_tab is already up-to-date!
[nltk_data] Downloading package omw-1.4 to /mnt/iusers01/fse-
[nltk_data]     ugpgt01/compsci01/q12628ct/nltk_data...
[nltk_data]   Package omw-1.4 is already up-to-date!
/mnt/iusers01/fse-ugpgt01/compsci01/q12628ct/.conda/envs/semantic-decoding/lib/python3.10/site-packages/huggingface_hub/file_download.py:945: FutureWarning: `resume_download` is deprecated and will be removed in version 1.0.0. Downloads always resume when possible. If you want to force a new download, use `force_download=True`.
  warnings.warn(
Some weights of the model checkpoint at roberta-large were not used when initializing RobertaModel: ['lm_head.dense.bias', 'lm_head.dense.weight', 'lm_head.layer_norm.bias', 'lm_head.bias', 'lm_head.layer_norm.weight']
- This IS expected if you are initializing RobertaModel from the checkpoint of a model trained on another task or with another architecture (e.g. initializing a BertForSequenceClassification model from a BertForPreTraining model).
- This IS NOT expected if you are initializing RobertaModel from the checkpoint of a model that you expect to be exactly identical (initializing a BertForSequenceClassification model from a BertForSequenceClassification model).
Some weights of RobertaModel were not initialized from the model checkpoint at roberta-large and are newly initialized: ['roberta.pooler.dense.weight', 'roberta.pooler.dense.bias']
You should probably TRAIN this model on a down-stream task to be able to use it for predictions and inference.
presto
WER
[0.04303135 0.02408211 0.03417323 0.02867598 0.03768572 0.03441275
 0.03162898 0.03145801 0.03153831 0.03890769 0.03433338 0.03580779
 0.02790021 0.03536987 0.03617969 0.03147115 0.02898798 0.03305963
 0.02917959 0.02633256 0.03508123 0.03460391 0.03465651 0.03376637
 0.03743412 0.02368896 0.02891337 0.04314214 0.03793559 0.03322807
 0.02981885 0.03791834 0.04116999 0.02476704 0.04121448 0.04179804
 0.02498792 0.02460231 0.03060238 0.04407035 0.0359192  0.02757599
 0.02499735 0.02686498 0.02720766 0.03804849 0.03466411 0.0367232
 0.03569233 0.02967266 0.03578348 0.02804331 0.03518011 0.03401002
 0.02365777 0.03427221 0.04260712 0.03262697 0.03209195 0.03435583
 0.0281527  0.0370044  0.02921841 0.03566958 0.03811181 0.03609678
 0.02691309 0.03555725 0.03366032 0.03815961 0.0253144  0.0414922
 0.03465969 0.03279898 0.02922246 0.02927535 0.03710386 0.03381093
 0.03552054 0.03059941 0.03566623 0.02922607 0.03474722 0.03134325
 0.04137322 0.02770951 0.03613349 0.03147667 0.03796687 0.03676826
 0.04121284 0.03438684 0.03716972 0.03363517 0.02998071 0.02320893
 0.03985551 0.0353144  0.02830876 0.03159846 0.02606006 0.02521542
 0.02657322 0.02984341 0.03684241 0.03567083 0.03288254 0.02554298
 0.03136733 0.03900162 0.03963534 0.03894064 0.03076373 0.03462381
 0.03148519 0.02972479 0.04464675 0.02781169 0.03031484 0.02647475
 0.02698311 0.02892718 0.03432787 0.03106043 0.02708916 0.02845556
 0.0247806  0.02802339 0.02968536 0.03597058 0.02995675 0.03958633
 0.03035903 0.03190179 0.03834843 0.03436118 0.02182356 0.03524094
 0.02905443 0.02925926 0.02817601 0.03375964 0.03520541 0.0351777
 0.03808127 0.03979693 0.02677052 0.03134441 0.03122857 0.03827957
 0.02732571 0.03030131 0.03848334 0.03801784 0.03092827 0.03020229
 0.029921   0.0306812  0.03212462 0.03394677 0.03956842 0.03432886
 0.03750423 0.03982288 0.02883119 0.0330957  0.03192232 0.03373377
 0.02607563 0.0260646  0.04693876 0.02640205 0.02872579 0.03186235
 0.03129619 0.03824907 0.02884593 0.03482289 0.03553929 0.0337269
 0.03907178 0.02607285 0.02366526 0.02830147 0.04607736 0.03687855
 0.02158955 0.02431281 0.03555051 0.03502934 0.03563055 0.03779921
 0.03543826 0.03281179 0.0286502  0.03657685 0.03373105 0.03459999
 0.03164715 0.03572629]
presto
BLEU
[0.12536182 0.11281185 0.12673291 0.10363237 0.1217779  0.12326091
 0.10992692 0.13208947 0.11278386 0.12244941 0.11894159 0.11634361
 0.11846896 0.11546424 0.13017256 0.10529957 0.09832046 0.12957099
 0.11346943 0.10931631 0.13962497 0.1156556  0.1182096  0.12658088
 0.12156118 0.10482441 0.1145061  0.13318863 0.12070477 0.10774318
 0.10601239 0.12912969 0.12762843 0.11368653 0.1362176  0.13730315
 0.10349687 0.09290432 0.10886112 0.13640221 0.10788811 0.09750697
 0.11385197 0.10328983 0.10882198 0.11921013 0.11815197 0.13395909
 0.1289301  0.11067442 0.12054104 0.104276   0.11981006 0.12514282
 0.09532528 0.13223826 0.14065086 0.1149948  0.11122713 0.1224775
 0.11370051 0.13367304 0.11533949 0.11961495 0.12695595 0.12573457
 0.10561962 0.11941899 0.11464335 0.11667329 0.09860441 0.13210486
 0.11443386 0.13010779 0.1062528  0.1216661  0.11517803 0.12148871
 0.1226989  0.11037237 0.1172734  0.11221082 0.1304965  0.13559233
 0.12563294 0.10000163 0.1230408  0.12997907 0.12493226 0.12086903
 0.13750252 0.11535908 0.13793799 0.12559582 0.10452395 0.11065362
 0.12834521 0.13709778 0.11060995 0.13038605 0.1094765  0.1014107
 0.11288569 0.11396982 0.12009743 0.1260028  0.12353313 0.10331635
 0.12171285 0.12451728 0.13322506 0.13300167 0.11235381 0.12205682
 0.12132998 0.10654993 0.13218754 0.1072727  0.10461133 0.10622298
 0.10675927 0.12166216 0.12042229 0.11245989 0.1194243  0.12308827
 0.1172393  0.10124596 0.12244542 0.11388811 0.11282991 0.13910411
 0.11212339 0.11137796 0.12881502 0.12043687 0.08587323 0.12253033
 0.11584726 0.1113447  0.10821081 0.1118052  0.11135485 0.1282529
 0.13845705 0.13314097 0.10823618 0.11407736 0.11696782 0.11956481
 0.10490272 0.11005698 0.12140553 0.13029301 0.11672468 0.11673769
 0.11652676 0.11211132 0.11582544 0.11711168 0.12843998 0.12845199
 0.12654432 0.12612505 0.11758941 0.11696996 0.11674033 0.13031353
 0.10258678 0.12136106 0.13297876 0.10862667 0.10340003 0.12332837
 0.10526855 0.14007475 0.11244535 0.12191026 0.11885593 0.1282008
 0.12806922 0.10498866 0.11635167 0.11339765 0.13786696 0.11359177
 0.09986933 0.10332161 0.12439633 0.11798036 0.13200587 0.13170197
 0.11674567 0.11783231 0.11070531 0.11989327 0.10874789 0.12529039
 0.10452379 0.13952489]
presto
METEOR
[0.08430347 0.07295679 0.08531553 0.07059929 0.08535636 0.07934574
 0.07657407 0.08774652 0.08012916 0.08322653 0.08152179 0.08164852
 0.08188222 0.08058921 0.09238533 0.07374546 0.07468688 0.08644961
 0.07606168 0.07788588 0.09276785 0.08500258 0.08413733 0.09140609
 0.08114582 0.07521538 0.07900184 0.08758195 0.08064955 0.07858667
 0.07474417 0.0884759  0.08729622 0.07885152 0.09002199 0.0901379
 0.07939381 0.08032862 0.07908369 0.09346042 0.07609831 0.0694407
 0.08140105 0.07483961 0.07579572 0.08099367 0.0829619  0.09009986
 0.08114718 0.07395025 0.08167386 0.07281198 0.07570961 0.08569415
 0.06976309 0.08779475 0.09173606 0.08495242 0.07778345 0.08227596
 0.08017474 0.08561059 0.08071604 0.07771078 0.08830004 0.09121773
 0.07664541 0.08358796 0.08254798 0.08140571 0.07089213 0.08310557
 0.08396773 0.09103845 0.07752516 0.08441057 0.08304245 0.08421349
 0.08292037 0.07745149 0.08266344 0.08288907 0.09032163 0.09350563
 0.08665693 0.07341879 0.09109948 0.08630999 0.08668907 0.08375362
 0.09009992 0.07813724 0.08949042 0.08832881 0.07667235 0.07732526
 0.08744153 0.08997462 0.07707786 0.08722232 0.07325994 0.07361537
 0.07585741 0.08237367 0.08185893 0.08461858 0.08389327 0.07610853
 0.08889495 0.08255045 0.08767871 0.0918941  0.07884395 0.08192574
 0.08095793 0.07825915 0.08897454 0.07659428 0.07304494 0.07437562
 0.07115851 0.08449375 0.08388014 0.0752425  0.08195727 0.08622972
 0.08024233 0.07818834 0.08361788 0.07707676 0.07636621 0.0943133
 0.0780873  0.07872144 0.08529095 0.07987004 0.06961326 0.08308382
 0.07640201 0.07570906 0.07857389 0.08324338 0.07875092 0.08970891
 0.08929822 0.09213408 0.07147765 0.07320426 0.08077357 0.08353674
 0.07548178 0.08020371 0.08941156 0.09349949 0.07747012 0.0772105
 0.08160916 0.07633143 0.08051547 0.08280616 0.08997848 0.09070465
 0.08867868 0.08337773 0.08184719 0.07942995 0.08112889 0.08154038
 0.07823637 0.08646347 0.09050683 0.07443475 0.07531787 0.08429373
 0.07074724 0.09246915 0.08400581 0.07973953 0.07899215 0.08615717
 0.08481685 0.07684338 0.08426975 0.07934174 0.09233996 0.0788351
 0.06837838 0.07134727 0.08399255 0.08591165 0.08567582 0.08402507
 0.07760802 0.08386648 0.07776122 0.08517179 0.07427354 0.0897497
 0.07284818 0.09304011]
presto
BERT
[0.77020496 0.7746725  0.77446365 0.77122325 0.76937675 0.7731063
 0.77008915 0.7749658  0.77006215 0.7723764  0.7726548  0.7718061
 0.7739777  0.77093184 0.7730216  0.7727755  0.7723056  0.7709755
 0.768815   0.7692645  0.7733008  0.7693956  0.7682469  0.77154475
 0.7739855  0.77104837 0.7700589  0.77029157 0.7740893  0.7702293
 0.767558   0.77229    0.7716774  0.77178955 0.771975   0.7762151
 0.77045625 0.7690251  0.7706858  0.776095   0.77191824 0.7697359
 0.76770085 0.7703517  0.77220654 0.77211744 0.7697137  0.7744771
 0.77041656 0.7709233  0.7730886  0.7708747  0.7701316  0.77152646
 0.7705321  0.7711253  0.77259856 0.7726942  0.77090174 0.7712814
 0.7694682  0.7740709  0.7677095  0.77278066 0.7756953  0.7757457
 0.7678251  0.7744528  0.77298117 0.76780146 0.77096313 0.7716854
 0.77061856 0.77112466 0.76949555 0.77290154 0.7740705  0.7739473
 0.7718336  0.77103037 0.7697376  0.77342176 0.77130914 0.7725535
 0.7733581  0.7682428  0.772576   0.7722258  0.77211076 0.7734779
 0.7748053  0.76857704 0.77568346 0.7764894  0.7707614  0.76928806
 0.77233183 0.7745234  0.7702651  0.77408266 0.76704115 0.7727257
 0.77301234 0.7739468  0.7721557  0.7721993  0.7741923  0.7707141
 0.7714382  0.7724215  0.7728491  0.77256703 0.770786   0.7742885
 0.77254874 0.7725214  0.7716397  0.76836914 0.7718349  0.7674458
 0.7684921  0.7717813  0.770532   0.7723496  0.7724704  0.77362734
 0.77228147 0.77105    0.7734159  0.7726856  0.7706747  0.775803
 0.7695383  0.7711323  0.77288115 0.77218443 0.77005875 0.77226406
 0.77021223 0.772206   0.7690522  0.7682403  0.76943    0.7718423
 0.7729096  0.7716378  0.7703807  0.77163607 0.7670648  0.7727261
 0.7726349  0.7750949  0.7712796  0.77284676 0.7739411  0.7698332
 0.7697962  0.7699049  0.77268326 0.772008   0.77527225 0.77545375
 0.7728487  0.772193   0.77112573 0.7681548  0.7725787  0.7723228
 0.7699001  0.7695013  0.77328765 0.76985633 0.7730452  0.77051497
 0.76935905 0.7743391  0.7713411  0.77226263 0.76878375 0.77181125
 0.7724956  0.7687086  0.7729666  0.77030635 0.77412766 0.7723002
 0.7732025  0.76985097 0.76917154 0.7703751  0.7718519  0.77360827
 0.7710769  0.76955813 0.76970947 0.7745399  0.7679533  0.77374214
 0.7684299  0.7762877 ]
[nltk_data] Downloading package wordnet to /mnt/iusers01/fse-
[nltk_data]     ugpgt01/compsci01/q12628ct/nltk_data...
[nltk_data]   Package wordnet is already up-to-date!
[nltk_data] Downloading package punkt_tab to /mnt/iusers01/fse-
[nltk_data]     ugpgt01/compsci01/q12628ct/nltk_data...
[nltk_data]   Package punkt_tab is already up-to-date!
[nltk_data] Downloading package omw-1.4 to /mnt/iusers01/fse-
[nltk_data]     ugpgt01/compsci01/q12628ct/nltk_data...
[nltk_data]   Package omw-1.4 is already up-to-date!
/mnt/iusers01/fse-ugpgt01/compsci01/q12628ct/.conda/envs/semantic-decoding/lib/python3.10/site-packages/huggingface_hub/file_download.py:945: FutureWarning: `resume_download` is deprecated and will be removed in version 1.0.0. Downloads always resume when possible. If you want to force a new download, use `force_download=True`.
  warnings.warn(
Some weights of the model checkpoint at roberta-large were not used when initializing RobertaModel: ['lm_head.layer_norm.bias', 'lm_head.bias', 'lm_head.layer_norm.weight', 'lm_head.dense.bias', 'lm_head.dense.weight']
- This IS expected if you are initializing RobertaModel from the checkpoint of a model trained on another task or with another architecture (e.g. initializing a BertForSequenceClassification model from a BertForPreTraining model).
- This IS NOT expected if you are initializing RobertaModel from the checkpoint of a model that you expect to be exactly identical (initializing a BertForSequenceClassification model from a BertForSequenceClassification model).
Some weights of RobertaModel were not initialized from the model checkpoint at roberta-large and are newly initialized: ['roberta.pooler.dense.weight', 'roberta.pooler.dense.bias']
You should probably TRAIN this model on a down-stream task to be able to use it for predictions and inference.
partlycloudy
WER
[-0.13800274 -0.12665746 -0.13625767 -0.13710905 -0.13691545 -0.13746914
 -0.13411725 -0.14346344 -0.14222978 -0.14456449 -0.13142183 -0.11930727
 -0.13955057 -0.13675489 -0.13956211 -0.1415382  -0.13713897 -0.13303296
 -0.14461017 -0.1302126  -0.13081474 -0.13583361 -0.14145267 -0.14188486
 -0.13996277 -0.13859071 -0.13804445 -0.13335379 -0.13913284 -0.14590684
 -0.13286634 -0.14365314 -0.13788859 -0.13664539 -0.1377621  -0.14321822
 -0.13132738 -0.14317312 -0.14141558 -0.13229014 -0.13245776 -0.13412674
 -0.13598204 -0.14038993 -0.13813367 -0.12730464 -0.13587305 -0.13105823
 -0.12788353 -0.1362538  -0.13694755 -0.12923581 -0.13981221 -0.13321213
 -0.13623917 -0.13811273 -0.13884006 -0.13056466 -0.1376948  -0.13001968
 -0.13268498 -0.14044228 -0.13122632 -0.13855445 -0.14559456 -0.13532549
 -0.13443405 -0.13293582 -0.1331404  -0.12501705 -0.1409127  -0.12778488
 -0.1380315  -0.13766999 -0.14414546 -0.12730208 -0.13688924 -0.1439802
 -0.14380719 -0.12723927 -0.13409834 -0.13181743 -0.1413986  -0.1442099
 -0.13799784 -0.13414458 -0.1384333  -0.1363342  -0.14879233 -0.13345147
 -0.13300014 -0.13512296 -0.13543979 -0.13730282 -0.12520421 -0.1304348
 -0.14511703 -0.13364143 -0.13562379 -0.12739039 -0.13798737 -0.14240713
 -0.14057407 -0.13633349 -0.13001711 -0.14167512 -0.13402415 -0.1233456
 -0.13062926 -0.13325772 -0.12247192 -0.14291315 -0.13830601 -0.13642682
 -0.1289479  -0.14618536 -0.13067259 -0.12406149 -0.13458232 -0.1488549
 -0.13768356 -0.1317904  -0.14336376 -0.14570708 -0.13384893 -0.12817168
 -0.13959362 -0.13263922 -0.13869178 -0.14991955 -0.13965873 -0.13867562
 -0.13523078 -0.13296531 -0.13869917 -0.13577193 -0.13311793 -0.14606213
 -0.13327454 -0.14676162 -0.13466833 -0.13252324 -0.1416229  -0.13700194
 -0.13354294 -0.14463301 -0.13509142 -0.13530169 -0.13202747 -0.13584232
 -0.12996424 -0.13607784 -0.13477686 -0.13869233 -0.14208173 -0.1320104
 -0.14396153 -0.13156895 -0.12776378 -0.13534262 -0.13544454 -0.12730952
 -0.14304018 -0.14999953 -0.13283778 -0.13536104 -0.14281427 -0.12482066
 -0.12878802 -0.13280377 -0.13621027 -0.12699457 -0.12796351 -0.13006279
 -0.13620416 -0.14295675 -0.14485509 -0.13949009 -0.14401001 -0.14188396
 -0.13183941 -0.13297338 -0.13709095 -0.14154974 -0.13343063 -0.13333519
 -0.13267058 -0.14953247 -0.12979091 -0.14345157 -0.13608864 -0.13571602
 -0.14194481 -0.14103798 -0.13227424 -0.1371268  -0.13964412 -0.14383476
 -0.13217986 -0.13315776]
partlycloudy
BLEU
[0.12841821 0.13915252 0.12675177 0.12630896 0.12990056 0.11694373
 0.12582353 0.12440401 0.12133154 0.11320689 0.13735764 0.13854109
 0.12823937 0.13399904 0.11372816 0.10983725 0.11358491 0.12935376
 0.11240281 0.1293538  0.13603301 0.1247953  0.12097456 0.1179548
 0.11743926 0.12632635 0.12989112 0.13232243 0.12378855 0.11867204
 0.1218277  0.12044124 0.12415712 0.11345503 0.13070312 0.10943648
 0.13450825 0.1197371  0.11492727 0.13623541 0.12201143 0.13535043
 0.13316485 0.12268722 0.11421574 0.12891036 0.12679696 0.1298764
 0.14533383 0.13406201 0.13357984 0.12757404 0.12272789 0.12586667
 0.11789495 0.12518249 0.12159515 0.12672434 0.11318078 0.13115668
 0.1387495  0.13066701 0.14551238 0.13083718 0.10516929 0.11906932
 0.12287808 0.12672243 0.1206257  0.14046293 0.11359028 0.13385418
 0.12671077 0.11357795 0.12167965 0.1250542  0.13626963 0.12239058
 0.11020832 0.13121639 0.12957384 0.13106019 0.10590163 0.11028751
 0.12458459 0.12835346 0.12007217 0.12708555 0.10933532 0.12314404
 0.1397207  0.12315365 0.13175717 0.1236932  0.14479741 0.12036613
 0.12990857 0.12599858 0.13187913 0.1343524  0.12551962 0.11487348
 0.13065567 0.12527066 0.12944388 0.1122119  0.1202491  0.14833685
 0.11566271 0.12965866 0.13896835 0.10997008 0.11756353 0.1221746
 0.13617481 0.11309602 0.13302053 0.15178069 0.14013697 0.09859835
 0.12453558 0.1351341  0.12042596 0.10981829 0.1508026  0.12780824
 0.11788582 0.13423643 0.11497477 0.11217899 0.12713787 0.12697217
 0.13592418 0.13140377 0.12065099 0.11935289 0.14399915 0.12253455
 0.11246633 0.12175406 0.12879612 0.12937767 0.11902804 0.12780857
 0.13483879 0.11798596 0.11737681 0.1118541  0.13812084 0.12805952
 0.142661   0.12438827 0.12178778 0.11496515 0.11487917 0.13798782
 0.12956492 0.12547516 0.13752773 0.10453233 0.13895621 0.13050411
 0.11309059 0.11317962 0.13335265 0.11855066 0.1038834  0.15137277
 0.12743855 0.14223404 0.13136182 0.13790451 0.132434   0.13224446
 0.12063211 0.11844857 0.11127572 0.11894441 0.12355698 0.11678168
 0.13489034 0.12601566 0.12436777 0.12093573 0.12844102 0.13363775
 0.13750901 0.11588545 0.1356421  0.11615376 0.12489595 0.13035501
 0.13206376 0.110603   0.12854752 0.1140536  0.12266594 0.12032983
 0.1264633  0.12544884]
partlycloudy
METEOR
[0.1058522  0.11365196 0.10207154 0.1015152  0.10321075 0.09536033
 0.10590037 0.09773884 0.10215305 0.0918605  0.10488515 0.10947848
 0.10597056 0.10146835 0.09779535 0.09408724 0.09907034 0.10844322
 0.09226015 0.09898046 0.11515268 0.1027874  0.10244469 0.09743424
 0.09624928 0.10034779 0.10021428 0.10961383 0.10364127 0.10333097
 0.09940449 0.09463649 0.10041271 0.09569657 0.10048816 0.09693551
 0.10559244 0.09912522 0.09848618 0.10619831 0.09626405 0.11020524
 0.11031345 0.09692403 0.09199373 0.1050891  0.10251062 0.1086024
 0.11944244 0.10863407 0.10864703 0.11416938 0.10404955 0.09797399
 0.09215197 0.10167382 0.10258431 0.10747955 0.10114856 0.10170223
 0.10687119 0.10709022 0.11996251 0.10609453 0.08807234 0.10133252
 0.10077454 0.09622098 0.10576325 0.11477562 0.09395992 0.10963203
 0.09827828 0.09361256 0.10366594 0.10286454 0.10501136 0.09713245
 0.09195108 0.10633795 0.10590063 0.10969936 0.09107332 0.09810819
 0.09967259 0.10581817 0.0946644  0.1035112  0.08829654 0.09842371
 0.11426338 0.10071492 0.11628168 0.09738821 0.11603146 0.10011474
 0.105064   0.09992409 0.10931922 0.1084907  0.10040909 0.09623715
 0.10846851 0.10468229 0.10337054 0.09423934 0.09737756 0.11713153
 0.10285491 0.10170484 0.11001956 0.0958553  0.09303331 0.10233679
 0.11104481 0.09542104 0.10576527 0.1175488  0.1154714  0.08335406
 0.10171787 0.10224914 0.10190193 0.08764489 0.11211568 0.10824937
 0.09526021 0.1036357  0.09691189 0.08979131 0.10199738 0.09988269
 0.11201452 0.10287783 0.09925826 0.09557085 0.10852025 0.09930392
 0.10209638 0.10287024 0.10313221 0.10715435 0.10244375 0.10567531
 0.10573668 0.0963385  0.0936593  0.0948122  0.1041863  0.11067904
 0.10775732 0.10348952 0.09656523 0.09772555 0.0956633  0.10861266
 0.10214425 0.10859648 0.11086216 0.08985844 0.11262714 0.11040476
 0.09388504 0.09771412 0.10604446 0.09731542 0.08423835 0.12034376
 0.10954204 0.11273544 0.10985379 0.10535718 0.10413275 0.11175426
 0.09612749 0.10085741 0.08888172 0.097218   0.09549832 0.09644365
 0.10706672 0.10457616 0.10295753 0.1016185  0.10407423 0.10615344
 0.11237118 0.10239809 0.10886933 0.09652029 0.09953641 0.10439654
 0.10288037 0.09451115 0.10735783 0.09566089 0.10134895 0.09610009
 0.1028934  0.09890993]
partlycloudy
BERT
[0.7812909  0.7816051  0.7798273  0.7825059  0.7800771  0.777082
 0.7805437  0.78082263 0.7778769  0.77708614 0.7789736  0.7786644
 0.77740383 0.780058   0.77850896 0.77822006 0.7803787  0.777451
 0.77874726 0.7831769  0.77885085 0.7796783  0.77851725 0.77981347
 0.7781989  0.78108585 0.78030694 0.77903163 0.77937216 0.77770704
 0.78012764 0.7804073  0.779656   0.7806699  0.77933675 0.7757786
 0.7761639  0.77681583 0.7784513  0.7790933  0.77787113 0.78280216
 0.7791294  0.7800648  0.78107876 0.77784914 0.78152823 0.7809046
 0.781778   0.7795684  0.7810466  0.7779114  0.7777622  0.77992105
 0.78200877 0.77790487 0.7806128  0.78072244 0.7784996  0.7814646
 0.7812185  0.77791744 0.78063023 0.7787375  0.77549934 0.77882814
 0.779779   0.7801596  0.7782704  0.78020334 0.77924556 0.7817209
 0.7787982  0.7823725  0.7785207  0.778989   0.7799339  0.7795195
 0.7806974  0.7805743  0.7793909  0.77872366 0.77671206 0.7799121
 0.78193754 0.7777048  0.7773029  0.7807392  0.77755773 0.7802312
 0.7782079  0.7786695  0.7829442  0.7819813  0.7785872  0.7796322
 0.77962494 0.78123665 0.7804612  0.77992475 0.78074723 0.7811814
 0.7791387  0.7784931  0.7812603  0.77993405 0.78030545 0.77972895
 0.7795969  0.7778601  0.7798937  0.78108096 0.7789033  0.7783241
 0.7799877  0.7780301  0.77986187 0.77967155 0.78132415 0.7780042
 0.7791505  0.78013337 0.77846617 0.77684903 0.7797361  0.7812489
 0.7765128  0.78366196 0.7790054  0.777988   0.7778339  0.7817786
 0.77952236 0.78086746 0.77904046 0.78052086 0.77925605 0.7779277
 0.7784778  0.7782951  0.78136444 0.7772338  0.7785714  0.77995646
 0.77869695 0.77884    0.7786059  0.7801908  0.7829251  0.7809346
 0.7797732  0.77815765 0.782721   0.77823925 0.7769011  0.7790788
 0.78096884 0.77935165 0.77948695 0.7781429  0.78010625 0.7809717
 0.7784762  0.7781763  0.78097314 0.7793795  0.78088427 0.78292835
 0.78082335 0.7779015  0.78182954 0.7807284  0.78299826 0.77772224
 0.7794434  0.7804489  0.7815161  0.77999777 0.7778748  0.777481
 0.77964115 0.78160006 0.7795026  0.7796955  0.7798511  0.781986
 0.77958244 0.7792526  0.78401613 0.7792394  0.78064626 0.7825114
 0.77888703 0.7778105  0.7801053  0.77910334 0.7814111  0.7770321
 0.77677155 0.7790269 ]
[nltk_data] Downloading package wordnet to /mnt/iusers01/fse-
[nltk_data]     ugpgt01/compsci01/q12628ct/nltk_data...
[nltk_data]   Package wordnet is already up-to-date!
[nltk_data] Downloading package punkt_tab to /mnt/iusers01/fse-
[nltk_data]     ugpgt01/compsci01/q12628ct/nltk_data...
[nltk_data]   Package punkt_tab is already up-to-date!
[nltk_data] Downloading package omw-1.4 to /mnt/iusers01/fse-
[nltk_data]     ugpgt01/compsci01/q12628ct/nltk_data...
[nltk_data]   Package omw-1.4 is already up-to-date!
/mnt/iusers01/fse-ugpgt01/compsci01/q12628ct/.conda/envs/semantic-decoding/lib/python3.10/site-packages/huggingface_hub/file_download.py:945: FutureWarning: `resume_download` is deprecated and will be removed in version 1.0.0. Downloads always resume when possible. If you want to force a new download, use `force_download=True`.
  warnings.warn(
Some weights of the model checkpoint at roberta-large were not used when initializing RobertaModel: ['lm_head.dense.weight', 'lm_head.dense.bias', 'lm_head.layer_norm.weight', 'lm_head.bias', 'lm_head.layer_norm.bias']
- This IS expected if you are initializing RobertaModel from the checkpoint of a model trained on another task or with another architecture (e.g. initializing a BertForSequenceClassification model from a BertForPreTraining model).
- This IS NOT expected if you are initializing RobertaModel from the checkpoint of a model that you expect to be exactly identical (initializing a BertForSequenceClassification model from a BertForSequenceClassification model).
Some weights of RobertaModel were not initialized from the model checkpoint at roberta-large and are newly initialized: ['roberta.pooler.dense.bias', 'roberta.pooler.dense.weight']
You should probably TRAIN this model on a down-stream task to be able to use it for predictions and inference.
laluna
WER
[-0.05835761 -0.06017    -0.04766411 -0.0539778  -0.04534201 -0.04770223
 -0.05225885 -0.05726248 -0.05374924 -0.05518423 -0.05799079 -0.04431429
 -0.04938547 -0.06542419 -0.06066906 -0.06104483 -0.05110011 -0.05560697
 -0.05877485 -0.05526175 -0.05557854 -0.0488084  -0.05535917 -0.04932945
 -0.05306457 -0.05336629 -0.05877953 -0.05695341 -0.05600426 -0.06031703
 -0.06209442 -0.05393458 -0.05555603 -0.05466006 -0.05084709 -0.05584459
 -0.04800075 -0.05600354 -0.05868933 -0.0598268  -0.04900992 -0.05563717
 -0.0585724  -0.05689831 -0.0634477  -0.05823937 -0.06122838 -0.0631976
 -0.06025593 -0.05178473 -0.05803367 -0.05177741 -0.06068848 -0.05639253
 -0.04880807 -0.05413856 -0.05213734 -0.05091087 -0.05086925 -0.04650509
 -0.05013742 -0.05567719 -0.05750849 -0.05372043 -0.06170359 -0.04839185
 -0.05789678 -0.06090194 -0.05169261 -0.05427698 -0.04840674 -0.0501977
 -0.04816302 -0.05577206 -0.056421   -0.04816212 -0.05248048 -0.06483255
 -0.05502254 -0.05057384 -0.04990952 -0.05286531 -0.04535633 -0.0547749
 -0.05345891 -0.04774837 -0.05323513 -0.05899424 -0.05903319 -0.05993642
 -0.05208151 -0.05156715 -0.05318453 -0.04739999 -0.05935706 -0.04524557
 -0.05762231 -0.05065422 -0.05349403 -0.06096888 -0.0564283  -0.05507479
 -0.05854375 -0.0512458  -0.05161497 -0.05642427 -0.05062663 -0.05451289
 -0.05304054 -0.05740987 -0.05171967 -0.05213665 -0.0566869  -0.05311119
 -0.05717457 -0.0521543  -0.05505312 -0.05355621 -0.04797269 -0.05629231
 -0.05847699 -0.0500582  -0.05097597 -0.05314938 -0.05128047 -0.0587515
 -0.05433337 -0.05480498 -0.05494115 -0.04413625 -0.05988294 -0.05810697
 -0.05300677 -0.05745006 -0.05328966 -0.05579069 -0.0617307  -0.04994592
 -0.05895189 -0.04865972 -0.05701078 -0.05351566 -0.05927687 -0.06382171
 -0.05084071 -0.05516224 -0.05249655 -0.06312356 -0.05263558 -0.05520416
 -0.05698916 -0.04957551 -0.04862591 -0.05696136 -0.05522673 -0.05502324
 -0.05715051 -0.06140486 -0.05038622 -0.05340706 -0.05161245 -0.0458
 -0.05250117 -0.06398792 -0.05480918 -0.05862716 -0.05644611 -0.05281201
 -0.05515673 -0.04514049 -0.05288177 -0.05409732 -0.05638679 -0.05453309
 -0.04547633 -0.04702266 -0.06385555 -0.05039321 -0.05370622 -0.0584889
 -0.04876966 -0.05078798 -0.06156788 -0.04960888 -0.05218143 -0.05300519
 -0.0538841  -0.05077195 -0.04777012 -0.05909234 -0.05509071 -0.05410749
 -0.05915274 -0.05328969 -0.04947693 -0.05675267 -0.05992436 -0.06071384
 -0.05611665 -0.0563806 ]
laluna
BLEU
[0.11586849 0.11546395 0.13197849 0.11793225 0.14084969 0.14644517
 0.13143762 0.11836112 0.13315773 0.12018257 0.12204339 0.13307928
 0.13380488 0.11390167 0.12072109 0.10704825 0.13849242 0.12045802
 0.11821292 0.12195502 0.1200811  0.14332995 0.12891547 0.13763709
 0.12912374 0.13051577 0.12505169 0.10818251 0.12149771 0.11294806
 0.11958731 0.12003871 0.13512996 0.12025796 0.13599079 0.10847152
 0.13695759 0.11856705 0.12608562 0.11311982 0.14586665 0.11582422
 0.12280017 0.11825477 0.10620249 0.11467075 0.11012481 0.11485814
 0.12219016 0.11866573 0.11926078 0.13221839 0.11268962 0.11987072
 0.12933819 0.11890189 0.13511265 0.12132022 0.1235782  0.14196278
 0.1192397  0.11037431 0.13410865 0.12905079 0.1057373  0.14356588
 0.122346   0.11444208 0.12353929 0.12795527 0.13213062 0.12303746
 0.13970317 0.11825681 0.11367883 0.12408969 0.12797095 0.10839887
 0.13044441 0.13996115 0.12989951 0.12184295 0.12565363 0.12278058
 0.12815219 0.11540721 0.1256742  0.1007591  0.1099801  0.11998149
 0.12366227 0.12294607 0.12135144 0.12742018 0.10433905 0.14391306
 0.11480245 0.1260836  0.13149838 0.11430225 0.13345866 0.12522086
 0.12407685 0.12406704 0.11889372 0.12208517 0.12493755 0.12281045
 0.11942102 0.11818954 0.13399782 0.12448975 0.12627406 0.13530112
 0.11945841 0.1284299  0.12610185 0.13607335 0.1307174  0.12446918
 0.10502575 0.12739463 0.13235356 0.12728978 0.13501623 0.11127585
 0.12428304 0.11819156 0.12117314 0.13226445 0.11618598 0.1200977
 0.13551731 0.111164   0.12977011 0.13007368 0.11933698 0.12747404
 0.12038539 0.14013094 0.12780056 0.13166059 0.11656789 0.11638512
 0.1239286  0.11206852 0.13402863 0.11091944 0.13035077 0.12691648
 0.12116274 0.14479782 0.13160828 0.1145141  0.12130238 0.11295897
 0.12017936 0.1158575  0.13070206 0.12790004 0.12415357 0.14460083
 0.11395898 0.12277136 0.1205091  0.11546841 0.12537179 0.11850645
 0.13062129 0.14561656 0.12249729 0.12728329 0.11599375 0.12489632
 0.14091456 0.12443586 0.11103399 0.13807706 0.11640829 0.12399595
 0.13184532 0.13072212 0.1299908  0.1247263  0.1273846  0.12753159
 0.14986079 0.12703903 0.13332248 0.11972014 0.13414586 0.11631222
 0.11128036 0.12254052 0.13242305 0.12563226 0.10668919 0.12041753
 0.11584329 0.12708677]
laluna
METEOR
[0.08910943 0.08837684 0.09671321 0.08816639 0.10454173 0.10504157
 0.0967101  0.09008641 0.10170077 0.09226158 0.09106904 0.09669214
 0.1009618  0.08707619 0.09147167 0.08644383 0.10240234 0.08938342
 0.08803815 0.09396419 0.09036769 0.1025995  0.09651851 0.10164336
 0.09797021 0.09426742 0.09207126 0.0874495  0.08856038 0.08383331
 0.08799828 0.09040204 0.09669146 0.09236111 0.10166295 0.08676972
 0.10038849 0.0968929  0.08731815 0.0858328  0.10406197 0.08981276
 0.09408272 0.08587652 0.08541694 0.09468219 0.08735811 0.09152713
 0.08864095 0.09122204 0.09273543 0.09640554 0.08302461 0.08859507
 0.09226042 0.09367731 0.09464566 0.09105495 0.097606   0.10549628
 0.09003339 0.0848943  0.09985059 0.09417741 0.08347456 0.10236486
 0.09356522 0.08491494 0.09235512 0.09634596 0.09917404 0.09428794
 0.09879147 0.08866065 0.08848223 0.08995695 0.09860087 0.08563618
 0.09957951 0.09972752 0.09552205 0.08913585 0.09461353 0.09115422
 0.09388071 0.08784075 0.09697914 0.0845645  0.07973866 0.08672763
 0.08919039 0.09429764 0.08974799 0.09524329 0.08243718 0.10010581
 0.09071314 0.09748238 0.09732928 0.08814226 0.10134176 0.09122471
 0.09081474 0.09912504 0.08724063 0.09309803 0.09322825 0.09221404
 0.08962812 0.09181095 0.09955802 0.09522803 0.09248613 0.09670909
 0.09096302 0.09726589 0.09702349 0.09994393 0.09146681 0.09458063
 0.09080794 0.09387342 0.09456524 0.09694486 0.09731503 0.08518369
 0.0924672  0.09002812 0.0888754  0.09446136 0.08633593 0.09430903
 0.0985154  0.08200186 0.0970682  0.10476322 0.08506377 0.09628516
 0.09583685 0.10245324 0.09032155 0.09818582 0.08711654 0.08939792
 0.0900556  0.08776421 0.10213621 0.08529985 0.09695797 0.08873445
 0.09163315 0.1090952  0.09643912 0.08654288 0.09071541 0.08679521
 0.09066637 0.08988593 0.09906267 0.09663154 0.09540087 0.10459644
 0.08452279 0.09177034 0.09272462 0.08861177 0.08868865 0.09329505
 0.09626081 0.10297963 0.09084625 0.09680156 0.08589176 0.09782743
 0.100043   0.09258212 0.08410543 0.0990716  0.09246386 0.09013035
 0.09578922 0.09959279 0.10003669 0.09422892 0.09485985 0.09621448
 0.11511499 0.09306285 0.09740682 0.09238322 0.09661648 0.08692165
 0.08445328 0.09202619 0.09510769 0.09131376 0.08629353 0.08651368
 0.08628639 0.09656333]
laluna
BERT
[0.78181905 0.78151315 0.7844763  0.78248197 0.78489083 0.7879278
 0.78146076 0.7798512  0.7867933  0.7824473  0.7849952  0.7868041
 0.7861551  0.78385365 0.78582007 0.7827401  0.7837329  0.78465986
 0.7808418  0.7836079  0.78349924 0.78377366 0.7824827  0.7836098
 0.78745145 0.78529215 0.7826845  0.7827743  0.7827649  0.78123665
 0.78442615 0.7829993  0.7836054  0.78785676 0.78479725 0.78211904
 0.78483367 0.7859079  0.7823931  0.78521454 0.7863398  0.78130615
 0.7833656  0.78241014 0.78349346 0.78096163 0.78207415 0.7843574
 0.78298694 0.78119653 0.78329885 0.78697824 0.7833481  0.7838826
 0.7806341  0.7796757  0.78614897 0.7835274  0.78293586 0.78732735
 0.78563255 0.7837958  0.785036   0.78575027 0.7844408  0.78616637
 0.7851217  0.78095084 0.78250664 0.78527075 0.7884741  0.7840025
 0.78565866 0.7841181  0.7819226  0.7827892  0.78614223 0.7836644
 0.783689   0.78555197 0.7820308  0.7846938  0.7855791  0.7829672
 0.7851583  0.7807     0.78518456 0.78208846 0.7815692  0.783453
 0.7848531  0.7832311  0.78658277 0.7857122  0.78238434 0.7844884
 0.78213364 0.78351736 0.78537077 0.7818224  0.7843265  0.7879514
 0.78480035 0.7810983  0.7837172  0.7840887  0.785885   0.7834053
 0.78229487 0.7812345  0.7837504  0.78608006 0.78425455 0.78406805
 0.7825167  0.784415   0.7850728  0.78556263 0.78749496 0.7853059
 0.78235084 0.7845503  0.7828757  0.7849851  0.7863397  0.7810971
 0.7838312  0.7830252  0.7842374  0.78279257 0.7843888  0.7797899
 0.7828922  0.7806621  0.7842994  0.78379744 0.783829   0.7848533
 0.7851741  0.7844611  0.785421   0.7839551  0.78508574 0.78416085
 0.7844528  0.78465194 0.7861114  0.7832795  0.78182477 0.7882695
 0.78411645 0.7842453  0.7861706  0.78151166 0.78361654 0.7815965
 0.78587574 0.783294   0.78545773 0.78358835 0.7842083  0.787368
 0.78315866 0.78324634 0.7847856  0.7831409  0.781464   0.7846916
 0.78264    0.78830093 0.7825373  0.78409773 0.7817189  0.78671294
 0.7855429  0.7840971  0.7854489  0.7857255  0.7834279  0.7831434
 0.7825857  0.7834189  0.7822921  0.7862926  0.78406113 0.7834974
 0.7886469  0.78378916 0.78441864 0.78395844 0.7827447  0.77909654
 0.78428537 0.7820418  0.784007   0.78630483 0.7826811  0.78332657
 0.7872331  0.7827708 ]
[nltk_data] Downloading package wordnet to /mnt/iusers01/fse-
[nltk_data]     ugpgt01/compsci01/q12628ct/nltk_data...
[nltk_data]   Package wordnet is already up-to-date!
[nltk_data] Downloading package punkt_tab to /mnt/iusers01/fse-
[nltk_data]     ugpgt01/compsci01/q12628ct/nltk_data...
[nltk_data]   Package punkt_tab is already up-to-date!
[nltk_data] Downloading package omw-1.4 to /mnt/iusers01/fse-
[nltk_data]     ugpgt01/compsci01/q12628ct/nltk_data...
[nltk_data]   Package omw-1.4 is already up-to-date!
/mnt/iusers01/fse-ugpgt01/compsci01/q12628ct/.conda/envs/semantic-decoding/lib/python3.10/site-packages/huggingface_hub/file_download.py:945: FutureWarning: `resume_download` is deprecated and will be removed in version 1.0.0. Downloads always resume when possible. If you want to force a new download, use `force_download=True`.
  warnings.warn(
Some weights of the model checkpoint at roberta-large were not used when initializing RobertaModel: ['lm_head.layer_norm.weight', 'lm_head.dense.bias', 'lm_head.layer_norm.bias', 'lm_head.bias', 'lm_head.dense.weight']
- This IS expected if you are initializing RobertaModel from the checkpoint of a model trained on another task or with another architecture (e.g. initializing a BertForSequenceClassification model from a BertForPreTraining model).
- This IS NOT expected if you are initializing RobertaModel from the checkpoint of a model that you expect to be exactly identical (initializing a BertForSequenceClassification model from a BertForSequenceClassification model).
Some weights of RobertaModel were not initialized from the model checkpoint at roberta-large and are newly initialized: ['roberta.pooler.dense.weight', 'roberta.pooler.dense.bias']
You should probably TRAIN this model on a down-stream task to be able to use it for predictions and inference.
alpha_repeat-1
WER
[-0.21643906 -0.21270832 -0.206741   -0.23243542 -0.23914461 -0.24063093
 -0.21772056 -0.2559038  -0.26163363 -0.22315108 -0.23459854 -0.25501006
 -0.24840424 -0.23826712 -0.2414395  -0.23024968 -0.22889516 -0.24153795
 -0.23191427 -0.24739734 -0.23355711 -0.25365007 -0.19373719 -0.22259737
 -0.25890223 -0.2318558  -0.21788126 -0.22674265 -0.21987355 -0.21136709
 -0.23822116 -0.23615686 -0.2256479  -0.2118923  -0.2045128  -0.23765199
 -0.19363216 -0.20805811 -0.26970847 -0.2460947  -0.23806441 -0.23196121
 -0.23689393 -0.22029837 -0.25587545 -0.25090999 -0.21258769 -0.23192535
 -0.21611664 -0.22846275 -0.24241641 -0.22674552 -0.26049812 -0.19726298
 -0.22248595 -0.22455026 -0.24896331 -0.24002972 -0.22623435 -0.28548658
 -0.24345419 -0.24031603 -0.17676535 -0.20386926 -0.2386583  -0.25569711
 -0.22426523 -0.22981987 -0.19359487 -0.25035867 -0.2210253  -0.22442244
 -0.24265579 -0.23108703 -0.23239732 -0.2578465  -0.24635859 -0.23603535
 -0.23689672 -0.25189674 -0.24860188 -0.24864128 -0.20632549 -0.18201578
 -0.23850161 -0.22813931 -0.2254479  -0.21367235 -0.24535285 -0.23177695
 -0.24107151 -0.24078786 -0.27434421 -0.21557075 -0.20096957 -0.2362549
 -0.24708089 -0.2509316  -0.23760865 -0.22481547 -0.23721096 -0.22311479
 -0.21447196 -0.19242385 -0.21735043 -0.24081474 -0.20430617 -0.21351149
 -0.2543913  -0.23393674 -0.21501147 -0.26178226 -0.24061122 -0.22062756
 -0.26201491 -0.23619901 -0.23838335 -0.23418931 -0.23901075 -0.22005589
 -0.25777899 -0.24121659 -0.23994635 -0.21930729 -0.21736202 -0.22810342
 -0.25200637 -0.23149161 -0.24568422 -0.24973214 -0.23108109 -0.24039014
 -0.26023806 -0.25646463 -0.23133821 -0.20816374 -0.20515574 -0.22875807
 -0.22948539 -0.22918037 -0.23287035 -0.21303356 -0.22742557 -0.26207462
 -0.24492484 -0.20604595 -0.21698712 -0.20529979 -0.25485205 -0.23544205
 -0.2612156  -0.24411386 -0.22796376 -0.22653995 -0.23414708 -0.22190123
 -0.2293164  -0.24175124 -0.23758868 -0.22994077 -0.24218955 -0.23714266
 -0.21716497 -0.21868702 -0.22454486 -0.21802811 -0.23176892 -0.24375502
 -0.23807628 -0.22181923 -0.23747963 -0.22796434 -0.24571685 -0.19241156
 -0.21933961 -0.1952237  -0.21373596 -0.2570585  -0.21864752 -0.24797348
 -0.22625264 -0.24070453 -0.24049185 -0.23806279 -0.21775158 -0.23557754
 -0.24555883 -0.23781113 -0.2578969  -0.22936423 -0.24392026 -0.23913451
 -0.29251913 -0.22010432 -0.21223337 -0.19922697 -0.20184112 -0.24180282
 -0.21336047 -0.21249595]
alpha_repeat-1
BLEU
[0.19406985 0.19694253 0.22720945 0.1571733  0.14473297 0.19188817
 0.20234995 0.17048796 0.13064835 0.19005563 0.16613804 0.16183028
 0.15801875 0.17759444 0.21250132 0.17902674 0.18823361 0.14401662
 0.20519603 0.1835271  0.18845696 0.13636924 0.21109102 0.19711278
 0.13003054 0.21806766 0.19178987 0.16385095 0.20398475 0.2212004
 0.2153868  0.17790425 0.16886677 0.18484726 0.19786621 0.18379731
 0.23454    0.21950191 0.16287964 0.12148579 0.15806939 0.18056231
 0.13763722 0.17665832 0.12610623 0.16328213 0.18000236 0.18937352
 0.20719405 0.1664353  0.15812184 0.18435676 0.15207017 0.2242243
 0.19038874 0.20554672 0.16917409 0.14828398 0.1653582  0.11465967
 0.20803958 0.17442762 0.2685101  0.21206287 0.21086678 0.17074358
 0.19077879 0.20919136 0.20933626 0.16885738 0.13569282 0.18311406
 0.18862756 0.17984235 0.21666769 0.14246001 0.17356116 0.18003021
 0.13822338 0.14009821 0.16382924 0.15827726 0.1923892  0.22425569
 0.18149167 0.1896171  0.15314947 0.20908902 0.16536678 0.16551859
 0.21774667 0.19126762 0.15931546 0.20773491 0.22603965 0.18039361
 0.21973712 0.16058443 0.1731387  0.20115773 0.16562021 0.17011297
 0.20822134 0.25185373 0.21319986 0.16924681 0.21621189 0.17546233
 0.15558449 0.15860056 0.19013822 0.10199514 0.14237678 0.2049766
 0.1394484  0.1686296  0.18225669 0.16690737 0.15131251 0.19093133
 0.16289951 0.12241151 0.16034852 0.15809655 0.19275289 0.20296334
 0.17117155 0.20499466 0.17241589 0.18061791 0.2166587  0.1959387
 0.15570499 0.14704611 0.1943387  0.211159   0.21292513 0.21495076
 0.1882886  0.19265422 0.13916784 0.18681053 0.19191549 0.16085265
 0.15614201 0.25870868 0.16969347 0.21149093 0.14829646 0.16048229
 0.12849697 0.14801862 0.1724486  0.17193157 0.20078002 0.20022747
 0.15451317 0.16694878 0.16897861 0.20981887 0.19721854 0.19341343
 0.22617929 0.20501657 0.180542   0.23334497 0.16495623 0.1997735
 0.16755321 0.20906312 0.18367684 0.17538044 0.17915597 0.22626994
 0.17350298 0.17119214 0.18226685 0.1643071  0.18657471 0.20000025
 0.18145906 0.16032409 0.19010411 0.16530075 0.19946129 0.15781472
 0.13885411 0.17306625 0.14059397 0.22289881 0.16862555 0.15592325
 0.10094434 0.20457464 0.18862499 0.21723909 0.21243792 0.14320615
 0.17666383 0.2099486 ]
alpha_repeat-1
METEOR
[0.13964825 0.16106328 0.16799541 0.11995295 0.12353121 0.1384291
 0.15027639 0.13111683 0.1063125  0.15407935 0.12427712 0.12647354
 0.13130564 0.14293934 0.16020317 0.14381277 0.17122672 0.14114763
 0.13867534 0.13132197 0.14906882 0.11304041 0.1624771  0.1382484
 0.09656738 0.18496436 0.14547534 0.13996148 0.16164106 0.16493509
 0.16383309 0.13214931 0.14320892 0.1431864  0.15932035 0.14853044
 0.18750509 0.19174056 0.12229408 0.09186762 0.11763669 0.14602549
 0.12394615 0.13821134 0.0985873  0.13015888 0.14358436 0.16827768
 0.17852586 0.12459762 0.14636953 0.13818113 0.11862367 0.16689026
 0.13654582 0.16238677 0.15049486 0.11083809 0.1482464  0.09324847
 0.14389278 0.1355749  0.22784415 0.15244813 0.16564275 0.11877596
 0.14606863 0.15624725 0.15084694 0.12982151 0.10048639 0.12995326
 0.14024052 0.14581679 0.15937628 0.1118441  0.12821825 0.14030836
 0.10939678 0.10859026 0.12953058 0.13404307 0.14850323 0.1742154
 0.13842558 0.19263785 0.12743934 0.16553097 0.13594462 0.14252895
 0.16390059 0.1400182  0.14193944 0.15306657 0.17705618 0.13355886
 0.1768119  0.12860437 0.140597   0.14476957 0.12919808 0.14506887
 0.16849788 0.1871529  0.18128869 0.13461193 0.16127924 0.12988834
 0.1355076  0.13909246 0.16116354 0.08283557 0.13066739 0.17949757
 0.11766543 0.12253989 0.14441183 0.13623498 0.12057116 0.1489523
 0.12586311 0.09730872 0.13026296 0.14368946 0.16927765 0.15392466
 0.13574147 0.15786842 0.13549142 0.14483234 0.18059382 0.16442919
 0.11123918 0.11753336 0.15561049 0.1874493  0.16912593 0.17364525
 0.151265   0.13907841 0.10940827 0.15989833 0.14231403 0.13017003
 0.12958881 0.21913868 0.14668185 0.1664676  0.1145146  0.14296063
 0.10263719 0.11607475 0.13893413 0.15355053 0.17294234 0.1603559
 0.11205382 0.13871142 0.13571761 0.15443964 0.1622599  0.15321341
 0.16409353 0.15401483 0.14787336 0.18539835 0.13665123 0.16026664
 0.12506139 0.16156802 0.14848982 0.13126624 0.13689742 0.1849862
 0.13567804 0.13567564 0.16531885 0.13220809 0.13477485 0.13517306
 0.1683559  0.13252796 0.15988028 0.12837822 0.14689876 0.1278929
 0.11254536 0.12650718 0.12339353 0.18862349 0.131198   0.12928255
 0.0919121  0.15489911 0.13414979 0.1707864  0.15459416 0.11409554
 0.15140298 0.17588067]
alpha_repeat-1
BERT
[0.7968431  0.79679835 0.794802   0.79518306 0.79090387 0.79387295
 0.7902336  0.79011333 0.7912452  0.79275495 0.79318225 0.7884982
 0.79760563 0.79180074 0.79339164 0.79488236 0.7966663  0.79132134
 0.7922572  0.8011858  0.7952886  0.79603475 0.7976106  0.7876124
 0.78832775 0.8019847  0.7915892  0.79179925 0.7916     0.79422843
 0.7980327  0.79476476 0.79843336 0.7898637  0.7984571  0.79271615
 0.79384136 0.79337573 0.7937612  0.79154533 0.7936504  0.78970456
 0.79235595 0.7922367  0.7921     0.79522425 0.7936591  0.79375094
 0.7958736  0.79080665 0.79361737 0.80010736 0.7947063  0.79640377
 0.7925485  0.79823357 0.7972021  0.7899112  0.7931193  0.79148704
 0.79431903 0.7973414  0.79823565 0.7967718  0.79859257 0.7967513
 0.7944351  0.7926403  0.7935784  0.79150987 0.786442   0.7922073
 0.7958672  0.79604274 0.7944138  0.7897163  0.7944135  0.78946257
 0.7885784  0.78973675 0.7893783  0.7939677  0.7944636  0.79600143
 0.7972387  0.8019645  0.7900548  0.7910337  0.7940141  0.796851
 0.79715145 0.79852414 0.7886739  0.79533786 0.7991589  0.7944719
 0.7931673  0.7949383  0.7925551  0.79315495 0.79813117 0.7948376
 0.7929308  0.80101085 0.79810745 0.79675925 0.79909015 0.7934525
 0.79437274 0.7904225  0.798203   0.79166615 0.7897178  0.7972021
 0.79477596 0.790281   0.7998722  0.7970538  0.79171884 0.7888228
 0.7910418  0.79282826 0.78941894 0.7881508  0.792587   0.79559827
 0.7915351  0.7993622  0.7894493  0.7928046  0.79505706 0.7941728
 0.79347247 0.7898268  0.7943054  0.79336137 0.7954963  0.79628617
 0.7923708  0.79351854 0.78984666 0.79756844 0.7980693  0.7910994
 0.794185   0.79619735 0.79597974 0.79921275 0.7915505  0.7963711
 0.7863866  0.79215056 0.7921761  0.79387766 0.7977595  0.79168266
 0.79098547 0.794766   0.78762305 0.793638   0.7962383  0.79851115
 0.79600644 0.7908594  0.7947847  0.79828507 0.7956501  0.7927344
 0.79151636 0.79609334 0.79306215 0.7970259  0.7910989  0.7927223
 0.79429394 0.78839064 0.7883462  0.7933652  0.79493874 0.7936352
 0.7969848  0.79146206 0.7920258  0.7944598  0.78840095 0.7903685
 0.79147804 0.7932867  0.7979091  0.7949771  0.7932026  0.79381907
 0.79280424 0.7938786  0.80092955 0.79416645 0.7961069  0.78867453
 0.79603475 0.80214924]
[nltk_data] Downloading package wordnet to /mnt/iusers01/fse-
[nltk_data]     ugpgt01/compsci01/q12628ct/nltk_data...
[nltk_data]   Package wordnet is already up-to-date!
[nltk_data] Downloading package punkt_tab to /mnt/iusers01/fse-
[nltk_data]     ugpgt01/compsci01/q12628ct/nltk_data...
[nltk_data]   Package punkt_tab is already up-to-date!
[nltk_data] Downloading package omw-1.4 to /mnt/iusers01/fse-
[nltk_data]     ugpgt01/compsci01/q12628ct/nltk_data...
[nltk_data]   Package omw-1.4 is already up-to-date!
/mnt/iusers01/fse-ugpgt01/compsci01/q12628ct/.conda/envs/semantic-decoding/lib/python3.10/site-packages/huggingface_hub/file_download.py:945: FutureWarning: `resume_download` is deprecated and will be removed in version 1.0.0. Downloads always resume when possible. If you want to force a new download, use `force_download=True`.
  warnings.warn(
Some weights of the model checkpoint at roberta-large were not used when initializing RobertaModel: ['lm_head.layer_norm.weight', 'lm_head.layer_norm.bias', 'lm_head.dense.bias', 'lm_head.bias', 'lm_head.dense.weight']
- This IS expected if you are initializing RobertaModel from the checkpoint of a model trained on another task or with another architecture (e.g. initializing a BertForSequenceClassification model from a BertForPreTraining model).
- This IS NOT expected if you are initializing RobertaModel from the checkpoint of a model that you expect to be exactly identical (initializing a BertForSequenceClassification model from a BertForSequenceClassification model).
Some weights of RobertaModel were not initialized from the model checkpoint at roberta-large and are newly initialized: ['roberta.pooler.dense.bias', 'roberta.pooler.dense.weight']
You should probably TRAIN this model on a down-stream task to be able to use it for predictions and inference.
alpha_repeat-2
WER
[-0.20598087 -0.18725846 -0.1523986  -0.16908632 -0.17506501 -0.15816079
 -0.17074375 -0.17604218 -0.17177495 -0.17146167 -0.16854542 -0.22400502
 -0.19477563 -0.19871892 -0.17984295 -0.17864324 -0.1713313  -0.15309245
 -0.17295914 -0.14636751 -0.15896503 -0.17676374 -0.19607793 -0.18798481
 -0.1844576  -0.17709107 -0.19656477 -0.18967736 -0.1826103  -0.2058692
 -0.14062858 -0.16234313 -0.14918215 -0.16691579 -0.17889481 -0.18372299
 -0.18722744 -0.18095792 -0.18293218 -0.16831568 -0.17711286 -0.20149056
 -0.16318612 -0.20060987 -0.16262146 -0.18350542 -0.1578126  -0.17905871
 -0.12722554 -0.16513503 -0.17803994 -0.16464397 -0.17691766 -0.19176697
 -0.19173505 -0.1889346  -0.16873943 -0.19590701 -0.17449132 -0.19487854
 -0.17932822 -0.19162749 -0.15356079 -0.16373932 -0.19138685 -0.15903263
 -0.20703433 -0.1739555  -0.17692415 -0.19400034 -0.16937317 -0.16043735
 -0.18386317 -0.15583168 -0.19566016 -0.17698169 -0.21697228 -0.17921178
 -0.19667756 -0.18531939 -0.16922585 -0.17408282 -0.18302026 -0.21091938
 -0.17156318 -0.19349701 -0.1653049  -0.20132944 -0.18932579 -0.18523919
 -0.1957461  -0.16693674 -0.15504224 -0.19525064 -0.1479157  -0.19259965
 -0.21581807 -0.1957093  -0.18054259 -0.18541805 -0.142206   -0.1663655
 -0.16550493 -0.1981477  -0.17129115 -0.16369721 -0.17436235 -0.18988735
 -0.16414991 -0.16815112 -0.18265715 -0.18977638 -0.16952566 -0.17045396
 -0.16616123 -0.19117726 -0.15664394 -0.17767434 -0.18655236 -0.18560125
 -0.1944394  -0.17432678 -0.18480953 -0.1675244  -0.16795836 -0.17254186
 -0.14126154 -0.17524394 -0.1752662  -0.17913115 -0.17773887 -0.17507045
 -0.15463259 -0.15866272 -0.18186492 -0.16720741 -0.18040432 -0.1750308
 -0.18924922 -0.16902454 -0.19557042 -0.18069875 -0.1704234  -0.17170549
 -0.16474879 -0.19087    -0.20833526 -0.19641514 -0.18461122 -0.18011629
 -0.19524628 -0.18989881 -0.19335785 -0.15691651 -0.18284954 -0.17619644
 -0.164127   -0.17991528 -0.19900411 -0.1895354  -0.16742427 -0.14733887
 -0.19616699 -0.16050004 -0.15388631 -0.17852246 -0.15332759 -0.18304167
 -0.16972899 -0.15402259 -0.18166403 -0.17286289 -0.17506133 -0.20192007
 -0.18967142 -0.16717276 -0.17733724 -0.18627407 -0.17408217 -0.17830145
 -0.16783853 -0.18779152 -0.1707158  -0.15759933 -0.15182566 -0.21162868
 -0.17543508 -0.19062375 -0.18835825 -0.20540724 -0.19420057 -0.16607123
 -0.1720108  -0.18449654 -0.17733064 -0.17336747 -0.19620492 -0.21093988
 -0.1898499  -0.1858491 ]
alpha_repeat-2
BLEU
[0.12558012 0.18862841 0.23001614 0.23653628 0.20698321 0.21822611
 0.20114959 0.16955932 0.20463238 0.214418   0.17670498 0.09958531
 0.13585223 0.13770824 0.1829592  0.20067291 0.16570021 0.22481413
 0.18161166 0.18088306 0.19782372 0.18074812 0.13630071 0.1634857
 0.22410568 0.18577502 0.20646569 0.13618901 0.15492981 0.15098521
 0.21636528 0.17201061 0.20106593 0.17931905 0.19693757 0.18981062
 0.16290651 0.16670909 0.16821809 0.23536521 0.19378613 0.12295604
 0.19927472 0.17906419 0.1775277  0.17505045 0.22295061 0.20493987
 0.23517941 0.19982467 0.21061675 0.19955312 0.21591459 0.16515217
 0.16498885 0.13563609 0.21665107 0.16218965 0.15470869 0.15288186
 0.21756493 0.16561423 0.22162004 0.21498432 0.17568028 0.21651925
 0.12242011 0.18819262 0.20840571 0.16848182 0.21566343 0.18385706
 0.1497371  0.20118801 0.1918869  0.1795643  0.11849598 0.20681855
 0.17542338 0.17496983 0.17923011 0.16899633 0.14875362 0.14292151
 0.21344622 0.22399063 0.20818082 0.16922769 0.20427055 0.17247677
 0.20180846 0.20744503 0.1925141  0.20330949 0.2001754  0.16061611
 0.13110536 0.18810653 0.16103361 0.1919318  0.23013583 0.15544415
 0.1928768  0.19105238 0.15538539 0.2352895  0.17323028 0.19831944
 0.2237481  0.19257966 0.20508197 0.18771477 0.19081244 0.18538875
 0.20326445 0.17022521 0.20051259 0.17933312 0.17049161 0.18315086
 0.14684096 0.19129776 0.1638048  0.17722366 0.14963088 0.20812955
 0.20179776 0.20586895 0.18334026 0.20704828 0.19070786 0.1980008
 0.27639156 0.16863897 0.19818078 0.21498091 0.24032928 0.1748048
 0.16964456 0.2131008  0.18149763 0.20394921 0.16694544 0.20980263
 0.20906162 0.17629812 0.15327178 0.18839137 0.18283218 0.19370314
 0.13098921 0.13697178 0.20449921 0.18622921 0.15011656 0.20269911
 0.17942275 0.19052837 0.13445215 0.19112925 0.19440303 0.22646665
 0.14508607 0.19122011 0.20592942 0.21105054 0.21550586 0.20153749
 0.20063811 0.2308353  0.18922217 0.19618942 0.20222654 0.14973548
 0.1603395  0.1761303  0.2011016  0.17252139 0.21711312 0.18290032
 0.20429179 0.14257698 0.17595395 0.21409555 0.18902986 0.0948287
 0.22679978 0.19364072 0.16093164 0.17087762 0.16268749 0.18773076
 0.23757324 0.19562675 0.21010375 0.20332501 0.13566267 0.12730159
 0.18596536 0.17369909]
alpha_repeat-2
METEOR
[0.09775023 0.14140299 0.15804841 0.16271266 0.16685967 0.169354
 0.14917323 0.12220518 0.14221447 0.14967312 0.12792603 0.08341737
 0.08841905 0.10721714 0.15020562 0.14343348 0.12888118 0.16454665
 0.12313904 0.14935523 0.12933429 0.15487363 0.10387867 0.11684823
 0.16094848 0.13762118 0.14295733 0.10772296 0.12811874 0.12323133
 0.16395969 0.14464605 0.17471388 0.12624603 0.14562448 0.13503846
 0.11337941 0.13952956 0.14472066 0.15317133 0.15771635 0.10006525
 0.16267775 0.1298837  0.13780899 0.12951155 0.17424883 0.13837742
 0.17649856 0.13381345 0.15515027 0.14167977 0.16058004 0.11880252
 0.11312198 0.09850314 0.15665872 0.1128664  0.12609245 0.11775857
 0.16748823 0.13291918 0.15960579 0.15961481 0.13084909 0.17146566
 0.09709334 0.14093134 0.14195593 0.1192729  0.1634204  0.16448903
 0.10062133 0.13688183 0.13800393 0.1305158  0.09808368 0.15100122
 0.13763017 0.12864277 0.15360663 0.12198412 0.11685217 0.11455886
 0.16423331 0.15675869 0.14968152 0.13369541 0.15051659 0.135275
 0.13938151 0.16247201 0.15560312 0.14370064 0.14167472 0.12773586
 0.11555636 0.13870959 0.13564788 0.14313253 0.19681621 0.1118275
 0.1458484  0.12913541 0.12347243 0.16391651 0.13807273 0.13925734
 0.15820273 0.14558378 0.16291075 0.14575503 0.13732832 0.13950815
 0.16787606 0.12445521 0.13250045 0.1438189  0.12331231 0.13732293
 0.1101709  0.14563386 0.11691917 0.12426152 0.10622546 0.15762155
 0.16724291 0.13924642 0.11759114 0.15627091 0.1516605  0.14637371
 0.19902757 0.12450722 0.14293413 0.1669195  0.18557084 0.13327209
 0.13699668 0.15751685 0.12970746 0.14929431 0.12279328 0.15774802
 0.15226123 0.14711634 0.11330206 0.13261082 0.15311136 0.13884207
 0.09706701 0.1074157  0.14064224 0.14641117 0.13362963 0.15010939
 0.13782858 0.13269602 0.11641915 0.13586184 0.15389061 0.17061104
 0.09830222 0.1360623  0.17049175 0.14571988 0.15156233 0.16076767
 0.14632434 0.17529309 0.12778113 0.16633164 0.14833978 0.11820936
 0.11980211 0.13207584 0.15763777 0.13077085 0.15177208 0.12613546
 0.14625797 0.10333674 0.14076256 0.18356373 0.14380176 0.07572759
 0.17437311 0.13968376 0.11875578 0.12863003 0.10988228 0.1441818
 0.17548237 0.14884916 0.15252212 0.13971178 0.10898508 0.1100268
 0.12934144 0.11042615]
alpha_repeat-2
BERT
[0.7912084  0.8028181  0.7963108  0.7950274  0.79557616 0.79579896
 0.7944631  0.7940015  0.7959446  0.793828   0.7983171  0.78918344
 0.7879972  0.7895901  0.7959447  0.7941568  0.79922134 0.7981348
 0.7963272  0.79814726 0.79517543 0.79683375 0.78733844 0.7932849
 0.7922164  0.79369354 0.7886654  0.79334503 0.79323375 0.7952204
 0.79540473 0.7943503  0.79814035 0.7961874  0.7963358  0.7964204
 0.79904705 0.7955374  0.79645306 0.7918031  0.7967098  0.78963554
 0.7987056  0.79434466 0.79682344 0.78956884 0.79149675 0.7943449
 0.7945467  0.795758   0.7951478  0.7990597  0.79090685 0.79501355
 0.7954571  0.78960603 0.7986321  0.79254776 0.7892741  0.7943601
 0.7961215  0.79455006 0.79561985 0.7935441  0.7934792  0.80178934
 0.7928386  0.7969249  0.7895786  0.7950962  0.7956044  0.791239
 0.79347706 0.79770774 0.7955995  0.7892471  0.7944387  0.7949749
 0.795546   0.7914178  0.7945737  0.79368263 0.79244417 0.79569495
 0.7939467  0.7984418  0.7898531  0.7939645  0.7929721  0.7929167
 0.7920549  0.7906205  0.799393   0.7954785  0.79070365 0.79369336
 0.79049313 0.7923095  0.7901509  0.7933693  0.79253167 0.79897726
 0.7971856  0.796867   0.7890738  0.7961641  0.7950805  0.7950025
 0.7947758  0.798807   0.79835075 0.7964536  0.79646003 0.7916863
 0.79157394 0.7970828  0.79245156 0.7936528  0.78997475 0.79127884
 0.79201156 0.7912233  0.7965096  0.79005337 0.7924178  0.7969272
 0.7979056  0.7945969  0.7925203  0.7994153  0.7991534  0.79280055
 0.79662156 0.79352117 0.79546493 0.7939522  0.8002352  0.79326314
 0.7920725  0.7977097  0.7909719  0.7919854  0.79151684 0.7957303
 0.79449666 0.7901061  0.7867545  0.7965395  0.79723954 0.79590046
 0.79219717 0.790389   0.7977056  0.79283196 0.79525113 0.7950725
 0.7957994  0.79498607 0.79233766 0.7985747  0.79452765 0.79488236
 0.79160905 0.7957155  0.79399204 0.7939672  0.7943449  0.7970287
 0.7912743  0.7986385  0.79685324 0.7917802  0.7945426  0.7894529
 0.7955889  0.7935041  0.7945872  0.7977122  0.7917582  0.7955229
 0.7952997  0.7905904  0.79367566 0.79756045 0.7958596  0.7901621
 0.7955317  0.7992536  0.79155916 0.79334426 0.79118747 0.7947025
 0.8036063  0.79724586 0.7966486  0.7971915  0.7897056  0.7890448
 0.79209405 0.7940951 ]
[nltk_data] Downloading package wordnet to /mnt/iusers01/fse-
[nltk_data]     ugpgt01/compsci01/q12628ct/nltk_data...
[nltk_data]   Package wordnet is already up-to-date!
[nltk_data] Downloading package punkt_tab to /mnt/iusers01/fse-
[nltk_data]     ugpgt01/compsci01/q12628ct/nltk_data...
[nltk_data]   Package punkt_tab is already up-to-date!
[nltk_data] Downloading package omw-1.4 to /mnt/iusers01/fse-
[nltk_data]     ugpgt01/compsci01/q12628ct/nltk_data...
[nltk_data]   Package omw-1.4 is already up-to-date!
/mnt/iusers01/fse-ugpgt01/compsci01/q12628ct/.conda/envs/semantic-decoding/lib/python3.10/site-packages/huggingface_hub/file_download.py:945: FutureWarning: `resume_download` is deprecated and will be removed in version 1.0.0. Downloads always resume when possible. If you want to force a new download, use `force_download=True`.
  warnings.warn(
Some weights of the model checkpoint at roberta-large were not used when initializing RobertaModel: ['lm_head.bias', 'lm_head.dense.bias', 'lm_head.layer_norm.weight', 'lm_head.dense.weight', 'lm_head.layer_norm.bias']
- This IS expected if you are initializing RobertaModel from the checkpoint of a model trained on another task or with another architecture (e.g. initializing a BertForSequenceClassification model from a BertForPreTraining model).
- This IS NOT expected if you are initializing RobertaModel from the checkpoint of a model that you expect to be exactly identical (initializing a BertForSequenceClassification model from a BertForSequenceClassification model).
Some weights of RobertaModel were not initialized from the model checkpoint at roberta-large and are newly initialized: ['roberta.pooler.dense.weight', 'roberta.pooler.dense.bias']
You should probably TRAIN this model on a down-stream task to be able to use it for predictions and inference.
bravo_repeat-1
WER
[-0.07459109 -0.08394268 -0.07664812 -0.09278147 -0.10497403 -0.08421153
 -0.07439987 -0.09098928 -0.07182786 -0.0612562  -0.06993591 -0.10269962
 -0.09346307 -0.09730156 -0.08723497 -0.08467615 -0.09292022 -0.10914931
 -0.08959434 -0.08777339 -0.08424055 -0.0912688  -0.08339213 -0.08776169
 -0.09712418 -0.08768406 -0.09987846 -0.10326805 -0.07443885 -0.08409558
 -0.07889484 -0.09019687 -0.08819589 -0.09703665 -0.06915031 -0.09191345
 -0.09182566 -0.09826499 -0.09518678 -0.07461671 -0.08539329 -0.08514389
 -0.08142206 -0.08798447 -0.07983063 -0.07422239 -0.08557725 -0.10442631
 -0.09116132 -0.08141597 -0.09742711 -0.08615863 -0.07826843 -0.0752827
 -0.09213478 -0.10106799 -0.10630488 -0.09480639 -0.10364936 -0.09591557
 -0.09797074 -0.09006689 -0.08735137 -0.08262346 -0.09291362 -0.10685083
 -0.06929819 -0.08052579 -0.07388294 -0.10312851 -0.09679145 -0.0871632
 -0.07124524 -0.07674774 -0.09973429 -0.08857386 -0.10631327 -0.09632616
 -0.09425415 -0.09031054 -0.10547485 -0.07308238 -0.08330789 -0.07863272
 -0.07822454 -0.08351899 -0.06981297 -0.07037607 -0.09054527 -0.07216993
 -0.08570964 -0.08456683 -0.10327231 -0.08707571 -0.10828416 -0.08692334
 -0.09760761 -0.08375037 -0.09456972 -0.08879454 -0.08284547 -0.09447895
 -0.09238592 -0.06970971 -0.08871364 -0.07285187 -0.09069749 -0.09690296
 -0.07889657 -0.09316499 -0.09178549 -0.06823898 -0.09017139 -0.08023503
 -0.07026511 -0.0958109  -0.09726904 -0.08785514 -0.10067774 -0.09995559
 -0.06458358 -0.08198688 -0.10043696 -0.09106723 -0.08349784 -0.08464162
 -0.07846777 -0.10054235 -0.0799063  -0.09694194 -0.07562822 -0.08939343
 -0.09483338 -0.0948285  -0.09171085 -0.08533269 -0.11020166 -0.05655751
 -0.0913613  -0.09177241 -0.0820479  -0.10455976 -0.09495263 -0.07703383
 -0.10899372 -0.09462416 -0.087233   -0.09534902 -0.1011309  -0.09821153
 -0.08241242 -0.08659982 -0.07445493 -0.11113751 -0.08375292 -0.10271706
 -0.03825393 -0.08773235 -0.11672261 -0.08585122 -0.0992031  -0.06884511
 -0.10179497 -0.09848333 -0.10324496 -0.07196435 -0.08778678 -0.08637987
 -0.10444791 -0.07397547 -0.094308   -0.10173876 -0.08900029 -0.07955763
 -0.10304717 -0.09121692 -0.08688939 -0.09192284 -0.08060022 -0.09285971
 -0.07222263 -0.06989518 -0.09144269 -0.09165386 -0.08909438 -0.0949248
 -0.10701827 -0.10321266 -0.09270201 -0.10148857 -0.08489333 -0.07831408
 -0.07278217 -0.08642898 -0.09519381 -0.07956337 -0.0828474  -0.07636305
 -0.07475573 -0.08435279]
bravo_repeat-1
BLEU
[0.21564777 0.19384949 0.22062007 0.19441146 0.22422939 0.24207013
 0.21852379 0.21878687 0.23812261 0.23305236 0.2893682  0.21109962
 0.16933452 0.1983051  0.21936692 0.17722694 0.19650912 0.20362643
 0.20898078 0.21126155 0.21823702 0.18072165 0.21259485 0.22835385
 0.25091787 0.19362461 0.21523115 0.17696386 0.22025381 0.18776433
 0.20428801 0.24183712 0.20901081 0.20215676 0.22718346 0.21455485
 0.21369869 0.20529288 0.20078152 0.24751712 0.20890973 0.21237222
 0.20000831 0.26718758 0.2123051  0.22239365 0.24366667 0.13994015
 0.20238379 0.2255317  0.21156364 0.20754847 0.17836208 0.23285552
 0.2320219  0.17617724 0.17222721 0.18064995 0.23389855 0.2531979
 0.23632668 0.17078297 0.19045126 0.21528442 0.15803242 0.17935441
 0.23819248 0.23078169 0.23091593 0.17216438 0.14692351 0.22222457
 0.23719387 0.20515479 0.14617743 0.22751946 0.20084526 0.19880305
 0.22252802 0.25531248 0.19717449 0.26915008 0.2337885  0.21700831
 0.21186871 0.22437143 0.22241599 0.24062665 0.23366361 0.22748107
 0.22251571 0.18581978 0.20252441 0.18710833 0.19230128 0.22546498
 0.23825717 0.24178529 0.17465808 0.19878651 0.18021257 0.22847976
 0.17659282 0.27544188 0.20833806 0.22493186 0.23627802 0.20002319
 0.22133236 0.25481267 0.24838073 0.21676395 0.21613991 0.23675543
 0.22062625 0.19438323 0.16581278 0.20290778 0.18537289 0.19558121
 0.23052823 0.22098765 0.21101315 0.19888755 0.2415781  0.22632443
 0.21171229 0.18159857 0.25936112 0.22670437 0.21914141 0.23454078
 0.19325165 0.20510027 0.23015689 0.21775056 0.24981478 0.20852198
 0.22119386 0.2038127  0.20943258 0.19559928 0.24158988 0.23462081
 0.19591341 0.20357411 0.21368614 0.19841671 0.16850084 0.2273606
 0.26951951 0.22581519 0.24136165 0.15638988 0.20723027 0.21343462
 0.26077038 0.20996616 0.16941681 0.23665983 0.18848561 0.23887927
 0.23677375 0.20847265 0.16772068 0.23083098 0.20628133 0.19527994
 0.16585946 0.21808604 0.20009856 0.19551177 0.19980797 0.22342886
 0.21495842 0.19232683 0.24841683 0.20228071 0.24002765 0.24076817
 0.20127951 0.25680911 0.25599486 0.18081067 0.21459707 0.25964862
 0.15308176 0.14965684 0.22076198 0.18305745 0.23689472 0.21694984
 0.24841553 0.20982297 0.23123523 0.21445949 0.24262675 0.21038446
 0.22283086 0.21834292]
bravo_repeat-1
METEOR
[0.13785436 0.15694587 0.15794713 0.12908953 0.16283682 0.16906593
 0.16058627 0.14854641 0.16995561 0.16743234 0.20058983 0.14384194
 0.13772806 0.14252382 0.1660235  0.14563414 0.13666732 0.13098917
 0.15863579 0.14827382 0.16191957 0.13141277 0.17329854 0.15702118
 0.1828377  0.13479216 0.14787195 0.15013792 0.16269652 0.13282127
 0.15050758 0.1743047  0.14487516 0.15477738 0.15987724 0.15612386
 0.14401964 0.14640787 0.14886687 0.16883565 0.15971153 0.14256415
 0.14215954 0.18209433 0.14813605 0.17368058 0.16978256 0.09598573
 0.1462684  0.17569555 0.15241317 0.14464925 0.12382997 0.15848073
 0.15657143 0.14302225 0.12871464 0.13105925 0.17123079 0.17927035
 0.16295413 0.14397219 0.15386237 0.14715008 0.12287384 0.15641091
 0.16828611 0.15429956 0.1634833  0.12157535 0.12180915 0.15233842
 0.16766061 0.15077961 0.12669364 0.16443373 0.14661911 0.15807471
 0.14378565 0.17433872 0.13229456 0.18689136 0.17817763 0.15516599
 0.1492721  0.15741845 0.15816571 0.15986022 0.16070882 0.15368279
 0.15188451 0.13095082 0.13429379 0.13519374 0.13688188 0.16175051
 0.16707135 0.17888787 0.12455354 0.13573194 0.13037054 0.15830578
 0.12963571 0.18839225 0.14209839 0.17235683 0.17324398 0.16183839
 0.15446476 0.16329991 0.17901108 0.16011129 0.14922412 0.16439595
 0.16363158 0.13902842 0.12497371 0.14292507 0.11598376 0.15363133
 0.17944254 0.15105517 0.15338654 0.14085043 0.16015459 0.16257053
 0.14902622 0.12465449 0.17406164 0.16788133 0.16127072 0.17081686
 0.13282389 0.15783657 0.16759896 0.16552616 0.16269015 0.14932254
 0.16476971 0.13836808 0.17603053 0.14213744 0.16969708 0.16016242
 0.13771995 0.14556141 0.14409264 0.14156634 0.13653778 0.17202138
 0.21206632 0.14853296 0.18173448 0.10979491 0.1423498  0.15827579
 0.16947439 0.14133963 0.11833162 0.15903417 0.14138474 0.16048258
 0.16400318 0.14712207 0.11887575 0.14931545 0.1502174  0.15694921
 0.12766635 0.13503168 0.14260885 0.13393755 0.13013596 0.16519978
 0.14750393 0.13733569 0.16858085 0.14593034 0.160321   0.16945306
 0.1599143  0.19001305 0.17473655 0.13607545 0.15215075 0.19295561
 0.1099342  0.10443462 0.16168254 0.13734932 0.15480303 0.14663612
 0.16759924 0.15404531 0.1560325  0.1493595  0.17616364 0.15975449
 0.14372166 0.15575807]
bravo_repeat-1
BERT
[0.8038448  0.8023959  0.8018821  0.80319095 0.8076094  0.8054879
 0.80606496 0.8065262  0.8103155  0.806166   0.8102601  0.8015812
 0.8002729  0.8051458  0.8089647  0.8031548  0.80482286 0.8088241
 0.8064978  0.808053   0.80721235 0.80371773 0.8104513  0.80864996
 0.8097665  0.8048962  0.8011743  0.7964431  0.80992407 0.8037517
 0.8055405  0.8082     0.8064671  0.80325514 0.80871385 0.8035827
 0.7977975  0.80542254 0.8052105  0.8080624  0.8067992  0.80745894
 0.80429006 0.81497306 0.80326897 0.80874866 0.8036157  0.8013621
 0.8068468  0.8092539  0.8077338  0.80119675 0.80503744 0.810802
 0.811409   0.80532885 0.8041281  0.80093354 0.8113165  0.8028278
 0.8055898  0.8043538  0.80698794 0.80678505 0.8006738  0.806119
 0.803223   0.808483   0.80747956 0.80356354 0.80406773 0.8035029
 0.8072306  0.80786467 0.8022721  0.80769795 0.80416405 0.8059828
 0.80360955 0.8040199  0.8040969  0.8098762  0.80975425 0.8063063
 0.80672586 0.8089845  0.8078025  0.802139   0.7993587  0.8064873
 0.80230796 0.80354106 0.8036836  0.8057358  0.80554676 0.80275
 0.808784   0.8084447  0.8049737  0.80518323 0.80559653 0.800494
 0.80532616 0.8042518  0.80401576 0.8119252  0.8093049  0.8014576
 0.80804646 0.80486876 0.8041899  0.8051454  0.81108594 0.8104906
 0.8113589  0.8001511  0.8016057  0.8010614  0.79975986 0.8000916
 0.81102043 0.8052267  0.8039161  0.8023026  0.80519325 0.80882376
 0.8038893  0.801056   0.80234027 0.8061014  0.80672437 0.810081
 0.8000913  0.8017028  0.80948776 0.8046258  0.81066096 0.8018819
 0.81108195 0.80877733 0.80367243 0.8034044  0.80727077 0.80035603
 0.80527467 0.8024104  0.8055382  0.80877185 0.80709594 0.8104421
 0.80689055 0.80666023 0.8075658  0.8035172  0.80602247 0.80798835
 0.8069561  0.8046464  0.802196   0.80693203 0.8071551  0.8060661
 0.808006   0.8034408  0.7997868  0.8069165  0.80265725 0.80505127
 0.8019648  0.8044251  0.8080161  0.8054576  0.8030793  0.809826
 0.805872   0.8020856  0.80698544 0.80260235 0.8074298  0.8107091
 0.8036943  0.80908215 0.811059   0.80734414 0.80405676 0.8066416
 0.79942375 0.80207455 0.8072546  0.80098426 0.8046457  0.8012831
 0.8078232  0.80552405 0.8080539  0.80656266 0.8065084  0.8076423
 0.80526006 0.80838895]
[nltk_data] Downloading package wordnet to /mnt/iusers01/fse-
[nltk_data]     ugpgt01/compsci01/q12628ct/nltk_data...
[nltk_data]   Package wordnet is already up-to-date!
[nltk_data] Downloading package punkt_tab to /mnt/iusers01/fse-
[nltk_data]     ugpgt01/compsci01/q12628ct/nltk_data...
[nltk_data]   Package punkt_tab is already up-to-date!
[nltk_data] Downloading package omw-1.4 to /mnt/iusers01/fse-
[nltk_data]     ugpgt01/compsci01/q12628ct/nltk_data...
[nltk_data]   Package omw-1.4 is already up-to-date!
/mnt/iusers01/fse-ugpgt01/compsci01/q12628ct/.conda/envs/semantic-decoding/lib/python3.10/site-packages/huggingface_hub/file_download.py:945: FutureWarning: `resume_download` is deprecated and will be removed in version 1.0.0. Downloads always resume when possible. If you want to force a new download, use `force_download=True`.
  warnings.warn(
Some weights of the model checkpoint at roberta-large were not used when initializing RobertaModel: ['lm_head.layer_norm.bias', 'lm_head.dense.weight', 'lm_head.bias', 'lm_head.dense.bias', 'lm_head.layer_norm.weight']
- This IS expected if you are initializing RobertaModel from the checkpoint of a model trained on another task or with another architecture (e.g. initializing a BertForSequenceClassification model from a BertForPreTraining model).
- This IS NOT expected if you are initializing RobertaModel from the checkpoint of a model that you expect to be exactly identical (initializing a BertForSequenceClassification model from a BertForSequenceClassification model).
Some weights of RobertaModel were not initialized from the model checkpoint at roberta-large and are newly initialized: ['roberta.pooler.dense.bias', 'roberta.pooler.dense.weight']
You should probably TRAIN this model on a down-stream task to be able to use it for predictions and inference.
bravo_repeat-2
WER
[-0.05055542 -0.03047796 -0.05488744 -0.03051438 -0.0504705  -0.05075346
 -0.03850006 -0.04229028 -0.04004015 -0.05389685 -0.03592927 -0.02936588
 -0.03822601 -0.04387655 -0.0222015  -0.02715858 -0.04001997 -0.03463016
 -0.0229805  -0.0333926  -0.05224668 -0.03162265 -0.05028943 -0.03393642
 -0.0314277  -0.03370038 -0.03007837 -0.02281792 -0.04901328 -0.05050104
 -0.04633772 -0.05333288 -0.05117972 -0.0325228  -0.00861284 -0.03028381
 -0.03285067 -0.02494456 -0.04427038 -0.02351993 -0.03428736 -0.03278963
 -0.03548794 -0.04938917 -0.03393428 -0.05184291 -0.05280305 -0.05009722
 -0.0280835  -0.05747214 -0.02677533 -0.04084316 -0.04233355 -0.03035351
 -0.04413495 -0.06072462 -0.04537993 -0.02144639 -0.03230854 -0.04585532
 -0.06390613 -0.0326545  -0.03918367 -0.02173623 -0.05325742 -0.03368809
 -0.0503526  -0.03200346 -0.03760363 -0.02871002 -0.03220389 -0.03260917
 -0.04108724 -0.03146585 -0.04899054 -0.0308602  -0.03013093 -0.05582123
 -0.05340097 -0.04666643 -0.04560086 -0.02793639 -0.02879768 -0.03285153
 -0.04335951 -0.03419697 -0.04568426 -0.02975601 -0.03211178 -0.0247132
 -0.03084057 -0.02536347 -0.03915264 -0.03468886 -0.04577173 -0.01704018
 -0.04933683 -0.02669139 -0.02396796 -0.039667   -0.05436121 -0.02461425
 -0.03005674 -0.0288184  -0.04404585 -0.0342572  -0.05022467 -0.05237913
 -0.03449942 -0.04290882 -0.03817228 -0.04318352 -0.0259046  -0.04728531
 -0.03658519 -0.03489595 -0.04617038 -0.00119858 -0.0520082  -0.03634704
 -0.0424379  -0.03314929 -0.03277493 -0.03461362 -0.0289494  -0.01704784
 -0.02702114 -0.0215489  -0.03510269 -0.04180591 -0.05726621 -0.02515555
 -0.04173356 -0.03311008 -0.05821651 -0.03863997 -0.01308331 -0.04163838
 -0.0244982  -0.0533353  -0.05134839 -0.06459717 -0.02876095 -0.02885474
 -0.02292599 -0.04338678 -0.04688963 -0.02317274 -0.02445262 -0.02928846
 -0.00769843 -0.04449463 -0.03084354 -0.0471572  -0.04252051 -0.02518319
 -0.02879842 -0.030199   -0.04189867 -0.03748018 -0.04101156 -0.0392341
 -0.033111   -0.03496469 -0.04299726 -0.03618514 -0.05042512 -0.04726549
 -0.04323537 -0.03798766 -0.04031334 -0.03591413 -0.0230427  -0.02498011
 -0.05654182 -0.03816594 -0.04187045 -0.02560115 -0.04957551 -0.04627861
 -0.03162262 -0.04336654 -0.02038144 -0.01632086 -0.03668495 -0.04410535
 -0.04482037 -0.041604   -0.0161678  -0.03018799 -0.05334309 -0.03687271
 -0.0436013  -0.05251285 -0.03750656 -0.03165604 -0.05239251 -0.01362086
 -0.05100365 -0.05270354]
bravo_repeat-2
BLEU
[0.17722396 0.25556574 0.22972178 0.22955305 0.21941079 0.16638977
 0.2597726  0.20147461 0.22733274 0.16716398 0.2048558  0.20479568
 0.18606216 0.23541612 0.25757461 0.232069   0.19780853 0.2277651
 0.24839053 0.24658465 0.21118511 0.23244491 0.25198704 0.2406187
 0.20520746 0.24276558 0.24820021 0.21275643 0.21804591 0.21164585
 0.21779304 0.15717992 0.16458762 0.22347716 0.25676286 0.18134882
 0.25209432 0.21329722 0.1771437  0.22557932 0.2289954  0.19681319
 0.19765666 0.19643664 0.23941663 0.17610834 0.21354302 0.15972042
 0.23397346 0.18599293 0.20410593 0.22850958 0.27326658 0.2572746
 0.18097884 0.16889753 0.2101567  0.2020771  0.23428451 0.1529482
 0.19806654 0.24100367 0.23297869 0.21645875 0.17773925 0.28160298
 0.16407102 0.2403261  0.20742642 0.2623253  0.22626993 0.2380351
 0.22757727 0.2431802  0.18896933 0.19935473 0.17500408 0.21041166
 0.23969339 0.20440434 0.20274732 0.22552073 0.24406664 0.23848759
 0.23237051 0.24633711 0.14450444 0.2594341  0.21569763 0.23760332
 0.21530078 0.22029879 0.20495355 0.2178801  0.18278295 0.24541556
 0.19304948 0.20042357 0.25283803 0.20635422 0.22517328 0.209763
 0.23086449 0.25062739 0.17615335 0.23137506 0.22044602 0.19283629
 0.2091683  0.21486486 0.231338   0.20190423 0.19843188 0.16403718
 0.20725505 0.2180953  0.22128615 0.19831723 0.18122733 0.19443541
 0.22573218 0.23483806 0.26285416 0.20590633 0.21525236 0.24596766
 0.23659792 0.22001885 0.20477803 0.23951325 0.19390502 0.21181461
 0.20503385 0.18228543 0.24090427 0.19904268 0.26691929 0.17179273
 0.21622969 0.17124865 0.22264674 0.17749484 0.24005113 0.20497268
 0.22681215 0.21469695 0.14752837 0.24553249 0.22561166 0.24761545
 0.23514481 0.20849148 0.20076084 0.21916641 0.19448732 0.25758633
 0.24818644 0.23792562 0.19112535 0.26309349 0.24006181 0.24681064
 0.19760803 0.21548816 0.23599242 0.19149094 0.18278699 0.16834922
 0.20821124 0.23143328 0.22057796 0.16995021 0.21278562 0.23439946
 0.19185037 0.22542615 0.18452855 0.21007648 0.15953067 0.18539371
 0.2438005  0.19652446 0.20711148 0.25747134 0.15510675 0.17501094
 0.18938784 0.22749444 0.2415115  0.23160709 0.16051991 0.22482963
 0.24022125 0.20031917 0.23148071 0.22185923 0.15899514 0.25248418
 0.17714077 0.24415024]
bravo_repeat-2
METEOR
[0.11872373 0.16353756 0.16129102 0.16253267 0.14358573 0.12345781
 0.15821726 0.1316501  0.15664628 0.1021295  0.15021174 0.13598249
 0.13006964 0.13695696 0.16512746 0.16904164 0.13343963 0.17286726
 0.17107316 0.18676169 0.15169057 0.15334361 0.15393614 0.17572657
 0.13543032 0.17269575 0.1562831  0.13668942 0.14115311 0.15382208
 0.13932021 0.10870707 0.11868467 0.14447797 0.1628913  0.13080598
 0.17649967 0.14425543 0.1260934  0.15928879 0.15930683 0.1441966
 0.13021746 0.12420095 0.17032859 0.13361416 0.13119323 0.12166279
 0.14819356 0.12692912 0.12590958 0.15993844 0.17493656 0.16976464
 0.12841151 0.1449648  0.14985235 0.15875158 0.15333087 0.11442445
 0.13886364 0.14460063 0.15670217 0.15409669 0.12421813 0.17828561
 0.11865985 0.15031119 0.14799584 0.17896753 0.14930167 0.15654098
 0.15756818 0.15630605 0.14735991 0.13574013 0.11575585 0.14673643
 0.18074667 0.1432604  0.13635606 0.1609987  0.14715364 0.15075609
 0.16031197 0.15454302 0.11101468 0.16794226 0.14678199 0.15269987
 0.14028742 0.157988   0.14137735 0.13902744 0.11970567 0.15163827
 0.13340903 0.12495826 0.16705878 0.13637926 0.14893432 0.13423832
 0.14545448 0.16453174 0.11128191 0.15364958 0.15042396 0.1291391
 0.15606615 0.15428624 0.14287367 0.13505345 0.1371973  0.11060194
 0.15164618 0.1514058  0.13814038 0.1345376  0.12064221 0.13043227
 0.15486496 0.15221593 0.16898024 0.16106233 0.14000006 0.17179902
 0.17210264 0.14333266 0.16231168 0.16436094 0.13119217 0.1396017
 0.12786381 0.12266056 0.16393863 0.14380792 0.16975293 0.12138692
 0.13865894 0.12716261 0.17211894 0.13837217 0.14457149 0.14091203
 0.15790245 0.14517094 0.11732121 0.15966946 0.14992785 0.15808396
 0.16345306 0.1419878  0.13428877 0.14284761 0.11534806 0.1712894
 0.17577581 0.1689027  0.11754461 0.16569743 0.16074332 0.1542842
 0.13372365 0.16557215 0.14775209 0.12738248 0.11871102 0.12813597
 0.14749348 0.15027698 0.14943992 0.11411037 0.14859403 0.176762
 0.12487999 0.14800057 0.12675018 0.13914548 0.11410464 0.11419918
 0.16510428 0.1326617  0.13384438 0.16990645 0.09834429 0.12555733
 0.14330023 0.15370195 0.15809702 0.16259292 0.12903531 0.15382651
 0.15587941 0.13714172 0.1423993  0.14667549 0.12036257 0.15721492
 0.11978116 0.16861112]
bravo_repeat-2
BERT
[0.8014182  0.8065539  0.8083138  0.8046073  0.8087906  0.7989754
 0.8021887  0.8057553  0.80260336 0.80220896 0.8038078  0.80342066
 0.80088305 0.80431783 0.804102   0.8042727  0.8063843  0.80586725
 0.8130386  0.81326014 0.8072893  0.8007917  0.80763316 0.80733734
 0.8057903  0.8085622  0.80702144 0.80587256 0.80303556 0.8070701
 0.8047489  0.8053265  0.8013463  0.8041724  0.80325264 0.80379206
 0.8056049  0.8037141  0.8040506  0.809567   0.80182314 0.8022502
 0.8061981  0.80807    0.8078729  0.80739605 0.8043573  0.8050386
 0.8068563  0.80354923 0.8031533  0.8088352  0.803448   0.8071944
 0.8026267  0.8107036  0.8076402  0.80806017 0.80477154 0.80154556
 0.80066645 0.80332303 0.8076394  0.8026491  0.8059097  0.8095028
 0.80370134 0.8055782  0.81081575 0.8130668  0.8086095  0.8081672
 0.8070407  0.80974793 0.80075955 0.80176675 0.8012427  0.80552226
 0.8116435  0.8074925  0.8042704  0.80275613 0.80236936 0.80522555
 0.8083317  0.80460626 0.80011404 0.80746216 0.8107605  0.80788636
 0.8029011  0.80342996 0.8015805  0.80200595 0.8031807  0.8071837
 0.8036313  0.8039624  0.80971545 0.80636233 0.80755746 0.80417454
 0.80871236 0.8079072  0.80353695 0.80453354 0.80521756 0.8047087
 0.8063764  0.8092154  0.8048014  0.801376   0.8027968  0.8023156
 0.8061129  0.8037208  0.8031325  0.8041992  0.80403936 0.8042888
 0.81528103 0.8056856  0.8025161  0.8042368  0.80583006 0.8077523
 0.8070489  0.7969425  0.8004344  0.80789465 0.80272686 0.8035005
 0.80855167 0.8030074  0.8060739  0.8032076  0.8050167  0.8062651
 0.80996835 0.80276656 0.8068961  0.8075566  0.8085073  0.7994887
 0.803467   0.8057813  0.8000385  0.8085491  0.80438644 0.8066187
 0.80528164 0.80775785 0.80423427 0.8054095  0.80252767 0.8029468
 0.8056355  0.80553406 0.80606425 0.80753464 0.80625266 0.8078257
 0.8114554  0.8049564  0.8067476  0.8083587  0.8047731  0.80190307
 0.8024773  0.8042639  0.8090179  0.80422074 0.80913764 0.80571765
 0.8027398  0.80816483 0.8018452  0.8056307  0.8002016  0.8030389
 0.8034812  0.8047173  0.80344194 0.80858415 0.80150867 0.8064685
 0.8077802  0.80860806 0.805121   0.8048626  0.80434483 0.8032054
 0.80576015 0.80516994 0.80594516 0.8085606  0.8008096  0.80603606
 0.8046182  0.8059843 ]
[nltk_data] Downloading package wordnet to /mnt/iusers01/fse-
[nltk_data]     ugpgt01/compsci01/q12628ct/nltk_data...
[nltk_data]   Package wordnet is already up-to-date!
[nltk_data] Downloading package punkt_tab to /mnt/iusers01/fse-
[nltk_data]     ugpgt01/compsci01/q12628ct/nltk_data...
[nltk_data]   Package punkt_tab is already up-to-date!
[nltk_data] Downloading package omw-1.4 to /mnt/iusers01/fse-
[nltk_data]     ugpgt01/compsci01/q12628ct/nltk_data...
[nltk_data]   Package omw-1.4 is already up-to-date!
/mnt/iusers01/fse-ugpgt01/compsci01/q12628ct/.conda/envs/semantic-decoding/lib/python3.10/site-packages/huggingface_hub/file_download.py:945: FutureWarning: `resume_download` is deprecated and will be removed in version 1.0.0. Downloads always resume when possible. If you want to force a new download, use `force_download=True`.
  warnings.warn(
Some weights of the model checkpoint at roberta-large were not used when initializing RobertaModel: ['lm_head.dense.bias', 'lm_head.layer_norm.weight', 'lm_head.bias', 'lm_head.layer_norm.bias', 'lm_head.dense.weight']
- This IS expected if you are initializing RobertaModel from the checkpoint of a model trained on another task or with another architecture (e.g. initializing a BertForSequenceClassification model from a BertForPreTraining model).
- This IS NOT expected if you are initializing RobertaModel from the checkpoint of a model that you expect to be exactly identical (initializing a BertForSequenceClassification model from a BertForSequenceClassification model).
Some weights of RobertaModel were not initialized from the model checkpoint at roberta-large and are newly initialized: ['roberta.pooler.dense.bias', 'roberta.pooler.dense.weight']
You should probably TRAIN this model on a down-stream task to be able to use it for predictions and inference.
charlie_repeat-1
WER
[-0.08979242 -0.094719   -0.10201182 -0.10620954 -0.08095053 -0.08515477
 -0.1006769  -0.08846553 -0.07940437 -0.08181964 -0.09958091 -0.08999562
 -0.09782423 -0.09537806 -0.08709044 -0.08830342 -0.09599444 -0.10321843
 -0.09137829 -0.08911798 -0.0896352  -0.09033981 -0.09753151 -0.0849641
 -0.08125867 -0.09168174 -0.09139852 -0.09313718 -0.10170203 -0.09196361
 -0.10140321 -0.0885093  -0.09765826 -0.07837012 -0.07227058 -0.08483489
 -0.09090674 -0.08541797 -0.09700898 -0.09285212 -0.09969409 -0.09124688
 -0.08114387 -0.08636119 -0.08195847 -0.08435751 -0.09918353 -0.09263344
 -0.09044612 -0.09557595 -0.08090976 -0.07598035 -0.06128685 -0.0952223
 -0.08877527 -0.08202503 -0.10511645 -0.08097742 -0.09824502 -0.10376398
 -0.08475649 -0.1010621  -0.0913669  -0.09440504 -0.09746777 -0.08126065
 -0.10918813 -0.09449779 -0.09753506 -0.09724673 -0.09345092 -0.10148658
 -0.08643445 -0.09323985 -0.10384922 -0.08813411 -0.08908267 -0.07138754
 -0.07860033 -0.08704652 -0.11051424 -0.08429183 -0.10032187 -0.08208128
 -0.08654064 -0.10084675 -0.08573189 -0.09488713 -0.1033584  -0.08374353
 -0.08735089 -0.10475367 -0.1017481  -0.07651715 -0.0949966  -0.09224504
 -0.08360956 -0.09098061 -0.07488203 -0.10226108 -0.07924925 -0.08119339
 -0.08237464 -0.0954362  -0.09009393 -0.09249864 -0.10101643 -0.10420929
 -0.08662649 -0.0902335  -0.09519461 -0.08343874 -0.09426565 -0.08343906
 -0.07549812 -0.10594901 -0.07965174 -0.07587669 -0.09069346 -0.08005254
 -0.09586262 -0.08969715 -0.08764054 -0.08562177 -0.07742478 -0.07690495
 -0.07022031 -0.08851663 -0.10342118 -0.10461999 -0.06817375 -0.08738821
 -0.09864915 -0.08973239 -0.08505283 -0.08755797 -0.09207185 -0.0957304
 -0.08755444 -0.1073672  -0.1053261  -0.08370597 -0.08944397 -0.10152866
 -0.07824723 -0.08847227 -0.0833438  -0.09377    -0.088465   -0.08918932
 -0.09456125 -0.09724043 -0.09768492 -0.08252193 -0.08621175 -0.09397906
 -0.0904568  -0.07283821 -0.10730705 -0.08939058 -0.09505917 -0.09893879
 -0.08835722 -0.09850476 -0.10446561 -0.08986909 -0.08647548 -0.08568054
 -0.09551017 -0.07399836 -0.0961333  -0.11109187 -0.10093314 -0.08921928
 -0.08670903 -0.08768698 -0.09400555 -0.08894063 -0.08505209 -0.09418676
 -0.10142583 -0.08802984 -0.08157858 -0.10101981 -0.10230021 -0.0858732
 -0.08586679 -0.09207141 -0.09137486 -0.08803917 -0.08792967 -0.09111718
 -0.0807942  -0.0970207  -0.09312767 -0.11513987 -0.1100101  -0.10031922
 -0.08795746 -0.09877452]
charlie_repeat-1
BLEU
[0.21285254 0.19784389 0.19845304 0.18181641 0.18574179 0.20837777
 0.19949316 0.21137935 0.17214984 0.19674151 0.15395709 0.19340743
 0.1818032  0.17004567 0.19297743 0.17640229 0.17787623 0.17963323
 0.19741737 0.15651411 0.19108624 0.18822517 0.16449837 0.1969438
 0.18189538 0.23995764 0.19338139 0.18123531 0.15282096 0.17172355
 0.1650409  0.21479422 0.1812207  0.18757255 0.1938401  0.18207005
 0.17874879 0.17959114 0.16949079 0.1990778  0.20029444 0.17557503
 0.20228698 0.19326192 0.21669081 0.18585116 0.18457086 0.20454501
 0.17534857 0.19430568 0.20890413 0.22345034 0.23775131 0.17366515
 0.18587214 0.20693646 0.16684995 0.19842764 0.18647777 0.20763945
 0.21505197 0.19590623 0.18503281 0.17860903 0.18778528 0.19730893
 0.14487897 0.18213713 0.15568167 0.16180813 0.21173387 0.17811877
 0.19356069 0.17515447 0.17485036 0.18937563 0.17364721 0.20601783
 0.16487199 0.18999243 0.14888734 0.22998597 0.19234742 0.17710095
 0.17590219 0.20851447 0.20858242 0.18858581 0.17843677 0.21797291
 0.21976557 0.19402302 0.16195924 0.20426669 0.18681303 0.21293034
 0.19304154 0.17478414 0.21943611 0.17334533 0.2048012  0.18398215
 0.18191519 0.16661674 0.20419996 0.20361144 0.19957756 0.16366498
 0.19672715 0.1740679  0.18462229 0.20711947 0.18425416 0.2011914
 0.2111074  0.18225304 0.20113948 0.195261   0.19642636 0.18773575
 0.19075751 0.1961175  0.22127819 0.18686989 0.20311387 0.22975528
 0.17841401 0.16781961 0.19899081 0.14771544 0.21200874 0.17414109
 0.1642133  0.18072841 0.17233829 0.18364431 0.18290213 0.16121809
 0.19820638 0.17680128 0.18161854 0.17126233 0.17407331 0.20515709
 0.18971345 0.17434569 0.21517158 0.195682   0.2084462  0.1854602
 0.20658262 0.17727348 0.17056957 0.2062176  0.19940266 0.22235862
 0.18340605 0.20834911 0.15334857 0.16249158 0.19096764 0.20199871
 0.20112679 0.16926117 0.15918212 0.20622587 0.18074887 0.21313809
 0.1792047  0.19475992 0.15357999 0.15316154 0.19202224 0.17763953
 0.19947483 0.17298565 0.19234325 0.22766145 0.19927573 0.16952249
 0.17909747 0.17647984 0.18562116 0.18798743 0.16717802 0.18266568
 0.2061189  0.20871467 0.19599127 0.1997269  0.24631704 0.18703773
 0.17842611 0.14955134 0.18422031 0.13887652 0.13306377 0.18150163
 0.2031409  0.15976937]
charlie_repeat-1
METEOR
[0.16733537 0.1385004  0.16168077 0.1336156  0.14378708 0.15910604
 0.16042928 0.15918066 0.11809988 0.14291988 0.13886864 0.13149929
 0.13871545 0.14709864 0.15681309 0.16317006 0.13015262 0.14619931
 0.13461837 0.12654478 0.15654201 0.13349004 0.12510708 0.14913208
 0.13674877 0.17203211 0.14563456 0.13542245 0.12498998 0.1374718
 0.12560816 0.14979921 0.12983266 0.14279158 0.16641434 0.12827338
 0.12947232 0.16113429 0.12727188 0.16331998 0.15139783 0.1399182
 0.15476586 0.14549512 0.16318054 0.15698839 0.14056967 0.16491676
 0.13979074 0.14591075 0.15143337 0.16405631 0.20454897 0.13557474
 0.15306424 0.1571372  0.12641867 0.17001201 0.13752585 0.14926138
 0.18666998 0.16829255 0.13706986 0.1254881  0.13664616 0.1590485
 0.1380716  0.12965585 0.11274811 0.14307168 0.17343072 0.13355296
 0.14528825 0.13949497 0.1284088  0.17304082 0.14197454 0.16007175
 0.11809925 0.14735029 0.13187209 0.16171043 0.15438469 0.13350587
 0.14471552 0.15656937 0.14565814 0.15453068 0.13533502 0.16228847
 0.14331031 0.14667346 0.12442272 0.16819234 0.13226804 0.15463046
 0.1353832  0.12553721 0.19230263 0.12718133 0.14489277 0.15817461
 0.15259992 0.12747187 0.19094655 0.13944287 0.14031067 0.13398931
 0.15600434 0.14502502 0.15657148 0.15978607 0.17610834 0.15221859
 0.16228923 0.1384952  0.15984303 0.15369986 0.13641759 0.15271219
 0.13857726 0.13636292 0.16059541 0.1577132  0.16682079 0.1561715
 0.15813221 0.13362867 0.15699945 0.12083555 0.17096913 0.15275584
 0.13158721 0.13004647 0.13528743 0.14478522 0.13705808 0.12998651
 0.18053255 0.13678047 0.15609779 0.13137059 0.1642562  0.14517012
 0.15340932 0.13761319 0.17796731 0.1486576  0.14871574 0.14973466
 0.15518214 0.12874642 0.13096095 0.13983116 0.14585242 0.16829405
 0.16590296 0.16238722 0.13008229 0.13949439 0.15254617 0.15032983
 0.15163423 0.11962533 0.13279143 0.15177482 0.13546042 0.16879325
 0.13990325 0.15818827 0.11176006 0.12310336 0.14042105 0.14045319
 0.15511161 0.13971174 0.15566664 0.18309918 0.16186604 0.14478842
 0.15277506 0.14357255 0.14961848 0.14885058 0.13865098 0.15534024
 0.1529882  0.17896624 0.1657987  0.1622431  0.20766848 0.13011996
 0.13177157 0.13071833 0.15043412 0.12312698 0.09132959 0.12454052
 0.140707   0.14166334]
charlie_repeat-1
BERT
[0.7821133  0.78662163 0.79053843 0.7846554  0.7900439  0.78385127
 0.7833503  0.7840498  0.78309894 0.7858522  0.77810615 0.78451806
 0.7880224  0.7893383  0.79083484 0.7909355  0.7855527  0.78716546
 0.7894783  0.78663814 0.7828019  0.78678495 0.7819731  0.7836864
 0.7812474  0.78947794 0.7856784  0.7822272  0.77745044 0.78414696
 0.7879866  0.7854768  0.78524697 0.789382   0.7858004  0.78648645
 0.77806705 0.78493696 0.7838095  0.79359174 0.78431123 0.78412026
 0.7853389  0.78503084 0.77845675 0.7882     0.7843482  0.7849203
 0.7811012  0.78398365 0.78759116 0.7871779  0.78800267 0.7864256
 0.7833812  0.7848853  0.78270924 0.78858864 0.7868132  0.7896699
 0.78915095 0.7855928  0.78413576 0.78015316 0.78332055 0.78422517
 0.7822411  0.7799836  0.78035426 0.78042316 0.7819103  0.78209203
 0.78258747 0.78411317 0.7815532  0.78830326 0.785772   0.7849789
 0.78348327 0.7888287  0.77935183 0.7842565  0.78365093 0.7927582
 0.78697425 0.78412443 0.7827514  0.78730905 0.78802276 0.7837557
 0.7859086  0.7802078  0.7801115  0.7818973  0.783438   0.7849408
 0.7791224  0.7828688  0.7858535  0.7827299  0.783263   0.78330815
 0.78977895 0.7847732  0.7885646  0.7821586  0.78647494 0.78643405
 0.78094614 0.78361464 0.7837945  0.7829614  0.7870336  0.7835513
 0.7832068  0.78124386 0.7817141  0.786038   0.78334844 0.7865068
 0.78656006 0.7865282  0.78400135 0.7927077  0.7865652  0.78452545
 0.78441656 0.7849715  0.7841918  0.78163135 0.78728414 0.79415584
 0.78967184 0.7832673  0.7835648  0.7864824  0.78187394 0.78360313
 0.7939079  0.78755987 0.784591   0.7897326  0.78468305 0.7853122
 0.779339   0.7830376  0.78317314 0.78714174 0.7863519  0.7789157
 0.7833139  0.7827104  0.7851165  0.7856868  0.7834257  0.78823966
 0.7820874  0.78870785 0.7799559  0.78122365 0.78714454 0.7894181
 0.78846174 0.77788174 0.78125435 0.78451335 0.7844801  0.7873466
 0.784875   0.7845003  0.777523   0.78334045 0.78137094 0.7807156
 0.78499675 0.78223556 0.78326404 0.7820008  0.7846472  0.78604937
 0.78278595 0.7787485  0.7900027  0.78541577 0.78358626 0.78306514
 0.78703874 0.7830621  0.78853124 0.78612185 0.7878131  0.7831161
 0.780081   0.78191173 0.79192954 0.7807815  0.781996   0.79044956
 0.78541005 0.787709  ]
[nltk_data] Downloading package wordnet to /mnt/iusers01/fse-
[nltk_data]     ugpgt01/compsci01/q12628ct/nltk_data...
[nltk_data]   Package wordnet is already up-to-date!
[nltk_data] Downloading package punkt_tab to /mnt/iusers01/fse-
[nltk_data]     ugpgt01/compsci01/q12628ct/nltk_data...
[nltk_data]   Package punkt_tab is already up-to-date!
[nltk_data] Downloading package omw-1.4 to /mnt/iusers01/fse-
[nltk_data]     ugpgt01/compsci01/q12628ct/nltk_data...
[nltk_data]   Package omw-1.4 is already up-to-date!
/mnt/iusers01/fse-ugpgt01/compsci01/q12628ct/.conda/envs/semantic-decoding/lib/python3.10/site-packages/huggingface_hub/file_download.py:945: FutureWarning: `resume_download` is deprecated and will be removed in version 1.0.0. Downloads always resume when possible. If you want to force a new download, use `force_download=True`.
  warnings.warn(
Some weights of the model checkpoint at roberta-large were not used when initializing RobertaModel: ['lm_head.layer_norm.bias', 'lm_head.bias', 'lm_head.layer_norm.weight', 'lm_head.dense.weight', 'lm_head.dense.bias']
- This IS expected if you are initializing RobertaModel from the checkpoint of a model trained on another task or with another architecture (e.g. initializing a BertForSequenceClassification model from a BertForPreTraining model).
- This IS NOT expected if you are initializing RobertaModel from the checkpoint of a model that you expect to be exactly identical (initializing a BertForSequenceClassification model from a BertForSequenceClassification model).
Some weights of RobertaModel were not initialized from the model checkpoint at roberta-large and are newly initialized: ['roberta.pooler.dense.weight', 'roberta.pooler.dense.bias']
You should probably TRAIN this model on a down-stream task to be able to use it for predictions and inference.
charlie_repeat-2
WER
[-0.12727014 -0.13275    -0.12101525 -0.13906774 -0.12125455 -0.1395255
 -0.12845926 -0.14016978 -0.12557313 -0.13368507 -0.12834422 -0.11552576
 -0.13894589 -0.14230847 -0.1375892  -0.12334347 -0.10460014 -0.12367237
 -0.11971596 -0.10446583 -0.13296916 -0.10027401 -0.1296874  -0.11604109
 -0.12330672 -0.11210913 -0.12366293 -0.13132549 -0.11633059 -0.10229318
 -0.1322519  -0.12285429 -0.11591812 -0.12389513 -0.13241676 -0.12451382
 -0.12848377 -0.12084333 -0.11670566 -0.13226006 -0.11994917 -0.13385968
 -0.1104867  -0.11568181 -0.1361481  -0.1417202  -0.13751225 -0.12493655
 -0.15074155 -0.13617426 -0.12446308 -0.1065003  -0.14413342 -0.1271851
 -0.12356855 -0.12910386 -0.13308079 -0.12052513 -0.12425454 -0.13545946
 -0.13247489 -0.11258675 -0.13170399 -0.14296384 -0.13924684 -0.10352179
 -0.11533197 -0.11345054 -0.12151218 -0.12704227 -0.14096186 -0.11206025
 -0.13426997 -0.13374353 -0.12138136 -0.12648342 -0.12019208 -0.12854124
 -0.14325204 -0.1114012  -0.12192774 -0.13194208 -0.13416677 -0.11443396
 -0.11838494 -0.13230176 -0.12680932 -0.11698686 -0.11309092 -0.11339396
 -0.11631431 -0.13722409 -0.11419011 -0.12392157 -0.15793683 -0.11250594
 -0.12463801 -0.1261272  -0.11901785 -0.13817803 -0.13859582 -0.12525017
 -0.14353599 -0.13793503 -0.12473187 -0.14677824 -0.13281228 -0.11406326
 -0.11828473 -0.11354595 -0.1280489  -0.12088112 -0.12057723 -0.13836775
 -0.11963288 -0.13116429 -0.13778023 -0.13920616 -0.13849054 -0.12728866
 -0.12369485 -0.12804553 -0.1357819  -0.11448044 -0.13874971 -0.13216083
 -0.12747373 -0.1301001  -0.11299949 -0.14214978 -0.14444949 -0.12765632
 -0.12780799 -0.14201496 -0.13137025 -0.13246599 -0.12669488 -0.12059928
 -0.11556778 -0.13940563 -0.13295159 -0.12212495 -0.12035327 -0.11915215
 -0.12083473 -0.12966419 -0.11523913 -0.13480464 -0.13698882 -0.13133726
 -0.1318848  -0.12471306 -0.12797448 -0.11245468 -0.13119583 -0.13643196
 -0.130894   -0.10404296 -0.13911102 -0.12692284 -0.117413   -0.12501339
 -0.12280406 -0.11489519 -0.13526684 -0.13286581 -0.11839417 -0.13394739
 -0.12682798 -0.12346402 -0.12618154 -0.1366264  -0.13537401 -0.11800974
 -0.1211073  -0.12156093 -0.11869324 -0.13183416 -0.1364984  -0.11346821
 -0.12891473 -0.13048867 -0.12618504 -0.11769081 -0.12054859 -0.14078184
 -0.11341672 -0.13003553 -0.14264484 -0.12060059 -0.12431063 -0.12683116
 -0.12379183 -0.12142204 -0.13902363 -0.13335138 -0.12849515 -0.12904371
 -0.10638446 -0.13417207]
charlie_repeat-2
BLEU
[0.19833724 0.17881203 0.19203655 0.19400514 0.21033892 0.1980752
 0.16587762 0.18106708 0.17412467 0.17055418 0.18469    0.19565544
 0.18271948 0.17957794 0.17111251 0.2077006  0.24201524 0.19706034
 0.18208955 0.19110516 0.17727915 0.21104437 0.16028586 0.19428904
 0.17941688 0.20290213 0.18965771 0.1668627  0.21950323 0.21249938
 0.1915647  0.17559162 0.21294175 0.18627066 0.19395705 0.18766923
 0.20391201 0.2429133  0.22752775 0.18250175 0.16945645 0.18946572
 0.17733559 0.21194312 0.18720955 0.17047356 0.20129699 0.18693716
 0.16503465 0.17546518 0.22144546 0.22081245 0.1761915  0.18500413
 0.19024249 0.21170688 0.19583111 0.19722788 0.21891257 0.18495957
 0.21446985 0.19323796 0.15363224 0.18397731 0.18141932 0.20342121
 0.21855508 0.21868283 0.17000499 0.20075111 0.18156708 0.2054883
 0.16022116 0.19755649 0.18867612 0.18289417 0.21144775 0.18250725
 0.17300494 0.19767057 0.19795137 0.16225049 0.18111541 0.18478403
 0.17684481 0.15150589 0.15301031 0.19001109 0.21928529 0.19347469
 0.19002522 0.17884597 0.19278037 0.2388492  0.16829681 0.17568239
 0.16150665 0.20531559 0.18620003 0.1912325  0.2188865  0.19154417
 0.18441065 0.16498141 0.18842374 0.12228934 0.20479158 0.21474321
 0.21313241 0.1871228  0.18601843 0.20830803 0.21654407 0.15198846
 0.1660234  0.20636404 0.2117768  0.15614451 0.20202071 0.22830486
 0.19496707 0.19680036 0.1550958  0.20479607 0.1681761  0.20231773
 0.19945748 0.14844266 0.22248953 0.19190872 0.19645991 0.20037259
 0.18525718 0.1518968  0.18771381 0.19133795 0.1675779  0.18644417
 0.20285174 0.19529676 0.18439741 0.18571008 0.17073978 0.17794492
 0.20563534 0.1738967  0.17109223 0.16736076 0.16301537 0.18452918
 0.18229021 0.18806693 0.15487988 0.20782871 0.16949827 0.1799056
 0.17215636 0.2226455  0.18440678 0.21090684 0.20556981 0.20436789
 0.22318514 0.19734356 0.19784575 0.15495479 0.19672204 0.19982082
 0.19675901 0.20467183 0.189454   0.17558305 0.1888105  0.19233816
 0.20996027 0.19020165 0.1829047  0.17076786 0.15225749 0.21488382
 0.18362258 0.17364105 0.1822143  0.22005051 0.19751738 0.16039033
 0.194149   0.18296279 0.18166163 0.19285942 0.19045448 0.15413297
 0.16781249 0.22336202 0.1471886  0.19045317 0.15989492 0.16976662
 0.21163756 0.20398157]
charlie_repeat-2
METEOR
[0.1535974  0.13618647 0.13796579 0.15039821 0.15060146 0.14811494
 0.15452384 0.15539902 0.14722688 0.15286469 0.13775106 0.15594019
 0.15876585 0.13472826 0.14796861 0.16247189 0.19738118 0.15903423
 0.12667568 0.1564621  0.16621472 0.1843695  0.13462677 0.15885519
 0.14506291 0.15602098 0.14745474 0.15196047 0.18408314 0.15125891
 0.17865102 0.14006205 0.15959787 0.15893922 0.16268115 0.15103874
 0.1803825  0.1630571  0.1820576  0.14638743 0.13513934 0.15481672
 0.16679546 0.15291305 0.14621396 0.12404216 0.15274234 0.16455785
 0.11157386 0.13226238 0.18210843 0.17364129 0.14658476 0.14373884
 0.14452265 0.17054984 0.14127573 0.15514102 0.2059347  0.15217942
 0.15535126 0.14318077 0.13058131 0.14712091 0.12937998 0.18179753
 0.16807333 0.18436291 0.14076    0.15889148 0.14213348 0.15366207
 0.14068666 0.14389959 0.17482177 0.15082719 0.17409333 0.15527127
 0.13667065 0.13895649 0.13836383 0.12581714 0.13649681 0.13430166
 0.13630763 0.12583794 0.13391539 0.1439025  0.16501045 0.16679652
 0.1575397  0.14799906 0.15144216 0.17371325 0.12868821 0.13968084
 0.14318789 0.14786922 0.12691271 0.13539683 0.15466737 0.16408636
 0.12897116 0.14157095 0.15277255 0.12523377 0.16438904 0.16446804
 0.16559091 0.14610718 0.15945823 0.1387212  0.17110519 0.11921048
 0.12675598 0.14978978 0.15763209 0.11890055 0.1467736  0.18158535
 0.14352106 0.1694487  0.12854861 0.1557149  0.12101148 0.14420669
 0.15482866 0.11931492 0.16612383 0.14443301 0.14819203 0.17584083
 0.14451135 0.12765862 0.13527207 0.1335921  0.13141078 0.16106909
 0.15757774 0.15831782 0.15258111 0.14907533 0.14721023 0.13316319
 0.18036281 0.13318548 0.16263397 0.13762978 0.14404526 0.17932705
 0.16505193 0.14555551 0.13104861 0.15439602 0.13830363 0.16594313
 0.13343291 0.18275073 0.13964089 0.17622471 0.14783409 0.17273309
 0.17944843 0.15201008 0.13599537 0.13187444 0.16546821 0.13850905
 0.15333565 0.17275623 0.14517241 0.15536636 0.14646451 0.146645
 0.15839724 0.16110051 0.14690269 0.15172407 0.1508497  0.17322852
 0.16650957 0.14640579 0.16730374 0.14803096 0.16264869 0.12720397
 0.17163952 0.15588003 0.14603611 0.14431524 0.14822969 0.12069432
 0.15578608 0.17221767 0.13762625 0.14436636 0.13241101 0.13874526
 0.16629101 0.14481521]
charlie_repeat-2
BERT
[0.7804695  0.7828656  0.7857385  0.78844666 0.78171825 0.78589284
 0.7856122  0.7810789  0.78203833 0.78522927 0.78552824 0.7900782
 0.7915377  0.7810457  0.78794765 0.7853301  0.78707325 0.79136544
 0.78334725 0.782194   0.784539   0.7864544  0.7823395  0.78637815
 0.78321373 0.78447473 0.7889716  0.7897475  0.7850962  0.78483
 0.7903336  0.78327906 0.7870236  0.785863   0.7821525  0.78396976
 0.7877028  0.7842893  0.79056615 0.7894518  0.7856584  0.78436494
 0.78655934 0.7826963  0.78533417 0.78168225 0.7855926  0.78513736
 0.78387696 0.78261685 0.7888535  0.7805068  0.7844636  0.7805241
 0.78204507 0.7880693  0.788039   0.78634    0.7891815  0.78352207
 0.7853359  0.78462553 0.78512967 0.7815631  0.78472936 0.785733
 0.78270274 0.7852616  0.7843144  0.7828157  0.7863733  0.7853234
 0.7823604  0.7900595  0.78378725 0.7827327  0.7879527  0.78269744
 0.78186303 0.7819924  0.7830119  0.78479546 0.78974885 0.7818894
 0.788271   0.7864883  0.78229636 0.7832842  0.78244203 0.7879025
 0.7868376  0.7848342  0.78809303 0.78779286 0.7846327  0.7823299
 0.78019786 0.78309864 0.78169316 0.7904948  0.78321505 0.7848266
 0.7820385  0.78876776 0.78127635 0.7840736  0.7882304  0.78358626
 0.7806796  0.78741235 0.78518033 0.7843429  0.79194444 0.7802827
 0.7825376  0.7889575  0.785376   0.7847774  0.7849883  0.78525114
 0.7886671  0.7786587  0.784695   0.783773   0.7819398  0.78220356
 0.7833368  0.78048015 0.7890345  0.7825361  0.78917193 0.7857718
 0.78716797 0.7875912  0.78079104 0.7891597  0.78212494 0.78947055
 0.7858646  0.7902205  0.7854024  0.78571814 0.78294754 0.7803846
 0.78229094 0.7800495  0.7820162  0.7854096  0.7797115  0.7934778
 0.7835921  0.7859738  0.77983874 0.7892738  0.78216153 0.78374165
 0.7796594  0.78443426 0.7861912  0.7847801  0.78435314 0.7859235
 0.78298306 0.7823452  0.78515255 0.78773814 0.7841152  0.78662986
 0.7922916  0.7896363  0.7894105  0.78377    0.78436035 0.7850587
 0.783      0.7821305  0.786572   0.7808807  0.7861184  0.78608775
 0.78062344 0.78596014 0.7819265  0.78386676 0.7867591  0.7879481
 0.7926483  0.78174543 0.7823478  0.78694695 0.78424126 0.78471154
 0.7840911  0.7822448  0.7812499  0.7783086  0.78079724 0.7817073
 0.7847975  0.7862265 ]
[nltk_data] Downloading package wordnet to /mnt/iusers01/fse-
[nltk_data]     ugpgt01/compsci01/q12628ct/nltk_data...
[nltk_data]   Package wordnet is already up-to-date!
[nltk_data] Downloading package punkt_tab to /mnt/iusers01/fse-
[nltk_data]     ugpgt01/compsci01/q12628ct/nltk_data...
[nltk_data]   Package punkt_tab is already up-to-date!
[nltk_data] Downloading package omw-1.4 to /mnt/iusers01/fse-
[nltk_data]     ugpgt01/compsci01/q12628ct/nltk_data...
[nltk_data]   Package omw-1.4 is already up-to-date!
/mnt/iusers01/fse-ugpgt01/compsci01/q12628ct/.conda/envs/semantic-decoding/lib/python3.10/site-packages/huggingface_hub/file_download.py:945: FutureWarning: `resume_download` is deprecated and will be removed in version 1.0.0. Downloads always resume when possible. If you want to force a new download, use `force_download=True`.
  warnings.warn(
Some weights of the model checkpoint at roberta-large were not used when initializing RobertaModel: ['lm_head.layer_norm.weight', 'lm_head.bias', 'lm_head.dense.bias', 'lm_head.dense.weight', 'lm_head.layer_norm.bias']
- This IS expected if you are initializing RobertaModel from the checkpoint of a model trained on another task or with another architecture (e.g. initializing a BertForSequenceClassification model from a BertForPreTraining model).
- This IS NOT expected if you are initializing RobertaModel from the checkpoint of a model that you expect to be exactly identical (initializing a BertForSequenceClassification model from a BertForSequenceClassification model).
Some weights of RobertaModel were not initialized from the model checkpoint at roberta-large and are newly initialized: ['roberta.pooler.dense.weight', 'roberta.pooler.dense.bias']
You should probably TRAIN this model on a down-stream task to be able to use it for predictions and inference.
delta_repeat-1
WER
[-0.17920324 -0.20229012 -0.18775551 -0.19600687 -0.20276493 -0.16713225
 -0.18168028 -0.19992016 -0.18980628 -0.19703917 -0.19302832 -0.21417958
 -0.18424066 -0.19841947 -0.20253692 -0.16512738 -0.1705619  -0.20401975
 -0.18643893 -0.18729741 -0.1815122  -0.19475639 -0.20664393 -0.17466927
 -0.18318398 -0.21142184 -0.21541727 -0.18475447 -0.19280261 -0.20578739
 -0.19909572 -0.19872234 -0.18164891 -0.20461861 -0.17916853 -0.20968527
 -0.16029963 -0.16574712 -0.18619189 -0.16815224 -0.20791081 -0.16741859
 -0.18914213 -0.19208864 -0.18836632 -0.1738764  -0.18593756 -0.20306688
 -0.18453266 -0.20270658 -0.18018116 -0.20170468 -0.1967992  -0.18755199
 -0.17878534 -0.1983112  -0.19887282 -0.18596661 -0.1916825  -0.19309561
 -0.2116386  -0.16862161 -0.19732474 -0.18201602 -0.19323018 -0.18805358
 -0.19227755 -0.21549238 -0.20375288 -0.18426294 -0.19398487 -0.1902444
 -0.19311033 -0.21733578 -0.19428858 -0.18900342 -0.20653353 -0.21330525
 -0.19641733 -0.19652908 -0.20167283 -0.17896937 -0.1676699  -0.20167226
 -0.19204449 -0.17092072 -0.19931638 -0.18499071 -0.1640252  -0.14684971
 -0.18032849 -0.21109326 -0.18418214 -0.20021304 -0.19306057 -0.19435928
 -0.17367522 -0.18533335 -0.1933698  -0.17773027 -0.19970272 -0.1828759
 -0.19880311 -0.2059484  -0.18127927 -0.19413547 -0.1787824  -0.1824076
 -0.16176781 -0.19696086 -0.20856321 -0.1920086  -0.17021437 -0.1836833
 -0.19791427 -0.20154403 -0.22067632 -0.18436464 -0.18193529 -0.20525468
 -0.18789069 -0.19207948 -0.17958033 -0.19207935 -0.17350477 -0.20462271
 -0.18508562 -0.20355479 -0.194016   -0.18169937 -0.20588692 -0.18027951
 -0.20546928 -0.20631226 -0.20854938 -0.19504918 -0.20433149 -0.20215443
 -0.17737569 -0.19305945 -0.19731835 -0.19020713 -0.22083953 -0.18060635
 -0.18370704 -0.1796753  -0.18345837 -0.21017313 -0.17205315 -0.20523763
 -0.17848998 -0.17469242 -0.20242616 -0.17933924 -0.20194767 -0.20424899
 -0.20621796 -0.19676515 -0.18153709 -0.18885965 -0.20093445 -0.15919526
 -0.19802283 -0.18674089 -0.19408593 -0.19827084 -0.22100098 -0.19123786
 -0.20381369 -0.20097523 -0.2074453  -0.21527938 -0.18076505 -0.18701936
 -0.18835772 -0.1950404  -0.17660043 -0.21222818 -0.18528755 -0.20333808
 -0.19267907 -0.17870555 -0.19266258 -0.20613911 -0.17595467 -0.18187784
 -0.19359272 -0.18614909 -0.17780804 -0.19111383 -0.18510712 -0.19652113
 -0.21058017 -0.20085263 -0.21257159 -0.1733439  -0.17192568 -0.18968068
 -0.19501034 -0.18728762]
delta_repeat-1
BLEU
[0.22118551 0.14376708 0.16460207 0.17611928 0.17946169 0.24036563
 0.20494917 0.16076661 0.2014541  0.18975995 0.18829737 0.16628417
 0.22391609 0.1814425  0.16710656 0.18957722 0.21908516 0.22679632
 0.21182768 0.21438137 0.18150233 0.17593905 0.1382669  0.18921382
 0.19130333 0.14252386 0.17716144 0.17859042 0.1394144  0.1565589
 0.19332152 0.21640367 0.21452423 0.14834716 0.18623932 0.14640943
 0.2135705  0.22640052 0.18526787 0.18913724 0.12899474 0.19644344
 0.1676879  0.19355144 0.20401375 0.1847652  0.1788025  0.16828347
 0.22890778 0.17177525 0.19283531 0.18132588 0.19774095 0.19564738
 0.22039397 0.18782627 0.18648623 0.21365232 0.19789977 0.21389069
 0.15752818 0.20991563 0.18706443 0.17945774 0.16891588 0.16483896
 0.20730445 0.17277965 0.19231688 0.17398261 0.15643227 0.16292599
 0.15488123 0.17073094 0.15761242 0.17967775 0.17499633 0.18042296
 0.21626134 0.16197592 0.1356466  0.15836334 0.23403898 0.19998985
 0.15375653 0.19785935 0.13424728 0.16093803 0.22673168 0.21102512
 0.20978353 0.16771092 0.19873888 0.16509776 0.19949655 0.16252734
 0.21538129 0.18452213 0.19710178 0.20584008 0.17459539 0.22079137
 0.1647791  0.17184694 0.18298989 0.18644168 0.19934622 0.19192695
 0.20409505 0.19175077 0.18359159 0.18600605 0.20725456 0.17770357
 0.19697748 0.13614431 0.14676526 0.17468004 0.18803637 0.18714722
 0.18955045 0.19419787 0.21338711 0.14217368 0.17411491 0.18367174
 0.22185363 0.16902958 0.16044414 0.14113755 0.17792739 0.14860419
 0.17670092 0.14722263 0.15633183 0.18870979 0.16414921 0.16609993
 0.19185786 0.16426896 0.1916025  0.16434509 0.15457696 0.1855225
 0.183607   0.19675593 0.1846551  0.15133079 0.2075665  0.20803786
 0.18807477 0.20158359 0.18334086 0.20266701 0.19226814 0.16655223
 0.1541183  0.18915192 0.17813409 0.21167438 0.18410943 0.19882072
 0.15193804 0.19009688 0.17622202 0.20442948 0.14186143 0.16315713
 0.13652925 0.15506869 0.16212982 0.16364674 0.17717793 0.1899231
 0.18510105 0.17741096 0.20701948 0.172135   0.19567433 0.15269614
 0.179074   0.20475002 0.16997747 0.16268672 0.18313918 0.22105051
 0.15772174 0.17362636 0.18959959 0.17103632 0.23650632 0.16920505
 0.16513447 0.16645098 0.13871337 0.18644591 0.16924342 0.21232041
 0.17681141 0.22025282]
delta_repeat-1
METEOR
[0.20603833 0.14056891 0.1253695  0.15675852 0.1650908  0.20413091
 0.17766977 0.14244439 0.17579903 0.15287346 0.16833004 0.15510473
 0.16423514 0.15759054 0.14225952 0.15885219 0.17795228 0.18132088
 0.16348481 0.16750965 0.14858036 0.13856245 0.12841281 0.15289541
 0.14272048 0.11909938 0.14223387 0.16985684 0.12141257 0.13780313
 0.15570598 0.16296507 0.20122247 0.14268761 0.15519851 0.130466
 0.18927831 0.19337037 0.14156831 0.16077315 0.14092832 0.17031585
 0.13666175 0.15164479 0.17627989 0.14371766 0.15594112 0.15920439
 0.18087999 0.15149946 0.16877473 0.14277933 0.16722896 0.14431454
 0.19265386 0.1608811  0.18405015 0.18675688 0.16600658 0.17159958
 0.1456523  0.16672344 0.16962441 0.14867263 0.15302442 0.14848261
 0.17860877 0.14977434 0.15797849 0.1437533  0.12265821 0.14145768
 0.14903562 0.13647873 0.13234539 0.14230222 0.15658617 0.1654213
 0.18566446 0.14553747 0.13169007 0.13698315 0.18476543 0.18284192
 0.1329274  0.17700678 0.12749563 0.13616893 0.17375739 0.16902558
 0.17344733 0.13870319 0.17220531 0.14104078 0.1727404  0.12282697
 0.18192045 0.1493335  0.18661606 0.13202616 0.14032258 0.18363722
 0.1479759  0.13792309 0.15033906 0.16072219 0.17761701 0.16928572
 0.15222626 0.17575797 0.15842576 0.15019961 0.16921368 0.14688824
 0.19212149 0.11491167 0.12452017 0.14318679 0.1718799  0.16999659
 0.17694989 0.17000759 0.18240898 0.11065243 0.16308078 0.15116887
 0.16625501 0.1341426  0.14426385 0.11740397 0.152807   0.11507295
 0.15397034 0.13008326 0.14952558 0.19094861 0.13480131 0.13370301
 0.16310632 0.13565224 0.16897262 0.1293633  0.14410559 0.1400367
 0.15131886 0.1704157  0.16568953 0.12038509 0.16910626 0.18334482
 0.15116226 0.16558353 0.16303349 0.16571375 0.1497181  0.14027181
 0.13534168 0.13360617 0.16163955 0.19004642 0.16113121 0.19063162
 0.14448147 0.15418864 0.15282234 0.17441116 0.13346484 0.13563101
 0.12324948 0.11918759 0.12458931 0.15210034 0.14764442 0.17324248
 0.14605151 0.16142018 0.19108206 0.13815316 0.15869038 0.13656509
 0.1551023  0.16440816 0.14233928 0.16206529 0.18998602 0.1699351
 0.12923688 0.14485172 0.1562443  0.15700619 0.19197987 0.14698371
 0.14580345 0.12803617 0.12328435 0.14614323 0.14721442 0.1626157
 0.16087762 0.17082   ]
delta_repeat-1
BERT
[0.7986009  0.80302495 0.7946675  0.8021685  0.79857653 0.8085939
 0.8067642  0.79406124 0.8041419  0.8041879  0.79624456 0.7926446
 0.8041858  0.804506   0.7944195  0.8038278  0.80922616 0.80431116
 0.8031243  0.8004912  0.797048   0.7960525  0.7911696  0.80422574
 0.8078829  0.79762703 0.79703176 0.7992572  0.79370975 0.79431164
 0.8055296  0.80310506 0.79898655 0.7980785  0.796737   0.7975185
 0.8054455  0.80242604 0.80072105 0.81118995 0.794933   0.8006521
 0.7974326  0.8008622  0.80713505 0.8105597  0.8011929  0.7984321
 0.80659413 0.79841864 0.79687035 0.79757655 0.80594784 0.7986175
 0.8013964  0.80339366 0.8039884  0.80783844 0.805004   0.80263484
 0.79434603 0.8040181  0.7935294  0.80181897 0.80282074 0.7966212
 0.8053743  0.80493796 0.80741066 0.8047986  0.7947423  0.7978162
 0.80429024 0.80084157 0.79378754 0.8021097  0.7930536  0.80069596
 0.8123539  0.8009672  0.8018109  0.7982733  0.8135564  0.80599034
 0.7960359  0.80640525 0.7955035  0.8006306  0.80184275 0.80870855
 0.79718304 0.7981492  0.80244994 0.7988716  0.8067264  0.79207945
 0.80127066 0.80401474 0.8074753  0.79998237 0.79784113 0.8080652
 0.797069   0.800978   0.79686505 0.79527974 0.80160075 0.80287284
 0.8079207  0.803035   0.80393386 0.7984983  0.8068302  0.8093166
 0.7962912  0.796392   0.7978682  0.798727   0.8095184  0.80453545
 0.79475486 0.8011656  0.8071012  0.79644656 0.7935005  0.7974314
 0.8035409  0.8007426  0.8006474  0.79356635 0.7947608  0.79355675
 0.80054146 0.7929946  0.79146796 0.79359967 0.79735297 0.79714894
 0.7975499  0.79814446 0.802474   0.79806274 0.79984653 0.799684
 0.7999691  0.8084191  0.80024076 0.795181   0.8040954  0.8026564
 0.79653436 0.8046087  0.804384   0.79621285 0.7967789  0.7967637
 0.7939683  0.8033643  0.8024383  0.80230516 0.8092424  0.8067132
 0.79650646 0.8053801  0.7981103  0.80410767 0.7942883  0.7963605
 0.79625666 0.7966907  0.7974077  0.7965174  0.80293685 0.79435545
 0.794659   0.80407137 0.8125999  0.7940052  0.7942555  0.7921899
 0.7981778  0.80589175 0.8039234  0.798851   0.8051222  0.79976505
 0.7945915  0.800311   0.80816185 0.7975005  0.8026803  0.7985328
 0.7927541  0.80274314 0.797526   0.7991318  0.8043883  0.79928833
 0.7987405  0.7996269 ]
[nltk_data] Downloading package wordnet to /mnt/iusers01/fse-
[nltk_data]     ugpgt01/compsci01/q12628ct/nltk_data...
[nltk_data]   Package wordnet is already up-to-date!
[nltk_data] Downloading package punkt_tab to /mnt/iusers01/fse-
[nltk_data]     ugpgt01/compsci01/q12628ct/nltk_data...
[nltk_data]   Package punkt_tab is already up-to-date!
[nltk_data] Downloading package omw-1.4 to /mnt/iusers01/fse-
[nltk_data]     ugpgt01/compsci01/q12628ct/nltk_data...
[nltk_data]   Package omw-1.4 is already up-to-date!
/mnt/iusers01/fse-ugpgt01/compsci01/q12628ct/.conda/envs/semantic-decoding/lib/python3.10/site-packages/huggingface_hub/file_download.py:945: FutureWarning: `resume_download` is deprecated and will be removed in version 1.0.0. Downloads always resume when possible. If you want to force a new download, use `force_download=True`.
  warnings.warn(
Some weights of the model checkpoint at roberta-large were not used when initializing RobertaModel: ['lm_head.bias', 'lm_head.dense.weight', 'lm_head.dense.bias', 'lm_head.layer_norm.bias', 'lm_head.layer_norm.weight']
- This IS expected if you are initializing RobertaModel from the checkpoint of a model trained on another task or with another architecture (e.g. initializing a BertForSequenceClassification model from a BertForPreTraining model).
- This IS NOT expected if you are initializing RobertaModel from the checkpoint of a model that you expect to be exactly identical (initializing a BertForSequenceClassification model from a BertForSequenceClassification model).
Some weights of RobertaModel were not initialized from the model checkpoint at roberta-large and are newly initialized: ['roberta.pooler.dense.bias', 'roberta.pooler.dense.weight']
You should probably TRAIN this model on a down-stream task to be able to use it for predictions and inference.
delta_repeat-2
WER
[-0.23249824 -0.24988271 -0.22932482 -0.24871247 -0.25433076 -0.23668866
 -0.24185102 -0.23682539 -0.23335394 -0.22471149 -0.21901215 -0.25293138
 -0.24299267 -0.23946895 -0.23751804 -0.22679064 -0.20287805 -0.21711687
 -0.23619264 -0.26502085 -0.23946517 -0.22423887 -0.24210647 -0.23963439
 -0.2424269  -0.22438483 -0.2355632  -0.23097536 -0.21975489 -0.23324171
 -0.25106557 -0.22066575 -0.24937171 -0.23857314 -0.23435403 -0.2458293
 -0.25565981 -0.2284643  -0.2477469  -0.24169377 -0.23388044 -0.26589427
 -0.22364974 -0.22808775 -0.23728538 -0.22156618 -0.2406287  -0.23247881
 -0.2513196  -0.24332019 -0.26180798 -0.20730317 -0.23601051 -0.27915865
 -0.25015833 -0.2467159  -0.22402782 -0.22107041 -0.24742991 -0.24804302
 -0.23092383 -0.24087512 -0.24236257 -0.26291699 -0.23556538 -0.23961035
 -0.243344   -0.22715348 -0.26427699 -0.24413935 -0.22205293 -0.24349561
 -0.2276563  -0.23654532 -0.22442337 -0.22942665 -0.22918774 -0.23167062
 -0.24955868 -0.22744375 -0.24883337 -0.21729729 -0.26649007 -0.2018558
 -0.26355546 -0.24648346 -0.21329031 -0.24768415 -0.24198094 -0.24192074
 -0.24034185 -0.2419429  -0.22436202 -0.23393308 -0.23878941 -0.25607234
 -0.2389361  -0.24030038 -0.21979477 -0.23936754 -0.24015517 -0.2336664
 -0.22761681 -0.23867085 -0.2339139  -0.22172997 -0.21257137 -0.24020685
 -0.25733901 -0.24649144 -0.24033414 -0.25097799 -0.22550629 -0.24642664
 -0.23038361 -0.24411549 -0.2426046  -0.24416553 -0.25169147 -0.23609547
 -0.23548923 -0.24750799 -0.22229434 -0.24544034 -0.25779382 -0.25279628
 -0.22526216 -0.23137515 -0.22626653 -0.24021618 -0.23532134 -0.24997683
 -0.23548608 -0.20148433 -0.25409808 -0.24893926 -0.21720181 -0.22065578
 -0.25974107 -0.24547079 -0.22707721 -0.25776167 -0.23985361 -0.2368723
 -0.25107471 -0.23782212 -0.24210717 -0.21029971 -0.21619038 -0.22870582
 -0.25329536 -0.24099647 -0.26840583 -0.23795165 -0.25580843 -0.21883021
 -0.20342276 -0.23715369 -0.24941869 -0.2393026  -0.22784066 -0.23908335
 -0.22607591 -0.24326919 -0.21968644 -0.24512098 -0.22677636 -0.23434791
 -0.26603099 -0.24731182 -0.24281754 -0.20375188 -0.22206262 -0.2373195
 -0.25542246 -0.25529783 -0.23464344 -0.23967725 -0.25726337 -0.2246933
 -0.26040996 -0.25877005 -0.25516006 -0.23610267 -0.22966311 -0.22656972
 -0.22523623 -0.25140635 -0.27122368 -0.23727987 -0.23604609 -0.24750089
 -0.22641859 -0.23474273 -0.25440443 -0.2474581  -0.23524003 -0.25440478
 -0.22902634 -0.22260934]
delta_repeat-2
BLEU
[0.16443175 0.15943076 0.19136544 0.1900148  0.15723323 0.20280748
 0.21393905 0.18410371 0.16689543 0.23018408 0.21022839 0.17178049
 0.16428905 0.19921242 0.16362042 0.23063673 0.19729461 0.1873626
 0.19545396 0.16451613 0.16416181 0.1979121  0.18272384 0.20369268
 0.17524627 0.17702975 0.18929858 0.19745557 0.20473868 0.189143
 0.17244542 0.2158813  0.16202155 0.20073536 0.18649912 0.15952303
 0.17821275 0.18172028 0.16237327 0.21306524 0.20290507 0.13890222
 0.17482915 0.18758029 0.19739644 0.20023246 0.194292   0.16097715
 0.17704373 0.18394536 0.12455695 0.20839865 0.19571117 0.12915932
 0.1710104  0.20671632 0.20590359 0.17488655 0.17000067 0.15459443
 0.21187556 0.20001961 0.18543569 0.15100031 0.20021808 0.20451768
 0.17624258 0.17846264 0.15055876 0.1864041  0.20773125 0.15790298
 0.20893146 0.19207474 0.19132286 0.18625998 0.18989023 0.19329623
 0.18760171 0.16230152 0.16358069 0.19377658 0.13294705 0.18872313
 0.14386379 0.16689919 0.19764629 0.16561966 0.17663558 0.22042867
 0.19384665 0.13732636 0.22133663 0.164209   0.19241317 0.1889786
 0.20516243 0.15803626 0.18949633 0.1840576  0.21297724 0.18770926
 0.13932821 0.18531247 0.18443899 0.21726837 0.17205222 0.22679024
 0.15225338 0.16828092 0.18544447 0.16027899 0.21224826 0.18939847
 0.20061377 0.20912115 0.21039926 0.15633775 0.15674336 0.1801317
 0.22763524 0.1947398  0.2071843  0.16171695 0.19993586 0.16704564
 0.2013861  0.18425542 0.18649152 0.17227406 0.1732455  0.1681957
 0.19075506 0.1946762  0.1523314  0.21707685 0.19977541 0.20503153
 0.18939831 0.14382452 0.20514658 0.14552696 0.19090069 0.1699352
 0.16674683 0.1577926  0.14447111 0.20596544 0.19832219 0.20197988
 0.1579233  0.16517935 0.13987782 0.17573289 0.16483814 0.19512041
 0.18906881 0.18828946 0.19953108 0.16350663 0.17459877 0.18224816
 0.1977708  0.16681925 0.17599159 0.20410172 0.19843667 0.18148577
 0.14443188 0.16253867 0.17472235 0.21038789 0.17462875 0.16308728
 0.16648333 0.18136047 0.16932783 0.18932198 0.14825495 0.21649627
 0.17662672 0.17513961 0.13743746 0.18057885 0.18623055 0.20177176
 0.21170527 0.19551506 0.14625288 0.15312929 0.14358519 0.14258923
 0.19628203 0.19621488 0.1340295  0.18268784 0.1919727  0.20875229
 0.20382292 0.17587652]
delta_repeat-2
METEOR
[0.14323552 0.14381962 0.14888834 0.1725829  0.1570308  0.17339375
 0.16714776 0.15917493 0.15181418 0.19437204 0.1775127  0.15974483
 0.14199221 0.17179313 0.16568998 0.21218338 0.17447    0.15026921
 0.17014935 0.14714952 0.15090413 0.17768911 0.16674062 0.16799789
 0.17218376 0.16563704 0.15374084 0.16809161 0.18228447 0.16576788
 0.15700118 0.18053977 0.15499457 0.16841476 0.15118146 0.16325286
 0.17403408 0.17486063 0.15176943 0.19309726 0.19316425 0.12214411
 0.16264117 0.17450926 0.17075333 0.17704204 0.14792962 0.15121673
 0.14796076 0.14736579 0.12521984 0.17025805 0.17071734 0.11836506
 0.15223184 0.1654869  0.15871491 0.14869883 0.14501124 0.13357636
 0.19324583 0.16500369 0.17499744 0.150652   0.16753133 0.19041046
 0.18045377 0.15662281 0.1242782  0.16839603 0.18831775 0.14731902
 0.17751499 0.16393268 0.18878046 0.17110177 0.16239742 0.14382143
 0.15592974 0.15926938 0.13825188 0.17390908 0.12520767 0.1735235
 0.13325157 0.15514217 0.17987413 0.16595815 0.16921187 0.17882052
 0.14474284 0.13955698 0.18530671 0.15162013 0.1575093  0.14641145
 0.18960877 0.13353073 0.18580388 0.14192139 0.18037667 0.14950281
 0.1281728  0.15704451 0.14669359 0.17796954 0.15443369 0.18923799
 0.14351771 0.14898387 0.16500751 0.15221789 0.18513809 0.15993545
 0.17970536 0.17744309 0.17670568 0.15327172 0.14563458 0.16335907
 0.17563257 0.17790988 0.18778329 0.14983652 0.16144063 0.1242801
 0.16359144 0.1541175  0.1580715  0.16650414 0.13709658 0.16220896
 0.16511378 0.15719466 0.14482791 0.19122916 0.17743331 0.16603471
 0.15487823 0.13147658 0.17508203 0.13699713 0.16245834 0.13719321
 0.14017002 0.12910243 0.13221424 0.18253955 0.16972228 0.17420304
 0.13988313 0.16420324 0.13612486 0.13813496 0.1640856  0.16053016
 0.17404687 0.16870751 0.16793168 0.1527669  0.16881818 0.15502288
 0.17547427 0.16691889 0.1604335  0.16293553 0.17832477 0.17160403
 0.12572647 0.14310563 0.14921372 0.19364759 0.14872888 0.13397178
 0.15162245 0.15325389 0.14436828 0.1423108  0.11841628 0.19175672
 0.15833234 0.17582624 0.14020776 0.15630269 0.16704523 0.18249785
 0.19210223 0.17368185 0.12487715 0.15730041 0.1357632  0.13605565
 0.15894527 0.1692538  0.12170172 0.1482283  0.16147    0.18701297
 0.17145584 0.14488862]
delta_repeat-2
BERT
[0.8014253  0.79618144 0.80614007 0.80693203 0.79647166 0.8026674
 0.80546474 0.8003709  0.79833055 0.80605155 0.80720234 0.80000603
 0.7959751  0.8134557  0.80355847 0.8074639  0.79957765 0.79932284
 0.8068194  0.7996681  0.79879695 0.80096    0.80223864 0.8079968
 0.8053202  0.8082052  0.8038343  0.80541664 0.80684495 0.8064379
 0.8046238  0.8058239  0.80701715 0.8070302  0.8022564  0.8013633
 0.803419   0.8041579  0.7960945  0.80662525 0.80381626 0.79846054
 0.79424864 0.8037435  0.80246747 0.7997972  0.7970288  0.79551584
 0.7940686  0.81180733 0.79340696 0.80326116 0.80037475 0.7936103
 0.7953972  0.7995473  0.8018713  0.8034762  0.7940306  0.7920202
 0.80467784 0.7954247  0.8108311  0.8085982  0.79952127 0.8062819
 0.797312   0.80359864 0.7949708  0.80028534 0.80195355 0.7952468
 0.80378014 0.8068139  0.8097496  0.8022085  0.7909494  0.8056974
 0.7978591  0.8036267  0.79949737 0.8024483  0.7990999  0.8036473
 0.796125   0.8028795  0.80325305 0.8052308  0.8037153  0.8060167
 0.8068766  0.7946688  0.808987   0.79386866 0.7971004  0.79685116
 0.8052217  0.7961313  0.8052791  0.8046615  0.80645823 0.7996705
 0.7953947  0.8009713  0.80342865 0.7978953  0.7982698  0.8054961
 0.79545325 0.79415345 0.7979182  0.8055347  0.80566037 0.80405825
 0.8118392  0.81048846 0.80368114 0.79718643 0.7967881  0.80030924
 0.8044777  0.80580866 0.81049764 0.80726326 0.79859775 0.7907219
 0.8033688  0.79656184 0.80362606 0.79979455 0.8000361  0.79576826
 0.7995158  0.8003981  0.7976482  0.8048366  0.80599606 0.8094227
 0.80143905 0.79279345 0.7913525  0.794965   0.8050771  0.7934564
 0.7997871  0.8025251  0.79387885 0.79997605 0.8106814  0.8057183
 0.80003834 0.808275   0.7978036  0.8027648  0.80838513 0.80151683
 0.804956   0.8022549  0.800651   0.804337   0.8041697  0.7952428
 0.80936974 0.8056601  0.8014324  0.8064074  0.79861134 0.80016625
 0.7927817  0.7976437  0.79913545 0.80561    0.7945432  0.8060918
 0.8022807  0.80152416 0.80072033 0.79223305 0.79459167 0.8104069
 0.795687   0.8021728  0.8015729  0.79936695 0.80552006 0.8013319
 0.80854446 0.7938801  0.79675406 0.7985114  0.7974042  0.7953269
 0.80681294 0.80399173 0.79720426 0.79892254 0.8078935  0.8065944
 0.8045327  0.79432315]
[nltk_data] Downloading package wordnet to /mnt/iusers01/fse-
[nltk_data]     ugpgt01/compsci01/q12628ct/nltk_data...
[nltk_data]   Package wordnet is already up-to-date!
[nltk_data] Downloading package punkt_tab to /mnt/iusers01/fse-
[nltk_data]     ugpgt01/compsci01/q12628ct/nltk_data...
[nltk_data]   Package punkt_tab is already up-to-date!
[nltk_data] Downloading package omw-1.4 to /mnt/iusers01/fse-
[nltk_data]     ugpgt01/compsci01/q12628ct/nltk_data...
[nltk_data]   Package omw-1.4 is already up-to-date!
/mnt/iusers01/fse-ugpgt01/compsci01/q12628ct/.conda/envs/semantic-decoding/lib/python3.10/site-packages/huggingface_hub/file_download.py:945: FutureWarning: `resume_download` is deprecated and will be removed in version 1.0.0. Downloads always resume when possible. If you want to force a new download, use `force_download=True`.
  warnings.warn(
Some weights of the model checkpoint at roberta-large were not used when initializing RobertaModel: ['lm_head.layer_norm.bias', 'lm_head.layer_norm.weight', 'lm_head.dense.weight', 'lm_head.dense.bias', 'lm_head.bias']
- This IS expected if you are initializing RobertaModel from the checkpoint of a model trained on another task or with another architecture (e.g. initializing a BertForSequenceClassification model from a BertForPreTraining model).
- This IS NOT expected if you are initializing RobertaModel from the checkpoint of a model that you expect to be exactly identical (initializing a BertForSequenceClassification model from a BertForSequenceClassification model).
Some weights of RobertaModel were not initialized from the model checkpoint at roberta-large and are newly initialized: ['roberta.pooler.dense.bias', 'roberta.pooler.dense.weight']
You should probably TRAIN this model on a down-stream task to be able to use it for predictions and inference.
echo_repeat-1
WER
[-0.02887564 -0.03600779 -0.03848061 -0.03721789 -0.04041673 -0.03808238
 -0.03925069 -0.03580672 -0.03775512 -0.04787966 -0.04031167 -0.04101458
 -0.0187737  -0.04855579 -0.0378787  -0.04092712 -0.02870961 -0.01738219
 -0.0355014  -0.03426627 -0.0333833  -0.02431325 -0.03396797 -0.03163939
 -0.02924233 -0.03421023 -0.04405926 -0.03585835 -0.04264869 -0.03460661
 -0.03447977 -0.04281321 -0.02447329 -0.01484745 -0.02730087 -0.03211467
 -0.04501622 -0.04324909 -0.04518638 -0.03455836 -0.04560985 -0.04223329
 -0.03826832 -0.01897441 -0.03491068 -0.03808046 -0.03582068 -0.05522288
 -0.03047341 -0.03127822 -0.03651179 -0.0335133  -0.02795384 -0.04848499
 -0.02889097 -0.03840818 -0.02860404 -0.03668095 -0.03574673 -0.04160221
 -0.04007507 -0.04954806 -0.05151458 -0.02851418 -0.03906611 -0.02810311
 -0.03220219 -0.03989933 -0.04353995 -0.03328283 -0.03691862 -0.05020509
 -0.03046935 -0.02902959 -0.02084813 -0.03372939 -0.03655921 -0.0363641
 -0.04481901 -0.02029769 -0.04033037 -0.03855913 -0.026737   -0.0170323
 -0.0395403  -0.04290383 -0.01819823 -0.02834482 -0.03735047 -0.04265829
 -0.03865765 -0.02789157 -0.03015224 -0.04392301 -0.03910893 -0.02414356
 -0.03483839 -0.04161506 -0.03612206 -0.01792366 -0.03360634 -0.02475623
 -0.05007177 -0.03623131 -0.04036512 -0.03492757 -0.02059051 -0.04168862
 -0.02707494 -0.0319524  -0.03873636 -0.0173708  -0.03315275 -0.03751175
 -0.05631776 -0.03818055 -0.01964985 -0.05169486 -0.03101143 -0.03033039
 -0.03775251 -0.03074579 -0.04337104 -0.02748541 -0.03217996 -0.02919544
 -0.04085599 -0.03426544 -0.04592589 -0.02251386 -0.00914168 -0.02596891
 -0.02821248 -0.05188192 -0.03193882 -0.03731578 -0.02929103 -0.0332237
 -0.03420016 -0.04234509 -0.02706047 -0.02791434 -0.03144712 -0.05098791
 -0.02430781 -0.01879825 -0.03919177 -0.02874543 -0.04684198 -0.04097432
 -0.0370969  -0.0365825  -0.04145802 -0.03129758 -0.04723578 -0.05012293
 -0.04764888 -0.03754301 -0.02299578 -0.03882644 -0.02916045 -0.04223083
 -0.02703859 -0.02682773 -0.04005303 -0.03325475 -0.01962107 -0.02684058
 -0.00837585 -0.0328472  -0.02918201 -0.03836995 -0.03564294 -0.0342698
 -0.03436086 -0.02217843 -0.04002878 -0.04759501 -0.03329212 -0.02690689
 -0.02091201 -0.03978546 -0.03792613 -0.03317053 -0.02674966 -0.03622531
 -0.04845972 -0.04463092 -0.02848257 -0.02171782 -0.01774479 -0.03638318
 -0.02411771 -0.04148167 -0.03272048 -0.03491293 -0.0495063  -0.01730303
 -0.03212045 -0.03947098]
echo_repeat-1
BLEU
[0.15306417 0.18337563 0.1531224  0.1275043  0.17792414 0.12421798
 0.13746279 0.15816798 0.10709679 0.13595163 0.18350339 0.16067625
 0.15313896 0.12376083 0.12916845 0.15473904 0.16643662 0.19149789
 0.16879658 0.17763913 0.16143553 0.16778778 0.11613724 0.1577425
 0.15938751 0.17133964 0.13531276 0.20211226 0.13731071 0.18059757
 0.18080416 0.12413241 0.14041303 0.17876684 0.19270254 0.16397655
 0.13025688 0.16000394 0.19225335 0.12583987 0.1534026  0.17802475
 0.17357714 0.16833595 0.1822952  0.16990172 0.19214225 0.14051669
 0.14827756 0.14891339 0.17489699 0.17223753 0.1611669  0.17442559
 0.15280879 0.18613093 0.17147396 0.15189407 0.17368821 0.15860311
 0.14453385 0.14743684 0.14984755 0.17414478 0.15601587 0.17351477
 0.16370426 0.11939695 0.15347071 0.17514449 0.14637129 0.12127958
 0.17822166 0.15522839 0.16629892 0.1721205  0.18177163 0.18036626
 0.12790501 0.18471381 0.14661728 0.14101639 0.19262218 0.19700973
 0.14412158 0.16473968 0.18429917 0.16896806 0.18724398 0.16201561
 0.17351302 0.17142898 0.1699028  0.16200461 0.16830806 0.19669486
 0.14032134 0.13867275 0.14775938 0.21116297 0.15439314 0.15344035
 0.18888396 0.14167185 0.15252677 0.18828164 0.16775539 0.16839491
 0.19920641 0.17646578 0.14652706 0.17946601 0.12764355 0.17354346
 0.12734473 0.16169819 0.13970417 0.11949392 0.16146917 0.13817927
 0.13484535 0.14568913 0.13738109 0.15932448 0.16808259 0.15126147
 0.1532562  0.14385994 0.1211265  0.1950588  0.18744445 0.16855012
 0.15399099 0.13538573 0.16660909 0.14290829 0.14981694 0.15541138
 0.16729878 0.1667397  0.17334754 0.1548053  0.16845898 0.14699071
 0.17393436 0.16195423 0.15000205 0.16047421 0.16110941 0.15535567
 0.137811   0.11756966 0.1542024  0.1815567  0.16483477 0.15136661
 0.14216983 0.16948006 0.15258861 0.15964653 0.17187307 0.16427127
 0.16055501 0.17721793 0.14593933 0.1878233  0.20321815 0.16418695
 0.15581064 0.16850611 0.17194196 0.15881627 0.1505663  0.15696226
 0.15822617 0.19039679 0.11615081 0.1512073  0.16661232 0.12859897
 0.17378195 0.14475877 0.16593113 0.16439631 0.17868744 0.17871978
 0.14985034 0.1049752  0.15960346 0.15439331 0.20356263 0.14756347
 0.19350199 0.17828046 0.15346047 0.15727864 0.15578766 0.16613255
 0.18611284 0.15958023]
echo_repeat-1
METEOR
[0.10964935 0.11579309 0.11122778 0.09255007 0.12233327 0.08346042
 0.09208617 0.10726721 0.08572312 0.09029361 0.12626696 0.10922584
 0.10833566 0.0958883  0.09239911 0.1091889  0.1217325  0.12598201
 0.11040062 0.12345345 0.10113032 0.10484272 0.07665712 0.0990772
 0.11423934 0.11582127 0.08455945 0.13010002 0.09330494 0.12394333
 0.12781196 0.09307934 0.09433803 0.11321687 0.12383218 0.1086512
 0.08301189 0.11330622 0.12335088 0.08310548 0.09831505 0.10738398
 0.11273396 0.10582992 0.11408066 0.11577594 0.11862847 0.08271304
 0.10473836 0.08614702 0.11638003 0.12031127 0.10874536 0.10573239
 0.11690327 0.13780668 0.10466724 0.10561367 0.11085583 0.10285955
 0.11219686 0.10370074 0.10252984 0.09865027 0.10652144 0.11466131
 0.11422532 0.10107065 0.09539134 0.10703729 0.10014194 0.08827231
 0.12518151 0.11638912 0.12945921 0.11028114 0.12160554 0.1185928
 0.095021   0.11884877 0.11034292 0.10032718 0.12154952 0.12151439
 0.10062404 0.09550144 0.12812921 0.1097668  0.11612818 0.10716149
 0.10527746 0.12317447 0.11397026 0.10344888 0.1113867  0.12415298
 0.09196551 0.09686132 0.09194125 0.12905413 0.08503344 0.10673478
 0.11181621 0.10403151 0.10528558 0.10904763 0.09568092 0.10066938
 0.12339692 0.13009398 0.09902223 0.11310896 0.07934641 0.11355421
 0.09439629 0.10573791 0.09699206 0.08810446 0.09509916 0.09845691
 0.08955577 0.10706698 0.08181473 0.09466039 0.11225746 0.09553982
 0.09572046 0.09427177 0.08849478 0.13571063 0.125027   0.10571293
 0.10535579 0.09577958 0.10457008 0.10232075 0.09372017 0.10731318
 0.10445603 0.09985909 0.12599357 0.10127114 0.10222127 0.10259326
 0.11511741 0.10606727 0.09783289 0.10688074 0.10874214 0.11208283
 0.08819472 0.08381023 0.10097063 0.11887114 0.09781675 0.09930029
 0.09518376 0.11289873 0.10317784 0.0925525  0.11921614 0.10791915
 0.10133441 0.12672624 0.08730067 0.1410615  0.13072008 0.10803169
 0.10561963 0.10727162 0.12046451 0.12009871 0.10833007 0.10840793
 0.11232615 0.12141818 0.07149822 0.09209641 0.12468104 0.07997949
 0.11036266 0.09720437 0.1037345  0.1096525  0.09863682 0.11040682
 0.09389711 0.07418523 0.10723235 0.10626709 0.12138819 0.09572725
 0.10954567 0.11306398 0.09411417 0.10179214 0.09590514 0.10280065
 0.12169731 0.09791732]
echo_repeat-1
BERT
[0.7810041  0.7835974  0.7798007  0.7836236  0.78177977 0.7826046
 0.78181803 0.7766476  0.77911013 0.77466124 0.78678674 0.7821974
 0.782095   0.77945626 0.78155935 0.7850405  0.78055304 0.7880576
 0.78170955 0.7828921  0.78106886 0.78392774 0.7801952  0.78523153
 0.7783665  0.7771336  0.7804643  0.7830365  0.7764445  0.77881694
 0.78484195 0.77875257 0.7846932  0.7815084  0.78265995 0.7808409
 0.7780621  0.7782718  0.77857894 0.7838528  0.7784517  0.7758726
 0.78166974 0.7829893  0.77836126 0.7788477  0.781493   0.7822947
 0.7835581  0.77728796 0.7808301  0.781567   0.7818876  0.7831687
 0.7815349  0.78583854 0.77874494 0.77899116 0.78095764 0.78629416
 0.7770036  0.7795216  0.77874154 0.78168225 0.78141963 0.78122646
 0.7842531  0.77857566 0.7844799  0.7822379  0.78198737 0.7789598
 0.7808822  0.779223   0.78182536 0.7786258  0.7849446  0.7802432
 0.77989227 0.784938   0.78401566 0.78033215 0.7793518  0.7834921
 0.7772467  0.78065354 0.78026944 0.77602434 0.778176   0.7771951
 0.77877    0.78587353 0.78254867 0.7837426  0.78048867 0.78701335
 0.78728884 0.78183234 0.77775264 0.7828616  0.7850242  0.7858238
 0.78394663 0.77889454 0.77947956 0.7825775  0.78044236 0.7833899
 0.7850459  0.7844281  0.7797155  0.779547   0.7880718  0.7841103
 0.77913576 0.7778365  0.7838691  0.77910846 0.7793103  0.78041476
 0.779267   0.7827714  0.78133595 0.778324   0.7802642  0.77892184
 0.78162634 0.7805771  0.77910584 0.7866808  0.782851   0.78289145
 0.7818289  0.7776276  0.7831897  0.77868533 0.7821538  0.77903074
 0.77630603 0.7813656  0.7799337  0.7764841  0.78227776 0.77922153
 0.7796427  0.78180385 0.7785195  0.78001064 0.7785313  0.7853802
 0.77937406 0.77852684 0.7803168  0.78256327 0.78007495 0.7776412
 0.7812326  0.7817549  0.78140044 0.7779584  0.7821018  0.7771934
 0.7822894  0.7813724  0.77962565 0.7817973  0.7820368  0.78271174
 0.7842124  0.77884454 0.7807687  0.78116536 0.7803654  0.78556293
 0.7827084  0.7853009  0.7783685  0.7757145  0.78791904 0.78019804
 0.7811274  0.78111947 0.78060764 0.7830703  0.78092694 0.7807915
 0.78093255 0.77876294 0.78012943 0.7780581  0.7830003  0.7832366
 0.78325284 0.78198594 0.781597   0.78242755 0.78256804 0.78648776
 0.77752674 0.7811432 ]
[nltk_data] Downloading package wordnet to /mnt/iusers01/fse-
[nltk_data]     ugpgt01/compsci01/q12628ct/nltk_data...
[nltk_data]   Package wordnet is already up-to-date!
[nltk_data] Downloading package punkt_tab to /mnt/iusers01/fse-
[nltk_data]     ugpgt01/compsci01/q12628ct/nltk_data...
[nltk_data]   Package punkt_tab is already up-to-date!
[nltk_data] Downloading package omw-1.4 to /mnt/iusers01/fse-
[nltk_data]     ugpgt01/compsci01/q12628ct/nltk_data...
[nltk_data]   Package omw-1.4 is already up-to-date!
/mnt/iusers01/fse-ugpgt01/compsci01/q12628ct/.conda/envs/semantic-decoding/lib/python3.10/site-packages/huggingface_hub/file_download.py:945: FutureWarning: `resume_download` is deprecated and will be removed in version 1.0.0. Downloads always resume when possible. If you want to force a new download, use `force_download=True`.
  warnings.warn(
Some weights of the model checkpoint at roberta-large were not used when initializing RobertaModel: ['lm_head.layer_norm.weight', 'lm_head.dense.bias', 'lm_head.dense.weight', 'lm_head.bias', 'lm_head.layer_norm.bias']
- This IS expected if you are initializing RobertaModel from the checkpoint of a model trained on another task or with another architecture (e.g. initializing a BertForSequenceClassification model from a BertForPreTraining model).
- This IS NOT expected if you are initializing RobertaModel from the checkpoint of a model that you expect to be exactly identical (initializing a BertForSequenceClassification model from a BertForSequenceClassification model).
Some weights of RobertaModel were not initialized from the model checkpoint at roberta-large and are newly initialized: ['roberta.pooler.dense.bias', 'roberta.pooler.dense.weight']
You should probably TRAIN this model on a down-stream task to be able to use it for predictions and inference.
echo_repeat-2
WER
[-0.07665763 -0.07649293 -0.07080581 -0.07281992 -0.06994769 -0.07870568
 -0.06842588 -0.07656674 -0.0706066  -0.0736513  -0.06241205 -0.06152949
 -0.07300619 -0.07645136 -0.07709404 -0.07107668 -0.07072485 -0.07904252
 -0.07261689 -0.0745307  -0.07061944 -0.06993808 -0.07997471 -0.06458266
 -0.05676075 -0.0635895  -0.06731295 -0.06733362 -0.0561078  -0.07177243
 -0.06129825 -0.06421048 -0.06208013 -0.0784194  -0.07408942 -0.05962326
 -0.05355338 -0.07096347 -0.08782357 -0.06862872 -0.06884257 -0.0643598
 -0.06268139 -0.07137188 -0.05097782 -0.07475134 -0.0738428  -0.07813121
 -0.04069552 -0.05881133 -0.06351059 -0.07043217 -0.06917891 -0.05876051
 -0.06126547 -0.07561979 -0.05941724 -0.07241958 -0.06170963 -0.05085089
 -0.07097539 -0.05908961 -0.08155826 -0.06850509 -0.06208285 -0.07108737
 -0.07423511 -0.08134458 -0.04748246 -0.06772504 -0.05559378 -0.07508864
 -0.08021157 -0.08033079 -0.06617029 -0.07109596 -0.07749721 -0.06520688
 -0.0685844  -0.07134239 -0.08161096 -0.08058789 -0.06545305 -0.07115863
 -0.07305901 -0.05001453 -0.06141736 -0.06646092 -0.08559927 -0.08497676
 -0.07396217 -0.07733212 -0.08147439 -0.07489804 -0.07568818 -0.07280109
 -0.06999433 -0.06054834 -0.07309377 -0.06644105 -0.08634932 -0.05309466
 -0.06683777 -0.07292571 -0.0854467  -0.06176104 -0.06819984 -0.06318825
 -0.06483088 -0.04455202 -0.06612918 -0.06071939 -0.07976119 -0.07961769
 -0.04731794 -0.05535162 -0.05946043 -0.08258568 -0.07793703 -0.06460578
 -0.06375589 -0.07625057 -0.06907919 -0.05978378 -0.05805481 -0.0518215
 -0.07680831 -0.07648167 -0.06289797 -0.06721522 -0.07547947 -0.07563113
 -0.08330455 -0.07613829 -0.06725153 -0.05585074 -0.08382989 -0.08038494
 -0.05785585 -0.08075694 -0.08803129 -0.06526674 -0.07739293 -0.07664559
 -0.06233169 -0.08658177 -0.05512095 -0.05704694 -0.07173129 -0.04980198
 -0.06792853 -0.06782518 -0.06480891 -0.05758026 -0.05946106 -0.06543207
 -0.05990902 -0.08146379 -0.07201645 -0.06469065 -0.08169395 -0.07096536
 -0.05797517 -0.06903983 -0.07130806 -0.05006001 -0.07020296 -0.07691037
 -0.08419464 -0.06048304 -0.06625995 -0.08092682 -0.07443547 -0.05168717
 -0.06200569 -0.06861431 -0.07725645 -0.0681386  -0.0642972  -0.04563887
 -0.06170252 -0.06518902 -0.06021322 -0.07354018 -0.07915099 -0.06156289
 -0.07166322 -0.07011578 -0.07383781 -0.06535537 -0.07306658 -0.06329369
 -0.06998528 -0.07124271 -0.07120244 -0.06958553 -0.04978    -0.05734035
 -0.07617992 -0.06284385]
echo_repeat-2
BLEU
[0.12641683 0.11555169 0.11914765 0.14812209 0.19303121 0.14275127
 0.14184832 0.14751391 0.14974049 0.15772883 0.17705361 0.19076792
 0.14390518 0.15884072 0.15010366 0.1230986  0.15019403 0.1586943
 0.15266436 0.13745778 0.15676613 0.14386955 0.16293435 0.1658387
 0.17657855 0.15630534 0.14705094 0.17290916 0.16505092 0.17654204
 0.18697755 0.19712439 0.20540839 0.13409789 0.19234595 0.14548271
 0.17743811 0.15277674 0.16119098 0.18755509 0.13967453 0.15546453
 0.16493729 0.14202887 0.15131248 0.2054651  0.17029666 0.1304886
 0.21036221 0.16034509 0.20412065 0.16062208 0.16307818 0.15077232
 0.18150322 0.16681494 0.17528976 0.14336249 0.15224676 0.15513504
 0.15905353 0.18879759 0.14754675 0.18684772 0.19039666 0.14475873
 0.14600277 0.14253996 0.18234706 0.15979596 0.16863396 0.14387935
 0.13167717 0.14563113 0.15084758 0.14087906 0.16523832 0.17704312
 0.17027541 0.15452722 0.13969682 0.1420608  0.16328074 0.1583095
 0.14019542 0.17593455 0.15033111 0.1873721  0.14556226 0.1425753
 0.14934509 0.1562373  0.15630604 0.17182826 0.15515552 0.16142887
 0.17767689 0.15614637 0.1668544  0.16887712 0.12214216 0.17891405
 0.17900035 0.17093619 0.15067776 0.20722591 0.16921793 0.17940151
 0.18187836 0.20067944 0.1889697  0.13133295 0.14874329 0.13670499
 0.20301409 0.16366352 0.14160372 0.13623822 0.15295501 0.16392194
 0.13193787 0.15834163 0.13590213 0.17167823 0.16577722 0.16759269
 0.12286373 0.14754746 0.16130476 0.16806422 0.15202836 0.13810667
 0.13287907 0.15843893 0.13391223 0.20075065 0.14797532 0.2040493
 0.17290255 0.15826746 0.12370306 0.19411598 0.15058979 0.15564382
 0.15086847 0.10230796 0.1835801  0.17172508 0.17196203 0.18869475
 0.15081056 0.14830854 0.17416533 0.16638141 0.19075038 0.18440178
 0.15666353 0.13882732 0.17280757 0.16273549 0.16580972 0.16453359
 0.18011319 0.19146662 0.17362499 0.16725075 0.13957858 0.17278036
 0.14675663 0.14689955 0.15731452 0.18522774 0.14169218 0.19602396
 0.15522287 0.14140581 0.15047304 0.17844274 0.17111758 0.16467172
 0.17872838 0.15049082 0.16551443 0.17440333 0.14394125 0.16543043
 0.15062697 0.12707577 0.16289953 0.15260535 0.17547458 0.15980081
 0.15134149 0.14397313 0.12096277 0.17162934 0.16147832 0.19323394
 0.13625871 0.19328599]
echo_repeat-2
METEOR
[0.08599685 0.07957579 0.07716438 0.10108044 0.12031022 0.11255849
 0.1144838  0.10978507 0.10246778 0.11464423 0.12933344 0.1406778
 0.10934218 0.10147415 0.09398118 0.08320556 0.10996952 0.09720443
 0.09647962 0.09991399 0.11269529 0.10513462 0.09705918 0.10675393
 0.11219016 0.10817037 0.1118816  0.11399094 0.11266172 0.10744611
 0.11306115 0.13327745 0.13827558 0.10295848 0.1180445  0.09925466
 0.13182858 0.09833001 0.10387157 0.13205869 0.09634836 0.09581154
 0.10674069 0.10302674 0.09803969 0.13325572 0.11053063 0.08041479
 0.1358352  0.1048593  0.14575223 0.09876773 0.10373523 0.10765076
 0.1297457  0.10621223 0.10852337 0.0882173  0.10268861 0.10301838
 0.10854474 0.12895799 0.12321327 0.11955802 0.13087095 0.09887027
 0.10249308 0.09329051 0.11537654 0.1058625  0.10620044 0.09998085
 0.09210434 0.08979949 0.10356867 0.09802673 0.11471314 0.11607059
 0.10559145 0.09772155 0.1152056  0.10192372 0.10696859 0.09103465
 0.0925249  0.10957895 0.09016996 0.14424908 0.09519848 0.11351706
 0.11207005 0.10076491 0.10382142 0.10241441 0.10279753 0.1072917
 0.12379633 0.0949847  0.10014796 0.10875375 0.09235675 0.11114008
 0.12116658 0.10850616 0.09419878 0.13767746 0.11452771 0.11804404
 0.11910538 0.12312577 0.13900877 0.10075565 0.10639692 0.09661721
 0.13446404 0.11082152 0.09050013 0.10652026 0.10582607 0.11917028
 0.09173772 0.10453372 0.09150924 0.11854011 0.09643419 0.10229681
 0.08937148 0.09963551 0.12232246 0.12710328 0.1097317  0.08784051
 0.0943191  0.10118047 0.09281039 0.14011182 0.10178211 0.12796384
 0.10848628 0.10305203 0.11278434 0.13504834 0.10894564 0.10316804
 0.10650967 0.09723177 0.1188966  0.10373926 0.11046169 0.12192732
 0.10943392 0.10930018 0.12647538 0.10712587 0.13377722 0.12951108
 0.10437405 0.09093845 0.10370567 0.11754777 0.11780965 0.1155185
 0.10767731 0.12571193 0.11691609 0.1109114  0.09933724 0.10294535
 0.0875337  0.10267015 0.11163674 0.11838445 0.0957891  0.12974136
 0.10987909 0.09216508 0.10539326 0.12502132 0.1096054  0.10728493
 0.13387267 0.10495446 0.10338142 0.11612373 0.10808619 0.12271425
 0.1012157  0.10570612 0.10399742 0.10539754 0.11460215 0.10031357
 0.09737999 0.09472873 0.07975946 0.11514611 0.1088799  0.13105192
 0.09812587 0.13039718]
echo_repeat-2
BERT
[0.7820486  0.7764884  0.78007364 0.77670705 0.7817245  0.7785819
 0.77959865 0.7803066  0.78110206 0.7852197  0.78342366 0.7880599
 0.7812021  0.7798316  0.78038627 0.7784923  0.77576125 0.78166294
 0.78033644 0.7823757  0.7786406  0.779969   0.783088   0.7778849
 0.78008384 0.7793401  0.78177774 0.7840802  0.7813878  0.7790523
 0.7824772  0.78566456 0.78087306 0.7819001  0.78250325 0.78614146
 0.7841213  0.7775607  0.7784138  0.7846083  0.7816657  0.7776851
 0.778388   0.7802314  0.7818434  0.7836313  0.78168887 0.7784005
 0.7848448  0.7836902  0.78237414 0.7795376  0.78453034 0.7798501
 0.7833132  0.7838946  0.78344375 0.7799756  0.77827734 0.7823786
 0.78785276 0.78656983 0.7819491  0.78214717 0.7823606  0.7817414
 0.77792287 0.7802252  0.7851277  0.78112215 0.78134674 0.7802833
 0.7767969  0.77652377 0.7834923  0.7822541  0.78478146 0.7840148
 0.78338784 0.77966774 0.7778566  0.7790181  0.7844366  0.7807699
 0.7795029  0.7779316  0.7795011  0.7855102  0.7797382  0.7786737
 0.7819882  0.7801202  0.7798066  0.78077626 0.7808038  0.7843182
 0.77589035 0.7816101  0.78330165 0.78585505 0.7808042  0.78335804
 0.7874295  0.7772247  0.7814326  0.78001267 0.78214115 0.785955
 0.7813021  0.78487086 0.78283215 0.7767439  0.78229976 0.77860117
 0.7798138  0.77945274 0.78140354 0.7781744  0.78184295 0.7858401
 0.784087   0.78111666 0.7809979  0.7828729  0.779145   0.7817634
 0.7797794  0.7795174  0.7866611  0.7799569  0.7782517  0.77968335
 0.77815366 0.7776595  0.780779   0.7816217  0.7787303  0.78135693
 0.783705   0.7808542  0.77755314 0.78216505 0.7799025  0.77893424
 0.77875805 0.77715784 0.78379244 0.7812697  0.78464675 0.7847357
 0.7810162  0.78330034 0.7856635  0.7818736  0.78379244 0.7854486
 0.7760771  0.7792133  0.78028244 0.7863389  0.7823438  0.7800993
 0.7856556  0.78171486 0.7833022  0.78091824 0.7800763  0.7832403
 0.77938837 0.7782858  0.78422856 0.7847914  0.7795503  0.78633106
 0.7842021  0.77880925 0.78683174 0.7819758  0.7801273  0.78292346
 0.7784891  0.7862169  0.7825019  0.7828092  0.7844856  0.7836394
 0.7817879  0.7791749  0.77737296 0.77700263 0.78341985 0.7812817
 0.77936447 0.7795697  0.78287303 0.78026825 0.7848547  0.78577757
 0.78050745 0.77836335]
